Ship: Árni Friðriksson
ShipCap: 45000
Init no-port distance matrix wall time: 120 s
Set parameter Username
Set parameter LicenseID to value 2738882
Academic license - for non-commercial use only - expires 2026-11-14
Set parameter LogToConsole to value 1
Set parameter LazyConstraints to value 1
Gurobi Optimizer version 13.0.0 build v13.0.0rc1 (linux64 - "Debian GNU/Linux 13 (trixie)")

CPU model: AMD Ryzen 9 5950X 16-Core Processor, instruction set [SSE2|AVX|AVX2]
Thread count: 16 physical cores, 32 logical processors, using up to 4 threads

Non-default parameters:
Threads  4
LazyConstraints  1

Optimize a model with 2905 rows, 1350244 columns and 2701650 nonzeros (Min)
Model fingerprint: 0xb0529087
Model has 1347920 linear objective coefficients
Variable types: 0 continuous, 1350244 integer (1350244 binary)
Coefficient statistics:
  Matrix range     [1e+00, 1e+00]
  Objective range  [3e-01, 1e+05]
  Bounds range     [1e+00, 1e+00]
  RHS range        [1e+00, 1e+00]
Presolve removed 581 rows and 1743 columns
Presolve time: 1.45s
Presolved: 2324 rows, 1348501 columns, 2698164 nonzeros
Variable types: 0 continuous, 1348501 integer (1348501 binary)
Root relaxation presolved: 2325 rows, 1348501 columns, 2698172 nonzeros

Deterministic concurrent LP optimizer: primal simplex, dual simplex, and barrier
Showing barrier log only...

Root barrier log...

Ordering time: 0.04s

Barrier statistics:
 AA' NZ     : 1.351e+06
 Factor NZ  : 2.256e+06 (roughly 600 MB of memory)
 Factor Ops : 2.729e+09 (less than 1 second per iteration)
 Threads    : 2

                  Objective                Residual
Iter       Primal          Dual         Primal    Dual     Compl     Time
   0   2.32387027e+10 -3.58371511e+10  1.05e+03 1.46e-11  7.15e+04     4s
   1   1.83823746e+09 -2.16383159e+10  1.84e+02 2.65e+04  1.73e+04     4s
   2   3.34748265e+08 -2.12835411e+09  4.12e+01 1.12e+03  2.62e+03     5s

Barrier performed 2 iterations in 4.63 seconds (6.50 work units)
Barrier solve interrupted - model solved by another algorithm

Concurrent spin time: 0.11s (can be avoided by choosing Method=3)

Solved with dual simplex

Root relaxation: objective 3.250078e+03, 7901 iterations, 1.82 seconds (1.79 work units)

    Nodes    |    Current Node    |     Objective Bounds      |     Work
 Expl Unexpl |  Obj  Depth IntInf | Incumbent    BestBd   Gap | It/Node Time

     0     0 3250.07764    0  947          - 3250.07764      -     -    5s
     0     0 3277.12259    0  992          - 3277.12259      -     -    9s
     0     0 3283.40721    0 1421          - 3283.40721      -     -   10s
     0     0 3304.56517    0 1065          - 3304.56517      -     -   17s
     0     0 3306.60528    0 1255          - 3306.60528      -     -   20s
     0     0 3306.60528    0 1255          - 3306.60528      -     -   22s
     0     0 3306.60528    0 1109          - 3306.60528      -     -   23s
     0     0 3306.62787    0 1109          - 3306.62787      -     -   41s
     0     2 3309.53592    0 1090          - 3309.53592      -     -   46s
    18    28 3312.65171    5 1064          - 3309.72428      -  11.9   50s
    52    54 3325.83337    9 1080          - 3309.72428      -  20.2   55s
    83    88 3335.15708   13 1004          - 3309.72428      -  18.5   60s
   105   110 3354.99648   15 1022          - 3309.72428      -  25.7   66s
   140   153 3362.86011   21  678          - 3309.72428      -  24.1   70s
   189   200 3373.21564   31  637          - 3309.72428      -  23.2   75s
   235   246 3377.07273   41  385          - 3309.72428      -  23.3   82s
   262   281 3382.78589   44  451          - 3309.72428      -  23.6   86s
   325   350 3387.85697   57  470          - 3309.72428      -  21.9   91s
   377   382 3396.78989   66  270          - 3309.72428      -  20.7   95s
   389   412 3395.81035   67  372          - 3309.72428      -  20.8  101s
   444   482 3402.31093   79  290          - 3309.72428      -  20.0  106s
   527   586 3406.46535   88  256          - 3309.72428      -  18.6  113s
   585   590 3409.71047   99  214          - 3309.72428      -  17.6  116s
   642   713 3419.59829  105  243          - 3309.72428      -  17.1  123s
   712   771 3424.48947  115  168          - 3309.72428      -  16.3  126s
   782   819 3427.04821  122  188          - 3309.72428      -  15.6  130s
   896   913 3435.90270  134  147          - 3309.90097      -  15.0  136s
   983   994 3439.78854  153  100          - 3309.90097      -  15.0  143s
  1016  1016 3443.63049  164   96          - 3310.29999      -  15.1  147s
  1044  1069 3354.78376    8  936          - 3310.29999      -  15.1  150s
  1095  1070 3397.82554   96 1109          - 3310.29999      -  15.2  175s
  1097  1071 3326.21973   10 1065          - 3314.91187      -  15.2  195s
  1098  1072 3404.13811   83 1130          - 3347.30875      -  15.1  201s
  1099  1073 3396.20301   87 1119          - 3347.59600      -  15.1  207s
  1100  1073 3378.08956   41 1120          - 3347.59600      -  15.1  219s
  1101  1074 3384.54872   49 1236          - 3349.58461      -  15.1  263s
  1103  1075 3370.75492   25 1148          - 3357.68247      -  15.1  270s
  1104  1076 3358.58981    8  898          - 3358.58981      -  15.1  294s
  1105  1077 3387.15698   48 1053          - 3367.64572      -  15.0  299s
  1106  1077 3392.65586   33 1130          - 3368.43428      -  15.0  303s
  1107  1078 3397.05952   69 1217          - 3368.43428      -  15.0  306s
  1108  1079 3422.02145  109 1196          - 3368.43428      -  15.0  312s
  1109  1079 3396.81169   60 1106          - 3368.56191      -  15.0  315s
  1112  1081 3383.97721   41 1010          - 3369.22216      -  14.9  324s
  1113  1082 3421.89178   97 1030          - 3369.97600      -  14.9  325s
  1118  1086 3388.16748   58  988          - 3369.97600      -  26.6  340s
  1120  1088 3397.38223   93  944          - 3369.97600      -  26.6  347s
  1121  1088 3369.97600   21  945          - 3369.97600      -  26.5  353s
  1122  1089 3434.60150  169  918          - 3371.22640      -  26.5  396s
  1126  1092 3375.33051    6 1103          - 3375.33051      -  26.4  419s
  1128  1093 3387.99367   25 1099          - 3387.99367      -  26.4  423s
  1129  1094 3388.07392    4 1058          - 3388.07392      -  26.4  427s
  1130  1094 3388.07392   29 1114          - 3388.07392      -  26.3  430s
  1131  1095 3428.35483  125 1056          - 3388.07392      -  26.3  437s
  1132  1096 3388.07392   12 1114          - 3388.07392      -  26.3  440s
  1134  1097 3388.07392   44 1112          - 3388.07392      -  26.2  447s
  1135  1098 3398.83679   70 1055          - 3388.07392      -  26.2  451s
  1137  1099 3388.07392   27 1055          - 3388.07392      -  26.2  458s
  1138  1100 3388.07392   35 1114          - 3388.07392      -  26.2  461s
  1142  1104 3441.07972  157 1109          - 3388.07392      -  34.4  467s
  1144  1105 3388.16748   58 1019          - 3388.07392      -  34.3  480s
  1146  1107 3388.07392   27  906          - 3388.07392      -  34.3  486s
  1148  1108 3440.61841  154  995          - 3388.07392      -  34.2  494s
  1149  1109 3434.54145  126 1090          - 3388.07392      -  34.2  540s
  1152  1111 3394.48139   25 1027          - 3394.48139      -  34.1  550s
  1155  1113 3408.28660   81 1078          - 3398.85704      -  34.0  572s
  1157  1114 3444.73192  174 1212          - 3400.84082      -  33.9  575s
  1158  1115 3442.16993  160 1185          - 3400.93111      -  33.9  582s
  1159  1115 3400.93111   20 1190          - 3400.93111      -  33.9  585s
  1162  1117 3400.93111   30 1197          - 3400.93111      -  33.8  591s
  1166  1120 3417.99210  105 1052          - 3400.93111      -  33.7  596s
  1170  1123 3433.69594  166 1049          - 3400.93111      -  33.6  600s
  1175  1127 3420.33567  105  907          - 3400.93111      -  42.5  617s
  1176  1128 3401.03393  105 1053          - 3400.93111      -  42.4  621s
  1178  1129 3400.93111   26  952          - 3400.93111      -  42.4  627s
  1179  1130 3400.93111    8  959          - 3400.93111      -  42.3  630s
  1180  1131 3400.93111   24  962          - 3400.93111      -  42.3  637s
  1181  1131 3400.93111   29 1258          - 3400.93111      -  42.2  655s
  1184  1133 3420.68721   95 1134          - 3409.08914      -  42.1  664s
  1185  1134 3424.32612  106 1145          - 3409.08914      -  42.1  667s
  1186  1135 3410.77404   22  976          - 3410.77404      -  42.1  672s
  1187  1135 3410.77404  116  984          - 3410.77404      -  42.0  676s
  1189  1137 3410.77404   20 1028          - 3410.77404      -  42.0  681s
  1190  1137 3410.77404   18  966          - 3410.77404      -  41.9  719s
  1195  1142 3410.89339   96 1109          - 3410.89339      -  49.2  722s
  1197  1143 3410.89339   10  952          - 3410.89339      -  49.2  735s
  1199  1145 3412.58804   87  916          - 3412.58804      -  49.1  743s
  1200  1145 3413.20596   41  940          - 3413.20596      -  49.0  746s
  1201  1146 3413.29625   49  948          - 3413.29625      -  49.0  750s
  1202  1147 3413.29625   16  969          - 3413.29625      -  49.0  757s
  1203  1147 3413.42187   25 1057          - 3413.42187      -  48.9  810s
  1206  1149 3417.16577   33 1083          - 3417.16577      -  48.8  840s
  1209  1151 3418.63804   60 1103          - 3418.63804      -  48.7  845s
  1212  1153 3418.92546   41 1085          - 3418.92546      -  48.6  851s
  1216  1156 3418.92546   41 1089          - 3418.92546      -  48.4  855s
  1221  1159 3418.92546   21 1096          - 3418.92546      -  48.2  860s
  1227  1165 3440.22096  141 1109          - 3418.92546      -  57.0  866s
  1229  1166 3418.92546    4  964          - 3418.92546      -  56.9  881s
  1230  1167 3418.92546   29 1060          - 3418.92546      -  56.9  886s
  1231  1168 3428.35483  125 1038          - 3418.96112      -  56.8  890s
  1233  1169 3419.80441   18 1054          - 3419.80441      -  56.7  900s
  1234  1170 3420.35785   44 1172          - 3420.35785      -  56.7  926s
  1236  1171 3420.63608   31 1170          - 3420.63608      -  56.6  934s
  1237  1172 3420.63608   27 1191          - 3420.63608      -  56.5  938s
  1238  1172 3420.91666   35 1217          - 3420.91666      -  56.5  942s
  1239  1173 3420.91666   13 1333          - 3420.91666      -  56.4  947s
  1240  1174 3420.91666   94 1141          - 3420.91666      -  56.4  950s
  1244  1176 3420.91666   58 1126          - 3420.91666      -  56.2  956s
  1245  1177 3435.48884  146 1126          - 3435.48884      -  56.2 1021s
  1246  1181 3435.48884   70 1090          - 3435.48884      -  63.3 1047s
  1271  1205 3447.93383   75  826          - 3435.48884      -  62.8 1050s
  1305  1222 3443.10541   79  860          - 3435.48884      -  62.4 1055s
  1331  1247 3446.87221   83  770          - 3435.48884      -  62.2 1060s
  1371  1266 3449.03248   87 1053          - 3435.48884      -  61.0 1065s
  1401  1300 3454.64275   91 1043          - 3435.48884      -  60.0 1070s
  1439  1311 3457.72110   96  880          - 3435.48884      -  58.8 1075s
  1481  1339 3458.31274  101  817          - 3435.48884      -  57.8 1082s
  1485  1362 3458.72271  101  827          - 3435.48884      -  57.7 1085s
  1546  1404 3461.75358  108  624          - 3435.48884      -  56.2 1091s
  1605  1449 3468.76846  116  602          - 3435.48884      -  54.8 1096s
  1662  1483 3469.31009  121  534          - 3435.48884      -  53.6 1100s
  1720  1499 3471.58213  129  494          - 3435.48884      -  52.4 1107s
  1724  1505 3471.41898  129  489          - 3435.48884      -  52.3 1110s
  1761  1554 3474.70726  134  421          - 3435.48884      -  51.7 1115s
  1844  1625 3477.77411  144  369          - 3435.48884      -  50.0 1122s
  1892  1656 3479.01353  149  295          - 3435.48884      -  49.1 1125s
  1986  1729 3480.24784  159  178          - 3435.48884      -  47.4 1133s
  2043  1714 3483.11999  167  121          - 3435.48884      -  46.4 1137s
  2047  1772 3482.78038  168  159          - 3435.48884      -  46.3 1142s
  2106  1799 3484.68313  176  160          - 3435.48884      -  45.4 1145s
  2153  1847 3485.75188  181  258          - 3435.48884      -  44.8 1150s
  2217  1902 3490.31067  189  109          - 3435.48884      -  43.9 1155s
  2293  1951 3493.84971  198   70          - 3435.48884      -  42.8 1160s
  2369  2001 3504.80089  209  109          - 3435.48884      -  41.8 1166s
  2458  2044 3513.33153  218   48          - 3435.48884      -  40.8 1172s
  2545  2086 3524.08058  226    -          - 3435.48884      -  39.9 1177s
  2631  2088 3538.31465  238   67          - 3435.48884      -  39.0 1183s
  2661  2141 3538.44271  239   45          - 3435.48884      -  38.7 1188s
  2740  2130 3551.68206  251   56          - 3435.48884      -  37.9 1192s
  2762  2183 3554.79487  251  132          - 3435.48884      -  37.8 1198s
  2830  2229 3560.86373  262   21          - 3435.48884      -  37.4 1203s
  2906  2273 3568.49994  270   84          - 3435.48884      -  36.8 1209s
  2978  2315 3578.81981  281  174          - 3435.48884      -  36.4 1214s
  3051  2301 3592.81674  291   29          - 3435.48884      -  36.1 1219s
  3055  2363 3593.84994  291   10          - 3435.48884      -  36.0 1225s
  3136  2414 3616.56210  300    -          - 3435.48884      -  35.5 1231s
  3215  2470 3464.18156   75 1143          - 3435.48884      -  35.2 1237s
  3293  2536 3475.57773   84  708          - 3435.48884      -  34.8 1243s
  3385  2579 3480.22613   94  601          - 3435.48884      -  34.3 1249s
  3478  2574 3487.24173  105  661          - 3435.48884      -  33.8 1254s
  3498  2662 3490.25178  105  691          - 3435.48884      -  33.8 1261s
  3591  2635 3494.45009  117  596          - 3435.48884      -  33.4 1267s
  3595  2727 3494.63797  118  579          - 3435.48884      -  33.4 1273s
  3690  2786 3498.72416  130  433          - 3435.48884      -  33.0 1280s
  3786  2829 3503.23759  142  334          - 3435.48884      -  32.6 1286s
  3882  2885 3508.97957  154  137          - 3435.48884      -  32.1 1293s
  3976  2945 3514.32283  166   38          - 3435.48884      -  31.8 1299s
  4072  2967 3519.02039  178    -          - 3435.48884      -  31.4 1304s
  4149  3019 3528.42376  187   33          - 3435.48884      -  31.3 1310s
  4236  3072 3534.82361  199  157          - 3435.48884      -  31.1 1316s
  4332  3092 3542.95943  207   49          - 3435.48884      -  30.8 1321s
  4405  3137 3558.50393  218   82          - 3435.48884      -  30.6 1327s
  4469  3128 3565.15390  230    -          - 3435.48884      -  30.4 1331s
  4496  3137 3471.98503   82  866          - 3435.48884      -  30.4 1337s
  4516  3206 3473.35091   83  833          - 3435.48884      -  30.4 1343s
  4585  3259 3480.94799   87  830          - 3435.48884      -  30.4 1349s
  4661  3315 3487.85880   96  730          - 3435.48884      -  30.2 1355s
  4743  3292 3498.56501  107  741          - 3435.48884      -  30.1 1361s
  4747  3367 3499.54470  108  651          - 3435.48884      -  30.1 1367s
  4823  3419 3504.93462  112  472          - 3435.48884      -  30.1 1373s
  4893  3493 3508.95698  118  408          - 3435.48884      -  30.2 1379s
  4975  3588 3514.96858  121  427          - 3435.48884      -  30.1 1385s
  5064  3682 3516.81558  127  394          - 3435.48884      -  29.9 1391s
  5160  3777 3522.69649  136  321          - 3435.48884      -  29.6 1397s
  5256  3868 3524.69592  146   69          - 3435.48884      -  29.3 1403s
  5352  3956 3526.33437  150  177          - 3435.48884      -  29.1 1409s
  5441  3962 3529.05114  160   75          - 3435.48884      -  28.9 1415s
  5445  3966 3529.73919  160   22          - 3435.48884      -  28.9 1421s
  5449  4044 3528.99232  160   45          - 3435.48884      -  28.9 1427s
  5537  4113 3530.92006  165   37          - 3440.18663      -  28.7 1433s
  5613  4194 3539.64886  170   71          - 3440.18663      -  28.6 1439s
  5688  4275 3550.54874  177   34          - 3440.18663      -  28.6 1444s
  5773  4355 3551.68814  181   38          - 3440.18663      -  28.5 1450s
  5851  4423 3552.70835  183   40          - 3440.18663      -  28.4 1455s
  5929  4432 3566.21249  191   38          - 3440.18663      -  28.2 1460s
  5933  4513 3566.20227  190   20          - 3440.18663      -  28.2 1466s
  6024  4582 3568.52319  198   28          - 3440.18663      -  28.2 1472s
  6120  4675 3571.30684  203  120          - 3440.18663      -  27.9 1479s
  6213  4756 3572.62515  208   81          - 3441.93452      -  27.8 1485s
  6300  4815 3588.40641  214   27          - 3442.01837      -  27.7 1490s
  6382  4920 3479.47011   79  911          - 3442.01837      -  27.6 1496s
  6472  4994 3493.56306   89  722          - 3442.01837      -  27.5 1502s
  6554  5060 3500.11763   98  692          - 3442.01837      -  27.5 1508s
  6634  5073 3501.83539  103  665          - 3442.01837      -  27.4 1513s
  6638  5160 3502.54560  104  598          - 3442.01837      -  27.4 1520s
  6725  5249 3507.47702  110  600          - 3442.01837      -  27.3 1526s
  6814  5337 3512.80755  119  430          - 3442.01837      -  27.2 1532s
  6908  5364 3519.41433  126  525          - 3442.01837      -  27.1 1536s
  6932  5368 3519.43481  127  560          - 3442.01837      -  27.2 1544s
  6936  5461 3521.57721  127  525          - 3442.01837      -  27.2 1550s
  7031  5555 3527.80943  136  266          - 3442.01837      -  27.0 1556s
  7126  5569 3531.53133  143  178          - 3442.01837      -  27.0 1562s
  7153  5638 3532.72992  143  150          - 3442.01837      -  26.9 1568s
  7231  5725 3541.78410  145  210          - 3442.01837      -  27.0 1574s
  7322  5821 3544.62502  151  157          - 3442.01837      -  26.9 1579s
  7414  5900 3551.13216  160  127          - 3442.01837      -  26.8 1585s
  7500  5992 3553.86345  166  191          - 3442.01837      -  26.8 1591s
  7596  6009 3561.02885  172  183          - 3442.01837      -  26.6 1596s
  7609  6104 3560.14358  174  134          - 3442.01837      -  26.6 1602s
  7704  6184 3566.52959  181   59          - 3442.01837      -  26.5 1607s
  7800  6268 3567.53684  191   45          - 3442.01837      -  26.3 1613s
  7896  6352 3570.21267  193  108          - 3442.01837      -  26.2 1617s
  7992  6413 3575.87176  202  215          - 3442.01837      -  26.0 1623s
  8084  6484 3582.45865  213    7          - 3442.01837      -  25.9 1627s
  8170  6573 3586.75804  218   58          - 3442.01837      -  25.8 1633s
  8253  6664 3591.33219  227   63          - 3442.01837      -  25.8 1639s
  8338  6727 3592.55321  230   22          - 3442.01837      -  25.7 1645s
  8427  6791 3599.94672  232   18          - 3442.01837      -  25.6 1650s
  8500  6888 3598.28727  240   50          - 3442.01837      -  25.5 1656s
  8586  6958 3601.88274  247  132          - 3442.01837      -  25.4 1661s
  8676  6972 3603.23552  253   61          - 3442.01837      -  25.3 1667s
  8680  7044 3604.57489  252   40          - 3442.01837      -  25.3 1672s
  8768  7108 3607.16665  257   10          - 3442.01837      -  25.2 1678s
  8864  7182 3610.84232  264   40          - 3442.01837      -  25.0 1683s
  8946  7260 3500.68345   74  692          - 3442.01837      -  25.0 1688s
  9028  7343 3512.74229   82  769          - 3442.01837      -  24.9 1693s
  9120  7433 3519.44721   88  718          - 3442.01837      -  24.8 1699s
  9215  7513 3522.66383   93  763          - 3442.01837      -  24.7 1704s
  9302  7586 3525.99636  100  738          - 3442.01837      -  24.6 1709s
  9386  7654 3530.50894  102  877          - 3442.01837      -  24.5 1713s
  9471  7666 3533.69854  105  807          - 3442.01837      -  24.4 1719s
  9475  7708 3535.94350  105  733          - 3442.01837      -  24.4 1724s
  9553  7794 3546.43961  111  618          - 3442.22899      -  24.4 1729s
  9628  7877 3546.87678  114  701          - 3442.22899      -  24.4 1734s
  9709  7934 3553.55878  118  505          - 3442.22899      -  24.3 1739s
  9796  8013 3559.06506  125  493          - 3442.22899      -  24.2 1744s
  9870  8097 3561.35699  132  447          - 3442.22899      -  24.1 1750s
  9957  8105 3568.95709  141  396          - 3442.22899      -  24.0 1757s
  9961  8160 3567.62458  141  383          - 3442.22899      -  24.0 1764s
 10024  8168 3568.23219  142  379          - 3442.22899      -  24.0 1769s
 10028  8227 3569.21035  142  333          - 3442.22899      -  24.0 1775s
 10111  8285 3569.53633  148  252          - 3442.22899      -  23.9 1780s
 10195  8347 3571.47445  150  242          - 3442.22899      -  23.9 1786s
 10254  8435 3577.45189  156  179          - 3443.32826      -  23.9 1792s
 10334  8516 3575.51718  159  146          - 3443.32826      -  23.9 1798s
 10415  8594 3581.51019  167  124          - 3443.32826      -  23.9 1804s
 10493  8669 3583.16836  173   14          - 3443.32826      -  23.8 1810s
 10576  8677 3590.70612  181   68          - 3443.32826      -  23.8 1816s
 10580  8747 3589.31922  180   41          - 3443.32826      -  23.8 1822s
 10666  8851 3597.46013  189   15          - 3443.32826      -  23.8 1829s
 10762  8931 3600.96538  195   43          - 3443.32826      -  23.7 1835s
 10842  9027 3602.55360  205  126          - 3443.32826      -  23.7 1841s
 10938  9099 3606.06291  216   61          - 3443.32826      -  23.6 1847s
 11018  9178 3617.94695  224   62          - 3443.32826      -  23.6 1854s
 11093  9242 3618.61749  231    7          - 3443.32826      -  23.6 1860s
 11173  9254 3620.51102  233   27          - 3443.32826      -  23.6 1866s
 11177  9335 3621.22560  234   46          - 3443.32826      -  23.6 1872s
 11272  9419 3630.32026  241    7          - 3444.15970      -  23.6 1878s
 11359  9520 3495.61623   84  872          - 3444.15970      -  23.6 1884s
 11455  9608 3500.86153   88  919          - 3444.15970      -  23.5 1890s
 11543  9628 3508.74393   92  894          - 3444.15970      -  23.5 1896s
 11563  9721 3512.75911   94  934          - 3444.15970      -  23.5 1902s
 11656  9800 3518.77627  100  720          - 3444.15970      -  23.4 1908s
 11751  9894 3521.66388  107  751          - 3444.15970      -  23.4 1914s
 11841  9962 3534.88853  116  703          - 3444.15970      -  23.4 1920s
 11907  9966 3539.70631  120  763          - 3444.15970      -  23.4 1929s
 11911 10040 3539.57225  120  664          - 3444.15970      -  23.4 1935s
 12001 10052 3547.50554  128  659          - 3444.15970      -  23.3 1941s
 12005 10118 3549.45038  129  658          - 3444.15970      -  23.3 1946s
 12093 10203 3555.21532  138  546          - 3444.15970      -  23.3 1952s
 12185 10281 3563.68769  153  352          - 3444.15970      -  23.3 1958s
 12278 10373 3569.91521  158  350          - 3444.15970      -  23.2 1964s
 12374 10446 3569.14065  169  305          - 3444.15970      -  23.2 1970s
 12467 10509 3574.84889  179  236          - 3444.15970      -  23.1 1976s
 12550 10590 3580.80760  189  290          - 3444.15970      -  23.2 1982s
 12638 10606 3582.78095  196  226          - 3444.15970      -  23.2 1988s
 12642 10685 3584.87133  197  231          - 3444.15970      -  23.2 1994s
 12721 10778 3585.79793  205  215          - 3444.15970      -  23.2 2001s
 12814 10873 3588.58199  215  186          - 3444.15970      -  23.2 2007s
 12909 10962 3591.59964  221  151          - 3444.15970      -  23.2 2012s
 12998 10982 3593.94267  226  174          - 3444.15970      -  23.1 2018s
 13018 11071 3594.24680  227  156          - 3444.15970      -  23.1 2024s
 13107 11167 3597.89984  235   83          - 3444.15970      -  23.1 2029s
 13203 11202 3602.39291  241   28          - 3444.15970      -  23.1 2036s
 13266 11303 3607.96703  247   51          - 3444.38404      -  23.1 2042s
 13355 11400 3612.42752  256   81          - 3444.38404      -  23.1 2047s
 13451 11495 3618.64127  267   60          - 3444.38404      -  23.1 2052s
 13546 11561 3616.65811  278   62          - 3444.38404      -  23.0 2058s
 13638 11578 3628.40892  283   46          - 3444.38404      -  23.0 2063s
 13642 11648 3621.97249  284   84          - 3444.38404      -  23.0 2069s
 13734 11735 3629.76646  294   34          - 3444.38404      -  23.0 2075s
 13830 11813 3634.88928  297    -          - 3444.38404      -  22.9 2081s
 13926 11885 3640.88574  303   16          - 3444.38404      -  22.8 2087s
 14018 11956 3649.25094  307   46          - 3444.38404      -  22.8 2092s
 14112 12046 3653.37355  313   60          - 3444.38404      -  22.8 2098s
 14208 12135 3660.28885  317    9          - 3444.38404      -  22.7 2103s
 14304 12212 3663.31554  319    -          - 3444.38404      -  22.7 2109s
 14399 12312 3670.26570  326  133          - 3444.38404      -  22.7 2115s
 14495 12321 3673.68944  336  148          - 3444.38404      -  22.6 2125s
 14499 12329 3678.51792  339   36          - 3444.38404      -  22.6 2131s
 14525 12416 3678.86107  337   14          - 3444.38404      -  22.7 2137s
 14619 12496 3685.77857  346    -          - 3444.38404      -  22.6 2143s
 14711 12567 3692.98877  351   13          - 3444.38404      -  22.6 2148s
 14796 12646 3698.05961  355   15          - 3444.38404      -  22.5 2153s
 14883 12717 3708.45753  360   55          - 3444.38404      -  22.5 2158s
 14972 12777 3718.91384  365    -          - 3444.38404      -  22.5 2163s
 15068 12806 3715.07615  369   18          - 3444.38404      -  22.4 2168s
 15072 12864 3716.98019  367   49          - 3444.38404      -  22.4 2174s
 15166 12967 3716.84531  372   49          - 3444.38404      -  22.4 2180s
 15257 13032 3720.48631  378   25          - 3444.38404      -  22.4 2185s
 15347 13092 3725.74854  383   83          - 3444.38404      -  22.3 2190s
 15435 13189 3738.57698  387   97          - 3444.38404      -  22.3 2195s
 15531 13265 3742.20683  389   96          - 3444.38404      -  22.4 2200s
 15623 13345 3746.26421  393   68          - 3444.38404      -  22.4 2205s
 15708 13378 3746.34417  399   62          - 3444.38404      -  22.3 2212s
 15752 13392 3747.73885  402   30          - 3444.38404      -  22.3 2217s
 15756 13396 3748.16230  402   28          - 3444.38404      -  22.3 2223s
 15760 13456 3748.18925  403   39          - 3444.38404      -  22.3 2228s
 15856 13542 3751.81944  407  113          - 3444.38404      -  22.3 2233s
 15952 13614 3757.47313  410   44          - 3444.38404      -  22.3 2238s
 16048 13693 3762.36133  412   33          - 3444.38404      -  22.2 2243s
 16144 13783 3770.69122  416    7          - 3444.38404      -  22.2 2248s
 16240 13847 3774.53739  422   48          - 3444.38404      -  22.2 2254s
 16336 13938 3777.39002  425  110          - 3444.38404      -  22.1 2260s
 16429 14018 3779.99153  432    -          - 3444.47208      -  22.1 2265s
 16521 14109 3784.18407  437   85          - 3444.47208      -  22.1 2271s
 16612 14183 3789.89898  442   22          - 3444.47208      -  22.1 2275s
 16696 14195 3792.79638  453  128          - 3444.47208      -  22.0 2283s
 16700 14252 3793.83298  449  118          - 3444.47208      -  22.0 2288s
 16785 14318 3795.87468  454  115          - 3444.47208      -  22.0 2294s
 16881 14408 3806.76959  458   47          - 3444.47208      -  22.0 2299s
 16951 14453 3809.97877  465   19          - 3444.47208      -  22.0 2304s
 17023 14542 3817.92127  467  104          - 3444.47208      -  22.0 2309s
 17098 14611 3817.01940  472  100          - 3444.47208      -  22.0 2314s
 17187 14692 3835.81481  483   50          - 3444.47208      -  22.0 2319s
 17270 14745 3827.58420  491  107          - 3444.47208      -  22.0 2324s
 17349 14837 3832.36974  502   81          - 3444.47208      -  22.0 2329s
 17433 14871 3834.42538  514   64          - 3444.47208      -  21.9 2333s
 17467 14896 3838.04742  530   92          - 3444.47208      -  21.9 2343s
 17494 14902 3844.40508  546  104          - 3444.47208      -  21.9 2350s
 17498 14967 3844.65077  547   87          - 3444.47208      -  21.9 2356s
 17565 15056 3846.96186  570   99          - 3444.47208      -  21.9 2362s
 17653 15134 3851.88324  587   88          - 3444.47208      -  21.8 2367s
 17739 15206 3854.48844  594   31          - 3444.47208      -  21.8 2372s
 17829 15299 3859.20645  599   37          - 3444.47208      -  21.8 2380s
 17920 15360 3858.48174  602    -          - 3444.47208      -  21.8 2385s
 17987 15410 3863.04093  603   33          - 3444.47208      -  21.8 2391s
 18060 15490 3862.82310  601   41          - 3444.47208      -  21.9 2396s
 18136 15573 3872.48251  606   15          - 3444.47208      -  21.9 2402s
 18226 15658 3878.04400  608   36          - 3444.47208      -  21.9 2407s
 18317 15668 3880.24620  609   26          - 3444.47208      -  21.9 2414s
 18321 15695 3883.44353  607   26          - 3444.47208      -  21.9 2420s
 18348 15755 3879.95035  608   17          - 3444.47208      -  21.9 2425s
 18444 15853 3886.89516  611   32          - 3444.47208      -  21.8 2430s
 18540 15939 3888.41973  619   52          - 3444.47208      -  21.8 2435s
 18636 16013 3904.21993  631   37          - 3444.47208      -  21.8 2440s
 18795 16087 3583.46432  123  378          - 3444.47208      -  21.7 2445s
 18895 16238 3551.40795   99 1286          - 3444.47208      -  21.7 2455s
*18962 14209             253    3644.1717369 3444.47208  5.48%  21.7 2455s
 18990 14279 3565.23883  108 1145 3644.17174 3444.47208  5.48%  21.7 2460s
 19073 14345 3577.16486  116 1051 3644.17174 3444.47208  5.48%  21.8 2466s
 19169 14424 3590.30010  127 1025 3644.17174 3444.47208  5.48%  21.7 2471s
 19255 14429 3526.39109  102 1109 3644.17174 3445.20977  5.46%  21.8 2620s
H19256 13708                    3640.7598947 3471.89951  4.64%  21.8 2623s
 19257 13708 3550.60448  133  803 3640.75989 3471.89951  4.64%  21.8 2625s
H19257 13023                    3636.3437101 3500.63803  3.73%  21.8 2628s
 19258 13024 3527.91325  118 1167 3636.34371 3500.63803  3.73%  21.8 2634s
 19261 13026 3564.99969  176 1373 3636.34371 3507.35270  3.55%  21.8 2635s
H19262 12375                    3627.6192704 3513.46245  3.15%  21.8 2639s
H19262 11756                    3626.0588172 3513.46245  3.11%  21.8 2640s
H19262 11168                    3624.8225075 3513.46245  3.07%  21.8 2640s
H19268 10614                    3616.7924373 3515.23639  2.81%  22.1 2647s
H19269 10083                    3616.3122032 3515.23639  2.79%  22.1 2651s
H19269  9579                    3608.2676099 3515.23639  2.58%  22.1 2656s
H19269  9100                    3601.9478658 3515.23639  2.41%  22.1 2657s
H19269  8645                    3601.1274625 3515.23639  2.39%  22.1 2658s
H19269  8212                    3597.6931242 3515.23639  2.29%  22.1 2658s
H19269  7802                    3592.4131061 3515.23639  2.15%  22.1 2658s
H19269  7412                    3590.2641033 3515.23639  2.09%  22.1 2661s
H19269  7041                    3587.2290766 3515.23639  2.01%  22.1 2667s
H19269  6689                    3586.5973415 3515.23639  1.99%  22.1 2669s
H19269  6354                    3586.2115358 3515.23639  1.98%  22.1 2669s
H19269  6037                    3565.7100980 3515.23639  1.42%  22.1 2670s
 19280  6046 3522.30101  100 1062 3565.71010 3522.30101  1.22%  22.4 2675s
H19282  5744                    3564.9671301 3527.76113  1.04%  22.4 2679s
H19282  5457                    3564.7345509 3527.76113  1.04%  22.4 2679s
 19285  5459 3559.00035  160  701 3564.73455 3528.13167  1.03%  22.4 2680s
 19293  5466 3548.49213  159  737 3564.73455 3531.45982  0.93%  22.8 2685s
 19306  5476 3539.19780  121  905 3564.73455 3539.19780  0.72%  23.3 2690s
 19315  5482 3544.38326  142 1293 3564.73455 3544.38326  0.57%  23.2 2695s
H19323  5214                    3562.5781644 3545.59468  0.48%  23.8 2697s
 19330  5219 3546.34342  162 1326 3562.57816 3546.34342  0.46%  23.8 2700s
 19349  5233 3562.57816  236 1664 3562.57816 3548.48975  0.40%  24.4 2705s
 19359  5240 3550.01311  152 1819 3562.57816 3550.01311  0.35%  24.4 2710s
 19371  5249 3562.57816  156 1956 3562.57816 3550.01378  0.35%  25.1 2715s
 19381  5255 3550.66609  141 1918 3562.57816 3550.66609  0.33%  25.1 2720s
 19389  5266 3551.77892  166 1918 3562.57816 3551.27159  0.32%  26.0 2725s
 19559  5360 3551.48128  169 1757 3562.57816 3551.38628  0.31%  27.9 2730s
 19912  5443 3560.99133  182  247 3562.57816 3551.47085  0.31%  30.1 2735s
 20283  5543 3553.78222  170 1876 3562.57816 3552.07284  0.29%  32.0 2740s
 20565  5612 3561.83616  189 1789 3562.57816 3552.58985  0.28%  33.8 2745s
 20815  5666 3559.69558  186  290 3562.57816 3552.75495  0.28%  35.6 2750s
 21114  5692 3559.60040  181 1791 3562.57816 3552.96610  0.27%  38.2 2755s
 21447  5734 3560.97458  185  814 3562.57816 3553.06974  0.27%  40.7 2760s
 21790  5739     cutoff  199      3562.57816 3553.35232  0.26%  42.5 2765s
 22103  5811 3556.18181  173 1966 3562.57816 3553.70801  0.25%  44.7 2770s
 22487  5840     cutoff  176      3562.57816 3553.90296  0.24%  47.2 2775s
 23059  5927 3560.52451  178  685 3562.57816 3554.28799  0.23%  50.3 2781s
 23581  5967 3561.10673  186 1747 3562.57816 3554.57261  0.22%  52.3 2785s
 24152  5955 3556.72035  175 1814 3562.57816 3554.77852  0.22%  54.7 2790s
 24701  5935     cutoff  199      3562.57816 3555.01635  0.21%  57.3 2795s
 25304  5888 3560.77757  192  986 3562.57816 3555.20729  0.21%  59.7 2800s
 25926  5832     cutoff  179      3562.57816 3555.48864  0.20%  62.1 2807s
 26218  5817 3560.62847  181 1365 3562.57816 3555.65633  0.19%  63.4 2810s
 26913  5816 3558.20696  174 1912 3562.57816 3555.87186  0.19%  66.2 2816s
 27342  5753 3562.39460  183 1668 3562.57816 3555.95776  0.19%  67.4 2820s
 28290  5634 3560.33784  173 1872 3562.57816 3556.26333  0.18%  70.6 2828s
 28784  5671 3556.93705  186  567 3562.57816 3556.39751  0.17%  72.4 2832s
 29600  5494 3558.45588  187  815 3562.57816 3556.60857  0.17%  73.6 2836s
 30120  5454 3561.00603  176 1799 3562.57816 3556.71804  0.16%  75.3 2840s
 31336  5251 infeasible  173      3562.57816 3557.02349  0.16%  78.0 2848s
 31790  5207 3561.50615  183  793 3562.57816 3557.13082  0.15%  79.2 2851s
 32347  5046 3560.82660  182  717 3562.57816 3557.25240  0.15%  80.5 2856s
 32483  5128 3561.22083  181  791 3562.57816 3557.32832  0.15%  80.8 2860s
 33673  4972 3558.65381  180 1806 3562.57816 3557.57563  0.14%  82.5 2868s
 34228  4847     cutoff  186      3562.57816 3557.71931  0.14%  83.6 2871s
 34817  4740 3562.27464  178  402 3562.57816 3557.81738  0.13%  84.8 2875s
 35959  4810 3560.43294  187 1452 3562.57816 3558.03179  0.13%  86.6 2882s
 36552  4883     cutoff  187      3562.57816 3558.12614  0.12%  87.3 2886s
 37162  4875 3562.03113  193  838 3562.57816 3558.24483  0.12%  88.3 2890s
 38195  4972 3561.71195  210  360 3562.57816 3558.47786  0.12%  90.1 2897s
 38787  4995 3562.14416  188  677 3562.57816 3558.55438  0.11%  90.8 2900s
 39840  5047 3561.56055  188  474 3562.57816 3558.69132  0.11%  92.3 2907s
 40343  5055     cutoff  196      3562.57816 3558.76257  0.11%  92.9 2911s
 41479  5138     cutoff  180      3562.57816 3558.91794  0.10%  93.8 2918s
 42118  5141 3560.03563  188  384 3562.57816 3558.99768  0.10%  94.2 2922s
 42763  5173     cutoff  188      3562.57816 3559.07244  0.10%  94.8 2925s
 44082  5261 3561.39486  187  472 3562.57816 3559.27304  0.09%  95.2 2932s
H44594  5261                    3562.5763014 3559.27319  0.09%  95.3 2932s
 44710  5264 3561.90698  179  697 3562.57630 3559.35475  0.09%  95.5 2936s
H45071  5264                    3562.5705229 3559.40938  0.09%  95.7 2936s
 45719  5292 3560.85273  197  286 3562.57052 3559.46071  0.09%  95.8 2941s
 46233  5290     cutoff  179      3562.57052 3559.55880  0.08%  96.1 2946s
 46739  5317 3561.05596  200  122 3562.57052 3559.59403  0.08%  96.3 2951s
 47347  5315 3561.46970  200  266 3562.57052 3559.68817  0.08%  96.4 2955s
 48771  5285 infeasible  188      3562.57052 3559.87698  0.08%  96.8 2961s
 49500  5329 3560.39953  202  202 3562.57052 3559.95977  0.07%  97.1 2965s
 50594  5246 3560.54887  198  697 3562.57052 3560.05669  0.07%  97.2 2970s
 51701  5286 3561.02176  201  432 3562.57052 3560.20483  0.07%  97.2 2975s
 52625  5296 3561.86665  189  540 3562.57052 3560.26391  0.06%  97.0 2981s
 53809  5266 infeasible  199      3562.57052 3560.38743  0.06%  96.9 2985s
 55119  5178 3561.65316  182  645 3562.57052 3560.47565  0.06%  96.9 2990s
 56389  5007 3561.83097  203  233 3562.57052 3560.58500  0.06%  96.7 2996s
 57812  4947 3561.39838  197  174 3562.57052 3560.72789  0.05%  96.4 3001s
 58742  4827     cutoff  197      3562.57052 3560.78754  0.05%  96.1 3005s
 60157  4602     cutoff  188      3562.57052 3560.89369  0.05%  95.7 3010s
 61552  4403     cutoff  200      3562.57052 3560.98609  0.04%  95.3 3015s
 62879  4158 3562.00277  202   81 3562.57052 3561.07155  0.04%  94.9 3020s
H63653  4015                    3562.5705224 3561.10094  0.04%  94.6 3021s
 64221  3793 3561.30765  199   86 3562.57052 3561.19914  0.04%  94.4 3025s
 65630  3348 3561.79066  202  396 3562.57052 3561.32080  0.04%  93.8 3030s
 67149  2805 3561.93177  184  435 3562.57052 3561.45565  0.03%  93.1 3035s
 68772  2084 infeasible  208      3562.57052 3561.61770  0.03%  92.4 3040s
 70916   737     cutoff  215      3562.57052 3561.92732  0.02%  91.2 3046s

Cutting planes:
  Gomory: 160
  Cover: 80
  Clique: 141
  MIR: 1
  Flow cover: 24
  Inf proof: 15
  Zero half: 159
  Relax-and-lift: 2
  Lazy constraints: 4

Explored 72103 nodes (6521946 simplex iterations) in 3047.70 seconds (5684.27 work units)
Thread count was 4 (of 32 available processors)

Solution count 10: 3562.57 3562.57 3562.58 ... 3587.23

Optimal solution found (tolerance 1.00e-04)
Best objective 3.562570522380e+03, best bound 3.562228812171e+03, gap 0.0096%

User-callback calls 536814, time in user-callback 1.95 sec
Initial no-port objective: 3562.571
Initial no-port TSP wall time: 3048 s
Initial no-port TSP stats: status=2 solcount=10 grb_runtime=3047.71 s (timelimit=none)
Initial station order (no ports): 501 500 502 503 504 488 487 486 485 461 462 484 463 483 482 489 490 491 492 493 477 480 481 479 474 473 475 478 476 115 116 117 118 119 120 121 122 472 471 470 469 468 467 466 465 464 460 459 458 457 456 455 454 453 452 451 450 449 448 447 446 445 439 440 441 442 443 444 505 506 507 508 509 510 511 514 513 512 435 436 437 438 434 433 432 431 430 429 428 427 515 516 517 518 519 520 521 522 523 526 525 524 580 579 578 575 577 527 528 529 530 531 532 533 576 574 573 571 570 569 572 534 535 536 537 538 539 544 545 546 547 548 549 541 540 543 542 568 567 566 565 564 563 562 554 553 550 551 552 285 284 555 558 560 561 559 557 556 282 283 287 286 290 291 292 293 294 295 296 297 306 305 298 299 300 301 302 304 303 307 308 309 311 310 289 288 312 313 314 315 316 317 318 319 320 340 343 342 341 281 280 279 278 277 276 346 345 344 334 333 347 363 348 332 331 330 329 328 336 335 337 338 339 321 322 323 324 325 327 326 349 350 351 352 353 354 355 356 357 358 359 360 361 362 364 365 366 367 368 426 369 370 371 372 373 374 375 376 377 378 379 380 381 425 417 424 422 423 421 420 419 418 416 415 413 412 411 410 409 408 407 406 405 404 414 382 383 384 403 402 385 386 387 388 389 390 391 62 61 60 58 59 57 64 65 63 392 393 394 395 401 400 399 398 397 396 47 46 45 44 43 42 41 40 39 48 49 50 38 37 51 52 53 54 55 56 66 67 68 69 70 77 76 71 74 73 72 75 78 79 27 29 30 33 34 35 36 32 31 28 26 93 92 94 91 80 81 82 83 84 85 86 87 88 89 90 95 96 2 1 3 4 25 24 23 22 21 20 19 18 17 16 15 14 13 12 11 10 5 6 7 8 9 143 142 144 145 146 147 148 149 150 158 157 156 155 173 172 167 163 159 160 161 162 164 166 165 168 169 170 171 177 176 175 174 154 153 152 151 139 140 141 138 137 136 135 179 228 229 180 181 132 133 134 230 232 233 234 235 231 227 178 226 182 183 184 185 186 187 188 189 190 223 224 225 222 221 236 97 98 99 100 246 247 245 248 249 251 250 244 243 242 241 240 239 238 237 215 214 213 217 216 220 219 191 218 192 193 194 195 196 197 212 211 210 209 208 207 206 205 201 200 198 199 202 203 204 131 130 129 257 256 255 254 252 253 260 261 262 263 259 258 128 127 126 125 124 123 266 267 265 264 268 269 270 110 273 272 271 109 108 101 102 103 104 105 106 107 274 111 275 114 494 113 112 495 496 497 498 499
Init segments min: 12 (total=528065.0, ship_cap=45000.0)
Insert port before STAT-469: PORT-588("Ólafsvík") load=44394 dist=93.356
Insert port before STAT-460: PORT-584("Hafnarfjörður") load=28261 dist=77.448
Insert port before STAT-450: PORT-584("Hafnarfjörður") load=44991 dist=64.834
Insert port before STAT-515: PORT-593("Vestmannaeyjar") load=44676 dist=13.094
Insert port before STAT-578: PORT-593("Vestmannaeyjar") load=36579 dist=100067.894
Insert port before STAT-285: PORT-591("Seyðisfjörður") load=44719 dist=70.698
Insert port before STAT-419: PORT-582("Akureyri") load=44241 dist=100080.221
Insert port before STAT-40: PORT-581("Siglufjörður") load=44993 dist=46.812
Insert port before STAT-150: PORT-583("Ísafjörður") load=44749 dist=63.795
Insert port before STAT-225: PORT-583("Ísafjörður") load=44747 dist=47.295
Insert port before STAT-131: PORT-588("Ólafsvík") load=42140 dist=95.396
Insert port before STAT-108: PORT-588("Ólafsvík") load=44937 dist=20.540
Init segments built: 13 (min=12)
Init note: extra segments added to respect ship capacity.
Visit order (592): STAT-501 STAT-500 STAT-502 STAT-503 STAT-504 STAT-488 STAT-487 STAT-486 STAT-485 STAT-461 STAT-462 STAT-484 STAT-463 STAT-483 STAT-482 STAT-489 STAT-490 STAT-491 STAT-492 STAT-493 STAT-477 STAT-480 STAT-481 STAT-479 STAT-474 STAT-473 STAT-475 STAT-478 STAT-476 STAT-115 STAT-116 STAT-117 STAT-118 STAT-119 STAT-120 STAT-121 STAT-122 STAT-472 STAT-471 STAT-470 PORT-588("Ólafsvík") STAT-469 STAT-468 STAT-467 STAT-466 STAT-465 STAT-464 PORT-584("Hafnarfjörður") STAT-460 STAT-459 STAT-458 STAT-457 STAT-456 STAT-455 STAT-454 STAT-453 STAT-452 STAT-451 PORT-584("Hafnarfjörður") STAT-450 STAT-449 STAT-448 STAT-447 STAT-446 STAT-445 STAT-439 STAT-440 STAT-441 STAT-442 STAT-443 STAT-444 STAT-505 STAT-506 STAT-507 STAT-508 STAT-509 STAT-510 STAT-511 STAT-514 STAT-513 STAT-512 STAT-435 STAT-436 STAT-437 STAT-438 STAT-434 STAT-433 STAT-432 STAT-431 STAT-430 STAT-429 STAT-428 STAT-427 PORT-593("Vestmannaeyjar") STAT-515 STAT-516 STAT-517 STAT-518 STAT-519 STAT-520 STAT-521 STAT-522 STAT-523 STAT-526 STAT-525 STAT-524 STAT-580 STAT-579 PORT-593("Vestmannaeyjar") STAT-578 STAT-575 STAT-577 STAT-527 STAT-528 STAT-529 STAT-530 STAT-531 STAT-532 STAT-533 STAT-576 STAT-574 STAT-573 STAT-571 STAT-570 STAT-569 STAT-572 STAT-534 STAT-535 STAT-536 STAT-537 STAT-538 STAT-539 STAT-544 STAT-545 STAT-546 STAT-547 STAT-548 STAT-549 STAT-541 STAT-540 STAT-543 STAT-542 STAT-568 STAT-567 STAT-566 STAT-565 STAT-564 STAT-563 STAT-562 STAT-554 STAT-553 STAT-550 STAT-551 STAT-552 PORT-591("Seyðisfjörður") STAT-285 STAT-284 STAT-555 STAT-558 STAT-560 STAT-561 STAT-559 STAT-557 STAT-556 STAT-282 STAT-283 STAT-287 STAT-286 STAT-290 STAT-291 STAT-292 STAT-293 STAT-294 STAT-295 STAT-296 STAT-297 STAT-306 STAT-305 STAT-298 STAT-299 STAT-300 STAT-301 STAT-302 STAT-304 STAT-303 STAT-307 STAT-308 STAT-309 STAT-311 STAT-310 STAT-289 STAT-288 STAT-312 STAT-313 STAT-314 STAT-315 STAT-316 STAT-317 STAT-318 STAT-319 STAT-320 STAT-340 STAT-343 STAT-342 STAT-341 STAT-281 STAT-280 STAT-279 STAT-278 STAT-277 STAT-276 STAT-346 STAT-345 STAT-344 STAT-334 STAT-333 STAT-347 STAT-363 STAT-348 STAT-332 STAT-331 STAT-330 STAT-329 STAT-328 STAT-336 STAT-335 STAT-337 STAT-338 STAT-339 STAT-321 STAT-322 STAT-323 STAT-324 STAT-325 STAT-327 STAT-326 STAT-349 STAT-350 STAT-351 STAT-352 STAT-353 STAT-354 STAT-355 STAT-356 STAT-357 STAT-358 STAT-359 STAT-360 STAT-361 STAT-362 STAT-364 STAT-365 STAT-366 STAT-367 STAT-368 STAT-426 STAT-369 STAT-370 STAT-371 STAT-372 STAT-373 STAT-374 STAT-375 STAT-376 STAT-377 STAT-378 STAT-379 STAT-380 STAT-381 STAT-425 STAT-417 STAT-424 STAT-422 STAT-423 STAT-421 STAT-420 PORT-582("Akureyri") STAT-419 STAT-418 STAT-416 STAT-415 STAT-413 STAT-412 STAT-411 STAT-410 STAT-409 STAT-408 STAT-407 STAT-406 STAT-405 STAT-404 STAT-414 STAT-382 STAT-383 STAT-384 STAT-403 STAT-402 STAT-385 STAT-386 STAT-387 STAT-388 STAT-389 STAT-390 STAT-391 STAT-62 STAT-61 STAT-60 STAT-58 STAT-59 STAT-57 STAT-64 STAT-65 STAT-63 STAT-392 STAT-393 STAT-394 STAT-395 STAT-401 STAT-400 STAT-399 STAT-398 STAT-397 STAT-396 STAT-47 STAT-46 STAT-45 STAT-44 STAT-43 STAT-42 STAT-41 PORT-581("Siglufjörður") STAT-40 STAT-39 STAT-48 STAT-49 STAT-50 STAT-38 STAT-37 STAT-51 STAT-52 STAT-53 STAT-54 STAT-55 STAT-56 STAT-66 STAT-67 STAT-68 STAT-69 STAT-70 STAT-77 STAT-76 STAT-71 STAT-74 STAT-73 STAT-72 STAT-75 STAT-78 STAT-79 STAT-27 STAT-29 STAT-30 STAT-33 STAT-34 STAT-35 STAT-36 STAT-32 STAT-31 STAT-28 STAT-26 STAT-93 STAT-92 STAT-94 STAT-91 STAT-80 STAT-81 STAT-82 STAT-83 STAT-84 STAT-85 STAT-86 STAT-87 STAT-88 STAT-89 STAT-90 STAT-95 STAT-96 STAT-2 STAT-1 STAT-3 STAT-4 STAT-25 STAT-24 STAT-23 STAT-22 STAT-21 STAT-20 STAT-19 STAT-18 STAT-17 STAT-16 STAT-15 STAT-14 STAT-13 STAT-12 STAT-11 STAT-10 STAT-5 STAT-6 STAT-7 STAT-8 STAT-9 STAT-143 STAT-142 STAT-144 STAT-145 STAT-146 STAT-147 STAT-148 STAT-149 PORT-583("Ísafjörður") STAT-150 STAT-158 STAT-157 STAT-156 STAT-155 STAT-173 STAT-172 STAT-167 STAT-163 STAT-159 STAT-160 STAT-161 STAT-162 STAT-164 STAT-166 STAT-165 STAT-168 STAT-169 STAT-170 STAT-171 STAT-177 STAT-176 STAT-175 STAT-174 STAT-154 STAT-153 STAT-152 STAT-151 STAT-139 STAT-140 STAT-141 STAT-138 STAT-137 STAT-136 STAT-135 STAT-179 STAT-228 STAT-229 STAT-180 STAT-181 STAT-132 STAT-133 STAT-134 STAT-230 STAT-232 STAT-233 STAT-234 STAT-235 STAT-231 STAT-227 STAT-178 STAT-226 STAT-182 STAT-183 STAT-184 STAT-185 STAT-186 STAT-187 STAT-188 STAT-189 STAT-190 STAT-223 STAT-224 PORT-583("Ísafjörður") STAT-225 STAT-222 STAT-221 STAT-236 STAT-97 STAT-98 STAT-99 STAT-100 STAT-246 STAT-247 STAT-245 STAT-248 STAT-249 STAT-251 STAT-250 STAT-244 STAT-243 STAT-242 STAT-241 STAT-240 STAT-239 STAT-238 STAT-237 STAT-215 STAT-214 STAT-213 STAT-217 STAT-216 STAT-220 STAT-219 STAT-191 STAT-218 STAT-192 STAT-193 STAT-194 STAT-195 STAT-196 STAT-197 STAT-212 STAT-211 STAT-210 STAT-209 STAT-208 STAT-207 STAT-206 STAT-205 STAT-201 STAT-200 STAT-198 STAT-199 STAT-202 STAT-203 STAT-204 PORT-588("Ólafsvík") STAT-131 STAT-130 STAT-129 STAT-257 STAT-256 STAT-255 STAT-254 STAT-252 STAT-253 STAT-260 STAT-261 STAT-262 STAT-263 STAT-259 STAT-258 STAT-128 STAT-127 STAT-126 STAT-125 STAT-124 STAT-123 STAT-266 STAT-267 STAT-265 STAT-264 STAT-268 STAT-269 STAT-270 STAT-110 STAT-273 STAT-272 STAT-271 STAT-109 PORT-588("Ólafsvík") STAT-108 STAT-101 STAT-102 STAT-103 STAT-104 STAT-105 STAT-106 STAT-107 STAT-274 STAT-111 STAT-275 STAT-114 STAT-494 STAT-113 STAT-112 STAT-495 STAT-496 STAT-497 STAT-498 STAT-499
Initial segment plan:
Segment plan:
  Segment 1 -> START
    stations: 501 500 502 503 504 488 487 486 485 461 462 484 463 483 482 489 490 491 492 493 477 480 481 479 474 473 475 478 476 115 116 117 118 119 120 121 122 472 471 470
    end: PORT-588("Ólafsvík")
  Segment 2 -> PORT-588
    stations: 469 468 467 466 465 464
    end: PORT-584("Hafnarfjörður")
  Segment 3 -> PORT-584
    stations: 460 459 458 457 456 455 454 453 452 451
    end: PORT-584("Hafnarfjörður")
  Segment 4 -> PORT-584
    stations: 450 449 448 447 446 445 439 440 441 442 443 444 505 506 507 508 509 510 511 514 513 512 435 436 437 438 434 433 432 431 430 429 428 427
    end: PORT-593("Vestmannaeyjar")
  Segment 5 -> PORT-593
    stations: 515 516 517 518 519 520 521 522 523 526 525 524 580 579
    end: PORT-593("Vestmannaeyjar")
  Segment 6 -> PORT-593
    stations: 578 575 577 527 528 529 530 531 532 533 576 574 573 571 570 569 572 534 535 536 537 538 539 544 545 546 547 548 549 541 540 543 542 568 567 566 565 564 563 562 554 553 550 551 552
    end: PORT-591("Seyðisfjörður")
  Segment 7 -> PORT-591
    stations: 285 284 555 558 560 561 559 557 556 282 283 287 286 290 291 292 293 294 295 296 297 306 305 298 299 300 301 302 304 303 307 308 309 311 310 289 288 312 313 314 315 316 317 318 319 320 340 343 342 341 281 280 279 278 277 276 346 345 344 334 333 347 363 348 332 331 330 329 328 336 335 337 338 339 321 322 323 324 325 327 326 349 350 351 352 353 354 355 356 357 358 359 360 361 362 364 365 366 367 368 426 369 370 371 372 373 374 375 376 377 378 379 380 381 425 417 424 422 423 421 420
    end: PORT-582("Akureyri")
  Segment 8 -> PORT-582
    stations: 419 418 416 415 413 412 411 410 409 408 407 406 405 404 414 382 383 384 403 402 385 386 387 388 389 390 391 62 61 60 58 59 57 64 65 63 392 393 394 395 401 400 399 398 397 396 47 46 45 44 43 42 41
    end: PORT-581("Siglufjörður")
  Segment 9 -> PORT-581
    stations: 40 39 48 49 50 38 37 51 52 53 54 55 56 66 67 68 69 70 77 76 71 74 73 72 75 78 79 27 29 30 33 34 35 36 32 31 28 26 93 92 94 91 80 81 82 83 84 85 86 87 88 89 90 95 96 2 1 3 4 25 24 23 22 21 20 19 18 17 16 15 14 13 12 11 10 5 6 7 8 9 143 142 144 145 146 147 148 149
    end: PORT-583("Ísafjörður")
  Segment 10 -> PORT-583
    stations: 150 158 157 156 155 173 172 167 163 159 160 161 162 164 166 165 168 169 170 171 177 176 175 174 154 153 152 151 139 140 141 138 137 136 135 179 228 229 180 181 132 133 134 230 232 233 234 235 231 227 178 226 182 183 184 185 186 187 188 189 190 223 224
    end: PORT-583("Ísafjörður")
  Segment 11 -> PORT-583
    stations: 225 222 221 236 97 98 99 100 246 247 245 248 249 251 250 244 243 242 241 240 239 238 237 215 214 213 217 216 220 219 191 218 192 193 194 195 196 197 212 211 210 209 208 207 206 205 201 200 198 199 202 203 204
    end: PORT-588("Ólafsvík")
  Segment 12 -> PORT-588
    stations: 131 130 129 257 256 255 254 252 253 260 261 262 263 259 258 128 127 126 125 124 123 266 267 265 264 268 269 270 110 273 272 271 109
    end: PORT-588("Ólafsvík")
  Segment 13 -> PORT-588
    stations: 108 101 102 103 104 105 106 107 274 111 275 114 494 113 112 495 496 497 498 499
    end: BOAT-END
Set parameter Username
Set parameter LicenseID to value 2738882
Academic license - for non-commercial use only - expires 2026-11-14
Segment 1 eval: start=BOAT-0 end=PORT-588 stations=40 (optimize)
  Segment 1 order: -501 500 502 503 -504 -488 -487 -486 -485 461 462 484 -463 -483 -482 -489 490 491 492 -493 477 -476 -115 116 117 -475 478 481 -480 -479 474 -473 471 -470 472 -122 -121 120 -119 -118
Segment 2 eval: start=PORT-588 end=PORT-584 stations=6 (optimize)
  Segment 2 order: -469 -468 -467 -466 -465 -464
Segment 3 eval: start=PORT-584 end=PORT-584 stations=10 (optimize)
  Segment 3 order: -460 -459 -458 -457 -456 -455 -454 -453 -452 -451
Segment 4 eval: start=PORT-584 end=PORT-593 stations=34 (optimize)
  Segment 4 order: -505 450 -449 -448 -447 -446 -445 439 -440 441 442 443 444 -506 507 508 509 510 511 514 -513 -512 435 436 437 438 434 -433 -432 -431 -430 -429 -428 -427
Segment 5 eval: start=PORT-593 end=PORT-593 stations=14 (optimize)
  Segment 5 order: 517 518 519 520 521 -580 -579 -525 -524 526 -523 -522 -516 -515
Segment 6 eval: start=PORT-593 end=PORT-591 stations=45 (optimize)
  Segment 6 order: -575 577 578 527 528 529 530 531 532 -533 -576 -574 -573 -571 -570 -569 572 534 535 -536 537 538 539 544 545 546 547 -548 -549 -541 -540 -543 542 -568 -567 -566 -565 -564 -563 -562 -554 553 550 551 552
Segment 7 eval: start=PORT-591 end=PORT-582 stations=121 (optimize)
  Segment 7 order: -346 276 277 278 279 280 281 557 -556 282 283 -284 555 558 559 -561 560 285 286 287 288 289 290 291 292 293 294 -295 296 297 306 -305 -298 299 300 301 302 304 -303 307 308 309 -310 311 312 -313 314 315 316 317 318 319 320 340 341 342 343 344 345 334 335 336 337 338 339 321 322 323 324 325 -327 328 330 -332 -331 -329 -326 349 350 351 352 353 -354 355 356 357 358 359 360 361 362 -348 333 347 363 -364 365 366 367 368 -425 -424 422 423 -421 420 -417 381 426 369 370 371 372 373 -374 375 376 377 378 379 380
Segment 8 eval: start=PORT-582 end=PORT-581 stations=53 (optimize)
  Segment 8 order: 57 59 -58 60 -64 65 -63 61 62 -386 -385 -384 -383 -382 414 419 -418 -416 415 413 -412 -411 410 -408 -409 404 407 -406 -405 -403 -402 387 388 389 390 391 392 393 394 395 401 400 -399 -398 -397 -396 -47 -46 -45 -44 -43 -42 -41
Segment 9 eval: start=PORT-581 end=PORT-583 stations=88 (optimize)
  Segment 9 order: 56 55 -54 -53 -52 -51 -50 -49 -48 -40 -39 -38 -37 66 67 68 69 70 77 -76 71 74 -73 -72 -75 -78 -79 27 29 30 -33 34 35 36 32 31 -28 -26 93 -92 94 91 80 81 82 83 84 85 -86 87 -88 89 -90 95 96 2 1 3 4 -25 -24 -23 -22 -21 20 -19 -18 -17 -16 -15 -14 -13 -12 -11 -10 -5 6 7 8 9 143 -142 -144 145 146 147 148 149
Segment 10 eval: start=PORT-583 end=PORT-583 stations=63 (optimize)
  Segment 10 order: -132 -181 -180 -229 -228 -179 -135 136 137 152 -151 139 -138 -141 -140 150 -158 157 153 154 155 156 -159 160 161 162 163 164 165 166 167 168 169 170 171 172 173 174 175 176 177 182 183 184 185 186 187 188 189 -190 223 224 226 178 227 -231 235 -234 -233 -232 -230 -134 -133
Segment 11 eval: start=PORT-583 end=PORT-588 stations=53 (optimize)
  Segment 11 order: -225 -222 -221 -220 -219 191 -218 192 193 194 195 196 197 198 203 204 -202 199 -200 201 205 206 207 208 209 210 211 212 213 -217 -216 214 215 -237 238 243 244 250 -251 249 -248 -245 247 -246 -242 241 -240 -239 -236 97 98 99 100
Segment 12 eval: start=PORT-588 end=PORT-588 stations=33 (optimize)
  Segment 12 order: 110 -270 -269 -268 264 265 267 266 123 124 125 -126 127 -263 -262 -261 -260 -259 258 128 129 130 131 -256 257 -255 -254 -252 -253 -271 272 273 -109
Segment 13 eval: start=PORT-588 end=BOAT-END stations=20 (optimize)
  Segment 13 order: -107 -106 -105 104 -103 -102 -101 108 274 111 275 -114 494 -113 -112 495 496 497 498 499
PROGRESS pass=0 changed=0 total=4762.172 best=4762.172 nseg=13 stall=0
Set parameter Username
Set parameter LicenseID to value 2738882
Academic license - for non-commercial use only - expires 2026-11-14
Capacity boundary sweep pass 1
Cap boundary debug: BOAT -> [501 500 502 503 504 488 487 486 485 461 462 484 463 483 482 489 490 491 492 493 477 480 481 479 474 473 475 478 476 115 116 117 118 119 120 121 122 472 471 470] -> PORT-588 -> [469 468 467 466 465 464] -> PORT-584 | load_left=44394 load_right=28261 cap=45000
Set parameter Username
Set parameter LicenseID to value 2738882
Academic license - for non-commercial use only - expires 2026-11-14
Set parameter TimeLimit to value 240
Set parameter Seed to value 1865123106
Set parameter Threads to value 4
Set parameter OutputFlag to value 1
Set parameter LogToConsole to value 1
Set parameter LazyConstraints to value 1
Gurobi Optimizer version 13.0.0 build v13.0.0rc1 (linux64 - "Debian GNU/Linux 13 (trixie)")

CPU model: AMD Ryzen 9 5950X 16-Core Processor, instruction set [SSE2|AVX|AVX2]
Thread count: 16 physical cores, 32 logical processors, using up to 4 threads

Non-default parameters:
TimeLimit  240
Seed  1865123106
Threads  4
LazyConstraints  1

Optimize a model with 10162 rows, 27648 columns and 55284 nonzeros (Min)
Model fingerprint: 0x2bb63f15
Model has 9024 linear objective coefficients
Variable types: 18432 continuous, 9216 integer (9216 binary)
Coefficient statistics:
  Matrix range     [1e+00, 4e+04]
  Objective range  [8e-01, 2e+02]
  Bounds range     [1e+00, 4e+04]
  RHS range        [1e+00, 1e+04]
Presolve removed 1046 rows and 9836 columns
Presolve time: 0.08s
Presolved: 9116 rows, 17812 columns, 53346 nonzeros
Variable types: 8740 continuous, 9072 integer (9072 binary)

Root relaxation: objective 4.107187e+02, 22108 iterations, 1.37 seconds (4.21 work units)

    Nodes    |    Current Node    |     Objective Bounds      |     Work
 Expl Unexpl |  Obj  Depth IntInf | Incumbent    BestBd   Gap | It/Node Time

     0     0  410.71873    0  160          -  410.71873      -     -    1s
H    0     0                     627.9259152  410.71873  34.6%     -    1s
H    0     0                     615.0358615  410.71873  33.2%     -    1s
H    0     0                     608.5466444  410.71873  32.5%     -    1s
H    0     0                     603.5804386  410.71873  32.0%     -    1s
H    0     0                     600.9850685  410.71873  31.7%     -    1s
H    0     0                     578.1503041  410.71873  29.0%     -    1s
H    0     0                     575.7306662  410.71873  28.7%     -    1s
H    0     0                     575.4561788  410.71873  28.6%     -    2s
H    0     0                     573.6975492  410.71873  28.4%     -    2s
     0     0  410.71873    0  160  573.69755  410.71873  28.4%     -    5s
H    0     0                     560.5500813  410.71873  26.7%     -    5s
H    0     0                     556.0957125  410.71873  26.1%     -    5s
H    0     0                     540.5011130  410.71873  24.0%     -    5s
     0     0  411.56870    0  173  540.50111  411.56870  23.9%     -    6s
     0     0  414.03239    0  190  540.50111  414.03239  23.4%     -    6s
H    0     0                     529.2754948  414.03239  21.8%     -    7s
H    0     0                     521.6898621  414.03239  20.6%     -    7s
H    0     0                     518.1527904  414.03239  20.1%     -    7s
H    0     0                     513.3711567  414.03239  19.4%     -    7s
H    0     0                     505.2023691  414.03239  18.0%     -    7s
H    0     0                     502.6199498  414.03239  17.6%     -    7s
H    0     0                     502.4235491  414.03239  17.6%     -    7s
H    0     0                     501.0670443  414.03239  17.4%     -    7s
H    0     0                     497.3920214  414.03239  16.8%     -    8s
H    0     0                     495.5281924  414.03239  16.4%     -    8s
H    0     0                     484.5581121  414.03239  14.6%     -    8s
H    0     0                     483.0927608  414.03239  14.3%     -    8s
     0     0  414.24302    0  193  483.09276  414.24302  14.3%     -    9s
     0     0  414.24302    0  193  483.09276  414.24302  14.3%     -    9s
     0     0  416.15561    0  199  483.09276  416.15561  13.9%     -   10s
     0     0  416.17323    0  201  483.09276  416.17323  13.9%     -   10s
     0     0  416.17368    0  202  483.09276  416.17368  13.9%     -   10s
     0     0  419.30198    0  210  483.09276  419.30198  13.2%     -   10s
     0     0  419.37500    0  218  483.09276  419.37500  13.2%     -   10s
     0     0  419.37500    0  221  483.09276  419.37500  13.2%     -   10s
     0     0  420.16023    0  228  483.09276  420.16023  13.0%     -   11s
     0     0  420.26023    0  225  483.09276  420.26023  13.0%     -   11s
     0     0  420.40514    0  233  483.09276  420.40514  13.0%     -   11s
     0     0  420.40672    0  233  483.09276  420.40672  13.0%     -   12s
     0     0  420.43431    0  226  483.09276  420.43431  13.0%     -   12s
     0     0  420.43706    0  227  483.09276  420.43706  13.0%     -   12s
     0     0  421.75640    0  202  483.09276  421.75640  12.7%     -   12s
     0     0  421.76634    0  195  483.09276  421.76634  12.7%     -   12s
     0     0  421.77316    0  212  483.09276  421.77316  12.7%     -   13s
     0     0  421.77896    0  208  483.09276  421.77896  12.7%     -   13s
     0     0  421.77896    0  207  483.09276  421.77896  12.7%     -   13s
     0     0  421.78921    0  219  483.09276  421.78921  12.7%     -   13s
     0     0  421.79630    0  219  483.09276  421.79630  12.7%     -   13s
     0     0  421.79630    0  219  483.09276  421.79630  12.7%     -   13s
     0     0  421.79630    0  212  483.09276  421.79630  12.7%     -   14s
     0     0  423.73698    0  159  483.09276  423.73698  12.3%     -   15s
H    0     0                     482.5789136  423.73698  12.2%     -   15s
     0     0  423.73698    0  206  482.57891  423.73698  12.2%     -   16s
H    0     0                     482.2767315  423.73698  12.1%     -   16s
     0     0  423.73698    0  227  482.27673  423.73698  12.1%     -   17s
     0     0  423.73698    0  220  482.27673  423.73698  12.1%     -   17s
     0     0  423.73698    0  209  482.27673  423.73698  12.1%     -   17s
     0     0  423.73698    0  203  482.27673  423.73698  12.1%     -   17s
     0     0  423.73698    0  220  482.27673  423.73698  12.1%     -   17s
H    0     0                     477.5797144  423.73698  11.3%     -   17s
     0     0  423.73698    0  221  477.57971  423.73698  11.3%     -   17s
     0     0  423.73698    0  226  477.57971  423.73698  11.3%     -   19s
     0     0  423.73698    0  209  477.57971  423.73698  11.3%     -   19s
     0     0  423.73698    0  224  477.57971  423.73698  11.3%     -   19s
     0     0  423.73698    0  219  477.57971  423.73698  11.3%     -   19s
     0     0  423.73698    0  221  477.57971  423.73698  11.3%     -   20s
     0     0  423.73698    0  222  477.57971  423.73698  11.3%     -   20s
     0     0  423.73698    0  223  477.57971  423.73698  11.3%     -   20s
     0     0  423.73698    0  223  477.57971  423.73698  11.3%     -   20s
     0     0  423.73698    0  223  477.57971  423.73698  11.3%     -   20s
     0     0  423.73698    0  218  477.57971  423.73698  11.3%     -   20s
     0     2  423.73698    0  218  477.57971  423.73698  11.3%     -   21s
    23    28  425.09500    7  192  477.57971  423.73698  11.3%  2553   25s
H   24    28                     475.7812539  423.73698  10.9%  2446   25s
H   50    55                     471.6849585  423.73698  10.2%  2294   27s
    93    96  434.31893   20  121  471.68496  423.73698  10.2%  1773   30s
H   95    96                     471.3760473  423.73698  10.1%  1736   30s
H  123   126                     470.2711997  423.73698  9.90%  1558   32s
   335   376  445.54272   92  126  470.27120  423.73698  9.90%   781   35s
   747   746  436.14674   13  174  470.27120  423.73698  9.90%   492   40s
  1143  1075  448.17046   94  212  470.27120  423.73698  9.90%   426   47s
  1146  1077  442.27296   33  212  470.27120  423.73698  9.90%   424   50s
  1165  1090  443.34188   42  236  470.27120  430.96620  8.36%   418   55s
  1179  1099  447.91009  154  203  470.27120  431.81909  8.18%   413   60s
  1184  1104  436.42255   12  193  470.27120  434.06353  7.70%   454   66s
  1203  1117  434.06353   18  190  470.27120  434.06353  7.70%   447   71s
  1235  1144  434.67033   31  139  470.27120  434.67033  7.57%   481   75s
  1297  1187  437.89666   38  123  470.27120  434.67033  7.57%   515   80s
  1437  1246  437.89761   54  103  470.27120  434.67033  7.57%   551   85s
  1597  1329  434.99293   33  116  470.27120  434.67033  7.57%   566   90s
  1853  1411  468.59995   55  144  470.27120  434.67033  7.57%   573   95s
  2075  1492  445.06280   41  190  470.27120  434.94223  7.51%   587  100s
  2282  1553  442.47382   55  143  470.27120  435.35046  7.43%   614  106s
  2449  1626  451.81680   84  127  470.27120  435.35046  7.43%   624  110s
  2862  1731  450.36964   81  152  470.27120  436.38137  7.21%   601  116s
  3190  1882  448.58222   69  164  470.27120  436.68751  7.14%   591  120s
  3489  1948  452.69398   46  184  470.27120  436.85170  7.11%   588  125s
  3892  2057  455.55533   81  108  470.27120  437.06662  7.06%   589  131s
  4105  2141  442.86379   60  172  470.27120  437.26761  7.02%   593  135s
  4578  2265  445.43830   51   97  470.27120  437.43476  6.98%   596  142s
  4890  2422     cutoff   75       470.27120  437.52116  6.96%   602  147s
  5030  2511  450.35728   40  178  470.27120  437.52116  6.96%   602  150s
H 5049  2511                     470.2711933  437.52116  6.96%   601  150s
  5354  2709  455.93971   67  136  470.27119  437.74902  6.92%   598  156s
  5833  3003  450.87631   49  170  470.27119  437.92616  6.88%   600  162s
  6036  3034  449.16684   54  144  470.27119  438.00488  6.86%   604  165s
H 6076  2996                     468.9588073  438.02834  6.60%   604  165s
H 6263  3138                     468.9587999  438.10081  6.58%   606  169s
  6300  3357  466.52646   48   63  468.95880  438.10081  6.58%   605  172s
  6695  3600  444.15599   64  171  468.95880  438.17539  6.56%   596  176s
  7265  3902  445.96088   46  101  468.95880  438.39409  6.52%   594  183s
  7430  4087  448.57923   58  112  468.95880  438.43549  6.51%   602  187s
  7825  4287  448.00970   66  104  468.95880  438.49647  6.50%   599  192s
  8114  4455  464.04459   42  100  468.95880  438.62705  6.47%   598  196s
  8370  4682  455.50555   71  163  468.95880  438.65838  6.46%   604  200s
  8741  4938  456.70079  105  102  468.95880  438.76068  6.44%   600  205s
H 8827  4871                     468.1998204  438.76068  6.29%   600  205s
  9149  5144     cutoff   67       468.19982  438.82117  6.27%   594  210s
H 9466  5118                     467.8909092  438.89624  6.20%   595  210s
  9539  5465  453.36395   84   96  467.89091  438.89624  6.20%   595  215s
 10042  5678  448.64244   72  122  467.89091  438.99647  6.18%   589  220s
 10420  6033  466.19610   40  135  467.89091  439.14728  6.14%   590  226s
 10936  6301  451.87119   86  119  467.89091  439.24072  6.12%   589  232s
 11415  6647  462.33861   57  109  467.89091  439.31318  6.11%   588  238s
 12006  6768  455.91144   43  100  467.89091  439.52831  6.06%   587  240s

Cutting planes:
  Gomory: 3
  Cover: 15
  Implied bound: 92
  Projected implied bound: 10
  MIR: 70
  Flow cover: 131
  Inf proof: 1
  Zero half: 34
  RLT: 7
  Relax-and-lift: 28
  BQP: 3
  Lazy constraints: 1

Explored 12189 nodes (7202666 simplex iterations) in 240.00 seconds (888.24 work units)
Thread count was 4 (of 32 available processors)

Solution count 10: 467.891 468.2 468.959 ... 482.579

Time limit reached
Best objective 4.678909091727e+02, best bound 4.395283066699e+02, gap 6.0618%

User-callback calls 59181, time in user-callback 0.01 sec
Cap boundary opt: PORT-588 stations=46 obj=467.891 real=466.051 baseline=565.737
Set parameter Username
Set parameter LicenseID to value 2738882
Academic license - for non-commercial use only - expires 2026-11-14
Segment 1 eval: start=BOAT-0 end=PORT-588 stations=22 (optimize)
  Segment 1 order: -501 503 -504 -488 -487 489 -486 -485 -461 464 465 466 467 468 469 470 -471 472 -122 -121 120 -119
Segment 2 eval: start=PORT-588 end=PORT-584 stations=24 (optimize)
  Segment 2 order: 118 -117 -116 115 476 477 478 475 473 -474 -479 481 480 463 -484 462 -483 -482 493 -492 -491 -490 -502 -500
Segment 3 eval: start=PORT-584 end=PORT-584 stations=10 (optimize)
  Segment 3 order: -460 -459 -458 -457 -456 -455 -454 -453 -452 -451
Segment 4 eval: start=PORT-584 end=PORT-593 stations=34 (optimize)
  Segment 4 order: -505 450 -449 -448 -447 -446 -445 439 -440 441 442 443 444 -506 507 508 509 510 511 514 -513 -512 435 436 437 438 434 -433 -432 -431 -430 -429 -428 -427
Segment 5 eval: start=PORT-593 end=PORT-593 stations=14 (optimize)
  Segment 5 order: 517 518 519 520 521 -580 -579 -525 -524 526 -523 -522 -516 -515
Segment 6 eval: start=PORT-593 end=PORT-591 stations=45 (optimize)
  Segment 6 order: -575 577 578 527 528 529 530 531 532 -533 -576 -574 -573 -571 -570 -569 572 534 535 -536 537 538 539 544 545 546 547 -548 -549 -541 -540 -543 542 -568 -567 -566 -565 -564 -563 -562 -554 553 550 551 552
Segment 7 eval: start=PORT-591 end=PORT-582 stations=121 (optimize)
  Segment 7 order: -346 276 277 278 279 280 281 557 -556 282 283 -284 555 558 559 -561 560 285 286 287 288 289 290 291 292 293 294 -295 296 297 306 -305 -298 299 300 301 302 304 -303 307 308 309 -310 311 312 -313 314 315 316 317 318 319 320 340 341 342 343 344 345 334 335 336 337 338 339 321 322 323 324 325 -327 328 330 -332 -331 -329 -326 349 350 351 352 353 -354 355 356 357 358 359 360 361 362 -348 333 347 363 -364 365 366 367 368 -425 -424 422 423 -421 420 -417 381 426 369 370 371 372 373 -374 375 376 377 378 379 380
Segment 8 eval: start=PORT-582 end=PORT-581 stations=53 (optimize)
  Segment 8 order: 57 59 -58 60 -64 65 -63 61 62 -386 -385 -384 -383 -382 414 419 -418 -416 415 413 -412 -411 410 -408 -409 404 407 -406 -405 -403 -402 387 388 389 390 391 392 393 394 395 401 400 -399 -398 -397 -396 -47 -46 -45 -44 -43 -42 -41
Segment 9 eval: start=PORT-581 end=PORT-583 stations=88 (optimize)
  Segment 9 order: 56 55 -54 -53 -52 -51 -50 -49 -48 -40 -39 -38 -37 66 67 68 69 70 77 -76 71 74 -73 -72 -75 -78 -79 27 29 30 -33 34 35 36 32 31 -28 -26 93 -92 94 91 80 81 82 83 84 85 -86 87 -88 89 -90 95 96 2 1 3 4 -25 -24 -23 -22 -21 20 -19 -18 -17 -16 -15 -14 -13 -12 -11 -10 -5 6 7 8 9 143 -142 -144 145 146 147 148 149
Segment 10 eval: start=PORT-583 end=PORT-583 stations=63 (optimize)
  Segment 10 order: -132 -181 -180 -229 -228 -179 -135 136 137 152 -151 139 -138 -141 -140 150 -158 157 153 154 155 156 -159 160 161 162 163 164 165 166 167 168 169 170 171 172 173 174 175 176 177 182 183 184 185 186 187 188 189 -190 223 224 226 178 227 -231 235 -234 -233 -232 -230 -134 -133
Segment 11 eval: start=PORT-583 end=PORT-588 stations=53 (optimize)
  Segment 11 order: -225 -222 -221 -220 -219 191 -218 192 193 194 195 196 197 198 203 204 -202 199 -200 201 205 206 207 208 209 210 211 212 213 -217 -216 214 215 -237 238 243 244 250 -251 249 -248 -245 247 -246 -242 241 -240 -239 -236 97 98 99 100
Segment 12 eval: start=PORT-588 end=PORT-588 stations=33 (optimize)
  Segment 12 order: 110 -270 -269 -268 264 265 267 266 123 124 125 -126 127 -263 -262 -261 -260 -259 258 128 129 130 131 -256 257 -255 -254 -252 -253 -271 272 273 -109
Segment 13 eval: start=PORT-588 end=BOAT-END stations=20 (optimize)
  Segment 13 order: -107 -106 -105 104 -103 -102 -101 108 274 111 275 -114 494 -113 -112 495 496 497 498 499
Cap boundary debug: PORT-588 -> [118 117 116 115 476 477 478 475 473 474 479 481 480 463 484 462 483 482 493 492 491 490 502 500] -> PORT-584 -> [460 459 458 457 456 455 454 453 452 451] -> PORT-584 | load_left=28677 load_right=44991 cap=45000
Set parameter Username
Set parameter LicenseID to value 2738882
Academic license - for non-commercial use only - expires 2026-11-14
Set parameter TimeLimit to value 240
Set parameter Seed to value 1229314669
Set parameter Threads to value 4
Set parameter OutputFlag to value 1
Set parameter LogToConsole to value 1
Set parameter LazyConstraints to value 1
Gurobi Optimizer version 13.0.0 build v13.0.0rc1 (linux64 - "Debian GNU/Linux 13 (trixie)")

CPU model: AMD Ryzen 9 5950X 16-Core Processor, instruction set [SSE2|AVX|AVX2]
Thread count: 16 physical cores, 32 logical processors, using up to 4 threads

Non-default parameters:
TimeLimit  240
Seed  1229314669
Threads  4
LazyConstraints  1

Optimize a model with 5890 rows, 15552 columns and 31092 nonzeros (Min)
Model fingerprint: 0x08f358f4
Model has 5036 linear objective coefficients
Variable types: 10368 continuous, 5184 integer (5184 binary)
Coefficient statistics:
  Matrix range     [1e+00, 4e+04]
  Objective range  [4e-01, 2e+02]
  Bounds range     [1e+00, 4e+04]
  RHS range        [1e+00, 2e+04]
Presolve removed 782 rows and 5648 columns
Presolve time: 0.05s
Presolved: 5108 rows, 9904 columns, 29694 nonzeros
Variable types: 4828 continuous, 5076 integer (5076 binary)

Root relaxation: objective 3.275838e+02, 9989 iterations, 0.35 seconds (1.01 work units)

    Nodes    |    Current Node    |     Objective Bounds      |     Work
 Expl Unexpl |  Obj  Depth IntInf | Incumbent    BestBd   Gap | It/Node Time

     0     0  327.58381    0  146          -  327.58381      -     -    0s
H    0     0                     427.9377232  327.58381  23.5%     -    0s
H    0     0                     427.2161411  327.58381  23.3%     -    0s
H    0     0                     427.1452214  327.58381  23.3%     -    0s
H    0     0                     421.4848980  327.58381  22.3%     -    0s
     0     0  327.58381    0  146  421.48490  327.58381  22.3%     -    0s
     0     0  331.86871    0  148  421.48490  331.86871  21.3%     -    0s
H    0     0                     421.3353563  331.86871  21.2%     -    1s
H    0     0                     415.9732509  331.86871  20.2%     -    1s
H    0     0                     409.6381566  331.86871  19.0%     -    1s
H    0     0                     408.5856818  331.86871  18.8%     -    1s
H    0     0                     406.1651261  331.86871  18.3%     -    1s
     0     0  331.87154    0  149  406.16513  331.87154  18.3%     -    1s
     0     0  335.42472    0  161  406.16513  335.42472  17.4%     -    1s
     0     0  336.05032    0  164  406.16513  336.05032  17.3%     -    1s
     0     0  336.05055    0  164  406.16513  336.05055  17.3%     -    1s
     0     0  336.99863    0  162  406.16513  336.99863  17.0%     -    2s
     0     0  337.09971    0  163  406.16513  337.09971  17.0%     -    2s
     0     0  337.10009    0  165  406.16513  337.10009  17.0%     -    2s
     0     0  338.63099    0  166  406.16513  338.63099  16.6%     -    2s
     0     0  338.83086    0  168  406.16513  338.83086  16.6%     -    2s
     0     0  338.83126    0  173  406.16513  338.83126  16.6%     -    2s
     0     0  339.27483    0  177  406.16513  339.27483  16.5%     -    2s
     0     0  339.52831    0  177  406.16513  339.52831  16.4%     -    2s
     0     0  339.52831    0  177  406.16513  339.52831  16.4%     -    2s
     0     0  339.52831    0  178  406.16513  339.52831  16.4%     -    2s
     0     0  339.83499    0  182  406.16513  339.83499  16.3%     -    2s
     0     0  339.98436    0  181  406.16513  339.98436  16.3%     -    2s
     0     0  339.98436    0  191  406.16513  339.98436  16.3%     -    2s
     0     0  339.98436    0  182  406.16513  339.98436  16.3%     -    2s
     0     0  339.98436    0  184  406.16513  339.98436  16.3%     -    2s
     0     0  341.99360    0  181  406.16513  341.99360  15.8%     -    3s
     0     0  348.13053    0  175  406.16513  348.13053  14.3%     -    3s
     0     0  348.46142    0  181  406.16513  348.46142  14.2%     -    3s
     0     0  348.47392    0  188  406.16513  348.47392  14.2%     -    3s
     0     0  348.47403    0  182  406.16513  348.47403  14.2%     -    3s
     0     0  348.71728    0  184  406.16513  348.71728  14.1%     -    3s
     0     0  348.72666    0  188  406.16513  348.72666  14.1%     -    3s
     0     0  349.02279    0  178  406.16513  349.02279  14.1%     -    3s
     0     0  349.02280    0  178  406.16513  349.02280  14.1%     -    3s
     0     0  349.06841    0  174  406.16513  349.06841  14.1%     -    3s
     0     0  349.07093    0  188  406.16513  349.07093  14.1%     -    3s
     0     0  349.08439    0  175  406.16513  349.08439  14.1%     -    4s
     0     0  349.08439    0  175  406.16513  349.08439  14.1%     -    4s
     0     0  349.08439    0  174  406.16513  349.08439  14.1%     -    4s
     0     2  351.19867    0  174  406.16513  351.19867  13.5%     -    4s
    24    31  351.98970    7  158  406.16513  351.19867  13.5%   337    5s
H   99   108                     406.1651256  351.19867  13.5%   201    6s
   506   511  371.98257  184   87  406.16513  351.19867  13.5%   111   10s
  1350  1321  377.00463  123  163  406.16513  351.19867  13.5%  89.2   16s
  1370  1334  368.34808   43  191  406.16513  353.48892  13.0%  87.9   20s
  1386  1345  375.34242  206  183  406.16513  356.03774  12.3%  86.9   25s
  1397  1352  376.06609  219  178  406.16513  356.77123  12.2%  86.2   30s
  1413  1363  393.29712  306  196  406.16513  357.32759  12.0%  85.2   35s
  1471  1404  363.52322   22  121  406.16513  357.45428  12.0%   126   40s
  1630  1483  391.73010   53   72  406.16513  357.47829  12.0%   143   45s
  2454  1576  366.65911   25   95  406.16513  359.69948  11.4%   157   50s
  3617  1898  381.42477   48  100  406.16513  359.84631  11.4%   158   55s
  4797  2532  386.87491   21  129  406.16513  361.33352  11.0%   157   60s
  5901  2998     cutoff   93       406.16513  363.77983  10.4%   153   65s
  7251  3849  381.45288   21  111  406.16513  365.38857  10.0%   152   70s
  8297  4484  385.31181   26   93  406.16513  366.01413  9.89%   156   75s
  9809  5688  387.12092   42  122  406.16513  366.71527  9.71%   152   80s
 11167  6619  403.27630   27  103  406.16513  367.43262  9.54%   148   85s
 12653  7649  389.22289   30  128  406.16513  368.23026  9.34%   149   90s
 14508  8840  387.35736   27   96  406.16513  369.14983  9.11%   145   96s
 16080  9827  388.52734   53  145  406.16513  369.91880  8.92%   144  101s
 17319 10766  382.81523   28   66  406.16513  370.38454  8.81%   146  105s
 18894 11878  398.97049   64   71  406.16513  370.98225  8.66%   145  110s
 20414 12764  402.96435   78   75  406.16513  371.43707  8.55%   145  115s
 22253 13847  379.60890   32  123  406.16513  372.04560  8.40%   146  121s
 23653 14834  397.57614   41  125  406.16513  372.39840  8.31%   145  125s
 25135 15648  399.66302   56   76  406.16513  372.94837  8.18%   145  130s
 26951 16652  395.88087   32  140  406.16513  373.24646  8.10%   145  136s
 28311 17413  376.83719   22  133  406.16513  373.63583  8.01%   146  140s
 29995 18373     cutoff   28       406.16513  374.06662  7.90%   147  146s
 31422 18965  390.63354   41  118  406.16513  374.54680  7.78%   146  150s
 32339 19528  388.43296   29  134  406.16513  374.76622  7.73%   147  155s
 33642 20033  398.05854   41  125  406.16513  375.23397  7.62%   146  160s
 35218 21068  397.33203   23  128  406.16513  375.63401  7.52%   146  165s
 36612 21700  394.48988   42  111  406.16513  376.21727  7.37%   146  170s
 38458 22599  392.47796   41   78  406.16513  376.68395  7.26%   146  175s
 40340 23487     cutoff   43       406.16513  377.17352  7.14%   146  181s
 41832 24282  385.50437   31  135  406.16513  377.49368  7.06%   145  185s
 43744 25175  381.24894   32  131  406.16513  377.97265  6.94%   146  191s
 44927 25810  397.75567   27  127  406.16513  378.18145  6.89%   146  195s
 47002 26895  399.96809   44  107  406.16513  378.55438  6.80%   145  200s
 48920 27660  402.34550   66   61  406.16513  378.91750  6.71%   145  206s
 50239 28215  391.12898   27  139  406.16513  379.17769  6.64%   145  210s
 51876 28790  397.57108   36  106  406.16513  379.64037  6.53%   146  215s
 53668 29511  394.51664   33  133  406.16513  379.95907  6.45%   146  221s
 55355 30082     cutoff   27       406.16513  380.38550  6.35%   146  226s
 56578 30459  404.54438   35   94  406.16513  380.65598  6.28%   146  230s
 57933 30887  400.37674   35  122  406.16513  380.97180  6.20%   147  236s
 58962 31247  397.58817   39   90  406.16513  381.26467  6.13%   148  240s

Cutting planes:
  Gomory: 2
  Cover: 19
  Implied bound: 127
  Projected implied bound: 11
  MIR: 142
  Mixing: 2
  Flow cover: 176
  GUB cover: 1
  Inf proof: 19
  Zero half: 43
  Mod-K: 1
  RLT: 13
  Relax-and-lift: 55
  BQP: 8

Explored 59232 nodes (8762218 simplex iterations) in 240.00 seconds (997.35 work units)
Thread count was 4 (of 32 available processors)

Solution count 10: 406.165 406.165 408.586 ... 427.938

Time limit reached
Warning: max constraint violation (6.6127e-03) exceeds tolerance
         (model may be infeasible or unbounded - try turning presolve off)
Best objective 4.061651256080e+02, best bound 3.812917639818e+02, gap 6.1240%

User-callback calls 143872, time in user-callback 0.00 sec
Cap boundary reject: PORT-584 real=513.760 baseline=406.165
Cap boundary debug: PORT-584 -> [460 459 458 457 456 455 454 453 452 451] -> PORT-584 -> [450 449 448 447 446 445 439 440 441 442 443 444 505 506 507 508 509 510 511 514 513 512 435 436 437 438 434 433 432 431 430 429 428 427] -> PORT-593 | load_left=44991 load_right=44676 cap=45000
Set parameter Username
Set parameter LicenseID to value 2738882
Academic license - for non-commercial use only - expires 2026-11-14
Set parameter TimeLimit to value 240
Set parameter Seed to value 1954765324
Set parameter Threads to value 4
Set parameter OutputFlag to value 1
Set parameter LogToConsole to value 1
Set parameter LazyConstraints to value 1
Gurobi Optimizer version 13.0.0 build v13.0.0rc1 (linux64 - "Debian GNU/Linux 13 (trixie)")

CPU model: AMD Ryzen 9 5950X 16-Core Processor, instruction set [SSE2|AVX|AVX2]
Thread count: 16 physical cores, 32 logical processors, using up to 4 threads

Non-default parameters:
TimeLimit  240
Seed  1954765324
Threads  4
LazyConstraints  1

Optimize a model with 9370 rows, 25392 columns and 50772 nonzeros (Min)
Model fingerprint: 0xedaf2d70
Model has 8276 linear objective coefficients
Variable types: 16928 continuous, 8464 integer (8464 binary)
Coefficient statistics:
  Matrix range     [1e+00, 4e+04]
  Objective range  [4e-01, 1e+02]
  Bounds range     [1e+00, 4e+04]
  RHS range        [1e+00, 2e+04]
Presolve removed 1002 rows and 9058 columns
Presolve time: 0.08s
Presolved: 8368 rows, 16334 columns, 48925 nonzeros
Variable types: 8008 continuous, 8326 integer (8326 binary)

Root relaxation: objective 4.311647e+02, 19518 iterations, 1.30 seconds (3.78 work units)

    Nodes    |    Current Node    |     Objective Bounds      |     Work
 Expl Unexpl |  Obj  Depth IntInf | Incumbent    BestBd   Gap | It/Node Time

     0     0  431.16467    0  157          -  431.16467      -     -    1s
H    0     0                     643.0299889  431.16467  32.9%     -    1s
H    0     0                     524.5888172  431.16467  17.8%     -    1s
     0     0  431.16467    0  156  524.58882  431.16467  17.8%     -    1s
     0     0  432.73607    0  181  524.58882  432.73607  17.5%     -    2s
H    0     0                     522.3426526  432.73607  17.2%     -    2s
H    0     0                     510.6279531  432.73607  15.3%     -    2s
H    0     0                     473.2806252  432.73607  8.57%     -    2s
H    0     0                     472.8746350  432.73607  8.49%     -    2s
H    0     0                     469.8282465  432.73607  7.89%     -    3s
H    0     0                     466.2825362  432.73607  7.19%     -    3s
     0     0  432.73654    0  181  466.28254  432.73654  7.19%     -    3s
     0     0  441.51954    0  161  466.28254  441.51954  5.31%     -    4s
     0     0  441.51954    0  155  466.28254  441.51954  5.31%     -    4s
     0     0  441.51954    0  161  466.28254  441.51954  5.31%     -    4s
     0     0  441.51971    0  169  466.28254  441.51971  5.31%     -    4s
     0     0  441.51976    0  171  466.28254  441.51976  5.31%     -    4s
     0     0  441.74919    0  173  466.28254  441.74919  5.26%     -    4s
     0     0  441.74919    0  173  466.28254  441.74919  5.26%     -    4s
     0     0  442.25202    0  153  466.28254  442.25202  5.15%     -    5s
     0     0  442.25643    0  173  466.28254  442.25643  5.15%     -    5s
     0     0  442.26340    0  174  466.28254  442.26340  5.15%     -    5s
     0     0  442.26340    0  175  466.28254  442.26340  5.15%     -    5s
     0     0  442.27555    0  172  466.28254  442.27555  5.15%     -    5s
     0     0  442.29316    0  182  466.28254  442.29316  5.14%     -    5s
     0     0  442.29316    0  182  466.28254  442.29316  5.14%     -    5s
     0     0  442.29316    0  182  466.28254  442.29316  5.14%     -    5s
     0     0  442.29316    0  153  466.28254  442.29316  5.14%     -    5s
     0     2  443.60046    0  153  466.28254  443.60046  4.86%     -    5s
  1117   958  452.60923   17  159  466.28254  444.74899  4.62%   135   10s
  1189  1014  452.20892   29  167  466.28254  451.04397  3.27%   164   15s
  2836  1020  462.54521   40   39  466.28254  454.76349  2.47%   143   20s
  5118   460     cutoff   36       466.28254  459.26240  1.51%   147   25s

Cutting planes:
  Gomory: 1
  Cover: 16
  Implied bound: 58
  Projected implied bound: 8
  MIR: 39
  Mixing: 2
  Flow cover: 90
  GUB cover: 1
  Inf proof: 11
  Zero half: 18
  Network: 1
  RLT: 6
  Relax-and-lift: 14
  BQP: 1

Explored 5808 nodes (954967 simplex iterations) in 26.48 seconds (73.04 work units)
Thread count was 4 (of 32 available processors)

Solution count 8: 466.283 469.828 472.875 ... 643.03

Optimal solution found (tolerance 1.00e-04)
Best objective 4.662825361616e+02, best bound 4.662825361616e+02, gap 0.0000%

User-callback calls 17149, time in user-callback 0.00 sec
Cap boundary reject: PORT-584 real=466.283 baseline=466.283
Cap boundary debug: PORT-584 -> [450 449 448 447 446 445 439 440 441 442 443 444 505 506 507 508 509 510 511 514 513 512 435 436 437 438 434 433 432 431 430 429 428 427] -> PORT-593 -> [515 516 517 518 519 520 521 522 523 526 525 524 580 579] -> PORT-593 | load_left=44676 load_right=36579 cap=45000
Set parameter Username
Set parameter LicenseID to value 2738882
Academic license - for non-commercial use only - expires 2026-11-14
Set parameter TimeLimit to value 240
Set parameter Seed to value 1873203469
Set parameter Threads to value 4
Set parameter OutputFlag to value 1
Set parameter LogToConsole to value 1
Set parameter LazyConstraints to value 1
Gurobi Optimizer version 13.0.0 build v13.0.0rc1 (linux64 - "Debian GNU/Linux 13 (trixie)")

CPU model: AMD Ryzen 9 5950X 16-Core Processor, instruction set [SSE2|AVX|AVX2]
Thread count: 16 physical cores, 32 logical processors, using up to 4 threads

Non-default parameters:
TimeLimit  240
Seed  1873203469
Threads  4
LazyConstraints  1

Optimize a model with 10986 rows, 30000 columns and 59988 nonzeros (Min)
Model fingerprint: 0x66e653ef
Model has 9800 linear objective coefficients
Variable types: 20000 continuous, 10000 integer (10000 binary)
Coefficient statistics:
  Matrix range     [1e+00, 4e+04]
  Objective range  [5e-05, 1e+05]
  Bounds range     [1e+00, 4e+04]
  RHS range        [1e+00, 1e+04]
Presolve removed 1090 rows and 10646 columns
Presolve time: 0.09s
Presolved: 9896 rows, 19354 columns, 57959 nonzeros
Variable types: 9504 continuous, 9850 integer (9850 binary)

Root relaxation: objective 3.567988e+02, 23758 iterations, 2.11 seconds (5.89 work units)

    Nodes    |    Current Node    |     Objective Bounds      |     Work
 Expl Unexpl |  Obj  Depth IntInf | Incumbent    BestBd   Gap | It/Node Time

     0     0  356.79879    0  214          -  356.79879      -     -    2s
H    0     0                     633.5146500  356.79879  43.7%     -    2s
H    0     0                     631.2204670  356.79879  43.5%     -    2s
H    0     0                     630.4937796  356.79879  43.4%     -    2s
H    0     0                     629.6677275  356.79879  43.3%     -    3s
H    0     0                     553.1317477  356.79879  35.5%     -    4s
H    0     0                     551.7003218  356.79879  35.3%     -    4s
H    0     0                     547.4171473  356.79879  34.8%     -    4s
H    0     0                     542.5335908  356.79879  34.2%     -    4s
H    0     0                     540.3728722  356.79879  34.0%     -    4s
H    0     0                     534.9158702  356.79879  33.3%     -    4s
H    0     0                     526.0564176  356.79879  32.2%     -    4s
     0     0  356.79879    0  208  526.05642  356.79879  32.2%     -    4s
     0     0  360.26353    0  221  526.05642  360.26353  31.5%     -    5s
H    0     0                     511.3293245  360.58398  29.5%     -    5s
H    0     0                     504.8035095  360.58398  28.6%     -    5s
H    0     0                     503.5403703  360.58398  28.4%     -    5s
H    0     0                     491.4476390  360.58398  26.6%     -    6s
H    0     0                     483.9954050  360.58398  25.5%     -    6s
H    0     0                     481.8808832  360.58398  25.2%     -    7s
H    0     0                     462.8791560  360.58398  22.1%     -    8s
H    0     0                     454.3199802  360.58398  20.6%     -    8s
H    0     0                     450.3992386  360.58398  19.9%     -    8s
H    0     0                     446.7083013  360.58398  19.3%     -    8s
H    0     0                     427.5138040  360.58398  15.7%     -    8s
     0     0  361.33178    0  222  427.51380  361.33178  15.5%     -    8s
     0     0  361.33205    0  223  427.51380  361.33205  15.5%     -    8s
     0     0  363.32799    0  236  427.51380  363.32799  15.0%     -    9s
     0     0  363.32799    0  206  427.51380  363.32799  15.0%     -   10s
     0     0  363.76385    0  211  427.51380  363.76385  14.9%     -   11s
H    0     0                     422.4167564  363.76385  13.9%     -   12s
     0     0  363.94954    0  214  422.41676  363.94954  13.8%     -   12s
     0     0  364.15395    0  223  422.41676  364.15395  13.8%     -   12s
     0     0  364.15932    0  223  422.41676  364.15932  13.8%     -   12s
     0     0  364.15974    0  223  422.41676  364.15974  13.8%     -   12s
     0     0  365.42033    0  240  422.41676  365.42033  13.5%     -   12s
     0     0  365.66854    0  234  422.41676  365.66854  13.4%     -   13s
     0     0  365.66854    0  230  422.41676  365.66854  13.4%     -   13s
     0     0  370.04197    0  250  422.41676  370.04197  12.4%     -   14s
     0     0  370.17414    0  252  422.41676  370.17414  12.4%     -   14s
     0     0  370.17491    0  248  422.41676  370.17491  12.4%     -   14s
     0     0  373.14899    0  246  422.41676  373.14899  11.7%     -   15s
     0     0  374.19215    0  258  422.41676  374.19215  11.4%     -   15s
     0     0  374.19215    0  258  422.41676  374.19215  11.4%     -   15s
     0     0  374.19215    0  257  422.41676  374.19215  11.4%     -   15s
     0     0  374.19215    0  259  422.41676  374.19215  11.4%     -   15s
     0     0  374.93735    0  247  422.41676  374.93735  11.2%     -   15s
     0     0  375.50023    0  250  422.41676  375.50023  11.1%     -   16s
     0     0  375.50023    0  246  422.41676  375.50023  11.1%     -   16s
     0     0  377.01148    0  246  422.41676  377.01148  10.7%     -   16s
     0     0  378.60509    0  250  422.41676  378.60509  10.4%     -   16s
     0     0  378.61704    0  251  422.41676  378.61704  10.4%     -   16s
     0     0  378.67843    0  251  422.41676  378.67843  10.4%     -   16s
     0     0  378.71575    0  252  422.41676  378.71575  10.3%     -   16s
     0     0  378.76615    0  260  422.41676  378.76615  10.3%     -   16s
     0     0  378.76883    0  261  422.41676  378.76883  10.3%     -   16s
     0     0  379.33557    0  240  422.41676  379.33557  10.2%     -   17s
     0     0  379.34484    0  244  422.41676  379.34484  10.2%     -   17s
     0     0  379.34997    0  244  422.41676  379.34997  10.2%     -   17s
     0     0  380.08320    0  253  422.41676  380.08320  10.0%     -   18s
     0     0  380.09528    0  252  422.41676  380.09528  10.0%     -   18s
     0     0  380.09630    0  255  422.41676  380.09630  10.0%     -   18s
     0     0  380.36066    0  251  422.41676  380.36066  10.0%     -   18s
     0     0  380.37144    0  257  422.41676  380.37144  10.0%     -   18s
     0     0  380.37144    0  258  422.41676  380.37144  10.0%     -   18s
     0     0  380.37330    0  261  422.41676  380.37330  10.0%     -   18s
     0     0  380.66966    0  258  422.41676  380.66966  9.88%     -   19s
H    0     0                     422.1025610  380.66966  9.82%     -   19s
H    0     0                     422.1025592  380.66966  9.82%     -   19s
     0     0  380.68019    0  263  422.10256  380.68019  9.81%     -   19s
     0     0  380.68030    0  264  422.10256  380.68030  9.81%     -   19s
     0     0  382.07121    0  235  422.10256  382.07121  9.48%     -   20s
     0     0  382.07840    0  215  422.10256  382.07840  9.48%     -   20s
     0     0  382.24313    0  239  422.10256  382.24313  9.44%     -   20s
     0     0  382.24313    0  216  422.10256  382.24313  9.44%     -   21s
     0     0  382.24313    0  244  422.10256  382.24313  9.44%     -   21s
     0     0  382.24313    0  241  422.10256  382.24313  9.44%     -   22s
     0     0  382.24313    0  243  422.10256  382.24313  9.44%     -   22s
     0     0  382.24313    0  254  422.10256  382.24313  9.44%     -   22s
     0     0  382.24313    0  239  422.10256  382.24313  9.44%     -   22s
     0     0  382.24313    0  238  422.10256  382.24313  9.44%     -   22s
     0     0  382.24313    0  234  422.10256  382.24313  9.44%     -   22s
     0     0  382.24313    0  235  422.10256  382.24313  9.44%     -   22s
     0     0  382.24386    0  237  422.10256  382.24386  9.44%     -   22s
     0     0  382.24391    0  237  422.10256  382.24391  9.44%     -   22s
     0     0  382.27669    0  233  422.10256  382.27669  9.44%     -   23s
     0     0  382.27669    0  233  422.10256  382.27669  9.44%     -   23s
     0     0  382.39441    0  238  422.10256  382.39441  9.41%     -   24s
     0     0  382.39472    0  240  422.10256  382.39472  9.41%     -   24s
     0     0  382.40373    0  239  422.10256  382.40373  9.41%     -   24s
     0     0  382.43887    0  237  422.10256  382.43887  9.40%     -   24s
     0     0  382.43887    0  236  422.10256  382.43887  9.40%     -   24s
     0     0  382.43887    0  236  422.10256  382.43887  9.40%     -   24s
     0     0  382.43887    0  236  422.10256  382.43887  9.40%     -   24s
     0     0  382.43887    0  236  422.10256  382.43887  9.40%     -   24s
H    0     0                     419.7552149  382.43887  8.89%     -   25s
H    0     0                     419.7027428  382.43887  8.88%     -   25s
H    0     2                     419.7027376  385.28742  8.20%     -   27s
     0     2  385.28742    0  236  419.70274  385.28742  8.20%     -   27s
   249   232  412.79723   47  163  419.70274  385.28742  8.20%   211   30s
H  364   334                     419.7027373  385.28742  8.20%   197   31s
  1115   925  406.63233   22  163  419.70274  385.88202  8.06%   172   35s
  1245   994  412.38868   59  230  419.70274  389.39457  7.22%   169   40s
  1278  1018  407.79283   39  221  419.70274  393.53618  6.23%   184   45s
  1317  1048  396.95403   32  186  419.70274  394.34951  6.04%   200   50s
  1566  1063  405.42747   33  178  419.70274  398.03160  5.16%   216   55s
H 2265  1100                     419.7027368  401.50995  4.33%   214   59s
  2277  1135     cutoff   38       419.70274  401.50995  4.33%   214   60s
  3173  1001     cutoff   45       419.70274  404.69588  3.58%   214   65s
  4238   804  417.16192   47  124  419.70274  407.37135  2.94%   211   71s
  5277   841  413.22092   42  127  419.70274  411.73484  1.90%   206   75s
  7275  1429  418.54558   73  101  419.70274  413.38175  1.51%   180   80s
  9093  1508  414.92415   42  168  419.70274  414.36463  1.27%   169   85s
 11256  1230  419.59040   39  132  419.70274  415.40847  1.02%   164   90s
 13037   491     cutoff   47       419.70274  416.63620  0.73%   170   95s

Cutting planes:
  Learned: 1
  Gomory: 9
  Lift-and-project: 1
  Cover: 11
  Implied bound: 90
  Projected implied bound: 7
  MIR: 133
  Mixing: 1
  Flow cover: 141
  GUB cover: 3
  Inf proof: 14
  Zero half: 10
  Mod-K: 1
  RLT: 3
  Relax-and-lift: 24
  BQP: 4

Explored 14184 nodes (2484532 simplex iterations) in 96.63 seconds (293.07 work units)
Thread count was 4 (of 32 available processors)

Solution count 10: 419.703 419.755 422.103 ... 481.881

Optimal solution found (tolerance 1.00e-04)
Best objective 4.197027367728e+02, best bound 4.197027367728e+02, gap 0.0000%

User-callback calls 47180, time in user-callback 0.00 sec
Cap boundary reject: PORT-593 real=483.649 baseline=434.726
Cap boundary debug: PORT-593 -> [515 516 517 518 519 520 521 522 523 526 525 524 580 579] -> PORT-593 -> [578 575 577 527 528 529 530 531 532 533 576 574 573 571 570 569 572 534 535 536 537 538 539 544 545 546 547 548 549 541 540 543 542 568 567 566 565 564 563 562 554 553 550 551 552] -> PORT-591 | load_left=36579 load_right=44719 cap=45000
Set parameter Username
Set parameter LicenseID to value 2738882
Academic license - for non-commercial use only - expires 2026-11-14
Set parameter TimeLimit to value 240
Set parameter Seed to value 806028103
Set parameter Threads to value 4
Set parameter OutputFlag to value 1
Set parameter LogToConsole to value 1
Set parameter LazyConstraints to value 1
Gurobi Optimizer version 13.0.0 build v13.0.0rc1 (linux64 - "Debian GNU/Linux 13 (trixie)")

CPU model: AMD Ryzen 9 5950X 16-Core Processor, instruction set [SSE2|AVX|AVX2]
Thread count: 16 physical cores, 32 logical processors, using up to 4 threads

Non-default parameters:
TimeLimit  240
Seed  806028103
Threads  4
LazyConstraints  1

Optimize a model with 16090 rows, 44652 columns and 89292 nonzeros (Min)
Model fingerprint: 0x5dcd60ed
Model has 14640 linear objective coefficients
Variable types: 29768 continuous, 14884 integer (14884 binary)
Coefficient statistics:
  Matrix range     [1e+00, 4e+04]
  Objective range  [5e-05, 1e+05]
  Bounds range     [1e+00, 4e+04]
  RHS range        [1e+00, 1e+04]
Presolve removed 1332 rows and 15673 columns
Presolve time: 0.14s
Presolved: 14758 rows, 28979 columns, 86761 nonzeros
Variable types: 14278 continuous, 14701 integer (14701 binary)

Root relaxation: objective 4.910162e+02, 38755 iterations, 3.80 seconds (10.99 work units)

    Nodes    |    Current Node    |     Objective Bounds      |     Work
 Expl Unexpl |  Obj  Depth IntInf | Incumbent    BestBd   Gap | It/Node Time

     0     0  491.01618    0  194          -  491.01618      -     -    4s
H    0     0                     706.6546915  491.01618  30.5%     -    5s
H    0     0                     644.6072139  491.01618  23.8%     -    5s
H    0     0                     644.6072122  491.01618  23.8%     -    5s
     0     0  497.18232    0  224  644.60721  497.18232  22.9%     -    7s
H    0     0                     636.6820317  497.53642  21.9%     -    7s
H    0     0                     634.8945879  497.53642  21.6%     -    7s
H    0     0                     631.7244625  497.53642  21.2%     -    7s
H    0     0                     624.4334201  497.53642  20.3%     -    7s
H    0     0                     597.1353130  497.53642  16.7%     -    8s
H    0     0                     597.1230722  497.53642  16.7%     -    8s
H    0     0                     590.8120258  497.53642  15.8%     -    9s
     0     0  499.27769    0  235  590.81203  499.27769  15.5%     -   12s
     0     0  504.19113    0  269  590.81203  504.19113  14.7%     -   12s
     0     0  504.19113    0  184  590.81203  504.19113  14.7%     -   15s
     0     0  504.19113    0  273  590.81203  504.19113  14.7%     -   17s
     0     0  504.60221    0  276  590.81203  504.60221  14.6%     -   18s
     0     0  505.66162    0  261  590.81203  505.66162  14.4%     -   18s
     0     0  505.71361    0  269  590.81203  505.71361  14.4%     -   18s
     0     0  507.14837    0  271  590.81203  507.14837  14.2%     -   18s
     0     0  507.14837    0  270  590.81203  507.14837  14.2%     -   18s
     0     0  508.61529    0  272  590.81203  508.61529  13.9%     -   19s
     0     0  508.62376    0  271  590.81203  508.62376  13.9%     -   19s
     0     0  511.54352    0  261  590.81203  511.54352  13.4%     -   20s
     0     0  511.54703    0  265  590.81203  511.54703  13.4%     -   20s
     0     0  512.44684    0  262  590.81203  512.44684  13.3%     -   21s
     0     0  512.48074    0  268  590.81203  512.48074  13.3%     -   21s
     0     0  512.48362    0  271  590.81203  512.48362  13.3%     -   21s
     0     0  513.22681    0  270  590.81203  513.22681  13.1%     -   21s
     0     0  517.99926    0  264  590.81203  517.99926  12.3%     -   22s
     0     0  518.00217    0  271  590.81203  518.00217  12.3%     -   22s
     0     0  518.56842    0  272  590.81203  518.56842  12.2%     -   22s
     0     0  518.60748    0  269  590.81203  518.60748  12.2%     -   23s
     0     0  518.60873    0  273  590.81203  518.60873  12.2%     -   23s
     0     0  518.67451    0  276  590.81203  518.67451  12.2%     -   23s
     0     0  518.68275    0  279  590.81203  518.68275  12.2%     -   23s
     0     0  518.70476    0  278  590.81203  518.70476  12.2%     -   23s
     0     0  518.70476    0  279  590.81203  518.70476  12.2%     -   23s
     0     0  519.39702    0  276  590.81203  519.39702  12.1%     -   24s
     0     0  519.43670    0  281  590.81203  519.43670  12.1%     -   24s
     0     0  519.43708    0  282  590.81203  519.43708  12.1%     -   24s
     0     0  519.46182    0  286  590.81203  519.46182  12.1%     -   24s
     0     0  519.47231    0  292  590.81203  519.47231  12.1%     -   24s
     0     0  519.47306    0  293  590.81203  519.47306  12.1%     -   24s
     0     0  520.19763    0  293  590.81203  520.19763  12.0%     -   25s
     0     0  520.21182    0  288  590.81203  520.21182  11.9%     -   25s
     0     0  520.21182    0  292  590.81203  520.21182  11.9%     -   25s
     0     0  520.31350    0  287  590.81203  520.31350  11.9%     -   25s
H    0     0                     590.7468142  520.31846  11.9%     -   26s
     0     0  520.31895    0  291  590.74681  520.31895  11.9%     -   26s
     0     0  520.35499    0  291  590.74681  520.35499  11.9%     -   26s
     0     0  520.36498    0  296  590.74681  520.36498  11.9%     -   26s
     0     0  520.36537    0  296  590.74681  520.36537  11.9%     -   26s
     0     0  520.51766    0  293  590.74681  520.51766  11.9%     -   27s
     0     0  520.54013    0  284  590.74681  520.54013  11.9%     -   28s
     0     0  520.54052    0  293  590.74681  520.54052  11.9%     -   28s
     0     0  520.68921    0  285  590.74681  520.68921  11.9%     -   28s
     0     0  520.69432    0  287  590.74681  520.69432  11.9%     -   28s
     0     0  520.74694    0  285  590.74681  520.74694  11.8%     -   28s
     0     0  520.75311    0  286  590.74681  520.75311  11.8%     -   29s
     0     0  520.76331    0  291  590.74681  520.76331  11.8%     -   29s
     0     0  520.76331    0  291  590.74681  520.76331  11.8%     -   29s
     0     0  520.76331    0  290  590.74681  520.76331  11.8%     -   29s
     0     0  520.76331    0  184  590.74681  520.76331  11.8%     -   32s
     0     0  520.76331    0  237  590.74681  520.76331  11.8%     -   33s
     0     0  520.76331    0  269  590.74681  520.76331  11.8%     -   34s
     0     0  520.76331    0  284  590.74681  520.76331  11.8%     -   34s
     0     0  520.76331    0  278  590.74681  520.76331  11.8%     -   34s
     0     0  520.76331    0  270  590.74681  520.76331  11.8%     -   34s
     0     0  520.76331    0  281  590.74681  520.76331  11.8%     -   34s
     0     0  520.76331    0  279  590.74681  520.76331  11.8%     -   34s
     0     0  520.76331    0  269  590.74681  520.76331  11.8%     -   34s
     0     0  520.76331    0  278  590.74681  520.76331  11.8%     -   34s
     0     0  520.76331    0  278  590.74681  520.76331  11.8%     -   34s
     0     0  520.76331    0  277  590.74681  520.76331  11.8%     -   34s
     0     0  520.76331    0  279  590.74681  520.76331  11.8%     -   34s
     0     0  520.76331    0  277  590.74681  520.76331  11.8%     -   34s
     0     0  520.76331    0  280  590.74681  520.76331  11.8%     -   35s
     0     0  522.27750    0  275  590.74681  522.27750  11.6%     -   36s
     0     0  522.32587    0  282  590.74681  522.32587  11.6%     -   36s
     0     0  522.32600    0  281  590.74681  522.32600  11.6%     -   36s
     0     0  522.42098    0  280  590.74681  522.42098  11.6%     -   36s
     0     0  522.44847    0  281  590.74681  522.44847  11.6%     -   36s
     0     0  522.44868    0  282  590.74681  522.44868  11.6%     -   36s
     0     0  522.46983    0  288  590.74681  522.46983  11.6%     -   37s
     0     0  522.48003    0  285  590.74681  522.48003  11.6%     -   37s
     0     0  522.66439    0  284  590.74681  522.66439  11.5%     -   37s
H    0     0                     588.8132210  522.66823  11.2%     -   38s
     0     0  522.66823    0  287  588.81322  522.66823  11.2%     -   38s
     0     0  522.73277    0  288  588.81322  522.73277  11.2%     -   38s
     0     0  522.75401    0  287  588.81322  522.75401  11.2%     -   38s
     0     0  522.75430    0  288  588.81322  522.75430  11.2%     -   38s
     0     0  522.77230    0  285  588.81322  522.77230  11.2%     -   38s
     0     0  522.77347    0  289  588.81322  522.77347  11.2%     -   38s
     0     0  522.80148    0  292  588.81322  522.80148  11.2%     -   39s
     0     0  522.80654    0  295  588.81322  522.80654  11.2%     -   39s
     0     0  522.84600    0  287  588.81322  522.84600  11.2%     -   39s
     0     0  522.84600    0  287  588.81322  522.84600  11.2%     -   39s
     0     0  522.84600    0  268  588.81322  522.84600  11.2%     -   39s
     0     2  525.32239    0  267  588.81322  525.32239  10.8%     -   40s
H  138   147                     587.5520109  525.32239  10.6%   444   44s
H  186   192                     587.0520455  525.32239  10.5%   357   44s
   235   240  563.20331   45  176  587.05205  525.32239  10.5%   330   45s
   656   667  556.63724   74  154  587.05205  525.32239  10.5%   254   50s
H  792   788                     587.0520418  525.32239  10.5%   239   51s
  1130  1035  540.34138   53  269  587.05204  525.99606  10.4%   213   57s
H 1131   984                     586.8638151  525.99606  10.4%   213   58s
  1133   985  549.13209   28  229  586.86382  525.99606  10.4%   213   60s
  1159  1002  531.35814   11  302  586.86382  528.20924  10.0%   208   65s
  1188  1022  563.67549   63  328  586.86382  532.38694  9.28%   203   70s
  1220  1043  547.63417   42  352  586.86382  535.41030  8.77%   198   75s
  1251  1064  536.00062    9  355  586.86382  536.00062  8.67%   193   80s
  1277  1081  536.34133   31  350  586.86382  536.34133  8.61%   189   85s
  1310  1103  566.58193   75  348  586.86382  536.76222  8.54%   184   90s
  1337  1121  540.53947   54  358  586.86382  537.38810  8.43%   180   95s
  1370  1143  537.88351   42  359  586.86382  537.88351  8.35%   176  100s
  1395  1160  538.15949   32  360  586.86382  538.15949  8.30%   173  105s
  1420  1176  547.63417   42  368  586.86382  538.26857  8.28%   170  110s
  1426  1181  538.28661   15  188  586.86382  538.28661  8.28%   251  116s
  1443  1193  546.92523   86  329  586.86382  538.37649  8.26%   248  120s
H 1453  1138                     586.3366388  539.71175  7.95%   247  123s
  1465  1146  549.32275   65  332  586.33664  539.85522  7.93%   245  125s
  1489  1162  548.62674   41  318  586.33664  540.06047  7.89%   241  132s
  1501  1177  542.99930   27  215  586.33664  540.42298  7.83%   284  135s
  1629  1253  551.05186   38  163  586.33664  540.42298  7.83%   295  140s
H 1640  1194                     584.5491950  540.42298  7.55%   294  140s
  1785  1225  568.45308   48  172  584.54919  540.52350  7.53%   295  145s
H 1793  1165                     584.5491889  540.52350  7.53%   296  145s
  2069  1247  579.91421   50  125  584.54919  540.52350  7.53%   299  150s
  2521  1386  567.94288   33  164  584.54919  541.22901  7.41%   302  155s
H 2993  1539                     584.5491814  541.69365  7.33%   293  159s
  3056  1589  561.13709   74  154  584.54918  541.69365  7.33%   291  160s
  3637  1766  553.33137   38  180  584.54918  542.48612  7.20%   281  165s
  4014  1925  559.16643   41  172  584.54918  542.99516  7.11%   280  170s
  4708  2148  562.60595   31  196  584.54918  543.72862  6.98%   271  175s
  5427  2731  550.83834   33  178  584.54918  543.99793  6.94%   272  180s
  6065  3099  560.10239   46  175  584.54918  544.18201  6.91%   272  185s
  6531  3442  548.72489   32  218  584.54918  544.57660  6.84%   280  190s
  6899  3642  574.75477   77  134  584.54918  544.66961  6.82%   284  195s
  7515  4211  557.19064   50  163  584.54918  544.91903  6.78%   293  201s
  8195  4628  569.71825   41  199  584.54918  545.16734  6.74%   287  206s
  8747  5009  579.59727   46  135  584.54918  545.41399  6.69%   288  211s
  9408  5338 infeasible   50       584.54918  545.70353  6.65%   292  217s
  9938  5807  552.02317   33  211  584.54918  545.79604  6.63%   296  222s
 10228  6096  581.51945   47  155  584.54918  545.79604  6.63%   299  226s
 11323  6644  571.03667   64  181  584.54918  546.41759  6.52%   292  232s
 11675  7099  553.33153   44  219  584.54918  546.64949  6.48%   296  236s
 12295  7325  573.39541   34  186  584.54918  546.96652  6.43%   293  240s

Cutting planes:
  Gomory: 9
  Cover: 21
  Implied bound: 154
  Projected implied bound: 10
  Clique: 2
  MIR: 212
  Mixing: 1
  Flow cover: 172
  GUB cover: 4
  Inf proof: 6
  Zero half: 28
  RLT: 10
  Relax-and-lift: 26
  BQP: 4

Explored 12638 nodes (3901021 simplex iterations) in 240.00 seconds (714.57 work units)
Thread count was 4 (of 32 available processors)

Solution count 10: 584.549 586.337 586.864 ... 597.123

Time limit reached
Best objective 5.845491814070e+02, best bound 5.470500356349e+02, gap 6.4151%

User-callback calls 64817, time in user-callback 0.00 sec
Cap boundary opt: PORT-593 stations=59 obj=584.549 real=584.549 baseline=624.506
Set parameter Username
Set parameter LicenseID to value 2738882
Academic license - for non-commercial use only - expires 2026-11-14
Segment 1 eval: start=BOAT-0 end=PORT-588 stations=22 (optimize)
  Segment 1 order: -501 503 -504 -488 -487 489 -486 -485 -461 464 465 466 467 468 469 470 -471 472 -122 -121 120 -119
Segment 2 eval: start=PORT-588 end=PORT-584 stations=24 (optimize)
  Segment 2 order: 118 -117 -116 115 476 477 478 475 473 -474 -479 481 480 463 -484 462 -483 -482 493 -492 -491 -490 -502 -500
Segment 3 eval: start=PORT-584 end=PORT-584 stations=10 (optimize)
  Segment 3 order: -460 -459 -458 -457 -456 -455 -454 -453 -452 -451
Segment 4 eval: start=PORT-584 end=PORT-593 stations=34 (optimize)
  Segment 4 order: -505 450 -449 -448 -447 -446 -445 439 -440 441 442 443 444 -506 507 508 509 510 511 514 -513 -512 435 436 437 438 434 -433 -432 -431 -430 -429 -428 -427
Segment 5 eval: start=PORT-593 end=PORT-593 stations=11 (optimize)
  Segment 5 order: 518 -580 -579 -578 -525 -524 -521 -520 -519 -516 -515
Segment 6 eval: start=PORT-593 end=PORT-591 stations=48 (optimize)
  Segment 6 order: 517 522 523 526 -575 -577 527 528 529 530 531 532 -533 -576 -574 -573 -571 -570 -569 572 534 535 -536 537 538 539 544 545 546 547 -548 -549 -541 -540 -543 542 -568 -567 -566 -565 -564 -563 -562 -554 553 550 551 552
Segment 7 eval: start=PORT-591 end=PORT-582 stations=121 (optimize)
  Segment 7 order: -346 276 277 278 279 280 281 557 -556 282 283 -284 555 558 559 -561 560 285 286 287 288 289 290 291 292 293 294 -295 296 297 306 -305 -298 299 300 301 302 304 -303 307 308 309 -310 311 312 -313 314 315 316 317 318 319 320 340 341 342 343 344 345 334 335 336 337 338 339 321 322 323 324 325 -327 328 330 -332 -331 -329 -326 349 350 351 352 353 -354 355 356 357 358 359 360 361 362 -348 333 347 363 -364 365 366 367 368 -425 -424 422 423 -421 420 -417 381 426 369 370 371 372 373 -374 375 376 377 378 379 380
Segment 8 eval: start=PORT-582 end=PORT-581 stations=53 (optimize)
  Segment 8 order: 57 59 -58 60 -64 65 -63 61 62 -386 -385 -384 -383 -382 414 419 -418 -416 415 413 -412 -411 410 -408 -409 404 407 -406 -405 -403 -402 387 388 389 390 391 392 393 394 395 401 400 -399 -398 -397 -396 -47 -46 -45 -44 -43 -42 -41
Segment 9 eval: start=PORT-581 end=PORT-583 stations=88 (optimize)
  Segment 9 order: 56 55 -54 -53 -52 -51 -50 -49 -48 -40 -39 -38 -37 66 67 68 69 70 77 -76 71 74 -73 -72 -75 -78 -79 27 29 30 -33 34 35 36 32 31 -28 -26 93 -92 94 91 80 81 82 83 84 85 -86 87 -88 89 -90 95 96 2 1 3 4 -25 -24 -23 -22 -21 20 -19 -18 -17 -16 -15 -14 -13 -12 -11 -10 -5 6 7 8 9 143 -142 -144 145 146 147 148 149
Segment 10 eval: start=PORT-583 end=PORT-583 stations=63 (optimize)
  Segment 10 order: -132 -181 -180 -229 -228 -179 -135 136 137 152 -151 139 -138 -141 -140 150 -158 157 153 154 155 156 -159 160 161 162 163 164 165 166 167 168 169 170 171 172 173 174 175 176 177 182 183 184 185 186 187 188 189 -190 223 224 226 178 227 -231 235 -234 -233 -232 -230 -134 -133
Segment 11 eval: start=PORT-583 end=PORT-588 stations=53 (optimize)
  Segment 11 order: -225 -222 -221 -220 -219 191 -218 192 193 194 195 196 197 198 203 204 -202 199 -200 201 205 206 207 208 209 210 211 212 213 -217 -216 214 215 -237 238 243 244 250 -251 249 -248 -245 247 -246 -242 241 -240 -239 -236 97 98 99 100
Segment 12 eval: start=PORT-588 end=PORT-588 stations=33 (optimize)
  Segment 12 order: 110 -270 -269 -268 264 265 267 266 123 124 125 -126 127 -263 -262 -261 -260 -259 258 128 129 130 131 -256 257 -255 -254 -252 -253 -271 272 273 -109
Segment 13 eval: start=PORT-588 end=BOAT-END stations=20 (optimize)
  Segment 13 order: -107 -106 -105 104 -103 -102 -101 108 274 111 275 -114 494 -113 -112 495 496 497 498 499
Cap boundary debug: PORT-593 -> [517 522 523 526 575 577 527 528 529 530 531 532 533 576 574 573 571 570 569 572 534 535 536 537 538 539 544 545 546 547 548 549 541 540 543 542 568 567 566 565 564 563 562 554 553 550 551 552] -> PORT-591 -> [285 284 555 558 560 561 559 557 556 282 283 287 286 290 291 292 293 294 295 296 297 306 305 298 299 300 301 302 304 303 307 308 309 311 310 289 288 312 313 314 315 316 317 318 319 320 340 343 342 341 281 280 279 278 277 276 346 345 344 334 333 347 363 348 332 331 330 329 328 336 335 337 338 339 321 322 323 324 325 327 326 349 350 351 352 353 354 355 356 357 358 359 360 361 362 364 365 366 367 368 426 369 370 371 372 373 374 375 376 377 378 379 380 381 425 417 424 422 423 421 420] -> PORT-582 | load_left=38164 load_right=44241 cap=45000
Set parameter Username
Set parameter LicenseID to value 2738882
Academic license - for non-commercial use only - expires 2026-11-14
Set parameter TimeLimit to value 240
Set parameter Seed to value 2000000000
Set parameter Threads to value 4
Set parameter OutputFlag to value 1
Set parameter LogToConsole to value 1
Set parameter LazyConstraints to value 1
Gurobi Optimizer version 13.0.0 build v13.0.0rc1 (linux64 - "Debian GNU/Linux 13 (trixie)")

CPU model: AMD Ryzen 9 5950X 16-Core Processor, instruction set [SSE2|AVX|AVX2]
Thread count: 16 physical cores, 32 logical processors, using up to 4 threads

Non-default parameters:
TimeLimit  240
Seed  2000000000
Threads  4
LazyConstraints  1

Optimize a model with 120370 rows, 350892 columns and 701772 nonzeros (Min)
Model fingerprint: 0xa60ac5bb
Model has 116280 linear objective coefficients
Variable types: 233928 continuous, 116964 integer (116964 binary)
Coefficient statistics:
  Matrix range     [1e+00, 4e+04]
  Objective range  [4e-01, 1e+05]
  Bounds range     [1e+00, 4e+04]
  RHS range        [1e+00, 3e+03]
Presolve removed 3752 rows and 119183 columns
Presolve time: 0.83s
Presolved: 116618 rows, 231709 columns, 695408 nonzeros
Variable types: 115258 continuous, 116451 integer (116451 binary)
Root relaxation presolved: 116619 rows, 231709 columns, 713632 nonzeros

Deterministic concurrent LP optimizer: primal simplex, dual simplex, and barrier
Showing barrier log only...

Root barrier log...

Ordering time: 0.08s

Barrier statistics:
 AA' NZ     : 7.157e+05
 Factor NZ  : 1.523e+06 (roughly 150 MB of memory)
 Factor Ops : 8.376e+08 (less than 1 second per iteration)
 Threads    : 2

                  Objective                Residual
Iter       Primal          Dual         Primal    Dual     Compl     Time
   0   2.40713658e+10 -5.93417249e+13  3.07e+05 3.72e+04  1.72e+08     2s
   1   1.13986416e+10 -3.89946526e+13  1.46e+05 1.77e+04  9.81e+07     2s
   2   7.74327339e+09 -2.00372454e+12  9.89e+04 6.98e-10  2.17e+07     2s
   3   3.57952589e+09 -9.58071188e+11  4.57e+04 6.19e-10  9.89e+06     2s
   4   1.29053119e+09 -7.01592599e+11  1.65e+04 5.89e-10  4.16e+06     2s
   5   1.60128564e+08 -4.13805547e+11  2.01e+03 5.97e-10  1.07e+06     2s
   6   6.26617094e+06 -3.56653694e+10  5.14e+01 7.52e-10  6.86e+04     2s
   7   4.02963741e+06 -7.75524878e+09  2.27e+01 1.56e-09  1.54e+04     2s
   8   3.92826584e+06 -6.60948176e+09  2.14e+01 1.73e-09  1.32e+04     2s
   9   3.28157296e+06 -5.12065767e+09  1.34e+01 4.73e-09  9.76e+03     2s
  10   3.09500214e+06 -2.68814965e+09  1.03e+01 4.84e-09  5.04e+03     2s
  11   2.95597321e+06 -9.57481916e+08  8.49e+00 6.13e-09  1.80e+03     3s
  12   2.51509909e+06 -1.84012827e+08  3.12e+00 1.43e-09  3.34e+02     3s
  13   2.24211375e+06 -5.07470382e+07  1.07e+00 8.15e-10  9.30e+01     3s
  14   1.78821869e+06 -4.34792488e+07  3.92e-01 6.69e-10  7.87e+01     3s
  15   1.08193458e+06 -1.28314561e+07  4.87e-02 3.58e-10  2.41e+01     3s
  16   1.89666163e+05 -1.05120689e+06  1.02e-08 1.75e-10  2.14e+00     3s
  17   1.84226144e+04 -6.69627377e+04  5.93e-10 1.75e-10  1.48e-01     3s
  18   1.35132494e+04 -5.61071133e+04  4.12e-11 3.12e-10  1.20e-01     3s
  19   1.21124432e+04 -1.83795725e+04  4.47e-11 3.78e-10  5.27e-02     3s
  20   9.14716804e+03 -1.17990438e+04  6.26e-11 4.66e-10  3.62e-02     3s
  21   6.27555508e+03 -3.79225796e+03  1.10e-10 3.64e-10  1.74e-02     3s
  22   3.71345118e+03 -1.60995381e+03  3.96e-10 3.64e-10  9.20e-03     3s
  23   2.59097099e+03 -7.61068990e+02  1.15e-10 2.62e-10  5.79e-03     3s
  24   1.67942908e+03  4.22097824e+02  4.19e-10 1.60e-10  2.17e-03     4s
  25   1.45320714e+03  9.10518335e+02  1.44e-10 3.20e-10  9.38e-04     4s
  26   1.32104977e+03  1.17358510e+03  2.15e-09 2.77e-10  2.55e-04     4s
  27   1.29044243e+03  1.24469292e+03  2.26e-09 2.04e-10  7.91e-05     4s
  28   1.27687303e+03  1.26088946e+03  6.42e-10 2.80e-10  2.76e-05     4s
  29   1.27354431e+03  1.26385181e+03  2.73e-10 3.64e-10  1.67e-05     4s
  30   1.27188370e+03  1.26779950e+03  7.32e-10 2.33e-10  7.06e-06     4s
  31   1.27071560e+03  1.27023552e+03  2.94e-09 3.20e-10  8.30e-07     4s
  32   1.27059718e+03  1.27050209e+03  6.82e-10 1.02e-10  1.64e-07     4s
  33   1.27056400e+03  1.27054762e+03  2.61e-10 3.35e-10  2.83e-08     4s
  34   1.27055789e+03  1.27055437e+03  1.11e-09 2.47e-10  6.08e-09     4s
  35   1.27055546e+03  1.27055531e+03  1.89e-09 2.12e-10  2.74e-10     4s
  36   1.27055543e+03  1.27055540e+03  3.61e-08 2.33e-10  5.96e-11     5s
  37   1.27055541e+03  1.27055540e+03  9.94e-09 2.18e-10  1.73e-11     5s

Barrier solved model in 37 iterations and 4.67 seconds (6.70 work units)
Optimal objective 1.27055541e+03

Crossover time: 0.32 seconds (0.69 work units)
Concurrent spin time: 0.01s

Solved with barrier

Root simplex log...

Iteration    Objective       Primal Inf.    Dual Inf.      Time
   50343    1.2705554e+03   0.000000e+00   0.000000e+00      5s

Root relaxation: objective 1.270555e+03, 50343 iterations, 3.71 seconds (4.65 work units)

    Nodes    |    Current Node    |     Objective Bounds      |     Work
 Expl Unexpl |  Obj  Depth IntInf | Incumbent    BestBd   Gap | It/Node Time

     0     0 1270.55540    0  576          - 1270.55540      -     -   14s
H    0     0                    1881.0144394 1270.55540  32.5%     -   21s
H    0     0                    1834.9183937 1270.55540  30.8%     -   23s
H    0     0                    1789.3511518 1270.55540  29.0%     -   24s
H    0     0                    1788.6585761 1270.55540  29.0%     -   28s
H    0     0                    1746.3546006 1270.55540  27.2%     -   30s
H    0     0                    1651.6815466 1270.55540  23.1%     -   31s
H    0     0                    1637.0355253 1270.55540  22.4%     -   34s
H    0     0                    1635.1190592 1270.55540  22.3%     -   37s
H    0     0                    1631.9650052 1270.55540  22.1%     -   41s
     0     0 1270.55540    0  507 1631.96501 1270.55540  22.1%     -   49s
     0     0 1278.10497    0  591 1631.96501 1278.10497  21.7%     -   75s
H    0     0                    1604.8425968 1278.13386  20.4%     -   77s
H    0     0                    1572.6402150 1278.13386  18.7%     -   80s
H    0     0                    1557.0389441 1278.13386  17.9%     -  101s
H    0     0                    1557.0389438 1278.13386  17.9%     -  103s
H    0     0                    1541.4525065 1278.13386  17.1%     -  109s
H    0     0                    1541.4524886 1278.13386  17.1%     -  111s
H    0     0                    1536.2746221 1278.13386  16.8%     -  111s
     0     0 1278.13386    0  591 1536.27462 1278.13386  16.8%     -  118s
     0     0 1282.26340    0  527 1536.27462 1282.26340  16.5%     -  145s
     0     0 1282.28566    0  529 1536.27462 1282.28566  16.5%     -  145s
     0     0 1282.28566    0  530 1536.27462 1282.28566  16.5%     -  145s
     0     0 1286.88112    0  593 1536.27462 1286.88112  16.2%     -  229s
     0     0          -    0      1536.27462 1286.88798  16.2%     -  240s

Cutting planes:
  Gomory: 1
  Cover: 4
  Implied bound: 89
  MIR: 16
  Flow cover: 34
  Zero half: 43
  Relax-and-lift: 104
  BQP: 2
  Lazy constraints: 2

Explored 1 nodes (246998 simplex iterations) in 240.01 seconds (649.14 work units)
Thread count was 4 (of 32 available processors)

Solution count 10: 1536.27 1541.45 1557.04 ... 1746.35

Time limit reached
Best objective 1.536274622062e+03, best bound 1.286887975092e+03, gap 16.2332%

User-callback calls 13491, time in user-callback 0.02 sec
Cap boundary opt: PORT-591 stations=169 obj=1536.275 real=1391.858 baseline=1414.024
Set parameter Username
Set parameter LicenseID to value 2738882
Academic license - for non-commercial use only - expires 2026-11-14
Segment 1 eval: start=BOAT-0 end=PORT-588 stations=22 (optimize)
  Segment 1 order: -501 503 -504 -488 -487 489 -486 -485 -461 464 465 466 467 468 469 470 -471 472 -122 -121 120 -119
Segment 2 eval: start=PORT-588 end=PORT-584 stations=24 (optimize)
  Segment 2 order: 118 -117 -116 115 476 477 478 475 473 -474 -479 481 480 463 -484 462 -483 -482 493 -492 -491 -490 -502 -500
Segment 3 eval: start=PORT-584 end=PORT-584 stations=10 (optimize)
  Segment 3 order: -460 -459 -458 -457 -456 -455 -454 -453 -452 -451
Segment 4 eval: start=PORT-584 end=PORT-593 stations=34 (optimize)
  Segment 4 order: -505 450 -449 -448 -447 -446 -445 439 -440 441 442 443 444 -506 507 508 509 510 511 514 -513 -512 435 436 437 438 434 -433 -432 -431 -430 -429 -428 -427
Segment 5 eval: start=PORT-593 end=PORT-593 stations=11 (optimize)
  Segment 5 order: 518 -580 -579 -578 -525 -524 -521 -520 -519 -516 -515
Segment 6 eval: start=PORT-593 end=PORT-591 stations=54 (optimize)
  Segment 6 order: 517 522 523 526 -575 -577 527 528 529 530 531 532 -533 -576 -574 -573 -571 -570 -569 572 534 535 -536 537 538 539 544 -540 -543 542 -568 -567 -566 -565 -564 -563 -562 -554 553 550 551 552 285 286 287 -282 556 -557 -281 -280 -279 -278 -277 -276
Segment 7 eval: start=PORT-591 end=PORT-582 stations=115 (optimize)
  Segment 7 order: -346 -345 -344 -343 -342 -341 -316 283 -284 555 558 559 -560 561 -549 -541 545 546 -548 -547 297 298 299 300 301 302 303 304 305 306 -296 295 293 294 307 308 309 311 310 -292 -291 -290 -289 288 312 -313 314 315 317 318 319 320 340 339 321 322 -324 -323 338 -337 -336 -335 -334 -333 347 363 -348 -332 -331 -330 -329 -328 325 -327 326 349 350 351 352 353 -354 355 356 357 358 359 360 361 -362 -364 365 366 367 368 -425 -424 422 423 -421 420 -417 381 426 369 370 371 372 373 -374 375 376 377 378 379 380
Segment 8 eval: start=PORT-582 end=PORT-581 stations=53 (optimize)
  Segment 8 order: 57 59 -58 60 -64 65 -63 61 62 -386 -385 -384 -383 -382 414 419 -418 -416 415 413 -412 -411 410 -408 -409 404 407 -406 -405 -403 -402 387 388 389 390 391 392 393 394 395 401 400 -399 -398 -397 -396 -47 -46 -45 -44 -43 -42 -41
Segment 9 eval: start=PORT-581 end=PORT-583 stations=88 (optimize)
  Segment 9 order: 56 55 -54 -53 -52 -51 -50 -49 -48 -40 -39 -38 -37 66 67 68 69 70 77 -76 71 74 -73 -72 -75 -78 -79 27 29 30 -33 34 35 36 32 31 -28 -26 93 -92 94 91 80 81 82 83 84 85 -86 87 -88 89 -90 95 96 2 1 3 4 -25 -24 -23 -22 -21 20 -19 -18 -17 -16 -15 -14 -13 -12 -11 -10 -5 6 7 8 9 143 -142 -144 145 146 147 148 149
Segment 10 eval: start=PORT-583 end=PORT-583 stations=63 (optimize)
  Segment 10 order: -132 -181 -180 -229 -228 -179 -135 136 137 152 -151 139 -138 -141 -140 150 -158 157 153 154 155 156 -159 160 161 162 163 164 165 166 167 168 169 170 171 172 173 174 175 176 177 182 183 184 185 186 187 188 189 -190 223 224 226 178 227 -231 235 -234 -233 -232 -230 -134 -133
Segment 11 eval: start=PORT-583 end=PORT-588 stations=53 (optimize)
  Segment 11 order: -225 -222 -221 -220 -219 191 -218 192 193 194 195 196 197 198 203 204 -202 199 -200 201 205 206 207 208 209 210 211 212 213 -217 -216 214 215 -237 238 243 244 250 -251 249 -248 -245 247 -246 -242 241 -240 -239 -236 97 98 99 100
Segment 12 eval: start=PORT-588 end=PORT-588 stations=33 (optimize)
  Segment 12 order: 110 -270 -269 -268 264 265 267 266 123 124 125 -126 127 -263 -262 -261 -260 -259 258 128 129 130 131 -256 257 -255 -254 -252 -253 -271 272 273 -109
Segment 13 eval: start=PORT-588 end=BOAT-END stations=20 (optimize)
  Segment 13 order: -107 -106 -105 104 -103 -102 -101 108 274 111 275 -114 494 -113 -112 495 496 497 498 499
Cap boundary debug: PORT-591 -> [346 345 344 343 340 320 319 318 317 316 315 314 313 312 288 289 290 291 292 310 311 309 308 307 294 293 295 296 297 306 303 304 305 298 299 300 301 302 541 545 546 547 548 549 561 560 559 558 555 284 283 341 342 330 328 329 331 332 348 362 361 360 359 358 357 356 355 354 353 352 351 350 349 326 327 325 324 323 322 321 339 338 337 336 335 334 333 347 363 364 365 366 367 368 426 425 417 424 422 423 421 420 381 369 370 371 372 373 374 375 376 377 378 379 380] -> PORT-582 -> [419 418 416 415 413 412 411 410 409 408 407 406 405 404 414 382 383 384 403 402 385 386 387 388 389 390 391 62 61 60 58 59 57 64 65 63 392 393 394 395 401 400 399 398 397 396 47 46 45 44 43 42 41] -> PORT-581 | load_left=40161 load_right=44993 cap=45000
Set parameter Username
Set parameter LicenseID to value 2738882
Academic license - for non-commercial use only - expires 2026-11-14
Set parameter TimeLimit to value 240
Set parameter Seed to value 2000000000
Set parameter Threads to value 4
Set parameter OutputFlag to value 1
Set parameter LogToConsole to value 1
Set parameter LazyConstraints to value 1
Gurobi Optimizer version 13.0.0 build v13.0.0rc1 (linux64 - "Debian GNU/Linux 13 (trixie)")

CPU model: AMD Ryzen 9 5950X 16-Core Processor, instruction set [SSE2|AVX|AVX2]
Thread count: 16 physical cores, 32 logical processors, using up to 4 threads

Non-default parameters:
TimeLimit  240
Seed  2000000000
Threads  4
LazyConstraints  1

Optimize a model with 118986 rows, 346800 columns and 693588 nonzeros (Min)
Model fingerprint: 0x9b37e05b
Model has 114920 linear objective coefficients
Variable types: 231200 continuous, 115600 integer (115600 binary)
Coefficient statistics:
  Matrix range     [1e+00, 4e+04]
  Objective range  [4e-01, 1e+05]
  Bounds range     [1e+00, 4e+04]
  RHS range        [1e+00, 1e+04]
Presolve removed 3730 rows and 117806 columns
Presolve time: 0.80s
Presolved: 115256 rows, 228994 columns, 687269 nonzeros
Variable types: 113904 continuous, 115090 integer (115090 binary)
Root relaxation presolved: 115256 rows, 228994 columns, 687269 nonzeros

Deterministic concurrent LP optimizer: primal simplex, dual simplex, and barrier
Showing barrier log only...

Root barrier log...

Ordering time: 0.07s

Barrier statistics:
 AA' NZ     : 6.892e+05
 Factor NZ  : 1.485e+06 (roughly 150 MB of memory)
 Factor Ops : 8.199e+08 (less than 1 second per iteration)
 Threads    : 2

                  Objective                Residual
Iter       Primal          Dual         Primal    Dual     Compl     Time
   0   2.98549219e+10 -7.21167806e+13  3.05e+05 1.46e-11  2.12e+08     2s
   1   1.41846552e+10 -4.91331929e+13  1.45e+05 2.79e+04  1.24e+08     2s
   2   9.94371554e+09 -2.81546651e+12  1.01e+05 9.31e-10  2.79e+07     2s
   3   5.59832988e+09 -1.26845028e+12  5.71e+04 5.97e-10  1.48e+07     2s
   4   4.66712762e+09 -1.25091786e+12  4.76e+04 6.40e-10  1.27e+07     2s
   5   2.51950825e+09 -8.70652926e+11  2.57e+04 1.81e-09  7.14e+06     2s
   6   3.19427179e+08 -4.96337871e+11  3.23e+03 9.49e-10  1.56e+06     2s
   7   1.09805648e+07 -2.84430768e+11  8.30e+01 5.32e-10  5.14e+05     2s
   8   3.92441701e+06 -3.56015268e+10  1.10e+01 6.83e-10  6.35e+04     2s
   9   3.74873218e+06 -2.90781264e+10  9.29e+00 5.81e-10  5.19e+04     2s
  10   3.61817612e+06 -2.45012054e+10  8.04e+00 1.70e-08  4.37e+04     2s
  11   3.33384227e+06 -1.90014251e+10  5.20e+00 1.81e-08  3.38e+04     2s
  12   3.26698024e+06 -1.32540021e+10  4.52e+00 1.41e-08  2.35e+04     2s
  13   2.97264360e+06 -1.81028318e+09  1.51e+00 8.35e-09  3.19e+03     2s
  14   2.85531645e+06 -1.90557033e+08  5.54e-01 6.53e-09  3.40e+02     3s
  15   2.38568976e+06 -4.08501120e+07  6.76e-03 6.94e-09  7.56e+01     3s
  16   1.44137258e+06 -3.67500860e+07  3.83e-05 1.07e-08  6.68e+01     3s
  17   6.25946432e+05 -1.72826985e+07  2.50e-06 8.48e-09  3.13e+01     3s
  18   1.22566873e+05 -9.07352881e+05  7.92e-08 5.22e-09  1.80e+00     3s
  19   2.93600633e+04 -3.64125049e+05  2.98e-09 5.42e-09  6.88e-01     3s
  20   2.00822200e+04 -6.11900134e+04  6.47e-10 3.99e-09  1.42e-01     3s
  21   1.47597482e+04 -4.74121960e+04  2.24e-10 5.54e-09  1.09e-01     3s
  22   1.15178737e+04 -1.58929300e+04  2.06e-10 6.29e-09  4.79e-02     3s
  23   7.03674078e+03 -1.06847202e+04  2.29e-11 7.89e-09  3.10e-02     3s
  24   4.72830027e+03 -5.87405479e+03  1.96e-09 7.76e-09  1.85e-02     3s
  25   3.24597909e+03 -3.83572163e+03  8.04e-10 8.17e-09  1.24e-02     3s
  26   1.95540455e+03 -1.35167504e+03  1.88e-09 8.42e-09  5.78e-03     3s
  27   1.35236930e+03 -2.11788014e+02  7.52e-10 6.77e-09  2.74e-03     3s
  28   1.24602525e+03  7.55970980e+02  1.63e-09 8.11e-09  8.57e-04     4s
  29   1.19697062e+03  1.05401907e+03  1.97e-09 6.11e-09  2.50e-04     4s
  30   1.17752071e+03  1.11229681e+03  6.28e-10 8.91e-09  1.14e-04     4s
  31   1.17130247e+03  1.14417141e+03  3.17e-10 7.44e-09  4.74e-05     4s
  32   1.16690665e+03  1.15889535e+03  2.10e-09 6.92e-09  1.40e-05     4s
  33   1.16554877e+03  1.16428105e+03  1.13e-09 5.59e-09  2.22e-06     4s
  34   1.16526340e+03  1.16513164e+03  3.68e-09 5.91e-09  2.30e-07     4s
  35   1.16522375e+03  1.16519502e+03  4.55e-11 6.06e-09  5.02e-08     4s
  36   1.16522138e+03  1.16522124e+03  2.48e-09 7.06e-09  2.45e-10     4s
  37   1.16522128e+03  1.16522128e+03  9.83e-10 6.05e-09  2.75e-12     4s

Barrier solved model in 37 iterations and 4.24 seconds (6.31 work units)
Optimal objective 1.16522128e+03

Crossover time: 0.31 seconds (0.53 work units)
Concurrent spin time: 0.01s

Solved with barrier

Root relaxation: objective 1.165221e+03, 45165 iterations, 3.37 seconds (4.21 work units)

    Nodes    |    Current Node    |     Objective Bounds      |     Work
 Expl Unexpl |  Obj  Depth IntInf | Incumbent    BestBd   Gap | It/Node Time

     0     0 1165.22128    0  630          - 1165.22128      -     -   14s
H    0     0                    2818.4878806 1165.22128  58.7%     -   17s
H    0     0                    1848.4925680 1165.22128  37.0%     -   17s
H    0     0                    1812.6662691 1165.22128  35.7%     -   18s
H    0     0                    1768.4984572 1165.22128  34.1%     -   21s
H    0     0                    1630.9447248 1165.22128  28.6%     -   70s
     0     0 1171.52727    0  647 1630.94472 1171.52727  28.2%     -  125s
     0     0 1171.52727    0  538 1630.94472 1171.52727  28.2%     -  151s
H    0     0                    1602.6220402 1171.52727  26.9%     -  152s
H    0     0                    1548.3322204 1171.52727  24.3%     -  153s
H    0     0                    1540.3106447 1171.52727  23.9%     -  154s
H    0     0                    1536.6795681 1171.52727  23.8%     -  158s
     0     0 1172.87056    0  627 1536.67957 1172.87056  23.7%     -  188s
H    0     0                    1452.5567320 1172.92643  19.3%     -  195s
H    0     0                    1404.3605332 1172.92643  16.5%     -  196s
H    0     0                    1403.1630111 1172.92643  16.4%     -  197s
H    0     0                    1380.3481905 1172.92643  15.0%     -  198s
H    0     0                    1375.2340794 1172.92643  14.7%     -  199s
H    0     0                    1368.1668859 1172.92643  14.3%     -  203s
H    0     0                    1366.5994372 1172.92643  14.2%     -  203s
H    0     0                    1364.7492821 1172.92643  14.1%     -  203s
H    0     0                    1363.7400442 1172.92643  14.0%     -  203s
H    0     0                    1360.5627577 1172.92643  13.8%     -  204s
H    0     0                    1346.2316433 1172.92643  12.9%     -  208s
H    0     0                    1338.0846113 1172.92643  12.3%     -  209s
H    0     0                    1329.2097126 1172.92643  11.8%     -  210s
H    0     0                    1328.4176827 1172.92643  11.7%     -  214s
H    0     0                    1324.5279042 1172.92643  11.4%     -  215s
H    0     0                    1323.5950828 1172.92643  11.4%     -  216s
     0     0 1173.82840    0  642 1323.59508 1173.82840  11.3%     -  228s
     0     0 1173.83249    0  640 1323.59508 1173.83249  11.3%     -  228s
     0     0          -    0      1323.59508 1173.83249  11.3%     -  240s

Cutting planes:
  Gomory: 4
  Implied bound: 100
  MIR: 49
  Flow cover: 76
  Zero half: 60
  Relax-and-lift: 157

Explored 1 nodes (437514 simplex iterations) in 240.00 seconds (658.77 work units)
Thread count was 4 (of 32 available processors)

Solution count 10: 1323.6 1324.53 1328.42 ... 1366.6

Time limit reached
Best objective 1.323595082793e+03, best bound 1.173832485596e+03, gap 11.3148%

User-callback calls 44119, time in user-callback 0.01 sec
Cap boundary reject: PORT-582 real=1462.428 baseline=1398.721
Cap boundary debug: PORT-582 -> [419 418 416 415 413 412 411 410 409 408 407 406 405 404 414 382 383 384 403 402 385 386 387 388 389 390 391 62 61 60 58 59 57 64 65 63 392 393 394 395 401 400 399 398 397 396 47 46 45 44 43 42 41] -> PORT-581 -> [40 39 48 49 50 38 37 51 52 53 54 55 56 66 67 68 69 70 77 76 71 74 73 72 75 78 79 27 29 30 33 34 35 36 32 31 28 26 93 92 94 91 80 81 82 83 84 85 86 87 88 89 90 95 96 2 1 3 4 25 24 23 22 21 20 19 18 17 16 15 14 13 12 11 10 5 6 7 8 9 143 142 144 145 146 147 148 149] -> PORT-583 | load_left=44993 load_right=44749 cap=45000
Set parameter Username
Set parameter LicenseID to value 2738882
Academic license - for non-commercial use only - expires 2026-11-14
Set parameter TimeLimit to value 240
Set parameter Seed to value 1012345440
Set parameter Threads to value 4
Set parameter OutputFlag to value 1
Set parameter LogToConsole to value 1
Set parameter LazyConstraints to value 1
Gurobi Optimizer version 13.0.0 build v13.0.0rc1 (linux64 - "Debian GNU/Linux 13 (trixie)")

CPU model: AMD Ryzen 9 5950X 16-Core Processor, instruction set [SSE2|AVX|AVX2]
Thread count: 16 physical cores, 32 logical processors, using up to 4 threads

Non-default parameters:
TimeLimit  240
Seed  1012345440
Threads  4
LazyConstraints  1

Optimize a model with 84642 rows, 245388 columns and 490764 nonzeros (Min)
Model fingerprint: 0x462de97a
Model has 81224 linear objective coefficients
Variable types: 163592 continuous, 81796 integer (81796 binary)
Coefficient statistics:
  Matrix range     [1e+00, 4e+04]
  Objective range  [1e+00, 3e+02]
  Bounds range     [1e+00, 4e+04]
  RHS range        [1e+00, 1e+04]
Presolve removed 3136 rows and 83651 columns
Presolve time: 0.54s
Presolved: 81506 rows, 161737 columns, 485648 nonzeros
Variable types: 80370 continuous, 81367 integer (81367 binary)
Root relaxation presolved: 81506 rows, 161737 columns, 485648 nonzeros

Deterministic concurrent LP optimizer: primal and dual simplex
Showing primal log only...


Root simplex log...

Iteration    Objective       Primal Inf.    Dual Inf.      Time
   56765    9.2046083e+02   0.000000e+00   6.214122e+01      5s
  115214    8.8964145e+02   0.000000e+00   1.952546e+01     10s
  129354    8.8997468e+02   0.000000e+00   0.000000e+00     14s
Concurrent spin time: 0.75s

Solved with primal simplex

Root relaxation: objective 8.899747e+02, 129354 iterations, 13.74 seconds (34.04 work units)

    Nodes    |    Current Node    |     Objective Bounds      |     Work
 Expl Unexpl |  Obj  Depth IntInf | Incumbent    BestBd   Gap | It/Node Time

     0     0  889.97468    0  509          -  889.97468      -     -   15s
H    0     0                    1455.6495740  889.97468  38.9%     -   20s
H    0     0                    1448.4559315  889.97468  38.6%     -   22s
H    0     0                    1438.9013771  889.97468  38.1%     -   24s
H    0     0                    1355.3969777  889.97468  34.3%     -   25s
H    0     0                    1258.3052472  889.97468  29.3%     -   29s
H    0     0                    1248.7014922  889.97468  28.7%     -   29s
H    0     0                    1243.4876529  889.97468  28.4%     -   30s
H    0     0                    1222.5608780  889.97468  27.2%     -   33s
H    0     0                    1221.2995841  889.97468  27.1%     -   33s
     0     0  896.60606    0  577 1221.29958  896.60606  26.6%     -   42s
H    0     0                    1200.8644321  896.62834  25.3%     -   44s
H    0     0                    1165.9010196  896.62834  23.1%     -   45s
H    0     0                    1147.2335421  896.62834  21.8%     -   46s
H    0     0                    1132.8512755  896.62834  20.9%     -   47s
H    0     0                    1126.1367342  896.62834  20.4%     -   49s
H    0     0                    1122.2191807  896.62834  20.1%     -   51s
H    0     0                    1118.6416717  896.62834  19.8%     -   51s
H    0     0                    1101.5701618  896.62834  18.6%     -   52s
H    0     0                    1101.0236692  896.62834  18.6%     -   52s
H    0     0                    1098.2481537  896.62834  18.4%     -   54s
H    0     0                    1095.5243252  896.62834  18.2%     -   54s
H    0     0                    1093.2271978  896.62834  18.0%     -   55s
H    0     0                    1091.2843929  896.62834  17.8%     -   56s
H    0     0                    1090.9352811  896.62834  17.8%     -   57s
H    0     0                    1085.4180175  896.62834  17.4%     -   58s
H    0     0                    1084.8882030  896.62834  17.4%     -   58s
H    0     0                    1082.7934883  896.62834  17.2%     -   58s
H    0     0                    1079.6443559  896.62834  17.0%     -   58s
     0     0  896.62834    0  578 1079.64436  896.62834  17.0%     -   59s
     0     0  901.70244    0  620 1079.64436  901.70244  16.5%     -   67s
     0     0  902.38656    0  632 1079.64436  902.38656  16.4%     -   71s
     0     0  902.38816    0  629 1079.64436  902.38816  16.4%     -   71s
     0     0  905.57819    0  626 1079.64436  905.57819  16.1%     -   84s
     0     0  905.61355    0  615 1079.64436  905.61355  16.1%     -   86s
     0     0  905.61372    0  615 1079.64436  905.61372  16.1%     -   89s
     0     0  907.87822    0  631 1079.64436  907.87822  15.9%     -  107s
     0     0  908.54101    0  644 1079.64436  908.54101  15.8%     -  113s
     0     0  908.54141    0  646 1079.64436  908.54141  15.8%     -  113s
     0     0  909.76577    0  633 1079.64436  909.76577  15.7%     -  122s
     0     0  909.96251    0  636 1079.64436  909.96251  15.7%     -  124s
     0     0  909.96419    0  640 1079.64436  909.96419  15.7%     -  124s
     0     0  911.27368    0  609 1079.64436  911.27368  15.6%     -  129s
     0     0  911.39607    0  607 1079.64436  911.39607  15.6%     -  130s
     0     0  911.39608    0  606 1079.64436  911.39608  15.6%     -  130s
     0     0  912.76623    0  614 1079.64436  912.76623  15.5%     -  139s
     0     0  912.88418    0  613 1079.64436  912.88418  15.4%     -  141s
     0     0  912.95760    0  602 1079.64436  912.95760  15.4%     -  145s
     0     0  913.05185    0  610 1079.64436  913.05185  15.4%     -  147s
     0     0  913.05185    0  616 1079.64436  913.05185  15.4%     -  148s
     0     0  913.57789    0  613 1079.64436  913.57789  15.4%     -  151s
     0     0  913.66823    0  627 1079.64436  913.66823  15.4%     -  152s
     0     0  913.66823    0  627 1079.64436  913.66823  15.4%     -  152s
     0     0  913.74153    0  637 1079.64436  913.74153  15.4%     -  160s
     0     0  913.83493    0  637 1079.64436  913.83493  15.4%     -  161s
     0     0  913.85457    0  635 1079.64436  913.85457  15.4%     -  187s
H    0     0                    1067.5085557  913.85457  14.4%     -  191s
H    0     0                    1067.5085389  913.85457  14.4%     -  194s
H    0     0                    1062.9705995  913.85457  14.0%     -  194s
H    0     0                    1062.9471480  913.85457  14.0%     -  196s
     0     0  913.85469    0  635 1062.94715  913.85469  14.0%     -  200s
     0     0  913.85504    0  628 1062.94715  913.85504  14.0%     -  206s
     0     0  913.85861    0  620 1062.94715  913.85861  14.0%     -  206s
     0     0  913.85897    0  631 1062.94715  913.85897  14.0%     -  206s
     0     0  913.89241    0  629 1062.94715  913.89241  14.0%     -  214s
     0     0  914.24491    0  628 1062.94715  914.24491  14.0%     -  215s
     0     0  914.24491    0  632 1062.94715  914.24491  14.0%     -  217s
     0     0  914.24491    0  631 1062.94715  914.24491  14.0%     -  218s
     0     0  914.24491    0  631 1062.94715  914.24491  14.0%     -  227s
     0     0  914.24491    0  631 1062.94715  914.24491  14.0%     -  227s
     0     0  914.24491    0  605 1062.94715  914.24491  14.0%     -  232s
     0     0  914.24491    0  627 1062.94715  914.24491  14.0%     -  239s

Cutting planes:
  Learned: 1
  Gomory: 2
  Lift-and-project: 1
  Cover: 7
  Implied bound: 179
  Clique: 3
  MIR: 61
  StrongCG: 2
  Flow cover: 138
  Zero half: 62
  RLT: 5
  Relax-and-lift: 216
  BQP: 2

Explored 1 nodes (343170 simplex iterations) in 240.02 seconds (608.43 work units)
Thread count was 4 (of 32 available processors)

Solution count 10: 1062.95 1062.97 1067.51 ... 1093.23

Time limit reached
Best objective 1.062947148000e+03, best bound 9.142449085730e+02, gap 13.9896%

User-callback calls 13863, time in user-callback 0.01 sec
Cap boundary reject: PORT-581 real=1125.090 baseline=1060.382
Cap boundary debug: PORT-581 -> [40 39 48 49 50 38 37 51 52 53 54 55 56 66 67 68 69 70 77 76 71 74 73 72 75 78 79 27 29 30 33 34 35 36 32 31 28 26 93 92 94 91 80 81 82 83 84 85 86 87 88 89 90 95 96 2 1 3 4 25 24 23 22 21 20 19 18 17 16 15 14 13 12 11 10 5 6 7 8 9 143 142 144 145 146 147 148 149] -> PORT-583 -> [150 158 157 156 155 173 172 167 163 159 160 161 162 164 166 165 168 169 170 171 177 176 175 174 154 153 152 151 139 140 141 138 137 136 135 179 228 229 180 181 132 133 134 230 232 233 234 235 231 227 178 226 182 183 184 185 186 187 188 189 190 223 224] -> PORT-583 | load_left=44749 load_right=44747 cap=45000
Set parameter Username
Set parameter LicenseID to value 2738882
Academic license - for non-commercial use only - expires 2026-11-14
Set parameter TimeLimit to value 240
Set parameter Seed to value 248683537
Set parameter Threads to value 4
Set parameter OutputFlag to value 1
Set parameter LogToConsole to value 1
Set parameter LazyConstraints to value 1
Gurobi Optimizer version 13.0.0 build v13.0.0rc1 (linux64 - "Debian GNU/Linux 13 (trixie)")

CPU model: AMD Ryzen 9 5950X 16-Core Processor, instruction set [SSE2|AVX|AVX2]
Thread count: 16 physical cores, 32 logical processors, using up to 4 threads

Non-default parameters:
TimeLimit  240
Seed  248683537
Threads  4
LazyConstraints  1

Optimize a model with 96682 rows, 280908 columns and 561804 nonzeros (Min)
Model fingerprint: 0x2f182d29
Model has 93024 linear objective coefficients
Variable types: 187272 continuous, 93636 integer (93636 binary)
Coefficient statistics:
  Matrix range     [1e+00, 4e+04]
  Objective range  [5e-05, 2e+02]
  Bounds range     [1e+00, 4e+04]
  RHS range        [1e+00, 9e+03]
Presolve removed 3356 rows and 95621 columns
Presolve time: 0.64s
Presolved: 93326 rows, 185287 columns, 556243 nonzeros
Variable types: 92110 continuous, 93177 integer (93177 binary)
Root relaxation presolved: 93326 rows, 185287 columns, 556243 nonzeros

Deterministic concurrent LP optimizer: primal simplex, dual simplex, and barrier
Showing barrier log only...

Root barrier log...

Ordering time: 0.07s

Barrier statistics:
 AA' NZ     : 5.580e+05
 Factor NZ  : 1.205e+06 (roughly 120 MB of memory)
 Factor Ops : 6.007e+08 (less than 1 second per iteration)
 Threads    : 2

                  Objective                Residual
Iter       Primal          Dual         Primal    Dual     Compl     Time
   0   6.78875585e+07 -7.60561993e+10  2.74e+05 6.07e+01  2.76e+05     1s
   1   3.16660190e+07 -5.08098339e+10  1.28e+05 3.35e+01  1.58e+05     1s
   2   2.16797254e+07 -2.75180844e+09  8.74e+04 9.09e-13  3.48e+04     1s
   3   1.15594636e+07 -1.40685349e+09  4.66e+04 1.01e-12  1.80e+04     2s
   4   6.98105737e+06 -1.20855485e+09  2.81e+04 1.36e-12  1.16e+04     2s
   5   3.91450588e+06 -1.03672316e+09  1.57e+04 1.48e-12  7.26e+03     2s
   6   1.69039022e+06 -7.68378851e+08  6.78e+03 1.14e-12  3.79e+03     2s
   7   8.95076799e+04 -4.27542342e+08  3.21e+02 1.08e-12  1.02e+03     2s
   8   1.47650594e+04 -2.55683545e+07  1.98e+01 2.32e-12  5.91e+01     2s
   9   1.43459700e+04 -2.26001874e+07  1.82e+01 2.51e-12  5.22e+01     2s
  10   1.40125021e+04 -1.79997067e+07  1.69e+01 4.12e-12  4.15e+01     2s
  11   1.30936324e+04 -1.46742495e+07  1.31e+01 1.67e-11  3.34e+01     2s
  12   1.27275153e+04 -1.29568567e+07  1.16e+01 1.67e-11  2.93e+01     2s
  13   1.16562574e+04 -9.36021821e+06  7.24e+00 1.11e-11  2.09e+01     2s
  14   1.08821534e+04 -2.69603578e+06  4.04e+00 9.17e-12  5.99e+00     2s
  15   9.93308806e+03 -2.44448688e+05  3.64e-01 6.91e-12  5.51e-01     2s
  16   9.72618878e+03 -3.82769933e+04  1.94e-01 4.80e-12  1.04e-01     2s
  17   8.76041936e+03 -3.34187581e+04  9.23e-04 4.72e-12  9.12e-02     2s
  18   7.70087823e+03 -1.88066690e+04  1.07e-04 3.33e-12  5.73e-02     2s
  19   6.58388913e+03 -1.50442525e+04  2.62e-05 3.77e-12  4.67e-02     2s
  20   4.66893517e+03 -5.60150060e+03  1.70e-06 2.18e-12  2.22e-02     2s
  21   3.12066378e+03 -3.03806040e+03  2.05e-07 2.22e-12  1.33e-02     3s
  22   2.21853203e+03 -1.94204059e+03  9.54e-08 1.89e-12  8.99e-03     3s
  23   1.61027586e+03 -8.46381018e+02  3.04e-08 2.13e-12  5.31e-03     3s
  24   1.03207072e+03  1.66564647e+02  5.60e-09 2.52e-12  1.87e-03     3s
  25   8.52720927e+02  5.31748924e+02  4.95e-10 2.08e-12  6.94e-04     3s
  26   8.24912503e+02  6.82526191e+02  2.86e-10 1.63e-12  3.08e-04     3s
  27   8.16590018e+02  7.50259167e+02  9.80e-11 1.14e-12  1.43e-04     3s
  28   8.12145799e+02  7.76487910e+02  3.97e-11 2.07e-12  7.71e-05     3s
  29   8.09938275e+02  8.00913569e+02  1.22e-09 1.69e-12  1.95e-05     3s
  30   8.08982090e+02  8.05163494e+02  2.06e-10 1.22e-12  8.25e-06     3s
  31   8.08703196e+02  8.07355449e+02  5.85e-11 2.02e-12  2.91e-06     3s
  32   8.08597450e+02  8.07889254e+02  1.74e-09 1.29e-11  1.53e-06     3s
  33   8.08554005e+02  8.08269077e+02  5.48e-10 5.17e-12  6.16e-07     3s
  34   8.08542570e+02  8.08444918e+02  2.23e-10 2.15e-12  2.11e-07     3s
  35   8.08532128e+02  8.08512868e+02  1.62e-09 1.33e-11  4.16e-08     3s
  36   8.08531120e+02  8.08528861e+02  5.86e-10 5.30e-11  4.88e-09     3s
  37   8.08531074e+02  8.08530936e+02  1.72e-07 3.66e-10  2.90e-10     4s
  38   8.08531026e+02  8.08531007e+02  3.74e-08 3.67e-10  3.23e-11     4s
  39   8.08531015e+02  8.08531008e+02  7.73e-09 3.66e-10  6.43e-12     4s

Barrier solved model in 39 iterations and 3.62 seconds (5.27 work units)
Optimal objective 8.08531015e+02

Crossover time: 0.58 seconds (1.39 work units)
Concurrent spin time: 0.00s

Solved with barrier

Root relaxation: objective 8.085310e+02, 40207 iterations, 3.24 seconds (4.51 work units)

    Nodes    |    Current Node    |     Objective Bounds      |     Work
 Expl Unexpl |  Obj  Depth IntInf | Incumbent    BestBd   Gap | It/Node Time

     0     0  808.53101    0  481          -  808.53101      -     -   14s
H    0     0                    1643.2046854  808.53101  50.8%     -   17s
     0     0  808.53101    0  481 1643.20469  808.53101  50.8%     -   22s
H    0     0                    1272.2197976  808.53101  36.4%     -   25s
H    0     0                    1146.7565542  808.53101  29.5%     -   27s
H    0     0                    1143.0302525  808.53101  29.3%     -   31s
H    0     0                    1059.8144631  808.53101  23.7%     -   31s
H    0     0                    1047.4650732  808.53101  22.8%     -   33s
H    0     0                    1042.3261250  808.53101  22.4%     -   34s
H    0     0                    1041.7257190  808.53101  22.4%     -   35s
H    0     0                    1041.0244767  808.53101  22.3%     -   35s
     0     0  808.53101    0  481 1041.02448  808.53101  22.3%     -   36s
     0     0  811.87788    0  533 1041.02448  811.87788  22.0%     -   67s
H    0     0                    1030.8513246  814.08466  21.0%     -   70s
H    0     0                    1019.8795185  814.08466  20.2%     -   71s
H    0     0                    1016.2575673  814.08466  19.9%     -   76s
H    0     0                    1007.8317773  814.08466  19.2%     -   84s
H    0     0                    1007.8317683  814.08466  19.2%     -   95s
     0     0  814.08466    0  536 1007.83177  814.08466  19.2%     -  108s
     0     0  814.08466    0  537 1007.83177  814.08466  19.2%     -  108s
     0     0  823.52927    0  592 1007.83177  823.52927  18.3%     -  177s
H    0     0                    1000.4118578  823.53049  17.7%     -  180s
H    0     0                     995.5001180  823.53049  17.3%     -  180s
H    0     0                     995.5001135  823.53049  17.3%     -  180s
     0     0  823.72251    0  592  995.50011  823.72251  17.3%     -  182s
     0     0  823.72251    0  593  995.50011  823.72251  17.3%     -  182s
     0     0          -    0       995.50011  823.72251  17.3%     -  240s

Cutting planes:
  Cover: 8
  Implied bound: 178
  MIR: 58
  Flow cover: 91
  Zero half: 72
  RLT: 10
  Relax-and-lift: 254
  BQP: 4
  Lazy constraints: 2

Explored 1 nodes (238858 simplex iterations) in 240.01 seconds (621.43 work units)
Thread count was 4 (of 32 available processors)

Solution count 10: 995.5 1000.41 1007.83 ... 1047.47

Time limit reached
Best objective 9.955001135141e+02, best bound 8.237225054906e+02, gap 17.2554%

User-callback calls 15825, time in user-callback 0.01 sec
Cap boundary reject: PORT-583 real=999.605 baseline=923.830
Cap boundary debug: PORT-583 -> [150 158 157 156 155 173 172 167 163 159 160 161 162 164 166 165 168 169 170 171 177 176 175 174 154 153 152 151 139 140 141 138 137 136 135 179 228 229 180 181 132 133 134 230 232 233 234 235 231 227 178 226 182 183 184 185 186 187 188 189 190 223 224] -> PORT-583 -> [225 222 221 236 97 98 99 100 246 247 245 248 249 251 250 244 243 242 241 240 239 238 237 215 214 213 217 216 220 219 191 218 192 193 194 195 196 197 212 211 210 209 208 207 206 205 201 200 198 199 202 203 204] -> PORT-588 | load_left=44747 load_right=42140 cap=45000
Set parameter Username
Set parameter LicenseID to value 2738882
Academic license - for non-commercial use only - expires 2026-11-14
Set parameter TimeLimit to value 240
Set parameter Seed to value 373442141
Set parameter Threads to value 4
Set parameter OutputFlag to value 1
Set parameter LogToConsole to value 1
Set parameter LazyConstraints to value 1
Gurobi Optimizer version 13.0.0 build v13.0.0rc1 (linux64 - "Debian GNU/Linux 13 (trixie)")

CPU model: AMD Ryzen 9 5950X 16-Core Processor, instruction set [SSE2|AVX|AVX2]
Thread count: 16 physical cores, 32 logical processors, using up to 4 threads

Non-default parameters:
TimeLimit  240
Seed  373442141
Threads  4
LazyConstraints  1

Optimize a model with 58042 rows, 167088 columns and 334164 nonzeros (Min)
Model fingerprint: 0xf3082696
Model has 55224 linear objective coefficients
Variable types: 111392 continuous, 55696 integer (55696 binary)
Coefficient statistics:
  Matrix range     [1e+00, 4e+04]
  Objective range  [5e-05, 1e+05]
  Bounds range     [1e+00, 4e+04]
  RHS range        [1e+00, 9e+03]
Presolve removed 2586 rows and 57226 columns
Presolve time: 0.37s
Presolved: 55456 rows, 109862 columns, 330137 nonzeros
Variable types: 54520 continuous, 55342 integer (55342 binary)
Root relaxation presolved: 55456 rows, 109862 columns, 330137 nonzeros

Deterministic concurrent LP optimizer: primal and dual simplex
Showing primal log only...


Root simplex log...

Iteration    Objective       Primal Inf.    Dual Inf.      Time
   73276    5.7635278e+02   0.000000e+00   3.857700e+01      5s
  134694    5.7257364e+02   0.000000e+00   0.000000e+00      9s
Concurrent spin time: 0.00s

Solved with primal simplex

Root relaxation: objective 5.725736e+02, 134694 iterations, 8.06 seconds (16.54 work units)

    Nodes    |    Current Node    |     Objective Bounds      |     Work
 Expl Unexpl |  Obj  Depth IntInf | Incumbent    BestBd   Gap | It/Node Time

     0     0  572.57364    0  388          -  572.57364      -     -   10s
H    0     0                    1113.7545361  572.57364  48.6%     -   11s
H    0     0                     941.9398859  572.57364  39.2%     -   12s
H    0     0                     933.8186073  572.57364  38.7%     -   16s
H    0     0                     933.4678278  572.57364  38.7%     -   16s
H    0     0                     932.9348741  572.57364  38.6%     -   19s
H    0     0                     929.1697204  572.57364  38.4%     -   19s
H    0     0                     834.0407833  572.57364  31.3%     -   22s
H    0     0                     725.2227767  572.57364  21.0%     -   23s
H    0     0                     721.4135600  572.57364  20.6%     -   24s
     0     0  572.57364    0  386  721.41356  572.57364  20.6%     -   25s
     0     0  575.95868    0  455  721.41356  575.95868  20.2%     -   67s
H    0     0                     701.9512669  575.95868  17.9%     -   68s
H    0     0                     688.7656424  575.95868  16.4%     -   68s
H    0     0                     636.0492872  575.95868  9.45%     -   74s
H    0     0                     625.6621295  575.95868  7.94%     -   75s
H    0     0                     625.2329891  575.95868  7.88%     -   75s
H    0     0                     623.2450347  575.95868  7.59%     -   77s
H    0     0                     617.6310975  575.95868  6.75%     -   85s
H    0     0                     617.4884876  575.95868  6.73%     -  107s
     0     0  578.35365    0  432  617.48849  578.35365  6.34%     -  111s
     0     0  578.35365    0  432  617.48849  578.35365  6.34%     -  111s
     0     0  578.98487    0  466  617.48849  578.98487  6.24%     -  118s
     0     0  578.98487    0  365  617.48849  578.98487  6.24%     -  123s
     0     0  578.98487    0  445  617.48849  578.98487  6.24%     -  135s
H    0     0                     617.4884869  578.98487  6.24%     -  140s
     0     0  578.98487    0  423  617.48849  578.98487  6.24%     -  146s
     0     0  578.98608    0  432  617.48849  578.98608  6.24%     -  147s
     0     0  578.98608    0  481  617.48849  578.98608  6.24%     -  147s
     0     0  584.53374    0  482  617.48849  584.53374  5.34%     -  158s
     0     0  584.53922    0  473  617.48849  584.53922  5.34%     -  162s
     0     0  584.53923    0  488  617.48849  584.53923  5.34%     -  162s
     0     0  589.09455    0  478  617.48849  589.09455  4.60%     -  168s
     0     0  589.96471    0  484  617.48849  589.96471  4.46%     -  171s
     0     0  589.98047    0  490  617.48849  589.98047  4.45%     -  171s
     0     0  589.98552    0  495  617.48849  589.98552  4.45%     -  171s
     0     0  589.98552    0  494  617.48849  589.98552  4.45%     -  171s
     0     0  592.20837    0  460  617.48849  592.20837  4.09%     -  176s
     0     0  592.20837    0  401  617.48849  592.20837  4.09%     -  179s
     0     0  592.20837    0  469  617.48849  592.20837  4.09%     -  184s
H    0     0                     617.4884861  592.20837  4.09%     -  187s
     0     0  592.20837    0  467  617.48849  592.20837  4.09%     -  191s
     0     0  592.54360    0  457  617.48849  592.54360  4.04%     -  192s
     0     0  592.54457    0  476  617.48849  592.54457  4.04%     -  193s
     0     0  592.60351    0  493  617.48849  592.60351  4.03%     -  195s
     0     0  592.65783    0  499  617.48849  592.65783  4.02%     -  195s
     0     0  592.65783    0  498  617.48849  592.65783  4.02%     -  195s
     0     0  592.80518    0  483  617.48849  592.80518  4.00%     -  197s
     0     0  592.94874    0  484  617.48849  592.94874  3.97%     -  198s
     0     0  592.96945    0  495  617.48849  592.96945  3.97%     -  198s
     0     0  592.96945    0  491  617.48849  592.96945  3.97%     -  198s
     0     0  593.35708    0  501  617.48849  593.35708  3.91%     -  201s
     0     0  593.39674    0  475  617.48849  593.39674  3.90%     -  201s
     0     0  593.39681    0  477  617.48849  593.39681  3.90%     -  201s
     0     0  593.53515    0  491  617.48849  593.53515  3.88%     -  202s
     0     0  593.53521    0  492  617.48849  593.53521  3.88%     -  202s
     0     0  593.86345    0  472  617.48849  593.86345  3.83%     -  204s
     0     0  593.87452    0  487  617.48849  593.87452  3.82%     -  205s
     0     0  593.87603    0  489  617.48849  593.87603  3.82%     -  205s
     0     0  597.35842    0  475  617.48849  597.35842  3.26%     -  208s
     0     0  597.75680    0  471  617.48849  597.75680  3.20%     -  208s
     0     0  597.75680    0  481  617.48849  597.75680  3.20%     -  210s
     0     0  597.75680    0  388  617.48849  597.75680  3.20%     -  212s
     0     0  597.75680    0  450  617.48849  597.75680  3.20%     -  214s
     0     0  597.75680    0  456  617.48849  597.75680  3.20%     -  219s
     0     0  597.75680    0  461  617.48849  597.75680  3.20%     -  220s
     0     0  597.75680    0  504  617.48849  597.75680  3.20%     -  220s
     0     0  597.75680    0  504  617.48849  597.75680  3.20%     -  220s
     0     0  598.92492    0  503  617.48849  598.92492  3.01%     -  222s
     0     0  598.94146    0  495  617.48849  598.94146  3.00%     -  222s
     0     0  598.94314    0  495  617.48849  598.94314  3.00%     -  222s
     0     0  601.62948    0  489  617.48849  601.62948  2.57%     -  225s
     0     0  601.63225    0  499  617.48849  601.63225  2.57%     -  225s
     0     0  602.12847    0  458  617.48849  602.12847  2.49%     -  227s
     0     0  602.12847    0  371  617.48849  602.12847  2.49%     -  229s
     0     0  602.12847    0  463  617.48849  602.12847  2.49%     -  231s
     0     0  602.12847    0  420  617.48849  602.12847  2.49%     -  232s
     0     0  602.13621    0  462  617.48849  602.13621  2.49%     -  233s
     0     0  602.19292    0  470  617.48849  602.19292  2.48%     -  233s
     0     0  602.19455    0  462  617.48849  602.19455  2.48%     -  233s
     0     0  602.30847    0  478  617.48849  602.30847  2.46%     -  234s
     0     0  602.30932    0  479  617.48849  602.30932  2.46%     -  234s
     0     0  602.44418    0  481  617.48849  602.44418  2.44%     -  235s
     0     0  602.44418    0  480  617.48849  602.44418  2.44%     -  235s
     0     0  602.50252    0  509  617.48849  602.50252  2.43%     -  237s
     0     0  602.55549    0  524  617.48849  602.55549  2.42%     -  238s
     0     0  602.55587    0  524  617.48849  602.55587  2.42%     -  238s
     0     0  602.55706    0  517  617.48849  602.55706  2.42%     -  239s
     0     0  602.55706    0  517  617.48849  602.55706  2.42%     -  239s
     0     0  602.55706    0  488  617.48849  602.55706  2.42%     -  239s

Cutting planes:
  Learned: 1
  Gomory: 14
  Cover: 9
  Implied bound: 118
  Clique: 3
  MIR: 37
  Flow cover: 53
  Zero half: 55
  Network: 9
  RLT: 7
  Relax-and-lift: 129
  BQP: 1

Explored 1 nodes (814466 simplex iterations) in 240.01 seconds (577.95 work units)
Thread count was 4 (of 32 available processors)

Solution count 10: 617.488 617.488 617.631 ... 721.414

Time limit reached
Warning: max constraint violation (3.0872e-03) exceeds tolerance
         (model may be infeasible or unbounded - try turning presolve off)
Best objective 6.174884859962e+02, best bound 6.025570610689e+02, gap 2.4181%

User-callback calls 23417, time in user-callback 0.02 sec
Cap boundary reject: PORT-583 real=668.782 baseline=630.340
Cap boundary debug: PORT-583 -> [225 222 221 236 97 98 99 100 246 247 245 248 249 251 250 244 243 242 241 240 239 238 237 215 214 213 217 216 220 219 191 218 192 193 194 195 196 197 212 211 210 209 208 207 206 205 201 200 198 199 202 203 204] -> PORT-588 -> [131 130 129 257 256 255 254 252 253 260 261 262 263 259 258 128 127 126 125 124 123 266 267 265 264 268 269 270 110 273 272 271 109] -> PORT-588 | load_left=42140 load_right=44937 cap=45000
Set parameter Username
Set parameter LicenseID to value 2738882
Academic license - for non-commercial use only - expires 2026-11-14
Set parameter TimeLimit to value 240
Set parameter Seed to value 1710109900
Set parameter Threads to value 4
Set parameter OutputFlag to value 1
Set parameter LogToConsole to value 1
Set parameter LazyConstraints to value 1
Gurobi Optimizer version 13.0.0 build v13.0.0rc1 (linux64 - "Debian GNU/Linux 13 (trixie)")

CPU model: AMD Ryzen 9 5950X 16-Core Processor, instruction set [SSE2|AVX|AVX2]
Thread count: 16 physical cores, 32 logical processors, using up to 4 threads

Non-default parameters:
TimeLimit  240
Seed  1710109900
Threads  4
LazyConstraints  1

Optimize a model with 32722 rows, 92928 columns and 185844 nonzeros (Min)
Model fingerprint: 0x78c9a06d
Model has 30620 linear objective coefficients
Variable types: 61952 continuous, 30976 integer (30976 binary)
Coefficient statistics:
  Matrix range     [1e+00, 4e+04]
  Objective range  [3e-01, 1e+05]
  Bounds range     [1e+00, 4e+04]
  RHS range        [1e+00, 9e+03]
Presolve removed 1926 rows and 32116 columns
Presolve time: 0.32s
Presolved: 30796 rows, 60812 columns, 182043 nonzeros
Variable types: 30100 continuous, 30712 integer (30712 binary)
Root relaxation presolved: 30796 rows, 60812 columns, 182043 nonzeros

Deterministic concurrent LP optimizer: primal and dual simplex
Showing primal log only...

Concurrent spin time: 0.00s

Solved with primal simplex

Root relaxation: objective 5.626700e+02, 85887 iterations, 3.75 seconds (7.66 work units)

    Nodes    |    Current Node    |     Objective Bounds      |     Work
 Expl Unexpl |  Obj  Depth IntInf | Incumbent    BestBd   Gap | It/Node Time

     0     0  562.67001    0  278          -  562.67001      -     -    5s
H    0     0                     805.7255914  562.67001  30.2%     -    6s
H    0     0                     803.3216060  562.67001  30.0%     -    6s
H    0     0                     803.3216045  562.67001  30.0%     -    7s
H    0     0                     724.8977029  562.67001  22.4%     -   16s
     0     0  562.67001    0  278  724.89770  562.67001  22.4%     -   17s
     0     0  564.82538    0  339  724.89770  564.82538  22.1%     -   23s
H    0     0                     696.4134785  564.83279  18.9%     -   27s
H    0     0                     693.3432208  564.83279  18.5%     -   28s
H    0     0                     686.4465619  564.83279  17.7%     -   29s
H    0     0                     684.7554197  564.83279  17.5%     -   29s
H    0     0                     682.3467063  564.83279  17.2%     -   29s
H    0     0                     679.4045765  564.83279  16.9%     -   29s
H    0     0                     669.1193810  564.83279  15.6%     -   29s
H    0     0                     668.1664601  564.83279  15.5%     -   29s
H    0     0                     666.8522520  564.83279  15.3%     -   29s
H    0     0                     666.3764538  564.83279  15.2%     -   29s
H    0     0                     662.1304827  564.83279  14.7%     -   29s
H    0     0                     661.6136428  564.83279  14.6%     -   30s
H    0     0                     660.2577468  564.83279  14.5%     -   30s
H    0     0                     658.8777031  564.83279  14.3%     -   31s
H    0     0                     645.9777091  564.83279  12.6%     -   31s
H    0     0                     644.5181495  564.83279  12.4%     -   32s
H    0     0                     640.8967223  564.83279  11.9%     -   33s
     0     0  564.83279    0  339  640.89672  564.83279  11.9%     -   37s
     0     0  564.83279    0  339  640.89672  564.83279  11.9%     -   45s
     0     0  565.99033    0  342  640.89672  565.99033  11.7%     -   53s
     0     0  565.99878    0  344  640.89672  565.99878  11.7%     -   53s
     0     0  566.00628    0  354  640.89672  566.00628  11.7%     -   53s
     0     0  569.98858    0  360  640.89672  569.98858  11.1%     -   64s
     0     0  569.98858    0  364  640.89672  569.98858  11.1%     -   65s
     0     0  571.30866    0  361  640.89672  571.30866  10.9%     -   75s
     0     0  571.31311    0  351  640.89672  571.31311  10.9%     -   76s
     0     0  571.41177    0  351  640.89672  571.41177  10.8%     -   78s
     0     0  571.41198    0  350  640.89672  571.41198  10.8%     -   79s
     0     0  571.49895    0  362  640.89672  571.49895  10.8%     -   81s
     0     0  571.49896    0  362  640.89672  571.49896  10.8%     -   82s
     0     0  571.51821    0  376  640.89672  571.51821  10.8%     -   84s
     0     0  571.52352    0  361  640.89672  571.52352  10.8%     -   85s
     0     0  571.52371    0  372  640.89672  571.52371  10.8%     -   85s
     0     0  571.53010    0  375  640.89672  571.53010  10.8%     -   87s
     0     0  571.53015    0  371  640.89672  571.53015  10.8%     -   88s
     0     0  571.53465    0  365  640.89672  571.53465  10.8%     -   90s
     0     0  571.53465    0  365  640.89672  571.53465  10.8%     -   90s
     0     0  571.53465    0  357  640.89672  571.53465  10.8%     -   91s
     0     2  573.81258    0  357  640.89672  573.81258  10.5%     -  112s
     1     3  575.02495    1  309  640.89672  573.81258  10.5% 25332  120s
     2     5  575.49732    2  328  640.89672  573.81258  10.5% 17927  131s
     4     7  575.81483    3  322  640.89672  573.81258  10.5% 19835  137s
    10    16  576.53052    5  302  640.89672  573.81258  10.5% 10696  144s
    15    18  575.95510    6  294  640.89672  573.81258  10.5%  9200  149s
    17    27  576.55950    6  297  640.89672  573.81258  10.5%  8535  156s
    26    29  577.05688    9  279  640.89672  573.81258  10.5%  6850  163s
    28    35  577.58098   10  277  640.89672  573.81258  10.5%  6440  170s
    34    41  579.77500   12  292  640.89672  573.81258  10.5%  5895  177s
    40    52  579.98889   14  293  640.89672  573.81258  10.5%  5270  182s
H   51    58                     640.4346053  573.81258  10.4%  4810  188s
    57    62  581.89130   19  262  640.43461  573.81258  10.4%  4533  193s
H   59    62                     636.6987360  573.81258  9.88%  4453  193s
H   60    62                     615.6818424  573.81258  6.80%  4430  193s
    61    78  581.97743   19  268  615.68184  573.81258  6.80%  4414  196s
    77    91  582.86823   24  274  615.68184  573.81258  6.80%  3766  201s
    91    92  583.81081   20  357  615.68184  573.81258  6.80%  3447  230s
H   92    88                     611.3026016  573.81258  6.13%  3409  233s
    93    88  583.78965   20  276  611.30260  573.81258  6.13%  3372  235s

Cutting planes:
  Gomory: 2
  Cover: 10
  Implied bound: 55
  Projected implied bound: 5
  MIR: 53
  Flow cover: 61
  Zero half: 82
  RLT: 11
  Relax-and-lift: 70
  BQP: 15

Explored 93 nodes (614766 simplex iterations) in 240.00 seconds (724.85 work units)
Thread count was 4 (of 32 available processors)

Solution count 10: 611.303 615.682 636.699 ... 661.614

Time limit reached
Best objective 6.113026015922e+02, best bound 5.738125786720e+02, gap 6.1328%

User-callback calls 61146, time in user-callback 0.01 sec
Cap boundary reject: PORT-588 real=684.655 baseline=626.593
Cap boundary debug: PORT-588 -> [131 130 129 257 256 255 254 252 253 260 261 262 263 259 258 128 127 126 125 124 123 266 267 265 264 268 269 270 110 273 272 271 109] -> PORT-588 -> [108 101 102 103 104 105 106 107 274 111 275 114 494 113 112 495 496 497 498 499] -> BOAT-END | load_left=44937 load_right=18638 cap=45000
Set parameter Username
Set parameter LicenseID to value 2738882
Academic license - for non-commercial use only - expires 2026-11-14
Set parameter TimeLimit to value 240
Set parameter Seed to value 1215704162
Set parameter Threads to value 4
Set parameter OutputFlag to value 1
Set parameter LogToConsole to value 1
Set parameter LazyConstraints to value 1
Gurobi Optimizer version 13.0.0 build v13.0.0rc1 (linux64 - "Debian GNU/Linux 13 (trixie)")

CPU model: AMD Ryzen 9 5950X 16-Core Processor, instruction set [SSE2|AVX|AVX2]
Thread count: 16 physical cores, 32 logical processors, using up to 4 threads

Non-default parameters:
TimeLimit  240
Seed  1215704162
Threads  4
LazyConstraints  1

Optimize a model with 13186 rows, 36300 columns and 72588 nonzeros (Min)
Model fingerprint: 0x4872c7e0
Model has 11876 linear objective coefficients
Variable types: 24200 continuous, 12100 integer (12100 binary)
Coefficient statistics:
  Matrix range     [1e+00, 4e+04]
  Objective range  [3e-01, 2e+02]
  Bounds range     [1e+00, 4e+04]
  RHS range        [1e+00, 9e+03]
Presolve removed 1200 rows and 12811 columns
Presolve time: 0.11s
Presolved: 11986 rows, 23489 columns, 70331 nonzeros
Variable types: 11554 continuous, 11935 integer (11935 binary)

Root relaxation: objective 3.773507e+02, 32926 iterations, 3.12 seconds (9.29 work units)

    Nodes    |    Current Node    |     Objective Bounds      |     Work
 Expl Unexpl |  Obj  Depth IntInf | Incumbent    BestBd   Gap | It/Node Time

     0     0  377.35074    0  224          -  377.35074      -     -    3s
H    0     0                     506.3312784  377.35074  25.5%     -    3s
H    0     0                     501.9849473  377.35074  24.8%     -    3s
H    0     0                     487.7007568  377.35074  22.6%     -    3s
H    0     0                     473.0959477  377.35074  20.2%     -    3s
     0     0  378.33188    0  254  473.09595  378.33188  20.0%     -    4s
H    0     0                     470.3020857  378.33188  19.6%     -    5s
H    0     0                     469.5310595  378.33188  19.4%     -    5s
H    0     0                     467.4080022  378.33188  19.1%     -    5s
H    0     0                     460.8436721  378.33188  17.9%     -    6s
H    0     0                     459.1284277  378.33188  17.6%     -    6s
H    0     0                     454.8229874  378.33188  16.8%     -    6s
     0     0  378.33745    0  254  454.82299  378.33745  16.8%     -    8s
     0     0  379.00584    0  266  454.82299  379.00584  16.7%     -    8s
     0     0  379.26611    0  240  454.82299  379.26611  16.6%     -    9s
     0     0  379.27490    0  240  454.82299  379.27490  16.6%     -    9s
     0     0  379.27490    0  240  454.82299  379.27490  16.6%     -    9s
     0     0  380.23288    0  244  454.82299  380.23288  16.4%     -   10s
     0     0  380.23341    0  244  454.82299  380.23341  16.4%     -   10s
     0     0  380.32685    0  248  454.82299  380.32685  16.4%     -   12s
     0     0  380.32841    0  251  454.82299  380.32841  16.4%     -   12s
     0     0  380.33311    0  253  454.82299  380.33311  16.4%     -   12s
     0     0  380.33345    0  255  454.82299  380.33345  16.4%     -   12s
     0     0  380.34722    0  251  454.82299  380.34722  16.4%     -   12s
     0     0  380.35698    0  253  454.82299  380.35698  16.4%     -   12s
     0     0  380.35698    0  254  454.82299  380.35698  16.4%     -   12s
     0     0  380.38993    0  255  454.82299  380.38993  16.4%     -   13s
     0     0  380.40120    0  254  454.82299  380.40120  16.4%     -   13s
     0     0  380.40120    0  253  454.82299  380.40120  16.4%     -   14s
     0     0  380.40120    0  255  454.82299  380.40120  16.4%     -   14s
     0     0  380.40120    0  256  454.82299  380.40120  16.4%     -   14s
     0     0  380.40909    0  260  454.82299  380.40909  16.4%     -   14s
     0     0  380.41648    0  260  454.82299  380.41648  16.4%     -   14s
     0     0  380.41648    0  266  454.82299  380.41648  16.4%     -   15s
     0     0  380.41682    0  260  454.82299  380.41682  16.4%     -   15s
     0     0  380.41682    0  258  454.82299  380.41682  16.4%     -   15s
     0     0  380.41772    0  258  454.82299  380.41772  16.4%     -   15s
     0     0  380.41772    0  258  454.82299  380.41772  16.4%     -   15s
     0     0  381.97154    0  225  454.82299  381.97154  16.0%     -   19s
H    0     0                     452.5951512  381.97154  15.6%     -   19s
     0     0  381.97154    0  253  452.59515  381.97154  15.6%     -   21s
H    0     0                     444.6780702  381.97154  14.1%     -   22s
H    0     0                     444.0344087  381.97154  14.0%     -   23s
H    0     0                     442.0194456  381.97154  13.6%     -   23s
     0     0  381.97154    0  260  442.01945  381.97154  13.6%     -   23s
     0     0  381.97154    0  260  442.01945  381.97154  13.6%     -   23s
     0     0  381.97154    0  259  442.01945  381.97154  13.6%     -   23s
     0     0  381.97154    0  268  442.01945  381.97154  13.6%     -   24s
     0     0  381.97154    0  270  442.01945  381.97154  13.6%     -   24s
     0     0  381.97154    0  269  442.01945  381.97154  13.6%     -   24s
     0     0  381.97154    0  268  442.01945  381.97154  13.6%     -   25s
     0     0  381.97154    0  269  442.01945  381.97154  13.6%     -   25s
     0     0  381.97154    0  260  442.01945  381.97154  13.6%     -   26s
     0     0  381.97154    0  263  442.01945  381.97154  13.6%     -   26s
     0     0  381.97154    0  261  442.01945  381.97154  13.6%     -   26s
     0     0  381.97154    0  262  442.01945  381.97154  13.6%     -   27s
     0     0  381.97154    0  264  442.01945  381.97154  13.6%     -   27s
     0     0  381.97154    0  264  442.01945  381.97154  13.6%     -   27s
     0     0  381.97154    0  260  442.01945  381.97154  13.6%     -   27s
H    0     0                     434.9424329  381.97154  12.2%     -   28s
H    0     0                     434.4015445  381.97154  12.1%     -   28s
H    0     0                     433.6744885  381.97154  11.9%     -   29s
H    0     0                     432.9814749  381.97154  11.8%     -   29s
     0     0  386.22344    0  223  432.98147  386.22344  10.8%     -   31s
H    0     0                     431.3812450  386.22344  10.5%     -   31s
     0     0  386.22344    0  246  431.38125  386.22344  10.5%     -   32s
     0     0  386.22344    0  267  431.38125  386.22344  10.5%     -   32s
     0     0  386.22344    0  262  431.38125  386.22344  10.5%     -   32s
     0     0  386.22344    0  256  431.38125  386.22344  10.5%     -   32s
     0     0  386.22344    0  269  431.38125  386.22344  10.5%     -   33s
H    0     0                     431.3812408  386.22344  10.5%     -   34s
     0     0  386.22344    0  264  431.38124  386.22344  10.5%     -   34s
     0     0  386.22344    0  268  431.38124  386.22344  10.5%     -   35s
     0     0  386.22344    0  269  431.38124  386.22344  10.5%     -   35s
     0     0  386.22344    0  265  431.38124  386.22344  10.5%     -   36s
     0     0  386.22344    0  264  431.38124  386.22344  10.5%     -   36s
     0     0  386.22344    0  270  431.38124  386.22344  10.5%     -   37s
     0     0  386.22344    0  273  431.38124  386.22344  10.5%     -   37s
     0     0  386.22344    0  274  431.38124  386.22344  10.5%     -   37s
     0     0  386.22344    0  276  431.38124  386.22344  10.5%     -   38s
     0     0  386.22344    0  275  431.38124  386.22344  10.5%     -   38s
     0     0  386.22344    0  278  431.38124  386.22344  10.5%     -   38s
     0     0  386.22344    0  274  431.38124  386.22344  10.5%     -   39s
     0     0  386.22344    0  271  431.38124  386.22344  10.5%     -   39s
     0     0  386.22344    0  271  431.38124  386.22344  10.5%     -   39s
     0     0  386.22344    0  261  431.38124  386.22344  10.5%     -   39s
     0     2  386.22344    0  259  431.38124  386.22344  10.5%     -   42s
    66    79  386.22344   15  198  431.38124  386.22344  10.5%   769   45s
   360   366  395.16149   69  117  431.38124  386.22344  10.5%   336   50s
H  530   558                     430.0413057  386.22344  10.2%   277   53s
   970  1001  415.35156  229  136  430.04131  386.22344  10.2%   197   55s
  1113  1063  411.70818   83  228  430.04131  386.22344  10.2%   181   61s
H 1113  1009                     430.0200818  386.22344  10.2%   181   62s
  1121  1015  386.22344    8  281  430.02008  386.22344  10.2%   180   65s
  1135  1024  415.84063  244  285  430.02008  389.18135  9.50%   178   70s
  1138  1026  403.53252   44  279  430.02008  392.24561  8.78%   177   76s
  1192  1067  398.66938   18  178  430.02008  392.24561  8.78%   231   80s
  1308  1091  403.59050   32  155  430.02008  392.24561  8.78%   253   85s
  1531  1110  419.66012   20  125  430.02008  392.24561  8.78%   259   90s
  1867  1143  426.02997   34  145  430.02008  392.24561  8.78%   274   95s
  2381  1280  400.33044   23  182  430.02008  392.24561  8.78%   267  100s
  2934  1492  410.65830   46  145  430.02008  392.91506  8.63%   260  106s
  3261  1629  398.51376   31  153  430.02008  393.42587  8.51%   253  110s
  3665  1778  412.37740   40  111  430.02008  393.53803  8.48%   249  115s
  4548  2188  397.73892   18  252  430.02008  394.42234  8.28%   238  121s
  5060  2558  425.84552   85  123  430.02008  394.97378  8.15%   241  125s
  5612  3030  402.22469   26  168  430.02008  395.14337  8.11%   242  130s
H 6061  3165                     429.9389516  395.55458  8.00%   238  132s
  6236  3487  412.95981   28  195  429.93895  395.69273  7.97%   238  136s
  6817  3874  404.57941   27  208  429.93895  396.16442  7.86%   236  140s
H 7521  4224                     426.8590404  396.43543  7.13%   232  144s
  7852  4368  406.42897   25  156  426.85904  396.48027  7.12%   229  147s
  8553  4815     cutoff   42       426.85904  396.81361  7.04%   230  152s
  8833  4900  411.26019   45  149  426.85904  396.86856  7.03%   228  156s
  9395  5375     cutoff   34       426.85904  397.03486  6.99%   225  161s
 10263  5941  411.07781   28  156  426.85904  397.52943  6.87%   228  167s
 10845  6120  401.90796   18  169  426.85904  397.75508  6.82%   227  170s
 11816  6760     cutoff   23       426.85904  397.94642  6.77%   226  177s
 12606  7114  417.40416   61   90  426.85904  398.08593  6.74%   222  180s
 13862  7881  405.26984   19  174  426.85904  398.23585  6.71%   219  187s
 14353  8177  400.24984   32  148  426.85904  398.34454  6.68%   220  190s
 15373  8814  410.65454   46  125  426.85904  398.51007  6.64%   221  196s
 15734  8899  423.85532   55  123  426.85904  398.56613  6.63%   223  200s
 16394  9447  413.14879   24  180  426.85904  398.75351  6.58%   226  206s
 16831  9678  411.12371   25  157  426.85904  398.81465  6.57%   228  210s
 17612 10230  406.61489   23  162  426.85904  398.93108  6.54%   230  216s
 18510 10830  410.36069   36  148  426.85904  399.11205  6.50%   232  222s
 18998 11104  409.98996   38  142  426.85904  399.16360  6.49%   232  225s
 19943 11594  406.22004   40  139  426.85904  399.27325  6.46%   233  231s
 20318 11615  420.12896   44   86  426.85904  399.38610  6.44%   235  236s
 20822 11878  410.66644   27  182  426.85904  399.50620  6.41%   236  240s

Cutting planes:
  Gomory: 1
  Cover: 17
  Implied bound: 117
  Projected implied bound: 18
  Clique: 1
  MIR: 76
  Flow cover: 87
  GUB cover: 2
  Inf proof: 8
  Zero half: 14
  RLT: 18
  Relax-and-lift: 57
  BQP: 13

Explored 20862 nodes (5043338 simplex iterations) in 240.00 seconds (851.34 work units)
Thread count was 4 (of 32 available processors)

Solution count 10: 426.859 429.939 430.02 ... 442.019

Time limit reached
Best objective 4.268590404492e+02, best bound 3.995387525132e+02, gap 6.4003%

User-callback calls 80399, time in user-callback 0.00 sec
Cap boundary reject: PORT-588 real=539.991 baseline=426.859
Set parameter Username
Set parameter LicenseID to value 2738882
Academic license - for non-commercial use only - expires 2026-11-14
Segment 1 eval: start=BOAT-0 end=PORT-588 stations=22 (optimize)
  Segment 1 order: -501 503 -504 -488 -487 489 -486 -485 -461 464 465 466 467 468 469 470 -471 472 -122 -121 120 -119
Segment 2 eval: start=PORT-588 end=PORT-584 stations=24 (optimize)
  Segment 2 order: 118 -117 -116 115 476 477 478 475 473 -474 -479 481 480 463 -484 462 -483 -482 493 -492 -491 -490 -502 -500
Segment 3 eval: start=PORT-584 end=PORT-584 stations=10 (optimize)
  Segment 3 order: -460 -459 -458 -457 -456 -455 -454 -453 -452 -451
Segment 4 eval: start=PORT-584 end=PORT-593 stations=34 (optimize)
  Segment 4 order: -505 450 -449 -448 -447 -446 -445 439 -440 441 442 443 444 -506 507 508 509 510 511 514 -513 -512 435 436 437 438 434 -433 -432 -431 -430 -429 -428 -427
Segment 5 eval: start=PORT-593 end=PORT-593 stations=11 (optimize)
  Segment 5 order: 518 -580 -579 -578 -525 -524 -521 -520 -519 -516 -515
Segment 6 eval: start=PORT-593 end=PORT-591 stations=54 (optimize)
  Segment 6 order: 517 522 523 526 -575 -577 527 528 529 530 531 532 -533 -576 -574 -573 -571 -570 -569 572 534 535 -536 537 538 539 544 -540 -543 542 -568 -567 -566 -565 -564 -563 -562 -554 553 550 551 552 285 286 287 -282 556 -557 -281 -280 -279 -278 -277 -276
Segment 7 eval: start=PORT-591 end=PORT-582 stations=115 (optimize)
  Segment 7 order: -346 -345 -344 -343 -342 -341 -316 283 -284 555 558 559 -560 561 -549 -541 545 546 -548 -547 297 298 299 300 301 302 303 304 305 306 -296 295 293 294 307 308 309 311 310 -292 -291 -290 -289 288 312 -313 314 315 317 318 319 320 340 339 321 322 -324 -323 338 -337 -336 -335 -334 -333 347 363 -348 -332 -331 -330 -329 -328 325 -327 326 349 350 351 352 353 -354 355 356 357 358 359 360 361 -362 -364 365 366 367 368 -425 -424 422 423 -421 420 -417 381 426 369 370 371 372 373 -374 375 376 377 378 379 380
Segment 8 eval: start=PORT-582 end=PORT-581 stations=53 (optimize)
  Segment 8 order: 57 59 -58 60 -64 65 -63 61 62 -386 -385 -384 -383 -382 414 419 -418 -416 415 413 -412 -411 410 -408 -409 404 407 -406 -405 -403 -402 387 388 389 390 391 392 393 394 395 401 400 -399 -398 -397 -396 -47 -46 -45 -44 -43 -42 -41
Segment 9 eval: start=PORT-581 end=PORT-583 stations=88 (optimize)
  Segment 9 order: 56 55 -54 -53 -52 -51 -50 -49 -48 -40 -39 -38 -37 66 67 68 69 70 77 -76 71 74 -73 -72 -75 -78 -79 27 29 30 -33 34 35 36 32 31 -28 -26 93 -92 94 91 80 81 82 83 84 85 -86 87 -88 89 -90 95 96 2 1 3 4 -25 -24 -23 -22 -21 20 -19 -18 -17 -16 -15 -14 -13 -12 -11 -10 -5 6 7 8 9 143 -142 -144 145 146 147 148 149
Segment 10 eval: start=PORT-583 end=PORT-583 stations=63 (optimize)
  Segment 10 order: -132 -181 -180 -229 -228 -179 -135 136 137 152 -151 139 -138 -141 -140 150 -158 157 153 154 155 156 -159 160 161 162 163 164 165 166 167 168 169 170 171 172 173 174 175 176 177 182 183 184 185 186 187 188 189 -190 223 224 226 178 227 -231 235 -234 -233 -232 -230 -134 -133
Segment 11 eval: start=PORT-583 end=PORT-588 stations=53 (optimize)
  Segment 11 order: -225 -222 -221 -220 -219 191 -218 192 193 194 195 196 197 198 203 204 -202 199 -200 201 205 206 207 208 209 210 211 212 213 -217 -216 214 215 -237 238 243 244 250 -251 249 -248 -245 247 -246 -242 241 -240 -239 -236 97 98 99 100
Segment 12 eval: start=PORT-588 end=PORT-588 stations=33 (optimize)
  Segment 12 order: 110 -270 -269 -268 264 265 267 266 123 124 125 -126 127 -263 -262 -261 -260 -259 258 128 129 130 131 -256 257 -255 -254 -252 -253 -271 272 273 -109
Segment 13 eval: start=PORT-588 end=BOAT-END stations=20 (optimize)
  Segment 13 order: -107 -106 -105 104 -103 -102 -101 108 274 111 275 -114 494 -113 -112 495 496 497 498 499
PROGRESS pass=1 changed=1 total=4600.363 best=4600.363 nseg=13 stall=0 mut=0/9
Capacity boundary sweep pass 2
Cap boundary debug: BOAT -> [501 503 504 488 487 489 486 485 461 464 465 466 467 468 469 470 471 472 122 121 120 119] -> PORT-588 -> [118 117 116 115 476 477 478 475 473 474 479 481 480 463 484 462 483 482 493 492 491 490 502 500] -> PORT-584 | load_left=43978 load_right=28677 cap=45000
Set parameter Username
Set parameter LicenseID to value 2738882
Academic license - for non-commercial use only - expires 2026-11-14
Set parameter TimeLimit to value 240
Set parameter Seed to value 1277459320
Set parameter Threads to value 4
Set parameter OutputFlag to value 1
Set parameter LogToConsole to value 1
Set parameter LazyConstraints to value 1
Gurobi Optimizer version 13.0.0 build v13.0.0rc1 (linux64 - "Debian GNU/Linux 13 (trixie)")

CPU model: AMD Ryzen 9 5950X 16-Core Processor, instruction set [SSE2|AVX|AVX2]
Thread count: 16 physical cores, 32 logical processors, using up to 4 threads

Non-default parameters:
TimeLimit  240
Seed  1277459320
Threads  4
LazyConstraints  1

Optimize a model with 10162 rows, 27648 columns and 55284 nonzeros (Min)
Model fingerprint: 0x2ab6f46c
Model has 9024 linear objective coefficients
Variable types: 18432 continuous, 9216 integer (9216 binary)
Coefficient statistics:
  Matrix range     [1e+00, 4e+04]
  Objective range  [8e-01, 2e+02]
  Bounds range     [1e+00, 4e+04]
  RHS range        [1e+00, 1e+04]
Presolve removed 1046 rows and 9836 columns
Presolve time: 0.08s
Presolved: 9116 rows, 17812 columns, 53347 nonzeros
Variable types: 8740 continuous, 9072 integer (9072 binary)
Found heuristic solution: objective 3014.6479654

Root relaxation: objective 4.107187e+02, 20397 iterations, 1.21 seconds (3.69 work units)

    Nodes    |    Current Node    |     Objective Bounds      |     Work
 Expl Unexpl |  Obj  Depth IntInf | Incumbent    BestBd   Gap | It/Node Time

     0     0  410.71873    0  162 3014.64797  410.71873  86.4%     -    1s
H    0     0                     577.9053834  410.71873  28.9%     -    1s
H    0     0                     573.3121053  410.71873  28.4%     -    1s
H    0     0                     572.5455639  410.71873  28.3%     -    1s
H    0     0                     570.6563075  410.71873  28.0%     -    2s
H    0     0                     565.3004205  410.71873  27.3%     -    2s
H    0     0                     559.5438049  410.71873  26.6%     -    2s
H    0     0                     554.2099676  410.71873  25.9%     -    2s
     0     0  410.71873    0  162  554.20997  410.71873  25.9%     -    3s
     0     0  413.76133    0  191  554.20997  413.76133  25.3%     -    3s
H    0     0                     548.6002864  413.76133  24.6%     -    3s
H    0     0                     541.5489035  413.76133  23.6%     -    3s
H    0     0                     538.7804991  413.76133  23.2%     -    3s
H    0     0                     535.2847805  413.76133  22.7%     -    4s
H    0     0                     534.9782834  413.76133  22.7%     -    4s
H    0     0                     533.4321011  413.76133  22.4%     -    4s
H    0     0                     506.7103291  413.76133  18.3%     -    4s
H    0     0                     498.9931876  413.76133  17.1%     -    4s
     0     0  413.97195    0  193  498.99319  413.97195  17.0%     -    6s
     0     0  416.16651    0  187  498.99319  416.16651  16.6%     -    6s
     0     0  416.16651    0  185  498.99319  416.16651  16.6%     -    6s
     0     0  418.58233    0  196  498.99319  418.58233  16.1%     -    7s
     0     0  418.67845    0  218  498.99319  418.67845  16.1%     -    7s
     0     0  418.67845    0  218  498.99319  418.67845  16.1%     -    7s
     0     0  421.77497    0  227  498.99319  421.77497  15.5%     -    8s
     0     0  421.78089    0  227  498.99319  421.78089  15.5%     -    8s
     0     0  421.78089    0  227  498.99319  421.78089  15.5%     -    8s
     0     0  422.61425    0  226  498.99319  422.61425  15.3%     -    9s
     0     0  422.61425    0  226  498.99319  422.61425  15.3%     -    9s
     0     0  422.84130    0  226  498.99319  422.84130  15.3%     -   10s
     0     0  422.96591    0  224  498.99319  422.96591  15.2%     -   10s
     0     0  422.99315    0  224  498.99319  422.99315  15.2%     -   10s
     0     0  422.99315    0  223  498.99319  422.99315  15.2%     -   10s
     0     0  423.49544    0  217  498.99319  423.49544  15.1%     -   11s
H    0     0                     494.0358480  423.49981  14.3%     -   11s
     0     0  423.50625    0  216  494.03585  423.50625  14.3%     -   11s
     0     0  423.50625    0  216  494.03585  423.50625  14.3%     -   11s
     0     0  423.64810    0  202  494.03585  423.64810  14.2%     -   11s
     0     0  423.67056    0  206  494.03585  423.67056  14.2%     -   11s
     0     0  423.72139    0  216  494.03585  423.72139  14.2%     -   12s
     0     0  423.82207    0  214  494.03585  423.82207  14.2%     -   12s
     0     0  423.82736    0  211  494.03585  423.82736  14.2%     -   12s
     0     0  423.82947    0  213  494.03585  423.82947  14.2%     -   12s
     0     0  424.24247    0  216  494.03585  424.24247  14.1%     -   12s
     0     0  424.31408    0  214  494.03585  424.31408  14.1%     -   12s
     0     0  424.52241    0  215  494.03585  424.52241  14.1%     -   13s
     0     0  424.61110    0  221  494.03585  424.61110  14.1%     -   13s
     0     0  424.61110    0  222  494.03585  424.61110  14.1%     -   13s
     0     0  424.70975    0  217  494.03585  424.70975  14.0%     -   13s
     0     0  424.78880    0  214  494.03585  424.78880  14.0%     -   13s
     0     0  424.78880    0  215  494.03585  424.78880  14.0%     -   14s
     0     0  424.78880    0  215  494.03585  424.78880  14.0%     -   14s
     0     0  424.93331    0  211  494.03585  424.93331  14.0%     -   14s
     0     0  424.94396    0  224  494.03585  424.94396  14.0%     -   14s
     0     0  424.94396    0  227  494.03585  424.94396  14.0%     -   14s
     0     0  425.35874    0  222  494.03585  425.35874  13.9%     -   15s
     0     0  425.36607    0  220  494.03585  425.36607  13.9%     -   15s
     0     0  425.36619    0  215  494.03585  425.36619  13.9%     -   15s
     0     0  425.44303    0  211  494.03585  425.44303  13.9%     -   15s
     0     0  425.44820    0  215  494.03585  425.44820  13.9%     -   15s
     0     0  425.45156    0  217  494.03585  425.45156  13.9%     -   15s
     0     0  425.45294    0  216  494.03585  425.45294  13.9%     -   15s
     0     0  425.50028    0  201  494.03585  425.50028  13.9%     -   16s
     0     0  425.50174    0  201  494.03585  425.50174  13.9%     -   16s
     0     0  425.50174    0  201  494.03585  425.50174  13.9%     -   16s
     0     0  425.50174    0  198  494.03585  425.50174  13.9%     -   16s
     0     2  429.74306    0  195  494.03585  429.74306  13.0%     -   18s
    11    17  429.74306    4  202  494.03585  429.74306  13.0%  2159   20s
H   42    52                     493.8189555  429.74306  13.0%  2983   24s
    51    59  429.74306    8  141  493.81896  429.74306  13.0%  2677   25s
H   58    64                     482.5622649  429.74306  10.9%  2659   26s
H  153   169                     472.2427251  429.74306  9.00%  1664   30s
H  202   206                     471.1501906  429.74306  8.79%  1440   31s
   409   439  443.33336  104  101  471.15019  429.74306  8.79%   941   35s
H  517   520                     471.1501804  429.74306  8.79%   821   36s
H  522   519                     471.0891263  429.74306  8.78%   834   36s
   589   585  452.18782  138  198  471.08913  429.74306  8.78%   758   40s
H  591   556                     470.9875570  429.74306  8.76%   756   43s
H  591   528                     469.7550920  429.74306  8.52%   756   43s
H  591   502                     469.0458297  429.74306  8.38%   756   43s
H  591   477                     466.4086509  429.74306  7.86%   756   43s
   598   482  437.21224   68  235  466.40865  429.74306  7.86%   747   45s
   611   491  462.14948  156  198  466.40865  431.75425  7.43%   731   50s
   626   502  451.12526   59  183  466.40865  432.18682  7.34%   788   55s
   632   509  434.53643   25  196  466.40865  434.53643  6.83%   829   60s
   737   567  446.12731   42  122  466.40865  434.53643  6.83%   910   65s
H  815   560                     466.1421063  434.53643  6.78%   913   67s
   947   592  463.48450   70   91  466.14211  434.53643  6.78%   869   70s
  1202   677  443.94350   56   80  466.14211  434.88762  6.70%   840   75s
  1562   760  455.82219  113  116  466.14211  435.66552  6.54%   795   80s
  1913   900  454.27793   54  103  466.14211  436.32931  6.40%   754   85s
  2260  1074  455.42289   83  112  466.14211  437.00233  6.25%   744   90s
  2873  1530  453.74288   97   96  466.14211  437.45073  6.16%   685   95s
  3473  1774  450.52508   56   91  466.14211  438.29141  5.97%   652  101s
  3974  2066  452.78837   85   98  466.14211  438.62971  5.90%   625  105s
  4643  2434     cutoff   67       466.14211  439.31066  5.76%   598  110s
  5297  2796  452.89453   85  102  466.14211  439.79424  5.65%   584  115s
  5675  3073  458.43169   43   94  466.14211  440.31231  5.54%   584  120s
  6439  3470  454.09799   48   79  466.14211  440.58945  5.48%   573  126s
  6877  3747  447.89196   63  103  466.14211  440.97041  5.40%   579  131s
  7537  4318     cutoff   62       466.14211  441.30978  5.33%   561  136s
  8502  4881  453.92233   58   82  466.14211  442.15777  5.15%   535  142s
  8984  5026  465.31819   75   33  466.14211  442.34758  5.10%   530  145s
  9748  5466  460.72305   58   86  466.14211  442.74936  5.02%   518  151s
 10725  6103  465.23835   38  166  466.14211  443.20799  4.92%   506  158s
 11451  6501  461.82947   39  102  466.14211  443.34852  4.89%   498  161s
 12339  6904  452.31837   53  116  466.14211  443.52195  4.85%   483  165s
 13719  7394  449.34871   36   96  466.14211  443.92105  4.77%   472  171s
 14030  7646  456.68985   47  122  466.14211  444.04911  4.74%   471  175s
 15038  8269  448.28758   48  120  466.14211  444.38454  4.67%   469  182s
 15606  8577  451.63993   57  130  466.14211  444.52090  4.64%   468  185s
 16885  9196  461.50087   52   92  466.14211  444.94033  4.55%   464  191s
 18056  9757  458.40977   45   68  466.14211  445.29553  4.47%   462  197s
 18736 10017  460.67101   69   79  466.14211  445.50212  4.43%   458  200s
 19967 10456  448.33458   49  134  466.14211  445.93518  4.33%   456  205s
 20902 10894  455.08600   66  113  466.14211  446.15517  4.29%   456  212s
 21313 11084     cutoff   86       466.14211  446.37559  4.24%   458  215s
 22298 11470  459.22910   43  114  466.14211  446.61085  4.19%   457  220s
 23419 11806  458.93338   48  124  466.14211  447.06334  4.09%   456  226s
 24545 12216  452.91279   35  136  466.14211  447.45098  4.01%   454  231s
 25649 12688  464.08133   55   44  466.14211  447.78227  3.94%   453  236s

Cutting planes:
  Gomory: 5
  Cover: 23
  Implied bound: 72
  Projected implied bound: 8
  MIR: 65
  Mixing: 1
  Flow cover: 125
  GUB cover: 1
  Inf proof: 17
  Zero half: 30
  Network: 1
  RLT: 8
  Relax-and-lift: 25
  BQP: 5
  Lazy constraints: 1

Explored 26884 nodes (12194867 simplex iterations) in 240.00 seconds (869.62 work units)
Thread count was 4 (of 32 available processors)

Solution count 10: 466.142 466.409 469.046 ... 493.819

Time limit reached
Best objective 4.661421063003e+02, best bound 4.481501379080e+02, gap 3.8598%

User-callback calls 86560, time in user-callback 0.00 sec
Cap boundary reject: PORT-588 real=466.142 baseline=466.051
Cap boundary debug: PORT-584 -> [450 449 448 447 446 445 439 440 441 442 443 444 505 506 507 508 509 510 511 514 513 512 435 436 437 438 434 433 432 431 430 429 428 427] -> PORT-593 -> [515 516 519 520 521 524 525 578 579 580 518] -> PORT-593 | load_left=44676 load_right=43134 cap=45000
Set parameter Username
Set parameter LicenseID to value 2738882
Academic license - for non-commercial use only - expires 2026-11-14
Set parameter TimeLimit to value 240
Set parameter Seed to value 687940618
Set parameter Threads to value 4
Set parameter OutputFlag to value 1
Set parameter LogToConsole to value 1
Set parameter LazyConstraints to value 1
Gurobi Optimizer version 13.0.0 build v13.0.0rc1 (linux64 - "Debian GNU/Linux 13 (trixie)")

CPU model: AMD Ryzen 9 5950X 16-Core Processor, instruction set [SSE2|AVX|AVX2]
Thread count: 16 physical cores, 32 logical processors, using up to 4 threads

Non-default parameters:
TimeLimit  240
Seed  687940618
Threads  4
LazyConstraints  1

Optimize a model with 9762 rows, 26508 columns and 53004 nonzeros (Min)
Model fingerprint: 0x03ed88b6
Model has 8648 linear objective coefficients
Variable types: 17672 continuous, 8836 integer (8836 binary)
Coefficient statistics:
  Matrix range     [1e+00, 4e+04]
  Objective range  [5e-05, 1e+05]
  Bounds range     [1e+00, 4e+04]
  RHS range        [1e+00, 1e+04]
Presolve removed 1024 rows and 9443 columns
Presolve time: 0.08s
Presolved: 8738 rows, 17065 columns, 51112 nonzeros
Variable types: 8370 continuous, 8695 integer (8695 binary)
Found heuristic solution: objective 503970.66665

Root relaxation: objective 3.648358e+02, 18055 iterations, 1.15 seconds (3.43 work units)

    Nodes    |    Current Node    |     Objective Bounds      |     Work
 Expl Unexpl |  Obj  Depth IntInf | Incumbent    BestBd   Gap | It/Node Time

     0     0  364.83577    0  186 503970.667  364.83577   100%     -    1s
H    0     0                     665.0100537  364.83577  45.1%     -    1s
H    0     0                     589.3552927  364.83577  38.1%     -    1s
H    0     0                     587.4588638  364.83577  37.9%     -    1s
H    0     0                     581.1493154  364.83577  37.2%     -    1s
H    0     0                     571.2253871  364.83577  36.1%     -    2s
H    0     0                     571.2244332  364.83577  36.1%     -    2s
H    0     0                     528.2427813  364.83577  30.9%     -    2s
H    0     0                     528.1706493  364.83577  30.9%     -    2s
     0     0  364.83577    0  185  528.17065  364.83577  30.9%     -    3s
     0     0  368.87321    0  201  528.17065  368.87321  30.2%     -    3s
H    0     0                     527.8744767  368.92927  30.1%     -    3s
H    0     0                     459.5177384  368.92927  19.7%     -    3s
H    0     0                     459.1779719  368.92927  19.7%     -    4s
H    0     0                     445.9475747  368.92927  17.3%     -    4s
H    0     0                     436.9741189  368.92927  15.6%     -    4s
H    0     0                     435.8464177  368.92927  15.4%     -    4s
H    0     0                     425.1933005  368.92927  13.2%     -    5s
     0     0  369.23320    0  214  425.19330  369.23320  13.2%     -    6s
     0     0  369.23320    0  212  425.19330  369.23320  13.2%     -    6s
     0     0  372.85775    0  218  425.19330  372.85775  12.3%     -    6s
     0     0  372.85775    0  182  425.19330  372.85775  12.3%     -    7s
     0     0  372.85775    0  205  425.19330  372.85775  12.3%     -    8s
     0     0  373.13548    0  215  425.19330  373.13548  12.2%     -    9s
     0     0  373.13888    0  220  425.19330  373.13888  12.2%     -    9s
     0     0  373.13905    0  220  425.19330  373.13905  12.2%     -    9s
     0     0  375.73512    0  218  425.19330  375.73512  11.6%     -    9s
     0     0  375.82955    0  226  425.19330  375.82955  11.6%     -    9s
     0     0  375.82985    0  228  425.19330  375.82985  11.6%     -    9s
     0     0  378.15331    0  235  425.19330  378.15331  11.1%     -   10s
     0     0  378.38881    0  232  425.19330  378.38881  11.0%     -   11s
     0     0  378.41262    0  234  425.19330  378.41262  11.0%     -   11s
     0     0  378.41456    0  236  425.19330  378.41456  11.0%     -   11s
     0     0  383.18394    0  233  425.19330  383.18394  9.88%     -   12s
     0     0  383.25233    0  233  425.19330  383.25233  9.86%     -   12s
     0     0  383.25325    0  238  425.19330  383.25325  9.86%     -   12s
     0     0  384.94532    0  236  425.19330  384.94532  9.47%     -   12s
     0     0  385.25874    0  240  425.19330  385.25874  9.39%     -   12s
     0     0  385.25945    0  238  425.19330  385.25945  9.39%     -   12s
     0     0  385.81449    0  240  425.19330  385.81449  9.26%     -   13s
     0     0  385.94823    0  246  425.19330  385.94823  9.23%     -   13s
     0     0  385.95446    0  249  425.19330  385.95446  9.23%     -   13s
     0     0  385.95465    0  250  425.19330  385.95465  9.23%     -   13s
     0     0  386.41334    0  252  425.19330  386.41334  9.12%     -   13s
     0     0  386.45834    0  249  425.19330  386.45834  9.11%     -   13s
     0     0  386.45834    0  252  425.19330  386.45834  9.11%     -   13s
     0     0  386.52005    0  248  425.19330  386.52005  9.10%     -   14s
     0     0  386.54702    0  241  425.19330  386.54702  9.09%     -   14s
     0     0  386.54760    0  240  425.19330  386.54760  9.09%     -   14s
     0     0  386.63019    0  247  425.19330  386.63019  9.07%     -   14s
     0     0  386.63093    0  252  425.19330  386.63093  9.07%     -   14s
     0     0  386.73162    0  249  425.19330  386.73162  9.05%     -   15s
     0     0  386.74028    0  253  425.19330  386.74028  9.04%     -   15s
     0     0  386.74028    0  254  425.19330  386.74028  9.04%     -   15s
     0     0  386.84815    0  250  425.19330  386.84815  9.02%     -   15s
     0     0  386.90850    0  257  425.19330  386.90850  9.00%     -   15s
     0     0  386.91376    0  252  425.19330  386.91376  9.00%     -   15s
     0     0  386.91529    0  254  425.19330  386.91529  9.00%     -   15s
     0     0  387.21062    0  257  425.19330  387.21062  8.93%     -   16s
     0     0  387.25781    0  258  425.19330  387.25781  8.92%     -   16s
     0     0  387.25781    0  261  425.19330  387.25781  8.92%     -   16s
     0     0  387.25781    0  261  425.19330  387.25781  8.92%     -   16s
     0     0  387.31181    0  253  425.19330  387.31181  8.91%     -   16s
     0     0  387.31395    0  253  425.19330  387.31395  8.91%     -   16s
     0     0  387.35616    0  249  425.19330  387.35616  8.90%     -   16s
     0     0  387.35785    0  251  425.19330  387.35785  8.90%     -   16s
     0     0  387.38456    0  254  425.19330  387.38456  8.89%     -   17s
     0     0  387.38456    0  254  425.19330  387.38456  8.89%     -   17s
     0     0  387.38456    0  246  425.19330  387.38456  8.89%     -   17s
     0     0  387.38456    0  185  425.19330  387.38456  8.89%     -   18s
     0     0  387.38456    0  219  425.19330  387.38456  8.89%     -   18s
     0     0  387.38456    0  227  425.19330  387.38456  8.89%     -   19s
     0     0  387.38456    0  221  425.19330  387.38456  8.89%     -   19s
     0     0  387.38456    0  238  425.19330  387.38456  8.89%     -   19s
     0     0  387.38456    0  251  425.19330  387.38456  8.89%     -   19s
     0     0  387.38456    0  253  425.19330  387.38456  8.89%     -   20s
     0     0  387.41955    0  253  425.19330  387.41955  8.88%     -   20s
     0     0  387.44279    0  262  425.19330  387.44279  8.88%     -   20s
     0     0  387.44316    0  267  425.19330  387.44316  8.88%     -   20s
     0     0  387.97397    0  272  425.19330  387.97397  8.75%     -   21s
     0     0  387.97401    0  268  425.19330  387.97401  8.75%     -   21s
     0     0  388.13323    0  263  425.19330  388.13323  8.72%     -   21s
     0     0  389.01786    0  246  425.19330  389.01786  8.51%     -   21s
     0     0  389.01812    0  252  425.19330  389.01812  8.51%     -   21s
     0     0  390.18485    0  241  425.19330  390.18485  8.23%     -   22s
     0     0  390.21774    0  240  425.19330  390.21774  8.23%     -   22s
     0     0  390.23418    0  249  425.19330  390.23418  8.22%     -   22s
     0     0  390.24180    0  245  425.19330  390.24180  8.22%     -   22s
     0     0  390.24241    0  248  425.19330  390.24241  8.22%     -   22s
     0     0  390.29870    0  244  425.19330  390.29870  8.21%     -   22s
     0     0  390.32448    0  245  425.19330  390.32448  8.20%     -   22s
     0     0  390.32501    0  250  425.19330  390.32501  8.20%     -   22s
     0     0  390.36301    0  244  425.19330  390.36301  8.19%     -   23s
     0     0  390.41704    0  240  425.19330  390.41704  8.18%     -   23s
     0     0  390.43619    0  250  425.19330  390.43619  8.17%     -   23s
     0     0  390.44072    0  250  425.19330  390.44072  8.17%     -   23s
     0     0  390.50293    0  254  425.19330  390.50293  8.16%     -   23s
     0     0  390.51855    0  248  425.19330  390.51855  8.16%     -   23s
     0     0  390.51954    0  250  425.19330  390.51954  8.15%     -   23s
     0     0  390.58755    0  242  425.19330  390.58755  8.14%     -   23s
     0     0  390.60886    0  248  425.19330  390.60886  8.13%     -   23s
     0     0  390.61623    0  254  425.19330  390.61623  8.13%     -   23s
     0     0  390.62157    0  257  425.19330  390.62157  8.13%     -   23s
     0     0  390.66584    0  251  425.19330  390.66584  8.12%     -   24s
     0     0  390.68158    0  247  425.19330  390.68158  8.12%     -   24s
     0     0  390.68212    0  251  425.19330  390.68212  8.12%     -   24s
     0     0  390.69386    0  238  425.19330  390.69386  8.11%     -   24s
     0     0  390.71477    0  248  425.19330  390.71477  8.11%     -   24s
     0     0  390.71477    0  253  425.19330  390.71477  8.11%     -   24s
     0     0  390.75455    0  238  425.19330  390.75455  8.10%     -   24s
     0     0  390.75553    0  238  425.19330  390.75553  8.10%     -   24s
     0     0  390.75553    0  238  425.19330  390.75553  8.10%     -   24s
     0     0  390.75553    0  236  425.19330  390.75553  8.10%     -   24s
     0     2  391.94930    0  236  425.19330  391.94930  7.82%     -   25s
   368   356  405.72222   19  193  425.19330  391.94930  7.82%   262   30s
  1026   900  418.21164   77   33  425.19330  392.17650  7.77%   199   35s
  1212   997  407.88773    8  216  425.19330  392.68604  7.65%   192   40s
  1247  1021  400.46675   19  263  425.19330  392.68604  7.65%   187   45s
  1285  1046  400.45228   17  281  425.19330  392.68604  7.65%   182   50s
  1322  1071  408.21348   40  268  425.19330  392.68604  7.65%   176   55s
  1361  1097  404.40399   13  276  425.19330  393.19850  7.52%   171   60s
  1394  1119  410.36442   75  274  425.19330  393.45707  7.46%   167   65s
  1420  1139  394.32596   11  263  425.19330  394.32596  7.26%   200   70s
  1514  1186  412.19337   22  196  425.19330  394.32596  7.26%   231   75s
  1814  1226  406.09675   20  177  425.19330  394.79171  7.15%   241   80s
  2330  1327  422.24168   31  196  425.19330  396.09507  6.84%   246   85s
  2970  1438     cutoff   65       425.19330  397.29601  6.56%   243   90s
  3407  1526  404.91550   20  250  425.19330  398.06634  6.38%   242   95s
  4020  1656  411.54176   27  189  425.19330  399.45380  6.05%   246  100s
  4534  1707  423.19659   31  188  425.19330  400.11535  5.90%   246  105s
  5243  1934  416.65419   29  210  425.19330  400.90493  5.71%   246  110s
  6180  2245  418.86530   41  153  425.19330  402.14022  5.42%   244  115s
  6737  2413 infeasible   34       425.19330  403.00742  5.22%   248  120s
  7493  2566  417.42150   19  203  425.19330  404.36058  4.90%   249  126s
  8092  2624  423.40137   29  190  425.19330  405.18066  4.71%   249  130s
  9031  2790  423.67146   28  167  425.19330  406.45752  4.41%   249  137s
  9505  2935  415.52647   21  162  425.19330  406.97543  4.28%   251  142s
 10298  3062     cutoff   28       425.19330  407.89774  4.07%   252  147s
 10757  3161  421.86640   23  145  425.19330  408.53482  3.92%   252  150s
 11847  3349  417.24182   38  102  425.19330  409.58862  3.67%   251  156s
 13062  3562     cutoff   31       425.19330  410.41301  3.48%   251  163s
 13313  3679  420.02010   27  133  425.19330  410.71865  3.40%   251  165s
 14437  3889     cutoff   30       425.19330  411.30311  3.27%   252  171s
 15408  3921  414.63907   29  152  425.19330  411.89802  3.13%   256  176s
 16110  3936     cutoff   23       425.19330  412.61924  2.96%   264  182s
 16855  3883 infeasible   39       425.19330  413.18847  2.82%   271  187s
 17336  3840     cutoff   30       425.19330  413.53844  2.74%   275  190s
 18176  3725     cutoff   30       425.19330  414.06108  2.62%   281  196s
 18947  3620  421.22037   24  130  425.19330  414.64989  2.48%   289  202s
 19300  3567  425.11073   34  142  425.19330  414.94726  2.41%   294  205s
 20268  3452  416.42842   26  137  425.19330  415.50705  2.28%   298  211s
 21169  3243     cutoff   25       425.19330  416.07241  2.15%   303  216s
 21962  3016     cutoff   25       425.19330  416.70431  2.00%   309  222s
 22792  2749     cutoff   36       425.19330  417.35410  1.84%   314  227s
 23209  2546  424.36093   22  159  425.19330  417.76109  1.75%   316  230s
 24127  2161     cutoff   44       425.19330  418.49639  1.58%   320  235s
 24939  1772     cutoff   19       425.19330  419.38895  1.37%   324  240s

Cutting planes:
  Lift-and-project: 1
  Cover: 10
  Implied bound: 111
  Projected implied bound: 6
  Clique: 1
  MIR: 275
  Flow cover: 174
  GUB cover: 1
  Inf proof: 17
  Zero half: 12
  RLT: 19
  Relax-and-lift: 29
  BQP: 3

Explored 25341 nodes (8320506 simplex iterations) in 240.00 seconds (944.12 work units)
Thread count was 4 (of 32 available processors)

Solution count 10: 425.193 435.846 436.974 ... 571.224

Time limit reached
Best objective 4.251933004626e+02, best bound 4.196839757955e+02, gap 1.2957%

User-callback calls 83786, time in user-callback 0.00 sec
Cap boundary reject: PORT-593 real=497.771 baseline=425.193
Cap boundary debug: PORT-593 -> [515 516 519 520 521 524 525 578 579 580 518] -> PORT-593 -> [517 522 523 526 577 575 527 528 533 532 529 530 531 576 574 573 571 570 569 572 534 535 536 537 538 539 544 542 543 540 564 565 568 567 566 563 562 554 553 550 551 552 285 286 287 282 556 557 281 280 279 278 277 276] -> PORT-591 | load_left=43134 load_right=42244 cap=45000
Set parameter Username
Set parameter LicenseID to value 2738882
Academic license - for non-commercial use only - expires 2026-11-14
Set parameter TimeLimit to value 240
Set parameter Seed to value 2000000000
Set parameter Threads to value 4
Set parameter OutputFlag to value 1
Set parameter LogToConsole to value 1
Set parameter LazyConstraints to value 1
Gurobi Optimizer version 13.0.0 build v13.0.0rc1 (linux64 - "Debian GNU/Linux 13 (trixie)")

CPU model: AMD Ryzen 9 5950X 16-Core Processor, instruction set [SSE2|AVX|AVX2]
Thread count: 16 physical cores, 32 logical processors, using up to 4 threads

Non-default parameters:
TimeLimit  240
Seed  2000000000
Threads  4
LazyConstraints  1

Optimize a model with 19282 rows, 53868 columns and 107724 nonzeros (Min)
Model fingerprint: 0xa70e7aa1
Model has 17688 linear objective coefficients
Variable types: 35912 continuous, 17956 integer (17956 binary)
Coefficient statistics:
  Matrix range     [1e+00, 4e+04]
  Objective range  [5e-05, 1e+05]
  Bounds range     [1e+00, 4e+04]
  RHS range        [1e+00, 1e+04]
Presolve removed 1464 rows and 18823 columns
Presolve time: 0.16s
Presolved: 17818 rows, 35045 columns, 104920 nonzeros
Variable types: 17290 continuous, 17755 integer (17755 binary)
Root relaxation presolved: 17818 rows, 35045 columns, 104920 nonzeros

Deterministic concurrent LP optimizer: primal and dual simplex
Showing primal log only...

Concurrent spin time: 0.00s

Solved with primal simplex

Root relaxation: objective 5.004059e+02, 28403 iterations, 0.88 seconds (1.74 work units)

    Nodes    |    Current Node    |     Objective Bounds      |     Work
 Expl Unexpl |  Obj  Depth IntInf | Incumbent    BestBd   Gap | It/Node Time

     0     0  500.40594    0  218          -  500.40594      -     -    1s
H    0     0                     960.6196525  500.40594  47.9%     -    4s
H    0     0                     917.7582243  500.40594  45.5%     -    4s
H    0     0                     914.4954659  500.40594  45.3%     -    4s
     0     0  500.40594    0  217  914.49547  500.40594  45.3%     -    5s
     0     0  505.82850    0  252  914.49547  505.82850  44.7%     -    7s
H    0     0                     907.4941799  505.91133  44.3%     -    7s
H    0     0                     823.0169882  505.91133  38.5%     -    8s
H    0     0                     821.2932737  505.91133  38.4%     -    8s
H    0     0                     594.9390534  505.91133  15.0%     -    8s
H    0     0                     574.5470070  505.91133  11.9%     -    9s
     0     0  505.91133    0  253  574.54701  505.91133  11.9%     -   11s
     0     0  512.35147    0  275  574.54701  512.35147  10.8%     -   12s
     0     0  512.35147    0  227  574.54701  512.35147  10.8%     -   14s
     0     0  512.35147    0  266  574.54701  512.35147  10.8%     -   16s
     0     0  512.39913    0  278  574.54701  512.39913  10.8%     -   17s
     0     0  512.56625    0  283  574.54701  512.56625  10.8%     -   17s
     0     0  512.56919    0  281  574.54701  512.56919  10.8%     -   17s
     0     0  512.56948    0  280  574.54701  512.56948  10.8%     -   17s
     0     0  516.74006    0  299  574.54701  516.74006  10.1%     -   18s
     0     0  516.75542    0  299  574.54701  516.75542  10.1%     -   18s
     0     0  516.75549    0  301  574.54701  516.75549  10.1%     -   18s
     0     0  521.45774    0  286  574.54701  521.45774  9.24%     -   19s
     0     0  521.48027    0  293  574.54701  521.48027  9.24%     -   19s
     0     0  521.48027    0  293  574.54701  521.48027  9.24%     -   19s
     0     0  526.04062    0  286  574.54701  526.04062  8.44%     -   19s
     0     0  526.06415    0  285  574.54701  526.06415  8.44%     -   20s
     0     0  526.06420    0  283  574.54701  526.06420  8.44%     -   20s
     0     0  526.30529    0  265  574.54701  526.30529  8.40%     -   20s
     0     0  526.42817    0  268  574.54701  526.42817  8.38%     -   20s
     0     0  526.42960    0  269  574.54701  526.42960  8.37%     -   20s
     0     0  526.48687    0  266  574.54701  526.48687  8.36%     -   20s
     0     0  526.51397    0  267  574.54701  526.51397  8.36%     -   20s
     0     0  526.51754    0  274  574.54701  526.51754  8.36%     -   20s
     0     0  526.54151    0  268  574.54701  526.54151  8.36%     -   21s
     0     0  526.54151    0  271  574.54701  526.54151  8.36%     -   21s
     0     0  526.69802    0  281  574.54701  526.69802  8.33%     -   21s
     0     0  526.69810    0  281  574.54701  526.69810  8.33%     -   22s
     0     0  527.03149    0  274  574.54701  527.03149  8.27%     -   22s
     0     0  527.08119    0  277  574.54701  527.08119  8.26%     -   22s
     0     0  527.08926    0  277  574.54701  527.08926  8.26%     -   22s
     0     0  527.09046    0  279  574.54701  527.09046  8.26%     -   22s
     0     0  527.19207    0  272  574.54701  527.19207  8.24%     -   22s
     0     0  527.19405    0  278  574.54701  527.19405  8.24%     -   22s
     0     0  527.28318    0  273  574.54701  527.28318  8.23%     -   23s
     0     0  527.28925    0  273  574.54701  527.28925  8.23%     -   23s
     0     0  527.37028    0  272  574.54701  527.37028  8.21%     -   23s
     0     0  527.38089    0  275  574.54701  527.38089  8.21%     -   23s
     0     0  527.38221    0  275  574.54701  527.38221  8.21%     -   23s
     0     0  527.42732    0  274  574.54701  527.42732  8.20%     -   23s
     0     0  527.43725    0  274  574.54701  527.43725  8.20%     -   23s
     0     0  527.45620    0  278  574.54701  527.45620  8.20%     -   24s
     0     0  527.46855    0  281  574.54701  527.46855  8.19%     -   24s
     0     0  527.47312    0  286  574.54701  527.47312  8.19%     -   24s
     0     0  527.49237    0  286  574.54701  527.49237  8.19%     -   24s
     0     0  527.49237    0  286  574.54701  527.49237  8.19%     -   24s
     0     0  527.49237    0  281  574.54701  527.49237  8.19%     -   24s
     0     0  529.54185    0  229  574.54701  529.54185  7.83%     -   27s
     0     0  529.54185    0  238  574.54701  529.54185  7.83%     -   29s
     0     0  529.54185    0  258  574.54701  529.54185  7.83%     -   29s
     0     0  529.54185    0  256  574.54701  529.54185  7.83%     -   29s
     0     0  529.54185    0  253  574.54701  529.54185  7.83%     -   29s
     0     0  529.54185    0  264  574.54701  529.54185  7.83%     -   29s
     0     0  529.54185    0  261  574.54701  529.54185  7.83%     -   29s
     0     0  529.54185    0  260  574.54701  529.54185  7.83%     -   29s
     0     0  529.54185    0  262  574.54701  529.54185  7.83%     -   29s
     0     0  529.54185    0  272  574.54701  529.54185  7.83%     -   30s
     0     0  529.54185    0  274  574.54701  529.54185  7.83%     -   30s
     0     0  529.54185    0  273  574.54701  529.54185  7.83%     -   30s
     0     0  529.54185    0  285  574.54701  529.54185  7.83%     -   31s
     0     0  529.54185    0  287  574.54701  529.54185  7.83%     -   31s
     0     0  529.54185    0  291  574.54701  529.54185  7.83%     -   31s
     0     0  529.54185    0  290  574.54701  529.54185  7.83%     -   31s
     0     0  530.07892    0  276  574.54701  530.07892  7.74%     -   32s
     0     0  530.36320    0  289  574.54701  530.36320  7.69%     -   32s
     0     0  530.42923    0  295  574.54701  530.42923  7.68%     -   32s
     0     0  530.43080    0  286  574.54701  530.43080  7.68%     -   32s
     0     0  530.54715    0  297  574.54701  530.54715  7.66%     -   32s
     0     0  530.56708    0  304  574.54701  530.56708  7.65%     -   32s
     0     0  530.59564    0  291  574.54701  530.59564  7.65%     -   32s
     0     0  530.59564    0  297  574.54701  530.59564  7.65%     -   32s
     0     0  531.10623    0  293  574.54701  531.10623  7.56%     -   33s
     0     0  531.15052    0  295  574.54701  531.15052  7.55%     -   33s
     0     0  531.23651    0  299  574.54701  531.23651  7.54%     -   33s
     0     0  531.25244    0  303  574.54701  531.25244  7.54%     -   33s
     0     0  531.25254    0  305  574.54701  531.25254  7.54%     -   33s
     0     0  531.39070    0  305  574.54701  531.39070  7.51%     -   33s
     0     0  531.41255    0  308  574.54701  531.41255  7.51%     -   34s
     0     0  531.41724    0  308  574.54701  531.41724  7.51%     -   34s
     0     0  532.25354    0  288  574.54701  532.25354  7.36%     -   34s
     0     0  532.27087    0  279  574.54701  532.27087  7.36%     -   34s
     0     0  532.27087    0  280  574.54701  532.27087  7.36%     -   34s
     0     0  532.32544    0  283  574.54701  532.32544  7.35%     -   35s
     0     0  532.32797    0  284  574.54701  532.32797  7.35%     -   35s
     0     0  532.35119    0  288  574.54701  532.35119  7.34%     -   35s
     0     0  532.35602    0  305  574.54701  532.35602  7.34%     -   35s
     0     0  532.40626    0  291  574.54701  532.40626  7.33%     -   35s
     0     0  532.41409    0  291  574.54701  532.41409  7.33%     -   35s
     0     0  532.41409    0  291  574.54701  532.41409  7.33%     -   35s
     0     0  532.41409    0  287  574.54701  532.41409  7.33%     -   35s
     0     2  533.98008    0  287  574.54701  533.98008  7.06%     -   36s
   687   639  566.59328  163  101  574.54701  533.98008  7.06%   100   40s
  1102  1015  544.19035   46  221  574.54701  533.98008  7.06%  95.9   45s
  1132  1035  542.29946   25  294  574.54701  536.12525  6.69%  93.4   50s
  1161  1055  551.21431   68  310  574.54701  541.11263  5.82%  91.1   55s
  1193  1076  558.45557   93  324  574.54701  542.69650  5.54%  88.6   60s
  1223  1096  550.33651   42  315  574.54701  543.89210  5.34%  86.5   65s
  1242  1109  564.75435  103  332  574.54701  544.31019  5.26%  85.1   70s
  1252  1116  549.54101   31  220  574.54701  544.74399  5.19%   151   75s
  1269  1128  561.68916  126  326  574.54701  544.95606  5.15%   149   80s
  1524  1209  564.48261   66  115  574.54701  544.95606  5.15%   181   85s
  2231  1331  569.78803   79   86  574.54701  545.22508  5.10%   177   90s
  3367  1767  550.63638   35  162  574.54701  546.37504  4.90%   168   95s
  4969  2273  567.98068   64   95  574.54701  547.70711  4.67%   160  100s
  6118  3002  552.67092   32  101  574.54701  548.22498  4.58%   153  105s
  7847  4199  569.32222   29  101  574.54701  548.82360  4.48%   147  110s
  9292  5100  554.96267   35  130  574.54701  549.25471  4.40%   143  115s
 11194  6242  569.97999   45   87  574.54701  549.72002  4.32%   138  120s
 13201  7086  569.92113   49   90  574.54701  550.12073  4.25%   133  125s
 15239  8272  560.54679   40  121  574.54701  550.55500  4.18%   129  131s
 16979  9245  562.68469   35  128  574.54701  550.90716  4.11%   126  135s
 19105 10453  562.08136   58  107  574.54701  551.23407  4.06%   124  140s
 21585 11684  564.08702   49   98  574.54701  551.64685  3.99%   121  145s
 24316 13191  562.64236   43   85  574.54701  552.16392  3.90%   118  151s
 26573 14315  562.45205   40  125  574.54701  552.40105  3.85%   116  155s
 28984 15534  566.58540   42  100  574.54701  552.71059  3.80%   114  160s
 31607 16643     cutoff   43       574.54701  553.06799  3.74%   113  165s
 33738 17453  572.33113   59  107  574.54701  553.28021  3.70%   112  170s
 35926 18540  554.80512   37  130  574.54701  553.55904  3.65%   111  175s
 38309 19704  562.01636   32  127  574.54701  553.85401  3.60%   110  180s
 40921 20846  557.86403   63  121  574.54701  554.08444  3.56%   109  185s
 43110 21718  567.99616   52  110  574.54701  554.33104  3.52%   109  190s
 45569 22642     cutoff   46       574.54701  554.59597  3.47%   108  195s
 47724 23624  557.35670   40   94  574.54701  554.83582  3.43%   108  200s
 50136 24503  565.94946   43   96  574.54701  555.06953  3.39%   107  205s
 52471 25464  571.75568   51  109  574.54701  555.30939  3.35%   107  210s
H53555 25761                     574.5470050  555.40761  3.33%   107  213s
 54061 26097  561.19305   39   86  574.54701  555.44869  3.32%   107  215s
 56604 26900  557.92951   34  124  574.54701  555.67198  3.29%   106  220s
H56606 26900                     574.5470046  555.67198  3.29%   106  220s
 57862 27435  563.14701   41  105  574.54700  555.75868  3.27%   106  225s
H58046 27600                     574.5470042  555.76911  3.27%   106  226s
 59856 28252  574.16171   38   99  574.54700  555.98743  3.23%   106  230s
 62379 29220     cutoff   42       574.54700  556.22555  3.19%   106  235s
 64999 30017     cutoff   38       574.54700  556.43037  3.15%   106  240s

Cutting planes:
  Gomory: 7
  Cover: 15
  Implied bound: 176
  Projected implied bound: 6
  Clique: 3
  MIR: 218
  Flow cover: 235
  GUB cover: 1
  Inf proof: 10
  Zero half: 39
  RLT: 6
  Relax-and-lift: 25
  BQP: 2

Explored 65265 nodes (7021493 simplex iterations) in 240.00 seconds (742.95 work units)
Thread count was 4 (of 32 available processors)

Solution count 9: 574.547 574.547 594.939 ... 960.62

Time limit reached
Warning: max constraint violation (2.8724e-06) exceeds tolerance
Best objective 5.745470039179e+02, best bound 5.564462106214e+02, gap 3.1504%

User-callback calls 166594, time in user-callback 0.01 sec
Cap boundary reject: PORT-593 segment infeasible left=549.453 right=100204.027
Cap boundary reject: PORT-593 real=1000000000000000052504760255204420248704468581108159154915854115511802457988908195786371375080447864043704443832883878176942523235360430575644792184786706982848387200926575803737830233794788090059368953234970799945081119038967640880074652742780142494579258788820056842838115669472196386865459400540160.000 baseline=574.547
Cap boundary debug: PORT-593 -> [517 522 523 526 577 575 527 528 533 532 529 530 531 576 574 573 571 570 569 572 534 535 536 537 538 539 544 542 543 540 564 565 568 567 566 563 562 554 553 550 551 552 285 286 287 282 556 557 281 280 279 278 277 276] -> PORT-591 -> [346 345 344 343 340 320 319 318 317 316 315 314 313 312 288 289 290 291 292 310 311 309 308 307 294 293 295 296 297 306 303 304 305 298 299 300 301 302 541 545 546 547 548 549 561 560 559 558 555 284 283 341 342 330 328 329 331 332 348 362 361 360 359 358 357 356 355 354 353 352 351 350 349 326 327 325 324 323 322 321 339 338 337 336 335 334 333 347 363 364 365 366 367 368 426 425 417 424 422 423 421 420 381 369 370 371 372 373 374 375 376 377 378 379 380] -> PORT-582 | load_left=42244 load_right=40161 cap=45000
Set parameter Username
Set parameter LicenseID to value 2738882
Academic license - for non-commercial use only - expires 2026-11-14
Set parameter TimeLimit to value 240
Set parameter Seed to value 1234398288
Set parameter Threads to value 4
Set parameter OutputFlag to value 1
Set parameter LogToConsole to value 1
Set parameter LazyConstraints to value 1
Gurobi Optimizer version 13.0.0 build v13.0.0rc1 (linux64 - "Debian GNU/Linux 13 (trixie)")

CPU model: AMD Ryzen 9 5950X 16-Core Processor, instruction set [SSE2|AVX|AVX2]
Thread count: 16 physical cores, 32 logical processors, using up to 4 threads

Non-default parameters:
TimeLimit  240
Seed  1234398288
Threads  4
LazyConstraints  1

Optimize a model with 120370 rows, 350892 columns and 701772 nonzeros (Min)
Model fingerprint: 0x7c96cad4
Model has 116280 linear objective coefficients
Variable types: 233928 continuous, 116964 integer (116964 binary)
Coefficient statistics:
  Matrix range     [1e+00, 4e+04]
  Objective range  [4e-01, 1e+05]
  Bounds range     [1e+00, 4e+04]
  RHS range        [1e+00, 3e+03]
Presolve removed 3752 rows and 119183 columns
Presolve time: 0.82s
Presolved: 116618 rows, 231709 columns, 695408 nonzeros
Variable types: 115258 continuous, 116451 integer (116451 binary)
Root relaxation presolved: 116618 rows, 231709 columns, 695408 nonzeros

Deterministic concurrent LP optimizer: primal simplex, dual simplex, and barrier
Showing barrier log only...

Root barrier log...

Ordering time: 0.07s

Barrier statistics:
 AA' NZ     : 6.973e+05
 Factor NZ  : 1.503e+06 (roughly 150 MB of memory)
 Factor Ops : 8.354e+08 (less than 1 second per iteration)
 Threads    : 2

                  Objective                Residual
Iter       Primal          Dual         Primal    Dual     Compl     Time
   0   2.40648025e+10 -5.48853108e+13  3.07e+05 3.18e+04  1.59e+08     2s
   1   1.14134368e+10 -3.60649131e+13  1.46e+05 1.64e+04  9.08e+07     2s
   2   7.73357816e+09 -1.85308638e+12  9.88e+04 6.98e-10  2.00e+07     2s
   3   4.16191646e+09 -8.95491774e+11  5.31e+04 5.82e-10  1.04e+07     2s
   4   2.07984414e+09 -7.61127613e+11  2.65e+04 3.10e-09  5.72e+06     2s
   5   1.64371769e+09 -3.99410873e+11  2.10e+04 1.36e-09  4.09e+06     2s
   6   7.04121945e+08 -2.99142161e+11  8.96e+03 8.92e-10  1.96e+06     2s
   7   1.49299449e+07 -2.52856188e+11  1.62e+02 5.73e-10  4.63e+05     2s
   8   6.38691639e+06 -1.16779782e+10  5.30e+01 7.12e-10  2.47e+04     2s
   9   6.14696021e+06 -8.97300005e+09  5.01e+01 1.94e-09  1.94e+04     2s
  10   4.82312707e+06 -6.96647317e+09  3.42e+01 2.06e-09  1.40e+04     2s
  11   4.10739552e+06 -4.86793720e+09  2.57e+01 1.48e-09  9.63e+03     2s
  12   3.59521136e+06 -2.13493088e+09  1.85e+01 5.48e-09  4.15e+03     2s
  13   2.93827238e+06 -6.69521287e+08  9.27e+00 1.09e-08  1.26e+03     3s
  14   2.49993931e+06 -9.95921031e+07  3.70e+00 4.67e-09  1.87e+02     3s
  15   2.25953617e+06 -4.70397950e+07  2.12e+00 8.32e-09  8.84e+01     3s
  16   1.87151973e+06 -4.24187824e+07  9.58e-01 1.23e-08  7.79e+01     3s
  17   1.18856473e+06 -2.01932221e+07  2.53e-01 1.01e-08  3.71e+01     3s
  18   3.02579882e+05 -1.06162058e+06  2.18e-02 7.50e-09  2.36e+00     3s
  19   1.96023549e+04 -1.11419173e+05  1.81e-06 7.63e-09  2.26e-01     3s
  20   1.38441904e+04 -4.70780908e+04  1.68e-08 8.14e-09  1.05e-01     3s
  21   1.24622905e+04 -3.80223987e+04  6.34e-09 8.76e-09  8.72e-02     3s
  22   1.03797024e+04 -1.34286560e+04  1.53e-09 4.32e-09  4.11e-02     3s
  23   7.06616055e+03 -5.82372285e+03  2.01e-10 4.56e-09  2.23e-02     3s
  24   4.06758534e+03 -1.52638969e+03  1.80e-09 4.47e-09  9.67e-03     3s
  25   2.07613945e+03 -5.87140681e+02  9.69e-10 6.90e-09  4.60e-03     3s
  26   1.64887267e+03  2.71603092e+02  3.31e-10 7.80e-09  2.38e-03     3s
  27   1.39612529e+03  8.52765601e+02  7.35e-11 5.28e-09  9.39e-04     3s
  28   1.32824886e+03  1.15497686e+03  2.82e-11 7.51e-09  2.99e-04     4s
  29   1.28191325e+03  1.24952090e+03  1.25e-09 9.58e-09  5.60e-05     4s
  30   1.27369682e+03  1.26296666e+03  1.56e-09 9.39e-09  1.85e-05     4s
  31   1.27182808e+03  1.26633784e+03  5.25e-10 1.01e-08  9.49e-06     4s
  32   1.27106366e+03  1.26995600e+03  1.12e-09 5.37e-09  1.91e-06     4s
  33   1.27061822e+03  1.27046809e+03  4.55e-10 6.24e-09  2.59e-07     4s
  34   1.27057031e+03  1.27054323e+03  9.31e-11 7.12e-09  4.68e-08     4s
  35   1.27056178e+03  1.27055399e+03  2.00e-09 6.40e-09  1.35e-08     4s
  36   1.27055704e+03  1.27055522e+03  3.02e-09 6.27e-09  3.15e-09     4s
  37   1.27055560e+03  1.27055538e+03  6.37e-09 5.29e-09  3.80e-10     4s
  38   1.27055541e+03  1.27055540e+03  3.62e-09 4.12e-09  1.20e-11     4s

Barrier solved model in 38 iterations and 4.45 seconds (6.63 work units)
Optimal objective 1.27055541e+03

Crossover time: 0.26 seconds (0.36 work units)
Concurrent spin time: 0.00s

Solved with barrier

Root relaxation: objective 1.270555e+03, 50343 iterations, 3.53 seconds (4.32 work units)

    Nodes    |    Current Node    |     Objective Bounds      |     Work
 Expl Unexpl |  Obj  Depth IntInf | Incumbent    BestBd   Gap | It/Node Time

     0     0 1270.55540    0  500          - 1270.55540      -     -   12s
H    0     0                    1840.3852646 1270.55540  31.0%     -   14s
H    0     0                    1832.8853509 1270.55540  30.7%     -   15s
H    0     0                    1675.7445406 1270.55540  24.2%     -   16s
H    0     0                    1641.1671030 1270.55540  22.6%     -   20s
H    0     0                    1592.1985611 1270.55540  20.2%     -   21s
H    0     0                    1589.0717942 1270.55540  20.0%     -   23s
H    0     0                    1584.2200212 1270.55540  19.8%     -   25s
     0     0 1276.99152    0  557 1584.22002 1276.99152  19.4%     -   46s
H    0     0                    1572.4898755 1277.05020  18.8%     -   48s
H    0     0                    1542.7292702 1277.05020  17.2%     -   51s
H    0     0                    1538.0875840 1277.05020  17.0%     -   60s
H    0     0                    1533.1489923 1277.05020  16.7%     -   61s
H    0     0                    1533.1489919 1277.05020  16.7%     -   80s
     0     0 1277.05020    0  557 1533.14899 1277.05020  16.7%     -   96s
     0     0 1279.94740    0  591 1533.14899 1279.94740  16.5%     -  118s
     0     0 1279.98086    0  600 1533.14899 1279.98086  16.5%     -  119s
     0     0 1279.98086    0  600 1533.14899 1279.98086  16.5%     -  119s
     0     0 1285.01257    0  564 1533.14899 1285.01257  16.2%     -  186s
     0     0 1286.81839    0  621 1533.14899 1286.81839  16.1%     -  207s
     0     0 1286.99669    0  642 1533.14899 1286.99669  16.1%     -  207s
     0     0 1286.99669    0  642 1533.14899 1286.99669  16.1%     -  207s
     0     0 1288.86969    0  596 1533.14899 1288.86969  15.9%     -  235s
H    0     0                    1519.3766176 1288.86969  15.2%     -  236s
H    0     0                    1511.5441254 1288.86969  14.7%     -  237s
H    0     0                    1505.0513306 1288.86969  14.4%     -  238s
H    0     0                    1505.0513284 1288.86969  14.4%     -  239s
     0     0          -    0      1505.05133 1288.86969  14.4%     -  240s

Cutting planes:
  Gomory: 2
  Lift-and-project: 1
  Cover: 6
  Implied bound: 82
  Clique: 3
  MIR: 26
  Flow cover: 64
  GUB cover: 1
  Zero half: 95
  RLT: 4
  Relax-and-lift: 126
  BQP: 1

Explored 1 nodes (235276 simplex iterations) in 240.01 seconds (639.62 work units)
Thread count was 4 (of 32 available processors)

Solution count 10: 1505.05 1511.54 1519.38 ... 1592.2

Time limit reached
Best objective 1.505051328386e+03, best bound 1.288869689538e+03, gap 14.3637%

User-callback calls 14564, time in user-callback 0.01 sec
Cap boundary reject: PORT-591 real=1402.578 baseline=1391.858
Set parameter Username
Set parameter LicenseID to value 2738882
Academic license - for non-commercial use only - expires 2026-11-14
Segment 1 eval: start=BOAT-0 end=PORT-588 stations=22 (optimize)
  Segment 1 order: -501 503 -504 -488 -487 489 -486 -485 -461 464 465 466 467 468 469 470 -471 472 -122 -121 120 -119
Segment 2 eval: start=PORT-588 end=PORT-584 stations=24 (optimize)
  Segment 2 order: 118 -117 -116 115 476 477 478 475 473 -474 -479 481 480 463 -484 462 -483 -482 493 -492 -491 -490 -502 -500
Segment 3 eval: start=PORT-584 end=PORT-584 stations=10 (optimize)
  Segment 3 order: -460 -459 -458 -457 -456 -455 -454 -453 -452 -451
Segment 4 eval: start=PORT-584 end=PORT-593 stations=34 (optimize)
  Segment 4 order: -505 450 -449 -448 -447 -446 -445 439 -440 441 442 443 444 -506 507 508 509 510 511 514 -513 -512 435 436 437 438 434 -433 -432 -431 -430 -429 -428 -427
Segment 5 eval: start=PORT-593 end=PORT-593 stations=11 (optimize)
  Segment 5 order: 518 -580 -579 -578 -525 -524 -521 -520 -519 -516 -515
Segment 6 eval: start=PORT-593 end=PORT-591 stations=54 (optimize)
  Segment 6 order: 517 522 523 526 -575 -577 527 528 529 530 531 532 -533 -576 -574 -573 -571 -570 -569 572 534 535 -536 537 538 539 544 -540 -543 542 -568 -567 -566 -565 -564 -563 -562 -554 553 550 551 552 285 286 287 -282 556 -557 -281 -280 -279 -278 -277 -276
Segment 7 eval: start=PORT-591 end=PORT-582 stations=115 (optimize)
  Segment 7 order: -346 -345 -344 -343 -342 -341 -316 283 -284 555 558 559 -560 561 -549 -541 545 546 -548 -547 297 298 299 300 301 302 303 304 305 306 -296 295 293 294 307 308 309 311 310 -292 -291 -290 -289 288 312 -313 314 315 317 318 319 320 340 339 321 322 -324 -323 338 -337 -336 -335 -334 -333 347 363 -348 -332 -331 -330 -329 -328 325 -327 326 349 350 351 352 353 -354 355 356 357 358 359 360 361 -362 -364 365 366 367 368 -425 -424 422 423 -421 420 -417 381 426 369 370 371 372 373 -374 375 376 377 378 379 380
Segment 8 eval: start=PORT-582 end=PORT-581 stations=53 (optimize)
  Segment 8 order: 57 59 -58 60 -64 65 -63 61 62 -386 -385 -384 -383 -382 414 419 -418 -416 415 413 -412 -411 410 -408 -409 404 407 -406 -405 -403 -402 387 388 389 390 391 392 393 394 395 401 400 -399 -398 -397 -396 -47 -46 -45 -44 -43 -42 -41
Segment 9 eval: start=PORT-581 end=PORT-583 stations=88 (optimize)
  Segment 9 order: 56 55 -54 -53 -52 -51 -50 -49 -48 -40 -39 -38 -37 66 67 68 69 70 77 -76 71 74 -73 -72 -75 -78 -79 27 29 30 -33 34 35 36 32 31 -28 -26 93 -92 94 91 80 81 82 83 84 85 -86 87 -88 89 -90 95 96 2 1 3 4 -25 -24 -23 -22 -21 20 -19 -18 -17 -16 -15 -14 -13 -12 -11 -10 -5 6 7 8 9 143 -142 -144 145 146 147 148 149
Segment 10 eval: start=PORT-583 end=PORT-583 stations=63 (optimize)
  Segment 10 order: -132 -181 -180 -229 -228 -179 -135 136 137 152 -151 139 -138 -141 -140 150 -158 157 153 154 155 156 -159 160 161 162 163 164 165 166 167 168 169 170 171 172 173 174 175 176 177 182 183 184 185 186 187 188 189 -190 223 224 226 178 227 -231 235 -234 -233 -232 -230 -134 -133
Segment 11 eval: start=PORT-583 end=PORT-588 stations=53 (optimize)
  Segment 11 order: -225 -222 -221 -220 -219 191 -218 192 193 194 195 196 197 198 203 204 -202 199 -200 201 205 206 207 208 209 210 211 212 213 -217 -216 214 215 -237 238 243 244 250 -251 249 -248 -245 247 -246 -242 241 -240 -239 -236 97 98 99 100
Segment 12 eval: start=PORT-588 end=PORT-588 stations=33 (optimize)
  Segment 12 order: 110 -270 -269 -268 264 265 267 266 123 124 125 -126 127 -263 -262 -261 -260 -259 258 128 129 130 131 -256 257 -255 -254 -252 -253 -271 272 273 -109
Segment 13 eval: start=PORT-588 end=BOAT-END stations=20 (optimize)
  Segment 13 order: -107 -106 -105 104 -103 -102 -101 108 274 111 275 -114 494 -113 -112 495 496 497 498 499
PROGRESS pass=2 changed=0 total=4600.363 best=4600.363 nseg=13 stall=1 mut=0/4
Capacity boundary sweep completed with changes.
Best pass 1 total distance: 4600.363
Updated segment plan:
Segment plan:
  Segment 1 -> START
    stations: 501 503 504 488 487 489 486 485 461 464 465 466 467 468 469 470 471 472 122 121 120 119
    end: PORT-588("Ólafsvík")
  Segment 2 -> PORT-588
    stations: 118 117 116 115 476 477 478 475 473 474 479 481 480 463 484 462 483 482 493 492 491 490 502 500
    end: PORT-584("Hafnarfjörður")
  Segment 3 -> PORT-584
    stations: 460 459 458 457 456 455 454 453 452 451
    end: PORT-584("Hafnarfjörður")
  Segment 4 -> PORT-584
    stations: 450 449 448 447 446 445 439 440 441 442 443 444 505 506 507 508 509 510 511 514 513 512 435 436 437 438 434 433 432 431 430 429 428 427
    end: PORT-593("Vestmannaeyjar")
  Segment 5 -> PORT-593
    stations: 515 516 519 520 521 524 525 578 579 580 518
    end: PORT-593("Vestmannaeyjar")
  Segment 6 -> PORT-593
    stations: 517 522 523 526 577 575 527 528 533 532 529 530 531 576 574 573 571 570 569 572 534 535 536 537 538 539 544 542 543 540 564 565 568 567 566 563 562 554 553 550 551 552 285 286 287 282 556 557 281 280 279 278 277 276
    end: PORT-591("Seyðisfjörður")
  Segment 7 -> PORT-591
    stations: 346 345 344 343 340 320 319 318 317 316 315 314 313 312 288 289 290 291 292 310 311 309 308 307 294 293 295 296 297 306 303 304 305 298 299 300 301 302 541 545 546 547 548 549 561 560 559 558 555 284 283 341 342 330 328 329 331 332 348 362 361 360 359 358 357 356 355 354 353 352 351 350 349 326 327 325 324 323 322 321 339 338 337 336 335 334 333 347 363 364 365 366 367 368 426 425 417 424 422 423 421 420 381 369 370 371 372 373 374 375 376 377 378 379 380
    end: PORT-582("Akureyri")
  Segment 8 -> PORT-582
    stations: 419 418 416 415 413 412 411 410 409 408 407 406 405 404 414 382 383 384 403 402 385 386 387 388 389 390 391 62 61 60 58 59 57 64 65 63 392 393 394 395 401 400 399 398 397 396 47 46 45 44 43 42 41
    end: PORT-581("Siglufjörður")
  Segment 9 -> PORT-581
    stations: 40 39 48 49 50 38 37 51 52 53 54 55 56 66 67 68 69 70 77 76 71 74 73 72 75 78 79 27 29 30 33 34 35 36 32 31 28 26 93 92 94 91 80 81 82 83 84 85 86 87 88 89 90 95 96 2 1 3 4 25 24 23 22 21 20 19 18 17 16 15 14 13 12 11 10 5 6 7 8 9 143 142 144 145 146 147 148 149
    end: PORT-583("Ísafjörður")
  Segment 10 -> PORT-583
    stations: 150 158 157 156 155 173 172 167 163 159 160 161 162 164 166 165 168 169 170 171 177 176 175 174 154 153 152 151 139 140 141 138 137 136 135 179 228 229 180 181 132 133 134 230 232 233 234 235 231 227 178 226 182 183 184 185 186 187 188 189 190 223 224
    end: PORT-583("Ísafjörður")
  Segment 11 -> PORT-583
    stations: 225 222 221 236 97 98 99 100 246 247 245 248 249 251 250 244 243 242 241 240 239 238 237 215 214 213 217 216 220 219 191 218 192 193 194 195 196 197 212 211 210 209 208 207 206 205 201 200 198 199 202 203 204
    end: PORT-588("Ólafsvík")
  Segment 12 -> PORT-588
    stations: 131 130 129 257 256 255 254 252 253 260 261 262 263 259 258 128 127 126 125 124 123 266 267 265 264 268 269 270 110 273 272 271 109
    end: PORT-588("Ólafsvík")
  Segment 13 -> PORT-588
    stations: 108 101 102 103 104 105 106 107 274 111 275 114 494 113 112 495 496 497 498 499
    end: BOAT-END
Segment 1: "Árni Friðriksson" -> "Ólafsvík" | stations=22 distance=259.566 amount=43978
Segment 2: "Ólafsvík" -> "Hafnarfjörður" | stations=24 distance=206.485 amount=28677
Segment 3: "Hafnarfjörður" -> "Hafnarfjörður" | stations=10 distance=199.680 amount=44991
Segment 4: "Hafnarfjörður" -> "Vestmannaeyjar" | stations=34 distance=266.602 amount=44676
Segment 5: "Vestmannaeyjar" -> "Vestmannaeyjar" | stations=11 distance=158.591 amount=43134
Segment 6: "Vestmannaeyjar" -> "Seyðisfjörður" | stations=54 distance=415.956 amount=42244
Segment 7: "Seyðisfjörður" -> "Akureyri" | stations=115 distance=975.902 amount=40161
Segment 8: "Akureyri" -> "Siglufjörður" | stations=53 distance=422.818 amount=44993
Segment 9: "Siglufjörður" -> "Ísafjörður" | stations=88 distance=637.563 amount=44749
Segment 10: "Ísafjörður" -> "Ísafjörður" | stations=63 distance=286.267 amount=44747
Segment 11: "Ísafjörður" -> "Ólafsvík" | stations=53 distance=344.073 amount=42140
Segment 12: "Ólafsvík" -> "Ólafsvík" | stations=33 distance=282.520 amount=44937
Segment 13: "Ólafsvík" -> "Árni Friðriksson"-END | stations=20 distance=144.339 amount=18638
Segmented total distance: 4600.363
SelectedSize=622  Size=595
