Ship: Árni Friðriksson
ShipCap: 45000
Init strategy: greedy nearest-neighbor with capacity resets.
Init segments min: 13 (total=528065.0, init_cap=44000.0, ship_cap=45000.0)
Init strategy: nearest (capacity-aware)
Insert port (greedy): PORT-583("Ísafjörður") load=43996 dist=37.845
Insert port (greedy): PORT-581("Siglufjörður") load=43989 dist=59.091
Insert port (greedy): PORT-591("Seyðisfjörður") load=43988 dist=50.133
Insert port (greedy): PORT-593("Vestmannaeyjar") load=43986 dist=185.646
Insert port (greedy): PORT-591("Seyðisfjörður") load=43992 dist=117.318
Insert port (greedy): PORT-583("Ísafjörður") load=43998 dist=59.922
Insert port (greedy): PORT-588("Ólafsvík") load=43988 dist=57.936
Insert port (greedy): PORT-581("Siglufjörður") load=43976 dist=65.176
Insert port (greedy): PORT-591("Seyðisfjörður") load=43983 dist=112.555
Insert port (greedy): PORT-593("Vestmannaeyjar") load=43948 dist=22.745
Insert port (greedy): PORT-584("Hafnarfjörður") load=43908 dist=55.395
Insert port (greedy): PORT-584("Hafnarfjörður") load=34748 dist=83.425
Heuristic no-port order length (min-pair): 107255.497
Init segments built: 13 (min=13)
Visit order (592): STAT-500 STAT-501 STAT-499 STAT-497 STAT-498 STAT-496 STAT-495 STAT-494 STAT-113 STAT-112 STAT-114 STAT-275 STAT-111 STAT-274 STAT-107 STAT-106 STAT-105 STAT-104 STAT-103 STAT-102 STAT-101 STAT-108 STAT-109 STAT-110 STAT-273 STAT-272 STAT-271 STAT-253 STAT-252 STAT-249 STAT-248 STAT-247 STAT-245 STAT-244 STAT-243 STAT-238 STAT-237 STAT-215 STAT-214 STAT-213 STAT-218 STAT-192 STAT-191 STAT-190 STAT-219 STAT-223 STAT-222 STAT-135 PORT-583("Ísafjörður") STAT-134 STAT-133 STAT-132 STAT-181 STAT-230 STAT-232 STAT-231 STAT-233 STAT-234 STAT-235 STAT-227 STAT-228 STAT-229 STAT-180 STAT-179 STAT-154 STAT-153 STAT-152 STAT-151 STAT-139 STAT-140 STAT-148 STAT-149 STAT-150 STAT-158 STAT-157 STAT-156 STAT-155 STAT-174 STAT-175 STAT-176 STAT-177 STAT-171 STAT-170 STAT-168 STAT-172 STAT-173 STAT-167 STAT-166 STAT-165 STAT-164 STAT-163 STAT-159 STAT-162 STAT-160 STAT-161 STAT-147 STAT-145 STAT-146 STAT-144 STAT-142 STAT-9 STAT-8 STAT-141 STAT-138 STAT-137 STAT-136 STAT-2 STAT-94 STAT-92 STAT-90 PORT-581("Siglufjörður") STAT-68 STAT-69 STAT-67 STAT-66 STAT-53 STAT-54 STAT-56 STAT-55 STAT-52 STAT-51 STAT-38 STAT-48 STAT-39 STAT-40 STAT-47 STAT-46 STAT-43 STAT-45 STAT-44 STAT-42 STAT-41 STAT-34 STAT-33 STAT-30 STAT-29 STAT-27 STAT-26 STAT-28 STAT-31 STAT-32 STAT-36 STAT-35 STAT-37 STAT-50 STAT-49 STAT-396 STAT-397 STAT-398 STAT-395 STAT-394 STAT-393 STAT-392 STAT-391 STAT-390 STAT-389 STAT-388 STAT-387 STAT-402 STAT-385 STAT-403 STAT-384 STAT-383 STAT-382 STAT-414 STAT-413 STAT-412 STAT-409 STAT-408 STAT-410 STAT-411 STAT-380 STAT-378 STAT-379 STAT-377 STAT-376 STAT-375 STAT-374 STAT-373 STAT-372 STAT-371 STAT-370 STAT-369 STAT-359 STAT-360 STAT-358 STAT-353 STAT-349 STAT-350 STAT-326 STAT-328 PORT-591("Seyðisfjörður") STAT-346 STAT-276 STAT-277 STAT-278 STAT-279 STAT-280 STAT-281 STAT-341 STAT-342 STAT-343 STAT-344 STAT-345 STAT-334 STAT-335 STAT-336 STAT-337 STAT-338 STAT-339 STAT-321 STAT-323 STAT-324 STAT-325 STAT-327 STAT-329 STAT-331 STAT-332 STAT-330 STAT-333 STAT-347 STAT-363 STAT-364 STAT-362 STAT-361 STAT-348 STAT-365 STAT-367 STAT-368 STAT-426 STAT-381 STAT-425 STAT-417 STAT-416 STAT-415 STAT-418 STAT-419 STAT-420 STAT-421 STAT-423 STAT-422 STAT-424 STAT-404 STAT-405 STAT-406 STAT-407 STAT-399 STAT-400 STAT-401 STAT-386 STAT-62 STAT-61 STAT-60 STAT-58 STAT-64 STAT-65 STAT-63 STAT-57 STAT-59 STAT-76 STAT-70 STAT-77 STAT-78 STAT-75 STAT-71 STAT-72 STAT-73 STAT-74 STAT-79 STAT-80 STAT-91 STAT-96 STAT-95 STAT-89 STAT-88 STAT-81 STAT-82 STAT-83 STAT-84 STAT-87 STAT-86 STAT-85 STAT-24 STAT-23 STAT-22 STAT-567 PORT-593("Vestmannaeyjar") STAT-514 STAT-513 STAT-512 STAT-436 STAT-435 STAT-438 STAT-437 STAT-440 STAT-441 STAT-442 STAT-443 STAT-444 STAT-506 STAT-505 STAT-449 STAT-448 STAT-450 STAT-451 STAT-452 STAT-453 STAT-454 STAT-455 STAT-456 STAT-457 STAT-458 STAT-464 STAT-465 STAT-480 STAT-307 PORT-591("Seyðisfjörður") STAT-340 STAT-320 STAT-319 STAT-318 STAT-317 STAT-316 STAT-315 STAT-314 STAT-313 STAT-312 STAT-288 STAT-287 STAT-286 STAT-285 STAT-552 STAT-551 STAT-550 STAT-553 STAT-554 STAT-562 STAT-563 STAT-564 STAT-565 STAT-568 STAT-566 STAT-542 STAT-543 STAT-540 STAT-539 STAT-544 STAT-541 STAT-545 STAT-546 STAT-547 STAT-548 STAT-549 STAT-560 STAT-559 STAT-558 STAT-555 STAT-556 STAT-282 STAT-283 STAT-284 STAT-557 STAT-561 STAT-291 STAT-290 STAT-289 STAT-310 STAT-309 STAT-311 STAT-292 STAT-293 STAT-294 STAT-295 STAT-296 STAT-297 STAT-306 STAT-305 STAT-304 STAT-303 STAT-302 STAT-301 STAT-300 STAT-299 STAT-298 STAT-538 STAT-537 STAT-536 STAT-535 STAT-534 STAT-572 STAT-570 STAT-569 STAT-571 STAT-573 STAT-574 STAT-576 STAT-577 STAT-527 STAT-528 STAT-169 PORT-583("Ísafjörður") STAT-178 STAT-226 STAT-182 STAT-183 STAT-184 STAT-185 STAT-186 STAT-187 STAT-188 STAT-189 STAT-224 STAT-225 STAT-221 STAT-220 STAT-216 STAT-217 STAT-193 STAT-194 STAT-195 STAT-196 STAT-197 STAT-198 STAT-199 STAT-200 STAT-201 STAT-209 STAT-210 STAT-211 STAT-212 STAT-208 STAT-207 STAT-206 STAT-205 STAT-256 STAT-257 STAT-259 STAT-258 STAT-128 STAT-127 STAT-126 STAT-125 STAT-124 STAT-264 STAT-265 STAT-267 STAT-266 STAT-123 STAT-122 STAT-472 STAT-471 STAT-99 PORT-588("Ólafsvík") STAT-118 STAT-119 STAT-120 STAT-121 STAT-270 STAT-269 STAT-268 STAT-262 STAT-261 STAT-260 STAT-254 STAT-255 STAT-251 STAT-250 STAT-246 STAT-242 STAT-241 STAT-240 STAT-239 STAT-236 STAT-97 STAT-98 STAT-100 STAT-130 STAT-129 STAT-131 STAT-204 STAT-203 STAT-202 STAT-263 STAT-470 STAT-469 STAT-473 STAT-481 STAT-13 PORT-581("Siglufjörður") STAT-93 STAT-25 STAT-4 STAT-3 STAT-1 STAT-7 STAT-6 STAT-5 STAT-10 STAT-11 STAT-12 STAT-14 STAT-15 STAT-16 STAT-17 STAT-18 STAT-21 STAT-19 STAT-20 STAT-143 STAT-117 STAT-116 STAT-115 STAT-476 STAT-477 STAT-478 STAT-479 STAT-474 STAT-475 STAT-466 STAT-467 STAT-483 STAT-308 PORT-591("Seyðisfjörður") STAT-322 STAT-351 STAT-352 STAT-354 STAT-355 STAT-356 STAT-357 STAT-366 STAT-533 STAT-532 STAT-531 STAT-530 STAT-529 STAT-526 STAT-525 STAT-524 STAT-580 STAT-579 STAT-521 STAT-522 STAT-523 STAT-578 STAT-575 STAT-518 STAT-517 PORT-593("Vestmannaeyjar") STAT-430 STAT-431 STAT-432 STAT-433 STAT-434 STAT-445 STAT-446 STAT-447 STAT-439 STAT-508 STAT-507 STAT-509 STAT-510 STAT-511 STAT-427 STAT-428 STAT-429 STAT-515 STAT-516 STAT-519 STAT-520 STAT-504 STAT-503 STAT-502 STAT-488 STAT-487 STAT-489 STAT-490 STAT-491 STAT-492 STAT-493 STAT-482 PORT-584("Hafnarfjörður") STAT-486 STAT-485 STAT-461 STAT-462 STAT-484 STAT-463 STAT-460 STAT-459 PORT-584("Hafnarfjörður") STAT-468
Initial segment plan:
Segment plan:
  Segment 1 -> START
    stations: 500 501 499 497 498 496 495 494 113 112 114 275 111 274 107 106 105 104 103 102 101 108 109 110 273 272 271 253 252 249 248 247 245 244 243 238 237 215 214 213 218 192 191 190 219 223 222 135
    end: PORT-583("Ísafjörður")
  Segment 2 -> PORT-583
    stations: 134 133 132 181 230 232 231 233 234 235 227 228 229 180 179 154 153 152 151 139 140 148 149 150 158 157 156 155 174 175 176 177 171 170 168 172 173 167 166 165 164 163 159 162 160 161 147 145 146 144 142 9 8 141 138 137 136 2 94 92 90
    end: PORT-581("Siglufjörður")
  Segment 3 -> PORT-581
    stations: 68 69 67 66 53 54 56 55 52 51 38 48 39 40 47 46 43 45 44 42 41 34 33 30 29 27 26 28 31 32 36 35 37 50 49 396 397 398 395 394 393 392 391 390 389 388 387 402 385 403 384 383 382 414 413 412 409 408 410 411 380 378 379 377 376 375 374 373 372 371 370 369 359 360 358 353 349 350 326 328
    end: PORT-591("Seyðisfjörður")
  Segment 4 -> PORT-591
    stations: 346 276 277 278 279 280 281 341 342 343 344 345 334 335 336 337 338 339 321 323 324 325 327 329 331 332 330 333 347 363 364 362 361 348 365 367 368 426 381 425 417 416 415 418 419 420 421 423 422 424 404 405 406 407 399 400 401 386 62 61 60 58 64 65 63 57 59 76 70 77 78 75 71 72 73 74 79 80 91 96 95 89 88 81 82 83 84 87 86 85 24 23 22 567
    end: PORT-593("Vestmannaeyjar")
  Segment 5 -> PORT-593
    stations: 514 513 512 436 435 438 437 440 441 442 443 444 506 505 449 448 450 451 452 453 454 455 456 457 458 464 465 480 307
    end: PORT-591("Seyðisfjörður")
  Segment 6 -> PORT-591
    stations: 340 320 319 318 317 316 315 314 313 312 288 287 286 285 552 551 550 553 554 562 563 564 565 568 566 542 543 540 539 544 541 545 546 547 548 549 560 559 558 555 556 282 283 284 557 561 291 290 289 310 309 311 292 293 294 295 296 297 306 305 304 303 302 301 300 299 298 538 537 536 535 534 572 570 569 571 573 574 576 577 527 528 169
    end: PORT-583("Ísafjörður")
  Segment 7 -> PORT-583
    stations: 178 226 182 183 184 185 186 187 188 189 224 225 221 220 216 217 193 194 195 196 197 198 199 200 201 209 210 211 212 208 207 206 205 256 257 259 258 128 127 126 125 124 264 265 267 266 123 122 472 471 99
    end: PORT-588("Ólafsvík")
  Segment 8 -> PORT-588
    stations: 118 119 120 121 270 269 268 262 261 260 254 255 251 250 246 242 241 240 239 236 97 98 100 130 129 131 204 203 202 263 470 469 473 481 13
    end: PORT-581("Siglufjörður")
  Segment 9 -> PORT-581
    stations: 93 25 4 3 1 7 6 5 10 11 12 14 15 16 17 18 21 19 20 143 117 116 115 476 477 478 479 474 475 466 467 483 308
    end: PORT-591("Seyðisfjörður")
  Segment 10 -> PORT-591
    stations: 322 351 352 354 355 356 357 366 533 532 531 530 529 526 525 524 580 579 521 522 523 578 575 518 517
    end: PORT-593("Vestmannaeyjar")
  Segment 11 -> PORT-593
    stations: 430 431 432 433 434 445 446 447 439 508 507 509 510 511 427 428 429 515 516 519 520 504 503 502 488 487 489 490 491 492 493 482
    end: PORT-584("Hafnarfjörður")
  Segment 12 -> PORT-584
    stations: 486 485 461 462 484 463 460 459
    end: PORT-584("Hafnarfjörður")
  Segment 13 -> PORT-584
    stations: 468
    end: BOAT-END
Set parameter Username
Set parameter LicenseID to value 2738882
Academic license - for non-commercial use only - expires 2026-11-14
Segment 1 eval: start=BOAT-0 end=PORT-583 stations=48 (optimize)
  Segment 1 order: -501 -500 -499 -498 -497 -496 -495 112 113 -494 114 -275 -111 -274 -107 -106 -105 104 -103 -102 -101 108 109 110 -273 -272 271 253 252 249 -248 -247 -245 -244 -243 -238 237 -215 -214 213 -192 218 -191 219 -190 -223 222 -135
Segment 2 eval: start=PORT-583 end=PORT-581 stations=61 (optimize)
  Segment 2 order: 133 134 -132 -181 230 232 233 234 -235 231 -227 228 229 -180 -179 -154 -153 -157 -156 -155 174 175 -176 -177 171 -170 168 -165 166 167 172 173 -164 -163 -162 -161 -160 159 158 -150 -149 -148 -147 -146 -145 -144 -142 -9 -8 -141 -140 -139 151 -152 -138 -137 -136 -2 90 -94 -92
Segment 3 eval: start=PORT-581 end=PORT-591 stations=80 (optimize)
  Segment 3 order: 56 55 -54 -53 -52 -51 -50 -49 -48 -39 -38 -37 66 67 68 69 -36 -35 -32 -31 -29 -27 26 28 30 -33 -34 41 42 43 44 45 46 -40 47 396 397 -398 -395 -394 -393 -392 -391 -390 -389 -388 -387 402 -403 385 -384 -383 -382 -414 -413 412 -409 408 -410 411 380 378 -379 -377 -376 -375 374 -373 -372 -371 -370 369 359 360 -358 -353 -350 -349 -326 328
Segment 4 eval: start=PORT-591 end=PORT-593 stations=94 (optimize)
  Segment 4 order: -346 -345 -344 -334 -333 347 363 -364 365 367 368 -425 417 -424 422 423 -421 420 -418 419 386 -62 -61 -60 58 -59 -57 -64 63 -65 71 74 -73 -72 -75 76 70 77 78 -79 80 81 82 83 84 85 -86 87 -88 89 -91 95 96 -24 -23 -22 401 400 399 407 -406 -405 -404 -415 -416 381 426 361 362 -348 -332 -331 -330 -329 327 -325 -324 -323 -321 -339 -338 -337 -336 335 -343 -342 341 281 -280 -278 -277 -276 279 567
Segment 5 eval: start=PORT-593 end=PORT-591 stations=29 (optimize)
  Segment 5 order: -514 -513 -512 -436 -437 -440 441 442 443 444 -506 -505 -480 -465 -464 -458 -457 -456 -455 -454 -453 -452 -451 -450 -449 -448 -438 -435 307
Segment 6 eval: start=PORT-591 end=PORT-583 stations=83 (optimize)
  Segment 6 order: -340 -320 -319 -318 -317 -316 -315 -314 313 -312 -311 309 310 -292 293 294 -295 -306 -305 -304 -303 -302 -301 -300 -299 -298 -297 -296 291 -290 -289 -288 -287 -286 -285 -552 -551 -550 -553 554 -560 -559 -558 -555 284 -283 -282 556 557 561 562 -563 -566 564 565 568 -542 543 540 541 549 548 -547 -546 -545 -544 -539 -538 -537 536 -535 -534 -572 569 570 571 573 574 -577 576 -527 528 -169
Segment 7 eval: start=PORT-583 end=PORT-588 stations=51 (optimize)
  Segment 7 order: -178 -226 -182 -183 184 185 186 187 188 189 224 225 -221 220 217 -216 -99 -208 -207 -206 209 210 211 -212 -195 -193 194 196 197 198 199 -200 201 205 256 257 259 258 -128 -127 126 -125 -124 -265 -264 -267 266 -123 -471 472 -122
Segment 8 eval: start=PORT-588 end=PORT-581 stations=35 (optimize)
  Segment 8 order: 118 473 481 469 470 -121 120 -119 -270 -269 -268 -263 -262 -261 260 254 255 129 130 131 -204 -203 -202 -251 -250 -246 -100 -98 -242 241 -240 -239 -236 -97 13
Segment 9 eval: start=PORT-581 end=PORT-591 stations=33 (optimize)
  Segment 9 order: -93 25 5 10 11 12 -14 18 -21 20 -19 -17 -16 -15 -143 6 -7 4 -3 -1 117 -116 115 -475 -474 466 -467 -479 -478 -476 477 483 308
Segment 10 eval: start=PORT-591 end=PORT-593 stations=25 (optimize)
  Segment 10 order: 366 -357 -356 -355 354 -352 -351 -322 -533 -532 -531 -530 -529 575 578 579 580 524 525 526 -523 -522 -521 -518 -517
Segment 11 eval: start=PORT-593 end=PORT-584 stations=32 (optimize)
  Segment 11 order: 515 516 -520 -519 -427 428 429 430 431 432 433 -434 447 -446 -445 439 -511 -510 -509 -508 -507 -504 -503 -488 -487 489 -482 493 -492 -491 -490 -502
Segment 12 eval: start=PORT-584 end=PORT-584 stations=8 (optimize)
  Segment 12 order: -485 -461 -459 460 -463 -484 462 -486
Segment 13 eval: start=PORT-584 end=BOAT-END stations=1 (optimize)
  Segment 13 order: 468
PROGRESS pass=0 changed=0 total=7153.905 best=7153.905 nseg=13 stall=0
Set parameter Username
Set parameter LicenseID to value 2738882
Academic license - for non-commercial use only - expires 2026-11-14
Capacity boundary sweep pass 1
Cap boundary debug: BOAT -> [500 501 499 497 498 496 495 494 113 112 114 275 111 274 107 106 105 104 103 102 101 108 109 110 273 272 271 253 252 249 248 247 245 244 243 238 237 215 214 213 218 192 191 190 219 223 222 135] -> PORT-583 -> [134 133 132 181 230 232 231 233 234 235 227 228 229 180 179 154 153 152 151 139 140 148 149 150 158 157 156 155 174 175 176 177 171 170 168 172 173 167 166 165 164 163 159 162 160 161 147 145 146 144 142 9 8 141 138 137 136 2 94 92 90] -> PORT-581 | load_left=43996 load_right=43989 cap=45000
Set parameter Username
Set parameter LicenseID to value 2738882
Academic license - for non-commercial use only - expires 2026-11-14
Set parameter TimeLimit to value 360
Set parameter Seed to value 998456574
Set parameter Threads to value 4
Set parameter OutputFlag to value 1
Set parameter LogToConsole to value 1
Set parameter LazyConstraints to value 1
Gurobi Optimizer version 13.0.0 build v13.0.0rc1 (linux64 - "Debian GNU/Linux 13 (trixie)")

CPU model: AMD Ryzen 9 5950X 16-Core Processor, instruction set [SSE2|AVX|AVX2]
Thread count: 16 physical cores, 32 logical processors, using up to 4 threads

Non-default parameters:
TimeLimit  360
Seed  998456574
Threads  4
LazyConstraints  1

Optimize a model with 51490 rows, 147852 columns and 295692 nonzeros (Min)
Model fingerprint: 0x80f302f1
Model has 48840 linear objective coefficients
Variable types: 98568 continuous, 49284 integer (49284 binary)
Coefficient statistics:
  Matrix range     [1e+00, 4e+04]
  Objective range  [4e-01, 3e+02]
  Bounds range     [1e+00, 4e+04]
  RHS range        [1e+00, 9e+03]
Presolve removed 2432 rows and 50723 columns
Presolve time: 0.39s
Presolved: 49058 rows, 97129 columns, 291967 nonzeros
Variable types: 48178 continuous, 48951 integer (48951 binary)
Root relaxation presolved: 49058 rows, 97129 columns, 291967 nonzeros

Deterministic concurrent LP optimizer: primal and dual simplex
Showing primal log only...


Root simplex log...

Iteration    Objective       Primal Inf.    Dual Inf.      Time
   71429    6.2316063e+02   1.144214e+01   0.000000e+00      5s
   71901    6.2315892e+02   0.000000e+00   0.000000e+00      5s
Concurrent spin time: 0.00s

Solved with primal simplex

Root relaxation: objective 6.231589e+02, 71901 iterations, 4.63 seconds (9.75 work units)

    Nodes    |    Current Node    |     Objective Bounds      |     Work
 Expl Unexpl |  Obj  Depth IntInf | Incumbent    BestBd   Gap | It/Node Time

     0     0  623.15892    0  363          -  623.15892      -     -    5s
     0     0  623.15892    0  363          -  623.15892      -     -   22s
     0     0  623.15892    0  363          -  623.15892      -     -   40s
     0     0  623.15892    0  363          -  623.15892      -     -   64s
     0     0  623.15892    0  363          -  623.15892      -     -   81s
H    0     0                     921.2351485  623.15892  32.4%     -  105s
H    0     0                     907.1383124  623.15892  31.3%     -  106s
H    0     0                     903.2733130  623.15892  31.0%     -  106s
H    0     0                     787.6392098  623.15892  20.9%     -  109s
     0     0  623.24315    0  367  787.63921  623.24315  20.9%     -  111s
     0     0  625.24977    0  413  787.63921  625.24977  20.6%     -  122s
H    0     0                     729.4756817  625.30895  14.3%     -  123s
H    0     0                     727.8030506  625.30895  14.1%     -  123s
H    0     0                     716.4701666  625.30895  12.7%     -  124s
H    0     0                     710.6249362  625.30895  12.0%     -  124s
H    0     0                     703.4984999  625.30895  11.1%     -  125s
H    0     0                     702.5104532  625.30895  11.0%     -  125s
H    0     0                     701.4702344  625.30895  10.9%     -  126s
H    0     0                     696.2555931  625.30895  10.2%     -  126s
H    0     0                     691.8564357  625.30895  9.62%     -  127s
H    0     0                     687.5365499  625.30895  9.05%     -  127s
H    0     0                     684.5888728  625.30895  8.66%     -  127s
H    0     0                     674.0610291  625.30895  7.23%     -  128s
H    0     0                     674.0610278  625.30895  7.23%     -  129s
H    0     0                     672.5344560  625.30895  7.02%     -  130s
     0     0  625.73314    0  419  672.53446  625.73314  6.96%     -  131s
     0     0  629.07221    0  437  672.53446  629.07221  6.46%     -  144s
     0     0  629.07221    0  370  672.53446  629.07221  6.46%     -  147s
H    0     0                     667.4342043  629.07221  5.75%     -  148s
H    0     0                     666.7590268  629.07221  5.65%     -  148s
H    0     0                     666.7533056  629.07221  5.65%     -  148s
     0     0  629.07221    0  410  666.75331  629.07221  5.65%     -  150s
H    0     0                     665.1013800  630.00118  5.28%     -  151s
H    0     0                     660.8456633  630.00118  4.67%     -  151s
     0     0  630.00118    0  418  660.84566  630.00118  4.67%     -  153s
     0     0  630.00118    0  428  660.84566  630.00118  4.67%     -  153s
     0     0  630.00118    0  429  660.84566  630.00118  4.67%     -  153s
     0     0  638.96619    0  413  660.84566  638.96619  3.31%     -  154s
     0     0  638.96619    0  376  660.84566  638.96619  3.31%     -  156s
     0     0  638.96619    0  394  660.84566  638.96619  3.31%     -  157s
     0     0  639.21155    0  388  660.84566  639.21155  3.27%     -  158s
     0     0  639.49582    0  418  660.84566  639.49582  3.23%     -  158s
     0     0  639.49965    0  411  660.84566  639.49965  3.23%     -  158s
     0     0  639.49973    0  411  660.84566  639.49973  3.23%     -  158s
     0     0  639.56234    0  402  660.84566  639.56234  3.22%     -  159s
     0     0  639.64842    0  400  660.84566  639.64842  3.21%     -  159s
     0     0  639.64855    0  401  660.84566  639.64855  3.21%     -  159s
     0     0  640.24489    0  368  660.84566  640.24489  3.12%     -  160s
     0     0  640.25199    0  367  660.84566  640.25199  3.12%     -  160s
     0     0  641.20901    0  415  660.84566  641.20901  2.97%     -  161s
     0     0  641.22417    0  412  660.84566  641.22417  2.97%     -  161s
     0     0  641.22417    0  412  660.84566  641.22417  2.97%     -  161s
     0     0  641.70930    0  409  660.84566  641.70930  2.90%     -  161s
     0     0  641.70930    0  415  660.84566  641.70930  2.90%     -  162s
     0     0  641.71534    0  411  660.84566  641.71534  2.89%     -  162s
     0     0  641.71534    0  411  660.84566  641.71534  2.89%     -  162s
     0     0  641.71553    0  412  660.84566  641.71553  2.89%     -  162s
     0     0  641.71553    0  412  660.84566  641.71553  2.89%     -  162s
     0     0  641.71650    0  412  660.84566  641.71650  2.89%     -  162s
     0     0  641.71661    0  412  660.84566  641.71661  2.89%     -  163s
     0     0  641.71661    0  412  660.84566  641.71661  2.89%     -  163s
     0     0  641.71661    0  376  660.84566  641.71661  2.89%     -  163s
     0     0  642.24533    0  365  660.84566  642.24533  2.81%     -  165s
     0     0  642.24533    0  405  660.84566  642.24533  2.81%     -  166s
     0     0  642.24533    0  421  660.84566  642.24533  2.81%     -  166s
     0     0  642.24533    0  418  660.84566  642.24533  2.81%     -  166s
     0     0  642.24533    0  416  660.84566  642.24533  2.81%     -  167s
     0     0  642.24533    0  365  660.84566  642.24533  2.81%     -  167s
     0     0  642.24533    0  402  660.84566  642.24533  2.81%     -  167s
     0     0  642.24533    0  406  660.84566  642.24533  2.81%     -  168s
     0     0  642.24533    0  402  660.84566  642.24533  2.81%     -  168s
     0     0  642.24533    0  404  660.84566  642.24533  2.81%     -  168s
     0     0  642.24533    0  404  660.84566  642.24533  2.81%     -  168s
     0     0  642.24533    0  404  660.84566  642.24533  2.81%     -  169s
     0     0  642.24533    0  404  660.84566  642.24533  2.81%     -  169s
     0     0  642.24533    0  404  660.84566  642.24533  2.81%     -  169s
     0     0  642.24533    0  404  660.84566  642.24533  2.81%     -  169s
     0     2  642.77232    0  403  660.84566  642.77232  2.73%     -  170s
    96   105  648.45411   27  183  660.84566  642.77232  2.73%   725  175s
   237   254  649.86135   70  195  660.84566  642.77232  2.73%   602  180s
   676   666  658.58291   84  172  660.84566  642.77232  2.73%   410  185s
  1142  1031  648.84313   43  437  660.84566  642.80061  2.73%   367  191s
  1149  1036  648.60815   85  404  660.84566  642.80061  2.73%   365  195s
  1163  1045  646.86780   67  392  660.84566  642.80061  2.73%   361  200s
  1210  1082  644.46535   24  190  660.84566  642.83652  2.73%   404  205s
  1348  1118  645.40323   39  178  660.84566  642.83652  2.73%   421  210s
  1519  1127     cutoff   58       660.84566  643.00274  2.70%   427  215s
  1647  1151  649.27203   21  186  660.84566  643.53654  2.62%   443  220s
  2028  1214  647.06809   26  153  660.84566  644.01398  2.55%   411  225s
  2302  1261  645.28511   21  191  660.84566  644.27923  2.51%   406  230s
  2825  1400  649.43512   62  184  660.84566  644.55907  2.46%   391  235s
  3469  1492  652.15058   64  158  660.84566  644.88516  2.42%   377  241s
  3625  1506     cutoff   30       660.84566  644.97316  2.40%   397  245s
  4194  1587  646.26682   27  197  660.84566  645.44351  2.33%   406  251s
  4420  1816  647.23635   29  203  660.84566  645.48797  2.32%   412  255s
  5119  2150  650.87800   98  173  660.84566  645.73258  2.29%   390  260s
  5648  2493  655.19191   44  194  660.84566  646.10791  2.23%   389  266s
  6224  2830  650.01157   28  210  660.84566  646.29013  2.20%   386  271s
  6853  3099  652.88177   27  178  660.84566  646.43005  2.18%   375  276s
  7210  3349  653.07344   24  168  660.84566  646.51848  2.17%   380  282s
  7841  3555  657.77135   29  146  660.84566  646.66216  2.15%   379  287s
  8061  3676  649.51021   23  192  660.84566  646.69784  2.14%   381  291s
  8739  4019  654.11563   40  200  660.84566  646.86257  2.12%   381  297s
  9157  4241  647.95362   41  194  660.84566  646.94249  2.10%   376  300s
  9982  4661  657.67219   33  139  660.84566  647.13907  2.07%   370  308s
 10370  4867  654.06808   39  186  660.84566  647.16403  2.07%   369  312s
 10841  5050  653.48603   32  172  660.84566  647.28695  2.05%   372  316s
 11229  5220 infeasible   42       660.84566  647.37037  2.04%   379  320s
 12084  5727  658.56340   28  195  660.84566  647.56893  2.01%   383  329s
 12678  5927  648.87932   33  204  660.84566  647.66097  2.00%   380  333s
 13155  6027  657.49015   33  174  660.84566  647.68751  1.99%   379  339s
H13165  6027                     660.8456630  647.68751  1.99%   379  339s
H13166  6027                     660.8456602  647.68751  1.99%   379  339s
 13408  6175  648.51135   26  197  660.84566  647.76430  1.98%   377  344s
 13804  6390  654.08838   26  183  660.84566  647.80679  1.97%   374  348s
 14363  6627  652.41410   36  192  660.84566  647.87949  1.96%   373  352s
 14855  6824  654.69066   44  166  660.84566  647.92091  1.96%   374  356s
 15354  6885  652.92523   51  170  660.84566  648.00124  1.94%   375  360s

Cutting planes:
  Gomory: 6
  Cover: 15
  Implied bound: 91
  Projected implied bound: 6
  MIR: 110
  Flow cover: 236
  Inf proof: 11
  Zero half: 22
  Network: 1
  RLT: 19
  Relax-and-lift: 46
  BQP: 4

Explored 15576 nodes (6138253 simplex iterations) in 360.01 seconds (1082.37 work units)
Thread count was 4 (of 32 available processors)

Solution count 10: 660.846 660.846 665.101 ... 687.537

Time limit reached
Best objective 6.608456601778e+02, best bound 6.480378931837e+02, gap 1.9381%

User-callback calls 139473, time in user-callback 0.02 sec
Cap boundary reject: PORT-583 real=1047.589 baseline=686.241
Cap boundary debug: PORT-583 -> [134 133 132 181 230 232 231 233 234 235 227 228 229 180 179 154 153 152 151 139 140 148 149 150 158 157 156 155 174 175 176 177 171 170 168 172 173 167 166 165 164 163 159 162 160 161 147 145 146 144 142 9 8 141 138 137 136 2 94 92 90] -> PORT-581 -> [68 69 67 66 53 54 56 55 52 51 38 48 39 40 47 46 43 45 44 42 41 34 33 30 29 27 26 28 31 32 36 35 37 50 49 396 397 398 395 394 393 392 391 390 389 388 387 402 385 403 384 383 382 414 413 412 409 408 410 411 380 378 379 377 376 375 374 373 372 371 370 369 359 360 358 353 349 350 326 328] -> PORT-591 | load_left=43989 load_right=43988 cap=45000
Set parameter Username
Set parameter LicenseID to value 2738882
Academic license - for non-commercial use only - expires 2026-11-14
Set parameter TimeLimit to value 360
Set parameter Seed to value 2000000000
Set parameter Threads to value 4
Set parameter OutputFlag to value 1
Set parameter LogToConsole to value 1
Set parameter LazyConstraints to value 1
Gurobi Optimizer version 13.0.0 build v13.0.0rc1 (linux64 - "Debian GNU/Linux 13 (trixie)")

CPU model: AMD Ryzen 9 5950X 16-Core Processor, instruction set [SSE2|AVX|AVX2]
Thread count: 16 physical cores, 32 logical processors, using up to 4 threads

Non-default parameters:
TimeLimit  360
Seed  2000000000
Threads  4
LazyConstraints  1

Optimize a model with 84642 rows, 245388 columns and 490764 nonzeros (Min)
Model fingerprint: 0x52c48851
Model has 81224 linear objective coefficients
Variable types: 163592 continuous, 81796 integer (81796 binary)
Coefficient statistics:
  Matrix range     [1e+00, 4e+04]
  Objective range  [4e-01, 1e+05]
  Bounds range     [1e+00, 4e+04]
  RHS range        [1e+00, 9e+03]
Presolve removed 3136 rows and 83651 columns
Presolve time: 0.57s
Presolved: 81506 rows, 161737 columns, 485650 nonzeros
Variable types: 80370 continuous, 81367 integer (81367 binary)
Root relaxation presolved: 81506 rows, 161737 columns, 485650 nonzeros

Deterministic concurrent LP optimizer: primal and dual simplex
Showing primal log only...


Root simplex log...

Iteration    Objective       Primal Inf.    Dual Inf.      Time
   52589    7.0227571e+02   0.000000e+00   5.400822e+03      5s
  106457    6.6244986e+02   0.000000e+00   5.753672e+03     10s
  130707    7.9677566e+02   0.000000e+00   0.000000e+00     12s
Concurrent spin time: 0.00s

Solved with primal simplex

Root relaxation: objective 7.967757e+02, 130707 iterations, 11.00 seconds (21.94 work units)

    Nodes    |    Current Node    |     Objective Bounds      |     Work
 Expl Unexpl |  Obj  Depth IntInf | Incumbent    BestBd   Gap | It/Node Time

     0     0  796.77566    0  491          -  796.77566      -     -   14s
H    0     0                    1396.4696022  796.77566  42.9%     -   16s
H    0     0                    1160.5318248  796.77566  31.3%     -   16s
H    0     0                    1050.3079020  796.77566  24.1%     -   17s
H    0     0                    1028.6119818  796.77566  22.5%     -   20s
H    0     0                    1023.4157019  796.77566  22.1%     -   21s
H    0     0                    1021.8008564  796.77566  22.0%     -   21s
H    0     0                    1017.4954026  796.77566  21.7%     -   21s
H    0     0                    1011.8190112  796.77566  21.3%     -   23s
     0     0  799.29732    0  536 1011.81901  799.29732  21.0%     -   31s
H    0     0                     992.1350850  799.30580  19.4%     -   33s
H    0     0                     989.0275342  799.30580  19.2%     -   33s
H    0     0                     960.5704334  799.30580  16.8%     -   34s
H    0     0                     953.2423144  799.30580  16.1%     -   35s
H    0     0                     940.2126428  799.30580  15.0%     -   35s
H    0     0                     933.7921008  799.30580  14.4%     -   36s
H    0     0                     933.1169233  799.30580  14.3%     -   37s
H    0     0                     931.0888636  799.30580  14.2%     -   37s
H    0     0                     927.5798413  799.30580  13.8%     -   37s
H    0     0                     926.1450780  799.30580  13.7%     -   37s
H    0     0                     926.0317414  799.30580  13.7%     -   37s
H    0     0                     925.3565639  799.30580  13.6%     -   38s
H    0     0                     921.4520182  799.30580  13.3%     -   38s
H    0     0                     916.8144213  799.30580  12.8%     -   38s
H    0     0                     898.7753031  799.30580  11.1%     -   38s
H    0     0                     897.0203021  799.30580  10.9%     -   38s
H    0     0                     895.4644151  799.30580  10.7%     -   38s
H    0     0                     893.6468015  799.30580  10.6%     -   39s
H    0     0                     892.8273365  799.30580  10.5%     -   40s
     0     0  799.80190    0  518  892.82734  799.80190  10.4%     -   47s
     0     0  799.80190    0  517  892.82734  799.80190  10.4%     -   48s
     0     0  808.92543    0  586  892.82734  808.92543  9.40%     -   57s
     0     0  808.92543    0  497  892.82734  808.92543  9.40%     -   65s
     0     0  808.92543    0  554  892.82734  808.92543  9.40%     -   76s
H    0     0                     892.5163825  808.92543  9.37%     -   79s
H    0     0                     891.9164475  808.92543  9.30%     -   80s
H    0     0                     889.9624494  808.92543  9.11%     -   80s
     0     0  808.92543    0  582  889.96245  808.92543  9.11%     -   87s
     0     0  809.18179    0  594  889.96245  809.18179  9.08%     -   88s
     0     0  809.18310    0  591  889.96245  809.18310  9.08%     -   88s
     0     0  809.18310    0  593  889.96245  809.18310  9.08%     -   88s
     0     0  810.82172    0  556  889.96245  810.82172  8.89%     -   91s
     0     0  810.83194    0  589  889.96245  810.83194  8.89%     -   92s
     0     0  810.83268    0  587  889.96245  810.83268  8.89%     -   92s
     0     0  818.48232    0  538  889.96245  818.48232  8.03%     -  106s
     0     0  818.54043    0  538  889.96245  818.54043  8.03%     -  108s
     0     0  818.54572    0  540  889.96245  818.54572  8.02%     -  108s
     0     0  819.71877    0  565  889.96245  819.71877  7.89%     -  119s
     0     0  820.40104    0  513  889.96245  820.40104  7.82%     -  121s
     0     0  821.08309    0  511  889.96245  821.08309  7.74%     -  122s
     0     0  821.21482    0  510  889.96245  821.21482  7.72%     -  122s
     0     0  821.21482    0  510  889.96245  821.21482  7.72%     -  122s
     0     0  821.80826    0  513  889.96245  821.80826  7.66%     -  123s
H    0     0                     889.7317774  822.69497  7.53%     -  128s
     0     0  822.69497    0  514  889.73178  822.69497  7.53%     -  130s
     0     0  822.69497    0  516  889.73178  822.69497  7.53%     -  131s
     0     0  822.69497    0  525  889.73178  822.69497  7.53%     -  140s
     0     0  822.69497    0  526  889.73178  822.69497  7.53%     -  140s
     0     0  822.69497    0  510  889.73178  822.69497  7.53%     -  142s
     0     0  822.69497    0  511  889.73178  822.69497  7.53%     -  142s
     0     0  822.69497    0  517  889.73178  822.69497  7.53%     -  143s
H    0     0                     886.2627424  822.69497  7.17%     -  149s
     0     0  822.69497    0  518  886.26274  822.69497  7.17%     -  149s
     0     0  822.69497    0  516  886.26274  822.69497  7.17%     -  151s
     0     0  822.69497    0  488  886.26274  822.69497  7.17%     -  157s
H    0     0                     886.0361218  822.69497  7.15%     -  158s
H    0     0                     886.0361194  822.69497  7.15%     -  159s
     0     0  822.69497    0  557  886.03612  822.69497  7.15%     -  169s
H    0     0                     885.7405747  822.69497  7.12%     -  172s
H    0     0                     876.0858060  822.69497  6.09%     -  172s
H    0     0                     875.0483459  822.69497  5.98%     -  174s
     0     0  822.69497    0  543  875.04835  822.69497  5.98%     -  180s
     0     0  822.69497    0  478  875.04835  822.69497  5.98%     -  183s
     0     0  822.69497    0  504  875.04835  822.69497  5.98%     -  183s
     0     0  822.69497    0  503  875.04835  822.69497  5.98%     -  183s
     0     0  822.75549    0  513  875.04835  822.75549  5.98%     -  185s
     0     0  822.75619    0  513  875.04835  822.75619  5.98%     -  185s
     0     0  823.25580    0  549  875.04835  823.25580  5.92%     -  188s
     0     0  823.25580    0  550  875.04835  823.25580  5.92%     -  188s
     0     0  823.27235    0  545  875.04835  823.27235  5.92%     -  191s
     0     0  823.27338    0  557  875.04835  823.27338  5.92%     -  194s
     0     0  823.28813    0  543  875.04835  823.28813  5.92%     -  195s
     0     0  823.28918    0  545  875.04835  823.28918  5.92%     -  195s
     0     0  823.30933    0  548  875.04835  823.30933  5.91%     -  196s
     0     0  823.30938    0  548  875.04835  823.30938  5.91%     -  196s
     0     0  823.31498    0  548  875.04835  823.31498  5.91%     -  197s
     0     0  823.31498    0  548  875.04835  823.31498  5.91%     -  197s
     0     0  823.31498    0  546  875.04835  823.31498  5.91%     -  198s
     0     0  828.53392    0  482  875.04835  828.53392  5.32%     -  213s
     0     0  828.53392    0  511  875.04835  828.53392  5.32%     -  219s
H    0     0                     874.3394992  828.53392  5.24%     -  222s
     0     0  828.53392    0  540  874.33950  828.53392  5.24%     -  230s
     0     0  828.53392    0  554  874.33950  828.53392  5.24%     -  233s
     0     0  828.53392    0  552  874.33950  828.53392  5.24%     -  234s
     0     0  828.53392    0  518  874.33950  828.53392  5.24%     -  237s
     0     0  828.53392    0  538  874.33950  828.53392  5.24%     -  241s
     0     0  828.53392    0  556  874.33950  828.53392  5.24%     -  242s
     0     0  828.53392    0  560  874.33950  828.53392  5.24%     -  242s
     0     0  828.53392    0  566  874.33950  828.53392  5.24%     -  245s
     0     0  828.53392    0  567  874.33950  828.53392  5.24%     -  246s
     0     0  828.53392    0  565  874.33950  828.53392  5.24%     -  246s
     0     0  828.53392    0  571  874.33950  828.53392  5.24%     -  248s
     0     0  828.53392    0  573  874.33950  828.53392  5.24%     -  249s
     0     0  828.53392    0  572  874.33950  828.53392  5.24%     -  250s
     0     0  828.53392    0  568  874.33950  828.53392  5.24%     -  250s
     0     0  828.53392    0  572  874.33950  828.53392  5.24%     -  250s
     0     0  828.53392    0  562  874.33950  828.53392  5.24%     -  251s
     0     0  828.53392    0  568  874.33950  828.53392  5.24%     -  257s
     0     0  828.53392    0  567  874.33950  828.53392  5.24%     -  258s
     0     0  828.53392    0  567  874.33950  828.53392  5.24%     -  262s
     0     0  828.53392    0  567  874.33950  828.53392  5.24%     -  263s
     0     0  828.53392    0  567  874.33950  828.53392  5.24%     -  263s
     0     0  828.53392    0  510  874.33950  828.53392  5.24%     -  263s
     0     2  828.80246    0  510  874.33950  828.80246  5.21%     -  272s
     3     8  828.80246    2  314  874.33950  828.80246  5.21%  4498  276s
    27    40  828.80246    9  298  874.33950  828.80246  5.21%  1532  280s
    87   100  828.80246   27  280  874.33950  828.80246  5.21%   842  285s
   114   128  828.80246   33  271  874.33950  828.80246  5.21%  1054  291s
   162   185  829.95766   46  257  874.33950  828.80246  5.21%   936  295s
   318   352  833.22326   81  249  874.33950  828.80246  5.21%   663  300s
   445   465  835.78459  131  331  874.33950  828.80246  5.21%   580  305s
   639   668  837.50096  189  298  874.33950  828.80246  5.21%   510  310s
H  715   716                     873.5116584  828.80246  5.12%   499  314s
   716   764  837.59710  199  316  873.51166  828.80246  5.12%   500  315s
   927  1003  838.55867  235  308  873.51166  828.80246  5.12%   458  320s
  1166  1233  840.85510  301  274  873.51166  828.80246  5.12%   410  325s
H 1297  1361                     873.5116582  828.80246  5.12%   385  328s
  1376  1485  842.32055  340  245  873.51166  828.80246  5.12%   382  330s
  1766  1856  843.88937  469  219  873.51166  828.80246  5.12%   332  335s
  2063  2081  846.12470  614  226  873.51166  828.80246  5.12%   326  340s

Cutting planes:
  Gomory: 16
  Cover: 10
  Implied bound: 128
  Clique: 4
  MIR: 63
  Flow cover: 95
  Zero half: 38
  Network: 6
  RLT: 8
  Relax-and-lift: 121
  BQP: 2

Explored 2299 nodes (1578249 simplex iterations) in 360.00 seconds (897.16 work units)
Thread count was 4 (of 32 available processors)

Solution count 10: 873.512 874.339 875.048 ... 891.916

Time limit reached
Best objective 8.735116581558e+02, best bound 8.288024550636e+02, gap 5.1183%

User-callback calls 51992, time in user-callback 0.02 sec
Cap boundary reject: PORT-581 segment infeasible left=662.167 right=100553.782
Cap boundary reject: PORT-581 real=1000000000000000052504760255204420248704468581108159154915854115511802457988908195786371375080447864043704443832883878176942523235360430575644792184786706982848387200926575803737830233794788090059368953234970799945081119038967640880074652742780142494579258788820056842838115669472196386865459400540160.000 baseline=882.179
Set parameter Username
Set parameter LicenseID to value 2738882
Academic license - for non-commercial use only - expires 2026-11-14
Segment 1 eval: start=BOAT-0 end=PORT-583 stations=48 (optimize)
  Segment 1 order: -501 -500 -499 -498 -497 -496 -495 112 113 -494 114 -275 -111 -274 -107 -106 -105 104 -103 -102 -101 108 109 110 -273 -272 271 253 252 249 -248 -247 -245 -244 -243 -238 237 -215 -214 213 -192 218 -191 219 -190 -223 222 -135
Segment 2 eval: start=PORT-583 end=PORT-581 stations=62 (optimize)
  Segment 2 order: 133 134 -132 -181 230 232 233 234 -235 231 -227 228 229 -180 -179 -154 -153 -157 -156 -155 -173 -172 174 175 -176 -177 171 -170 -169 -168 -167 -166 -165 -164 -163 -162 -161 -160 159 158 -150 -149 -148 -147 -146 -145 -144 -142 -9 -8 -141 -140 -139 151 -152 -138 -137 -136 -2 90 -94 -92
Segment 3 eval: start=PORT-581 end=PORT-591 stations=80 (optimize)
  Segment 3 order: 56 55 -54 -53 -52 -51 -50 -49 -48 -39 -38 -37 66 67 68 69 -36 -35 -32 -31 -29 -27 26 28 30 -33 -34 41 42 43 44 45 46 -40 47 396 397 -398 -395 -394 -393 -392 -391 -390 -389 -388 -387 402 -403 385 -384 -383 -382 -414 -413 412 -409 408 -410 411 380 378 -379 -377 -376 -375 374 -373 -372 -371 -370 369 359 360 -358 -353 -350 -349 -326 328
Segment 4 eval: start=PORT-591 end=PORT-593 stations=94 (optimize)
  Segment 4 order: -346 -345 -344 -334 -333 347 363 -364 365 367 368 -425 417 -424 422 423 -421 420 -418 419 386 -62 -61 -60 58 -59 -57 -64 63 -65 71 74 -73 -72 -75 76 70 77 78 -79 80 81 82 83 84 85 -86 87 -88 89 -91 95 96 -24 -23 -22 401 400 399 407 -406 -405 -404 -415 -416 381 426 361 362 -348 -332 -331 -330 -329 327 -325 -324 -323 -321 -339 -338 -337 -336 335 -343 -342 341 281 -280 -278 -277 -276 279 567
Segment 5 eval: start=PORT-593 end=PORT-591 stations=29 (optimize)
  Segment 5 order: -514 -513 -512 -436 -437 -440 441 442 443 444 -506 -505 -480 -465 -464 -458 -457 -456 -455 -454 -453 -452 -451 -450 -449 -448 -438 -435 307
Segment 6 eval: start=PORT-591 end=PORT-583 stations=82 (optimize)
  Segment 6 order: -340 -320 -319 -318 -317 -316 -315 -314 313 -312 -311 309 310 -292 293 294 -295 -306 -305 -304 -303 -302 -301 -300 -299 -298 -297 -296 291 -290 -289 -288 -287 -286 -285 -552 -551 -550 -553 554 -560 -559 -558 -555 284 -283 -282 556 557 561 562 -563 -566 564 565 568 -542 543 540 541 549 548 -547 -546 -545 -544 -539 -538 -537 536 -535 -534 -572 569 570 571 573 574 -577 576 -527 528
Segment 7 eval: start=PORT-583 end=PORT-588 stations=51 (optimize)
  Segment 7 order: -178 -226 -182 -183 184 185 186 187 188 189 224 225 -221 220 217 -216 -99 -208 -207 -206 209 210 211 -212 -195 -193 194 196 197 198 199 -200 201 205 256 257 259 258 -128 -127 126 -125 -124 -265 -264 -267 266 -123 -471 472 -122
Segment 8 eval: start=PORT-588 end=PORT-581 stations=35 (optimize)
  Segment 8 order: 118 473 481 469 470 -121 120 -119 -270 -269 -268 -263 -262 -261 260 254 255 129 130 131 -204 -203 -202 -251 -250 -246 -100 -98 -242 241 -240 -239 -236 -97 13
Segment 9 eval: start=PORT-581 end=PORT-591 stations=33 (optimize)
  Segment 9 order: -93 25 5 10 11 12 -14 18 -21 20 -19 -17 -16 -15 -143 6 -7 4 -3 -1 117 -116 115 -475 -474 466 -467 -479 -478 -476 477 483 308
Segment 10 eval: start=PORT-591 end=PORT-593 stations=25 (optimize)
  Segment 10 order: 366 -357 -356 -355 354 -352 -351 -322 -533 -532 -531 -530 -529 575 578 579 580 524 525 526 -523 -522 -521 -518 -517
Segment 11 eval: start=PORT-593 end=PORT-584 stations=32 (optimize)
  Segment 11 order: 515 516 -520 -519 -427 428 429 430 431 432 433 -434 447 -446 -445 439 -511 -510 -509 -508 -507 -504 -503 -488 -487 489 -482 493 -492 -491 -490 -502
Segment 12 eval: start=PORT-584 end=PORT-584 stations=8 (optimize)
  Segment 12 order: -485 -461 -459 460 -463 -484 462 -486
Segment 13 eval: start=PORT-584 end=BOAT-END stations=1 (optimize)
  Segment 13 order: 468
Cap boundary debug: PORT-581 -> [68 69 67 66 53 54 56 55 52 51 38 48 39 40 47 46 43 45 44 42 41 34 33 30 29 27 26 28 31 32 36 35 37 50 49 396 397 398 395 394 393 392 391 390 389 388 387 402 385 403 384 383 382 414 413 412 409 408 410 411 380 378 379 377 376 375 374 373 372 371 370 369 359 360 358 353 349 350 326 328] -> PORT-591 -> [346 276 277 278 279 280 281 341 342 343 344 345 334 335 336 337 338 339 321 323 324 325 327 329 331 332 330 333 347 363 364 362 361 348 365 367 368 426 381 425 417 416 415 418 419 420 421 423 422 424 404 405 406 407 399 400 401 386 62 61 60 58 64 65 63 57 59 76 70 77 78 75 71 72 73 74 79 80 91 96 95 89 88 81 82 83 84 87 86 85 24 23 22 567] -> PORT-593 | load_left=43988 load_right=43986 cap=45000
Set parameter Username
Set parameter LicenseID to value 2738882
Academic license - for non-commercial use only - expires 2026-11-14
Set parameter TimeLimit to value 360
Set parameter Seed to value 750842536
Set parameter Threads to value 4
Set parameter OutputFlag to value 1
Set parameter LogToConsole to value 1
Set parameter LazyConstraints to value 1
Gurobi Optimizer version 13.0.0 build v13.0.0rc1 (linux64 - "Debian GNU/Linux 13 (trixie)")

CPU model: AMD Ryzen 9 5950X 16-Core Processor, instruction set [SSE2|AVX|AVX2]
Thread count: 16 physical cores, 32 logical processors, using up to 4 threads

Non-default parameters:
TimeLimit  360
Seed  750842536
Threads  4
LazyConstraints  1

Optimize a model with 127410 rows, 371712 columns and 743412 nonzeros (Min)
Model fingerprint: 0x0b801aa2
Model has 123200 linear objective coefficients
Variable types: 247808 continuous, 123904 integer (123904 binary)
Coefficient statistics:
  Matrix range     [1e+00, 4e+04]
  Objective range  [1e+00, 1e+05]
  Bounds range     [1e+00, 4e+04]
  RHS range        [1e+00, 1e+04]
Presolve removed 3862 rows and 126188 columns
Presolve time: 0.99s
Presolved: 123548 rows, 245524 columns, 736827 nonzeros
Variable types: 122148 continuous, 123376 integer (123376 binary)
Root relaxation presolved: 123548 rows, 245524 columns, 736827 nonzeros

Deterministic concurrent LP optimizer: primal simplex, dual simplex, and barrier
Showing barrier log only...

Root barrier log...

Ordering time: 0.08s

Barrier statistics:
 AA' NZ     : 7.387e+05
 Factor NZ  : 1.591e+06 (roughly 160 MB of memory)
 Factor Ops : 9.063e+08 (less than 1 second per iteration)
 Threads    : 2

                  Objective                Residual
Iter       Primal          Dual         Primal    Dual     Compl     Time
   0   5.15604683e+10 -7.73924375e+13  3.12e+05 1.46e-11  2.11e+08     2s
   1   2.45975510e+10 -5.28343991e+13  1.49e+05 2.79e+04  1.24e+08     2s
   2   1.74862061e+10 -2.99576952e+12  1.06e+05 7.08e-10  2.81e+07     2s
   3   7.05859363e+09 -1.18283872e+12  4.28e+04 7.71e-10  1.10e+07     2s
   4   4.91451685e+09 -9.27018710e+11  2.98e+04 5.69e-10  7.80e+06     2s
   5   2.48504745e+09 -4.53291450e+11  1.51e+04 5.69e-10  3.83e+06     2s
   6   3.33807500e+08 -3.37819207e+11  1.99e+03 7.72e-10  9.59e+05     2s
   7   1.46110275e+07 -1.58845933e+11  5.49e+01 1.34e-09  2.69e+05     2s
   8   6.66987246e+06 -2.65197716e+10  6.22e+00 8.87e-10  4.40e+04     3s
   9   6.49798955e+06 -2.31025122e+10  5.09e+00 4.50e-09  3.82e+04     3s
  10   6.44194843e+06 -2.14313365e+10  4.72e+00 1.45e-08  3.55e+04     3s
  11   6.27049931e+06 -1.75898293e+10  3.54e+00 1.27e-08  2.90e+04     3s
  12   6.19412156e+06 -1.43454425e+10  3.06e+00 1.25e-08  2.36e+04     3s
  13   5.92896071e+06 -8.66749263e+09  1.65e+00 7.96e-09  1.42e+04     3s
  14   5.77939850e+06 -4.10655100e+09  9.44e-01 5.92e-09  6.73e+03     3s
  15   5.61601500e+06 -2.82027492e+08  2.41e-01 3.26e-09  4.70e+02     3s
  16   5.16860564e+06 -6.74802900e+07  3.11e-02 1.13e-08  1.19e+02     3s
  17   4.53409715e+06 -3.74629847e+07  2.25e-02 5.77e-09  6.85e+01     3s
  18   3.03251926e+06 -3.35637059e+07  4.24e-03 1.03e-08  5.97e+01     3s
  19   1.86213436e+06 -2.21071865e+07  9.65e-04 9.65e-09  3.91e+01     4s
  20   3.98468772e+05 -2.96339471e+06  7.18e-08 6.98e-09  5.48e+00     4s
  21   2.70804563e+04 -4.06650811e+05  3.25e-09 5.01e-09  7.07e-01     4s
  22   1.35337628e+04 -1.90717115e+05  7.56e-10 6.68e-09  3.33e-01     4s
  23   1.17496803e+04 -1.00278934e+05  1.73e-09 9.74e-09  1.83e-01     4s
  24   1.06283127e+04 -2.42294805e+04  1.26e-09 5.92e-09  5.68e-02     4s
  25   8.38015996e+03 -1.50000825e+04  2.68e-10 7.65e-09  3.81e-02     4s
  26   6.84710638e+03 -1.00291757e+04  1.06e-10 1.41e-08  2.75e-02     4s
  27   4.95464229e+03 -6.48197664e+03  2.90e-10 9.28e-09  1.87e-02     4s
  28   3.28541418e+03 -3.50614203e+03  4.14e-10 1.13e-08  1.11e-02     4s
  29   2.48834916e+03 -2.01337331e+03  2.69e-10 1.14e-08  7.34e-03     4s
  30   2.01959072e+03 -4.54570445e+02  1.40e-10 9.22e-09  4.03e-03     5s
  31   1.46383626e+03  2.85577854e+02  1.95e-09 9.65e-09  1.92e-03     5s
  32   1.35083405e+03  8.37753320e+02  7.58e-10 6.20e-09  8.37e-04     5s
  33   1.31399358e+03  1.11858839e+03  1.54e-09 5.16e-09  3.19e-04     5s
  34   1.30182379e+03  1.21467575e+03  8.34e-10 8.12e-09  1.42e-04     5s
  35   1.29587097e+03  1.24791171e+03  3.13e-10 1.01e-08  7.82e-05     5s
  36   1.29393892e+03  1.27886176e+03  5.20e-10 6.66e-09  2.46e-05     5s
  37   1.29233972e+03  1.28683009e+03  2.21e-09 4.44e-09  8.99e-06     5s
  38   1.29198535e+03  1.29010716e+03  7.27e-10 5.19e-09  3.06e-06     5s
  39   1.29183869e+03  1.29030410e+03  3.60e-10 9.90e-09  2.50e-06     6s
  40   1.29175934e+03  1.29099257e+03  1.55e-10 8.18e-09  1.25e-06     6s
  41   1.29173189e+03  1.29117446e+03  6.76e-11 7.20e-09  9.09e-07     6s
  42   1.29170921e+03  1.29150570e+03  4.88e-10 7.67e-09  3.32e-07     6s
  43   1.29170359e+03  1.29157054e+03  2.69e-10 1.03e-08  2.17e-07     6s
  44   1.29170165e+03  1.29160190e+03  1.95e-10 9.06e-09  1.63e-07     6s
  45   1.29169514e+03  1.29167566e+03  1.39e-10 6.98e-09  3.18e-08     6s
  46   1.29169187e+03  1.29169032e+03  1.38e-09 3.53e-09  2.53e-09     6s
  47   1.29169164e+03  1.29169159e+03  5.82e-08 7.33e-09  7.63e-11     6s
  48   1.29169161e+03  1.29169160e+03  2.97e-09 4.52e-09  2.46e-12     6s

Barrier solved model in 48 iterations and 6.48 seconds (8.13 work units)
Optimal objective 1.29169161e+03


Root crossover log...

  121418 DPushes remaining with DInf 2.2985792e-02                 7s
       0 DPushes remaining with DInf 8.5368167e-02                 7s

     424 PPushes remaining with PInf 1.1565125e-05                 7s
       0 PPushes remaining with PInf 0.0000000e+00                 7s

  Push phase complete: Pinf 0.0000000e+00, Dinf 4.5010341e-01      7s


Root simplex log...

Iteration    Objective       Primal Inf.    Dual Inf.      Time
   60455    1.2916916e+03   0.000000e+00   4.501034e-01      7s
   62308    1.2916916e+03   0.000000e+00   0.000000e+00      7s
Crossover time: 0.42 seconds (0.58 work units)
Concurrent spin time: 0.01s

Solved with barrier

Root relaxation: objective 1.291692e+03, 62308 iterations, 5.51 seconds (5.87 work units)

    Nodes    |    Current Node    |     Objective Bounds      |     Work
 Expl Unexpl |  Obj  Depth IntInf | Incumbent    BestBd   Gap | It/Node Time

     0     0 1291.69161    0  610          - 1291.69161      -     -    9s
H    0     0                    1917.6123494 1291.69161  32.6%     -   14s
H    0     0                    1895.1765322 1291.69161  31.8%     -   17s
H    0     0                    1874.9740587 1291.69161  31.1%     -   18s
     0     0 1291.69161    0  610 1874.97406 1291.69161  31.1%     -   83s
H    0     0                    1864.2546490 1291.69161  30.7%     -   84s
H    0     0                    1848.6430062 1291.69161  30.1%     -   85s
     0     0 1291.69161    0  610 1848.64301 1291.69161  30.1%     -   92s
H    0     0                    1848.0119305 1291.69161  30.1%     -   94s
     0     0 1291.69161    0  605 1848.01193 1291.69161  30.1%     -   97s
     0     0 1295.58288    0  712 1848.01193 1295.58288  29.9%     -  108s
     0     0 1295.58288    0  621 1848.01193 1295.58288  29.9%     -  114s
H    0     0                    1845.4797299 1295.58288  29.8%     -  116s
H    0     0                    1748.0645210 1295.58288  25.9%     -  120s
H    0     0                    1741.4709596 1295.58288  25.6%     -  124s
H    0     0                    1631.5461498 1295.58288  20.6%     -  125s
     0     0 1295.58288    0  660 1631.54615 1295.58288  20.6%     -  135s
     0     0 1295.58288    0  654 1631.54615 1295.58288  20.6%     -  136s
     0     0 1299.43317    0  744 1631.54615 1299.43317  20.4%     -  149s
     0     0 1300.52371    0  732 1631.54615 1300.52371  20.3%     -  177s
     0     0 1300.64981    0  743 1631.54615 1300.64981  20.3%     -  177s
     0     0 1300.64981    0  743 1631.54615 1300.64981  20.3%     -  177s
     0     0 1305.31804    0  775 1631.54615 1305.31804  20.0%     -  188s
     0     0 1306.13576    0  793 1631.54615 1306.13576  19.9%     -  190s
     0     0 1306.14283    0  800 1631.54615 1306.14283  19.9%     -  191s
     0     0 1306.14328    0  805 1631.54615 1306.14328  19.9%     -  191s
     0     0 1309.30631    0  812 1631.54615 1309.30631  19.8%     -  202s
     0     0 1309.61383    0  816 1631.54615 1309.61383  19.7%     -  203s
     0     0 1309.63007    0  814 1631.54615 1309.63007  19.7%     -  203s
     0     0 1309.64414    0  812 1631.54615 1309.64414  19.7%     -  204s
     0     0 1309.64996    0  817 1631.54615 1309.64996  19.7%     -  204s
     0     0 1309.65019    0  819 1631.54615 1309.65019  19.7%     -  204s
     0     0 1311.69612    0  825 1631.54615 1311.69612  19.6%     -  216s
     0     0 1312.05632    0  828 1631.54615 1312.05632  19.6%     -  217s
     0     0 1312.07058    0  827 1631.54615 1312.07058  19.6%     -  217s
     0     0 1312.07230    0  833 1631.54615 1312.07230  19.6%     -  218s
     0     0 1314.47512    0  845 1631.54615 1314.47512  19.4%     -  227s
     0     0 1315.87361    0  838 1631.54615 1315.87361  19.3%     -  229s
     0     0 1315.97795    0  838 1631.54615 1315.97795  19.3%     -  229s
     0     0 1316.03815    0  840 1631.54615 1316.03815  19.3%     -  230s
     0     0 1316.03815    0  839 1631.54615 1316.03815  19.3%     -  230s
     0     0 1318.16056    0  818 1631.54615 1318.16056  19.2%     -  241s
     0     0 1318.28634    0  846 1631.54615 1318.28634  19.2%     -  243s
     0     0 1318.29091    0  846 1631.54615 1318.29091  19.2%     -  243s
     0     0 1321.24255    0  797 1631.54615 1321.24255  19.0%     -  254s
     0     0 1321.25075    0  816 1631.54615 1321.25075  19.0%     -  255s
     0     0 1321.25182    0  818 1631.54615 1321.25182  19.0%     -  255s
     0     0 1322.17175    0  800 1631.54615 1322.17175  19.0%     -  266s
     0     0 1322.30088    0  817 1631.54615 1322.30088  19.0%     -  267s
     0     0 1322.30108    0  813 1631.54615 1322.30108  19.0%     -  268s
     0     0 1322.74759    0  831 1631.54615 1322.74759  18.9%     -  278s
     0     0 1322.77537    0  841 1631.54615 1322.77537  18.9%     -  279s
     0     0 1322.78153    0  840 1631.54615 1322.78153  18.9%     -  279s
     0     0 1323.21249    0  825 1631.54615 1323.21249  18.9%     -  288s
     0     0 1323.22281    0  826 1631.54615 1323.22281  18.9%     -  289s
     0     0 1323.22322    0  830 1631.54615 1323.22322  18.9%     -  290s
     0     0 1323.74509    0  823 1631.54615 1323.74509  18.9%     -  297s
     0     0 1323.75700    0  821 1631.54615 1323.75700  18.9%     -  298s
     0     0 1323.75711    0  820 1631.54615 1323.75711  18.9%     -  298s
     0     0 1323.76880    0  820 1631.54615 1323.76880  18.9%     -  305s
     0     0 1323.77272    0  826 1631.54615 1323.77272  18.9%     -  305s
     0     0 1323.77272    0  820 1631.54615 1323.77272  18.9%     -  313s
     0     0 1323.77272    0  820 1631.54615 1323.77272  18.9%     -  313s
     0     0 1323.77272    0  814 1631.54615 1323.77272  18.9%     -  314s
H    0     0                    1603.1307858 1323.77272  17.4%     -  339s
H    0     0                    1600.9147953 1323.77272  17.3%     -  339s
H    0     0                    1579.0327191 1323.77272  16.2%     -  341s
     0     2 1323.77272    0  813 1579.03272 1323.77272  16.2%     -  352s

Cutting planes:
  Gomory: 1
  Cover: 8
  Implied bound: 254
  MIR: 69
  Flow cover: 142
  Zero half: 71
  Network: 3
  RLT: 4
  Relax-and-lift: 224
  BQP: 4
  Lazy constraints: 5

Explored 1 nodes (188959 simplex iterations) in 360.01 seconds (714.99 work units)
Thread count was 4 (of 32 available processors)

Solution count 10: 1579.03 1600.91 1603.13 ... 1864.25

Time limit reached
Best objective 1.579032719055e+03, best bound 1.323799715002e+03, gap 16.1639%

User-callback calls 68856, time in user-callback 0.04 sec
Cap boundary reject: PORT-591 real=1618.436 baseline=1586.646
Cap boundary debug: PORT-591 -> [346 276 277 278 279 280 281 341 342 343 344 345 334 335 336 337 338 339 321 323 324 325 327 329 331 332 330 333 347 363 364 362 361 348 365 367 368 426 381 425 417 416 415 418 419 420 421 423 422 424 404 405 406 407 399 400 401 386 62 61 60 58 64 65 63 57 59 76 70 77 78 75 71 72 73 74 79 80 91 96 95 89 88 81 82 83 84 87 86 85 24 23 22 567] -> PORT-593 -> [514 513 512 436 435 438 437 440 441 442 443 444 506 505 449 448 450 451 452 453 454 455 456 457 458 464 465 480 307] -> PORT-591 | load_left=43986 load_right=43992 cap=45000
Set parameter Username
Set parameter LicenseID to value 2738882
Academic license - for non-commercial use only - expires 2026-11-14
Set parameter TimeLimit to value 360
Set parameter Seed to value 1748822902
Set parameter Threads to value 4
Set parameter OutputFlag to value 1
Set parameter LogToConsole to value 1
Set parameter LazyConstraints to value 1
Gurobi Optimizer version 13.0.0 build v13.0.0rc1 (linux64 - "Debian GNU/Linux 13 (trixie)")

CPU model: AMD Ryzen 9 5950X 16-Core Processor, instruction set [SSE2|AVX|AVX2]
Thread count: 16 physical cores, 32 logical processors, using up to 4 threads

Non-default parameters:
TimeLimit  360
Seed  1748822902
Threads  4
LazyConstraints  1

Optimize a model with 64986 rows, 187500 columns and 374988 nonzeros (Min)
Model fingerprint: 0x092072f1
Model has 62000 linear objective coefficients
Variable types: 125000 continuous, 62500 integer (62500 binary)
Coefficient statistics:
  Matrix range     [1e+00, 4e+04]
  Objective range  [8e-01, 1e+05]
  Bounds range     [1e+00, 4e+04]
  RHS range        [1e+00, 1e+04]
Presolve removed 2740 rows and 64121 columns
Presolve time: 0.45s
Presolved: 62246 rows, 123379 columns, 370655 nonzeros
Variable types: 61254 continuous, 62125 integer (62125 binary)
Root relaxation presolved: 62246 rows, 123379 columns, 370655 nonzeros

Deterministic concurrent LP optimizer: primal and dual simplex
Showing primal log only...


Root simplex log...

Iteration    Objective       Primal Inf.    Dual Inf.      Time
   63650    1.0656469e+03   0.000000e+00   2.224977e+01      5s
   77169    1.0528733e+03   0.000000e+00   0.000000e+00      6s
Concurrent spin time: 0.00s

Solved with primal simplex

Root relaxation: objective 1.052873e+03, 77169 iterations, 5.37 seconds (9.96 work units)

    Nodes    |    Current Node    |     Objective Bounds      |     Work
 Expl Unexpl |  Obj  Depth IntInf | Incumbent    BestBd   Gap | It/Node Time

     0     0 1052.87333    0  466          - 1052.87333      -     -    6s
H    0     0                    2489.0349184 1052.87333  57.7%     -    9s
H    0     0                    2464.3350692 1052.87333  57.3%     -   11s
H    0     0                    1981.5827665 1052.87333  46.9%     -   16s
H    0     0                    1976.6702674 1052.87333  46.7%     -   16s
H    0     0                    1941.4428648 1052.87333  45.8%     -   18s
H    0     0                    1909.4939067 1052.87333  44.9%     -   19s
H    0     0                    1908.0203690 1052.87333  44.8%     -   19s
H    0     0                    1905.9453512 1052.87333  44.8%     -   19s
     0     0 1392.67834    0  490 1905.94535 1392.67834  26.9%     -   27s
     0     0 1396.81670    0  549 1905.94535 1396.81670  26.7%     -   31s
     0     0 1396.81670    0  493 1905.94535 1396.81670  26.7%     -   35s
H    0     0                    1896.3288362 1396.81670  26.3%     -   35s
H    0     0                    1877.5313347 1396.81670  25.6%     -   35s
H    0     0                    1870.8514548 1396.81670  25.3%     -   36s
H    0     0                    1863.7363359 1396.81670  25.1%     -   37s
     0     0 1397.17769    0  567 1863.73634 1397.17769  25.0%     -   39s
H    0     0                    1846.9637770 1397.18314  24.4%     -   40s
H    0     0                    1841.0212687 1397.18314  24.1%     -   41s
H    0     0                    1836.0948317 1397.18314  23.9%     -   41s
H    0     0                    1836.0927768 1397.18314  23.9%     -   41s
H    0     0                    1828.6496818 1397.18314  23.6%     -   42s
H    0     0                    1824.5303806 1397.18314  23.4%     -   42s
H    0     0                    1817.0364705 1397.18314  23.1%     -   44s
H    0     0                    1808.9361860 1397.18314  22.8%     -   44s
H    0     0                    1808.8993993 1397.18314  22.8%     -   44s
H    0     0                    1808.6303918 1397.18314  22.7%     -   44s
H    0     0                    1802.9243994 1397.18314  22.5%     -   44s
H    0     0                    1801.9816506 1397.18314  22.5%     -   45s
H    0     0                    1801.2920902 1397.18314  22.4%     -   45s
H    0     0                    1800.0702395 1397.18314  22.4%     -   45s
H    0     0                    1785.7991317 1397.18314  21.8%     -   46s
     0     0 1398.04899    0  575 1785.79913 1398.04899  21.7%     -   48s
     0     0 1398.08065    0  581 1785.79913 1398.08065  21.7%     -   48s
     0     0 1398.08065    0  581 1785.79913 1398.08065  21.7%     -   48s
     0     0 1409.51948    0  589 1785.79913 1409.51948  21.1%     -   51s
     0     0 1409.59463    0  591 1785.79913 1409.59463  21.1%     -   51s
     0     0 1409.59559    0  595 1785.79913 1409.59559  21.1%     -   51s
     0     0 1424.19136    0  634 1785.79913 1424.19136  20.2%     -   58s
     0     0 1424.37847    0  634 1785.79913 1424.37847  20.2%     -   58s
     0     0 1424.37849    0  634 1785.79913 1424.37849  20.2%     -   58s
     0     0 1427.78697    0  635 1785.79913 1427.78697  20.0%     -   64s
     0     0 1427.95581    0  646 1785.79913 1427.95581  20.0%     -   65s
     0     0 1427.97334    0  646 1785.79913 1427.97334  20.0%     -   65s
     0     0 1427.97491    0  645 1785.79913 1427.97491  20.0%     -   65s
     0     0 1428.50279    0  636 1785.79913 1428.50279  20.0%     -   67s
     0     0 1428.67623    0  638 1785.79913 1428.67623  20.0%     -   67s
     0     0 1428.67825    0  636 1785.79913 1428.67825  20.0%     -   67s
     0     0 1429.62015    0  621 1785.79913 1429.62015  19.9%     -   69s
     0     0 1429.88590    0  639 1785.79913 1429.88590  19.9%     -   69s
     0     0 1429.89197    0  646 1785.79913 1429.89197  19.9%     -   69s
     0     0 1431.36347    0  634 1785.79913 1431.36347  19.8%     -   71s
     0     0 1432.32274    0  625 1785.79913 1432.32274  19.8%     -   71s
     0     0 1432.32274    0  623 1785.79913 1432.32274  19.8%     -   71s
     0     0 1432.32274    0  624 1785.79913 1432.32274  19.8%     -   71s
     0     0 1432.32274    0  622 1785.79913 1432.32274  19.8%     -   71s
     0     0 1435.55676    0  611 1785.79913 1435.55676  19.6%     -   73s
     0     0 1435.88167    0  631 1785.79913 1435.88167  19.6%     -   73s
     0     0 1441.64124    0  614 1785.79913 1441.64124  19.3%     -   74s
     0     0 1441.68000    0  622 1785.79913 1441.68000  19.3%     -   75s
     0     0 1441.68005    0  619 1785.79913 1441.68005  19.3%     -   75s
     0     0 1441.76898    0  625 1785.79913 1441.76898  19.3%     -   76s
     0     0 1441.88127    0  627 1785.79913 1441.88127  19.3%     -   76s
     0     0 1441.88127    0  629 1785.79913 1441.88127  19.3%     -   76s
     0     0 1442.11938    0  634 1785.79913 1442.11938  19.2%     -   78s
     0     0 1442.14721    0  637 1785.79913 1442.14721  19.2%     -   79s
     0     0 1442.14739    0  635 1785.79913 1442.14739  19.2%     -   79s
     0     0 1442.57494    0  634 1785.79913 1442.57494  19.2%     -   81s
     0     0 1442.60833    0  651 1785.79913 1442.60833  19.2%     -   82s
     0     0 1442.60919    0  645 1785.79913 1442.60919  19.2%     -   82s
     0     0 1442.63595    0  646 1785.79913 1442.63595  19.2%     -   83s
     0     0 1442.64779    0  650 1785.79913 1442.64779  19.2%     -   83s
     0     0 1442.71498    0  642 1785.79913 1442.71498  19.2%     -   84s
     0     0 1442.71498    0  642 1785.79913 1442.71498  19.2%     -   84s
     0     0 1442.71498    0  620 1785.79913 1442.71498  19.2%     -   85s
H    0     2                    1785.4294933 1450.22532  18.8%     -  105s
     0     2 1450.22532    0  619 1785.42949 1450.22532  18.8%     -  105s
     7    12 1450.22532    3  622 1785.42949 1450.22532  18.8%  3002  111s
H   17    23                    1769.0675482 1450.22532  18.0%  2367  116s
H   19    23                    1768.5991633 1450.22532  18.0%  2257  116s
    22    25 1450.22532    5  612 1768.59916 1450.22532  18.0%  2327  120s
H   24    29                    1752.9090736 1450.22532  17.3%  2246  123s
    28    39 1450.22532    6  606 1752.90907 1450.22532  17.3%  2305  128s
    47    55 1453.93731    9  591 1752.90907 1450.22532  17.3%  1890  131s
H   48    55                    1750.3315543 1450.22532  17.1%  1851  131s
    68    73 1457.15490   13  596 1750.33155 1450.22532  17.1%  1603  135s
    84    90 1465.29077   17  568 1750.33155 1450.22532  17.1%  1559  141s
H   94    96                    1749.5182151 1450.22532  17.1%  1513  143s
    95   103 1460.61754   19  591 1749.51822 1450.22532  17.1%  1501  145s
   119   127 1464.50389   22  600 1749.51822 1450.22532  17.1%  1471  153s
   126   138 1465.60967   24  590 1749.51822 1450.22532  17.1%  1476  157s
H  138   142                    1734.7041689 1450.22532  16.4%  1428  159s
   141   152 1470.90739   30  583 1734.70417 1450.22532  16.4%  1427  163s
   151   165 1473.02804   32  571 1734.70417 1450.22532  16.4%  1462  166s
   178   203 1482.99811   37  564 1734.70417 1450.22532  16.4%  1398  171s
   221   244 1484.74310   45  571 1734.70417 1450.22532  16.4%  1248  177s
   243   248 1486.68358   47  559 1734.70417 1450.22532  16.4%  1203  180s
H  249   254                    1729.8403220 1450.22532  16.2%  1209  183s
   253   282 1501.85036   48  537 1729.84032 1450.22532  16.2%  1226  186s
   281   317 1487.15821   48  548 1729.84032 1450.22532  16.2%  1149  190s
H  358   367                    1711.7776151 1450.22532  15.3%  1004  197s
   366   393 1491.92636   51  506 1711.77762 1450.22532  15.3%   997  200s
H  403   406                    1704.5249225 1450.22532  14.9%   987  203s
   405   434 1498.76316   58  542 1704.52492 1450.22532  14.9%  1000  207s
   433   485 1500.16195   67  522 1704.52492 1450.22532  14.9%   989  211s
H  512   517                    1679.1622313 1450.22532  13.6%   931  218s
   516   562 1507.98733   83  505 1679.16223 1450.22532  13.6%   931  223s
   561   582 1513.48598   87  505 1679.16223 1450.22532  13.6%   903  226s
   581   635 1517.56214   94  511 1679.16223 1450.22532  13.6%   900  230s
   690   722 1523.83713  108  482 1679.16223 1450.22532  13.6%   851  240s
   723   764 1527.21529  120  505 1679.16223 1450.22532  13.6%   862  247s
   765   775 1531.77785  132  490 1679.16223 1450.22532  13.6%   841  253s
H  767   775                    1678.5290326 1450.22532  13.6%   839  253s
   776   795 1544.01910  134  494 1678.52903 1450.22532  13.6%   844  259s
H  798   799                    1672.9363551 1450.22532  13.3%   866  265s
   802   832 1534.02169  139  495 1672.93636 1450.22532  13.3%   877  271s
   837   882 1537.55037  155  487 1672.93636 1450.22532  13.3%   891  276s
   887   920 1540.75925  174  496 1672.93636 1450.22532  13.3%   877  285s
   932   991 1544.82623  177  498 1672.93636 1450.22532  13.3%   871  290s
  1010  1049 1546.54140  185  485 1672.93636 1450.22532  13.3%   835  296s
  1089  1069 1549.30155  199  466 1672.93636 1450.22532  13.3%   814  302s
H 1102  1069                    1669.8130247 1450.22532  13.2%   807  302s
  1109  1134 1551.65247  208  478 1669.81302 1450.22532  13.2%   812  308s
  1174  1260 1557.39697  227  451 1669.81302 1450.22532  13.2%   809  313s
  1300  1385 1573.17963  278  457 1669.81302 1450.22532  13.2%   771  319s
  1425  1539 1580.49529  314  443 1669.81302 1450.22532  13.2%   743  324s
  1585  1614 1577.13263  339  440 1669.81302 1450.22532  13.2%   701  332s
  1689  1652 1587.10661  345  432 1669.81302 1450.22532  13.2%   701  340s
  1741  1677 1664.38665  354  426 1669.81302 1450.22532  13.2%   735  352s
  1774  1683 1664.68374  355  421 1669.81302 1450.22532  13.2%   768  360s
H 1793  1683                    1669.2354222 1450.22532  13.1%   769  360s

Cutting planes:
  Gomory: 3
  Cover: 20
  Implied bound: 343
  Clique: 1
  MIR: 129
  StrongCG: 2
  Flow cover: 159
  Zero half: 64
  Network: 25
  RLT: 12
  Relax-and-lift: 298
  BQP: 3

Explored 1803 nodes (1607890 simplex iterations) in 360.01 seconds (1294.97 work units)
Thread count was 4 (of 32 available processors)

Solution count 10: 1669.24 1669.81 1672.94 ... 1749.52

Time limit reached
Best objective 1.669235422199e+03, best bound 1.450225321434e+03, gap 13.1204%

User-callback calls 62289, time in user-callback 0.02 sec
Cap boundary opt: PORT-593 stations=123 obj=1669.235 real=1664.475 baseline=1710.959
Set parameter Username
Set parameter LicenseID to value 2738882
Academic license - for non-commercial use only - expires 2026-11-14
Segment 1 eval: start=BOAT-0 end=PORT-583 stations=48 (optimize)
  Segment 1 order: -501 -500 -499 -498 -497 -496 -495 112 113 -494 114 -275 -111 -274 -107 -106 -105 104 -103 -102 -101 108 109 110 -273 -272 271 253 252 249 -248 -247 -245 -244 -243 -238 237 -215 -214 213 -192 218 -191 219 -190 -223 222 -135
Segment 2 eval: start=PORT-583 end=PORT-581 stations=62 (optimize)
  Segment 2 order: 133 134 -132 -181 230 232 233 234 -235 231 -227 228 229 -180 -179 -154 -153 -157 -156 -155 -173 -172 174 175 -176 -177 171 -170 -169 -168 -167 -166 -165 -164 -163 -162 -161 -160 159 158 -150 -149 -148 -147 -146 -145 -144 -142 -9 -8 -141 -140 -139 151 -152 -138 -137 -136 -2 90 -94 -92
Segment 3 eval: start=PORT-581 end=PORT-591 stations=80 (optimize)
  Segment 3 order: 56 55 -54 -53 -52 -51 -50 -49 -48 -39 -38 -37 66 67 68 69 -36 -35 -32 -31 -29 -27 26 28 30 -33 -34 41 42 43 44 45 46 -40 47 396 397 -398 -395 -394 -393 -392 -391 -390 -389 -388 -387 402 -403 385 -384 -383 -382 -414 -413 412 -409 408 -410 411 380 378 -379 -377 -376 -375 374 -373 -372 -371 -370 369 359 360 -358 -353 -350 -349 -326 328
Segment 4 eval: start=PORT-591 end=PORT-593 stations=31 (optimize)
  Segment 4 order: -346 276 277 -343 -342 278 279 280 -341 281 -307 567 435 438 448 453 456 457 458 -455 -454 -452 -451 -450 -449 -444 -443 -442 -441 513 514
Segment 5 eval: start=PORT-593 end=PORT-591 stations=92 (optimize)
  Segment 5 order: -512 -436 -437 -440 -506 -505 464 465 480 -96 -95 91 -89 88 -87 86 -85 -84 -83 -82 -81 -80 78 75 72 73 -74 -71 76 70 77 -79 -24 -23 -22 -65 -63 64 57 59 -58 60 61 62 -386 -401 400 399 407 -406 -405 -404 -415 416 418 419 420 421 -423 -422 424 -417 425 381 426 -368 -367 -365 364 362 -361 348 -363 -347 333 -332 -331 -330 -329 327 -325 -324 -323 -321 -339 -338 -337 -336 -335 -334 344 345
Segment 6 eval: start=PORT-591 end=PORT-583 stations=82 (optimize)
  Segment 6 order: -340 -320 -319 -318 -317 -316 -315 -314 313 -312 -311 309 310 -292 293 294 -295 -306 -305 -304 -303 -302 -301 -300 -299 -298 -297 -296 291 -290 -289 -288 -287 -286 -285 -552 -551 -550 -553 554 -560 -559 -558 -555 284 -283 -282 556 557 561 562 -563 -566 564 565 568 -542 543 540 541 549 548 -547 -546 -545 -544 -539 -538 -537 536 -535 -534 -572 569 570 571 573 574 -577 576 -527 528
Segment 7 eval: start=PORT-583 end=PORT-588 stations=51 (optimize)
  Segment 7 order: -178 -226 -182 -183 184 185 186 187 188 189 224 225 -221 220 217 -216 -99 -208 -207 -206 209 210 211 -212 -195 -193 194 196 197 198 199 -200 201 205 256 257 259 258 -128 -127 126 -125 -124 -265 -264 -267 266 -123 -471 472 -122
Segment 8 eval: start=PORT-588 end=PORT-581 stations=35 (optimize)
  Segment 8 order: 118 473 481 469 470 -121 120 -119 -270 -269 -268 -263 -262 -261 260 254 255 129 130 131 -204 -203 -202 -251 -250 -246 -100 -98 -242 241 -240 -239 -236 -97 13
Segment 9 eval: start=PORT-581 end=PORT-591 stations=33 (optimize)
  Segment 9 order: -93 25 5 10 11 12 -14 18 -21 20 -19 -17 -16 -15 -143 6 -7 4 -3 -1 117 -116 115 -475 -474 466 -467 -479 -478 -476 477 483 308
Segment 10 eval: start=PORT-591 end=PORT-593 stations=25 (optimize)
  Segment 10 order: 366 -357 -356 -355 354 -352 -351 -322 -533 -532 -531 -530 -529 575 578 579 580 524 525 526 -523 -522 -521 -518 -517
Segment 11 eval: start=PORT-593 end=PORT-584 stations=32 (optimize)
  Segment 11 order: 515 516 -520 -519 -427 428 429 430 431 432 433 -434 447 -446 -445 439 -511 -510 -509 -508 -507 -504 -503 -488 -487 489 -482 493 -492 -491 -490 -502
Segment 12 eval: start=PORT-584 end=PORT-584 stations=8 (optimize)
  Segment 12 order: -485 -461 -459 460 -463 -484 462 -486
Segment 13 eval: start=PORT-584 end=BOAT-END stations=1 (optimize)
  Segment 13 order: 468
Cap boundary debug: PORT-593 -> [512 436 437 440 506 505 464 465 480 22 23 24 96 95 91 89 88 87 86 85 84 83 82 81 80 79 78 77 70 76 75 72 73 74 71 65 63 64 57 59 58 60 61 62 386 401 400 399 407 406 405 404 415 418 419 420 421 423 422 424 425 417 416 381 426 368 367 365 364 362 361 348 363 347 333 332 331 330 329 327 325 324 323 321 339 338 337 336 335 334 344 345] -> PORT-591 -> [340 320 319 318 317 316 315 314 313 312 288 287 286 285 552 551 550 553 554 562 563 564 565 568 566 542 543 540 539 544 541 545 546 547 548 549 560 559 558 555 556 282 283 284 557 561 291 290 289 310 309 311 292 293 294 295 296 297 306 305 304 303 302 301 300 299 298 538 537 536 535 534 572 570 569 571 573 574 576 577 527 528] -> PORT-583 | load_left=44570 load_right=43938 cap=45000
Set parameter Username
Set parameter LicenseID to value 2738882
Academic license - for non-commercial use only - expires 2026-11-14
Set parameter TimeLimit to value 360
Set parameter Seed to value 1208331082
Set parameter Threads to value 4
Set parameter OutputFlag to value 1
Set parameter LogToConsole to value 1
Set parameter LazyConstraints to value 1
Gurobi Optimizer version 13.0.0 build v13.0.0rc1 (linux64 - "Debian GNU/Linux 13 (trixie)")

CPU model: AMD Ryzen 9 5950X 16-Core Processor, instruction set [SSE2|AVX|AVX2]
Thread count: 16 physical cores, 32 logical processors, using up to 4 threads

Non-default parameters:
TimeLimit  360
Seed  1208331082
Threads  4
LazyConstraints  1

Optimize a model with 127410 rows, 371712 columns and 743412 nonzeros (Min)
Model fingerprint: 0xeb1bd023
Model has 123200 linear objective coefficients
Variable types: 247808 continuous, 123904 integer (123904 binary)
Coefficient statistics:
  Matrix range     [1e+00, 4e+04]
  Objective range  [4e-01, 1e+05]
  Bounds range     [1e+00, 4e+04]
  RHS range        [1e+00, 1e+04]
Presolve removed 3862 rows and 126188 columns
Presolve time: 1.01s
Presolved: 123548 rows, 245524 columns, 736825 nonzeros
Variable types: 122148 continuous, 123376 integer (123376 binary)
Root relaxation presolved: 123548 rows, 245524 columns, 736825 nonzeros

Deterministic concurrent LP optimizer: primal simplex, dual simplex, and barrier
Showing barrier log only...

Root barrier log...

Ordering time: 0.08s

Barrier statistics:
 AA' NZ     : 7.387e+05
 Factor NZ  : 1.591e+06 (roughly 160 MB of memory)
 Factor Ops : 9.063e+08 (less than 1 second per iteration)
 Threads    : 2

                  Objective                Residual
Iter       Primal          Dual         Primal    Dual     Compl     Time
   0   3.90670654e+10 -7.74419889e+13  3.12e+05 1.46e-11  2.11e+08     2s
   1   1.86395173e+10 -5.29874811e+13  1.49e+05 2.80e+04  1.24e+08     2s
   2   1.32350564e+10 -3.01440658e+12  1.06e+05 6.98e-10  2.81e+07     2s
   3   6.01945150e+09 -1.22741694e+12  4.81e+04 6.40e-10  1.23e+07     2s
   4   4.50583259e+09 -9.40887790e+11  3.60e+04 7.16e-10  9.14e+06     2s
   5   2.61653761e+09 -9.23929626e+11  2.09e+04 7.15e-10  5.91e+06     2s
   6   6.97420666e+08 -4.52945874e+11  5.54e+03 1.29e-09  1.88e+06     2s
   7   1.60953977e+08 -3.11654813e+11  1.26e+03 1.29e-09  7.60e+05     3s
   8   1.05709231e+07 -2.75853202e+10  5.46e+01 1.25e-09  5.32e+04     3s
   9   8.53011746e+06 -9.30374391e+09  3.83e+01 1.11e-09  1.94e+04     3s
  10   6.44228245e+06 -7.95826670e+09  2.13e+01 1.52e-09  1.51e+04     3s
  11   5.91527164e+06 -3.44961065e+09  1.70e+01 2.40e-09  6.43e+03     3s
  12   5.07246271e+06 -1.01805494e+09  1.04e+01 3.92e-09  1.83e+03     3s
  13   4.82555184e+06 -6.13650547e+08  8.49e+00 5.13e-09  1.09e+03     3s
  14   3.88577032e+06 -1.50132332e+08  1.74e+00 3.37e-09  2.58e+02     3s
  15   3.48213244e+06 -4.73154673e+07  7.41e-01 2.91e-09  8.39e+01     3s
  16   2.78698210e+06 -3.47596849e+07  1.32e-01 4.57e-09  6.14e+01     3s
  17   1.87613166e+06 -1.94210777e+07  1.09e-02 5.68e-09  3.47e+01     4s
  18   6.62447919e+05 -4.41231392e+06  5.00e-04 4.16e-09  8.28e+00     4s
  19   7.43809696e+04 -6.85252790e+05  5.25e-08 3.70e-09  1.24e+00     4s
  20   3.55015553e+04 -1.67609833e+05  9.23e-10 6.01e-09  3.31e-01     4s
  21   2.46075869e+04 -5.20259261e+04  2.21e-10 3.08e-09  1.25e-01     4s
  22   1.81936568e+04 -2.34989952e+04  8.38e-11 3.38e-09  6.80e-02     4s
  23   1.12426209e+04 -1.19495689e+04  1.29e-11 3.46e-09  3.78e-02     4s
  24   7.43823549e+03 -4.95574096e+03  2.40e-10 5.40e-09  2.02e-02     4s
  25   4.86096391e+03 -1.94991351e+03  8.02e-11 5.49e-09  1.11e-02     4s
  26   3.52493926e+03 -9.43084726e+02  3.62e-11 5.69e-09  7.29e-03     4s
  27   2.36593477e+03  1.22765306e+02  1.43e-11 5.51e-09  3.66e-03     5s
  28   1.75363467e+03  6.83152412e+02  8.56e-12 6.14e-09  1.75e-03     5s
  29   1.54154042e+03  1.12610367e+03  8.80e-12 4.83e-09  6.77e-04     5s
  30   1.43505945e+03  1.32528227e+03  1.15e-09 3.31e-09  1.79e-04     5s
  31   1.41184083e+03  1.36931228e+03  3.92e-10 3.99e-09  6.94e-05     5s
  32   1.40725814e+03  1.38537217e+03  2.65e-10 4.07e-09  3.57e-05     5s
  33   1.40263227e+03  1.39113846e+03  1.37e-10 5.20e-09  1.87e-05     5s
  34   1.39946187e+03  1.39551415e+03  5.30e-11 3.37e-09  6.44e-06     5s
  35   1.39836801e+03  1.39641885e+03  2.43e-11 4.82e-09  3.18e-06     5s
  36   1.39763833e+03  1.39690387e+03  8.41e-12 4.87e-09  1.20e-06     6s
  37   1.39754280e+03  1.39744985e+03  5.42e-12 2.36e-09  1.52e-07     6s
  38   1.39748270e+03  1.39747435e+03  1.24e-09 3.15e-09  1.36e-08     6s
  39   1.39747781e+03  1.39747747e+03  1.11e-10 3.06e-09  5.54e-10     6s
  40   1.39747755e+03  1.39747755e+03  1.17e-10 3.23e-09  7.62e-12     6s

Barrier solved model in 40 iterations and 6.00 seconds (7.31 work units)
Optimal objective 1.39747755e+03


Root crossover log...

  121442 DPushes remaining with DInf 1.0084198e-02                 6s
       0 DPushes remaining with DInf 3.6670305e-03                 6s

     382 PPushes remaining with PInf 1.1450563e-05                 6s
       0 PPushes remaining with PInf 0.0000000e+00                 6s

  Push phase complete: Pinf 0.0000000e+00, Dinf 4.3211141e-01      6s


Root simplex log...

Iteration    Objective       Primal Inf.    Dual Inf.      Time
   58296    1.3974776e+03   0.000000e+00   4.321114e-01      6s
   60009    1.3974776e+03   0.000000e+00   0.000000e+00      6s
Crossover time: 0.33 seconds (0.54 work units)
Concurrent spin time: 0.00s

Solved with barrier

Root relaxation: objective 1.397478e+03, 60009 iterations, 4.91 seconds (5.01 work units)

    Nodes    |    Current Node    |     Objective Bounds      |     Work
 Expl Unexpl |  Obj  Depth IntInf | Incumbent    BestBd   Gap | It/Node Time

     0     0 1397.47755    0  567          - 1397.47755      -     -    8s
     0     0 1400.20349    0  659          - 1400.20349      -     -   17s
     0     0 1400.22274    0  661          - 1400.22274      -     -   30s
     0     0 1403.66189    0  686          - 1403.66189      -     -   40s
     0     0 1403.66208    0  682          - 1403.66208      -     -   41s
     0     0 1428.95623    0  682          - 1428.95623      -     -   70s
     0     0 1430.64224    0  693          - 1430.64224      -     -   72s
     0     0 1430.64224    0  693          - 1430.64224      -     -   72s
     0     0 1434.08718    0  667          - 1434.08718      -     -   87s
     0     0 1434.10137    0  680          - 1434.10137      -     -   89s
     0     0 1434.10363    0  680          - 1434.10363      -     -   89s
     0     0 1435.40220    0  674          - 1435.40220      -     -   95s
     0     0 1435.60644    0  682          - 1435.60644      -     -   96s
     0     0 1435.60676    0  684          - 1435.60676      -     -   96s
     0     0 1435.64940    0  701          - 1435.64940      -     -  100s
     0     0 1438.09664    0  697          - 1438.09664      -     -  101s
     0     0 1438.09689    0  699          - 1438.09689      -     -  101s
     0     0 1443.21371    0  688          - 1443.21371      -     -  117s
     0     0 1443.39379    0  695          - 1443.39379      -     -  118s
     0     0 1443.39412    0  690          - 1443.39412      -     -  118s
     0     0 1444.68966    0  703          - 1444.68966      -     -  124s
H    0     0                    104896.67070 1444.68966  98.6%     -  131s
     0     0 1444.68966    0  703 104896.671 1444.68966  98.6%     -  154s
H    0     0                    4251.2615387 1444.68966  66.0%     -  158s
H    0     0                    4250.6835030 1444.68966  66.0%     -  166s
H    0     0                    4248.1681785 1444.68966  66.0%     -  166s
H    0     0                    4247.5901385 1444.68966  66.0%     -  167s
H    0     0                    4206.7474870 1444.68966  65.7%     -  167s
H    0     0                    4206.6788577 1444.68966  65.7%     -  170s
H    0     0                    4205.9390949 1444.68966  65.7%     -  172s
H    0     0                    4196.8204615 1444.68966  65.6%     -  172s
H    0     0                    4189.7617128 1444.68966  65.5%     -  174s
H    0     0                    4158.1820471 1444.68966  65.3%     -  175s
H    0     0                    4157.0901972 1444.68966  65.2%     -  176s
H    0     0                    4155.4932544 1444.68966  65.2%     -  176s
     0     0 1444.70700    0  705 4155.49325 1444.70700  65.2%     -  176s
     0     0 1444.70700    0  707 4155.49325 1444.70700  65.2%     -  177s
     0     0 1448.22296    0  709 4155.49325 1448.22296  65.1%     -  179s
     0     0 1448.22296    0  552 4155.49325 1448.22296  65.1%     -  187s
H    0     0                    2828.1300694 1448.22296  48.8%     -  189s
     0     0 1448.22296    0  552 2828.13007 1448.22296  48.8%     -  192s
H    0     0                    2729.5693978 1448.22296  46.9%     -  194s
     0     0 1448.22296    0  552 2729.56940 1448.22296  46.9%     -  197s
H    0     0                    2719.2487391 1448.22296  46.7%     -  199s
H    0     0                    2644.5558238 1448.22296  45.2%     -  200s
     0     0 1448.22296    0  598 2644.55582 1448.22296  45.2%     -  214s
     0     0 1448.22296    0  640 2644.55582 1448.22296  45.2%     -  225s
     0     0 1448.22296    0  642 2644.55582 1448.22296  45.2%     -  234s
     0     0 1448.22296    0  651 2644.55582 1448.22296  45.2%     -  237s
     0     0 1448.22383    0  665 2644.55582 1448.22383  45.2%     -  239s
     0     0 1448.22383    0  665 2644.55582 1448.22383  45.2%     -  241s
     0     0 1449.08863    0  730 2644.55582 1449.08863  45.2%     -  261s
H    0     0                    2636.2941427 1449.20957  45.0%     -  264s
H    0     0                    2621.2896331 1449.20957  44.7%     -  264s
H    0     0                    2620.5452658 1449.20957  44.7%     -  265s
H    0     0                    2619.6131038 1449.20957  44.7%     -  265s
H    0     0                    2614.0131104 1449.20957  44.6%     -  266s
H    0     0                    2563.8173431 1449.20957  43.5%     -  268s
H    0     0                    2555.9996351 1449.20957  43.3%     -  270s
H    0     0                    2555.9995887 1449.20957  43.3%     -  290s
H    0     0                    2491.1691868 1449.20957  41.8%     -  295s
H    0     0                    2426.2213655 1449.20957  40.3%     -  299s
     0     0 1449.20957    0  724 2426.22137 1449.20957  40.3%     -  300s
     0     0 1450.02249    0  737 2426.22137 1450.02249  40.2%     -  316s
     0     0 1450.02977    0  738 2426.22137 1450.02977  40.2%     -  319s
     0     0 1450.02977    0  734 2426.22137 1450.02977  40.2%     -  322s
     0     0 1458.60904    0  735 2426.22137 1458.60904  39.9%     -  347s
     0     0 1459.51221    0  734 2426.22137 1459.51221  39.8%     -  348s
     0     0 1459.51221    0  734 2426.22137 1459.51221  39.8%     -  348s

Cutting planes:
  Learned: 1
  Cover: 13
  Implied bound: 178
  Clique: 6
  MIR: 52
  StrongCG: 1
  Flow cover: 110
  Zero half: 73
  Network: 3
  RLT: 17
  Relax-and-lift: 245
  BQP: 10
  Lazy constraints: 2

Explored 1 nodes (227691 simplex iterations) in 360.03 seconds (772.44 work units)
Thread count was 4 (of 32 available processors)

Solution count 10: 2426.22 2491.17 2556 ... 2644.56

Time limit reached
Best objective 2.426221365538e+03, best bound 1.459512209407e+03, gap 39.8442%

User-callback calls 30224, time in user-callback 0.03 sec
Cap boundary opt: PORT-591 stations=174 obj=2426.221 real=1976.329 baseline=2010.585
Set parameter Username
Set parameter LicenseID to value 2738882
Academic license - for non-commercial use only - expires 2026-11-14
Segment 1 eval: start=BOAT-0 end=PORT-583 stations=48 (optimize)
  Segment 1 order: -501 -500 -499 -498 -497 -496 -495 112 113 -494 114 -275 -111 -274 -107 -106 -105 104 -103 -102 -101 108 109 110 -273 -272 271 253 252 249 -248 -247 -245 -244 -243 -238 237 -215 -214 213 -192 218 -191 219 -190 -223 222 -135
Segment 2 eval: start=PORT-583 end=PORT-581 stations=62 (optimize)
  Segment 2 order: 133 134 -132 -181 230 232 233 234 -235 231 -227 228 229 -180 -179 -154 -153 -157 -156 -155 -173 -172 174 175 -176 -177 171 -170 -169 -168 -167 -166 -165 -164 -163 -162 -161 -160 159 158 -150 -149 -148 -147 -146 -145 -144 -142 -9 -8 -141 -140 -139 151 -152 -138 -137 -136 -2 90 -94 -92
Segment 3 eval: start=PORT-581 end=PORT-591 stations=80 (optimize)
  Segment 3 order: 56 55 -54 -53 -52 -51 -50 -49 -48 -39 -38 -37 66 67 68 69 -36 -35 -32 -31 -29 -27 26 28 30 -33 -34 41 42 43 44 45 46 -40 47 396 397 -398 -395 -394 -393 -392 -391 -390 -389 -388 -387 402 -403 385 -384 -383 -382 -414 -413 412 -409 408 -410 411 380 378 -379 -377 -376 -375 374 -373 -372 -371 -370 369 359 360 -358 -353 -350 -349 -326 328
Segment 4 eval: start=PORT-591 end=PORT-593 stations=31 (optimize)
  Segment 4 order: -346 276 277 -343 -342 278 279 280 -341 281 -307 567 435 438 448 453 456 457 458 -455 -454 -452 -451 -450 -449 -444 -443 -442 -441 513 514
Segment 5 eval: start=PORT-593 end=PORT-591 stations=84 (optimize)
  Segment 5 order: -528 527 -576 577 -574 -573 -571 -570 -569 572 534 535 -536 537 538 539 544 545 546 547 -548 -549 -541 -540 -543 542 -568 -565 -564 566 563 -562 -561 -557 -556 282 283 -284 555 558 559 560 -554 553 550 551 552 285 286 287 288 289 290 -291 296 297 298 299 300 301 302 303 304 305 306 295 -294 -293 292 -310 -309 311 312 -313 314 315 316 317 318 319 320 340 344 345
Segment 6 eval: start=PORT-591 end=PORT-583 stations=90 (optimize)
  Segment 6 order: -347 333 334 335 336 337 338 339 321 323 324 325 -327 329 330 331 332 348 -361 -362 -363 -364 365 367 368 -426 -381 -425 417 -424 422 423 -421 -420 -419 -418 -416 415 404 405 406 -407 -399 -400 401 386 -62 -61 -60 58 -59 -57 -64 63 65 22 23 24 79 -77 -70 -76 71 74 -73 -72 -75 -78 80 81 82 83 84 85 -86 87 -88 89 -91 95 96 -480 -465 -464 505 437 436 512 -440 -506
Segment 7 eval: start=PORT-583 end=PORT-588 stations=51 (optimize)
  Segment 7 order: -178 -226 -182 -183 184 185 186 187 188 189 224 225 -221 220 217 -216 -99 -208 -207 -206 209 210 211 -212 -195 -193 194 196 197 198 199 -200 201 205 256 257 259 258 -128 -127 126 -125 -124 -265 -264 -267 266 -123 -471 472 -122
Segment 8 eval: start=PORT-588 end=PORT-581 stations=35 (optimize)
  Segment 8 order: 118 473 481 469 470 -121 120 -119 -270 -269 -268 -263 -262 -261 260 254 255 129 130 131 -204 -203 -202 -251 -250 -246 -100 -98 -242 241 -240 -239 -236 -97 13
Segment 9 eval: start=PORT-581 end=PORT-591 stations=33 (optimize)
  Segment 9 order: -93 25 5 10 11 12 -14 18 -21 20 -19 -17 -16 -15 -143 6 -7 4 -3 -1 117 -116 115 -475 -474 466 -467 -479 -478 -476 477 483 308
Segment 10 eval: start=PORT-591 end=PORT-593 stations=25 (optimize)
  Segment 10 order: 366 -357 -356 -355 354 -352 -351 -322 -533 -532 -531 -530 -529 575 578 579 580 524 525 526 -523 -522 -521 -518 -517
Segment 11 eval: start=PORT-593 end=PORT-584 stations=32 (optimize)
  Segment 11 order: 515 516 -520 -519 -427 428 429 430 431 432 433 -434 447 -446 -445 439 -511 -510 -509 -508 -507 -504 -503 -488 -487 489 -482 493 -492 -491 -490 -502
Segment 12 eval: start=PORT-584 end=PORT-584 stations=8 (optimize)
  Segment 12 order: -485 -461 -459 460 -463 -484 462 -486
Segment 13 eval: start=PORT-584 end=BOAT-END stations=1 (optimize)
  Segment 13 order: 468
Cap boundary debug: PORT-591 -> [347 333 334 335 336 337 338 339 321 323 324 325 327 329 330 331 332 348 363 367 365 364 362 361 368 426 381 416 415 425 417 418 424 422 423 421 420 419 404 405 406 407 399 400 401 386 62 61 60 58 59 57 64 63 65 22 23 24 96 95 91 89 88 81 80 79 78 77 70 76 82 83 84 85 86 72 73 74 71 75 87 437 436 512 440 506 505 464 480 465] -> PORT-583 -> [178 226 182 183 184 185 186 187 188 189 224 225 221 220 216 217 193 194 195 196 197 198 199 200 201 209 210 211 212 208 207 206 205 256 257 259 258 128 127 126 125 124 264 265 267 266 123 122 472 471 99] -> PORT-588 | load_left=44264 load_right=43988 cap=45000
Set parameter Username
Set parameter LicenseID to value 2738882
Academic license - for non-commercial use only - expires 2026-11-14
Set parameter TimeLimit to value 360
Set parameter Seed to value 1242535013
Set parameter Threads to value 4
Set parameter OutputFlag to value 1
Set parameter LogToConsole to value 1
Set parameter LazyConstraints to value 1
Gurobi Optimizer version 13.0.0 build v13.0.0rc1 (linux64 - "Debian GNU/Linux 13 (trixie)")

CPU model: AMD Ryzen 9 5950X 16-Core Processor, instruction set [SSE2|AVX|AVX2]
Thread count: 16 physical cores, 32 logical processors, using up to 4 threads

Non-default parameters:
TimeLimit  360
Seed  1242535013
Threads  4
LazyConstraints  1

Optimize a model with 84642 rows, 245388 columns and 490764 nonzeros (Min)
Model fingerprint: 0x8b6a87bf
Model has 81224 linear objective coefficients
Variable types: 163592 continuous, 81796 integer (81796 binary)
Coefficient statistics:
  Matrix range     [1e+00, 4e+04]
  Objective range  [3e-01, 1e+05]
  Bounds range     [1e+00, 4e+04]
  RHS range        [1e+00, 1e+04]
Presolve removed 3136 rows and 83651 columns
Presolve time: 0.66s
Presolved: 81506 rows, 161737 columns, 485649 nonzeros
Variable types: 80370 continuous, 81367 integer (81367 binary)
Root relaxation presolved: 81506 rows, 161737 columns, 485649 nonzeros

Deterministic concurrent LP optimizer: primal and dual simplex
Showing primal log only...


Root simplex log...

Iteration    Objective       Primal Inf.    Dual Inf.      Time
   60216    1.0473872e+03   0.000000e+00   3.099354e+01      5s
   97445    1.1419973e+03   0.000000e+00   0.000000e+00      8s
Concurrent spin time: 0.00s

Solved with primal simplex

Root relaxation: objective 1.141997e+03, 97445 iterations, 7.03 seconds (13.05 work units)

    Nodes    |    Current Node    |     Objective Bounds      |     Work
 Expl Unexpl |  Obj  Depth IntInf | Incumbent    BestBd   Gap | It/Node Time

     0     0 1141.99731    0  483          - 1141.99731      -     -    8s
     0     0 1141.99731    0  483          - 1141.99731      -     -   18s
H    0     0                    2221.4373034 1141.99731  48.6%     -   21s
H    0     0                    2096.5036980 1141.99731  45.5%     -   22s
H    0     0                    2071.1507700 1141.99731  44.9%     -   23s
     0     0 1141.99731    0  483 2071.15077 1141.99731  44.9%     -   27s
H    0     0                    2046.1663367 1141.99731  44.2%     -   28s
H    0     0                    2036.1703341 1141.99731  43.9%     -   30s
H    0     0                    1973.1619203 1141.99731  42.1%     -   35s
H    0     0                    1789.6328858 1141.99731  36.2%     -   36s
H    0     0                    1785.6460350 1141.99731  36.0%     -   37s
H    0     0                    1784.4934647 1141.99731  36.0%     -   37s
H    0     0                    1784.3085372 1141.99731  36.0%     -   38s
     0     0 1142.45013    0  481 1784.30854 1142.45013  36.0%     -   42s
     0     0 1144.40118    0  574 1784.30854 1144.40118  35.9%     -   49s
     0     0 1144.40118    0  481 1784.30854 1144.40118  35.9%     -   56s
H    0     0                    1764.3924636 1144.40118  35.1%     -   57s
H    0     0                    1763.3252327 1144.40118  35.1%     -   57s
H    0     0                    1755.5535806 1144.40118  34.8%     -   59s
H    0     0                    1755.4572013 1144.40118  34.8%     -   60s
     0     0 1147.24833    0  529 1755.45720 1147.24833  34.6%     -   65s
H    0     0                    1744.8181462 1147.24952  34.2%     -   67s
H    0     0                    1731.5399190 1147.24952  33.7%     -   68s
H    0     0                    1719.9795454 1147.24952  33.3%     -   69s
H    0     0                    1718.7669173 1147.24952  33.3%     -   71s
H    0     0                    1714.2629119 1147.24952  33.1%     -   71s
H    0     0                    1703.2679976 1147.24952  32.6%     -   71s
H    0     0                    1702.7373338 1147.24952  32.6%     -   72s
H    0     0                    1702.5867836 1147.24952  32.6%     -   72s
H    0     0                    1699.5595142 1147.24952  32.5%     -   72s
H    0     0                    1697.4833513 1147.24952  32.4%     -   74s
H    0     0                    1687.5945195 1147.24952  32.0%     -   74s
H    0     0                    1687.1507403 1147.24952  32.0%     -   75s
H    0     0                    1686.2887258 1147.24952  32.0%     -   75s
H    0     0                    1684.1789467 1147.24952  31.9%     -   75s
H    0     0                    1674.9150920 1147.24952  31.5%     -   77s
H    0     0                    1674.0530775 1147.24952  31.5%     -   77s
     0     0 1149.59565    0  557 1674.05308 1149.59565  31.3%     -   79s
     0     0 1149.59565    0  557 1674.05308 1149.59565  31.3%     -   79s
     0     0 1151.52992    0  583 1674.05308 1151.52992  31.2%     -   81s
     0     0 1151.67239    0  585 1674.05308 1151.67239  31.2%     -   81s
     0     0 1151.67239    0  585 1674.05308 1151.67239  31.2%     -   81s
     0     0 1153.25139    0  597 1674.05308 1153.25139  31.1%     -   86s
     0     0 1153.42759    0  599 1674.05308 1153.42759  31.1%     -   87s
     0     0 1153.44522    0  603 1674.05308 1153.44522  31.1%     -   87s
     0     0 1153.46924    0  600 1674.05308 1153.46924  31.1%     -   87s
     0     0 1153.46924    0  598 1674.05308 1153.46924  31.1%     -   87s
     0     0 1155.95070    0  603 1674.05308 1155.95070  30.9%     -   94s
     0     0 1156.60760    0  606 1674.05308 1156.60760  30.9%     -   95s
     0     0 1156.60760    0  615 1674.05308 1156.60760  30.9%     -   95s
     0     0 1157.95354    0  601 1674.05308 1157.95354  30.8%     -   97s
     0     0 1157.95358    0  610 1674.05308 1157.95358  30.8%     -   97s
     0     0 1158.25499    0  602 1674.05308 1158.25499  30.8%     -   99s
     0     0 1158.27709    0  600 1674.05308 1158.27709  30.8%     -   99s
     0     0 1158.27709    0  600 1674.05308 1158.27709  30.8%     -   99s
     0     0 1159.06133    0  609 1674.05308 1159.06133  30.8%     -  100s
     0     0 1159.09054    0  606 1674.05308 1159.09054  30.8%     -  100s
     0     0 1159.09054    0  606 1674.05308 1159.09054  30.8%     -  100s
     0     0 1159.40667    0  604 1674.05308 1159.40667  30.7%     -  102s
     0     0 1159.47088    0  608 1674.05308 1159.47088  30.7%     -  102s
     0     0 1159.47260    0  610 1674.05308 1159.47260  30.7%     -  102s
     0     0 1159.48002    0  609 1674.05308 1159.48002  30.7%     -  103s
     0     0 1159.48655    0  605 1674.05308 1159.48655  30.7%     -  104s
     0     0 1159.48657    0  603 1674.05308 1159.48657  30.7%     -  104s
     0     0 1159.60715    0  626 1674.05308 1159.60715  30.7%     -  105s
     0     0 1159.78199    0  630 1674.05308 1159.78199  30.7%     -  105s
     0     0 1159.78204    0  630 1674.05308 1159.78204  30.7%     -  106s
     0     0 1161.26855    0  599 1674.05308 1161.26855  30.6%     -  107s
     0     0 1161.29044    0  607 1674.05308 1161.29044  30.6%     -  107s
     0     0 1161.29044    0  615 1674.05308 1161.29044  30.6%     -  107s
     0     0 1161.37791    0  610 1674.05308 1161.37791  30.6%     -  108s
     0     0 1161.38008    0  615 1674.05308 1161.38008  30.6%     -  109s
     0     0 1161.45588    0  612 1674.05308 1161.45588  30.6%     -  110s
     0     0 1161.45851    0  618 1674.05308 1161.45851  30.6%     -  111s
     0     0 1161.50427    0  624 1674.05308 1161.50427  30.6%     -  113s
     0     0 1161.50427    0  619 1674.05308 1161.50427  30.6%     -  113s
     0     0 1161.50928    0  611 1674.05308 1161.50928  30.6%     -  114s
     0     0 1161.52090    0  621 1674.05308 1161.52090  30.6%     -  115s
     0     0 1161.52825    0  620 1674.05308 1161.52825  30.6%     -  115s
     0     0 1161.52825    0  621 1674.05308 1161.52825  30.6%     -  115s
     0     0 1161.95816    0  621 1674.05308 1161.95816  30.6%     -  117s
     0     0 1161.96660    0  621 1674.05308 1161.96660  30.6%     -  118s
     0     0 1161.96742    0  610 1674.05308 1161.96742  30.6%     -  118s
     0     0 1161.97465    0  606 1674.05308 1161.97465  30.6%     -  119s
     0     0 1161.97634    0  615 1674.05308 1161.97634  30.6%     -  119s
     0     0 1161.97792    0  610 1674.05308 1161.97792  30.6%     -  120s
     0     0 1161.97792    0  610 1674.05308 1161.97792  30.6%     -  121s
     0     0 1161.97792    0  581 1674.05308 1161.97792  30.6%     -  122s
     0     2 1161.97792    0  577 1674.05308 1161.97792  30.6%     -  130s
    11    17 1163.71688    4  589 1674.05308 1162.07189  30.6%  1279  136s
H   13    17                    1673.5359953 1162.07189  30.6%  1305  136s
H   16    23                    1673.3115728 1162.07189  30.6%  1634  139s
    22    28 1165.23201    6  562 1673.31157 1162.07189  30.6%  1566  142s
H   26    28                    1670.3213179 1162.07189  30.4%  1504  142s
    27    32 1165.63812    7  583 1670.32132 1162.07189  30.4%  1571  146s
    36    41 1166.34704    8  585 1670.32132 1162.07189  30.4%  1639  153s
    40    45 1167.17129    9  556 1670.32132 1162.07189  30.4%  1573  157s
H   43    45                    1659.7955524 1162.07189  30.0%  1475  157s
    44    55 1166.04464    8  538 1659.79555 1162.07189  30.0%  1522  161s
    54    62 1167.17129   10  554 1659.79555 1162.07189  30.0%  1336  167s
H   55    62                    1653.8072536 1162.07189  29.7%  1311  167s
    61    65 1167.18512   11  542 1653.80725 1162.07189  29.7%  1332  171s
H   64    72                    1648.9867772 1162.07189  29.5%  1325  175s
    71    81 1167.20940   12  538 1648.98678 1162.07189  29.5%  1298  180s
    80    91 1167.28851   14  539 1648.98678 1162.07189  29.5%  1242  185s
    94    99 1170.32367   17  522 1648.98678 1162.07189  29.5%  1270  195s
    98   102 1170.41197   17  528 1648.98678 1162.07189  29.5%  1307  200s
H   99   102                    1647.6875088 1162.07189  29.5%  1293  200s
   101   105 1171.17557   18  520 1647.68751 1162.07189  29.5%  1300  207s
   104   111 1175.34795   18  549 1647.68751 1162.07189  29.5%  1323  213s
   110   114 1173.30819   19  504 1647.68751 1162.07189  29.5%  1348  218s
   113   120 1172.38498   19  520 1647.68751 1162.07189  29.5%  1359  222s
H  118   120                    1644.7184086 1162.07189  29.3%  1319  222s
   119   123 1174.74698   20  525 1644.71841 1162.07189  29.3%  1329  229s
H  120   123                    1636.7881447 1162.07189  29.0%  1318  229s
   122   125 1183.67986   19  533 1636.78814 1162.07189  29.0%  1308  235s
   124   127 1175.88721   20  518 1636.78814 1162.07189  29.0%  1303  240s
H  125   127                    1635.6494083 1162.07189  29.0%  1292  240s
   126   131 1176.45103   21  516 1635.64941 1162.07189  29.0%  1294  245s
   130   135 1176.96035   22  510 1635.64941 1162.07189  29.0%  1329  251s
H  134   142                    1635.6085136 1162.07189  29.0%  1301  261s
   141   151 1178.66708   24  517 1635.60851 1162.07189  29.0%  1286  271s
   150   153 1180.46962   27  487 1635.60851 1162.07189  29.0%  1276  281s
   152   156 1178.61111   27  485 1635.60851 1162.07189  29.0%  1271  293s
H  153   156                    1631.7737809 1162.07189  28.8%  1263  293s
   155   160 1178.81264   28  496 1631.77378 1162.07189  28.8%  1270  301s
H  157   160                    1631.5543035 1162.07189  28.8%  1264  301s
   159   176 1179.34036   29  497 1631.55430 1162.07189  28.8%  1308  309s
   175   179 1182.52609   31  496 1631.55430 1162.07189  28.8%  1264  316s
   178   182 1181.70313   32  488 1631.55430 1162.07189  28.8%  1247  323s
H  181   187                    1631.5543022 1162.07189  28.8%  1257  330s
   186   205 1182.66990   33  479 1631.55430 1162.07189  28.8%  1272  337s
   204   218 1184.86933   36  478 1631.55430 1162.07189  28.8%  1241  344s
   217   223 1192.14047   43  460 1631.55430 1162.07189  28.8%  1220  352s
H  222   224                    1592.2089108 1162.07189  27.0%  1224  360s

Cutting planes:
  Gomory: 1
  Cover: 15
  Implied bound: 234
  Clique: 3
  MIR: 64
  Flow cover: 139
  Zero half: 51
  RLT: 7
  Relax-and-lift: 300

Explored 223 nodes (514120 simplex iterations) in 360.02 seconds (1168.85 work units)
Thread count was 4 (of 32 available processors)

Solution count 10: 1592.21 1631.55 1631.55 ... 1648.99

Time limit reached
Best objective 1.592208910789e+03, best bound 1.162071887209e+03, gap 27.0151%

User-callback calls 100509, time in user-callback 0.03 sec
Cap boundary reject: PORT-583 segment infeasible left=100648.727 right=1026.895
Cap boundary reject: PORT-583 real=1000000000000000052504760255204420248704468581108159154915854115511802457988908195786371375080447864043704443832883878176942523235360430575644792184786706982848387200926575803737830233794788090059368953234970799945081119038967640880074652742780142494579258788820056842838115669472196386865459400540160.000 baseline=1692.427
Set parameter Username
Set parameter LicenseID to value 2738882
Academic license - for non-commercial use only - expires 2026-11-14
Segment 1 eval: start=BOAT-0 end=PORT-583 stations=48 (optimize)
  Segment 1 order: -501 -500 -499 -498 -497 -496 -495 112 113 -494 114 -275 -111 -274 -107 -106 -105 104 -103 -102 -101 108 109 110 -273 -272 271 253 252 249 -248 -247 -245 -244 -243 -238 237 -215 -214 213 -192 218 -191 219 -190 -223 222 -135
Segment 2 eval: start=PORT-583 end=PORT-581 stations=62 (optimize)
  Segment 2 order: 133 134 -132 -181 230 232 233 234 -235 231 -227 228 229 -180 -179 -154 -153 -157 -156 -155 -173 -172 174 175 -176 -177 171 -170 -169 -168 -167 -166 -165 -164 -163 -162 -161 -160 159 158 -150 -149 -148 -147 -146 -145 -144 -142 -9 -8 -141 -140 -139 151 -152 -138 -137 -136 -2 90 -94 -92
Segment 3 eval: start=PORT-581 end=PORT-591 stations=80 (optimize)
  Segment 3 order: 56 55 -54 -53 -52 -51 -50 -49 -48 -39 -38 -37 66 67 68 69 -36 -35 -32 -31 -29 -27 26 28 30 -33 -34 41 42 43 44 45 46 -40 47 396 397 -398 -395 -394 -393 -392 -391 -390 -389 -388 -387 402 -403 385 -384 -383 -382 -414 -413 412 -409 408 -410 411 380 378 -379 -377 -376 -375 374 -373 -372 -371 -370 369 359 360 -358 -353 -350 -349 -326 328
Segment 4 eval: start=PORT-591 end=PORT-593 stations=31 (optimize)
  Segment 4 order: -346 276 277 -343 -342 278 279 280 -341 281 -307 567 435 438 448 453 456 457 458 -455 -454 -452 -451 -450 -449 -444 -443 -442 -441 513 514
Segment 5 eval: start=PORT-593 end=PORT-591 stations=84 (optimize)
  Segment 5 order: -528 527 -576 577 -574 -573 -571 -570 -569 572 534 535 -536 537 538 539 544 545 546 547 -548 -549 -541 -540 -543 542 -568 -565 -564 566 563 -562 -561 -557 -556 282 283 -284 555 558 559 560 -554 553 550 551 552 285 286 287 288 289 290 -291 296 297 298 299 300 301 302 303 304 305 306 295 -294 -293 292 -310 -309 311 312 -313 314 315 316 317 318 319 320 340 344 345
Segment 6 eval: start=PORT-591 end=PORT-583 stations=90 (optimize)
  Segment 6 order: -347 333 334 335 336 337 338 339 321 323 324 325 -327 329 330 331 332 348 -361 -362 -363 -364 365 367 368 -426 -381 -425 417 -424 422 423 -421 -420 -419 -418 -416 415 404 405 406 -407 -399 -400 401 386 -62 -61 -60 58 -59 -57 -64 63 65 22 23 24 79 -77 -70 -76 71 74 -73 -72 -75 -78 80 81 82 83 84 85 -86 87 -88 89 -91 95 96 -480 -465 -464 505 437 436 512 -440 -506
Segment 7 eval: start=PORT-583 end=PORT-588 stations=52 (optimize)
  Segment 7 order: -178 -226 -182 -183 184 185 186 187 188 189 224 225 -221 220 217 -216 -100 -99 -208 -207 -206 209 210 211 -212 -195 -193 194 196 197 198 199 -200 201 205 256 257 259 258 -128 -127 126 -125 -124 -265 -264 -267 266 -123 -471 472 -122
Segment 8 eval: start=PORT-588 end=PORT-581 stations=34 (optimize)
  Segment 8 order: 118 473 481 469 470 -121 120 -119 -270 -269 -268 -263 -262 -261 260 254 255 129 130 131 -204 -203 -202 -251 -250 -246 98 -242 241 -240 -239 -236 -97 13
Segment 9 eval: start=PORT-581 end=PORT-591 stations=33 (optimize)
  Segment 9 order: -93 25 5 10 11 12 -14 18 -21 20 -19 -17 -16 -15 -143 6 -7 4 -3 -1 117 -116 115 -475 -474 466 -467 -479 -478 -476 477 483 308
Segment 10 eval: start=PORT-591 end=PORT-593 stations=25 (optimize)
  Segment 10 order: 366 -357 -356 -355 354 -352 -351 -322 -533 -532 -531 -530 -529 575 578 579 580 524 525 526 -523 -522 -521 -518 -517
Segment 11 eval: start=PORT-593 end=PORT-584 stations=32 (optimize)
  Segment 11 order: 515 516 -520 -519 -427 428 429 430 431 432 433 -434 447 -446 -445 439 -511 -510 -509 -508 -507 -504 -503 -488 -487 489 -482 493 -492 -491 -490 -502
Segment 12 eval: start=PORT-584 end=PORT-584 stations=8 (optimize)
  Segment 12 order: -485 -461 -459 460 -463 -484 462 -486
Segment 13 eval: start=PORT-584 end=BOAT-END stations=1 (optimize)
  Segment 13 order: 468
Cap boundary debug: PORT-583 -> [178 226 182 183 184 185 186 187 188 189 224 225 221 220 216 217 193 194 195 196 197 198 199 200 201 209 210 211 212 208 207 206 205 256 257 259 258 128 127 126 125 124 264 265 267 266 123 122 472 471 99 100] -> PORT-588 -> [118 119 120 121 270 269 268 262 261 260 254 255 251 250 246 242 241 240 239 236 97 98 130 129 131 204 203 202 263 470 469 473 481 13] -> PORT-581 | load_left=44179 load_right=43785 cap=45000
Set parameter Username
Set parameter LicenseID to value 2738882
Academic license - for non-commercial use only - expires 2026-11-14
Set parameter TimeLimit to value 360
Set parameter Seed to value 643759304
Set parameter Threads to value 4
Set parameter OutputFlag to value 1
Set parameter LogToConsole to value 1
Set parameter LazyConstraints to value 1
Gurobi Optimizer version 13.0.0 build v13.0.0rc1 (linux64 - "Debian GNU/Linux 13 (trixie)")

CPU model: AMD Ryzen 9 5950X 16-Core Processor, instruction set [SSE2|AVX|AVX2]
Thread count: 16 physical cores, 32 logical processors, using up to 4 threads

Non-default parameters:
TimeLimit  360
Seed  643759304
Threads  4
LazyConstraints  1

Optimize a model with 32722 rows, 92928 columns and 185844 nonzeros (Min)
Model fingerprint: 0x11c50f7c
Model has 30624 linear objective coefficients
Variable types: 61952 continuous, 30976 integer (30976 binary)
Coefficient statistics:
  Matrix range     [1e+00, 4e+04]
  Objective range  [3e-01, 1e+05]
  Bounds range     [1e+00, 4e+04]
  RHS range        [1e+00, 9e+03]
Presolve removed 1926 rows and 32116 columns
Presolve time: 0.32s
Presolved: 30796 rows, 60812 columns, 182043 nonzeros
Variable types: 30100 continuous, 30712 integer (30712 binary)
Root relaxation presolved: 30797 rows, 60812 columns, 187667 nonzeros

Deterministic concurrent LP optimizer: primal and dual simplex
Showing primal log only...

Concurrent spin time: 0.00s

Solved with primal simplex

Root relaxation: objective 7.554872e+02, 68181 iterations, 3.11 seconds (5.72 work units)

    Nodes    |    Current Node    |     Objective Bounds      |     Work
 Expl Unexpl |  Obj  Depth IntInf | Incumbent    BestBd   Gap | It/Node Time

     0     0  755.48716    0  258          -  755.48716      -     -    4s
H    0     0                    1821.5739083  755.48716  58.5%     -    4s
H    0     0                    1268.9433687  755.48716  40.5%     -    4s
H    0     0                    1228.0991812  755.48716  38.5%     -    4s
H    0     0                    1190.3880184  755.48716  36.5%     -    4s
H    0     0                    1189.9832317  755.48716  36.5%     -    5s
H    0     0                    1189.5792652  755.48716  36.5%     -    5s
H    0     0                    1148.0299991  755.48716  34.2%     -    6s
H    0     0                    1147.9953231  755.48716  34.2%     -    8s
H    0     0                    1100.8134822  755.48716  31.4%     -    8s
H    0     0                    1091.5368453  755.48716  30.8%     -    9s
H    0     0                    1078.8710554  755.48716  30.0%     -    9s
H    0     0                    1015.4325735  755.48716  25.6%     -    9s
     0     0  755.48716    0  258 1015.43257  755.48716  25.6%     -   10s
     0     0  755.94487    0  337 1015.43257  755.94487  25.6%     -   14s
H    0     0                    1001.8833986  756.61965  24.5%     -   15s
H    0     0                     980.6541455  756.61965  22.8%     -   15s
H    0     0                     968.3941755  756.61965  21.9%     -   15s
H    0     0                     965.9321725  756.61965  21.7%     -   15s
H    0     0                     962.5680571  756.61965  21.4%     -   15s
H    0     0                     959.7177713  756.61965  21.2%     -   15s
H    0     0                     950.9251186  756.61965  20.4%     -   15s
H    0     0                     929.4533798  756.61965  18.6%     -   16s
H    0     0                     924.8063970  756.61965  18.2%     -   16s
H    0     0                     912.7031327  756.61965  17.1%     -   17s
H    0     0                     908.6088256  756.61965  16.7%     -   17s
H    0     0                     908.5410206  756.61965  16.7%     -   17s
H    0     0                     908.3179637  756.61965  16.7%     -   18s
     0     0  758.05720    0  361  908.31796  758.05720  16.5%     -   21s
     0     0  758.05720    0  363  908.31796  758.05720  16.5%     -   22s
     0     0  759.35842    0  384  908.31796  759.35842  16.4%     -   29s
     0     0  759.38150    0  379  908.31796  759.38150  16.4%     -   29s
     0     0  759.38154    0  383  908.31796  759.38154  16.4%     -   29s
     0     0  760.30916    0  391  908.31796  760.30916  16.3%     -   35s
     0     0  760.48935    0  384  908.31796  760.48935  16.3%     -   36s
     0     0  760.59160    0  389  908.31796  760.59160  16.3%     -   36s
     0     0  760.59160    0  389  908.31796  760.59160  16.3%     -   36s
     0     0  760.73220    0  384  908.31796  760.73220  16.2%     -   39s
     0     0  760.73233    0  381  908.31796  760.73233  16.2%     -   39s
     0     0  760.95674    0  391  908.31796  760.95674  16.2%     -   41s
     0     0  760.95674    0  386  908.31796  760.95674  16.2%     -   42s
     0     0  761.21067    0  390  908.31796  761.21067  16.2%     -   45s
     0     0  761.21083    0  385  908.31796  761.21083  16.2%     -   46s
     0     0  761.51772    0  385  908.31796  761.51772  16.2%     -   48s
     0     0  761.51780    0  382  908.31796  761.51780  16.2%     -   48s
     0     0  761.51780    0  385  908.31796  761.51780  16.2%     -   50s
     0     0  761.63262    0  384  908.31796  761.63262  16.1%     -   50s
     0     0  761.63262    0  378  908.31796  761.63262  16.1%     -   54s
     0     0  761.63262    0  378  908.31796  761.63262  16.1%     -   54s
     0     0  761.63262    0  395  908.31796  761.63262  16.1%     -   57s
     0     0  761.63262    0  394  908.31796  761.63262  16.1%     -   58s
     0     0  761.63262    0  400  908.31796  761.63262  16.1%     -   58s
     0     0  761.65129    0  388  908.31796  761.65129  16.1%     -   62s
     0     0  761.65129    0  389  908.31796  761.65129  16.1%     -   63s
     0     0  761.69075    0  377  908.31796  761.69075  16.1%     -   67s
H    0     0                     888.9817592  761.69075  14.3%     -   67s
H    0     0                     888.0843393  761.69075  14.2%     -   68s
H    0     0                     885.0044618  761.69075  13.9%     -   68s
H    0     0                     875.1270188  761.69075  13.0%     -   69s
H    0     0                     873.6702950  761.69075  12.8%     -   70s
     0     0  761.69075    0  378  873.67029  761.69075  12.8%     -   71s
     0     0  761.69075    0  383  873.67029  761.69075  12.8%     -   73s
     0     0  761.69083    0  384  873.67029  761.69083  12.8%     -   73s
     0     0  761.69083    0  382  873.67029  761.69083  12.8%     -   75s
     0     0  761.69083    0  368  873.67029  761.69083  12.8%     -   76s
     0     0  761.69083    0  368  873.67029  761.69083  12.8%     -   77s
     0     0  761.69083    0  368  873.67029  761.69083  12.8%     -   77s
     0     0  761.69083    0  362  873.67029  761.69083  12.8%     -   78s
H    0     0                     872.7004860  761.69083  12.7%     -   83s
H    0     0                     865.0133997  761.69083  11.9%     -   83s
H    0     0                     863.2466497  761.69083  11.8%     -   83s
     0     2  762.28408    0  359  863.24665  762.28408  11.7%     -   89s
     1     4  762.28408    1  358  863.24665  762.28408  11.7%  1977   92s
     3     8  762.28408    2  370  863.24665  762.28408  11.7%  6007   98s
H    7    12                     859.2077504  762.28408  11.3%  7238  102s
    11    15  763.71696    4  340  859.20775  762.28408  11.3%  6641  108s
    14    18  763.99698    5  333  859.20775  762.28408  11.3%  6363  115s
    17    20  764.65229    6  354  859.20775  762.28408  11.3% 10225  122s
    19    21  764.92976    7  352  859.20775  762.28408  11.3%  9433  130s
    20    22  765.25093    8  347  859.20775  762.28408  11.3%  9292  139s
    21    26  771.01334    7  344  859.20775  762.28408  11.3%  9685  147s
H   25    30                     859.2077502  762.28408  11.3%  9160  154s
H   27    30                     859.2077493  762.28408  11.3%  8609  154s
    29    36  772.86036    9  318  859.20775  762.28408  11.3%  8624  161s
    35    39  772.84331    9  320  859.20775  762.28408  11.3%  8071  170s
H   39    39                     859.2077491  762.28408  11.3%  7449  170s
    40    43  773.17427   10  314  859.20775  762.28408  11.3%  7455  179s
H   43    43                     858.5739358  762.28408  11.2%  7331  179s
H   44    48                     856.3878212  762.28408  11.0%  7285  188s
    49    51 infeasible   12       856.38782  762.28408  11.0%  7130  196s
H   50    51                     835.6566467  762.28408  8.78%  6988  196s
    54    62  789.40953   13  283  835.65665  762.28408  8.78%  6650  205s
    66    63  770.86740   12  362  835.65665  762.28408  8.78%  5757  245s
H   67    60                     835.2066369  762.28408  8.73%  5671  249s
    68    60  783.62021   17  310  835.20664  762.28408  8.73%  5588  251s
H   68    57                     832.9332995  762.28408  8.48%  5588  258s
H   68    54                     832.9332988  762.28408  8.48%  5588  260s
H   68    51                     832.2378195  762.28408  8.41%  5588  261s
H   68    49                     832.2378191  762.28408  8.41%  5588  263s
    70    51  762.79310    4  362  832.23782  762.28408  8.41%  5428  265s
    74    53  782.41620   16  370  832.23782  762.28408  8.41%  5134  271s
    75    54  778.05900    8  374  832.23782  775.87649  6.77%  5066  277s
    78    56  778.05900    6  364  832.23782  776.53127  6.69%  4871  281s
    80    57  782.33994    7  378  832.23782  782.33994  6.00%  4749  285s
    86    62  790.14028    7  310  832.23782  790.14028  5.06%  6209  292s
H   86    58                     832.2378168  790.14028  5.06%  6209  297s
    90    61  790.35012   13  364  832.23782  790.35012  5.03%  5933  300s
    94    64  804.30960   15  398  832.23782  804.30960  3.36%  5681  305s
   101    69  806.85837   15  306  832.23782  806.85837  3.05%  6266  310s
   108    74  812.04106   12  352  832.23782  812.04106  2.43%  5860  315s
   122    85  814.22024   14  365  832.23782  814.22024  2.16%  5624  321s
   136    95  817.45883    6  318  832.23782  817.45883  1.78%  5523  325s
   154   107  818.81709    4  366  832.23782  818.81709  1.61%  4878  330s
H  163   106                     832.2378158  819.14965  1.57%  4608  334s
   166   108  819.14965   12  351  832.23782  819.14965  1.57%  4525  335s
   176   116  819.20062   17  370  832.23782  819.20062  1.57%  4711  340s
   197   130  821.14320   17  363  832.23782  821.14320  1.33%  4209  345s
   211   141  821.15282    3  381  832.23782  821.15282  1.33%  4218  350s
   232   160  821.27847   84  403  832.23782  821.25226  1.32%  4036  355s
H  297   196                     832.2378103  821.25226  1.32%  3446  359s

Cutting planes:
  Gomory: 13
  Cover: 36
  Implied bound: 95
  Projected implied bound: 12
  MIR: 33
  Flow cover: 93
  GUB cover: 4
  Zero half: 41
  RLT: 4
  Relax-and-lift: 12
  BQP: 1

Explored 305 nodes (1183320 simplex iterations) in 360.00 seconds (899.76 work units)
Thread count was 4 (of 32 available processors)

Solution count 10: 832.238 832.238 832.933 ... 859.208

Time limit reached
Best objective 8.322378102811e+02, best bound 8.212522625740e+02, gap 1.3200%

User-callback calls 73906, time in user-callback 0.02 sec
Cap boundary opt: PORT-588 stations=86 obj=832.238 real=832.238 baseline=972.294
Set parameter Username
Set parameter LicenseID to value 2738882
Academic license - for non-commercial use only - expires 2026-11-14
Segment 1 eval: start=BOAT-0 end=PORT-583 stations=48 (optimize)
  Segment 1 order: -501 -500 -499 -498 -497 -496 -495 112 113 -494 114 -275 -111 -274 -107 -106 -105 104 -103 -102 -101 108 109 110 -273 -272 271 253 252 249 -248 -247 -245 -244 -243 -238 237 -215 -214 213 -192 218 -191 219 -190 -223 222 -135
Segment 2 eval: start=PORT-583 end=PORT-581 stations=62 (optimize)
  Segment 2 order: 133 134 -132 -181 230 232 233 234 -235 231 -227 228 229 -180 -179 -154 -153 -157 -156 -155 -173 -172 174 175 -176 -177 171 -170 -169 -168 -167 -166 -165 -164 -163 -162 -161 -160 159 158 -150 -149 -148 -147 -146 -145 -144 -142 -9 -8 -141 -140 -139 151 -152 -138 -137 -136 -2 90 -94 -92
Segment 3 eval: start=PORT-581 end=PORT-591 stations=80 (optimize)
  Segment 3 order: 56 55 -54 -53 -52 -51 -50 -49 -48 -39 -38 -37 66 67 68 69 -36 -35 -32 -31 -29 -27 26 28 30 -33 -34 41 42 43 44 45 46 -40 47 396 397 -398 -395 -394 -393 -392 -391 -390 -389 -388 -387 402 -403 385 -384 -383 -382 -414 -413 412 -409 408 -410 411 380 378 -379 -377 -376 -375 374 -373 -372 -371 -370 369 359 360 -358 -353 -350 -349 -326 328
Segment 4 eval: start=PORT-591 end=PORT-593 stations=31 (optimize)
  Segment 4 order: -346 276 277 -343 -342 278 279 280 -341 281 -307 567 435 438 448 453 456 457 458 -455 -454 -452 -451 -450 -449 -444 -443 -442 -441 513 514
Segment 5 eval: start=PORT-593 end=PORT-591 stations=84 (optimize)
  Segment 5 order: -528 527 -576 577 -574 -573 -571 -570 -569 572 534 535 -536 537 538 539 544 545 546 547 -548 -549 -541 -540 -543 542 -568 -565 -564 566 563 -562 -561 -557 -556 282 283 -284 555 558 559 560 -554 553 550 551 552 285 286 287 288 289 290 -291 296 297 298 299 300 301 302 303 304 305 306 295 -294 -293 292 -310 -309 311 312 -313 314 315 316 317 318 319 320 340 344 345
Segment 6 eval: start=PORT-591 end=PORT-583 stations=90 (optimize)
  Segment 6 order: -347 333 334 335 336 337 338 339 321 323 324 325 -327 329 330 331 332 348 -361 -362 -363 -364 365 367 368 -426 -381 -425 417 -424 422 423 -421 -420 -419 -418 -416 415 404 405 406 -407 -399 -400 401 386 -62 -61 -60 58 -59 -57 -64 63 65 22 23 24 79 -77 -70 -76 71 74 -73 -72 -75 -78 80 81 82 83 84 85 -86 87 -88 89 -91 95 96 -480 -465 -464 505 437 436 512 -440 -506
Segment 7 eval: start=PORT-583 end=PORT-588 stations=38 (optimize)
  Segment 7 order: 97 236 239 240 -241 242 98 99 100 246 250 251 208 209 210 211 -212 198 199 202 203 204 -131 -129 130 -256 257 259 258 -128 -127 126 -125 -124 -264 268 269 270
Segment 8 eval: start=PORT-588 end=PORT-581 stations=48 (optimize)
  Segment 8 order: 118 119 -120 121 122 473 481 469 470 -471 472 123 -266 -267 -265 -263 -262 -261 260 254 255 207 206 -205 -201 200 -197 -196 -195 -194 -193 -217 -216 -220 221 -225 -224 -189 -188 -187 -186 -185 -184 183 182 226 178 13
Segment 9 eval: start=PORT-581 end=PORT-591 stations=33 (optimize)
  Segment 9 order: -93 25 5 10 11 12 -14 18 -21 20 -19 -17 -16 -15 -143 6 -7 4 -3 -1 117 -116 115 -475 -474 466 -467 -479 -478 -476 477 483 308
Segment 10 eval: start=PORT-591 end=PORT-593 stations=25 (optimize)
  Segment 10 order: 366 -357 -356 -355 354 -352 -351 -322 -533 -532 -531 -530 -529 575 578 579 580 524 525 526 -523 -522 -521 -518 -517
Segment 11 eval: start=PORT-593 end=PORT-584 stations=32 (optimize)
  Segment 11 order: 515 516 -520 -519 -427 428 429 430 431 432 433 -434 447 -446 -445 439 -511 -510 -509 -508 -507 -504 -503 -488 -487 489 -482 493 -492 -491 -490 -502
Segment 12 eval: start=PORT-584 end=PORT-584 stations=8 (optimize)
  Segment 12 order: -485 -461 -459 460 -463 -484 462 -486
Segment 13 eval: start=PORT-584 end=BOAT-END stations=1 (optimize)
  Segment 13 order: 468
Cap boundary debug: PORT-588 -> [118 119 120 121 122 473 481 469 470 471 472 123 266 267 265 263 262 261 260 254 255 207 206 205 201 200 197 196 195 194 193 217 216 220 221 225 224 189 188 187 186 185 184 183 182 226 178 13] -> PORT-581 -> [93 25 4 3 1 7 6 5 10 11 12 14 15 16 17 18 21 19 20 143 117 116 115 476 477 478 479 474 475 466 467 483 308] -> PORT-591 | load_left=44307 load_right=43983 cap=45000
Set parameter Username
Set parameter LicenseID to value 2738882
Academic license - for non-commercial use only - expires 2026-11-14
Set parameter TimeLimit to value 360
Set parameter Seed to value 656576245
Set parameter Threads to value 4
Set parameter OutputFlag to value 1
Set parameter LogToConsole to value 1
Set parameter LazyConstraints to value 1
Gurobi Optimizer version 13.0.0 build v13.0.0rc1 (linux64 - "Debian GNU/Linux 13 (trixie)")

CPU model: AMD Ryzen 9 5950X 16-Core Processor, instruction set [SSE2|AVX|AVX2]
Thread count: 16 physical cores, 32 logical processors, using up to 4 threads

Non-default parameters:
TimeLimit  360
Seed  656576245
Threads  4
LazyConstraints  1

Optimize a model with 29202 rows, 82668 columns and 165324 nonzeros (Min)
Model fingerprint: 0x60a1462d
Model has 27224 linear objective coefficients
Variable types: 55112 continuous, 27556 integer (27556 binary)
Coefficient statistics:
  Matrix range     [1e+00, 4e+04]
  Objective range  [3e-01, 1e+05]
  Bounds range     [1e+00, 4e+04]
  RHS range        [1e+00, 1e+04]
Presolve removed 1816 rows and 28631 columns
Presolve time: 0.27s
Presolved: 27386 rows, 54037 columns, 161761 nonzeros
Variable types: 26730 continuous, 27307 integer (27307 binary)
Root relaxation presolved: 27386 rows, 54037 columns, 161761 nonzeros

Deterministic concurrent LP optimizer: primal and dual simplex
Showing primal log only...

Concurrent spin time: 0.00s

Solved with primal simplex

Root relaxation: objective 1.160537e+03, 31569 iterations, 1.13 seconds (2.26 work units)

    Nodes    |    Current Node    |     Objective Bounds      |     Work
 Expl Unexpl |  Obj  Depth IntInf | Incumbent    BestBd   Gap | It/Node Time

     0     0 1160.53726    0  320          - 1160.53726      -     -    1s
H    0     0                    1563.0476074 1160.53726  25.8%     -    7s
H    0     0                    1528.0439930 1160.53726  24.1%     -   14s
     0     0 1167.56323    0  340 1528.04399 1167.56323  23.6%     -   17s
H    0     0                    1526.2436911 1167.58258  23.5%     -   17s
H    0     0                    1517.5213989 1167.58258  23.1%     -   18s
H    0     0                    1498.6643006 1167.58258  22.1%     -   20s
H    0     0                    1497.7002413 1167.58258  22.0%     -   20s
H    0     0                    1488.4036360 1167.58258  21.6%     -   20s
H    0     0                    1488.0364401 1167.58258  21.5%     -   21s
H    0     0                    1474.7206433 1167.58258  20.8%     -   22s
H    0     0                    1473.0829592 1167.58258  20.7%     -   22s
     0     0 1167.63907    0  347 1473.08296 1167.63907  20.7%     -   23s
     0     0 1167.63940    0  347 1473.08296 1167.63940  20.7%     -   23s
     0     0 1170.01025    0  357 1473.08296 1170.01025  20.6%     -   25s
     0     0 1170.12374    0  355 1473.08296 1170.12374  20.6%     -   25s
     0     0 1170.12514    0  358 1473.08296 1170.12514  20.6%     -   25s
     0     0 1170.14476    0  355 1473.08296 1170.14476  20.6%     -   25s
     0     0 1170.14506    0  356 1473.08296 1170.14506  20.6%     -   25s
     0     0 1172.48611    0  338 1473.08296 1172.48611  20.4%     -   30s
     0     0 1172.97863    0  337 1473.08296 1172.97863  20.4%     -   30s
     0     0 1173.00276    0  344 1473.08296 1173.00276  20.4%     -   30s
     0     0 1173.00291    0  340 1473.08296 1173.00291  20.4%     -   30s
     0     0 1174.09145    0  365 1473.08296 1174.09145  20.3%     -   34s
     0     0 1174.12257    0  361 1473.08296 1174.12257  20.3%     -   34s
     0     0 1174.12257    0  363 1473.08296 1174.12257  20.3%     -   34s
     0     0 1174.29452    0  369 1473.08296 1174.29452  20.3%     -   36s
     0     0 1174.31524    0  376 1473.08296 1174.31524  20.3%     -   36s
     0     0 1174.31524    0  369 1473.08296 1174.31524  20.3%     -   36s
     0     0 1174.40974    0  366 1473.08296 1174.40974  20.3%     -   37s
     0     0 1174.41712    0  360 1473.08296 1174.41712  20.3%     -   37s
     0     0 1174.41717    0  368 1473.08296 1174.41717  20.3%     -   38s
     0     0 1174.70609    0  381 1473.08296 1174.70609  20.3%     -   39s
     0     0 1174.71265    0  382 1473.08296 1174.71265  20.3%     -   39s
     0     0 1174.71265    0  382 1473.08296 1174.71265  20.3%     -   39s
     0     0 1174.73100    0  380 1473.08296 1174.73100  20.3%     -   41s
     0     0 1174.73115    0  381 1473.08296 1174.73115  20.3%     -   41s
     0     0 1174.89807    0  380 1473.08296 1174.89807  20.2%     -   42s
     0     0 1174.90580    0  378 1473.08296 1174.90580  20.2%     -   43s
     0     0 1174.90602    0  381 1473.08296 1174.90602  20.2%     -   43s
     0     0 1174.94688    0  365 1473.08296 1174.94688  20.2%     -   44s
     0     0 1174.96826    0  372 1473.08296 1174.96826  20.2%     -   44s
     0     0 1174.96826    0  370 1473.08296 1174.96826  20.2%     -   46s
     0     0 1174.96826    0  375 1473.08296 1174.96826  20.2%     -   46s
     0     0 1174.96826    0  372 1473.08296 1174.96826  20.2%     -   47s
     0     0 1174.96826    0  360 1473.08296 1174.96826  20.2%     -   48s
     0     0 1174.96826    0  360 1473.08296 1174.96826  20.2%     -   48s
     0     0 1174.96826    0  360 1473.08296 1174.96826  20.2%     -   48s
     0     0 1174.96826    0  355 1473.08296 1174.96826  20.2%     -   49s
     0     2 1179.67206    0  355 1473.08296 1179.67206  19.9%     -   52s
     3     8 1179.67206    2  354 1473.08296 1179.67206  19.9%  1960   55s
    39    44 1179.67206    6  317 1473.08296 1179.67206  19.9%   729   60s
H   72    77                    1467.4969533 1179.67206  19.6%   941   65s
   110   115 1189.07498   16  274 1467.49695 1179.67206  19.6%   935   70s
H  124   126                    1466.7307851 1179.67206  19.6%   908   72s
   169   189 1201.11213   33  285 1466.73079 1179.67206  19.6%   834   76s
   298   330 1210.10409   59  276 1466.73079 1179.67206  19.6%   604   80s
   419   457 1230.32490  107  246 1466.73079 1179.67206  19.6%   510   85s
   537   556 1237.58954  117  244 1466.73079 1179.67206  19.6%   491   90s
H  593   598                    1462.5951517 1179.67206  19.3%   514   94s
H  597   602                    1459.2349341 1179.67206  19.2%   518   96s
H  599   602                    1454.0940063 1179.67206  18.9%   517   96s
   672   717 1241.35183  140  220 1454.09401 1179.67206  18.9%   499  100s
   807   829 1245.69820  175  224 1454.09401 1179.67206  18.9%   473  105s
H  827   829                    1448.7218164 1179.67206  18.6%   474  105s
   911   961 1250.86798  211  220 1448.72182 1179.67206  18.6%   471  110s
H 1023  1026                    1411.1244293 1179.67206  16.4%   462  114s
  1025  1096 1253.52337  239  234 1411.12443 1179.67206  16.4%   463  116s
  1149  1245 1255.54907  267  197 1411.12443 1179.67206  16.4%   455  121s
H 1338  1404                    1384.0482785 1179.67206  14.8%   426  125s
  1502  1627 1261.21204  348  230 1384.04828 1179.67206  14.8%   403  130s
  1950  2033 1273.20922  428  177 1384.04828 1179.67206  14.8%   356  138s
H 2037  2033                    1382.4029569 1179.67206  14.7%   352  138s
  2038  2037 1276.52762  454  216 1382.40296 1179.67206  14.7%   352  142s
H 2040  2037                    1378.1225297 1179.67206  14.4%   352  142s
  2042  2209 1275.73572  454  207 1378.12253 1179.67206  14.4%   352  147s
  2220  2356 1280.25852  506  223 1378.12253 1179.67206  14.4%   341  150s
  2659  2842 1285.92548  590  206 1378.12253 1179.67206  14.4%   308  157s
  2864  2957 1289.67844  671  200 1378.12253 1179.67206  14.4%   298  160s
  3037  3108 1321.22698  769  207 1378.12253 1179.67206  14.4%   299  167s
H 3063  3106                    1373.7349739 1179.67206  14.1%   299  167s
H 3076  3103                    1370.3641067 1179.67206  13.9%   301  167s
  3131  3208 1316.46809  795  170 1370.36411 1179.67206  13.9%   299  170s
  3471  3587 1179.67206    4  344 1370.36411 1179.67206  13.9%   291  177s
  3627  3588 1299.99397  291  355 1370.36411 1179.67206  13.9%   288  214s
  3629  3589 1273.08458  189  317 1370.36411 1179.67206  13.9%   288  220s
H 3629  3409                    1365.9765510 1179.67206  13.6%   288  227s
H 3629  3238                    1361.2544007 1179.67206  13.3%   288  227s
H 3629  3076                    1359.0365050 1179.67206  13.2%   288  228s
H 3629  2923                    1355.7742070 1179.67206  13.0%   288  230s
  3633  2926 1249.48876  198  361 1355.77421 1179.67206  13.0%   288  236s
  3634  2927 1198.12213   27  356 1355.77421 1179.67206  13.0%   288  245s
  3638  2929 1308.15595  422  369 1355.77421 1181.92294  12.8%   287  252s
  3640  2931 1242.74326   95  364 1355.77421 1181.96605  12.8%   287  255s
H 3640  2784                    1353.8616926 1182.76284  12.6%   287  259s
H 3640  2644                    1353.8192121 1182.76284  12.6%   287  259s
H 3640  2512                    1352.0882543 1182.76284  12.5%   287  259s
H 3640  2386                    1352.0882510 1182.76284  12.5%   287  260s
  3643  2388 1288.12043  260  352 1352.08825 1183.52496  12.5%   287  268s
  3645  2389 1328.38338  591  365 1352.08825 1183.61613  12.5%   287  271s
  3646  2390 1309.66318  459  365 1352.08825 1184.80808  12.4%   287  276s
  3649  2392 1294.13986  149  386 1352.08825 1184.80808  12.4%   286  281s
H 3649  2272                    1349.4741776 1186.07331  12.1%   286  286s
H 3649  2158                    1346.2158562 1186.07331  11.9%   286  287s
H 3649  2050                    1345.8366977 1186.07331  11.9%   286  289s
  3650  2050 1280.58406  404  335 1345.83670 1186.07331  11.9%   286  292s
  3652  2052 1312.88560  466  357 1345.83670 1186.24593  11.9%   286  295s
  3654  2053 1316.49215  356  363 1345.83670 1187.68637  11.8%   286  300s
  3656  2054 1309.90021  458  363 1345.83670 1188.82971  11.7%   286  306s
  3660  2057 1345.83670  873  349 1345.83670 1188.82971  11.7%   286  317s
  3661  2058 1270.99040  257  359 1345.83670 1188.82971  11.7%   286  320s
  3662  2058 1296.18251  389  353 1345.83670 1188.82971  11.7%   285  328s
  3663  2059 1285.23794  167  345 1345.83670 1188.82971  11.7%   285  331s
  3664  2060 1307.66159  449  358 1345.83670 1188.84503  11.7%   285  335s
  3666  2061 1307.23459  377  348 1345.83670 1191.76368  11.4%   285  343s
  3668  2062 1211.66892   48  379 1345.83670 1191.76368  11.4%   285  346s
  3670  2064 1345.83670  663  373 1345.83670 1191.76368  11.4%   285  359s

Cutting planes:
  Cover: 19
  Implied bound: 133
  Projected implied bound: 8
  MIR: 52
  Flow cover: 114
  GUB cover: 2
  Zero half: 35
  RLT: 7
  Relax-and-lift: 140
  BQP: 1

Explored 3670 nodes (1355185 simplex iterations) in 360.00 seconds (956.60 work units)
Thread count was 4 (of 32 available processors)

Solution count 10: 1345.84 1346.22 1349.47 ... 1365.98

Time limit reached
Best objective 1.345836697741e+03, best bound 1.191763676313e+03, gap 11.4481%

User-callback calls 52396, time in user-callback 0.01 sec
Cap boundary opt: PORT-581 stations=81 obj=1345.837 real=1345.837 baseline=1443.664
Set parameter Username
Set parameter LicenseID to value 2738882
Academic license - for non-commercial use only - expires 2026-11-14
Segment 1 eval: start=BOAT-0 end=PORT-583 stations=48 (optimize)
  Segment 1 order: -501 -500 -499 -498 -497 -496 -495 112 113 -494 114 -275 -111 -274 -107 -106 -105 104 -103 -102 -101 108 109 110 -273 -272 271 253 252 249 -248 -247 -245 -244 -243 -238 237 -215 -214 213 -192 218 -191 219 -190 -223 222 -135
Segment 2 eval: start=PORT-583 end=PORT-581 stations=62 (optimize)
  Segment 2 order: 133 134 -132 -181 230 232 233 234 -235 231 -227 228 229 -180 -179 -154 -153 -157 -156 -155 -173 -172 174 175 -176 -177 171 -170 -169 -168 -167 -166 -165 -164 -163 -162 -161 -160 159 158 -150 -149 -148 -147 -146 -145 -144 -142 -9 -8 -141 -140 -139 151 -152 -138 -137 -136 -2 90 -94 -92
Segment 3 eval: start=PORT-581 end=PORT-591 stations=80 (optimize)
  Segment 3 order: 56 55 -54 -53 -52 -51 -50 -49 -48 -39 -38 -37 66 67 68 69 -36 -35 -32 -31 -29 -27 26 28 30 -33 -34 41 42 43 44 45 46 -40 47 396 397 -398 -395 -394 -393 -392 -391 -390 -389 -388 -387 402 -403 385 -384 -383 -382 -414 -413 412 -409 408 -410 411 380 378 -379 -377 -376 -375 374 -373 -372 -371 -370 369 359 360 -358 -353 -350 -349 -326 328
Segment 4 eval: start=PORT-591 end=PORT-593 stations=31 (optimize)
  Segment 4 order: -346 276 277 -343 -342 278 279 280 -341 281 -307 567 435 438 448 453 456 457 458 -455 -454 -452 -451 -450 -449 -444 -443 -442 -441 513 514
Segment 5 eval: start=PORT-593 end=PORT-591 stations=84 (optimize)
  Segment 5 order: -528 527 -576 577 -574 -573 -571 -570 -569 572 534 535 -536 537 538 539 544 545 546 547 -548 -549 -541 -540 -543 542 -568 -565 -564 566 563 -562 -561 -557 -556 282 283 -284 555 558 559 560 -554 553 550 551 552 285 286 287 288 289 290 -291 296 297 298 299 300 301 302 303 304 305 306 295 -294 -293 292 -310 -309 311 312 -313 314 315 316 317 318 319 320 340 344 345
Segment 6 eval: start=PORT-591 end=PORT-583 stations=90 (optimize)
  Segment 6 order: -347 333 334 335 336 337 338 339 321 323 324 325 -327 329 330 331 332 348 -361 -362 -363 -364 365 367 368 -426 -381 -425 417 -424 422 423 -421 -420 -419 -418 -416 415 404 405 406 -407 -399 -400 401 386 -62 -61 -60 58 -59 -57 -64 63 65 22 23 24 79 -77 -70 -76 71 74 -73 -72 -75 -78 80 81 82 83 84 85 -86 87 -88 89 -91 95 96 -480 -465 -464 505 437 436 512 -440 -506
Segment 7 eval: start=PORT-583 end=PORT-588 stations=38 (optimize)
  Segment 7 order: 97 236 239 240 -241 242 98 99 100 246 250 251 208 209 210 211 -212 198 199 202 203 204 -131 -129 130 -256 257 259 258 -128 -127 126 -125 -124 -264 268 269 270
Segment 8 eval: start=PORT-588 end=PORT-581 stations=50 (optimize)
  Segment 8 order: 118 -117 -116 115 476 477 478 475 -474 -473 119 120 123 267 -262 -261 254 207 -206 -201 -196 -194 -193 -217 -189 -188 -187 -186 -185 -184 183 182 178 1 3 4 5 10 11 12 13 14 143 15 16 17 18 -21 19 -20
Segment 9 eval: start=PORT-581 end=PORT-591 stations=31 (optimize)
  Segment 9 order: -93 -25 6 7 -226 -224 225 -221 220 -216 195 197 200 205 -255 -260 263 265 266 121 122 -472 471 -470 -469 -467 -466 -479 481 483 308
Segment 10 eval: start=PORT-591 end=PORT-593 stations=25 (optimize)
  Segment 10 order: 366 -357 -356 -355 354 -352 -351 -322 -533 -532 -531 -530 -529 575 578 579 580 524 525 526 -523 -522 -521 -518 -517
Segment 11 eval: start=PORT-593 end=PORT-584 stations=32 (optimize)
  Segment 11 order: 515 516 -520 -519 -427 428 429 430 431 432 433 -434 447 -446 -445 439 -511 -510 -509 -508 -507 -504 -503 -488 -487 489 -482 493 -492 -491 -490 -502
Segment 12 eval: start=PORT-584 end=PORT-584 stations=8 (optimize)
  Segment 12 order: -485 -461 -459 460 -463 -484 462 -486
Segment 13 eval: start=PORT-584 end=BOAT-END stations=1 (optimize)
  Segment 13 order: 468
Cap boundary debug: PORT-581 -> [93 25 6 7 226 224 225 221 220 216 195 197 200 205 255 260 263 265 266 121 122 472 471 470 469 467 466 479 481 483 308] -> PORT-591 -> [322 351 352 354 355 356 357 366 533 532 531 530 529 526 525 524 580 579 521 522 523 578 575 518 517] -> PORT-593 | load_left=44270 load_right=43948 cap=45000
Set parameter Username
Set parameter LicenseID to value 2738882
Academic license - for non-commercial use only - expires 2026-11-14
Set parameter TimeLimit to value 360
Set parameter Seed to value 1917974776
Set parameter Threads to value 4
Set parameter OutputFlag to value 1
Set parameter LogToConsole to value 1
Set parameter LazyConstraints to value 1
Gurobi Optimizer version 13.0.0 build v13.0.0rc1 (linux64 - "Debian GNU/Linux 13 (trixie)")

CPU model: AMD Ryzen 9 5950X 16-Core Processor, instruction set [SSE2|AVX|AVX2]
Thread count: 16 physical cores, 32 logical processors, using up to 4 threads

Non-default parameters:
TimeLimit  360
Seed  1917974776
Threads  4
LazyConstraints  1

Optimize a model with 14602 rows, 40368 columns and 80724 nonzeros (Min)
Model fingerprint: 0x08a0f3a8
Model has 13224 linear objective coefficients
Variable types: 26912 continuous, 13456 integer (13456 binary)
Coefficient statistics:
  Matrix range     [1e+00, 4e+04]
  Objective range  [5e-01, 1e+05]
  Bounds range     [1e+00, 4e+04]
  RHS range        [1e+00, 1e+04]
Presolve removed 1266 rows and 14206 columns
Presolve time: 0.14s
Presolved: 13336 rows, 26162 columns, 78331 nonzeros
Variable types: 12880 continuous, 13282 integer (13282 binary)

Root relaxation: objective 1.123231e+03, 33650 iterations, 3.06 seconds (8.43 work units)

    Nodes    |    Current Node    |     Objective Bounds      |     Work
 Expl Unexpl |  Obj  Depth IntInf | Incumbent    BestBd   Gap | It/Node Time

     0     0 1123.23070    0  226          - 1123.23070      -     -    3s
H    0     0                    201682.05094 1123.23070  99.4%     -    3s
H    0     0                    201677.18014 1123.23070  99.4%     -    3s
H    0     0                    201676.07548 1123.23070  99.4%     -    3s
H    0     0                    201676.05494 1123.23070  99.4%     -    3s
H    0     0                    201667.02080 1123.23070  99.4%     -    3s
H    0     0                    201663.45014 1123.23070  99.4%     -    3s
H    0     0                    101465.13809 1123.23070  98.9%     -    3s
H    0     0                    1528.1108671 1123.23070  26.5%     -    3s
     0     0 1168.90619    0  250 1528.11087 1168.90619  23.5%     -    4s
     0     0 1174.76870    0  286 1528.11087 1174.76870  23.1%     -    5s
     0     0 1174.76870    0  250 1528.11087 1174.76870  23.1%     -    7s
H    0     0                    1520.8049746 1174.76870  22.8%     -    7s
     0     0 1174.79352    0  289 1520.80497 1174.79352  22.8%     -    8s
H    0     0                    1513.7231704 1174.83865  22.4%     -    8s
H    0     0                    1406.8614103 1174.83865  16.5%     -    8s
H    0     0                    1401.5487613 1174.83865  16.2%     -    8s
H    0     0                    1383.8147238 1174.83865  15.1%     -    8s
H    0     0                    1379.7294899 1174.83865  14.9%     -    8s
H    0     0                    1377.6108240 1174.83865  14.7%     -    9s
H    0     0                    1371.5260277 1174.83865  14.3%     -    9s
H    0     0                    1368.0255185 1174.83865  14.1%     -    9s
     0     0 1175.28609    0  286 1368.02552 1175.28609  14.1%     -    9s
     0     0 1175.28693    0  287 1368.02552 1175.28693  14.1%     -    9s
     0     0 1176.71123    0  291 1368.02552 1176.71123  14.0%     -   10s
     0     0 1176.72079    0  292 1368.02552 1176.72079  14.0%     -   10s
     0     0 1176.72079    0  289 1368.02552 1176.72079  14.0%     -   10s
     0     0 1181.08304    0  300 1368.02552 1181.08304  13.7%     -   11s
     0     0 1181.10569    0  301 1368.02552 1181.10569  13.7%     -   11s
     0     0 1181.11636    0  301 1368.02552 1181.11636  13.7%     -   11s
     0     0 1181.11636    0  303 1368.02552 1181.11636  13.7%     -   11s
     0     0 1185.80810    0  307 1368.02552 1185.80810  13.3%     -   13s
     0     0 1185.85647    0  309 1368.02552 1185.85647  13.3%     -   13s
     0     0 1185.85647    0  301 1368.02552 1185.85647  13.3%     -   13s
     0     0 1185.86683    0  307 1368.02552 1185.86683  13.3%     -   13s
     0     0 1185.86699    0  307 1368.02552 1185.86699  13.3%     -   13s
     0     0 1186.55480    0  295 1368.02552 1186.55480  13.3%     -   14s
     0     0 1186.56140    0  297 1368.02552 1186.56140  13.3%     -   14s
     0     0 1186.56140    0  289 1368.02552 1186.56140  13.3%     -   14s
     0     0 1186.56571    0  289 1368.02552 1186.56571  13.3%     -   14s
     0     0 1186.56956    0  285 1368.02552 1186.56956  13.3%     -   14s
     0     0 1186.57323    0  293 1368.02552 1186.57323  13.3%     -   14s
     0     0 1186.57580    0  301 1368.02552 1186.57580  13.3%     -   15s
     0     0 1186.58520    0  295 1368.02552 1186.58520  13.3%     -   15s
     0     0 1186.58520    0  295 1368.02552 1186.58520  13.3%     -   15s
     0     0 1186.58520    0  295 1368.02552 1186.58520  13.3%     -   15s
     0     0 1186.58520    0  295 1368.02552 1186.58520  13.3%     -   15s
     0     0 1186.59553    0  251 1368.02552 1186.59553  13.3%     -   17s
H    0     0                    1367.8500634 1186.59553  13.3%     -   17s
     0     0 1186.59553    0  289 1367.85006 1186.59553  13.3%     -   18s
     0     0 1186.59553    0  300 1367.85006 1186.59553  13.3%     -   19s
     0     0 1186.61498    0  295 1367.85006 1186.61498  13.2%     -   19s
     0     0 1186.68903    0  297 1367.85006 1186.68903  13.2%     -   19s
     0     0 1186.69085    0  299 1367.85006 1186.69085  13.2%     -   19s
     0     0 1186.72241    0  301 1367.85006 1186.72241  13.2%     -   19s
     0     0 1186.72778    0  301 1367.85006 1186.72778  13.2%     -   20s
     0     0 1187.17954    0  275 1367.85006 1187.17954  13.2%     -   20s
     0     0 1187.18232    0  270 1367.85006 1187.18232  13.2%     -   21s
     0     0 1187.21903    0  276 1367.85006 1187.21903  13.2%     -   21s
     0     0 1187.23810    0  273 1367.85006 1187.23810  13.2%     -   22s
     0     0 1188.22524    0  269 1367.85006 1188.22524  13.1%     -   22s
     0     0 1188.24693    0  276 1367.85006 1188.24693  13.1%     -   22s
     0     0 1188.24693    0  276 1367.85006 1188.24693  13.1%     -   22s
     0     0 1188.25993    0  286 1367.85006 1188.25993  13.1%     -   23s
     0     0 1188.26405    0  282 1367.85006 1188.26405  13.1%     -   23s
     0     0 1188.34394    0  285 1367.85006 1188.34394  13.1%     -   23s
     0     0 1188.34923    0  283 1367.85006 1188.34923  13.1%     -   23s
     0     0 1188.34923    0  283 1367.85006 1188.34923  13.1%     -   23s
     0     0 1188.53797    0  277 1367.85006 1188.53797  13.1%     -   23s
     0     0 1188.54884    0  280 1367.85006 1188.54884  13.1%     -   23s
     0     0 1188.54884    0  281 1367.85006 1188.54884  13.1%     -   23s
     0     0 1188.54884    0  285 1367.85006 1188.54884  13.1%     -   24s
     0     0 1188.55104    0  283 1367.85006 1188.55104  13.1%     -   24s
     0     0 1188.55104    0  281 1367.85006 1188.55104  13.1%     -   24s
     0     0 1188.56314    0  281 1367.85006 1188.56314  13.1%     -   24s
     0     0 1188.56314    0  276 1367.85006 1188.56314  13.1%     -   24s
     0     2 1188.56314    0  272 1367.85006 1188.56314  13.1%     -   25s
    75    80 1199.03807   15  208 1367.85006 1189.07521  13.1%   683   30s
   578   612 1352.99043  157   73 1367.85006 1189.07521  13.1%   173   35s
H 1030   921                    1367.5097959 1189.88885  13.0%   139   36s
  1204  1061 1208.42125   42  253 1367.50980 1189.88885  13.0%   134   41s
  1221  1073 1203.74503   24  283 1367.50980 1192.48923  12.8%   133   45s
H 1226  1021                    1361.9037886 1193.21552  12.4%   132   47s
H 1226   970                    1361.5542416 1193.21552  12.4%   132   47s
H 1226   921                    1356.6993206 1193.21552  12.1%   132   47s
  1237   928 1234.61833   74  265 1356.69932 1194.26728  12.0%   131   50s
  1264   946 1197.21607   17  284 1356.69932 1195.03231  11.9%   128   56s
  1276   954 1237.67957   31  269 1356.69932 1195.21731  11.9%   127   60s
  1291   964 1220.20923   77  274 1356.69932 1195.50171  11.9%   125   65s
  1306   979 1196.14947   15  259 1356.69932 1195.56030  11.9%   154   70s
  1349   995 1200.28452   20  235 1356.69932 1195.56030  11.9%   178   75s
  1390  1007 1201.20610   25  222 1356.69932 1195.56030  11.9%   195   80s
H 1421   963                    1356.1622088 1195.56030  11.8%   206   82s
  1452   975 1203.33547   32  214 1356.16221 1195.56030  11.8%   220   85s
  1626  1007 1207.80270   44  212 1356.16221 1195.56030  11.8%   274   90s
  1922  1010 1215.79816   64  104 1356.16221 1196.01841  11.8%   290   95s
  2126  1064 1294.04087   85   95 1356.16221 1196.01841  11.8%   317  100s
  2420  1057 1334.36876  121   94 1356.16221 1201.61741  11.4%   354  105s
  2559  1106 1287.20099  152  126 1356.16221 1202.10670  11.4%   389  110s
  2743  1183 1320.13973  203  156 1356.16221 1202.11574  11.4%   409  115s
  3400  1454 1247.69987  165   80 1356.16221 1202.11574  11.4%   389  120s
  4507  2183 1264.90303  140  120 1356.16221 1202.52743  11.3%   346  125s
  5567  2603 1255.24499   94   38 1356.16221 1204.57116  11.2%   313  131s
  5934  2728 infeasible   31      1356.16221 1205.02415  11.1%   320  135s
  6809  3455 1324.54670  206  112 1356.16221 1206.09647  11.1%   318  142s
  7563  4166 1230.34244   89  183 1356.16221 1206.90351  11.0%   297  146s
  8442  4697 1256.19935  169  193 1356.16221 1207.18502  11.0%   281  150s
  9758  5309 1303.51523   94   31 1356.16221 1209.07799  10.8%   274  155s
 10178  5546 1346.29755   98   38 1356.16221 1209.28331  10.8%   277  160s
 10794  6136 1354.51179  106    9 1356.16221 1210.19896  10.8%   285  167s
 11113  6549 1306.82313   49   86 1356.16221 1210.61945  10.7%   285  170s
 12181  7342 1298.35163   80   49 1356.16221 1211.83971  10.6%   284  177s
 12622  7696 1292.94141   47  190 1356.16221 1211.83971  10.6%   284  181s
 13685  8678 1273.92446  136  194 1356.16221 1213.77930  10.5%   284  187s
 14293  8962 1338.25435  120   54 1356.16221 1213.77930  10.5%   284  190s
 14808  9474 1334.33710   56  191 1356.16221 1215.27425  10.4%   284  197s
 15466  9761 1307.35402   64  198 1356.16221 1215.73880  10.4%   283  201s
 16446 10242 1320.64876   66  161 1356.16221 1216.80322  10.3%   284  208s
 16711 10674 1304.00586  102  182 1356.16221 1216.80322  10.3%   290  211s
 18080 11420 infeasible   24      1356.16221 1218.00042  10.2%   286  217s
 18705 11819 infeasible   76      1356.16221 1218.99741  10.1%   286  220s
 19633 12445 1292.86459  122  181 1356.16221 1219.91436  10.0%   288  225s
 20895 13373 1281.71528   88  205 1356.16221 1221.62453  9.92%   285  231s
 22303 14514 1260.40120   40   77 1356.16221 1222.36744  9.87%   279  237s
 23068 15032 1334.66638   98   75 1356.16221 1223.20471  9.80%   276  240s
 24613 16082 1286.47129   66  166 1356.16221 1224.20017  9.73%   268  246s
 25686 16936 1282.22012   86   36 1356.16221 1224.88327  9.68%   267  251s
 27342 18250 1265.83338   89   42 1356.16221 1225.59942  9.63%   259  257s
 28471 19127 1304.63686  170   65 1356.16221 1225.83434  9.61%   257  262s
 29386 20059 1350.20106  193  121 1356.16221 1226.56562  9.56%   258  266s
 30891 21231 1260.71069   77  167 1356.16221 1226.83772  9.54%   253  271s
 32412 22154 1288.14666  128   63 1356.16221 1227.58714  9.48%   248  276s
 33483 22740 1260.78413   88  172 1356.16221 1227.82452  9.46%   247  281s
 34520 23856 1262.00200   90   82 1356.16221 1227.99191  9.45%   246  286s
 35778 24684 1265.47682   43  171 1356.16221 1228.31290  9.43%   245  291s
 37206 25748 1290.44256   77  108 1356.16221 1228.64034  9.40%   242  295s
 38280 26331 1266.63440   54  171 1356.16221 1229.17316  9.36%   241  300s
 38836 26903 1271.67978   28  126 1356.16221 1229.35576  9.35%   241  305s
 39956 27825 1330.61659  154  122 1356.16221 1229.58529  9.33%   239  310s
 42375 29474 1269.11229   94   49 1356.16221 1230.09131  9.30%   233  316s
 42884 29489 1268.43371   62   75 1356.16221 1230.20711  9.29%   233  320s
 43279 30691 1269.29269   96   36 1356.16221 1230.24680  9.28%   232  325s
 44837 31261 1311.02701  118  110 1356.16221 1230.54415  9.26%   229  330s
 46332 32224 1266.38643   57   65 1356.16221 1230.95307  9.23%   228  336s
 47433 33240 1295.67052  100  129 1356.16221 1231.27298  9.21%   227  340s
 48637 34038 1329.44058   64   57 1356.16221 1231.52878  9.19%   226  345s
 50027 35098 1265.30046   57  177 1356.16221 1232.28771  9.13%   224  350s
 51955 36285 1308.28747  137  108 1356.16221 1232.75606  9.10%   222  356s
 53316 37297 1286.11814  108   84 1356.16221 1233.08394  9.08%   220  360s

Cutting planes:
  Cover: 25
  Implied bound: 107
  Projected implied bound: 11
  Clique: 1
  MIR: 131
  Mixing: 4
  Flow cover: 190
  GUB cover: 2
  Inf proof: 3
  Zero half: 19
  RLT: 17
  Relax-and-lift: 41
  BQP: 4

Explored 53920 nodes (11888610 simplex iterations) in 360.00 seconds (1255.91 work units)
Thread count was 4 (of 32 available processors)

Solution count 10: 1356.16 1356.7 1361.55 ... 1379.73

Time limit reached
Best objective 1.356162208772e+03, best bound 1.233083943734e+03, gap 9.0755%

User-callback calls 153938, time in user-callback 0.01 sec
Cap boundary reject: PORT-591 real=1984.538 baseline=1368.026
Cap boundary debug: PORT-591 -> [322 351 352 354 355 356 357 366 533 532 531 530 529 526 525 524 580 579 521 522 523 578 575 518 517] -> PORT-593 -> [430 431 432 433 434 445 446 447 439 508 507 509 510 511 427 428 429 515 516 519 520 504 503 502 488 487 489 490 491 492 493 482] -> PORT-584 | load_left=43948 load_right=43908 cap=45000
Set parameter Username
Set parameter LicenseID to value 2738882
Academic license - for non-commercial use only - expires 2026-11-14
Set parameter TimeLimit to value 360
Set parameter Seed to value 1984377509
Set parameter Threads to value 4
Set parameter OutputFlag to value 1
Set parameter LogToConsole to value 1
Set parameter LazyConstraints to value 1
Gurobi Optimizer version 13.0.0 build v13.0.0rc1 (linux64 - "Debian GNU/Linux 13 (trixie)")

CPU model: AMD Ryzen 9 5950X 16-Core Processor, instruction set [SSE2|AVX|AVX2]
Thread count: 16 physical cores, 32 logical processors, using up to 4 threads

Non-default parameters:
TimeLimit  360
Seed  1984377509
Threads  4
LazyConstraints  1

Optimize a model with 15090 rows, 41772 columns and 83532 nonzeros (Min)
Model fingerprint: 0x77dca5c7
Model has 13688 linear objective coefficients
Variable types: 27848 continuous, 13924 integer (13924 binary)
Coefficient statistics:
  Matrix range     [1e+00, 4e+04]
  Objective range  [5e-01, 1e+05]
  Bounds range     [1e+00, 4e+04]
  RHS range        [1e+00, 1e+04]
Presolve removed 1288 rows and 14687 columns
Presolve time: 0.13s
Presolved: 13802 rows, 27085 columns, 81093 nonzeros
Variable types: 13338 continuous, 13747 integer (13747 binary)

Root relaxation: objective 6.800685e+02, 32553 iterations, 2.45 seconds (7.28 work units)

    Nodes    |    Current Node    |     Objective Bounds      |     Work
 Expl Unexpl |  Obj  Depth IntInf | Incumbent    BestBd   Gap | It/Node Time

     0     0  680.06855    0  195          -  680.06855      -     -    2s
H    0     0                    201392.15192  680.06855   100%     -    2s
H    0     0                    201338.17668  680.06855   100%     -    2s
H    0     0                    201330.72320  680.06855   100%     -    2s
H    0     0                    201321.67923  680.06855   100%     -    3s
H    0     0                    201312.15171  680.06855   100%     -    3s
H    0     0                    201310.45422  680.06855   100%     -    3s
H    0     0                    201310.09760  680.06855   100%     -    3s
H    0     0                    201310.08486  680.06855   100%     -    3s
H    0     0                    1228.9965726  680.06855  44.7%     -    4s
H    0     0                    1221.9593242  680.06855  44.3%     -    4s
H    0     0                    1219.4394751  680.06855  44.2%     -    5s
H    0     0                    1187.5161426  680.06855  42.7%     -    5s
H    0     0                    1121.4735467  680.06855  39.4%     -    5s
     0     0  680.06855    0  195 1121.47355  680.06855  39.4%     -    6s
     0     0  687.29188    0  229 1121.47355  687.29188  38.7%     -    7s
     0     0  687.29188    0  194 1121.47355  687.29188  38.7%     -    8s
     0     0  687.29188    0  194 1121.47355  687.29188  38.7%     -   10s
H    0     0                    1086.7425362  687.29188  36.8%     -   10s
H    0     0                    1076.4904120  687.29188  36.2%     -   10s
H    0     0                    1070.4215383  687.29188  35.8%     -   10s
H    0     0                    1059.6421556  687.29188  35.1%     -   12s
H    0     0                    1057.5906714  687.29188  35.0%     -   12s
     0     0  687.29188    0  216 1057.59067  687.29188  35.0%     -   13s
     0     0  689.55287    0  253 1057.59067  689.55287  34.8%     -   14s
H    0     0                    1041.5617948  689.59319  33.8%     -   14s
     0     0  690.77397    0  259 1041.56179  690.77397  33.7%     -   14s
     0     0  690.78312    0  259 1041.56179  690.78312  33.7%     -   14s
     0     0  695.38483    0  247 1041.56179  695.38483  33.2%     -   15s
     0     0  695.57436    0  259 1041.56179  695.57436  33.2%     -   15s
     0     0  695.58201    0  261 1041.56179  695.58201  33.2%     -   15s
     0     0  695.58201    0  259 1041.56179  695.58201  33.2%     -   15s
     0     0  697.63103    0  275 1041.56179  697.63103  33.0%     -   16s
     0     0  697.82906    0  267 1041.56179  697.82906  33.0%     -   16s
     0     0  697.82906    0  271 1041.56179  697.82906  33.0%     -   16s
     0     0  698.36846    0  275 1041.56179  698.36846  32.9%     -   18s
     0     0  698.43277    0  300 1041.56179  698.43277  32.9%     -   18s
     0     0  698.44807    0  298 1041.56179  698.44807  32.9%     -   18s
     0     0  698.44820    0  298 1041.56179  698.44820  32.9%     -   18s
     0     0  698.85000    0  299 1041.56179  698.85000  32.9%     -   19s
H    0     0                     951.6645003  698.87187  26.6%     -   19s
H    0     0                     951.2615908  698.87187  26.5%     -   19s
     0     0  698.87187    0  303  951.26159  698.87187  26.5%     -   19s
     0     0  698.87187    0  304  951.26159  698.87187  26.5%     -   19s
     0     0  699.38550    0  298  951.26159  699.38550  26.5%     -   19s
     0     0  699.39998    0  300  951.26159  699.39998  26.5%     -   19s
     0     0  699.39998    0  301  951.26159  699.39998  26.5%     -   19s
     0     0  699.43241    0  307  951.26159  699.43241  26.5%     -   20s
     0     0  699.43258    0  307  951.26159  699.43258  26.5%     -   20s
     0     0  699.55236    0  303  951.26159  699.55236  26.5%     -   21s
     0     0  699.56402    0  303  951.26159  699.56402  26.5%     -   21s
     0     0  699.56666    0  304  951.26159  699.56666  26.5%     -   21s
     0     0  699.66126    0  300  951.26159  699.66126  26.4%     -   21s
     0     0  699.67011    0  304  951.26159  699.67011  26.4%     -   21s
     0     0  699.76804    0  297  951.26159  699.76804  26.4%     -   22s
     0     0  699.82626    0  301  951.26159  699.82626  26.4%     -   22s
     0     0  699.84685    0  298  951.26159  699.84685  26.4%     -   22s
     0     0  699.86417    0  297  951.26159  699.86417  26.4%     -   23s
     0     0  699.86417    0  297  951.26159  699.86417  26.4%     -   23s
     0     0  699.99534    0  302  951.26159  699.99534  26.4%     -   23s
     0     0  700.00479    0  301  951.26159  700.00479  26.4%     -   23s
     0     0  700.00479    0  301  951.26159  700.00479  26.4%     -   23s
     0     0  700.35364    0  309  951.26159  700.35364  26.4%     -   24s
H    0     0                     940.1907761  700.35827  25.5%     -   24s
H    0     0                     931.5925760  700.35827  24.8%     -   24s
H    0     0                     920.7602444  700.35827  23.9%     -   24s
H    0     0                     916.7831810  700.35827  23.6%     -   24s
H    0     0                     916.0582016  700.35827  23.5%     -   24s
     0     0  700.35827    0  308  916.05820  700.35827  23.5%     -   24s
     0     0  700.35827    0  309  916.05820  700.35827  23.5%     -   24s
     0     0  700.56122    0  313  916.05820  700.56122  23.5%     -   25s
     0     0  700.58342    0  308  916.05820  700.58342  23.5%     -   25s
     0     0  700.58552    0  308  916.05820  700.58552  23.5%     -   25s
     0     0  700.73947    0  305  916.05820  700.73947  23.5%     -   25s
     0     0  700.83055    0  307  916.05820  700.83055  23.5%     -   25s
     0     0  700.83055    0  302  916.05820  700.83055  23.5%     -   26s
     0     0  700.83055    0  303  916.05820  700.83055  23.5%     -   26s
     0     0  700.83055    0  303  916.05820  700.83055  23.5%     -   26s
     0     0  700.83055    0  303  916.05820  700.83055  23.5%     -   26s
     0     0  700.83055    0  303  916.05820  700.83055  23.5%     -   26s
     0     0  700.83055    0  303  916.05820  700.83055  23.5%     -   26s
     0     2  706.17519    0  301  916.05820  706.17519  22.9%     -   26s
H   74    77                     908.2225480  706.17519  22.2%   419   29s
    93   109  752.67807   12  193  908.22255  706.17519  22.2%   481   30s
H  170   174                     894.1991445  706.17519  21.0%   339   30s
H  172   174                     893.6895512  706.17519  21.0%   336   30s
H  384   386                     885.3137440  706.17519  20.2%   186   31s
H  600   592                     884.9813059  706.17519  20.2%   155   32s
  1203  1149     cutoff  303       884.98131  706.17519  20.2%   129   35s
  1308  1197  850.19823  223  229  884.98131  706.17519  20.2%   134   40s
H 1309  1138                     864.4398280  706.17519  18.3%   134   42s
H 1309  1081                     841.9948765  706.17519  16.1%   134   42s
H 1309  1027                     841.6262840  706.17519  16.1%   134   42s
  1317  1032  811.49041  138  306  841.62628  706.17519  16.1%   133   45s
  1335  1044  841.62628  254  316  841.62628  706.17519  16.1%   131   50s
H 1347   998                     841.6201858  706.17519  16.1%   130   54s
  1350  1000  807.91022  254  314  841.62019  706.17519  16.1%   130   55s
H 1365   959                     839.1068905  706.17519  15.8%   128   59s
  1368   961  741.79309   13  334  839.10689  706.17519  15.8%   128   60s
  1380   969  706.17519    6  325  839.10689  706.17519  15.8%   127   65s
  1398   981  800.97600  191  330  839.10689  706.17519  15.8%   125   70s
  1402   984  803.56614  114  306  839.10689  706.17519  15.8%   125   75s
H 1402   933                     839.1059365  706.17519  15.8%   125   77s
  1419   954  758.05195   20  168  839.10594  742.75822  11.5%   162   80s
  1537  1015  836.93172   33  102  839.10594  742.75822  11.5%   173   85s
  1816  1029  777.51053   81  134  839.10594  742.75822  11.5%   185   90s
  2159  1007  782.60729  137  138  839.10594  743.22275  11.4%   190   95s
  2637  1010     cutoff  245       839.10594  743.41449  11.4%   197  100s
  3062  1011  770.35439   47  102  839.10594  744.33492  11.3%   215  105s
  3725  1070  791.75115  103  111  839.10594  745.96791  11.1%   209  110s
  4511  1509  766.51519   25  141  839.10594  750.97199  10.5%   204  116s
  5264  2086  818.66124  184   58  839.10594  751.58882  10.4%   190  120s
H 5321  2061                     836.9206712  751.58882  10.2%   189  120s
H 5510  2231                     835.5395637  751.58882  10.0%   185  121s
H 5699  2222                     834.8231062  751.77654  9.95%   183  121s
  6189  2751     cutoff   78       834.82311  754.45417  9.63%   183  126s
  7135  3526  819.54104  195  109  834.82311  755.80352  9.47%   176  131s
  7880  4329  799.51881  119  104  834.82311  756.16215  9.42%   172  135s
  9133  5110  798.65579   58  137  834.82311  756.91925  9.33%   164  141s
 10059  5842  773.42162   49  101  834.82311  757.66943  9.24%   161  145s
 10917  6583  818.16360  106   79  834.82311  757.87112  9.22%   160  150s
 11879  7276  761.63171   25  175  834.82311  758.37178  9.16%   158  156s
 12862  8146  793.93272  122   90  834.82311  758.85460  9.10%   156  162s
 13315  8783  808.48762  261  104  834.82311  758.93215  9.09%   154  165s
 14739  9578     cutoff  146       834.82311  759.20734  9.06%   150  170s
 15794 10346  813.81145  109  111  834.82311  759.73218  8.99%   148  175s
 17550 11343     cutoff  135       834.82311  760.21123  8.94%   146  182s
 18613 11835  791.51217   58  111  834.82311  760.32037  8.92%   146  188s
H18622 11835                     834.8231055  760.32037  8.92%   146  188s
 18883 11838  814.16057   85   85  834.82311  760.32037  8.92%   146  191s
 19381 12663  817.19504   27  139  834.82311  760.38489  8.92%   146  195s
 20751 13505  832.37806   36  119  834.82311  760.70949  8.88%   143  200s
 22530 14790  806.18994   89  103  834.82311  761.03714  8.84%   142  207s
 23370 15087  811.60266  116   66  834.82311  761.03714  8.84%   141  211s
 24454 15855  788.92093   57   89  834.82311  761.16279  8.82%   141  215s
 25956 16858  792.51029   74  117  834.82311  761.29105  8.81%   140  221s
 26960 17713  776.33455   72  124  834.82311  761.52861  8.78%   140  226s
 27911 18533  785.11387   40  163  834.82311  761.64961  8.77%   139  230s
 29350 19508     cutoff  146       834.82311  761.82358  8.74%   138  236s
 30310 20274  833.29767   53   91  834.82311  761.96376  8.73%   139  240s
 31766 21163  807.76823  110  137  834.82311  762.12817  8.71%   139  247s
 32605 21845  817.04341   31  110  834.82311  762.26207  8.69%   139  251s
 34085 23146  810.32239   94  102  834.82311  762.50539  8.66%   138  256s
 35296 23827  817.36328   90  113  834.82311  762.54392  8.66%   137  261s
 36787 25054  789.34987   94  127  834.82311  762.72260  8.64%   137  266s
 37778 25681     cutoff  124       834.82311  762.83441  8.62%   137  270s
 38976 26279  814.27223   35  110  834.82311  762.99849  8.60%   138  276s
 39407 26665  823.72631  134  103  834.82311  763.01065  8.60%   139  281s
 40351 27301  824.82121  144  123  834.82311  763.10602  8.59%   139  285s
 41748 28108  816.08764  134  120  834.82311  763.32370  8.56%   139  291s
 42538 28527  803.69592   34  135  834.82311  763.37268  8.56%   140  295s
 44049 29769  791.69063  113  109  834.82311  763.49259  8.54%   139  301s
 45043 30471  767.94605   31  161  834.82311  763.59474  8.53%   139  305s
 46195 31388  767.46274   43  118  834.82311  763.62662  8.53%   138  310s
 47662 32311     cutoff   77       834.82311  763.79774  8.51%   138  316s
 48436 33044  824.70211  138   98  834.82311  763.83226  8.50%   138  320s
 50051 33886  821.30562   84  121  834.82311  763.93732  8.49%   138  326s
 50863 34551  782.70446   38  136  834.82311  764.08979  8.47%   138  330s
 52406 35890  804.14225   28  148  834.82311  764.20729  8.46%   137  336s
 53583 36799  823.42099   78  143  834.82311  764.28578  8.45%   136  340s
 55021 37403     cutoff   42       834.82311  764.37438  8.44%   136  346s
 55946 38247  809.89347  148  127  834.82311  764.42268  8.43%   135  350s
 57524 39564     cutoff   96       834.82311  764.52769  8.42%   135  355s
 59141 40381  772.53688   45  139  834.82311  764.61159  8.41%   134  360s

Cutting planes:
  Cover: 15
  Implied bound: 156
  Projected implied bound: 9
  MIR: 159
  Flow cover: 147
  Inf proof: 4
  Zero half: 24
  Mod-K: 1
  RLT: 22
  Relax-and-lift: 78
  BQP: 13

Explored 59185 nodes (7983440 simplex iterations) in 360.00 seconds (1345.86 work units)
Thread count was 4 (of 32 available processors)

Solution count 10: 834.823 835.54 836.921 ... 884.981

Time limit reached
Best objective 8.348231055474e+02, best bound 7.646115922285e+02, gap 8.4103%

User-callback calls 164806, time in user-callback 0.01 sec
Cap boundary opt: PORT-593 stations=57 obj=834.823 real=834.823 baseline=837.948
Set parameter Username
Set parameter LicenseID to value 2738882
Academic license - for non-commercial use only - expires 2026-11-14
Segment 1 eval: start=BOAT-0 end=PORT-583 stations=48 (optimize)
  Segment 1 order: -501 -500 -499 -498 -497 -496 -495 112 113 -494 114 -275 -111 -274 -107 -106 -105 104 -103 -102 -101 108 109 110 -273 -272 271 253 252 249 -248 -247 -245 -244 -243 -238 237 -215 -214 213 -192 218 -191 219 -190 -223 222 -135
Segment 2 eval: start=PORT-583 end=PORT-581 stations=62 (optimize)
  Segment 2 order: 133 134 -132 -181 230 232 233 234 -235 231 -227 228 229 -180 -179 -154 -153 -157 -156 -155 -173 -172 174 175 -176 -177 171 -170 -169 -168 -167 -166 -165 -164 -163 -162 -161 -160 159 158 -150 -149 -148 -147 -146 -145 -144 -142 -9 -8 -141 -140 -139 151 -152 -138 -137 -136 -2 90 -94 -92
Segment 3 eval: start=PORT-581 end=PORT-591 stations=80 (optimize)
  Segment 3 order: 56 55 -54 -53 -52 -51 -50 -49 -48 -39 -38 -37 66 67 68 69 -36 -35 -32 -31 -29 -27 26 28 30 -33 -34 41 42 43 44 45 46 -40 47 396 397 -398 -395 -394 -393 -392 -391 -390 -389 -388 -387 402 -403 385 -384 -383 -382 -414 -413 412 -409 408 -410 411 380 378 -379 -377 -376 -375 374 -373 -372 -371 -370 369 359 360 -358 -353 -350 -349 -326 328
Segment 4 eval: start=PORT-591 end=PORT-593 stations=31 (optimize)
  Segment 4 order: -346 276 277 -343 -342 278 279 280 -341 281 -307 567 435 438 448 453 456 457 458 -455 -454 -452 -451 -450 -449 -444 -443 -442 -441 513 514
Segment 5 eval: start=PORT-593 end=PORT-591 stations=84 (optimize)
  Segment 5 order: -528 527 -576 577 -574 -573 -571 -570 -569 572 534 535 -536 537 538 539 544 545 546 547 -548 -549 -541 -540 -543 542 -568 -565 -564 566 563 -562 -561 -557 -556 282 283 -284 555 558 559 560 -554 553 550 551 552 285 286 287 288 289 290 -291 296 297 298 299 300 301 302 303 304 305 306 295 -294 -293 292 -310 -309 311 312 -313 314 315 316 317 318 319 320 340 344 345
Segment 6 eval: start=PORT-591 end=PORT-583 stations=90 (optimize)
  Segment 6 order: -347 333 334 335 336 337 338 339 321 323 324 325 -327 329 330 331 332 348 -361 -362 -363 -364 365 367 368 -426 -381 -425 417 -424 422 423 -421 -420 -419 -418 -416 415 404 405 406 -407 -399 -400 401 386 -62 -61 -60 58 -59 -57 -64 63 65 22 23 24 79 -77 -70 -76 71 74 -73 -72 -75 -78 80 81 82 83 84 85 -86 87 -88 89 -91 95 96 -480 -465 -464 505 437 436 512 -440 -506
Segment 7 eval: start=PORT-583 end=PORT-588 stations=38 (optimize)
  Segment 7 order: 97 236 239 240 -241 242 98 99 100 246 250 251 208 209 210 211 -212 198 199 202 203 204 -131 -129 130 -256 257 259 258 -128 -127 126 -125 -124 -264 268 269 270
Segment 8 eval: start=PORT-588 end=PORT-581 stations=50 (optimize)
  Segment 8 order: 118 -117 -116 115 476 477 478 475 -474 -473 119 120 123 267 -262 -261 254 207 -206 -201 -196 -194 -193 -217 -189 -188 -187 -186 -185 -184 183 182 178 1 3 4 5 10 11 12 13 14 143 15 16 17 18 -21 19 -20
Segment 9 eval: start=PORT-581 end=PORT-591 stations=31 (optimize)
  Segment 9 order: -93 -25 6 7 -226 -224 225 -221 220 -216 195 197 200 205 -255 -260 263 265 266 121 122 -472 471 -470 -469 -467 -466 -479 481 483 308
Segment 10 eval: start=PORT-591 end=PORT-593 stations=24 (optimize)
  Segment 10 order: 366 -357 -356 -355 354 -352 -351 -322 -533 -532 -531 -530 -529 575 578 579 580 524 525 526 -523 -522 -521 -427
Segment 11 eval: start=PORT-593 end=PORT-584 stations=33 (optimize)
  Segment 11 order: 515 516 519 -520 -518 -517 428 429 430 431 432 433 -434 447 -446 -445 439 -511 -510 -509 -508 -507 -504 -503 -488 -487 489 -482 493 -492 -491 -490 -502
Segment 12 eval: start=PORT-584 end=PORT-584 stations=8 (optimize)
  Segment 12 order: -485 -461 -459 460 -463 -484 462 -486
Segment 13 eval: start=PORT-584 end=BOAT-END stations=1 (optimize)
  Segment 13 order: 468
Cap boundary debug: PORT-593 -> [515 516 519 520 518 517 428 429 430 431 432 433 434 447 446 445 439 511 510 509 508 507 504 503 488 487 489 482 493 492 491 490 502] -> PORT-584 -> [486 485 461 462 484 463 460 459] -> PORT-584 | load_left=43563 load_right=34748 cap=45000
Set parameter Username
Set parameter LicenseID to value 2738882
Academic license - for non-commercial use only - expires 2026-11-14
Set parameter TimeLimit to value 360
Set parameter Seed to value 541688228
Set parameter Threads to value 4
Set parameter OutputFlag to value 1
Set parameter LogToConsole to value 1
Set parameter LazyConstraints to value 1
Gurobi Optimizer version 13.0.0 build v13.0.0rc1 (linux64 - "Debian GNU/Linux 13 (trixie)")

CPU model: AMD Ryzen 9 5950X 16-Core Processor, instruction set [SSE2|AVX|AVX2]
Thread count: 16 physical cores, 32 logical processors, using up to 4 threads

Non-default parameters:
TimeLimit  360
Seed  541688228
Threads  4
LazyConstraints  1

Optimize a model with 8242 rows, 22188 columns and 44364 nonzeros (Min)
Model fingerprint: 0x39dc27f6
Model has 7220 linear objective coefficients
Variable types: 14792 continuous, 7396 integer (7396 binary)
Coefficient statistics:
  Matrix range     [1e+00, 4e+04]
  Objective range  [4e-01, 2e+02]
  Bounds range     [1e+00, 4e+04]
  RHS range        [1e+00, 2e+04]
Presolve removed 936 rows and 7951 columns
Presolve time: 0.07s
Presolved: 7306 rows, 14237 columns, 42652 nonzeros
Variable types: 6970 continuous, 7267 integer (7267 binary)

Root relaxation: objective 3.712730e+02, 16792 iterations, 0.89 seconds (2.61 work units)

    Nodes    |    Current Node    |     Objective Bounds      |     Work
 Expl Unexpl |  Obj  Depth IntInf | Incumbent    BestBd   Gap | It/Node Time

     0     0  371.27298    0  167          -  371.27298      -     -    1s
H    0     0                     657.6864074  371.27298  43.5%     -    1s
H    0     0                     598.8206949  371.27298  38.0%     -    1s
H    0     0                     590.7808491  371.27298  37.2%     -    1s
H    0     0                     584.7096383  371.27298  36.5%     -    1s
H    0     0                     584.3824855  371.27298  36.5%     -    1s
H    0     0                     567.9988371  371.27298  34.6%     -    1s
H    0     0                     563.6975068  371.27298  34.1%     -    1s
H    0     0                     544.2824869  371.27298  31.8%     -    1s
H    0     0                     544.2815330  371.27298  31.8%     -    1s
H    0     0                     542.8635231  371.27298  31.6%     -    1s
H    0     0                     538.2686243  371.27298  31.0%     -    1s
H    0     0                     530.5445178  371.27298  30.0%     -    1s
H    0     0                     525.9307319  371.27298  29.4%     -    1s
H    0     0                     496.2254844  371.27298  25.2%     -    1s
H    0     0                     486.8827092  371.27298  23.7%     -    1s
H    0     0                     486.4958709  371.27298  23.7%     -    1s
     0     0  389.37025    0  200  486.49587  389.37025  20.0%     -    2s
H    0     0                     480.4269971  389.39666  18.9%     -    2s
H    0     0                     468.4030400  389.39666  16.9%     -    2s
H    0     0                     465.2084619  389.39666  16.3%     -    2s
H    0     0                     465.1004882  389.39666  16.3%     -    2s
     0     0  393.84916    0  184  465.10049  393.84916  15.3%     -    2s
     0     0  393.87424    0  187  465.10049  393.87424  15.3%     -    2s
     0     0  396.22664    0  214  465.10049  396.22664  14.8%     -    2s
     0     0  396.22664    0  182  465.10049  396.22664  14.8%     -    3s
     0     0  401.49344    0  198  465.10049  401.49344  13.7%     -    3s
     0     0  405.91356    0  201  465.10049  405.91356  12.7%     -    3s
     0     0  405.95353    0  201  465.10049  405.95353  12.7%     -    3s
     0     0  405.95353    0  202  465.10049  405.95353  12.7%     -    3s
     0     0  406.56087    0  202  465.10049  406.56087  12.6%     -    4s
     0     0  406.57546    0  210  465.10049  406.57546  12.6%     -    4s
     0     0  406.57881    0  211  465.10049  406.57881  12.6%     -    4s
     0     0  412.11673    0  204  465.10049  412.11673  11.4%     -    4s
H    0     0                     464.7708689  412.16497  11.3%     -    4s
     0     0  412.16497    0  206  464.77087  412.16497  11.3%     -    4s
     0     0  412.16497    0  209  464.77087  412.16497  11.3%     -    4s
     0     0  412.16497    0  210  464.77087  412.16497  11.3%     -    4s
     0     0  414.30988    0  180  464.77087  414.30988  10.9%     -    4s
     0     0  414.31029    0  195  464.77087  414.31029  10.9%     -    4s
     0     0  414.57881    0  203  464.77087  414.57881  10.8%     -    4s
H    0     0                     449.8144103  414.57881  7.83%     -    4s
H    0     0                     442.7197004  414.57881  6.36%     -    4s
H    0     0                     442.0041968  414.57881  6.20%     -    4s
     0     0  414.58434    0  205  442.00420  414.58434  6.20%     -    4s
     0     0  415.06091    0  200  442.00420  415.06091  6.10%     -    4s
     0     0  415.06091    0  170  442.00420  415.06091  6.10%     -    4s
H    0     0                     439.4274270  415.06091  5.55%     -    4s
     0     0  415.06091    0  180  439.42743  415.06091  5.55%     -    5s
H    0     0                     439.4264730  415.06091  5.54%     -    5s
     0     0  415.06091    0  192  439.42647  415.06091  5.54%     -    5s
     0     0  415.06091    0  196  439.42647  415.06091  5.54%     -    5s
     0     0  415.12567    0  201  439.42647  415.12567  5.53%     -    5s
     0     0  415.36450    0  196  439.42647  415.36450  5.48%     -    5s
     0     0  415.43007    0  198  439.42647  415.43007  5.46%     -    5s
     0     0  415.43062    0  199  439.42647  415.43062  5.46%     -    5s
     0     0  417.29103    0  191  439.42647  417.29103  5.04%     -    5s
     0     0  417.29247    0  194  439.42647  417.29247  5.04%     -    5s
     0     0  421.00596    0  197  439.42647  421.00596  4.19%     -    5s
     0     0  421.01335    0  200  439.42647  421.01335  4.19%     -    5s
     0     0  421.05067    0  208  439.42647  421.05067  4.18%     -    5s
     0     0  421.05067    0  182  439.42647  421.05067  4.18%     -    5s
     0     0  421.05067    0  187  439.42647  421.05067  4.18%     -    6s
     0     0  421.05067    0  189  439.42647  421.05067  4.18%     -    6s
     0     0  421.05067    0  192  439.42647  421.05067  4.18%     -    6s
     0     0  421.05067    0  195  439.42647  421.05067  4.18%     -    6s
     0     0  422.50595    0  205  439.42647  422.50595  3.85%     -    6s
     0     0  423.00718    0  206  439.42647  423.00718  3.74%     -    6s
     0     0  423.00718    0  206  439.42647  423.00718  3.74%     -    6s
     0     0  425.35359    0  201  439.42647  425.35359  3.20%     -    6s
     0     0  425.36619    0  201  439.42647  425.36619  3.20%     -    6s
     0     0  425.41232    0  208  439.42647  425.41232  3.19%     -    6s
     0     0  425.42034    0  217  439.42647  425.42034  3.19%     -    6s
     0     0  425.42172    0  213  439.42647  425.42172  3.19%     -    6s
     0     0  425.42172    0  213  439.42647  425.42172  3.19%     -    6s
     0     0  425.42172    0  213  439.42647  425.42172  3.19%     -    6s
     0     0  425.42172    0  207  439.42647  425.42172  3.19%     -    6s
     0     0  425.45043    0  171  439.42647  425.45043  3.18%     -    6s
     0     0  425.45043    0  192  439.42647  425.45043  3.18%     -    6s
     0     0  425.45043    0  197  439.42647  425.45043  3.18%     -    6s
     0     0  425.45043    0  202  439.42647  425.45043  3.18%     -    6s
     0     0  425.45043    0  209  439.42647  425.45043  3.18%     -    6s
     0     0  425.45043    0  210  439.42647  425.45043  3.18%     -    7s
     0     0  425.45043    0  206  439.42647  425.45043  3.18%     -    7s
     0     0  425.45748    0  214  439.42647  425.45748  3.18%     -    7s
     0     0  425.45748    0  217  439.42647  425.45748  3.18%     -    7s
     0     0  425.46200    0  218  439.42647  425.46200  3.18%     -    7s
     0     0  425.46200    0  219  439.42647  425.46200  3.18%     -    7s
     0     0  425.46200    0  219  439.42647  425.46200  3.18%     -    7s
     0     0  425.46200    0  219  439.42647  425.46200  3.18%     -    7s
     0     0  425.46200    0  214  439.42647  425.46200  3.18%     -    7s
     0     2  425.46212    0  212  439.42647  425.46212  3.18%     -    7s

Cutting planes:
  Gomory: 7
  Cover: 5
  Implied bound: 72
  Clique: 5
  MIR: 18
  Flow cover: 50
  GUB cover: 1
  Inf proof: 1
  Zero half: 12
  RLT: 5
  Relax-and-lift: 63

Explored 189 nodes (68391 simplex iterations) in 7.74 seconds (13.00 work units)
Thread count was 4 (of 32 available processors)

Solution count 10: 439.426 439.427 442.004 ... 480.427

Optimal solution found (tolerance 1.00e-04)
Best objective 4.394264729996e+02, best bound 4.394264729996e+02, gap 0.0000%

User-callback calls 2902, time in user-callback 0.00 sec
Cap boundary opt: PORT-584 stations=41 obj=439.426 real=439.426 baseline=494.985
Set parameter Username
Set parameter LicenseID to value 2738882
Academic license - for non-commercial use only - expires 2026-11-14
Segment 1 eval: start=BOAT-0 end=PORT-583 stations=48 (optimize)
  Segment 1 order: -501 -500 -499 -498 -497 -496 -495 112 113 -494 114 -275 -111 -274 -107 -106 -105 104 -103 -102 -101 108 109 110 -273 -272 271 253 252 249 -248 -247 -245 -244 -243 -238 237 -215 -214 213 -192 218 -191 219 -190 -223 222 -135
Segment 2 eval: start=PORT-583 end=PORT-581 stations=62 (optimize)
  Segment 2 order: 133 134 -132 -181 230 232 233 234 -235 231 -227 228 229 -180 -179 -154 -153 -157 -156 -155 -173 -172 174 175 -176 -177 171 -170 -169 -168 -167 -166 -165 -164 -163 -162 -161 -160 159 158 -150 -149 -148 -147 -146 -145 -144 -142 -9 -8 -141 -140 -139 151 -152 -138 -137 -136 -2 90 -94 -92
Segment 3 eval: start=PORT-581 end=PORT-591 stations=80 (optimize)
  Segment 3 order: 56 55 -54 -53 -52 -51 -50 -49 -48 -39 -38 -37 66 67 68 69 -36 -35 -32 -31 -29 -27 26 28 30 -33 -34 41 42 43 44 45 46 -40 47 396 397 -398 -395 -394 -393 -392 -391 -390 -389 -388 -387 402 -403 385 -384 -383 -382 -414 -413 412 -409 408 -410 411 380 378 -379 -377 -376 -375 374 -373 -372 -371 -370 369 359 360 -358 -353 -350 -349 -326 328
Segment 4 eval: start=PORT-591 end=PORT-593 stations=31 (optimize)
  Segment 4 order: -346 276 277 -343 -342 278 279 280 -341 281 -307 567 435 438 448 453 456 457 458 -455 -454 -452 -451 -450 -449 -444 -443 -442 -441 513 514
Segment 5 eval: start=PORT-593 end=PORT-591 stations=84 (optimize)
  Segment 5 order: -528 527 -576 577 -574 -573 -571 -570 -569 572 534 535 -536 537 538 539 544 545 546 547 -548 -549 -541 -540 -543 542 -568 -565 -564 566 563 -562 -561 -557 -556 282 283 -284 555 558 559 560 -554 553 550 551 552 285 286 287 288 289 290 -291 296 297 298 299 300 301 302 303 304 305 306 295 -294 -293 292 -310 -309 311 312 -313 314 315 316 317 318 319 320 340 344 345
Segment 6 eval: start=PORT-591 end=PORT-583 stations=90 (optimize)
  Segment 6 order: -347 333 334 335 336 337 338 339 321 323 324 325 -327 329 330 331 332 348 -361 -362 -363 -364 365 367 368 -426 -381 -425 417 -424 422 423 -421 -420 -419 -418 -416 415 404 405 406 -407 -399 -400 401 386 -62 -61 -60 58 -59 -57 -64 63 65 22 23 24 79 -77 -70 -76 71 74 -73 -72 -75 -78 80 81 82 83 84 85 -86 87 -88 89 -91 95 96 -480 -465 -464 505 437 436 512 -440 -506
Segment 7 eval: start=PORT-583 end=PORT-588 stations=38 (optimize)
  Segment 7 order: 97 236 239 240 -241 242 98 99 100 246 250 251 208 209 210 211 -212 198 199 202 203 204 -131 -129 130 -256 257 259 258 -128 -127 126 -125 -124 -264 268 269 270
Segment 8 eval: start=PORT-588 end=PORT-581 stations=50 (optimize)
  Segment 8 order: 118 -117 -116 115 476 477 478 475 -474 -473 119 120 123 267 -262 -261 254 207 -206 -201 -196 -194 -193 -217 -189 -188 -187 -186 -185 -184 183 182 178 1 3 4 5 10 11 12 13 14 143 15 16 17 18 -21 19 -20
Segment 9 eval: start=PORT-581 end=PORT-591 stations=31 (optimize)
  Segment 9 order: -93 -25 6 7 -226 -224 225 -221 220 -216 195 197 200 205 -255 -260 263 265 266 121 122 -472 471 -470 -469 -467 -466 -479 481 483 308
Segment 10 eval: start=PORT-591 end=PORT-593 stations=24 (optimize)
  Segment 10 order: 366 -357 -356 -355 354 -352 -351 -322 -533 -532 -531 -530 -529 575 578 579 580 524 525 526 -523 -522 -521 -427
Segment 11 eval: start=PORT-593 end=PORT-584 stations=24 (optimize)
  Segment 11 order: 515 516 519 -520 -518 -517 428 429 430 431 432 433 -434 447 -446 -445 439 -511 -510 -509 -508 -507 -504 -503
Segment 12 eval: start=PORT-584 end=PORT-584 stations=17 (optimize)
  Segment 12 order: 502 -488 -487 489 -486 -485 -461 -459 460 -463 -484 462 -482 493 -492 -491 -490
Segment 13 eval: start=PORT-584 end=BOAT-END stations=1 (optimize)
  Segment 13 order: 468
Cap boundary debug: PORT-584 -> [490 491 492 493 482 462 484 463 460 459 461 485 486 489 487 488 502] -> PORT-584 -> [468] -> BOAT-END | load_left=42341 load_right=9565 cap=45000
Set parameter Username
Set parameter LicenseID to value 2738882
Academic license - for non-commercial use only - expires 2026-11-14
Set parameter TimeLimit to value 360
Set parameter Seed to value 1295285059
Set parameter Threads to value 4
Set parameter OutputFlag to value 1
Set parameter LogToConsole to value 1
Set parameter LazyConstraints to value 1
Gurobi Optimizer version 13.0.0 build v13.0.0rc1 (linux64 - "Debian GNU/Linux 13 (trixie)")

CPU model: AMD Ryzen 9 5950X 16-Core Processor, instruction set [SSE2|AVX|AVX2]
Thread count: 16 physical cores, 32 logical processors, using up to 4 threads

Non-default parameters:
TimeLimit  360
Seed  1295285059
Threads  4
LazyConstraints  1

Optimize a model with 1986 rows, 4800 columns and 9588 nonzeros (Min)
Model fingerprint: 0x6ac7fd39
Model has 1512 linear objective coefficients
Variable types: 3200 continuous, 1600 integer (1600 binary)
Coefficient statistics:
  Matrix range     [1e+00, 4e+04]
  Objective range  [4e-01, 1e+02]
  Bounds range     [1e+00, 4e+04]
  RHS range        [1e+00, 2e+04]
Presolve removed 430 rows and 1856 columns
Presolve time: 0.02s
Presolved: 1556 rows, 2944 columns, 8902 nonzeros
Variable types: 1404 continuous, 1540 integer (1540 binary)

Root relaxation: objective 2.710622e+02, 2528 iterations, 0.04 seconds (0.10 work units)

    Nodes    |    Current Node    |     Objective Bounds      |     Work
 Expl Unexpl |  Obj  Depth IntInf | Incumbent    BestBd   Gap | It/Node Time

     0     0  271.06224    0   94          -  271.06224      -     -    0s
H    0     0                     402.1061149  271.06224  32.6%     -    0s
H    0     0                     395.2514159  271.06224  31.4%     -    0s
H    0     0                     391.3552180  271.06224  30.7%     -    0s
H    0     0                     378.6551843  271.06224  28.4%     -    0s
H    0     0                     378.0262087  271.06224  28.3%     -    0s
     0     0  271.06224    0   94  378.02621  271.06224  28.3%     -    0s
     0     0  272.57700    0  108  378.02621  272.57700  27.9%     -    0s
H    0     0                     374.5245080  272.60541  27.2%     -    0s
     0     0  272.60541    0  112  374.52451  272.60541  27.2%     -    0s
     0     0  273.10704    0  112  374.52451  273.10704  27.1%     -    0s
     0     0  273.13627    0  107  374.52451  273.13627  27.1%     -    0s
     0     0  273.13897    0  110  374.52451  273.13897  27.1%     -    0s
     0     0  273.13897    0  111  374.52451  273.13897  27.1%     -    0s
     0     0  273.30240    0  115  374.52451  273.30240  27.0%     -    0s
     0     0  273.37643    0  119  374.52451  273.37643  27.0%     -    0s
     0     0  273.39106    0  117  374.52451  273.39106  27.0%     -    0s
     0     0  273.39201    0  121  374.52451  273.39201  27.0%     -    0s
     0     0  273.50479    0  116  374.52451  273.50479  27.0%     -    0s
     0     0  273.51052    0  115  374.52451  273.51052  27.0%     -    0s
     0     0  273.54735    0  124  374.52451  273.54735  27.0%     -    0s
     0     0  273.55177    0  128  374.52451  273.55177  27.0%     -    0s
     0     0  273.55199    0  129  374.52451  273.55199  27.0%     -    0s
     0     0  273.65331    0  125  374.52451  273.65331  26.9%     -    0s
     0     0  273.66518    0  126  374.52451  273.66518  26.9%     -    0s
     0     0  273.66518    0  126  374.52451  273.66518  26.9%     -    0s
     0     0  273.72655    0  121  374.52451  273.72655  26.9%     -    0s
H    0     0                     370.6066232  273.72668  26.1%     -    0s
     0     0  273.72973    0  124  370.60662  273.72973  26.1%     -    0s
     0     0  273.73816    0  123  370.60662  273.73816  26.1%     -    0s
     0     0  273.74439    0  124  370.60662  273.74439  26.1%     -    0s
     0     0  273.74487    0  125  370.60662  273.74487  26.1%     -    0s
     0     0  273.74994    0  121  370.60662  273.74994  26.1%     -    0s
     0     0  273.75052    0  120  370.60662  273.75052  26.1%     -    0s
     0     0  273.75543    0  124  370.60662  273.75543  26.1%     -    1s
     0     0  273.75567    0  124  370.60662  273.75567  26.1%     -    1s
     0     0  273.75567    0  120  370.60662  273.75567  26.1%     -    1s
     0     2  273.84965    0  120  370.60662  273.84965  26.1%     -    1s
H  158   164                     369.1738506  273.93551  25.8%  30.4    2s
  1103  1024  315.38036   25  111  369.17385  315.38036  14.6%  16.1    5s
H 1123   986                     368.8300470  315.43403  14.5%  21.2    6s
H 1123   937                     368.7153384  315.43403  14.5%  21.2    6s
H 1125   891                     367.2678036  315.47124  14.1%  21.2    6s
H 1125   846                     364.1548278  315.47124  13.4%  21.2    6s
  1553  1027  319.28128   71   38  364.15483  316.08726  13.2%  42.2   10s
  8246  4684  357.59922   44   21  364.15483  319.87852  12.2%  33.7   15s
H 9775  5330                     363.1049299  320.07164  11.9%  32.8   15s
 17835 10942  324.75811   39   53  363.10493  321.10972  11.6%  31.7   20s
 28081 17048  322.48840   33   49  363.10493  322.01574  11.3%  31.4   25s
 38404 22991  352.14365   60   60  363.10493  322.57705  11.2%  32.9   30s
 47769 27532  340.54932   32   83  363.10493  323.37446  10.9%  34.7   35s
 56591 31478  344.52578   63   27  363.10493  324.13081  10.7%  36.2   40s
 64772 35128 infeasible   47       363.10493  324.89450  10.5%  37.2   45s
 72001 38133  336.90064   50   63  363.10493  325.66304  10.3%  38.5   50s
 80061 41431  343.24385   63   34  363.10493  326.51014  10.1%  40.0   55s
 88752 44801  344.10621   55   58  363.10493  327.41472  9.83%  41.0   60s
 96587 47660  333.64154   50   51  363.10493  328.30507  9.58%  41.8   65s
 103348 50026  355.00115   85   47  363.10493  329.10907  9.36%  42.4   70s
 111669 53040  335.52093   43   53  363.10493  330.00633  9.12%  43.1   75s
 119518 56154  338.20293   50   59  363.10493  330.71560  8.92%  43.6   80s
 126291 59116  340.18221   51   78  363.10493  331.23026  8.78%  44.0   85s
 133994 62058 infeasible   81       363.10493  331.81395  8.62%  44.4   90s
 139815 64891  355.85866   52   40  363.10493  332.24194  8.50%  44.7   95s
 145735 67478  346.45625   55   65  363.10493  332.57414  8.41%  45.2  100s
 151659 69861  341.96166   52   54  363.10493  332.95288  8.30%  45.8  105s
 157958 72212  360.29796   55   54  363.10493  333.34396  8.20%  46.4  110s
 163929 74030  349.48586   44   61  363.10493  333.71384  8.09%  46.6  115s
 171098 76347  348.90918   46   57  363.10493  334.17155  7.97%  46.7  120s
 178601 78407     cutoff   55       363.10493  334.63237  7.84%  46.8  125s
 185915 80358  354.63485   49   46  363.10493  335.07578  7.72%  46.9  130s
 192035 82094  349.31134   48   69  363.10493  335.40282  7.63%  47.0  135s
 199587 83860     cutoff   55       363.10493  335.84306  7.51%  47.1  140s
 207008 85508  351.03773   48   57  363.10493  336.24376  7.40%  47.2  145s
 214444 87203  354.66471   46   59  363.10493  336.59886  7.30%  47.3  150s
 221860 88890  355.99086   54   54  363.10493  337.02930  7.18%  47.4  155s
 229317 90685  354.92382   46   75  363.10493  337.42932  7.07%  47.5  160s
 235904 92283     cutoff   55       363.10493  337.74539  6.98%  47.6  165s
 242830 93658  353.71428   42   42  363.10493  338.09948  6.89%  47.8  170s
 249517 95115  355.80475   50   50  363.10493  338.40639  6.80%  47.9  175s
 255852 96366  353.97409   39   82  363.10493  338.70531  6.72%  48.0  180s
 263007 97621 infeasible   62       363.10493  339.09848  6.61%  48.2  185s
 269735 99066  359.98772   63   56  363.10493  339.41362  6.52%  48.4  190s
 274476 100125  358.11917   45   34  363.10493  339.63404  6.46%  48.6  195s
 280925 101481  357.35192   68   73  363.10493  339.95434  6.38%  48.7  200s
 286725 102636  345.04751   59   54  363.10493  340.25868  6.29%  48.9  205s
 294158 104112  360.62503   71   48  363.10493  340.58162  6.20%  49.0  210s
 300994 105374  353.84344   43   70  363.10493  340.91510  6.11%  49.1  215s
 307801 106516  355.33253   66   55  363.10493  341.25845  6.02%  49.3  220s
 313664 107513 infeasible   55       363.10493  341.54489  5.94%  49.4  225s
 320225 108638  344.32988   42   48  363.10493  341.85929  5.85%  49.6  230s
 326559 109540  348.86366   58   57  363.10493  342.18982  5.76%  49.8  235s
 332338 110547  359.42590   56   35  363.10493  342.46618  5.68%  50.0  240s
 338488 111582  348.38367   39   82  363.10493  342.75354  5.60%  50.1  245s
 345500 112828  351.37734   53   59  363.10493  343.03298  5.53%  50.3  250s
 352164 113864  348.00278   60   71  363.10493  343.32667  5.45%  50.4  255s
 357943 114733  356.64751   49   48  363.10493  343.56179  5.38%  50.5  260s
 364375 115814 infeasible   54       363.10493  343.83163  5.31%  50.8  265s
 369423 116641  345.20955   39   57  363.10493  344.03039  5.25%  50.9  270s
 375175 117658  353.75876   42   58  363.10493  344.25424  5.19%  51.0  275s
 381717 118783  360.92091   52   42  363.10493  344.47737  5.13%  51.1  280s
 388050 119838     cutoff   66       363.10493  344.72333  5.06%  51.3  285s
 394804 121062  356.32689   51   66  363.10493  344.92766  5.01%  51.4  290s
 399820 121833  354.81458   46   44  363.10493  345.10527  4.96%  51.5  295s
 406065 122862  356.63394   45   54  363.10493  345.30967  4.90%  51.6  300s
 411822 123823  356.68082   54   78  363.10493  345.48946  4.85%  51.7  305s
 418173 124961     cutoff   48       363.10493  345.68610  4.80%  51.8  310s
 422991 125857  347.16147   54   53  363.10493  345.81547  4.76%  51.8  315s
 428967 126862  349.69749   36   58  363.10493  345.98453  4.72%  51.9  320s
 435599 128099  355.60343   72   60  363.10493  346.14678  4.67%  51.9  325s
 440313 128987  354.05515   52   48  363.10493  346.27070  4.64%  52.0  330s
 446574 130393  355.91025   55   33  363.10493  346.41871  4.60%  52.0  335s
 452798 131687  352.81961   51   59  363.10493  346.56397  4.56%  52.1  340s
 456974 132466  353.41106   41   71  363.10493  346.64802  4.53%  52.1  345s
 463286 133688  361.57607   49   28  363.10493  346.79127  4.49%  52.2  350s
 469310 134848 infeasible   61       363.10493  346.91859  4.46%  52.2  355s
 475321 136142  351.55175   52   69  363.10493  347.03057  4.43%  52.3  360s

Cutting planes:
  Gomory: 1
  Cover: 55
  Implied bound: 110
  Projected implied bound: 9
  MIR: 662
  Mixing: 26
  Flow cover: 671
  GUB cover: 1
  Inf proof: 70
  RLT: 7
  Relax-and-lift: 20
  BQP: 11
  Lazy constraints: 1

Explored 475424 nodes (24864403 simplex iterations) in 360.00 seconds (1295.23 work units)
Thread count was 4 (of 32 available processors)

Solution count 10: 363.105 364.155 367.268 ... 378.655

Time limit reached
Best objective 3.631049298821e+02, best bound 3.470309616390e+02, gap 4.4268%

User-callback calls 1018484, time in user-callback 0.03 sec
Cap boundary opt: PORT-584 stations=18 obj=363.105 real=363.105 baseline=407.451
Set parameter Username
Set parameter LicenseID to value 2738882
Academic license - for non-commercial use only - expires 2026-11-14
Segment 1 eval: start=BOAT-0 end=PORT-583 stations=48 (optimize)
  Segment 1 order: -501 -500 -499 -498 -497 -496 -495 112 113 -494 114 -275 -111 -274 -107 -106 -105 104 -103 -102 -101 108 109 110 -273 -272 271 253 252 249 -248 -247 -245 -244 -243 -238 237 -215 -214 213 -192 218 -191 219 -190 -223 222 -135
Segment 2 eval: start=PORT-583 end=PORT-581 stations=62 (optimize)
  Segment 2 order: 133 134 -132 -181 230 232 233 234 -235 231 -227 228 229 -180 -179 -154 -153 -157 -156 -155 -173 -172 174 175 -176 -177 171 -170 -169 -168 -167 -166 -165 -164 -163 -162 -161 -160 159 158 -150 -149 -148 -147 -146 -145 -144 -142 -9 -8 -141 -140 -139 151 -152 -138 -137 -136 -2 90 -94 -92
Segment 3 eval: start=PORT-581 end=PORT-591 stations=80 (optimize)
  Segment 3 order: 56 55 -54 -53 -52 -51 -50 -49 -48 -39 -38 -37 66 67 68 69 -36 -35 -32 -31 -29 -27 26 28 30 -33 -34 41 42 43 44 45 46 -40 47 396 397 -398 -395 -394 -393 -392 -391 -390 -389 -388 -387 402 -403 385 -384 -383 -382 -414 -413 412 -409 408 -410 411 380 378 -379 -377 -376 -375 374 -373 -372 -371 -370 369 359 360 -358 -353 -350 -349 -326 328
Segment 4 eval: start=PORT-591 end=PORT-593 stations=31 (optimize)
  Segment 4 order: -346 276 277 -343 -342 278 279 280 -341 281 -307 567 435 438 448 453 456 457 458 -455 -454 -452 -451 -450 -449 -444 -443 -442 -441 513 514
Segment 5 eval: start=PORT-593 end=PORT-591 stations=84 (optimize)
  Segment 5 order: -528 527 -576 577 -574 -573 -571 -570 -569 572 534 535 -536 537 538 539 544 545 546 547 -548 -549 -541 -540 -543 542 -568 -565 -564 566 563 -562 -561 -557 -556 282 283 -284 555 558 559 560 -554 553 550 551 552 285 286 287 288 289 290 -291 296 297 298 299 300 301 302 303 304 305 306 295 -294 -293 292 -310 -309 311 312 -313 314 315 316 317 318 319 320 340 344 345
Segment 6 eval: start=PORT-591 end=PORT-583 stations=90 (optimize)
  Segment 6 order: -347 333 334 335 336 337 338 339 321 323 324 325 -327 329 330 331 332 348 -361 -362 -363 -364 365 367 368 -426 -381 -425 417 -424 422 423 -421 -420 -419 -418 -416 415 404 405 406 -407 -399 -400 401 386 -62 -61 -60 58 -59 -57 -64 63 65 22 23 24 79 -77 -70 -76 71 74 -73 -72 -75 -78 80 81 82 83 84 85 -86 87 -88 89 -91 95 96 -480 -465 -464 505 437 436 512 -440 -506
Segment 7 eval: start=PORT-583 end=PORT-588 stations=38 (optimize)
  Segment 7 order: 97 236 239 240 -241 242 98 99 100 246 250 251 208 209 210 211 -212 198 199 202 203 204 -131 -129 130 -256 257 259 258 -128 -127 126 -125 -124 -264 268 269 270
Segment 8 eval: start=PORT-588 end=PORT-581 stations=50 (optimize)
  Segment 8 order: 118 -117 -116 115 476 477 478 475 -474 -473 119 120 123 267 -262 -261 254 207 -206 -201 -196 -194 -193 -217 -189 -188 -187 -186 -185 -184 183 182 178 1 3 4 5 10 11 12 13 14 143 15 16 17 18 -21 19 -20
Segment 9 eval: start=PORT-581 end=PORT-591 stations=31 (optimize)
  Segment 9 order: -93 -25 6 7 -226 -224 225 -221 220 -216 195 197 200 205 -255 -260 263 265 266 121 122 -472 471 -470 -469 -467 -466 -479 481 483 308
Segment 10 eval: start=PORT-591 end=PORT-593 stations=24 (optimize)
  Segment 10 order: 366 -357 -356 -355 354 -352 -351 -322 -533 -532 -531 -530 -529 575 578 579 580 524 525 526 -523 -522 -521 -427
Segment 11 eval: start=PORT-593 end=PORT-584 stations=24 (optimize)
  Segment 11 order: 515 516 519 -520 -518 -517 428 429 430 431 432 433 -434 447 -446 -445 439 -511 -510 -509 -508 -507 -504 -503
Segment 12 eval: start=PORT-584 end=PORT-584 stations=9 (optimize)
  Segment 12 order: 502 -488 -487 486 -482 493 -492 -491 -490
Segment 13 eval: start=PORT-584 end=BOAT-END stations=9 (optimize)
  Segment 13 order: 489 -462 484 463 468 459 460 461 485
Set parameter Username
Set parameter LicenseID to value 2738882
Academic license - for non-commercial use only - expires 2026-11-14
Segment 1 eval: start=BOAT-0 end=PORT-583 stations=48 (optimize)
  Segment 1 order: -501 -500 -499 -498 -497 -496 -495 112 113 -494 114 -275 -111 -274 -107 -106 -105 104 -103 -102 -101 108 109 110 -273 -272 271 253 252 249 -248 -247 -245 -244 -243 -238 237 -215 -214 213 -192 218 -191 219 -190 -223 222 -135
Segment 2 eval: start=PORT-583 end=PORT-581 stations=62 (optimize)
  Segment 2 order: 133 134 -132 -181 230 232 233 234 -235 231 -227 228 229 -180 -179 -154 -153 -157 -156 -155 -173 -172 174 175 -176 -177 171 -170 -169 -168 -167 -166 -165 -164 -163 -162 -161 -160 159 158 -150 -149 -148 -147 -146 -145 -144 -142 -9 -8 -141 -140 -139 151 -152 -138 -137 -136 -2 90 -94 -92
Segment 3 eval: start=PORT-581 end=PORT-591 stations=80 (optimize)
  Segment 3 order: 56 55 -54 -53 -52 -51 -50 -49 -48 -39 -38 -37 66 67 68 69 -36 -35 -32 -31 -29 -27 26 28 30 -33 -34 41 42 43 44 45 46 -40 47 396 397 -398 -395 -394 -393 -392 -391 -390 -389 -388 -387 402 -403 385 -384 -383 -382 -414 -413 412 -409 408 -410 411 380 378 -379 -377 -376 -375 374 -373 -372 -371 -370 369 359 360 -358 -353 -350 -349 -326 328
Segment 4 eval: start=PORT-591 end=PORT-593 stations=31 (optimize)
  Segment 4 order: -346 276 277 -343 -342 278 279 280 -341 281 -307 567 435 438 448 453 456 457 458 -455 -454 -452 -451 -450 -449 -444 -443 -442 -441 513 514
Segment 5 eval: start=PORT-593 end=PORT-591 stations=84 (optimize)
  Segment 5 order: -528 527 -576 577 -574 -573 -571 -570 -569 572 534 535 -536 537 538 539 544 545 546 547 -548 -549 -541 -540 -543 542 -568 -565 -564 566 563 -562 -561 -557 -556 282 283 -284 555 558 559 560 -554 553 550 551 552 285 286 287 288 289 290 -291 296 297 298 299 300 301 302 303 304 305 306 295 -294 -293 292 -310 -309 311 312 -313 314 315 316 317 318 319 320 340 344 345
Segment 6 eval: start=PORT-591 end=PORT-583 stations=90 (optimize)
  Segment 6 order: -347 333 334 335 336 337 338 339 321 323 324 325 -327 329 330 331 332 348 -361 -362 -363 -364 365 367 368 -426 -381 -425 417 -424 422 423 -421 -420 -419 -418 -416 415 404 405 406 -407 -399 -400 401 386 -62 -61 -60 58 -59 -57 -64 63 65 22 23 24 79 -77 -70 -76 71 74 -73 -72 -75 -78 80 81 82 83 84 85 -86 87 -88 89 -91 95 96 -480 -465 -464 505 437 436 512 -440 -506
Segment 7 eval: start=PORT-583 end=PORT-588 stations=38 (optimize)
  Segment 7 order: 97 236 239 240 -241 242 98 99 100 246 250 251 208 209 210 211 -212 198 199 202 203 204 -131 -129 130 -256 257 259 258 -128 -127 126 -125 -124 -264 268 269 270
Segment 8 eval: start=PORT-588 end=PORT-581 stations=50 (optimize)
  Segment 8 order: 118 -117 -116 115 476 477 478 475 -474 -473 119 120 123 267 -262 -261 254 207 -206 -201 -196 -194 -193 -217 -189 -188 -187 -186 -185 -184 183 182 178 1 3 4 5 10 11 12 13 14 143 15 16 17 18 -21 19 -20
Segment 9 eval: start=PORT-581 end=PORT-591 stations=31 (optimize)
  Segment 9 order: -93 -25 6 7 -226 -224 225 -221 220 -216 195 197 200 205 -255 -260 263 265 266 121 122 -472 471 -470 -469 -467 -466 -479 481 483 308
Segment 10 eval: start=PORT-591 end=PORT-593 stations=24 (optimize)
  Segment 10 order: 366 -357 -356 -355 354 -352 -351 -322 -533 -532 -531 -530 -529 575 578 579 580 524 525 526 -523 -522 -521 -427
Segment 11 eval: start=PORT-593 end=PORT-584 stations=24 (optimize)
  Segment 11 order: 515 516 519 -520 -518 -517 428 429 430 431 432 433 -434 447 -446 -445 439 -511 -510 -509 -508 -507 -504 -503
Segment 12 eval: start=PORT-584 end=PORT-584 stations=9 (optimize)
  Segment 12 order: 502 -488 -487 486 -482 493 -492 -491 -490
Segment 13 eval: start=PORT-584 end=BOAT-END stations=9 (optimize)
  Segment 13 order: 489 -462 484 463 468 459 460 461 485
PROGRESS pass=1 changed=1 total=6632.223 best=6632.223 nseg=13 stall=0 mut=2/5 mut=STAT-100 src=8 dst=7 delta=-25.823
Capacity boundary sweep pass 2
Cap boundary debug: BOAT -> [500 501 499 497 498 496 495 494 113 112 114 275 111 274 107 106 105 104 103 102 101 108 109 110 273 272 271 253 252 249 248 247 245 244 243 238 237 215 214 213 218 192 191 190 219 223 222 135] -> PORT-583 -> [134 133 132 181 230 232 231 233 234 235 227 228 229 180 179 154 153 152 151 139 140 148 149 150 158 157 156 155 174 175 176 177 171 170 168 172 173 167 166 165 164 163 159 162 160 161 147 145 146 144 142 9 8 141 138 137 136 2 94 92 90 169] -> PORT-581 | load_left=43996 load_right=44049 cap=45000
Set parameter Username
Set parameter LicenseID to value 2738882
Academic license - for non-commercial use only - expires 2026-11-14
Set parameter TimeLimit to value 360
Set parameter Seed to value 1374788611
Set parameter Threads to value 4
Set parameter OutputFlag to value 1
Set parameter LogToConsole to value 1
Set parameter LazyConstraints to value 1
Gurobi Optimizer version 13.0.0 build v13.0.0rc1 (linux64 - "Debian GNU/Linux 13 (trixie)")

CPU model: AMD Ryzen 9 5950X 16-Core Processor, instruction set [SSE2|AVX|AVX2]
Thread count: 16 physical cores, 32 logical processors, using up to 4 threads

Non-default parameters:
TimeLimit  360
Seed  1374788611
Threads  4
LazyConstraints  1

Optimize a model with 52402 rows, 150528 columns and 301044 nonzeros (Min)
Model fingerprint: 0xae717632
Model has 49728 linear objective coefficients
Variable types: 100352 continuous, 50176 integer (50176 binary)
Coefficient statistics:
  Matrix range     [1e+00, 4e+04]
  Objective range  [4e-01, 3e+02]
  Bounds range     [1e+00, 4e+04]
  RHS range        [1e+00, 9e+03]
Presolve removed 2454 rows and 51628 columns
Presolve time: 0.39s
Presolved: 49948 rows, 98900 columns, 297279 nonzeros
Variable types: 49060 continuous, 49840 integer (49840 binary)
Root relaxation presolved: 49948 rows, 98900 columns, 297279 nonzeros

Deterministic concurrent LP optimizer: primal and dual simplex
Showing primal log only...


Root simplex log...

Iteration    Objective       Primal Inf.    Dual Inf.      Time
   70459    6.2630432e+02   3.076304e+02   0.000000e+00      5s
   71481    6.2631349e+02   0.000000e+00   0.000000e+00      5s
Concurrent spin time: 0.00s

Solved with primal simplex

Root relaxation: objective 6.263135e+02, 71481 iterations, 4.74 seconds (9.32 work units)

    Nodes    |    Current Node    |     Objective Bounds      |     Work
 Expl Unexpl |  Obj  Depth IntInf | Incumbent    BestBd   Gap | It/Node Time

     0     0  626.31349    0  365          -  626.31349      -     -    6s
     0     0  626.31349    0  365          -  626.31349      -     -   12s
     0     0  626.31349    0  365          -  626.31349      -     -   15s
     0     0  626.31349    0  365          -  626.31349      -     -   22s
H    0     0                     773.0388170  626.31349  19.0%     -   26s
H    0     0                     752.2834010  626.31349  16.7%     -   41s
     0     0  626.31349    0  360  752.28340  626.31349  16.7%     -   42s
     0     0  629.33496    0  410  752.28340  629.33496  16.3%     -   50s
H    0     0                     748.0376883  629.41470  15.9%     -   50s
H    0     0                     740.5474936  629.41470  15.0%     -   51s
H    0     0                     740.5417724  629.41470  15.0%     -   53s
H    0     0                     735.0314671  629.41470  14.4%     -   54s
H    0     0                     734.8447535  629.41470  14.3%     -   54s
H    0     0                     730.0249468  629.41470  13.8%     -   54s
H    0     0                     728.5920053  629.41470  13.6%     -   55s
H    0     0                     723.8525241  629.41470  13.0%     -   55s
H    0     0                     720.4085248  629.41470  12.6%     -   56s
H    0     0                     710.7820521  629.41470  11.4%     -   56s
     0     0  629.93835    0  419  710.78205  629.93835  11.4%     -   57s
     0     0  629.93835    0  421  710.78205  629.93835  11.4%     -   57s
     0     0  630.21030    0  430  710.78205  630.21030  11.3%     -   63s
     0     0  630.21030    0  370  710.78205  630.21030  11.3%     -   68s
H    0     0                     708.6158726  630.21030  11.1%     -   68s
H    0     0                     704.3866540  630.21030  10.5%     -   68s
H    0     0                     703.3505687  630.21030  10.4%     -   70s
     0     0  631.58629    0  386  703.35057  631.58629  10.2%     -   74s
H    0     0                     695.5602480  631.58629  9.20%     -   75s
H    0     0                     689.1125884  631.58629  8.35%     -   75s
H    0     0                     688.9258748  631.58629  8.32%     -   76s
H    0     0                     677.1071458  631.58629  6.72%     -   77s
H    0     0                     675.2457755  631.58629  6.47%     -   78s
H    0     0                     675.2013012  631.58629  6.46%     -   78s
H    0     0                     674.0047686  631.58629  6.29%     -   80s
     0     0  632.53819    0  403  674.00477  632.53819  6.15%     -   82s
     0     0  632.53821    0  404  674.00477  632.53821  6.15%     -   82s
     0     0  634.30047    0  401  674.00477  634.30047  5.89%     -   88s
     0     0  634.30047    0  356  674.00477  634.30047  5.89%     -   91s
     0     0  634.30047    0  387  674.00477  634.30047  5.89%     -   95s
     0     0  634.47728    0  400  674.00477  634.47728  5.86%     -   98s
     0     0  634.49500    0  403  674.00477  634.49500  5.86%     -   98s
     0     0  634.49915    0  405  674.00477  634.49915  5.86%     -   98s
     0     0  634.86606    0  402  674.00477  634.86606  5.81%     -   98s
     0     0  634.86654    0  402  674.00477  634.86654  5.81%     -   98s
     0     0  635.98499    0  447  674.00477  635.98499  5.64%     -  100s
     0     0  635.99106    0  447  674.00477  635.99106  5.64%     -  100s
     0     0  635.99106    0  447  674.00477  635.99106  5.64%     -  100s
     0     0  639.32962    0  442  674.00477  639.32962  5.14%     -  104s
     0     0  639.32962    0  440  674.00477  639.32962  5.14%     -  104s
     0     0  639.94182    0  448  674.00477  639.94182  5.05%     -  107s
     0     0  639.98589    0  456  674.00477  639.98589  5.05%     -  107s
     0     0  639.98648    0  456  674.00477  639.98648  5.05%     -  108s
     0     0  640.18201    0  450  674.00477  640.18201  5.02%     -  110s
     0     0  640.23807    0  455  674.00477  640.23807  5.01%     -  110s
     0     0  640.23807    0  456  674.00477  640.23807  5.01%     -  111s
     0     0  640.40585    0  456  674.00477  640.40585  4.98%     -  112s
H    0     0                     673.7387868  640.40585  4.95%     -  113s
     0     0  640.40627    0  446  673.73879  640.40627  4.95%     -  113s
     0     0  640.80228    0  429  673.73879  640.80228  4.89%     -  115s
     0     0  640.80435    0  428  673.73879  640.80435  4.89%     -  115s
     0     0  640.84438    0  420  673.73879  640.84438  4.88%     -  118s
H    0     0                     672.6360276  640.90663  4.72%     -  118s
H    0     0                     672.1313355  640.90663  4.65%     -  118s
H    0     0                     672.1313349  640.90663  4.65%     -  118s
     0     0  640.90663    0  431  672.13133  640.90663  4.65%     -  118s
     0     0  640.90663    0  430  672.13133  640.90663  4.65%     -  119s
     0     0  640.90663    0  380  672.13133  640.90663  4.65%     -  121s
     0     0  640.90663    0  412  672.13133  640.90663  4.65%     -  123s
H    0     0                     670.9030324  640.90663  4.47%     -  125s
     0     0  641.91290    0  435  670.90303  641.91290  4.32%     -  126s
     0     0  642.36123    0  445  670.90303  642.36123  4.25%     -  127s
     0     0  642.48279    0  418  670.90303  642.48279  4.24%     -  128s
     0     0  642.48310    0  425  670.90303  642.48310  4.24%     -  128s
     0     0  643.34597    0  433  670.90303  643.34597  4.11%     -  129s
     0     0  643.35818    0  433  670.90303  643.35818  4.11%     -  129s
     0     0  643.35818    0  432  670.90303  643.35818  4.11%     -  129s
     0     0  643.36297    0  427  670.90303  643.36297  4.10%     -  130s
     0     0  644.27732    0  442  670.90303  644.27732  3.97%     -  130s
     0     0  644.65330    0  444  670.90303  644.65330  3.91%     -  130s
     0     0  644.65330    0  444  670.90303  644.65330  3.91%     -  130s
     0     0  645.24063    0  447  670.90303  645.24063  3.83%     -  131s
     0     0  645.50922    0  430  670.90303  645.50922  3.79%     -  131s
     0     0  645.50922    0  439  670.90303  645.50922  3.79%     -  131s
     0     0  645.58230    0  437  670.90303  645.58230  3.77%     -  131s
     0     0  645.58230    0  371  670.90303  645.58230  3.77%     -  134s
     0     0  645.58230    0  441  670.90303  645.58230  3.77%     -  136s
     0     0  645.58230    0  446  670.90303  645.58230  3.77%     -  138s
     0     0  645.58230    0  441  670.90303  645.58230  3.77%     -  139s
     0     0  645.58230    0  452  670.90303  645.58230  3.77%     -  139s
     0     0  645.58230    0  446  670.90303  645.58230  3.77%     -  139s
     0     0  645.58411    0  449  670.90303  645.58411  3.77%     -  139s
     0     0  645.60092    0  443  670.90303  645.60092  3.77%     -  141s
     0     0  645.81117    0  451  670.90303  645.81117  3.74%     -  141s
     0     0  645.81117    0  455  670.90303  645.81117  3.74%     -  141s
     0     0  645.81117    0  458  670.90303  645.81117  3.74%     -  142s
     0     0  645.89897    0  461  670.90303  645.89897  3.73%     -  142s
     0     0  645.91565    0  460  670.90303  645.91565  3.72%     -  142s
     0     0  645.91565    0  461  670.90303  645.91565  3.72%     -  142s
     0     0  646.04187    0  453  670.90303  646.04187  3.71%     -  143s
H    0     0                     669.7803702  646.04187  3.54%     -  144s
     0     0  646.04204    0  452  669.78037  646.04204  3.54%     -  144s
     0     0  646.04206    0  448  669.78037  646.04206  3.54%     -  144s
     0     0  646.04260    0  452  669.78037  646.04260  3.54%     -  144s
     0     0  646.04260    0  453  669.78037  646.04260  3.54%     -  144s
     0     0  646.04260    0  453  669.78037  646.04260  3.54%     -  144s
     0     0  646.04260    0  436  669.78037  646.04260  3.54%     -  145s
     0     2  647.66596    0  435  669.78037  647.66596  3.30%     -  147s
    11    19  648.27653    4  224  669.78037  647.66596  3.30%  1654  150s
H   73    78                     669.7332081  647.66596  3.29%  1132  154s
    77    90  650.52002   13  185  669.73321  647.66596  3.29%  1113  155s
   236   224  656.60468   53  175  669.73321  647.66596  3.29%   746  160s
   399   358  654.64654   43  164  669.73321  647.66596  3.29%   678  165s
   507   445  655.61577   61  172  669.73321  647.66596  3.29%   712  170s
   651   559  657.95073   98  179  669.73321  647.66596  3.29%   673  175s
   897   754  651.64136   36  110  669.73321  647.66596  3.29%   593  180s
  1096   938  650.56434   11  180  669.73321  647.66596  3.29%   588  185s
  1219   985  653.88623   30  430  669.73321  647.66596  3.29%   599  193s
  1221   986  652.58698   79  364  669.73321  647.66596  3.29%   598  196s
  1227   990  661.28526   77  438  669.73321  647.66596  3.29%   595  200s
  1233   994  651.35874   16  433  669.73321  647.66596  3.29%   592  207s
  1237  1002  647.66596   11  209  669.73321  647.66596  3.29%   639  210s
H 1244   954                     669.7332054  647.66596  3.29%   646  211s
  1262   972  648.12455   16  224  669.73321  647.66596  3.29%   681  215s
  1313   991  652.91122   27  186  669.73321  647.66596  3.29%   711  220s
  1403  1008  650.04959   38  198  669.73321  647.66596  3.29%   711  225s
  1519  1022  647.66596   18  218  669.73321  647.66596  3.29%   708  230s
  1609  1022  664.14833   28  146  669.73321  647.66596  3.29%   703  235s
  1680  1020  651.76204   16  205  669.73321  647.66596  3.29%   699  240s
  1802  1066 infeasible   41       669.73321  647.66596  3.29%   699  245s
  1986  1137     cutoff   49       669.73321  647.66596  3.29%   673  250s
  2183  1190  663.27438   57  154  669.73321  647.66596  3.29%   652  255s
  2468  1285  648.65205   18  208  669.73321  648.09784  3.23%   622  260s
  2623  1301  661.17442   24  193  669.73321  648.09784  3.23%   623  265s
  2852  1387  656.34311   18  199  669.73321  648.09784  3.23%   628  271s
  3102  1520  656.56989   26  187  669.73321  648.42028  3.18%   615  276s
  3429  1579  667.20871   45  177  669.73321  648.48409  3.17%   590  281s
  3683  1611  653.08796   19  163  669.73321  648.63531  3.15%   587  286s
H 3728  1584                     669.7332006  648.63531  3.15%   591  289s
H 3787  1503                     668.6304454  648.66580  2.99%   593  289s
  3796  1535  657.78353   27  168  668.63045  648.66580  2.99%   594  292s
  3846  1561  651.48473   19  210  668.63045  648.66580  2.99%   597  295s
  4072  1696  650.15069   17  199  668.63045  648.66580  2.99%   600  302s
  4179  1750  661.72017   28  202  668.63045  648.66580  2.99%   602  305s
  4479  1882  665.15726   50  180  668.63045  648.84916  2.96%   605  311s
  4616  1914  657.19049   29  167  668.63045  648.86414  2.96%   604  315s
  4829  2056  662.14222   30  209  668.63045  648.90979  2.95%   608  322s
  5005  2204  651.64122   17  145  668.63045  648.94536  2.94%   609  326s
  5312  2326  662.02902   34  179  668.63045  648.96673  2.94%   595  330s
  5757  2542  652.80383   20  205  668.63045  649.24817  2.90%   592  339s
  5981  2664  651.60744   16  200  668.63045  649.40943  2.87%   588  344s
  6148  2755  654.83215   38  204  668.63045  649.40943  2.87%   585  349s
  6304  2949  652.54724   21  205  668.63045  649.50577  2.86%   595  354s
  6561  3096  652.37705   21  226  668.63045  649.52887  2.86%   594  359s
  6776  3100  656.54861   81  206  668.63045  649.53242  2.86%   593  360s

Cutting planes:
  Gomory: 22
  Cover: 12
  Implied bound: 97
  Projected implied bound: 6
  Clique: 2
  MIR: 88
  Flow cover: 135
  GUB cover: 1
  Inf proof: 2
  Zero half: 41
  Mod-K: 2
  Network: 2
  RLT: 11
  Relax-and-lift: 80
  BQP: 4

Explored 6780 nodes (4530131 simplex iterations) in 360.01 seconds (1081.15 work units)
Thread count was 4 (of 32 available processors)

Solution count 10: 668.63 669.733 669.78 ... 675.246

Time limit reached
Best objective 6.686304453778e+02, best bound 6.495324162188e+02, gap 2.8563%

User-callback calls 73466, time in user-callback 0.02 sec
Cap boundary reject: PORT-583 real=1047.589 baseline=689.390
Cap boundary debug: PORT-583 -> [134 133 132 181 230 232 231 233 234 235 227 228 229 180 179 154 153 152 151 139 140 148 149 150 158 157 156 155 174 175 176 177 171 170 168 172 173 167 166 165 164 163 159 162 160 161 147 145 146 144 142 9 8 141 138 137 136 2 94 92 90 169] -> PORT-581 -> [68 69 67 66 53 54 56 55 52 51 38 48 39 40 47 46 43 45 44 42 41 34 33 30 29 27 26 28 31 32 36 35 37 50 49 396 397 398 395 394 393 392 391 390 389 388 387 402 385 403 384 383 382 414 413 412 409 408 410 411 380 378 379 377 376 375 374 373 372 371 370 369 359 360 358 353 349 350 326 328] -> PORT-591 | load_left=44049 load_right=43988 cap=45000
Set parameter Username
Set parameter LicenseID to value 2738882
Academic license - for non-commercial use only - expires 2026-11-14
Set parameter TimeLimit to value 360
Set parameter Seed to value 439019506
Set parameter Threads to value 4
Set parameter OutputFlag to value 1
Set parameter LogToConsole to value 1
Set parameter LazyConstraints to value 1
Gurobi Optimizer version 13.0.0 build v13.0.0rc1 (linux64 - "Debian GNU/Linux 13 (trixie)")

CPU model: AMD Ryzen 9 5950X 16-Core Processor, instruction set [SSE2|AVX|AVX2]
Thread count: 16 physical cores, 32 logical processors, using up to 4 threads

Non-default parameters:
TimeLimit  360
Seed  439019506
Threads  4
LazyConstraints  1

Optimize a model with 85810 rows, 248832 columns and 497652 nonzeros (Min)
Model fingerprint: 0x9256fc67
Model has 82368 linear objective coefficients
Variable types: 165888 continuous, 82944 integer (82944 binary)
Coefficient statistics:
  Matrix range     [1e+00, 4e+04]
  Objective range  [4e-01, 1e+05]
  Bounds range     [1e+00, 4e+04]
  RHS range        [1e+00, 9e+03]
Presolve removed 3158 rows and 84812 columns
Presolve time: 0.65s
Presolved: 82652 rows, 164020 columns, 492491 nonzeros
Variable types: 81508 continuous, 82512 integer (82512 binary)
Root relaxation presolved: 82652 rows, 164020 columns, 492491 nonzeros

Deterministic concurrent LP optimizer: primal and dual simplex
Showing primal log only...


Root simplex log...

Iteration    Objective       Primal Inf.    Dual Inf.      Time
   54969    7.5854566e+02   0.000000e+00   8.911398e+03      5s
  105898    7.1614281e+02   0.000000e+00   9.927484e+00     10s
  139967    7.9995253e+02   0.000000e+00   0.000000e+00     13s
Concurrent spin time: 0.00s

Solved with primal simplex

Root relaxation: objective 7.999525e+02, 139967 iterations, 11.89 seconds (24.41 work units)

    Nodes    |    Current Node    |     Objective Bounds      |     Work
 Expl Unexpl |  Obj  Depth IntInf | Incumbent    BestBd   Gap | It/Node Time

     0     0  799.95253    0  490          -  799.95253      -     -   14s
H    0     0                    102050.87512  799.95253  99.2%     -   15s
H    0     0                    1428.1229849  799.95253  44.0%     -   15s
H    0     0                    1368.5697407  799.95253  41.5%     -   15s
H    0     0                    1367.8431757  799.95253  41.5%     -   15s
H    0     0                    1367.8431755  799.95253  41.5%     -   15s
H    0     0                    1205.2599359  799.95253  33.6%     -   17s
H    0     0                    1173.3265661  799.95253  31.8%     -   17s
H    0     0                    1135.0087555  799.95253  29.5%     -   19s
H    0     0                    1102.7330854  799.95253  27.5%     -   19s
     0     0  807.01653    0  557 1102.73309  807.01653  26.8%     -   36s
H    0     0                    1030.9390744  807.02623  21.7%     -   37s
H    0     0                     995.0939086  807.02623  18.9%     -   38s
H    0     0                     986.8100704  807.02623  18.2%     -   39s
H    0     0                     984.6410671  807.02623  18.0%     -   40s
H    0     0                     983.3859471  807.02623  17.9%     -   41s
H    0     0                     972.7221320  807.02623  17.0%     -   42s
H    0     0                     971.8830841  807.02623  17.0%     -   44s
H    0     0                     949.9386781  807.02623  15.0%     -   44s
H    0     0                     944.3288881  807.02623  14.5%     -   45s
H    0     0                     941.8817567  807.02623  14.3%     -   45s
H    0     0                     927.6380823  807.02623  13.0%     -   46s
H    0     0                     915.6149596  807.02623  11.9%     -   46s
H    0     0                     909.4515749  807.02623  11.3%     -   46s
H    0     0                     893.6440337  807.02623  9.69%     -   46s
H    0     0                     893.1924846  807.02623  9.65%     -   46s
H    0     0                     890.2032558  807.02623  9.34%     -   46s
H    0     0                     889.1737481  807.02623  9.24%     -   46s
H    0     0                     886.2952291  807.02623  8.94%     -   47s
H    0     0                     885.2149882  807.02623  8.83%     -   50s
H    0     0                     884.1569791  807.02623  8.72%     -   52s
H    0     0                     880.8489563  807.02623  8.38%     -   53s
     0     0  808.08808    0  518  880.84896  808.08808  8.26%     -   62s
     0     0  808.08808    0  518  880.84896  808.08808  8.26%     -   62s
     0     0  809.99346    0  531  880.84896  809.99346  8.04%     -   74s
     0     0  809.99346    0  484  880.84896  809.99346  8.04%     -   84s
     0     0  810.02866    0  546  880.84896  810.02866  8.04%     -   93s
H    0     0                     880.6466035  810.04831  8.02%     -   93s
H    0     0                     878.5577166  810.04831  7.80%     -   95s
H    0     0                     878.3652696  810.04831  7.78%     -   96s
H    0     0                     877.7174765  810.04831  7.71%     -   96s
H    0     0                     876.6800165  810.04831  7.60%     -   98s
     0     0  811.11448    0  546  876.68002  811.11448  7.48%     -  106s
     0     0  811.11448    0  547  876.68002  811.11448  7.48%     -  106s
     0     0  814.28122    0  579  876.68002  814.28122  7.12%     -  115s
H    0     0                     875.1675032  814.29701  6.96%     -  115s
     0     0  814.48797    0  574  875.16750  814.48797  6.93%     -  116s
     0     0  814.48797    0  574  875.16750  814.48797  6.93%     -  116s
     0     0  822.56938    0  528  875.16750  822.56938  6.01%     -  128s
     0     0  822.69555    0  501  875.16750  822.69555  6.00%     -  128s
     0     0  822.69555    0  501  875.16750  822.69555  6.00%     -  128s
     0     0  825.03867    0  537  875.16750  825.03867  5.73%     -  135s
     0     0  825.03867    0  497  875.16750  825.03867  5.73%     -  139s
     0     0  825.03867    0  531  875.16750  825.03867  5.73%     -  146s
H    0     0                     874.6987042  825.03867  5.68%     -  148s
     0     0  825.03867    0  551  874.69870  825.03867  5.68%     -  155s
     0     0  825.12716    0  544  874.69870  825.12716  5.67%     -  158s
     0     0  825.14817    0  547  874.69870  825.14817  5.66%     -  158s
     0     0  825.14817    0  547  874.69870  825.14817  5.66%     -  158s
     0     0  825.43412    0  552  874.69870  825.43412  5.63%     -  160s
     0     0  825.44104    0  552  874.69870  825.44104  5.63%     -  160s
     0     0  826.76078    0  544  874.69870  826.76078  5.48%     -  163s
     0     0  826.78185    0  548  874.69870  826.78185  5.48%     -  165s
     0     0  826.78188    0  548  874.69870  826.78188  5.48%     -  165s
     0     0  826.87725    0  529  874.69870  826.87725  5.47%     -  168s
     0     0  826.87970    0  529  874.69870  826.87970  5.47%     -  168s
     0     0  826.88990    0  532  874.69870  826.88990  5.47%     -  169s
     0     0  826.88990    0  532  874.69870  826.88990  5.47%     -  169s
     0     0  826.89623    0  528  874.69870  826.89623  5.47%     -  170s
H    0     0                     874.6987036  826.89623  5.47%     -  171s
     0     0  826.89629    0  529  874.69870  826.89629  5.47%     -  172s
     0     0  826.92085    0  540  874.69870  826.92085  5.46%     -  172s
     0     0  826.92163    0  538  874.69870  826.92163  5.46%     -  173s
     0     0  826.92280    0  536  874.69870  826.92280  5.46%     -  173s
     0     0  826.92280    0  536  874.69870  826.92280  5.46%     -  173s
     0     0  826.92280    0  502  874.69870  826.92280  5.46%     -  174s
     0     2  831.61147    0  502  874.69870  831.61147  4.93%     -  182s
     7    12  831.61147    3  267  874.69870  831.61147  4.93%  2365  185s
    33    48  831.61147    9  272  874.69870  831.61147  4.93%  2280  192s
    74    88  831.61147   20  384  874.69870  831.61147  4.93%  1992  195s
   121   144  831.61147   24  298  874.69870  831.61147  4.93%  1533  200s
   249   285  831.61147   65  270  874.69870  831.61147  4.93%   892  205s
   571   640  831.72777  168  263  874.69870  831.61147  4.93%   439  210s
  1136  1202  844.81699  300  296  874.69870  831.61147  4.93%   257  216s
  1221  1216  848.15136  325  286  874.69870  831.61147  4.93%   250  220s
H 1233  1228                     874.6987029  831.61147  4.93%   248  223s
  1309  1362  848.75034  371  302  874.69870  831.61147  4.93%   237  225s
  1551  1544  848.89246  376  289  874.69870  831.61147  4.93%   219  230s
  1995  2110  858.76201  208  298  874.69870  831.61147  4.93%   207  235s
  2379  2297  845.13857  149  531  874.69870  831.61147  4.93%   192  257s
H 2380  2183                     874.6987027  831.61147  4.93%   192  262s
  2382  2184  849.84830  462  521  874.69870  831.61147  4.93%   192  276s
  2383  2185  848.77390  331  535  874.69870  831.61147  4.93%   192  281s
  2388  2188  845.06842  179  561  874.69870  831.61147  4.93%   192  286s
  2393  2191  835.20516  280  576  874.69870  831.61147  4.93%   191  291s
  2397  2194  839.38347  278  579  874.69870  831.61147  4.93%   191  295s
  2402  2197  838.18110  134  588  874.69870  834.10013  4.64%   190  304s
  2404  2199  834.10013  134  588  874.69870  834.10013  4.64%   190  305s
  2406  2200  834.10013   31  590  874.69870  834.10013  4.64%   190  310s
  2409  2202  834.10752  168  572  874.69870  834.10752  4.64%   190  315s
  2410  2203  834.10752    7  539  874.69870  834.10752  4.64%   190  322s
H 2410  2092                     874.6987015  834.10752  4.64%   190  325s
  2411  2092  834.69833   40  539  874.69870  834.69833  4.57%   190  331s
  2414  2095  834.69833    9  486  874.69870  834.69833  4.57%   275  337s
  2415  2096  834.69833   28  542  874.69870  834.69833  4.57%   275  345s
  2416  2097  834.95304  285  540  874.69870  834.69833  4.57%   275  350s
  2421  2100  847.80033  368  572  874.69870  834.69833  4.57%   274  355s

Cutting planes:
  Gomory: 34
  Cover: 13
  Implied bound: 92
  Projected implied bound: 10
  Clique: 2
  MIR: 70
  Flow cover: 103
  Zero half: 41
  Network: 3
  RLT: 1
  Relax-and-lift: 48
  BQP: 3

Explored 2427 nodes (1436268 simplex iterations) in 360.01 seconds (853.95 work units)
Thread count was 4 (of 32 available processors)

Solution count 10: 874.699 874.699 875.168 ... 884.157

Time limit reached
Best objective 8.746987015337e+02, best bound 8.350005456192e+02, gap 4.5385%

User-callback calls 48462, time in user-callback 0.02 sec
Cap boundary reject: PORT-581 segment infeasible left=662.167 right=100559.884
Cap boundary reject: PORT-581 real=1000000000000000052504760255204420248704468581108159154915854115511802457988908195786371375080447864043704443832883878176942523235360430575644792184786706982848387200926575803737830233794788090059368953234970799945081119038967640880074652742780142494579258788820056842838115669472196386865459400540160.000 baseline=885.328
Cap boundary debug: PORT-581 -> [68 69 67 66 53 54 56 55 52 51 38 48 39 40 47 46 43 45 44 42 41 34 33 30 29 27 26 28 31 32 36 35 37 50 49 396 397 398 395 394 393 392 391 390 389 388 387 402 385 403 384 383 382 414 413 412 409 408 410 411 380 378 379 377 376 375 374 373 372 371 370 369 359 360 358 353 349 350 326 328] -> PORT-591 -> [346 276 277 343 342 278 279 280 341 281 307 567 514 513 441 442 443 444 449 450 452 453 456 457 458 455 454 451 448 438 435] -> PORT-593 | load_left=43988 load_right=43408 cap=45000
Set parameter Username
Set parameter LicenseID to value 2738882
Academic license - for non-commercial use only - expires 2026-11-14
Set parameter TimeLimit to value 360
Set parameter Seed to value 1271587829
Set parameter Threads to value 4
Set parameter OutputFlag to value 1
Set parameter LogToConsole to value 1
Set parameter LazyConstraints to value 1
Gurobi Optimizer version 13.0.0 build v13.0.0rc1 (linux64 - "Debian GNU/Linux 13 (trixie)")

CPU model: AMD Ryzen 9 5950X 16-Core Processor, instruction set [SSE2|AVX|AVX2]
Thread count: 16 physical cores, 32 logical processors, using up to 4 threads

Non-default parameters:
TimeLimit  360
Seed  1271587829
Threads  4
LazyConstraints  1

Optimize a model with 53322 rows, 153228 columns and 306444 nonzeros (Min)
Model fingerprint: 0xeda3cb3d
Model has 50624 linear objective coefficients
Variable types: 102152 continuous, 51076 integer (51076 binary)
Coefficient statistics:
  Matrix range     [1e+00, 4e+04]
  Objective range  [8e-01, 1e+05]
  Bounds range     [1e+00, 4e+04]
  RHS range        [1e+00, 1e+04]
Presolve removed 2476 rows and 52541 columns
Presolve time: 0.35s
Presolved: 50846 rows, 100687 columns, 302636 nonzeros
Variable types: 49950 continuous, 50737 integer (50737 binary)
Root relaxation presolved: 50846 rows, 100687 columns, 302636 nonzeros

Deterministic concurrent LP optimizer: primal and dual simplex
Showing primal log only...

Concurrent spin time: 0.00s

Solved with primal simplex

Root relaxation: objective 1.014062e+03, 67950 iterations, 3.90 seconds (7.14 work units)

    Nodes    |    Current Node    |     Objective Bounds      |     Work
 Expl Unexpl |  Obj  Depth IntInf | Incumbent    BestBd   Gap | It/Node Time

     0     0 1014.06229    0  400          - 1014.06229      -     -    4s
H    0     0                    603344.80675 1014.06229   100%     -    5s
H    0     0                    1450.9673660 1014.06229  30.1%     -    5s
H    0     0                    1403.7621256 1014.06229  27.8%     -    5s
H    0     0                    1397.2146394 1014.06229  27.4%     -    5s
H    0     0                    1374.5998758 1014.06229  26.2%     -    6s
H    0     0                    1372.0924157 1014.06229  26.1%     -    6s
H    0     0                    1369.9182277 1014.06229  26.0%     -    7s
H    0     0                    1369.2264582 1014.06229  25.9%     -    8s
H    0     0                    1367.5278239 1014.06229  25.8%     -    8s
H    0     0                    1357.0837553 1014.06229  25.3%     -   25s
     0     0 1014.06229    0  400 1357.08376 1014.06229  25.3%     -   26s
     0     0 1015.04270    0  447 1357.08376 1015.04270  25.2%     -   29s
     0     0 1015.04270    0  397 1357.08376 1015.04270  25.2%     -   32s
H    0     0                    1345.9527589 1015.04270  24.6%     -   43s
     0     0 1017.57356    0  448 1345.95276 1017.57356  24.4%     -   46s
H    0     0                    1336.0867912 1017.83526  23.8%     -   46s
H    0     0                    1281.3232203 1017.83526  20.6%     -   47s
H    0     0                    1276.8234159 1017.83526  20.3%     -   47s
H    0     0                    1248.8842922 1017.83526  18.5%     -   47s
H    0     0                    1229.8227408 1017.83526  17.2%     -   48s
H    0     0                    1223.7844601 1017.83526  16.8%     -   48s
H    0     0                    1217.9934682 1017.83526  16.4%     -   49s
H    0     0                    1216.5476140 1017.83526  16.3%     -   50s
H    0     0                    1207.8676748 1017.83526  15.7%     -   51s
     0     0 1017.83526    0  457 1207.86767 1017.83526  15.7%     -   52s
     0     0 1017.83526    0  457 1207.86767 1017.83526  15.7%     -   52s
     0     0 1025.07161    0  464 1207.86767 1025.07161  15.1%     -   56s
     0     0 1025.28974    0  477 1207.86767 1025.28974  15.1%     -   56s
     0     0 1025.29065    0  484 1207.86767 1025.29065  15.1%     -   57s
     0     0 1029.45379    0  492 1207.86767 1029.45379  14.8%     -   63s
     0     0 1029.70337    0  508 1207.86767 1029.70337  14.8%     -   66s
     0     0 1029.78315    0  520 1207.86767 1029.78315  14.7%     -   67s
     0     0 1029.78321    0  519 1207.86767 1029.78321  14.7%     -   67s
     0     0 1042.27194    0  499 1207.86767 1042.27194  13.7%     -   72s
     0     0 1042.45848    0  490 1207.86767 1042.45848  13.7%     -   74s
     0     0 1042.48597    0  504 1207.86767 1042.48597  13.7%     -   74s
     0     0 1042.49908    0  505 1207.86767 1042.49908  13.7%     -   74s
     0     0 1042.49942    0  505 1207.86767 1042.49942  13.7%     -   74s
     0     0 1043.68771    0  493 1207.86767 1043.68771  13.6%     -   77s
     0     0 1043.69505    0  493 1207.86767 1043.69505  13.6%     -   77s
     0     0 1043.81486    0  490 1207.86767 1043.81486  13.6%     -   79s
     0     0 1043.81883    0  494 1207.86767 1043.81883  13.6%     -   79s
     0     0 1044.57198    0  500 1207.86767 1044.57198  13.5%     -   81s
     0     0 1044.58818    0  504 1207.86767 1044.58818  13.5%     -   81s
     0     0 1044.59339    0  505 1207.86767 1044.59339  13.5%     -   81s
     0     0 1044.59339    0  505 1207.86767 1044.59339  13.5%     -   82s
     0     0 1045.09401    0  502 1207.86767 1045.09401  13.5%     -   83s
     0     0 1045.10595    0  501 1207.86767 1045.10595  13.5%     -   83s
     0     0 1045.40470    0  504 1207.86767 1045.40470  13.5%     -   86s
     0     0 1045.49635    0  515 1207.86767 1045.49635  13.4%     -   86s
     0     0 1045.50009    0  517 1207.86767 1045.50009  13.4%     -   86s
     0     0 1046.10390    0  503 1207.86767 1046.10390  13.4%     -   88s
     0     0 1046.14869    0  493 1207.86767 1046.14869  13.4%     -   90s
     0     0 1046.14869    0  493 1207.86767 1046.14869  13.4%     -   90s
     0     0 1046.18247    0  496 1207.86767 1046.18247  13.4%     -   91s
     0     0 1046.19239    0  503 1207.86767 1046.19239  13.4%     -   92s
     0     0 1046.20768    0  501 1207.86767 1046.20768  13.4%     -   92s
     0     0 1046.20768    0  501 1207.86767 1046.20768  13.4%     -   92s
     0     0 1046.26666    0  491 1207.86767 1046.26666  13.4%     -   94s
     0     0 1046.26915    0  491 1207.86767 1046.26915  13.4%     -   94s
     0     0 1046.27986    0  491 1207.86767 1046.27986  13.4%     -   95s
H    0     0                    1203.4539843 1046.27986  13.1%     -   96s
H    0     0                    1202.3865653 1046.27986  13.0%     -   96s
H    0     0                    1199.9584974 1046.27986  12.8%     -   96s
     0     0 1046.28208    0  489 1199.95850 1046.28208  12.8%     -   97s
     0     0 1046.30154    0  486 1199.95850 1046.30154  12.8%     -   98s
     0     0 1046.30154    0  486 1199.95850 1046.30154  12.8%     -   98s
     0     0 1046.30154    0  479 1199.95850 1046.30154  12.8%     -   98s
     0     0 1055.65394    0  403 1199.95850 1055.65394  12.0%     -  117s
H    0     0                    1192.8329690 1055.65394  11.5%     -  118s
H    0     0                    1188.8289613 1055.65394  11.2%     -  118s
H    0     0                    1188.3637922 1055.65394  11.2%     -  118s
     0     0 1055.65394    0  457 1188.36379 1055.65394  11.2%     -  125s
H    0     0                    1184.5494058 1055.65394  10.9%     -  126s
H    0     0                    1181.6708867 1055.65394  10.7%     -  127s
H    0     0                    1180.7704255 1055.65394  10.6%     -  127s
H    0     0                    1180.7704250 1055.65394  10.6%     -  128s
H    0     0                    1180.7704219 1055.65394  10.6%     -  129s
H    0     0                    1177.5600349 1055.65394  10.4%     -  130s
     0     0 1055.65394    0  458 1177.56003 1055.65394  10.4%     -  136s
     0     0 1055.65394    0  491 1177.56003 1055.65394  10.4%     -  138s
     0     0 1055.65394    0  481 1177.56003 1055.65394  10.4%     -  138s
     0     0 1055.65394    0  480 1177.56003 1055.65394  10.4%     -  138s
     0     0 1055.65394    0  485 1177.56003 1055.65394  10.4%     -  138s
     0     0 1055.65394    0  486 1177.56003 1055.65394  10.4%     -  138s
     0     0 1055.65394    0  499 1177.56003 1055.65394  10.4%     -  140s
     0     0 1055.65394    0  487 1177.56003 1055.65394  10.4%     -  143s
     0     0 1055.65394    0  504 1177.56003 1055.65394  10.4%     -  147s
     0     0 1055.65394    0  504 1177.56003 1055.65394  10.4%     -  147s
     0     0 1055.65394    0  499 1177.56003 1055.65394  10.4%     -  150s
     0     0 1055.65394    0  503 1177.56003 1055.65394  10.4%     -  151s
     0     0 1055.65394    0  502 1177.56003 1055.65394  10.4%     -  151s
     0     0 1055.65394    0  500 1177.56003 1055.65394  10.4%     -  152s
     0     0 1055.65394    0  501 1177.56003 1055.65394  10.4%     -  152s
     0     0 1055.65394    0  499 1177.56003 1055.65394  10.4%     -  153s
     0     0 1055.65394    0  500 1177.56003 1055.65394  10.4%     -  155s
     0     0 1055.65394    0  509 1177.56003 1055.65394  10.4%     -  156s
     0     0 1055.65394    0  509 1177.56003 1055.65394  10.4%     -  156s
     0     0 1055.65394    0  494 1177.56003 1055.65394  10.4%     -  158s
     0     2 1055.65394    0  493 1177.56003 1055.65394  10.4%     -  167s
    11    24 1055.65394    4  488 1177.56003 1055.65394  10.4%   249  170s
    28    38 1055.65394    7  487 1177.56003 1055.65394  10.4%  1397  177s
    37    50 1055.65394    8  476 1177.56003 1055.65394  10.4%  1454  180s
    64    77 1055.65394   12  463 1177.56003 1055.65394  10.4%  1114  187s
    76    95 1057.41054   12  459 1177.56003 1055.65394  10.4%  1013  190s
   109   127 1058.22640   21  440 1177.56003 1055.65394  10.4%   710  196s
   137   141 1060.76732   24  421 1177.56003 1055.65394  10.4%   718  203s
   140   147 1061.32109   25  420 1177.56003 1055.65394  10.4%   726  206s
   146   158 1065.36829   42  428 1177.56003 1055.65394  10.4%   851  210s
   170   183 1061.58736   27  423 1177.56003 1055.65394  10.4%   794  215s
   194   206 1067.94702   46  433 1177.56003 1055.65394  10.4%   770  223s
   205   224 1075.70248   27  422 1177.56003 1055.65394  10.4%   730  228s
   223   245 1075.86225   28  422 1177.56003 1055.65394  10.4%   684  230s
   244   248 1077.57589   29  423 1177.56003 1055.65394  10.4%   678  235s
   261   286 1078.48802   30  424 1177.56003 1055.65394  10.4%   676  244s
   297   293 1080.33319   35  429 1177.56003 1055.65394  10.4%   715  248s
H  300   293                    1177.0912359 1055.65394  10.3%   743  248s
   360   394 1089.70647   50  417 1177.09124 1055.65394  10.3%   658  252s
   452   470 1096.98204   89  434 1177.09124 1055.65394  10.3%   611  256s
   481   498 1097.06960   90  427 1177.09124 1055.65394  10.3%   604  261s
   540   576 1101.02785   98  397 1177.09124 1055.65394  10.3%   598  266s
   633   660 1102.38917  104  410 1177.09124 1055.65394  10.3%   587  273s
   696   718 1114.54691  105  399 1177.09124 1055.65394  10.3%   574  279s
   760   752 1116.95064  107  420 1177.09124 1055.65394  10.3%   570  284s
   794   832 1118.61374  109  403 1177.09124 1055.65394  10.3%   584  289s
   876   878 1124.66498  126  407 1177.09124 1055.65394  10.3%   560  293s
H  924   919                    1175.9953818 1055.65394  10.2%   564  298s
   968   993 1130.76182  131  384 1175.99538 1055.65394  10.2%   563  302s
  1074  1012     cutoff  136      1175.99538 1055.65394  10.2%   545  308s
  1099  1013 1113.02503   66  447 1175.99538 1055.65394  10.2%   589  334s
  1101  1014 1108.35190  110  392 1175.99538 1055.65394  10.2%   588  340s
H 1101   963                    1175.9953767 1055.65394  10.2%   588  348s
  1103   965 1084.33552   37  477 1175.99538 1055.65394  10.2%   587  352s
  1104   965 1131.87463  133  486 1175.99538 1055.65394  10.2%   586  355s

Cutting planes:
  Gomory: 15
  Cover: 25
  Implied bound: 127
  Projected implied bound: 10
  MIR: 77
  Mixing: 1
  Flow cover: 112
  GUB cover: 1
  Zero half: 26
  RLT: 7
  Relax-and-lift: 116
  BQP: 2

Explored 1106 nodes (1057739 simplex iterations) in 360.01 seconds (1097.04 work units)
Thread count was 4 (of 32 available processors)

Solution count 10: 1176 1176 1177.09 ... 1188.83

Time limit reached
Best objective 1.175995376747e+03, best bound 1.055877176200e+03, gap 10.2142%

User-callback calls 95997, time in user-callback 0.01 sec
Cap boundary reject: PORT-591 real=1707.689 baseline=1171.608
Cap boundary debug: PORT-591 -> [346 276 277 343 342 278 279 280 341 281 307 567 514 513 441 442 443 444 449 450 452 453 456 457 458 455 454 451 448 438 435] -> PORT-593 -> [528 569 570 571 573 574 577 576 527 568 566 563 564 565 562 554 553 550 551 552 285 286 287 315 314 313 312 288 289 311 309 310 292 293 294 295 306 305 304 303 302 301 300 299 298 297 296 290 291 572 534 535 536 537 538 539 544 540 543 542 541 545 546 547 548 549 561 560 559 558 555 284 283 282 556 557 316 317 318 319 320 340 344 345] -> PORT-591 | load_left=43408 load_right=44244 cap=45000
Set parameter Username
Set parameter LicenseID to value 2738882
Academic license - for non-commercial use only - expires 2026-11-14
Set parameter TimeLimit to value 360
Set parameter Seed to value 1078577452
Set parameter Threads to value 4
Set parameter OutputFlag to value 1
Set parameter LogToConsole to value 1
Set parameter LazyConstraints to value 1
Gurobi Optimizer version 13.0.0 build v13.0.0rc1 (linux64 - "Debian GNU/Linux 13 (trixie)")

CPU model: AMD Ryzen 9 5950X 16-Core Processor, instruction set [SSE2|AVX|AVX2]
Thread count: 16 physical cores, 32 logical processors, using up to 4 threads

Non-default parameters:
TimeLimit  360
Seed  1078577452
Threads  4
LazyConstraints  1

Optimize a model with 57082 rows, 164268 columns and 328524 nonzeros (Min)
Model fingerprint: 0xb13682d3
Model has 54288 linear objective coefficients
Variable types: 109512 continuous, 54756 integer (54756 binary)
Coefficient statistics:
  Matrix range     [1e+00, 4e+04]
  Objective range  [4e-01, 1e+05]
  Bounds range     [1e+00, 4e+04]
  RHS range        [1e+00, 1e+04]
Presolve removed 2564 rows and 56273 columns
Presolve time: 0.43s
Presolved: 54518 rows, 107995 columns, 324540 nonzeros
Variable types: 53590 continuous, 54405 integer (54405 binary)
Root relaxation presolved: 54518 rows, 107995 columns, 324540 nonzeros

Deterministic concurrent LP optimizer: primal and dual simplex
Showing primal log only...


Root simplex log...

Iteration    Objective       Primal Inf.    Dual Inf.      Time
   58896    8.1320262e+02   0.000000e+00   5.679706e+03      5s
   83287    7.9955647e+02   0.000000e+00   0.000000e+00      7s
Concurrent spin time: 0.00s

Solved with primal simplex

Root relaxation: objective 7.995565e+02, 83287 iterations, 6.17 seconds (11.57 work units)

    Nodes    |    Current Node    |     Objective Bounds      |     Work
 Expl Unexpl |  Obj  Depth IntInf | Incumbent    BestBd   Gap | It/Node Time

     0     0  799.55647    0  382          -  799.55647      -     -    7s
     0     0  799.55647    0  382          -  799.55647      -     -   36s
H    0     0                    2135.1853250  799.55647  62.6%     -   37s
H    0     0                    1620.3161234  799.55647  50.7%     -   62s
H    0     0                    1435.0359879  799.55647  44.3%     -   91s
     0     0  820.65588    0  350 1435.03599  820.65588  42.8%     -   93s
     0     0  826.63764    0  450 1435.03599  826.63764  42.4%     -   99s
     0     0  826.63764    0  450 1435.03599  826.63764  42.4%     -  107s
     0     0  826.63764    0  450 1435.03599  826.63764  42.4%     -  115s
     0     0  826.63764    0  450 1435.03599  826.63764  42.4%     -  127s
H    0     0                    1422.3620554  826.63764  41.9%     -  128s
H    0     0                    1414.8511240  826.63764  41.6%     -  128s
H    0     0                    1403.7056240  826.63764  41.1%     -  129s
H    0     0                    1400.8000733  826.63764  41.0%     -  130s
H    0     0                    1398.8525207  826.63764  40.9%     -  132s
H    0     0                    1394.1505263  826.63764  40.7%     -  136s
H    0     0                    1394.1505202  826.63764  40.7%     -  137s
     0     0  827.76492    0  456 1394.15052  827.76492  40.6%     -  138s
     0     0  827.76492    0  456 1394.15052  827.76492  40.6%     -  138s
     0     0  829.41480    0  460 1394.15052  829.41480  40.5%     -  145s
     0     0  831.77029    0  463 1394.15052  831.77029  40.3%     -  145s
     0     0  831.79833    0  465 1394.15052  831.79833  40.3%     -  145s
     0     0  831.79833    0  465 1394.15052  831.79833  40.3%     -  145s
     0     0  850.58655    0  470 1394.15052  850.58655  39.0%     -  158s
     0     0  850.69333    0  470 1394.15052  850.69333  39.0%     -  158s
     0     0  850.69380    0  470 1394.15052  850.69380  39.0%     -  159s
     0     0  851.27415    0  482 1394.15052  851.27415  38.9%     -  167s
     0     0  851.28336    0  485 1394.15052  851.28336  38.9%     -  168s
     0     0  851.35546    0  483 1394.15052  851.35546  38.9%     -  172s
     0     0  851.36596    0  476 1394.15052  851.36596  38.9%     -  172s
     0     0  851.37147    0  483 1394.15052  851.37147  38.9%     -  172s
     0     0  851.68364    0  499 1394.15052  851.68364  38.9%     -  177s
     0     0  851.79444    0  496 1394.15052  851.79444  38.9%     -  178s
     0     0  851.79444    0  498 1394.15052  851.79444  38.9%     -  178s
     0     0  858.84524    0  485 1394.15052  858.84524  38.4%     -  182s
     0     0  858.97165    0  480 1394.15052  858.97165  38.4%     -  182s
     0     0  859.00683    0  489 1394.15052  859.00683  38.4%     -  182s
     0     0  859.00889    0  495 1394.15052  859.00889  38.4%     -  182s
     0     0  860.58763    0  500 1394.15052  860.58763  38.3%     -  187s
     0     0  860.68434    0  511 1394.15052  860.68434  38.3%     -  187s
     0     0  860.71400    0  509 1394.15052  860.71400  38.3%     -  187s
     0     0  860.71504    0  510 1394.15052  860.71504  38.3%     -  188s
     0     0  860.77586    0  504 1394.15052  860.77586  38.3%     -  191s
     0     0  860.77706    0  511 1394.15052  860.77706  38.3%     -  191s
     0     0  861.28618    0  510 1394.15052  861.28618  38.2%     -  195s
     0     0  861.30544    0  513 1394.15052  861.30544  38.2%     -  195s
     0     0  861.32656    0  514 1394.15052  861.32656  38.2%     -  199s
     0     0  861.33746    0  518 1394.15052  861.33746  38.2%     -  199s
     0     0  864.31441    0  499 1394.15052  864.31441  38.0%     -  206s
     0     0  864.40201    0  506 1394.15052  864.40201  38.0%     -  207s
     0     0  864.40532    0  512 1394.15052  864.40532  38.0%     -  207s
     0     0  864.52876    0  495 1394.15052  864.52876  38.0%     -  211s
     0     0  864.55039    0  507 1394.15052  864.55039  38.0%     -  211s
     0     0  864.55039    0  507 1394.15052  864.55039  38.0%     -  211s
     0     0  864.59029    0  511 1394.15052  864.59029  38.0%     -  215s
     0     0  864.60619    0  520 1394.15052  864.60619  38.0%     -  215s
     0     0  864.60619    0  518 1394.15052  864.60619  38.0%     -  215s
     0     0  864.61213    0  523 1394.15052  864.61213  38.0%     -  218s
     0     0  864.61272    0  523 1394.15052  864.61272  38.0%     -  219s
     0     0  864.61272    0  485 1394.15052  864.61272  38.0%     -  220s
     0     2  864.61272    0  484 1394.15052  864.61272  38.0%     -  226s
   146   158  881.59306   23  466 1394.15052  865.62732  37.9%  70.7  230s
   282   296  902.39853   59  454 1394.15052  865.62732  37.9%  82.4  235s
   335   346  911.57662   81  448 1394.15052  865.62732  37.9%   106  241s
   368   385  915.42423   90  432 1394.15052  865.62732  37.9%   135  245s
   419   430  920.22658  101  431 1394.15052  865.62732  37.9%   160  250s
   442   458  924.29862  106  427 1394.15052  865.62732  37.9%   195  255s
   509   524  925.79521  117  432 1394.15052  865.62732  37.9%   201  260s
   555   574  929.98945  123  434 1394.15052  865.62732  37.9%   217  265s
   597   602  945.20463  137  430 1394.15052  865.62732  37.9%   235  271s
   623   633  946.28437  141  427 1394.15052  865.62732  37.9%   250  275s
   642   651  946.44477  144  416 1394.15052  865.62732  37.9%   262  280s
   650   658  946.50430  146  424 1394.15052  865.62732  37.9%   269  285s
   668   705  951.16885  155  416 1394.15052  865.62732  37.9%   277  290s
   713   717  952.98613  165  428 1394.15052  865.62732  37.9%   280  298s
H  715   717                    1389.0321140  865.62732  37.7%   280  298s
   716   730  953.14534  166  417 1389.03211  865.62732  37.7%   282  302s
H  729   734                    1379.5731795  865.62732  37.3%   284  304s
   733   781  956.72926  174  422 1379.57318  865.62732  37.3%   289  307s
H  766   781                    1376.3710240  865.62732  37.1%   280  307s
   803   823  958.41960  185  418 1376.37102  865.62732  37.1%   281  311s
H  864   877                    1375.2952900  865.62732  37.1%   281  316s
   876   895  959.43820  195  441 1375.29529  865.62732  37.1%   285  320s
H  894   912                    1375.0328106  865.62732  37.0%   292  323s
H  897   912                    1374.9657501  865.62732  37.0%   295  323s
   911   916  959.90273  199  421 1374.96575  865.62732  37.0%   301  326s
   927   971  960.05504  201  437 1374.96575  865.62732  37.0%   302  330s
   991   996  961.25899  213  440 1374.96575  865.62732  37.0%   305  337s
   995  1021  961.27461  214  440 1374.96575  865.62732  37.0%   307  340s
  1024  1048  962.07151  220  433 1374.96575  865.62732  37.0%   313  347s
  1047  1083  963.12906  230  431 1374.96575  865.62732  37.0%   317  352s
H 1076  1083                    1360.1171275  865.62732  36.4%   319  352s
  1082  1087  965.34889  242  431 1360.11713  865.62732  36.4%   321  355s

Cutting planes:
  Gomory: 3
  Cover: 9
  Implied bound: 182
  Clique: 3
  MIR: 53
  Flow cover: 78
  GUB cover: 1
  Zero half: 63
  RLT: 12
  Relax-and-lift: 177
  BQP: 1
  Lazy constraints: 8

Explored 1129 nodes (508641 simplex iterations) in 360.00 seconds (964.94 work units)
Thread count was 4 (of 32 available processors)

Solution count 10: 1360.12 1374.97 1375.03 ... 1400.8

Time limit reached
Best objective 1.360117127494e+03, best bound 8.656273233330e+02, gap 36.3564%

User-callback calls 103215, time in user-callback 0.01 sec
Cap boundary opt: PORT-593 stations=115 obj=1360.117 real=1211.091 baseline=1332.715
Set parameter Username
Set parameter LicenseID to value 2738882
Academic license - for non-commercial use only - expires 2026-11-14
Segment 1 eval: start=BOAT-0 end=PORT-583 stations=48 (optimize)
  Segment 1 order: -501 -500 -499 -498 -497 -496 -495 112 113 -494 114 -275 -111 -274 -107 -106 -105 104 -103 -102 -101 108 109 110 -273 -272 271 253 252 249 -248 -247 -245 -244 -243 -238 237 -215 -214 213 -192 218 -191 219 -190 -223 222 -135
Segment 2 eval: start=PORT-583 end=PORT-581 stations=62 (optimize)
  Segment 2 order: 133 134 -132 -181 230 232 233 234 -235 231 -227 228 229 -180 -179 -154 -153 -157 -156 -155 -173 -172 174 175 -176 -177 171 -170 -169 -168 -167 -166 -165 -164 -163 -162 -161 -160 159 158 -150 -149 -148 -147 -146 -145 -144 -142 -9 -8 -141 -140 -139 151 -152 -138 -137 -136 -2 90 -94 -92
Segment 3 eval: start=PORT-581 end=PORT-591 stations=80 (optimize)
  Segment 3 order: 56 55 -54 -53 -52 -51 -50 -49 -48 -39 -38 -37 66 67 68 69 -36 -35 -32 -31 -29 -27 26 28 30 -33 -34 41 42 43 44 45 46 -40 47 396 397 -398 -395 -394 -393 -392 -391 -390 -389 -388 -387 402 -403 385 -384 -383 -382 -414 -413 412 -409 408 -410 411 380 378 -379 -377 -376 -375 374 -373 -372 -371 -370 369 359 360 -358 -353 -350 -349 -326 328
Segment 4 eval: start=PORT-591 end=PORT-593 stations=79 (optimize)
  Segment 4 order: 276 277 278 279 280 -341 -340 -320 -319 -318 -317 -316 281 557 -556 282 283 -284 555 558 559 -560 561 -562 -554 553 550 551 552 285 286 287 315 -314 313 -312 -288 -311 -309 -310 289 290 291 292 293 294 -307 303 -304 -302 -301 -300 -299 298 305 306 295 296 -297 -547 549 548 -546 -545 541 542 543 540 -544 -539 -538 -537 536 -535 -534 573 574 -577 528
Segment 5 eval: start=PORT-593 end=PORT-591 stations=36 (optimize)
  Segment 5 order: -514 -513 441 442 443 444 449 450 451 452 454 455 -458 -457 -456 -453 -448 -438 -435 527 -576 -572 -571 -570 -569 -568 -567 -565 -564 -563 566 342 343 344 345 346
Segment 6 eval: start=PORT-591 end=PORT-583 stations=90 (optimize)
  Segment 6 order: -347 333 334 335 336 337 338 339 321 323 324 325 -327 329 330 331 332 348 -361 -362 -363 -364 365 367 368 -426 -381 -425 417 -424 422 423 -421 -420 -419 -418 -416 415 404 405 406 -407 -399 -400 401 386 -62 -61 -60 58 -59 -57 -64 63 65 22 23 24 79 -77 -70 -76 71 74 -73 -72 -75 -78 80 81 82 83 84 85 -86 87 -88 89 -91 95 96 -480 -465 -464 505 437 436 512 -440 -506
Segment 7 eval: start=PORT-583 end=PORT-588 stations=38 (optimize)
  Segment 7 order: 97 236 239 240 -241 242 98 99 100 246 250 251 208 209 210 211 -212 198 199 202 203 204 -131 -129 130 -256 257 259 258 -128 -127 126 -125 -124 -264 268 269 270
Segment 8 eval: start=PORT-588 end=PORT-581 stations=50 (optimize)
  Segment 8 order: 118 -117 -116 115 476 477 478 475 -474 -473 119 120 123 267 -262 -261 254 207 -206 -201 -196 -194 -193 -217 -189 -188 -187 -186 -185 -184 183 182 178 1 3 4 5 10 11 12 13 14 143 15 16 17 18 -21 19 -20
Segment 9 eval: start=PORT-581 end=PORT-591 stations=31 (optimize)
  Segment 9 order: -93 -25 6 7 -226 -224 225 -221 220 -216 195 197 200 205 -255 -260 263 265 266 121 122 -472 471 -470 -469 -467 -466 -479 481 483 308
Segment 10 eval: start=PORT-591 end=PORT-593 stations=24 (optimize)
  Segment 10 order: 366 -357 -356 -355 354 -352 -351 -322 -533 -532 -531 -530 -529 575 578 579 580 524 525 526 -523 -522 -521 -427
Segment 11 eval: start=PORT-593 end=PORT-584 stations=24 (optimize)
  Segment 11 order: 515 516 519 -520 -518 -517 428 429 430 431 432 433 -434 447 -446 -445 439 -511 -510 -509 -508 -507 -504 -503
Segment 12 eval: start=PORT-584 end=PORT-584 stations=9 (optimize)
  Segment 12 order: 502 -488 -487 486 -482 493 -492 -491 -490
Segment 13 eval: start=PORT-584 end=BOAT-END stations=9 (optimize)
  Segment 13 order: 489 -462 484 463 468 459 460 461 485
Cap boundary debug: PORT-593 -> [514 513 441 442 443 448 452 453 456 457 458 455 454 451 450 449 444 438 435 527 576 572 571 570 569 568 567 565 564 563 566 342 343 344 345 346] -> PORT-591 -> [347 333 334 335 336 337 338 339 321 323 324 325 327 329 330 331 332 348 363 367 365 364 362 361 368 426 381 416 415 425 417 418 424 422 423 421 420 419 404 405 406 407 399 400 401 386 62 61 60 58 59 57 64 63 65 22 23 24 96 95 91 89 88 81 80 79 78 77 70 76 82 83 84 85 86 72 73 74 71 75 87 437 436 512 440 506 505 464 480 465] -> PORT-583 | load_left=44596 load_right=44264 cap=45000
Set parameter Username
Set parameter LicenseID to value 2738882
Academic license - for non-commercial use only - expires 2026-11-14
Set parameter TimeLimit to value 360
Set parameter Seed to value 1742975688
Set parameter Threads to value 4
Set parameter OutputFlag to value 1
Set parameter LogToConsole to value 1
Set parameter LazyConstraints to value 1
Gurobi Optimizer version 13.0.0 build v13.0.0rc1 (linux64 - "Debian GNU/Linux 13 (trixie)")

CPU model: AMD Ryzen 9 5950X 16-Core Processor, instruction set [SSE2|AVX|AVX2]
Thread count: 16 physical cores, 32 logical processors, using up to 4 threads

Non-default parameters:
TimeLimit  360
Seed  1742975688
Threads  4
LazyConstraints  1

Optimize a model with 68082 rows, 196608 columns and 393204 nonzeros (Min)
Model fingerprint: 0x0707ca80
Model has 65024 linear objective coefficients
Variable types: 131072 continuous, 65536 integer (65536 binary)
Coefficient statistics:
  Matrix range     [1e+00, 4e+04]
  Objective range  [8e-01, 1e+05]
  Bounds range     [1e+00, 4e+04]
  RHS range        [1e+00, 1e+04]
Presolve removed 2806 rows and 67196 columns
Presolve time: 0.56s
Presolved: 65276 rows, 129412 columns, 388741 nonzeros
Variable types: 64260 continuous, 65152 integer (65152 binary)
Root relaxation presolved: 65276 rows, 129412 columns, 388741 nonzeros

Deterministic concurrent LP optimizer: primal and dual simplex
Showing primal log only...


Root simplex log...

Iteration    Objective       Primal Inf.    Dual Inf.      Time
   60902    2.1277453e+02   0.000000e+00   2.284080e+00      5s
   66011    1.0743913e+03   0.000000e+00   0.000000e+00      5s
Concurrent spin time: 0.00s

Solved with primal simplex

Root relaxation: objective 1.074391e+03, 66011 iterations, 4.69 seconds (9.11 work units)

    Nodes    |    Current Node    |     Objective Bounds      |     Work
 Expl Unexpl |  Obj  Depth IntInf | Incumbent    BestBd   Gap | It/Node Time

     0     0 1074.39134    0  453          - 1074.39134      -     -    6s
H    0     0                    203630.89748 1074.39134  99.5%     -    7s
H    0     0                    202316.61641 1074.39134  99.5%     -    7s
H    0     0                    202234.45371 1074.39134  99.5%     -    8s
H    0     0                    202210.99950 1074.39134  99.5%     -    9s
H    0     0                    202209.23505 1074.39134  99.5%     -   10s
H    0     0                    202203.12604 1074.39134  99.5%     -   11s
H    0     0                    2198.5834680 1074.39134  51.1%     -   12s
H    0     0                    2081.8880005 1074.39134  48.4%     -   12s
H    0     0                    2073.0744573 1074.39134  48.2%     -   28s
     0     0 1077.76568    0  509 2073.07446 1077.76568  48.0%     -   31s
     0     0 1077.76568    0  458 2073.07446 1077.76568  48.0%     -   35s
H    0     0                    1974.7700615 1077.76568  45.4%     -   47s
     0     0 1077.76790    0  498 1974.77006 1077.76790  45.4%     -   49s
H    0     0                    1970.7476681 1077.76992  45.3%     -   50s
H    0     0                    1924.0845501 1077.76992  44.0%     -   50s
H    0     0                    1910.8772095 1077.76992  43.6%     -   51s
H    0     0                    1904.9264251 1077.76992  43.4%     -   51s
H    0     0                    1903.8952567 1077.76992  43.4%     -   52s
H    0     0                    1903.8182672 1077.76992  43.4%     -   52s
H    0     0                    1892.3250347 1077.76992  43.0%     -   52s
H    0     0                    1870.0807474 1077.76992  42.4%     -   52s
H    0     0                    1866.3657313 1077.76992  42.3%     -   52s
H    0     0                    1850.4064030 1077.76992  41.8%     -   52s
H    0     0                    1845.6596581 1077.76992  41.6%     -   52s
     0     0 1077.76992    0  498 1845.65966 1077.76992  41.6%     -   57s
H    0     0                    1845.4324783 1077.76992  41.6%     -   60s
H    0     0                    1843.3973960 1077.76992  41.5%     -   61s
H    0     0                    1842.4019656 1077.76992  41.5%     -   61s
H    0     0                    1831.0779178 1077.76992  41.1%     -   61s
H    0     0                    1828.8006506 1077.76992  41.1%     -   62s
H    0     0                    1827.1592588 1077.76992  41.0%     -   62s
     0     0 1150.44149    0  461 1827.15926 1150.44149  37.0%     -   78s
     0     0 1150.44201    0  465 1827.15926 1150.44201  37.0%     -   78s
     0     0 1150.44208    0  463 1827.15926 1150.44208  37.0%     -   78s
     0     0 1154.52103    0  515 1827.15926 1154.52103  36.8%     -   81s
     0     0 1155.15067    0  517 1827.15926 1155.15067  36.8%     -   82s
     0     0 1155.16596    0  515 1827.15926 1155.16596  36.8%     -   82s
     0     0 1155.16596    0  515 1827.15926 1155.16596  36.8%     -   82s
     0     0 1159.83302    0  528 1827.15926 1159.83302  36.5%     -   88s
     0     0 1159.86782    0  526 1827.15926 1159.86782  36.5%     -   88s
     0     0 1159.86919    0  535 1827.15926 1159.86919  36.5%     -   88s
     0     0 1162.64855    0  558 1827.15926 1162.64855  36.4%     -   94s
     0     0 1162.99360    0  576 1827.15926 1162.99360  36.3%     -   95s
     0     0 1162.99591    0  577 1827.15926 1162.99591  36.3%     -   95s
     0     0 1163.52322    0  575 1827.15926 1163.52322  36.3%     -   97s
     0     0 1163.53845    0  575 1827.15926 1163.53845  36.3%     -   97s
     0     0 1163.87471    0  587 1827.15926 1163.87471  36.3%     -   99s
     0     0 1163.90491    0  597 1827.15926 1163.90491  36.3%     -   99s
     0     0 1163.90491    0  597 1827.15926 1163.90491  36.3%     -   99s
     0     0 1164.21419    0  597 1827.15926 1164.21419  36.3%     -  101s
     0     0 1164.22533    0  599 1827.15926 1164.22533  36.3%     -  102s
     0     0 1164.37847    0  593 1827.15926 1164.37847  36.3%     -  104s
     0     0 1164.37848    0  591 1827.15926 1164.37848  36.3%     -  104s
     0     0 1164.47629    0  599 1827.15926 1164.47629  36.3%     -  105s
     0     0 1164.47678    0  598 1827.15926 1164.47678  36.3%     -  106s
     0     0 1164.90399    0  598 1827.15926 1164.90399  36.2%     -  107s
     0     0 1164.90402    0  603 1827.15926 1164.90402  36.2%     -  107s
     0     0 1165.34328    0  605 1827.15926 1165.34328  36.2%     -  110s
     0     0 1165.34331    0  608 1827.15926 1165.34331  36.2%     -  110s
     0     0 1165.59588    0  606 1827.15926 1165.59588  36.2%     -  112s
     0     0 1165.59707    0  606 1827.15926 1165.59707  36.2%     -  112s
     0     0 1166.07533    0  624 1827.15926 1166.07533  36.2%     -  114s
     0     0 1166.08869    0  611 1827.15926 1166.08869  36.2%     -  114s
     0     0 1166.10566    0  611 1827.15926 1166.10566  36.2%     -  117s
     0     0 1166.10669    0  608 1827.15926 1166.10669  36.2%     -  117s
     0     0 1166.14919    0  599 1827.15926 1166.14919  36.2%     -  118s
     0     0 1166.17288    0  599 1827.15926 1166.17288  36.2%     -  119s
     0     0 1166.17288    0  562 1827.15926 1166.17288  36.2%     -  119s
H    0     0                    1818.2863324 1166.17288  35.9%     -  130s
     0     2 1166.17288    0  562 1818.28633 1166.17288  35.9%     -  139s
     1     4 1166.22139    1  551 1818.28633 1166.17288  35.9%  1564  140s
     7    12 1168.64833    3  577 1818.28633 1166.29147  35.9%  1950  145s
    17    23 1172.24033    5  558 1818.28633 1166.29147  35.9%  2205  150s
    28    38 1174.59028    9  541 1818.28633 1166.29147  35.9%  2001  155s
    51    56 1178.66997   16  543 1818.28633 1166.29147  35.9%  1702  162s
    59    65 1181.71999   17  533 1818.28633 1166.29147  35.9%  1807  166s
H   69    71                    1812.9643136 1166.29147  35.7%  1706  168s
    70    81 1180.66180   18  532 1812.96431 1166.29147  35.7%  1691  171s
    97   109 1184.55090   24  551 1812.96431 1166.29147  35.7%  1443  175s
H  106   109                    1810.6870464 1166.29147  35.6%  1387  175s
H  112   121                    1810.1338079 1166.29147  35.6%  1390  180s
   133   144 1186.98565   32  535 1810.13381 1166.29147  35.6%  1262  187s
H  142   144                    1787.1633520 1166.29147  34.7%  1187  187s
   143   159 1187.19905   33  539 1787.16335 1166.29147  34.7%  1186  192s
   158   173 1189.40248   39  539 1787.16335 1166.29147  34.7%  1134  196s
H  161   173                    1778.6093054 1166.29147  34.4%  1113  196s
H  175   179                    1774.6453454 1166.29147  34.3%  1084  198s
   178   194 1190.33129   45  532 1774.64535 1166.29147  34.3%  1074  203s
   193   205 1190.54522   48  524 1774.64535 1166.29147  34.3%  1040  207s
   204   209 1192.90813   51  527 1774.64535 1166.29147  34.3%  1044  211s
H  205   209                    1774.6453449 1166.29147  34.3%  1039  211s
H  206   209                    1760.5336162 1166.29147  33.8%  1034  211s
   230   240 1192.72240   57  526 1760.53362 1166.29147  33.8%   963  217s
   239   246 1213.61954   58  519 1760.53362 1166.29147  33.8%  1018  223s
   245   258 1195.08520   59  523 1760.53362 1166.29147  33.8%  1032  227s
H  253   258                    1749.6315751 1166.29147  33.3%  1001  227s
   257   269 1199.44981   68  501 1749.63158 1166.29147  33.3%   995  231s
H  261   269                    1709.2099053 1166.29147  31.8%   981  231s
   268   288 1201.04812   72  506 1709.20991 1166.29147  31.8%  1010  237s
   287   299 1204.25331   85  501 1709.20991 1166.29147  31.8%  1045  241s
H  298   302                    1708.0483045 1166.29147  31.7%  1033  246s
H  300   302                    1706.9600912 1166.29147  31.7%  1029  246s
   322   335 1205.54100   89  509 1706.96009 1166.29147  31.7%   986  253s
H  332   335                    1705.7093129 1166.29147  31.6%   980  253s
   334   367 1207.87538   97  489 1705.70931 1166.29147  31.6%  1008  258s
   366   377 1209.28665  108  484 1705.70931 1166.29147  31.6%   950  262s
H  368   377                    1705.1057590 1166.29147  31.6%   947  262s
   376   409 1209.47490  109  483 1705.10576 1166.29147  31.6%   944  266s
   408   430 1211.50879  121  455 1705.10576 1166.29147  31.6%   929  270s
   429   462 1217.82476  125  446 1705.10576 1166.29147  31.6%   951  275s
   504   555 1221.61591  169  457 1705.10576 1166.29147  31.6%   922  285s
   554   595 1226.25906  195  464 1705.10576 1166.29147  31.6%   889  291s
H  594   599                    1701.9056089 1166.29147  31.5%   863  298s
H  598   603                    1700.0951452 1166.29147  31.4%   862  303s
H  600   603                    1698.5632694 1166.29147  31.3%   859  303s
   602   693 1226.96917  210  449 1698.56327 1166.29147  31.3%   857  308s
   692   778 1236.83340  240  431 1698.56327 1166.29147  31.3%   796  312s
   777   810 1242.71336  246  425 1698.56327 1166.29147  31.3%   749  317s
H  791   810                    1697.8251480 1166.29147  31.3%   744  317s
   809   868 1243.74661  252  430 1697.82515 1166.29147  31.3%   744  322s
H  867   872                    1695.9574473 1166.29147  31.2%   736  329s
   871   918 1245.80982  262  414 1695.95745 1166.29147  31.2%   736  334s
   917   968 1246.70812  271  420 1695.95745 1166.29147  31.2%   748  339s
   967  1004 1249.01335  288  414 1695.95745 1166.29147  31.2%   754  344s
  1003  1052 1251.84651  293  395 1695.95745 1166.29147  31.2%   758  351s
H 1042  1052                    1695.9574440 1166.29147  31.2%   750  351s
  1051  1120 1256.36481  313  388 1695.95744 1166.29147  31.2%   759  356s
  1119  1124 1258.13826  325  379 1695.95744 1166.29147  31.2%   760  360s

Cutting planes:
  Lift-and-project: 1
  Cover: 7
  Implied bound: 194
  Clique: 4
  MIR: 60
  Flow cover: 113
  Zero half: 47
  Network: 1
  RLT: 7
  Relax-and-lift: 216
  BQP: 3
  Lazy constraints: 1

Explored 1123 nodes (1026058 simplex iterations) in 360.01 seconds (1229.94 work units)
Thread count was 4 (of 32 available processors)

Solution count 10: 1695.96 1695.96 1697.83 ... 1708.05

Time limit reached
Best objective 1.695957443995e+03, best bound 1.166291473449e+03, gap 31.2311%

User-callback calls 99998, time in user-callback 0.02 sec
Cap boundary opt: PORT-591 stations=126 obj=1695.957 real=1690.620 baseline=1779.064
Set parameter Username
Set parameter LicenseID to value 2738882
Academic license - for non-commercial use only - expires 2026-11-14
Segment 1 eval: start=BOAT-0 end=PORT-583 stations=48 (optimize)
  Segment 1 order: -501 -500 -499 -498 -497 -496 -495 112 113 -494 114 -275 -111 -274 -107 -106 -105 104 -103 -102 -101 108 109 110 -273 -272 271 253 252 249 -248 -247 -245 -244 -243 -238 237 -215 -214 213 -192 218 -191 219 -190 -223 222 -135
Segment 2 eval: start=PORT-583 end=PORT-581 stations=62 (optimize)
  Segment 2 order: 133 134 -132 -181 230 232 233 234 -235 231 -227 228 229 -180 -179 -154 -153 -157 -156 -155 -173 -172 174 175 -176 -177 171 -170 -169 -168 -167 -166 -165 -164 -163 -162 -161 -160 159 158 -150 -149 -148 -147 -146 -145 -144 -142 -9 -8 -141 -140 -139 151 -152 -138 -137 -136 -2 90 -94 -92
Segment 3 eval: start=PORT-581 end=PORT-591 stations=80 (optimize)
  Segment 3 order: 56 55 -54 -53 -52 -51 -50 -49 -48 -39 -38 -37 66 67 68 69 -36 -35 -32 -31 -29 -27 26 28 30 -33 -34 41 42 43 44 45 46 -40 47 396 397 -398 -395 -394 -393 -392 -391 -390 -389 -388 -387 402 -403 385 -384 -383 -382 -414 -413 412 -409 408 -410 411 380 378 -379 -377 -376 -375 374 -373 -372 -371 -370 369 359 360 -358 -353 -350 -349 -326 328
Segment 4 eval: start=PORT-591 end=PORT-593 stations=79 (optimize)
  Segment 4 order: 276 277 278 279 280 -341 -340 -320 -319 -318 -317 -316 281 557 -556 282 283 -284 555 558 559 -560 561 -562 -554 553 550 551 552 285 286 287 315 -314 313 -312 -288 -311 -309 -310 289 290 291 292 293 294 -307 303 -304 -302 -301 -300 -299 298 305 306 295 296 -297 -547 549 548 -546 -545 541 542 543 540 -544 -539 -538 -537 536 -535 -534 573 574 -577 528
Segment 5 eval: start=PORT-593 end=PORT-591 stations=86 (optimize)
  Segment 5 order: 454 455 464 465 480 -96 -95 91 -89 88 -87 86 -85 -84 -83 -82 -81 -80 78 75 72 73 -74 -71 76 70 77 -79 -24 -23 -22 -65 -63 64 57 59 -58 60 61 62 -386 -401 400 399 407 -406 -405 -404 -415 416 418 419 420 421 -423 -422 424 -417 425 381 426 -368 -367 -365 364 363 362 361 -348 -332 -331 -330 -329 327 -325 -324 -323 -321 -339 -338 -337 -336 -335 -334 -333 347
Segment 6 eval: start=PORT-591 end=PORT-583 stations=40 (optimize)
  Segment 6 order: -346 -345 -344 -343 -342 -566 563 564 565 567 568 569 570 571 572 576 -527 -514 -513 -512 -436 435 438 -437 -440 441 442 443 444 -506 -505 -449 448 -450 451 452 453 456 457 458
Segment 7 eval: start=PORT-583 end=PORT-588 stations=38 (optimize)
  Segment 7 order: 97 236 239 240 -241 242 98 99 100 246 250 251 208 209 210 211 -212 198 199 202 203 204 -131 -129 130 -256 257 259 258 -128 -127 126 -125 -124 -264 268 269 270
Segment 8 eval: start=PORT-588 end=PORT-581 stations=50 (optimize)
  Segment 8 order: 118 -117 -116 115 476 477 478 475 -474 -473 119 120 123 267 -262 -261 254 207 -206 -201 -196 -194 -193 -217 -189 -188 -187 -186 -185 -184 183 182 178 1 3 4 5 10 11 12 13 14 143 15 16 17 18 -21 19 -20
Segment 9 eval: start=PORT-581 end=PORT-591 stations=31 (optimize)
  Segment 9 order: -93 -25 6 7 -226 -224 225 -221 220 -216 195 197 200 205 -255 -260 263 265 266 121 122 -472 471 -470 -469 -467 -466 -479 481 483 308
Segment 10 eval: start=PORT-591 end=PORT-593 stations=24 (optimize)
  Segment 10 order: 366 -357 -356 -355 354 -352 -351 -322 -533 -532 -531 -530 -529 575 578 579 580 524 525 526 -523 -522 -521 -427
Segment 11 eval: start=PORT-593 end=PORT-584 stations=24 (optimize)
  Segment 11 order: 515 516 519 -520 -518 -517 428 429 430 431 432 433 -434 447 -446 -445 439 -511 -510 -509 -508 -507 -504 -503
Segment 12 eval: start=PORT-584 end=PORT-584 stations=9 (optimize)
  Segment 12 order: 502 -488 -487 486 -482 493 -492 -491 -490
Segment 13 eval: start=PORT-584 end=BOAT-END stations=9 (optimize)
  Segment 13 order: 489 -462 484 463 468 459 460 461 485
Cap boundary debug: PORT-591 -> [346 345 344 343 342 566 563 564 565 567 568 569 570 571 572 576 527 435 438 443 444 449 448 458 457 456 453 452 451 450 505 506 442 441 440 437 436 512 513 514] -> PORT-583 -> [97 236 239 240 241 242 98 99 100 246 250 251 208 209 210 211 212 198 199 202 203 204 131 129 130 256 257 259 258 128 127 126 125 124 264 268 269 270] -> PORT-588 | load_left=44672 load_right=43657 cap=45000
Set parameter Username
Set parameter LicenseID to value 2738882
Academic license - for non-commercial use only - expires 2026-11-14
Set parameter TimeLimit to value 360
Set parameter Seed to value 255049053
Set parameter Threads to value 4
Set parameter OutputFlag to value 1
Set parameter LogToConsole to value 1
Set parameter LazyConstraints to value 1
Gurobi Optimizer version 13.0.0 build v13.0.0rc1 (linux64 - "Debian GNU/Linux 13 (trixie)")

CPU model: AMD Ryzen 9 5950X 16-Core Processor, instruction set [SSE2|AVX|AVX2]
Thread count: 16 physical cores, 32 logical processors, using up to 4 threads

Non-default parameters:
TimeLimit  360
Seed  255049053
Threads  4
LazyConstraints  1

Optimize a model with 27186 rows, 76800 columns and 153588 nonzeros (Min)
Model fingerprint: 0xe5fe5be1
Model has 25280 linear objective coefficients
Variable types: 51200 continuous, 25600 integer (25600 binary)
Coefficient statistics:
  Matrix range     [1e+00, 4e+04]
  Objective range  [4e-01, 1e+05]
  Bounds range     [1e+00, 4e+04]
  RHS range        [1e+00, 1e+04]
Presolve removed 1750 rows and 26636 columns
Presolve time: 0.25s
Presolved: 25436 rows, 50164 columns, 150167 nonzeros
Variable types: 24804 continuous, 25360 integer (25360 binary)
Root relaxation presolved: 25436 rows, 50164 columns, 150167 nonzeros

Deterministic concurrent LP optimizer: primal and dual simplex
Showing primal log only...

Concurrent spin time: 0.00s

Solved with primal simplex

Root relaxation: objective 8.512632e+02, 33978 iterations, 1.28 seconds (2.56 work units)

    Nodes    |    Current Node    |     Objective Bounds      |     Work
 Expl Unexpl |  Obj  Depth IntInf | Incumbent    BestBd   Gap | It/Node Time

     0     0  851.26319    0  294          -  851.26319      -     -    1s
     0     0  851.26319    0  294          -  851.26319      -     -    5s
     0     0  851.26319    0  294          -  851.26319      -     -   10s
     0     0  851.26319    0  294          -  851.26319      -     -   19s
     0     0  851.26319    0  294          -  851.26319      -     -   25s
     0     0  856.30898    0  299          -  856.30898      -     -   26s
     0     0  859.55325    0  321          -  859.55325      -     -   29s
H    0     0                    1864.5933597  859.98041  53.9%     -   32s
H    0     0                    1846.9198046  859.98041  53.4%     -   33s
H    0     0                    1844.6845948  859.98041  53.4%     -   33s
H    0     0                    1814.3087854  859.98041  52.6%     -   33s
H    0     0                    1809.9624543  859.98041  52.5%     -   34s
H    0     0                    1806.3954930  859.98041  52.4%     -   34s
     0     0  859.98041    0  322 1806.39549  859.98041  52.4%     -   34s
     0     0  859.98041    0  322 1806.39549  859.98041  52.4%     -   34s
     0     0  861.47707    0  335 1806.39549  861.47707  52.3%     -   36s
H    0     0                    1771.7799436  861.52375  51.4%     -   40s
H    0     0                    1731.8824679  861.52375  50.3%     -   40s
H    0     0                    1718.5791857  861.52375  49.9%     -   40s
     0     0  861.63466    0  336 1718.57919  861.63466  49.9%     -   40s
     0     0  861.73288    0  342 1718.57919  861.73288  49.9%     -   40s
     0     0  861.74434    0  340 1718.57919  861.74434  49.9%     -   40s
     0     0  861.74440    0  343 1718.57919  861.74440  49.9%     -   40s
     0     0  862.99725    0  361 1718.57919  862.99725  49.8%     -   44s
     0     0  863.55789    0  351 1718.57919  863.55789  49.8%     -   45s
     0     0  863.63728    0  356 1718.57919  863.63728  49.7%     -   45s
     0     0  863.63728    0  356 1718.57919  863.63728  49.7%     -   45s
     0     0  865.89105    0  356 1718.57919  865.89105  49.6%     -   49s
     0     0  865.90214    0  352 1718.57919  865.90214  49.6%     -   49s
     0     0  865.90243    0  357 1718.57919  865.90243  49.6%     -   49s
     0     0  866.14778    0  367 1718.57919  866.14778  49.6%     -   51s
H    0     0                    1619.3398509  866.25407  46.5%     -   51s
H    0     0                    1607.2651854  866.25407  46.1%     -   51s
H    0     0                    1602.6652418  866.25407  45.9%     -   51s
H    0     0                    1602.5925394  866.25407  45.9%     -   51s
H    0     0                    1590.7808240  866.25407  45.5%     -   51s
H    0     0                    1585.7487604  866.25407  45.4%     -   52s
H    0     0                    1582.1316801  866.25407  45.2%     -   52s
     0     0  866.25407    0  355 1582.13168  866.25407  45.2%     -   53s
     0     0  866.25407    0  363 1582.13168  866.25407  45.2%     -   53s
     0     0  866.25407    0  366 1582.13168  866.25407  45.2%     -   53s
     0     0  866.90518    0  364 1582.13168  866.90518  45.2%     -   55s
     0     0  866.92067    0  364 1582.13168  866.92067  45.2%     -   55s
     0     0  866.92589    0  367 1582.13168  866.92589  45.2%     -   55s
     0     0  867.25755    0  360 1582.13168  867.25755  45.2%     -   56s
     0     0  867.26084    0  360 1582.13168  867.26084  45.2%     -   56s
     0     0  867.97965    0  369 1582.13168  867.97965  45.1%     -   58s
     0     0  868.02562    0  372 1582.13168  868.02562  45.1%     -   58s
     0     0  868.02584    0  374 1582.13168  868.02584  45.1%     -   58s
     0     0  868.03248    0  364 1582.13168  868.03248  45.1%     -   60s
     0     0  868.03361    0  364 1582.13168  868.03361  45.1%     -   60s
     0     0  868.03361    0  352 1582.13168  868.03361  45.1%     -   60s
     0     0  868.03361    0  352 1582.13168  868.03361  45.1%     -   66s
     0     0  877.10459    0  301 1582.13168  877.10459  44.6%     -   73s
H    0     0                    1466.6284718  877.10459  40.2%     -   75s
H    0     0                    1454.5342774  877.10459  39.7%     -   75s
H    0     0                    1447.9036238  877.10459  39.4%     -   75s
H    0     0                    1425.3766485  877.10459  38.5%     -   76s
H    0     0                    1424.2373479  877.10459  38.4%     -   76s
H    0     0                    1421.5917809  877.10459  38.3%     -   76s
H    0     0                    1418.4717146  877.10459  38.2%     -   76s
H    0     0                    1406.0345367  877.10459  37.6%     -   77s
H    0     0                    1369.9179421  877.10459  36.0%     -   77s
H    0     0                    1363.4994584  877.10459  35.7%     -   78s
H    0     0                    1357.7160988  877.10459  35.4%     -   78s
H    0     0                    1352.8001079  877.10459  35.2%     -   78s
H    0     0                    1271.6158358  877.10459  31.0%     -   79s
     0     0  877.10459    0  325 1271.61584  877.10459  31.0%     -   80s
     0     0  877.10459    0  352 1271.61584  877.10459  31.0%     -   81s
     0     0  877.10459    0  358 1271.61584  877.10459  31.0%     -   82s
     0     0  877.10459    0  352 1271.61584  877.10459  31.0%     -   83s
     0     0  877.10459    0  357 1271.61584  877.10459  31.0%     -   83s
     0     0  877.10459    0  374 1271.61584  877.10459  31.0%     -   86s
H    0     0                    1264.8909794  877.10459  30.7%     -   86s
H    0     0                    1260.5988686  877.10459  30.4%     -   86s
H    0     0                    1260.3010646  877.10459  30.4%     -   87s
H    0     0                    1260.1470063  877.10459  30.4%     -   87s
H    0     0                    1259.0628706  877.10459  30.3%     -   87s
     0     0  877.10459    0  375 1259.06287  877.10459  30.3%     -   87s
     0     0  877.10459    0  374 1259.06287  877.10459  30.3%     -   89s
     0     0  877.10459    0  376 1259.06287  877.10459  30.3%     -   90s
     0     0  877.10459    0  372 1259.06287  877.10459  30.3%     -   90s
     0     0  877.10459    0  364 1259.06287  877.10459  30.3%     -   95s
     0     0  877.10459    0  365 1259.06287  877.10459  30.3%     -   95s
     0     0  877.10459    0  363 1259.06287  877.10459  30.3%     -   99s
     0     0  877.10459    0  363 1259.06287  877.10459  30.3%     -   99s
     0     0  877.10459    0  363 1259.06287  877.10459  30.3%     -  102s
H    0     0                    1247.9616849  877.10459  29.7%     -  102s
H    0     0                    1244.0183418  877.10459  29.5%     -  102s
     0     0  877.10459    0  360 1244.01834  877.10459  29.5%     -  107s
     0     0  877.10459    0  343 1244.01834  877.10459  29.5%     -  109s
     0     0  877.10459    0  357 1244.01834  877.10459  29.5%     -  109s
     0     0  877.10459    0  369 1244.01834  877.10459  29.5%     -  111s
     0     0  877.10459    0  369 1244.01834  877.10459  29.5%     -  111s
     0     0  877.10459    0  369 1244.01834  877.10459  29.5%     -  113s
     0     0  877.10459    0  369 1244.01834  877.10459  29.5%     -  113s
     0     0  877.10459    0  369 1244.01834  877.10459  29.5%     -  113s
     0     0  877.10459    0  369 1244.01834  877.10459  29.5%     -  113s
     0     2  885.30502    0  367 1244.01834  885.30502  28.8%     -  121s
    11    16  885.30502    4  349 1244.01834  885.30502  28.8%  1836  125s
    45    54  886.61170   10  340 1244.01834  885.30502  28.8%  1453  131s
H   47    54                    1173.1376380  885.30502  24.5%  1417  131s
    75    87  926.32767   16  198 1173.13764  885.30502  24.5%  1365  136s
    96   105  891.38245   18  337 1173.13764  885.30502  24.5%  1427  140s
H  118   120                    1169.3226330  885.30502  24.3%  1551  144s
   119   129  924.75913   21  220 1169.32263  885.30502  24.3%  1541  145s
H  131   135                    1153.5091484  885.30502  23.3%  1482  146s
   193   210  934.07831   32  196 1153.50915  885.30502  23.3%  1204  150s
H  211   214                    1049.0289007  885.30502  15.6%  1164  151s
H  270   268                     996.7934477  885.30502  11.2%   997  154s
H  271   232                     963.1018775  885.30502  8.08%   994  154s
   274   271  944.00702   49  174  963.10188  885.30502  8.08%   991  155s
   644   681  926.00736   34  156  963.10188  885.30502  8.08%   528  160s
H  759   670                     958.4548947  885.30502  7.63%   456  160s
   760   669  924.11331   51  352  958.45489  885.30502  7.63%   456  175s
H  761   636                     958.1380414  885.30502  7.60%   455  177s
H  762   604                     956.6605516  885.30502  7.46%   455  180s
   770   610  938.19953  169  383  956.66055  885.30502  7.46%   450  186s
   775   613  943.03312   34  364  956.66055  885.30502  7.46%   447  190s
   777   614  938.19953  169  353  956.66055  887.16613  7.26%   446  198s
   780   620  887.16613   15  353  956.66055  887.16613  7.26%   532  200s
   813   631  892.59921   19  346  956.66055  889.85765  6.98%   546  205s
   823   634  895.16741   20  359  956.66055  889.85765  6.98%   550  210s
   846   648  896.54143   23  312  956.66055  889.85765  6.98%   571  216s
   876   668  914.24168   25  296  956.66055  889.85765  6.98%   569  220s
   957   696     cutoff   32       956.66055  889.90594  6.98%   565  225s
  1123   708  928.98017   21  218  956.66055  890.13648  6.95%   526  230s
  1273   700     cutoff   41       956.66055  890.29581  6.94%   510  235s
  1412   785  933.54648   23  187  956.66055  891.33651  6.83%   507  240s
  1589   825  940.58577   38  203  956.66055  891.33651  6.83%   498  245s
  1834   849  938.35252   27  200  956.66055  898.86683  6.04%   483  250s
  2043   925  931.00624   32   38  956.66055  913.13132  4.55%   472  255s
  2284   951  929.78105   33  171  956.66055  913.62896  4.50%   456  261s
  2464  1084  938.64699   26   82  956.66055  914.72492  4.38%   452  266s
  2727  1140  928.04824   28  135  956.66055  915.46862  4.31%   427  270s
  2969  1325  940.54801   65  144  956.66055  916.07865  4.24%   423  275s
  3338  1533  939.63625   21   69  956.66055  917.14468  4.13%   406  280s
  3988  1906  918.71479   18  243  956.66055  918.24834  4.02%   373  286s
  4329  2160  933.75459   26  153  956.66055  918.56529  3.98%   369  291s
  4720  2481  924.11495   28  143  956.66055  918.85104  3.95%   359  297s
  4920  2495  939.97730   60  162  956.66055  918.85104  3.95%   355  301s
H 4944  2389                     950.9110281  918.85104  3.37%   356  308s
  5139  2636  927.11403   25  187  950.91103  919.12335  3.34%   351  311s
  5528  2693  945.54627   64  113  950.91103  919.39215  3.31%   337  315s
  5749  2924  933.82741   28  199  950.91103  919.49575  3.30%   336  322s
  5972  3049  932.90723   41  158  950.91103  919.51997  3.30%   331  326s
  6572  3269  940.65385   33  131  950.91103  920.06930  3.24%   324  334s
  6691  3488  925.76396   30  163  950.91103  920.12129  3.24%   323  338s
  7101  3809  946.09438   25  144  950.91103  920.44257  3.20%   315  342s
  7561  4106  942.08487   60  144  950.91103  920.50139  3.20%   308  346s
  8099  4450  926.59203   33  119  950.91103  920.72407  3.17%   297  350s
  8636  4860  935.80979   60  113  950.91103  921.07428  3.14%   291  355s
  9814  5286  924.90708   22  200  950.91103  921.46373  3.10%   277  360s

Cutting planes:
  Cover: 12
  Implied bound: 132
  Projected implied bound: 10
  Clique: 5
  MIR: 65
  Flow cover: 82
  Inf proof: 1
  Zero half: 37
  RLT: 9
  Relax-and-lift: 110
  BQP: 9

Explored 9854 nodes (2863805 simplex iterations) in 360.00 seconds (1247.84 work units)
Thread count was 4 (of 32 available processors)

Solution count 10: 950.911 956.661 958.138 ... 1173.14

Time limit reached
Best objective 9.509110280832e+02, best bound 9.214637252274e+02, gap 3.0967%

User-callback calls 83982, time in user-callback 0.02 sec
Cap boundary opt: PORT-583 stations=78 obj=950.911 real=950.911 baseline=958.455
Set parameter Username
Set parameter LicenseID to value 2738882
Academic license - for non-commercial use only - expires 2026-11-14
Segment 1 eval: start=BOAT-0 end=PORT-583 stations=48 (optimize)
  Segment 1 order: -501 -500 -499 -498 -497 -496 -495 112 113 -494 114 -275 -111 -274 -107 -106 -105 104 -103 -102 -101 108 109 110 -273 -272 271 253 252 249 -248 -247 -245 -244 -243 -238 237 -215 -214 213 -192 218 -191 219 -190 -223 222 -135
Segment 2 eval: start=PORT-583 end=PORT-581 stations=62 (optimize)
  Segment 2 order: 133 134 -132 -181 230 232 233 234 -235 231 -227 228 229 -180 -179 -154 -153 -157 -156 -155 -173 -172 174 175 -176 -177 171 -170 -169 -168 -167 -166 -165 -164 -163 -162 -161 -160 159 158 -150 -149 -148 -147 -146 -145 -144 -142 -9 -8 -141 -140 -139 151 -152 -138 -137 -136 -2 90 -94 -92
Segment 3 eval: start=PORT-581 end=PORT-591 stations=80 (optimize)
  Segment 3 order: 56 55 -54 -53 -52 -51 -50 -49 -48 -39 -38 -37 66 67 68 69 -36 -35 -32 -31 -29 -27 26 28 30 -33 -34 41 42 43 44 45 46 -40 47 396 397 -398 -395 -394 -393 -392 -391 -390 -389 -388 -387 402 -403 385 -384 -383 -382 -414 -413 412 -409 408 -410 411 380 378 -379 -377 -376 -375 374 -373 -372 -371 -370 369 359 360 -358 -353 -350 -349 -326 328
Segment 4 eval: start=PORT-591 end=PORT-593 stations=79 (optimize)
  Segment 4 order: 276 277 278 279 280 -341 -340 -320 -319 -318 -317 -316 281 557 -556 282 283 -284 555 558 559 -560 561 -562 -554 553 550 551 552 285 286 287 315 -314 313 -312 -288 -311 -309 -310 289 290 291 292 293 294 -307 303 -304 -302 -301 -300 -299 298 305 306 295 296 -297 -547 549 548 -546 -545 541 542 543 540 -544 -539 -538 -537 536 -535 -534 573 574 -577 528
Segment 5 eval: start=PORT-593 end=PORT-591 stations=86 (optimize)
  Segment 5 order: 454 455 464 465 480 -96 -95 91 -89 88 -87 86 -85 -84 -83 -82 -81 -80 78 75 72 73 -74 -71 76 70 77 -79 -24 -23 -22 -65 -63 64 57 59 -58 60 61 62 -386 -401 400 399 407 -406 -405 -404 -415 416 418 419 420 421 -423 -422 424 -417 425 381 426 -368 -367 -365 364 363 362 361 -348 -332 -331 -330 -329 327 -325 -324 -323 -321 -339 -338 -337 -336 -335 -334 -333 347
Segment 6 eval: start=PORT-591 end=PORT-583 stations=42 (optimize)
  Segment 6 order: -346 -345 -344 -343 -342 -566 563 564 565 567 568 569 570 571 572 576 -527 -514 -513 -512 -436 435 438 -437 -440 441 442 443 444 -506 -505 -449 448 -450 451 452 453 456 457 458 -100 -99
Segment 7 eval: start=PORT-583 end=PORT-588 stations=36 (optimize)
  Segment 7 order: 97 236 239 240 -241 242 -98 246 250 251 208 209 210 211 -212 198 199 202 203 204 -131 -129 130 -256 257 259 258 -128 -127 126 -125 -124 -264 268 269 270
Segment 8 eval: start=PORT-588 end=PORT-581 stations=50 (optimize)
  Segment 8 order: 118 -117 -116 115 476 477 478 475 -474 -473 119 120 123 267 -262 -261 254 207 -206 -201 -196 -194 -193 -217 -189 -188 -187 -186 -185 -184 183 182 178 1 3 4 5 10 11 12 13 14 143 15 16 17 18 -21 19 -20
Segment 9 eval: start=PORT-581 end=PORT-591 stations=31 (optimize)
  Segment 9 order: -93 -25 6 7 -226 -224 225 -221 220 -216 195 197 200 205 -255 -260 263 265 266 121 122 -472 471 -470 -469 -467 -466 -479 481 483 308
Segment 10 eval: start=PORT-591 end=PORT-593 stations=24 (optimize)
  Segment 10 order: 366 -357 -356 -355 354 -352 -351 -322 -533 -532 -531 -530 -529 575 578 579 580 524 525 526 -523 -522 -521 -427
Segment 11 eval: start=PORT-593 end=PORT-584 stations=24 (optimize)
  Segment 11 order: 515 516 519 -520 -518 -517 428 429 430 431 432 433 -434 447 -446 -445 439 -511 -510 -509 -508 -507 -504 -503
Segment 12 eval: start=PORT-584 end=PORT-584 stations=9 (optimize)
  Segment 12 order: 502 -488 -487 486 -482 493 -492 -491 -490
Segment 13 eval: start=PORT-584 end=BOAT-END stations=9 (optimize)
  Segment 13 order: 489 -462 484 463 468 459 460 461 485
Cap boundary debug: PORT-583 -> [97 236 239 240 241 242 98 246 250 251 208 209 210 211 212 198 199 202 203 204 131 129 130 256 257 259 258 128 127 126 125 124 264 268 269 270] -> PORT-588 -> [118 117 116 115 476 477 478 475 474 473 119 120 123 267 262 261 254 207 206 201 196 194 193 217 189 188 187 186 185 184 183 182 178 1 3 4 5 10 11 12 13 14 143 15 16 17 18 21 19 20] -> PORT-581 | load_left=43380 load_right=44020 cap=45000
Set parameter Username
Set parameter LicenseID to value 2738882
Academic license - for non-commercial use only - expires 2026-11-14
Set parameter TimeLimit to value 360
Set parameter Seed to value 975009692
Set parameter Threads to value 4
Set parameter OutputFlag to value 1
Set parameter LogToConsole to value 1
Set parameter LazyConstraints to value 1
Gurobi Optimizer version 13.0.0 build v13.0.0rc1 (linux64 - "Debian GNU/Linux 13 (trixie)")

CPU model: AMD Ryzen 9 5950X 16-Core Processor, instruction set [SSE2|AVX|AVX2]
Thread count: 16 physical cores, 32 logical processors, using up to 4 threads

Non-default parameters:
TimeLimit  360
Seed  975009692
Threads  4
LazyConstraints  1

Optimize a model with 32722 rows, 92928 columns and 185844 nonzeros (Min)
Model fingerprint: 0xdaa67791
Model has 30624 linear objective coefficients
Variable types: 61952 continuous, 30976 integer (30976 binary)
Coefficient statistics:
  Matrix range     [1e+00, 4e+04]
  Objective range  [4e-01, 1e+05]
  Bounds range     [1e+00, 4e+04]
  RHS range        [1e+00, 9e+03]
Presolve removed 1926 rows and 32116 columns
Presolve time: 0.29s
Presolved: 30796 rows, 60812 columns, 182043 nonzeros
Variable types: 30100 continuous, 30712 integer (30712 binary)
Root relaxation presolved: 30796 rows, 60812 columns, 182043 nonzeros

Deterministic concurrent LP optimizer: primal and dual simplex
Showing primal log only...

Concurrent spin time: 0.00s

Solved with primal simplex

Root relaxation: objective 7.024413e+02, 68089 iterations, 2.72 seconds (5.37 work units)

    Nodes    |    Current Node    |     Objective Bounds      |     Work
 Expl Unexpl |  Obj  Depth IntInf | Incumbent    BestBd   Gap | It/Node Time

     0     0  702.44127    0  272          -  702.44127      -     -    3s
H    0     0                    1580.3489615  702.44127  55.6%     -    4s
     0     0  702.44127    0  272 1580.34896  702.44127  55.6%     -    8s
     0     0  702.44127    0  272 1580.34896  702.44127  55.6%     -   11s
H    0     0                    1418.6717881  702.44127  50.5%     -   14s
H    0     0                    1187.7934071  702.44127  40.9%     -   15s
H    0     0                    1052.4952966  702.44127  33.3%     -   15s
H    0     0                    1044.4912969  702.44127  32.7%     -   16s
H    0     0                    1044.2271828  702.44127  32.7%     -   17s
H    0     0                    1022.4346795  702.44127  31.3%     -   17s
     0     0  702.44127    0  272 1022.43468  702.44127  31.3%     -   18s
     0     0  706.84344    0  306 1022.43468  706.84344  30.9%     -   23s
H    0     0                    1019.6294313  706.85012  30.7%     -   23s
H    0     0                    1000.8927594  706.85012  29.4%     -   24s
H    0     0                    1000.3893624  706.85012  29.3%     -   24s
H    0     0                     995.8715192  706.85012  29.0%     -   24s
H    0     0                     983.1273282  706.85012  28.1%     -   26s
H    0     0                     975.2584907  706.85012  27.5%     -   26s
H    0     0                     974.7109073  706.85012  27.5%     -   28s
     0     0  708.19249    0  340  974.71091  708.19249  27.3%     -   33s
     0     0  708.38643    0  343  974.71091  708.38643  27.3%     -   33s
     0     0  708.38643    0  342  974.71091  708.38643  27.3%     -   33s
     0     0  714.19579    0  329  974.71091  714.19579  26.7%     -   37s
     0     0  714.19829    0  329  974.71091  714.19829  26.7%     -   37s
     0     0  714.45305    0  347  974.71091  714.45305  26.7%     -   41s
     0     0  714.70233    0  339  974.71091  714.70233  26.7%     -   41s
     0     0  714.70233    0  342  974.71091  714.70233  26.7%     -   41s
     0     0  716.15281    0  346  974.71091  716.15281  26.5%     -   43s
     0     0  716.16664    0  351  974.71091  716.16664  26.5%     -   43s
     0     0  716.22184    0  343  974.71091  716.22184  26.5%     -   45s
     0     0  716.22274    0  346  974.71091  716.22274  26.5%     -   46s
     0     0  716.22634    0  350  974.71091  716.22634  26.5%     -   48s
     0     0  716.22923    0  354  974.71091  716.22923  26.5%     -   49s
     0     0  716.89052    0  354  974.71091  716.89052  26.5%     -   51s
     0     0  716.89052    0  352  974.71091  716.89052  26.5%     -   51s
     0     0  716.92138    0  352  974.71091  716.92138  26.4%     -   53s
     0     0  716.93908    0  359  974.71091  716.93908  26.4%     -   53s
     0     0  716.94611    0  360  974.71091  716.94611  26.4%     -   56s
     0     0  716.94611    0  360  974.71091  716.94611  26.4%     -   56s
     0     0  716.94611    0  331  974.71091  716.94611  26.4%     -   56s
     0     2  729.61465    0  331  974.71091  729.61465  25.1%     -   69s
     3     6  729.61465    2  309  974.71091  729.61465  25.1%  3181   73s
     5     7  732.21498    3  306  974.71091  729.61465  25.1%  5338   77s
     6    10  786.25912    4  314  974.71091  729.61465  25.1%  5022   80s
    11    13  733.52572    4  315  974.71091  729.61465  25.1%  6000   90s
    12    14  736.11651    5  327  974.71091  729.61465  25.1%  5507   95s
    13    16  738.00188    6  314  974.71091  729.61465  25.1%  5255  100s
    15    23  739.76008    7  278  974.71091  729.61465  25.1%  5335  105s
    31    37  741.49011    9  282  974.71091  729.61465  25.1%  4191  113s
    36    43  739.51450    9  297  974.71091  729.61465  25.1%  4111  119s
    42    47  756.83014   13  333  974.71091  729.61465  25.1%  3928  123s
    46    49  760.23658   14  308  974.71091  729.61465  25.1%  4144  129s
    48    57  760.51080   15  309  974.71091  729.61465  25.1%  4031  135s
    56    66  762.01296   17  326  974.71091  729.61465  25.1%  3626  141s
    65    79  852.16903   34  303  974.71091  729.61465  25.1%  3391  145s
    82    87  853.95108   35  314  974.71091  729.61465  25.1%  3288  155s
    90    95  856.15750   37  284  974.71091  729.61465  25.1%  3366  162s
H   91    95                     855.8025983  729.61465  14.7%  3329  162s
    94   103     cutoff   36       855.80260  729.61465  14.7%  3295  165s
   123   122  811.90206   22  325  855.80260  729.61465  14.7%  3039  171s
   137   138  815.63150   24  341  855.80260  729.61465  14.7%  2940  177s
   153   160  819.55967   31  320  855.80260  729.61465  14.7%  2749  181s
   175   187  821.56723   39  336  855.80260  729.61465  14.7%  2592  186s
H  203   194                     855.4234399  729.61465  14.7%  2380  189s
   209   224  826.95806   47  301  855.42344  729.61465  14.7%  2344  195s
   286   284  846.38863   69  298  855.42344  729.61465  14.7%  1898  203s
   326   311 infeasible   77       855.42344  729.61465  14.7%  1704  209s
   361   327  842.74968   77  307  855.42344  729.61465  14.7%  1586  215s
   396   341  845.22539   83  296  855.42344  729.61465  14.7%  1523  221s
   426   366     cutoff   91       855.42344  729.61465  14.7%  1510  228s
   458   415  832.44042   48  330  855.42344  729.61465  14.7%  1450  232s
   507   506  838.17996   56  331  855.42344  729.61465  14.7%  1368  235s
   604   545  849.99869   82  315  855.42344  729.61465  14.7%  1194  242s
   668   577  803.77810   10  305  855.42344  729.61465  14.7%  1134  247s
   700   622  810.94248   14  325  855.42344  729.61465  14.7%  1128  254s
   745   664  813.68944   21  311  855.42344  729.61465  14.7%  1099  261s
   787   729  821.61101   27  319  855.42344  729.61465  14.7%  1069  265s
   913   863  766.79224   58  222  855.42344  729.61465  14.7%  1007  272s
   998   924  771.75908  104  214  855.42344  729.61465  14.7%   953  277s
  1059  1006  773.33659  132  239  855.42344  729.61465  14.7%   928  281s
  1142  1007  771.27807  106  331  855.42344  729.61465  14.7%   899  327s
H 1143   957                     848.6730575  729.61465  14.0%   898  332s
H 1143   909                     845.7423140  729.61465  13.7%   898  332s
  1144   909  825.43925   47  283  845.74231  729.61465  13.7%   897  335s
H 1144   864                     844.3128104  729.61465  13.6%   897  342s
H 1144   820                     843.1632796  729.61465  13.5%   897  343s
H 1144   779                     828.9581276  729.61465  12.0%   897  344s
H 1144   740                     828.4718404  729.61465  11.9%   897  346s
H 1144   703                     828.1751089  729.61465  11.9%   897  347s
H 1144   668                     814.7093267  729.61465  10.4%   897  347s
H 1144   634                     810.5826350  729.61465  10.0%   897  347s
H 1144   603                     809.5185842  729.61465  9.87%   897  347s
  1145   604  809.51858   46  298  809.51858  729.61465  9.87%   896  350s
  1148   606  767.95570   60  373  809.51858  729.61465  9.87%   894  356s

Explored 1152 nodes (1315514 simplex iterations) in 360.00 seconds (1285.10 work units)
Thread count was 4 (of 32 available processors)

Solution count 10: 809.519 810.583 814.709 ... 848.673

Time limit reached
Best objective 8.095185842358e+02, best bound 7.296146511612e+02, gap 9.8705%

User-callback calls 71133, time in user-callback 0.02 sec
Cap boundary reject: PORT-588 real=931.136 baseline=782.646
Cap boundary debug: PORT-588 -> [118 117 116 115 476 477 478 475 474 473 119 120 123 267 262 261 254 207 206 201 196 194 193 217 189 188 187 186 185 184 183 182 178 1 3 4 5 10 11 12 13 14 143 15 16 17 18 21 19 20] -> PORT-581 -> [93 25 6 7 226 224 225 221 220 216 195 197 200 205 255 260 263 265 266 121 122 472 471 470 469 467 466 479 481 483 308] -> PORT-591 | load_left=44020 load_right=44270 cap=45000
Set parameter Username
Set parameter LicenseID to value 2738882
Academic license - for non-commercial use only - expires 2026-11-14
Set parameter TimeLimit to value 360
Set parameter Seed to value 1528408439
Set parameter Threads to value 4
Set parameter OutputFlag to value 1
Set parameter LogToConsole to value 1
Set parameter LazyConstraints to value 1
Gurobi Optimizer version 13.0.0 build v13.0.0rc1 (linux64 - "Debian GNU/Linux 13 (trixie)")

CPU model: AMD Ryzen 9 5950X 16-Core Processor, instruction set [SSE2|AVX|AVX2]
Thread count: 16 physical cores, 32 logical processors, using up to 4 threads

Non-default parameters:
TimeLimit  360
Seed  1528408439
Threads  4
LazyConstraints  1

Optimize a model with 29202 rows, 82668 columns and 165324 nonzeros (Min)
Model fingerprint: 0x2fa97e9f
Model has 27224 linear objective coefficients
Variable types: 55112 continuous, 27556 integer (27556 binary)
Coefficient statistics:
  Matrix range     [1e+00, 4e+04]
  Objective range  [3e-01, 1e+05]
  Bounds range     [1e+00, 4e+04]
  RHS range        [1e+00, 1e+04]
Presolve removed 1816 rows and 28631 columns
Presolve time: 0.29s
Presolved: 27386 rows, 54037 columns, 161761 nonzeros
Variable types: 26730 continuous, 27307 integer (27307 binary)
Root relaxation presolved: 27386 rows, 54037 columns, 161761 nonzeros

Deterministic concurrent LP optimizer: primal and dual simplex
Showing primal log only...

Concurrent spin time: 0.00s

Solved with primal simplex

Root relaxation: objective 1.160537e+03, 31825 iterations, 1.22 seconds (2.19 work units)

    Nodes    |    Current Node    |     Objective Bounds      |     Work
 Expl Unexpl |  Obj  Depth IntInf | Incumbent    BestBd   Gap | It/Node Time

     0     0 1160.53726    0  320          - 1160.53726      -     -    1s
H    0     0                    1504.4998361 1160.53726  22.9%     -    8s
H    0     0                    1455.4768403 1160.53726  20.3%     -   14s
     0     0 1163.17254    0  345 1455.47684 1163.17254  20.1%     -   17s
H    0     0                    1451.3934290 1163.18355  19.9%     -   17s
H    0     0                    1432.1870200 1163.18355  18.8%     -   17s
H    0     0                    1426.8834406 1163.18355  18.5%     -   17s
H    0     0                    1421.6500964 1163.18355  18.2%     -   18s
H    0     0                    1403.1516473 1163.18355  17.1%     -   19s
H    0     0                    1403.0077517 1163.18355  17.1%     -   19s
H    0     0                    1399.2299172 1163.18355  16.9%     -   19s
H    0     0                    1395.6299451 1163.18355  16.7%     -   19s
H    0     0                    1388.2518933 1163.18355  16.2%     -   19s
H    0     0                    1361.3401072 1163.18355  14.6%     -   19s
H    0     0                    1357.6039581 1163.18355  14.3%     -   19s
H    0     0                    1357.5461802 1163.18355  14.3%     -   20s
H    0     0                    1350.6125149 1163.18355  13.9%     -   21s
     0     0 1163.40156    0  353 1350.61251 1163.40156  13.9%     -   22s
     0     0 1163.40156    0  355 1350.61251 1163.40156  13.9%     -   22s
     0     0 1166.28828    0  366 1350.61251 1166.28828  13.6%     -   25s
     0     0 1166.34454    0  376 1350.61251 1166.34454  13.6%     -   25s
     0     0 1166.34903    0  376 1350.61251 1166.34903  13.6%     -   25s
     0     0 1166.43639    0  376 1350.61251 1166.43639  13.6%     -   25s
     0     0 1166.43708    0  378 1350.61251 1166.43708  13.6%     -   25s
     0     0 1168.77335    0  367 1350.61251 1168.77335  13.5%     -   30s
     0     0 1168.90134    0  370 1350.61251 1168.90134  13.5%     -   30s
     0     0 1168.90145    0  369 1350.61251 1168.90145  13.5%     -   30s
     0     0 1170.32480    0  372 1350.61251 1170.32480  13.3%     -   34s
     0     0 1170.40257    0  371 1350.61251 1170.40257  13.3%     -   34s
     0     0 1170.40914    0  396 1350.61251 1170.40914  13.3%     -   34s
     0     0 1170.40916    0  395 1350.61251 1170.40916  13.3%     -   34s
     0     0 1170.57125    0  373 1350.61251 1170.57125  13.3%     -   36s
     0     0 1170.59284    0  379 1350.61251 1170.59284  13.3%     -   36s
     0     0 1170.59284    0  377 1350.61251 1170.59284  13.3%     -   36s
     0     0 1170.64888    0  397 1350.61251 1170.64888  13.3%     -   38s
     0     0 1170.66588    0  397 1350.61251 1170.66588  13.3%     -   39s
     0     0 1170.71117    0  397 1350.61251 1170.71117  13.3%     -   40s
     0     0 1170.71117    0  399 1350.61251 1170.71117  13.3%     -   40s
     0     0 1170.80157    0  385 1350.61251 1170.80157  13.3%     -   42s
     0     0 1170.80377    0  380 1350.61251 1170.80377  13.3%     -   42s
     0     0 1170.93034    0  374 1350.61251 1170.93034  13.3%     -   43s
     0     0 1170.93421    0  371 1350.61251 1170.93421  13.3%     -   43s
     0     0 1170.93421    0  371 1350.61251 1170.93421  13.3%     -   43s
     0     0 1170.96032    0  369 1350.61251 1170.96032  13.3%     -   45s
     0     0 1170.96058    0  370 1350.61251 1170.96058  13.3%     -   45s
     0     0 1170.96058    0  375 1350.61251 1170.96058  13.3%     -   47s
     0     0 1170.96058    0  375 1350.61251 1170.96058  13.3%     -   47s
     0     0 1170.97276    0  374 1350.61251 1170.97276  13.3%     -   48s
     0     0 1170.97859    0  374 1350.61251 1170.97859  13.3%     -   48s
     0     0 1170.97859    0  362 1350.61251 1170.97859  13.3%     -   49s
     0     2 1174.41281    0  357 1350.61251 1174.41281  13.0%     -   52s
     3     8 1177.32813    2  359 1350.61251 1174.41281  13.0%  4376   56s
    11    16 1178.11891    4  353 1350.61251 1174.41281  13.0%  3276   62s
    15    20 1212.96846    5  241 1350.61251 1174.41281  13.0%  3250   65s
H   19    24                    1350.3561030 1174.41281  13.0%  3803   67s
H   24    28                    1347.0609731 1174.41281  12.8%  3731   69s
H   25    28                    1340.5170525 1174.41281  12.4%  3619   69s
    27    47 1215.25845    7  228 1340.51705 1174.41281  12.4%  3485   71s
    72    82 1219.75841   15  223 1340.51705 1174.41281  12.4%  1881   75s
H  122   127                    1334.0129964 1174.41281  12.0%  1412   77s
   163   182 1225.32581   28  201 1334.01300 1174.41281  12.0%  1243   80s
H  238   242                    1329.9593231 1174.41281  11.7%   995   83s
   264   288 1231.26710   40  197 1329.95932 1174.41281  11.7%   950   85s
   477   515 1241.14591   77  194 1329.95932 1174.41281  11.7%   632   90s
H  531   552                    1329.4874975 1174.41281  11.7%   595   93s
   601   634 1251.80905  112  217 1329.48750 1174.41281  11.7%   545   95s
   696   701 1259.73847  148  209 1329.48750 1174.41281  11.7%   510  100s
   712   732 1260.11638  152  205 1329.48750 1174.41281  11.7%   503  106s
   870   933 1263.85281  191  211 1329.48750 1174.41281  11.7%   444  110s
  1155  1160 1273.67345  238  224 1329.48750 1174.41281  11.7%   389  115s
H 1158  1160                    1329.4874938 1174.41281  11.7%   388  115s
  1375  1396 1280.17002  297  170 1329.48749 1174.41281  11.7%   353  120s
  1408  1437 1284.63497  302  212 1329.48749 1174.41281  11.7%   360  125s
  1579  1654 1290.59829  372  162 1329.48749 1174.41281  11.7%   357  130s
  1923  2049 1322.52676  537  179 1329.48749 1174.41281  11.7%   334  136s
H 2068  2053                    1329.2547278 1174.42896  11.6%   328  139s
  2069  2232 1177.29472    6  309 1329.25473 1174.42896  11.6%   328  141s
  2391  2379 1180.99377    9  291 1329.25473 1174.49478  11.6%   305  145s
  2409  2380 1289.18594  356  362 1329.25473 1174.49478  11.6%   314  178s
  2411  2381 1228.57989   14  310 1329.25473 1174.49478  11.6%   314  185s
H 2411  2261                    1329.2546165 1174.49478  11.6%   314  194s
  2412  2262 1287.64484  619  310 1329.25462 1174.49478  11.6%   314  195s
  2419  2267 1260.60321  345  364 1329.25462 1177.70437  11.4%   313  203s
  2420  2267 1243.47237  111  373 1329.25462 1177.71343  11.4%   313  205s
  2421  2268 1258.85716  308  370 1329.25462 1179.35212  11.3%   312  211s
  2425  2271 1263.94190  365  372 1329.25462 1183.59974  11.0%   312  222s
  2427  2272 1261.10681  169  367 1329.25462 1185.25759  10.8%   312  225s
  2429  2273 1296.15328  679  363 1329.25462 1186.12473  10.8%   311  230s
  2432  2275 1289.28969  665  368 1329.25462 1188.00140  10.6%   311  236s
H 2435  2163                    1328.7213293 1188.71562  10.5%   311  245s
  2438  2165 1254.44108  262  393 1328.72133 1188.87765  10.5%   310  250s
  2440  2167 1320.58568  530  414 1328.72133 1189.33919  10.5%   310  255s
  2443  2169 1250.04031  102  397 1328.72133 1189.95281  10.4%   310  262s
  2446  2171 1326.15310  560  371 1328.72133 1190.27097  10.4%   309  272s
  2447  2171 1224.73224   31  396 1328.72133 1190.27097  10.4%   309  275s
  2448  2172 1286.15330  597  387 1328.72133 1190.27097  10.4%   309  282s
  2450  2173 1251.09790  203  407 1328.72133 1190.27097  10.4%   309  286s
  2451  2174 1248.66598  146  382 1328.72133 1190.27097  10.4%   309  295s
  2454  2176 1320.92807  532  382 1328.72133 1190.94868  10.4%   308  314s
  2455  2177 1262.26615  366  385 1328.72133 1190.94868  10.4%   308  317s
  2456  2177 1238.41729   74  390 1328.72133 1191.23502  10.3%   308  323s
  2457  2178 1191.23502    5  400 1328.72133 1191.23502  10.3%   308  327s
  2458  2179 1249.83396  159  372 1328.72133 1191.39654  10.3%   308  333s
  2460  2180 1250.93335  218  379 1328.72133 1191.39654  10.3%   307  335s
  2462  2181 1249.34526  154  378 1328.72133 1192.19180  10.3%   307  346s
  2464  2183 1278.23846  270  405 1328.72133 1192.23522  10.3%   307  351s
  2465  2183 1192.66131   14  370 1328.72133 1192.66131  10.2%   307  357s

Cutting planes:
  Cover: 27
  Implied bound: 147
  Projected implied bound: 10
  Clique: 6
  MIR: 77
  Flow cover: 147
  GUB cover: 3
  Zero half: 73
  Mod-K: 10
  RLT: 10
  Relax-and-lift: 138
  BQP: 3

Explored 2467 nodes (1125836 simplex iterations) in 360.02 seconds (934.17 work units)
Thread count was 4 (of 32 available processors)

Solution count 10: 1328.72 1329.25 1329.49 ... 1357.55

Time limit reached
Best objective 1.328721329263e+03, best bound 1.192774594144e+03, gap 10.2314%

User-callback calls 42608, time in user-callback 0.01 sec
Cap boundary opt: PORT-581 stations=81 obj=1328.721 real=1328.721 baseline=1345.837
Set parameter Username
Set parameter LicenseID to value 2738882
Academic license - for non-commercial use only - expires 2026-11-14
Segment 1 eval: start=BOAT-0 end=PORT-583 stations=48 (optimize)
  Segment 1 order: -501 -500 -499 -498 -497 -496 -495 112 113 -494 114 -275 -111 -274 -107 -106 -105 104 -103 -102 -101 108 109 110 -273 -272 271 253 252 249 -248 -247 -245 -244 -243 -238 237 -215 -214 213 -192 218 -191 219 -190 -223 222 -135
Segment 2 eval: start=PORT-583 end=PORT-581 stations=62 (optimize)
  Segment 2 order: 133 134 -132 -181 230 232 233 234 -235 231 -227 228 229 -180 -179 -154 -153 -157 -156 -155 -173 -172 174 175 -176 -177 171 -170 -169 -168 -167 -166 -165 -164 -163 -162 -161 -160 159 158 -150 -149 -148 -147 -146 -145 -144 -142 -9 -8 -141 -140 -139 151 -152 -138 -137 -136 -2 90 -94 -92
Segment 3 eval: start=PORT-581 end=PORT-591 stations=80 (optimize)
  Segment 3 order: 56 55 -54 -53 -52 -51 -50 -49 -48 -39 -38 -37 66 67 68 69 -36 -35 -32 -31 -29 -27 26 28 30 -33 -34 41 42 43 44 45 46 -40 47 396 397 -398 -395 -394 -393 -392 -391 -390 -389 -388 -387 402 -403 385 -384 -383 -382 -414 -413 412 -409 408 -410 411 380 378 -379 -377 -376 -375 374 -373 -372 -371 -370 369 359 360 -358 -353 -350 -349 -326 328
Segment 4 eval: start=PORT-591 end=PORT-593 stations=79 (optimize)
  Segment 4 order: 276 277 278 279 280 -341 -340 -320 -319 -318 -317 -316 281 557 -556 282 283 -284 555 558 559 -560 561 -562 -554 553 550 551 552 285 286 287 315 -314 313 -312 -288 -311 -309 -310 289 290 291 292 293 294 -307 303 -304 -302 -301 -300 -299 298 305 306 295 296 -297 -547 549 548 -546 -545 541 542 543 540 -544 -539 -538 -537 536 -535 -534 573 574 -577 528
Segment 5 eval: start=PORT-593 end=PORT-591 stations=86 (optimize)
  Segment 5 order: 454 455 464 465 480 -96 -95 91 -89 88 -87 86 -85 -84 -83 -82 -81 -80 78 75 72 73 -74 -71 76 70 77 -79 -24 -23 -22 -65 -63 64 57 59 -58 60 61 62 -386 -401 400 399 407 -406 -405 -404 -415 416 418 419 420 421 -423 -422 424 -417 425 381 426 -368 -367 -365 364 363 362 361 -348 -332 -331 -330 -329 327 -325 -324 -323 -321 -339 -338 -337 -336 -335 -334 -333 347
Segment 6 eval: start=PORT-591 end=PORT-583 stations=42 (optimize)
  Segment 6 order: -346 -345 -344 -343 -342 -566 563 564 565 567 568 569 570 571 572 576 -527 -514 -513 -512 -436 435 438 -437 -440 441 442 443 444 -506 -505 -449 448 -450 451 452 453 456 457 458 -100 -99
Segment 7 eval: start=PORT-583 end=PORT-588 stations=36 (optimize)
  Segment 7 order: 97 236 239 240 -241 242 -98 246 250 251 208 209 210 211 -212 198 199 202 203 204 -131 -129 130 -256 257 259 258 -128 -127 126 -125 -124 -264 268 269 270
Segment 8 eval: start=PORT-588 end=PORT-581 stations=49 (optimize)
  Segment 8 order: 118 119 -120 121 122 123 -266 -267 -265 -263 -262 -261 260 254 255 -205 -201 200 -197 -196 -195 -194 -193 -217 -189 -188 -187 -186 -185 -184 183 182 226 178 -7 -6 10 11 12 13 14 143 15 16 17 18 -21 19 -20
Segment 9 eval: start=PORT-581 end=PORT-591 stations=32 (optimize)
  Segment 9 order: -93 -25 -5 -4 -3 -1 -225 -224 -221 220 -216 206 -207 -472 471 -470 -469 -467 -466 474 -473 475 -117 -116 115 476 477 478 479 481 483 308
Segment 10 eval: start=PORT-591 end=PORT-593 stations=24 (optimize)
  Segment 10 order: 366 -357 -356 -355 354 -352 -351 -322 -533 -532 -531 -530 -529 575 578 579 580 524 525 526 -523 -522 -521 -427
Segment 11 eval: start=PORT-593 end=PORT-584 stations=24 (optimize)
  Segment 11 order: 515 516 519 -520 -518 -517 428 429 430 431 432 433 -434 447 -446 -445 439 -511 -510 -509 -508 -507 -504 -503
Segment 12 eval: start=PORT-584 end=PORT-584 stations=9 (optimize)
  Segment 12 order: 502 -488 -487 486 -482 493 -492 -491 -490
Segment 13 eval: start=PORT-584 end=BOAT-END stations=9 (optimize)
  Segment 13 order: 489 -462 484 463 468 459 460 461 485
Cap boundary debug: PORT-581 -> [93 25 5 4 3 1 225 224 221 220 216 206 207 472 471 470 469 467 466 474 473 475 117 116 115 476 477 478 479 481 483 308] -> PORT-591 -> [366 357 356 355 354 352 351 322 533 532 531 530 529 575 578 579 580 524 525 526 523 522 521 427] -> PORT-593 | load_left=44934 load_right=44293 cap=45000
Set parameter Username
Set parameter LicenseID to value 2738882
Academic license - for non-commercial use only - expires 2026-11-14
Set parameter TimeLimit to value 360
Set parameter Seed to value 1492121159
Set parameter Threads to value 4
Set parameter OutputFlag to value 1
Set parameter LogToConsole to value 1
Set parameter LazyConstraints to value 1
Gurobi Optimizer version 13.0.0 build v13.0.0rc1 (linux64 - "Debian GNU/Linux 13 (trixie)")

CPU model: AMD Ryzen 9 5950X 16-Core Processor, instruction set [SSE2|AVX|AVX2]
Thread count: 16 physical cores, 32 logical processors, using up to 4 threads

Non-default parameters:
TimeLimit  360
Seed  1492121159
Threads  4
LazyConstraints  1

Optimize a model with 14602 rows, 40368 columns and 80724 nonzeros (Min)
Model fingerprint: 0x9395be17
Model has 13224 linear objective coefficients
Variable types: 26912 continuous, 13456 integer (13456 binary)
Coefficient statistics:
  Matrix range     [1e+00, 4e+04]
  Objective range  [5e-01, 1e+05]
  Bounds range     [1e+00, 4e+04]
  RHS range        [1e+00, 1e+04]
Presolve removed 1266 rows and 14206 columns
Presolve time: 0.13s
Presolved: 13336 rows, 26162 columns, 78331 nonzeros
Variable types: 12880 continuous, 13282 integer (13282 binary)

Root relaxation: objective 1.139559e+03, 26876 iterations, 2.00 seconds (5.92 work units)

    Nodes    |    Current Node    |     Objective Bounds      |     Work
 Expl Unexpl |  Obj  Depth IntInf | Incumbent    BestBd   Gap | It/Node Time

     0     0 1139.55946    0  205          - 1139.55946      -     -    2s
H    0     0                    105384.07160 1139.55946  98.9%     -    5s
     0     0 1139.55946    0  205 105384.072 1139.55946  98.9%     -    5s
     0     0 1144.53277    0  261 105384.072 1144.53277  98.9%     -    6s
H    0     0                    105020.13296 1144.91791  98.9%     -    6s
H    0     0                    105018.09702 1144.91791  98.9%     -    6s
H    0     0                    4021.8915451 1144.91791  71.5%     -    6s
H    0     0                    4007.3080268 1144.91791  71.4%     -    6s
H    0     0                    3995.8534831 1144.91791  71.3%     -    6s
H    0     0                    3995.6368387 1144.91791  71.3%     -    6s
H    0     0                    3991.6106101 1144.91791  71.3%     -    7s
     0     0 1144.91791    0  256 3991.61061 1144.91791  71.3%     -    7s
     0     0 1160.46823    0  278 3991.61061 1160.46823  70.9%     -    7s
     0     0 1160.46823    0  216 3991.61061 1160.46823  70.9%     -    9s
H    0     0                    2165.8238410 1160.46823  46.4%     -    9s
H    0     0                    1947.6648507 1160.46823  40.4%     -    9s
H    0     0                    1877.9168336 1160.46823  38.2%     -    9s
H    0     0                    1875.4535981 1160.46823  38.1%     -    9s
H    0     0                    1861.5751771 1160.46823  37.7%     -    9s
     0     0 1160.46823    0  235 1861.57518 1160.46823  37.7%     -   10s
     0     0 1160.46823    0  265 1861.57518 1160.46823  37.7%     -   10s
     0     0 1160.46888    0  274 1861.57518 1160.46888  37.7%     -   10s
     0     0 1160.46888    0  276 1861.57518 1160.46888  37.7%     -   11s
     0     0 1161.90597    0  278 1861.57518 1161.90597  37.6%     -   12s
H    0     0                    1861.0175744 1161.90597  37.6%     -   12s
H    0     0                    1859.1659014 1161.90597  37.5%     -   12s
H    0     0                    1831.4710821 1161.90597  36.6%     -   12s
H    0     0                    1829.3801403 1161.90597  36.5%     -   12s
H    0     0                    1829.3397538 1161.90597  36.5%     -   12s
H    0     0                    1745.9982357 1161.90597  33.5%     -   12s
H    0     0                    1743.9072939 1161.90597  33.4%     -   12s
     0     0 1163.08678    0  275 1743.90729 1163.08678  33.3%     -   12s
     0     0 1163.08857    0  273 1743.90729 1163.08857  33.3%     -   12s
     0     0 1163.08857    0  273 1743.90729 1163.08857  33.3%     -   12s
     0     0 1164.25680    0  290 1743.90729 1164.25680  33.2%     -   13s
     0     0 1164.36697    0  293 1743.90729 1164.36697  33.2%     -   13s
     0     0 1164.36697    0  293 1743.90729 1164.36697  33.2%     -   13s
     0     0 1164.36697    0  295 1743.90729 1164.36697  33.2%     -   13s
     0     0 1166.49308    0  280 1743.90729 1166.49308  33.1%     -   15s
H    0     0                    1743.2629379 1166.56865  33.1%     -   15s
     0     0 1166.56865    0  280 1743.26294 1166.56865  33.1%     -   15s
     0     0 1166.56865    0  284 1743.26294 1166.56865  33.1%     -   15s
     0     0 1166.56865    0  284 1743.26294 1166.56865  33.1%     -   15s
     0     0 1166.76760    0  290 1743.26294 1166.76760  33.1%     -   17s
     0     0 1166.79195    0  290 1743.26294 1166.79195  33.1%     -   17s
     0     0 1166.79195    0  290 1743.26294 1166.79195  33.1%     -   17s
     0     0 1167.20524    0  291 1743.26294 1167.20524  33.0%     -   18s
     0     0 1167.23349    0  291 1743.26294 1167.23349  33.0%     -   18s
     0     0 1167.23349    0  294 1743.26294 1167.23349  33.0%     -   18s
     0     0 1168.43098    0  284 1743.26294 1168.43098  33.0%     -   19s
     0     0 1168.45214    0  285 1743.26294 1168.45214  33.0%     -   19s
     0     0 1168.45214    0  285 1743.26294 1168.45214  33.0%     -   19s
     0     0 1168.63229    0  287 1743.26294 1168.63229  33.0%     -   19s
     0     0 1168.63735    0  289 1743.26294 1168.63735  33.0%     -   19s
     0     0 1168.64551    0  290 1743.26294 1168.64551  33.0%     -   19s
     0     0 1168.64630    0  290 1743.26294 1168.64630  33.0%     -   19s
     0     0 1168.68404    0  285 1743.26294 1168.68404  33.0%     -   20s
     0     0 1169.23471    0  287 1743.26294 1169.23471  32.9%     -   20s
     0     0 1169.23471    0  287 1743.26294 1169.23471  32.9%     -   21s
     0     0 1169.23471    0  289 1743.26294 1169.23471  32.9%     -   21s
     0     0 1169.23471    0  286 1743.26294 1169.23471  32.9%     -   21s
     0     0 1169.23471    0  286 1743.26294 1169.23471  32.9%     -   21s
     0     0 1169.23471    0  281 1743.26294 1169.23471  32.9%     -   22s
     0     0 1169.23471    0  281 1743.26294 1169.23471  32.9%     -   22s
     0     0 1169.23471    0  283 1743.26294 1169.23471  32.9%     -   23s
     0     0 1169.23471    0  293 1743.26294 1169.23471  32.9%     -   23s
     0     0 1169.23471    0  293 1743.26294 1169.23471  32.9%     -   23s
     0     0 1169.23471    0  293 1743.26294 1169.23471  32.9%     -   23s
     0     0 1169.23471    0  282 1743.26294 1169.23471  32.9%     -   23s
     0     2 1174.30496    0  282 1743.26294 1174.30496  32.6%     -   24s
    11    19 1174.30496    4  277 1743.26294 1174.30496  32.6%   342   25s
H   65    69                    1737.4177007 1174.30496  32.4%   399   26s
H   89    96                    1735.4160310 1174.30496  32.3%   426   27s
H  132   143                    1734.1283402 1174.30496  32.3%   404   28s
H  169   182                    1730.0578324 1174.30496  32.1%   408   29s
H  170   182                    1725.0668831 1174.30496  31.9%   405   29s
H  180   182                    1709.2199521 1174.30496  31.3%   388   29s
   510   553 1273.51368  107  141 1709.21995 1174.30496  31.3%   186   30s
H 1278  1279                    1706.6713461 1174.30496  31.2%   100   31s
H 1397  1400                    1704.2551163 1174.30496  31.1%  94.1   31s
H 2226  2196                    1684.3256488 1174.30496  30.3%  87.1   34s
  2244  2251 1392.76334  451   71 1684.32565 1174.30496  30.3%  90.2   35s
H 2388  2310                    1682.4618197 1174.30496  30.2%  96.1   36s
  2391  2312 1374.65895  158  206 1682.46182 1174.30496  30.2%  95.9   43s
H 2391  2196                    1682.0303426 1174.30496  30.2%  95.9   43s
H 2391  2086                    1623.9602528 1174.30496  27.7%  95.9   44s
H 2391  1982                    1621.0935039 1174.30496  27.6%  95.9   44s
H 2391  1882                    1620.9842468 1174.30496  27.6%  95.9   44s
H 2391  1788                    1620.6427075 1174.30496  27.5%  95.9   44s
H 2391  1699                    1618.7788784 1174.30496  27.5%  95.9   44s
H 2391  1614                    1618.2094361 1174.30496  27.4%  95.9   44s
H 2391  1533                    1616.7477770 1174.30496  27.4%  95.9   44s
  2394  1535 1334.05582  486  309 1616.74778 1174.30496  27.4%  95.8   45s
  2420  1553 1444.98358  543  308 1616.74778 1177.55856  27.2%  94.8   50s
  2436  1563 1240.64565   26  335 1616.74778 1200.03970  25.8%  94.2   55s
  2443  1568 1259.07105   62  318 1616.74778 1200.03970  25.8%  93.9   60s
  2465  1583 1203.00569   14  327 1616.74778 1202.48183  25.6%  93.1   65s
  2478  1591 1312.00522  181  322 1616.74778 1204.90603  25.5%  92.6   70s
  2491  1600 1374.65895  158  347 1616.74778 1205.33444  25.4%  92.1   75s
  2504  1610 1344.80096  214  197 1616.74778 1205.70158  25.4%   110   81s
  2517  1619 1350.49861  274  347 1616.74778 1205.70158  25.4%   110   85s
  2526  1625 1327.05222  323  316 1616.74778 1207.80712  25.3%   109   90s
  2534  1630 1331.13470  400  302 1616.74778 1215.69219  24.8%   109   98s
H 2534  1547                    1586.6564938 1215.69219  23.4%   109   99s
H 2534  1470                    1557.7406108 1215.69219  22.0%   109   99s
H 2534  1395                    1555.8741615 1215.69219  21.9%   109  100s
H 2542  1336                    1554.3500698 1221.89379  21.4%   127  101s
H 2544  1268                    1541.6430593 1221.89379  20.7%   127  101s
  2582  1300 infeasible   29      1541.64306 1221.89379  20.7%   140  105s
H 2621  1254                    1517.4940685 1221.89379  19.5%   150  107s
H 2649  1216                    1511.0687840 1221.89379  19.1%   157  109s
H 2656  1166                    1467.6222023 1221.89379  16.7%   159  110s
  2758  1203 1240.69480   54  154 1467.62220 1221.89379  16.7%   174  115s
  2939  1242 1242.53740   95  157 1467.62220 1221.89379  16.7%   189  120s
H 3024  1192                    1466.7107568 1221.89379  16.7%   193  121s
H 3026  1127                    1440.1477782 1221.89379  15.2%   193  121s
  3210  1194 1254.25440  137  125 1440.14778 1221.89379  15.2%   202  125s
H 3211  1136                    1431.9836716 1221.89379  14.7%   202  125s
  3711  1190 1273.96311  171   82 1431.98367 1221.89379  14.7%   209  130s
  4171  1181 1286.99562  204   92 1431.98367 1222.48014  14.6%   216  136s
H 4261  1112                    1430.9595892 1222.48014  14.6%   223  137s
  4571  1276 1295.75778  274   43 1430.95959 1222.48014  14.6%   223  140s
H 4622  1214                    1430.7208763 1222.48014  14.6%   222  140s
  5275  1549 1277.32051   96   65 1430.72088 1224.53125  14.4%   218  146s
  5980  2006 1281.88863  305   34 1430.72088 1225.17919  14.4%   208  150s
  6761  2536 1381.12423   40  167 1430.72088 1227.87645  14.2%   197  156s
  7281  2939 1400.44759   96  167 1430.72088 1227.87645  14.2%   192  160s
H 7596  3039                    1430.5420193 1227.87645  14.2%   190  162s
  8073  3616 1362.20890  131   76 1430.54202 1228.80413  14.1%   189  166s
  8761  4074 1382.73829   63  212 1430.54202 1230.43719  14.0%   184  170s
H 9435  4512                    1426.2591889 1230.43719  13.7%   180  175s
 10683  5456 1372.29589  152   64 1426.25919 1231.04988  13.7%   172  182s
 11028  5826 1353.45824   39  219 1426.25919 1231.98444  13.6%   174  185s
 12193  6908 1296.75769   80   79 1426.25919 1232.43256  13.6%   172  193s
 12969  7433 1400.78337   27  134 1426.25919 1232.98131  13.6%   170  196s
 14084  8125 1396.51225   38  165 1426.25919 1233.12535  13.5%   170  203s
 14576  8276 1306.79438   83   96 1426.25919 1233.26571  13.5%   171  206s
 15640  9435 1325.93683  380   31 1426.25919 1233.55865  13.5%   168  213s
 16307 10177 1286.08316   93   89 1426.25919 1233.55865  13.5%   166  216s
 18162 11410 1412.31145   32  113 1426.25919 1233.55865  13.5%   158  222s
 18794 12190 1311.77249   44  104 1426.25919 1234.23391  13.5%   156  225s
 20667 13326 1343.96184  444   23 1426.25919 1234.72963  13.4%   149  230s
 22043 14493 1291.81442  346   76 1426.25919 1234.72963  13.4%   147  236s
 23018 15244 1293.97324   77   89 1426.25919 1234.72963  13.4%   145  242s
 24409 16108 1367.53393   30  203 1426.25919 1234.73241  13.4%   143  247s
 24895 16238 1236.86618   26  175 1426.25919 1234.73241  13.4%   143  251s
H25063 16238                    1426.2591865 1234.73241  13.4%   144  251s
 25793 17185 1367.23029  202   59 1426.25919 1234.73241  13.4%   143  257s
 27090 18477 1314.74766  345   81 1426.25919 1235.11396  13.4%   143  262s
 27980 18938 1318.55538  684   79 1426.25919 1235.11396  13.4%   141  265s
 29399 19551 1372.31591  341   67 1426.25919 1235.53577  13.4%   140  270s
 30388 20531 1302.23531   93  123 1426.25919 1235.98655  13.3%   142  277s
 31009 21135 1305.46671  384   89 1426.25919 1235.98655  13.3%   141  280s
 32264 21734 1299.35735  188   63 1426.25919 1235.98655  13.3%   141  285s
 32992 22169 1333.88469  363   80 1426.25919 1235.98655  13.3%   142  291s
 33938 23125 1300.91327   73   82 1426.25919 1235.98655  13.3%   143  295s
 35417 23857 1385.60351   42  192 1426.25919 1235.98655  13.3%   144  301s
 36215 24310 1354.60897  120   65 1426.25919 1235.98655  13.3%   145  306s
 37357 24838 1262.31135   31  170 1426.25919 1236.40592  13.3%   146  310s
 38312 25093 1289.33542  104  146 1426.25919 1236.40592  13.3%   148  316s
 38786 25179 1354.86023  158  114 1426.25919 1236.40592  13.3%   151  320s
 39301 25228     cutoff  299      1426.25919 1236.40592  13.3%   153  325s
 40384 26076 1345.28937  302   76 1426.25919 1236.58500  13.3%   156  331s
 41330 26927 1279.85180  139  101 1426.25919 1236.58500  13.3%   156  336s
 42523 27522 1287.71100  651   50 1426.25919 1236.58500  13.3%   155  340s
 43489 28148 1374.79948  323   75 1426.25919 1236.58738  13.3%   157  346s
 44336 28860 1305.58398  142   94 1426.25919 1236.89293  13.3%   158  351s
 45628 29766 1328.06865  627   71 1426.25919 1236.89293  13.3%   157  355s
 46673 30445 1387.62477  168  122 1426.25919 1236.89293  13.3%   157  360s

Cutting planes:
  Gomory: 2
  Cover: 16
  Implied bound: 133
  Projected implied bound: 12
  Clique: 5
  MIR: 110
  Mixing: 2
  Flow cover: 143
  GUB cover: 2
  Zero half: 16
  Mod-K: 1
  RLT: 7
  Relax-and-lift: 28
  BQP: 5

Explored 47150 nodes (7451373 simplex iterations) in 360.00 seconds (1303.23 work units)
Thread count was 4 (of 32 available processors)

Solution count 10: 1426.26 1426.26 1430.54 ... 1511.07

Time limit reached
Best objective 1.426259186469e+03, best bound 1.236892934585e+03, gap 13.2771%

User-callback calls 142707, time in user-callback 0.01 sec
Set parameter Username
Set parameter LicenseID to value 2738882
Academic license - for non-commercial use only - expires 2026-11-14
Segment 1 eval: start=BOAT-0 end=PORT-583 stations=48 (optimize)
  Segment 1 order: -501 -500 -499 -498 -497 -496 -495 112 113 -494 114 -275 -111 -274 -107 -106 -105 104 -103 -102 -101 108 109 110 -273 -272 271 253 252 249 -248 -247 -245 -244 -243 -238 237 -215 -214 213 -192 218 -191 219 -190 -223 222 -135
Segment 2 eval: start=PORT-583 end=PORT-581 stations=62 (optimize)
  Segment 2 order: 133 134 -132 -181 230 232 233 234 -235 231 -227 228 229 -180 -179 -154 -153 -157 -156 -155 -173 -172 174 175 -176 -177 171 -170 -169 -168 -167 -166 -165 -164 -163 -162 -161 -160 159 158 -150 -149 -148 -147 -146 -145 -144 -142 -9 -8 -141 -140 -139 151 -152 -138 -137 -136 -2 90 -94 -92
Segment 3 eval: start=PORT-581 end=PORT-591 stations=79 (optimize)
  Segment 3 order: 56 55 -54 -53 -52 -51 -50 -49 -48 -39 -38 -37 66 67 68 69 -36 -35 -32 -31 -29 -27 26 28 30 -33 -34 41 42 43 44 45 46 -40 47 396 397 -398 -395 -394 -393 -392 -391 -390 -389 -388 -387 402 -403 385 -384 -383 -382 -414 -413 412 -409 408 -410 411 380 378 -379 -377 -376 -375 374 -373 -372 -371 -370 369 359 360 -358 -353 -349 -326 328
Segment 4 eval: start=PORT-591 end=PORT-593 stations=79 (optimize)
  Segment 4 order: 276 277 278 279 280 -341 -340 -320 -319 -318 -317 -316 281 557 -556 282 283 -284 555 558 559 -560 561 -562 -554 553 550 551 552 285 286 287 315 -314 313 -312 -288 -311 -309 -310 289 290 291 292 293 294 -307 303 -304 -302 -301 -300 -299 298 305 306 295 296 -297 -547 549 548 -546 -545 541 542 543 540 -544 -539 -538 -537 536 -535 -534 573 574 -577 528
Segment 5 eval: start=PORT-593 end=PORT-591 stations=86 (optimize)
  Segment 5 order: 454 455 464 465 480 -96 -95 91 -89 88 -87 86 -85 -84 -83 -82 -81 -80 78 75 72 73 -74 -71 76 70 77 -79 -24 -23 -22 -65 -63 64 57 59 -58 60 61 62 -386 -401 400 399 407 -406 -405 -404 -415 416 418 419 420 421 -423 -422 424 -417 425 381 426 -368 -367 -365 364 363 362 361 -348 -332 -331 -330 -329 327 -325 -324 -323 -321 -339 -338 -337 -336 -335 -334 -333 347
Segment 6 eval: start=PORT-591 end=PORT-583 stations=42 (optimize)
  Segment 6 order: -346 -345 -344 -343 -342 -566 563 564 565 567 568 569 570 571 572 576 -527 -514 -513 -512 -436 435 438 -437 -440 441 442 443 444 -506 -505 -449 448 -450 451 452 453 456 457 458 -100 -99
Segment 7 eval: start=PORT-583 end=PORT-588 stations=36 (optimize)
  Segment 7 order: 97 236 239 240 -241 242 -98 246 250 251 208 209 210 211 -212 198 199 202 203 204 -131 -129 130 -256 257 259 258 -128 -127 126 -125 -124 -264 268 269 270
Segment 8 eval: start=PORT-588 end=PORT-581 stations=49 (optimize)
  Segment 8 order: 118 119 -120 121 122 123 -266 -267 -265 -263 -262 -261 260 254 255 -205 -201 200 -197 -196 -195 -194 -193 -217 -189 -188 -187 -186 -185 -184 183 182 226 178 -7 -6 10 11 12 13 14 143 15 16 17 18 -21 19 -20
Segment 9 eval: start=PORT-581 end=PORT-591 stations=32 (optimize)
  Segment 9 order: -93 -25 -5 -4 -3 -1 -225 -224 -221 220 -216 206 -207 -472 471 -470 -469 -467 -466 474 -473 475 -117 -116 115 476 477 478 479 481 483 308
Segment 10 eval: start=PORT-591 end=PORT-593 stations=25 (optimize)
  Segment 10 order: 366 -357 -356 -355 354 -352 -351 -350 -322 -533 -532 -531 -530 -529 575 578 579 580 524 525 526 -523 -522 -521 -427
Segment 11 eval: start=PORT-593 end=PORT-584 stations=24 (optimize)
  Segment 11 order: 515 516 519 -520 -518 -517 428 429 430 431 432 433 -434 447 -446 -445 439 -511 -510 -509 -508 -507 -504 -503
Segment 12 eval: start=PORT-584 end=PORT-584 stations=9 (optimize)
  Segment 12 order: 502 -488 -487 486 -482 493 -492 -491 -490
Segment 13 eval: start=PORT-584 end=BOAT-END stations=9 (optimize)
  Segment 13 order: 489 -462 484 463 468 459 460 461 485
Cap boundary debug: PORT-591 -> [366 357 356 355 354 352 351 322 533 532 531 530 529 575 578 579 580 524 525 526 523 522 521 427 350] -> PORT-593 -> [515 516 519 520 518 517 428 429 430 431 432 433 434 447 446 445 439 511 510 509 508 507 504 503] -> PORT-584 | load_left=44331 load_right=35970 cap=45000
Set parameter Username
Set parameter LicenseID to value 2738882
Academic license - for non-commercial use only - expires 2026-11-14
Set parameter TimeLimit to value 360
Set parameter Seed to value 1582046512
Set parameter Threads to value 4
Set parameter OutputFlag to value 1
Set parameter LogToConsole to value 1
Set parameter LazyConstraints to value 1
Gurobi Optimizer version 13.0.0 build v13.0.0rc1 (linux64 - "Debian GNU/Linux 13 (trixie)")

CPU model: AMD Ryzen 9 5950X 16-Core Processor, instruction set [SSE2|AVX|AVX2]
Thread count: 16 physical cores, 32 logical processors, using up to 4 threads

Non-default parameters:
TimeLimit  360
Seed  1582046512
Threads  4
LazyConstraints  1

Optimize a model with 11410 rows, 31212 columns and 62412 nonzeros (Min)
Model fingerprint: 0xe793a63e
Model has 10200 linear objective coefficients
Variable types: 20808 continuous, 10404 integer (10404 binary)
Coefficient statistics:
  Matrix range     [1e+00, 4e+04]
  Objective range  [5e-01, 1e+05]
  Bounds range     [1e+00, 4e+04]
  RHS range        [1e+00, 1e+04]
Presolve removed 1112 rows and 11063 columns
Presolve time: 0.10s
Presolved: 10298 rows, 20149 columns, 60338 nonzeros
Variable types: 9898 continuous, 10251 integer (10251 binary)

Root relaxation: objective 6.078422e+02, 26007 iterations, 1.84 seconds (5.49 work units)

    Nodes    |    Current Node    |     Objective Bounds      |     Work
 Expl Unexpl |  Obj  Depth IntInf | Incumbent    BestBd   Gap | It/Node Time

     0     0  607.84221    0  181          -  607.84221      -     -    2s
H    0     0                    101413.87563  607.84221  99.4%     -    4s
H    0     0                    101401.49750  607.84221  99.4%     -    4s
H    0     0                    101390.84890  607.84221  99.4%     -    4s
H    0     0                    101382.90498  607.84221  99.4%     -    4s
     0     0  607.84221    0  181 101382.905  607.84221  99.4%     -    5s
H    0     0                    1097.7881424  607.84221  44.6%     -    6s
H    0     0                    1074.1631696  607.84221  43.4%     -    6s
H    0     0                    1000.0166724  607.84221  39.2%     -    6s
H    0     0                     991.0865315  607.84221  38.7%     -    6s
H    0     0                     988.5728262  607.84221  38.5%     -    6s
H    0     0                     967.2031029  607.84221  37.2%     -    7s
H    0     0                     954.5940725  607.84221  36.3%     -    7s
     0     0  608.30152    0  182  954.59407  608.30152  36.3%     -    8s
     0     0  624.88585    0  208  954.59407  624.88585  34.5%     -    8s
     0     0  624.88585    0  180  954.59407  624.88585  34.5%     -    9s
H    0     0                     948.4046358  624.88585  34.1%     -    9s
H    0     0                     943.4574639  624.88585  33.8%     -    9s
     0     0  625.55464    0  211  943.45746  625.55464  33.7%     -   10s
H    0     0                     937.7442386  625.63331  33.3%     -   10s
H    0     0                     902.0910594  625.63331  30.6%     -   11s
H    0     0                     900.1909583  625.63331  30.5%     -   11s
H    0     0                     899.1134826  625.63331  30.4%     -   11s
H    0     0                     884.3980161  625.63331  29.3%     -   11s
     0     0  625.63331    0  215  884.39802  625.63331  29.3%     -   11s
     0     0  630.43056    0  235  884.39802  630.43056  28.7%     -   12s
H    0     0                     879.9565666  630.43056  28.4%     -   12s
     0     0  631.55788    0  236  879.95657  631.55788  28.2%     -   12s
     0     0  631.56245    0  240  879.95657  631.56245  28.2%     -   12s
     0     0  635.70601    0  237  879.95657  635.70601  27.8%     -   13s
     0     0  649.68766    0  238  879.95657  649.68766  26.2%     -   13s
     0     0  649.68766    0  239  879.95657  649.68766  26.2%     -   13s
     0     0  649.68766    0  260  879.95657  649.68766  26.2%     -   13s
     0     0  649.68766    0  261  879.95657  649.68766  26.2%     -   13s
     0     0  649.68766    0  261  879.95657  649.68766  26.2%     -   13s
     0     0  649.68766    0  261  879.95657  649.68766  26.2%     -   14s
     0     0  649.68766    0  262  879.95657  649.68766  26.2%     -   14s
     0     0  649.68766    0  264  879.95657  649.68766  26.2%     -   14s
     0     0  649.68766    0  272  879.95657  649.68766  26.2%     -   14s
     0     0  649.68766    0  271  879.95657  649.68766  26.2%     -   14s
     0     0  649.68766    0  273  879.95657  649.68766  26.2%     -   14s
     0     0  649.68766    0  271  879.95657  649.68766  26.2%     -   14s
     0     0  649.68766    0  275  879.95657  649.68766  26.2%     -   14s
     0     0  649.68766    0  276  879.95657  649.68766  26.2%     -   14s
     0     0  649.68766    0  281  879.95657  649.68766  26.2%     -   15s
     0     0  649.68766    0  290  879.95657  649.68766  26.2%     -   15s
     0     0  649.68766    0  292  879.95657  649.68766  26.2%     -   15s
     0     0  649.68766    0  295  879.95657  649.68766  26.2%     -   15s
     0     0  649.68766    0  294  879.95657  649.68766  26.2%     -   15s
     0     0  649.68766    0  292  879.95657  649.68766  26.2%     -   15s
     0     0  649.68766    0  298  879.95657  649.68766  26.2%     -   15s
     0     0  649.68766    0  294  879.95657  649.68766  26.2%     -   15s
     0     0  649.68766    0  296  879.95657  649.68766  26.2%     -   15s
     0     0  649.68766    0  297  879.95657  649.68766  26.2%     -   16s
     0     0  649.68766    0  295  879.95657  649.68766  26.2%     -   16s
     0     0  649.68766    0  289  879.95657  649.68766  26.2%     -   16s
     0     0  649.68766    0  290  879.95657  649.68766  26.2%     -   16s
     0     0  649.68766    0  288  879.95657  649.68766  26.2%     -   16s
     0     0  649.68766    0  288  879.95657  649.68766  26.2%     -   16s
     0     0  649.68766    0  282  879.95657  649.68766  26.2%     -   16s
     0     0  649.68766    0  293  879.95657  649.68766  26.2%     -   16s
     0     0  649.68766    0  291  879.95657  649.68766  26.2%     -   16s
     0     0  649.68766    0  285  879.95657  649.68766  26.2%     -   17s
     0     0  649.68766    0  289  879.95657  649.68766  26.2%     -   17s
     0     0  649.68766    0  290  879.95657  649.68766  26.2%     -   17s
     0     0  649.68766    0  304  879.95657  649.68766  26.2%     -   17s
H    0     0                     879.4463407  649.68766  26.1%     -   17s
H    0     0                     876.0536551  649.68766  25.8%     -   17s
H    0     0                     856.4637105  649.68766  24.1%     -   17s
     0     0  649.68766    0  311  856.46371  649.68766  24.1%     -   17s
     0     0  649.68766    0  311  856.46371  649.68766  24.1%     -   17s
     0     0  649.68766    0  291  856.46371  649.68766  24.1%     -   17s
     0     0  649.68766    0  301  856.46371  649.68766  24.1%     -   18s
     0     0  649.68766    0  298  856.46371  649.68766  24.1%     -   18s
     0     0  649.68766    0  295  856.46371  649.68766  24.1%     -   18s
     0     0  649.68766    0  300  856.46371  649.68766  24.1%     -   18s
     0     0  649.68766    0  300  856.46371  649.68766  24.1%     -   18s
     0     0  671.85423    0  253  856.46371  671.85423  21.6%     -   19s
     0     0  672.08518    0  255  856.46371  672.08518  21.5%     -   19s
     0     0  672.08640    0  259  856.46371  672.08640  21.5%     -   19s
     0     0  672.99032    0  266  856.46371  672.99032  21.4%     -   19s
H    0     0                     853.5813713  672.99854  21.2%     -   19s
H    0     0                     848.2416572  672.99854  20.7%     -   19s
H    0     0                     847.7753154  672.99854  20.6%     -   19s
     0     0  673.16724    0  260  847.77532  673.16724  20.6%     -   19s
     0     0  673.17771    0  274  847.77532  673.17771  20.6%     -   19s
     0     0  673.22684    0  276  847.77532  673.22684  20.6%     -   19s
     0     0  673.32885    0  277  847.77532  673.32885  20.6%     -   20s
     0     0  673.32885    0  275  847.77532  673.32885  20.6%     -   20s
H    0     0                     846.5301030  673.32885  20.5%     -   20s
H    0     0                     837.5414798  673.32885  19.6%     -   20s
     0     0  673.32885    0  274  837.54148  673.32885  19.6%     -   20s
     0     0  673.33358    0  283  837.54148  673.33358  19.6%     -   20s
     0     0  673.33358    0  283  837.54148  673.33358  19.6%     -   20s
     0     0  673.33358    0  269  837.54148  673.33358  19.6%     -   20s
     0     2  677.48540    0  269  837.54148  677.48540  19.1%     -   20s
H  659   672                     829.5627293  681.93391  17.8%   111   23s
H  666   672                     823.2121915  681.93391  17.2%   110   23s
H  672   672                     810.8031633  681.93391  15.9%   109   23s
  1147  1199  764.30561  301   96  810.80316  682.06605  15.9%  93.0   25s
H 1505  1469                     810.5644504  683.20378  15.7%  88.1   25s
H 1587  1439                     810.5428356  683.96953  15.6%  88.3   29s
H 1587  1367                     798.8306419  683.96953  14.4%  88.3   29s
H 1588  1298                     792.7042608  683.96953  13.7%  88.2   30s
  1613  1315  723.17806   88  281  792.70426  683.96953  13.7%  86.9   35s
H 1621  1254                     789.1575612  683.96953  13.3%  86.4   36s
H 1621  1190                     786.9717529  683.96953  13.1%  86.4   36s
  1638  1202  744.82858  257  294  786.97175  690.58222  12.2%  85.5   40s
H 1638  1141                     786.5358122  691.48158  12.1%  85.5   40s
H 1638  1083                     784.8741879  691.48158  11.9%  85.5   40s
H 1638  1028                     784.4382471  691.48158  11.9%  85.5   40s
  1655  1039  773.27629  329  297  784.43825  692.95501  11.7%  84.7   45s
  1665  1046  719.69105   98  270  784.43825  694.14158  11.5%  84.1   50s
H 1666   996                     784.4372932  694.14158  11.5%   109   50s
H 1679   956                     778.2475272  702.18747  9.77%   115   52s
H 1684   914                     772.9030561  702.18747  9.15%   115   52s
H 1685   868                     769.3772924  702.18747  8.73%   115   52s
  1748   910  714.07867   24  109  769.37729  702.18747  8.73%   125   55s
  2132  1056  709.14859   16  168  769.37729  703.80073  8.52%   145   60s
  2973  1250  724.20635   25  123  769.37729  706.73271  8.14%   146   65s
  4332  1757  715.32528   24  148  769.37729  707.69695  8.02%   123   70s
  5656  2748  717.41134   20  155  769.37729  709.01359  7.85%   116   75s
  6881  3679  721.58148   24  104  769.37729  709.71412  7.75%   110   80s
  8082  4629  715.24842   20  117  769.37729  710.63925  7.63%   107   85s
  9692  5881  740.67698  114   52  769.37729  711.85443  7.48%   107   91s
 11792  7356  727.54839   49   76  769.37729  712.27263  7.42%  99.3   96s
 13870  8728  724.47686   38  132  769.37729  712.72066  7.36%  96.0  100s
 15002  9793  732.43845   44  102  769.37729  713.06360  7.32%  97.1  106s
 16824 11172  729.86017   26  151  769.37729  713.38163  7.28%  95.3  111s
 18217 12232  744.17568   60  132  769.37729  713.63311  7.25%  94.5  115s
 19849 13226  719.00854   23  132  769.37729  713.79307  7.22%  94.0  120s
 21898 14226  728.86358   24  136  769.37729  714.15775  7.18%  94.6  126s
 23389 15589  755.78881  168   38  769.37729  714.40559  7.14%  93.9  130s
 25360 17191  744.59409   47   57  769.37729  714.60152  7.12%  92.5  136s
 27051 18517  733.27716   54  114  769.37729  714.75278  7.10%  91.8  140s
 29098 19821  766.02259  201  100  769.37729  714.90751  7.08%  92.1  145s
 31090 21131  729.91763   36  134  769.37729  715.11946  7.05%  92.6  150s
 33013 22324  721.33181   21  172  769.37729  715.35398  7.02%  93.6  156s
 34378 23412  762.09218   33   85  769.37729  715.49779  7.00%  93.8  160s
 35649 24390  758.14762   69   66  769.37729  715.74093  6.97%  94.2  165s
 37333 25791  760.51212   51   89  769.37729  715.94645  6.94%  94.3  170s
 39764 27127  763.74523   81   63  769.37729  716.08275  6.93%  93.1  175s
 41441 28499  747.13721  113   30  769.37729  716.24130  6.91%  93.4  180s
 43387 29758  742.68951   42  124  769.37729  716.44128  6.88%  93.4  185s
 45384 31344  745.69368   92   43  769.37729  716.58748  6.86%  93.7  190s
H46349 31706                     769.1040391  716.70262  6.81%  93.7  193s
H46476 31999                     769.0979409  716.70262  6.81%  93.7  195s
H46665 31999                     769.0848791  716.70262  6.81%  93.8  195s
H47202 32241                     766.4311469  716.73632  6.48%  93.5  198s
 48165 32866  756.50516   92   76  766.43115  716.85395  6.47%  93.4  200s
 50498 34710  747.89373   67  103  766.43115  717.10057  6.44%  92.4  205s
 52276 35752  762.11008   50   52  766.43115  717.21142  6.42%  92.5  211s
 53683 36712  730.00776   27  142  766.43115  717.31457  6.41%  92.3  215s
 55328 37677  728.89443   30  109  766.43115  717.42467  6.39%  92.7  220s
 56933 38909  749.01125   51   52  766.43115  717.52695  6.38%  92.9  225s
 58550 40048  734.84781   30  115  766.43115  717.63313  6.37%  93.2  231s
 60280 41127  757.82107   82   54  766.43115  717.74280  6.35%  93.5  236s
 61665 42177  743.59747   79   79  766.43115  717.85325  6.34%  93.5  240s
 63201 43332  746.31194   30  116  766.43115  717.98313  6.32%  93.9  245s
 64894 44378  761.41532   28   95  766.43115  718.07842  6.31%  94.4  250s
 66757 45644  732.79352   42  116  766.43115  718.22142  6.29%  94.5  255s
 68591 46940  760.10353   35   40  766.43115  718.32709  6.28%  94.8  261s
 69796 47758  757.33259  118   37  766.43115  718.37560  6.27%  94.9  265s
 71466 48849  742.37684   32  113  766.43115  718.46652  6.26%  95.5  271s
 73051 50073  737.46261   45  112  766.43115  718.57567  6.24%  95.8  275s
 74811 51385  732.94606   27  123  766.43115  718.72783  6.22%  95.9  280s
 76463 52355  752.64669   40   89  766.43115  718.83877  6.21%  96.4  285s
 77950 53450  728.14304   33   89  766.43115  718.97119  6.19%  96.7  291s
 79483 54491  734.29980   28  135  766.43115  719.06366  6.18%  97.0  295s
 80816 55440  747.70453   36   86  766.43115  719.15562  6.17%  97.5  301s
 82131 56351  747.88974   63   78  766.43115  719.21971  6.16%  97.4  305s
 83411 57080  743.95249   40   98  766.43115  719.29113  6.15%  97.7  311s
 84666 57684  741.92556   31   84  766.43115  719.34269  6.14%  98.0  315s
 85737 58568  738.87492   28   68  766.43115  719.38611  6.14%  98.4  320s
 87154 59596  727.48279   38   72  766.43115  719.49659  6.12%  98.7  325s
 88709 60625  741.47633   32   96  766.43115  719.56712  6.11%  99.0  331s
 89913 61338  724.84566   22  140  766.43115  719.64243  6.10%  99.2  335s
 91495 62505  729.91266   29  145  766.43115  719.76673  6.09%  99.4  340s
 92857 63411  739.91861   24  122  766.43115  719.84373  6.08%   100  346s
 93995 64208  757.79854   34   58  766.43115  719.93505  6.07%   100  350s
 95922 65482  757.52413   32  127  766.43115  720.04011  6.05%   100  356s
 97061 66309  746.58223   43  105  766.43115  720.11126  6.04%   101  360s

Cutting planes:
  Gomory: 7
  Cover: 39
  Implied bound: 211
  Projected implied bound: 16
  Clique: 2
  MIR: 268
  Mixing: 3
  Flow cover: 344
  GUB cover: 1
  Inf proof: 14
  Zero half: 47
  RLT: 23
  Relax-and-lift: 72
  BQP: 12

Explored 97438 nodes (9873292 simplex iterations) in 360.00 seconds (1353.50 work units)
Thread count was 4 (of 32 available processors)

Solution count 10: 766.431 769.085 769.098 ... 784.874

Time limit reached
Best objective 7.664311469206e+02, best bound 7.201464559350e+02, gap 6.0390%

User-callback calls 234196, time in user-callback 0.02 sec
Cap boundary reject: PORT-593 real=766.431 baseline=766.431
Cap boundary debug: PORT-593 -> [515 516 519 520 518 517 428 429 430 431 432 433 434 447 446 445 439 511 510 509 508 507 504 503] -> PORT-584 -> [502 488 487 486 482 493 492 491 490] -> PORT-584 | load_left=35970 load_right=6980 cap=45000
Set parameter Username
Set parameter LicenseID to value 2738882
Academic license - for non-commercial use only - expires 2026-11-14
Set parameter TimeLimit to value 360
Set parameter Seed to value 821271069
Set parameter Threads to value 4
Set parameter OutputFlag to value 1
Set parameter LogToConsole to value 1
Set parameter LazyConstraints to value 1
Gurobi Optimizer version 13.0.0 build v13.0.0rc1 (linux64 - "Debian GNU/Linux 13 (trixie)")

CPU model: AMD Ryzen 9 5950X 16-Core Processor, instruction set [SSE2|AVX|AVX2]
Thread count: 16 physical cores, 32 logical processors, using up to 4 threads

Non-default parameters:
TimeLimit  360
Seed  821271069
Threads  4
LazyConstraints  1

Optimize a model with 5586 rows, 14700 columns and 29388 nonzeros (Min)
Model fingerprint: 0x561702ad
Model has 4756 linear objective coefficients
Variable types: 9800 continuous, 4900 integer (4900 binary)
Coefficient statistics:
  Matrix range     [1e+00, 4e+04]
  Objective range  [8e-01, 2e+02]
  Bounds range     [1e+00, 4e+04]
  RHS range        [1e+00, 7e+03]
Presolve removed 760 rows and 5351 columns
Presolve time: 0.05s
Presolved: 4826 rows, 9349 columns, 28035 nonzeros
Variable types: 4554 continuous, 4795 integer (4795 binary)
Found heuristic solution: objective 689.4350599

Root relaxation: objective 2.775910e+02, 8741 iterations, 0.31 seconds (0.89 work units)

    Nodes    |    Current Node    |     Objective Bounds      |     Work
 Expl Unexpl |  Obj  Depth IntInf | Incumbent    BestBd   Gap | It/Node Time

     0     0  277.59102    0   98  689.43506  277.59102  59.7%     -    0s
H    0     0                     473.1751957  277.59102  41.3%     -    0s
H    0     0                     472.4654644  277.59102  41.2%     -    0s
H    0     0                     459.1461162  277.59102  39.5%     -    0s
H    0     0                     452.0013257  277.59102  38.6%     -    0s
H    0     0                     445.9523854  277.59102  37.8%     -    0s
H    0     0                     433.1211096  277.59102  35.9%     -    0s
H    0     0                     416.9797359  277.59102  33.4%     -    0s
H    0     0                     413.8168159  277.59102  32.9%     -    0s
H    0     0                     403.0912939  277.59102  31.1%     -    0s
H    0     0                     362.1751996  277.59102  23.4%     -    0s
H    0     0                     362.0870018  277.59102  23.3%     -    0s
H    0     0                     361.4095175  277.59102  23.2%     -    0s
     0     0  282.97856    0  103  361.40952  282.97856  21.7%     -    0s
H    0     0                     355.3406438  282.97856  20.4%     -    0s
     0     0  283.95540    0  103  355.34064  283.95540  20.1%     -    0s
     0     0  284.28709    0  104  355.34064  284.28709  20.0%     -    1s
     0     0  284.31594    0  107  355.34064  284.31594  20.0%     -    1s
     0     0  288.06449    0  132  355.34064  288.06449  18.9%     -    1s
     0     0  288.06449    0  100  355.34064  288.06449  18.9%     -    1s
     0     0  288.06449    0   99  355.34064  288.06449  18.9%     -    1s
     0     0  288.06449    0  109  355.34064  288.06449  18.9%     -    1s
     0     0  288.32967    0  157  355.34064  288.32967  18.9%     -    1s
     0     0  288.33104    0  158  355.34064  288.33104  18.9%     -    1s
     0     0  291.61182    0  161  355.34064  291.61182  17.9%     -    1s
     0     0  291.64429    0  150  355.34064  291.64429  17.9%     -    1s
     0     0  291.64429    0  152  355.34064  291.64429  17.9%     -    1s
     0     0  294.42743    0  163  355.34064  294.42743  17.1%     -    2s
H    0     0                     353.9813942  294.44601  16.8%     -    2s
H    0     0                     353.9804403  294.44601  16.8%     -    2s
     0     0  294.44601    0  162  353.98044  294.44601  16.8%     -    2s
     0     0  294.62070    0  163  353.98044  294.62070  16.8%     -    2s
     0     0  294.63854    0  158  353.98044  294.63854  16.8%     -    2s
     0     0  295.64196    0  157  353.98044  295.64196  16.5%     -    2s
     0     0  295.64484    0  158  353.98044  295.64484  16.5%     -    2s
     0     0  295.64921    0  161  353.98044  295.64921  16.5%     -    2s
     0     0  295.64921    0  162  353.98044  295.64921  16.5%     -    2s
     0     0  295.74316    0  158  353.98044  295.74316  16.5%     -    2s
     0     0  295.75196    0  159  353.98044  295.75196  16.4%     -    3s
     0     0  295.75302    0  158  353.98044  295.75302  16.4%     -    3s
     0     0  295.75327    0  158  353.98044  295.75327  16.4%     -    3s
     0     0  295.84810    0  159  353.98044  295.84810  16.4%     -    3s
     0     0  295.84867    0  158  353.98044  295.84867  16.4%     -    3s
     0     0  295.84867    0  158  353.98044  295.84867  16.4%     -    3s
     0     0  295.84867    0  158  353.98044  295.84867  16.4%     -    3s
     0     0  295.84867    0  158  353.98044  295.84867  16.4%     -    3s
     0     2  297.29092    0  158  353.98044  297.29092  16.0%     -    3s
H  115   118                     352.6085211  297.29092  15.7%   188    4s
H  226   227                     345.1928556  297.29092  13.9%   152    4s
H  239   226                     339.5282176  297.29092  12.4%   153    4s
   301   303  320.40049   66  128  339.52822  297.29092  12.4%   165    5s
H  379   349                     330.8392369  297.29092  10.1%   150    5s
H  421   387                     330.3957132  297.29092  10.0%   139    5s
H  445   375                     327.5760770  297.29092  9.25%   137    5s
  1215   993  325.78899   40  142  327.57608  305.81359  6.64%   110   10s
H 1486   937                     327.5760756  312.68606  4.55%   119   13s
H 2403   791                     327.5760722  316.76552  3.30%  97.7   14s

Cutting planes:
  Gomory: 6
  Cover: 25
  Implied bound: 45
  Projected implied bound: 6
  Clique: 1
  MIR: 21
  Flow cover: 56
  Inf proof: 7
  Zero half: 9
  Mod-K: 3
  RLT: 3
  Relax-and-lift: 14

Explored 3431 nodes (338497 simplex iterations) in 14.97 seconds (31.52 work units)
Thread count was 4 (of 32 available processors)

Solution count 10: 327.576 330.396 330.839 ... 361.41

Optimal solution found (tolerance 1.00e-04)
Best objective 3.275760722131e+02, best bound 3.275760722131e+02, gap 0.0000%

User-callback calls 12261, time in user-callback 0.00 sec
Cap boundary reject: PORT-584 real=498.402 baseline=375.904
Set parameter Username
Set parameter LicenseID to value 2738882
Academic license - for non-commercial use only - expires 2026-11-14
Segment 1 eval: start=BOAT-0 end=PORT-583 stations=48 (optimize)
  Segment 1 order: -501 -500 -499 -498 -497 -496 -495 112 113 -494 114 -275 -111 -274 -107 -106 -105 104 -103 -102 -101 108 109 110 -273 -272 271 253 252 249 -248 -247 -245 -244 -243 -238 237 -215 -214 213 -192 218 -191 219 -190 -223 222 -135
Segment 2 eval: start=PORT-583 end=PORT-581 stations=62 (optimize)
  Segment 2 order: 133 134 -132 -181 230 232 233 234 -235 231 -227 228 229 -180 -179 -154 -153 -157 -156 -155 -173 -172 174 175 -176 -177 171 -170 -169 -168 -167 -166 -165 -164 -163 -162 -161 -160 159 158 -150 -149 -148 -147 -146 -145 -144 -142 -9 -8 -141 -140 -139 151 -152 -138 -137 -136 -2 90 -94 -92
Segment 3 eval: start=PORT-581 end=PORT-591 stations=79 (optimize)
  Segment 3 order: 56 55 -54 -53 -52 -51 -50 -49 -48 -39 -38 -37 66 67 68 69 -36 -35 -32 -31 -29 -27 26 28 30 -33 -34 41 42 43 44 45 46 -40 47 396 397 -398 -395 -394 -393 -392 -391 -390 -389 -388 -387 402 -403 385 -384 -383 -382 -414 -413 412 -409 408 -410 411 380 378 -379 -377 -376 -375 374 -373 -372 -371 -370 369 359 360 -358 -353 -349 -326 328
Segment 4 eval: start=PORT-591 end=PORT-593 stations=79 (optimize)
  Segment 4 order: 276 277 278 279 280 -341 -340 -320 -319 -318 -317 -316 281 557 -556 282 283 -284 555 558 559 -560 561 -562 -554 553 550 551 552 285 286 287 315 -314 313 -312 -288 -311 -309 -310 289 290 291 292 293 294 -307 303 -304 -302 -301 -300 -299 298 305 306 295 296 -297 -547 549 548 -546 -545 541 542 543 540 -544 -539 -538 -537 536 -535 -534 573 574 -577 528
Segment 5 eval: start=PORT-593 end=PORT-591 stations=86 (optimize)
  Segment 5 order: 454 455 464 465 480 -96 -95 91 -89 88 -87 86 -85 -84 -83 -82 -81 -80 78 75 72 73 -74 -71 76 70 77 -79 -24 -23 -22 -65 -63 64 57 59 -58 60 61 62 -386 -401 400 399 407 -406 -405 -404 -415 416 418 419 420 421 -423 -422 424 -417 425 381 426 -368 -367 -365 364 363 362 361 -348 -332 -331 -330 -329 327 -325 -324 -323 -321 -339 -338 -337 -336 -335 -334 -333 347
Segment 6 eval: start=PORT-591 end=PORT-583 stations=42 (optimize)
  Segment 6 order: -346 -345 -344 -343 -342 -566 563 564 565 567 568 569 570 571 572 576 -527 -514 -513 -512 -436 435 438 -437 -440 441 442 443 444 -506 -505 -449 448 -450 451 452 453 456 457 458 -100 -99
Segment 7 eval: start=PORT-583 end=PORT-588 stations=36 (optimize)
  Segment 7 order: 97 236 239 240 -241 242 -98 246 250 251 208 209 210 211 -212 198 199 202 203 204 -131 -129 130 -256 257 259 258 -128 -127 126 -125 -124 -264 268 269 270
Segment 8 eval: start=PORT-588 end=PORT-581 stations=49 (optimize)
  Segment 8 order: 118 119 -120 121 122 123 -266 -267 -265 -263 -262 -261 260 254 255 -205 -201 200 -197 -196 -195 -194 -193 -217 -189 -188 -187 -186 -185 -184 183 182 226 178 -7 -6 10 11 12 13 14 143 15 16 17 18 -21 19 -20
Segment 9 eval: start=PORT-581 end=PORT-591 stations=31 (optimize)
  Segment 9 order: -93 -25 -5 -4 -3 -1 -225 -224 -221 220 -216 206 -207 -472 471 -470 -469 -467 -466 474 -473 475 -117 -116 115 476 478 479 481 -477 308
Segment 10 eval: start=PORT-591 end=PORT-593 stations=25 (optimize)
  Segment 10 order: 366 -357 -356 -355 354 -352 -351 -350 -322 -533 -532 -531 -530 -529 575 578 579 580 524 525 526 -523 -522 -521 -427
Segment 11 eval: start=PORT-593 end=PORT-584 stations=24 (optimize)
  Segment 11 order: 515 516 519 -520 -518 -517 428 429 430 431 432 433 -434 447 -446 -445 439 -511 -510 -509 -508 -507 -504 -503
Segment 12 eval: start=PORT-584 end=PORT-584 stations=10 (optimize)
  Segment 12 order: 502 -488 -487 486 -483 -482 493 -492 -491 -490
Segment 13 eval: start=PORT-584 end=BOAT-END stations=9 (optimize)
  Segment 13 order: 489 -462 484 463 468 459 460 461 485
Cap boundary debug: PORT-584 -> [502 488 487 486 482 493 492 491 490 483] -> PORT-584 -> [485 461 460 459 468 463 484 462 489] -> BOAT-END | load_left=8086 load_right=44926 cap=45000
Set parameter Username
Set parameter LicenseID to value 2738882
Academic license - for non-commercial use only - expires 2026-11-14
Set parameter TimeLimit to value 360
Set parameter Seed to value 755839402
Set parameter Threads to value 4
Set parameter OutputFlag to value 1
Set parameter LogToConsole to value 1
Set parameter LazyConstraints to value 1
Gurobi Optimizer version 13.0.0 build v13.0.0rc1 (linux64 - "Debian GNU/Linux 13 (trixie)")

CPU model: AMD Ryzen 9 5950X 16-Core Processor, instruction set [SSE2|AVX|AVX2]
Thread count: 16 physical cores, 32 logical processors, using up to 4 threads

Non-default parameters:
TimeLimit  360
Seed  755839402
Threads  4
LazyConstraints  1

Optimize a model with 2170 rows, 5292 columns and 10572 nonzeros (Min)
Model fingerprint: 0x503dbb74
Model has 1672 linear objective coefficients
Variable types: 3528 continuous, 1764 integer (1764 binary)
Coefficient statistics:
  Matrix range     [1e+00, 4e+04]
  Objective range  [4e-01, 1e+02]
  Bounds range     [1e+00, 4e+04]
  RHS range        [1e+00, 2e+04]
Presolve removed 452 rows and 2033 columns
Presolve time: 0.02s
Presolved: 1718 rows, 3259 columns, 9842 nonzeros
Variable types: 1558 continuous, 1701 integer (1701 binary)

Root relaxation: objective 2.713433e+02, 3162 iterations, 0.06 seconds (0.15 work units)

    Nodes    |    Current Node    |     Objective Bounds      |     Work
 Expl Unexpl |  Obj  Depth IntInf | Incumbent    BestBd   Gap | It/Node Time

     0     0  271.34328    0   91          -  271.34328      -     -    0s
H    0     0                     505.3476538  271.34328  46.3%     -    0s
H    0     0                     501.3121411  271.34328  45.9%     -    0s
H    0     0                     500.8179218  271.34328  45.8%     -    0s
H    0     0                     475.4309650  271.34328  42.9%     -    0s
H    0     0                     466.8093838  271.34328  41.9%     -    0s
H    0     0                     466.7123107  271.34328  41.9%     -    0s
     0     0  271.34328    0   91  466.71231  271.34328  41.9%     -    0s
     0     0  272.78369    0  109  466.71231  272.78369  41.6%     -    0s
H    0     0                     369.6997390  272.78369  26.2%     -    0s
     0     0  272.78472    0  108  369.69974  272.78472  26.2%     -    0s
     0     0  273.78156    0  104  369.69974  273.78156  25.9%     -    0s
     0     0  273.79123    0  110  369.69974  273.79123  25.9%     -    0s
     0     0  273.79127    0  110  369.69974  273.79127  25.9%     -    0s
     0     0  273.97987    0  117  369.69974  273.97987  25.9%     -    0s
H    0     0                     368.3775048  273.99320  25.6%     -    0s
     0     0  274.04008    0  120  368.37750  274.04008  25.6%     -    0s
     0     0  274.04027    0  122  368.37750  274.04027  25.6%     -    0s
     0     0  274.19208    0  112  368.37750  274.19208  25.6%     -    0s
     0     0  274.40081    0  116  368.37750  274.40081  25.5%     -    0s
     0     0  274.46427    0  115  368.37750  274.46427  25.5%     -    0s
     0     0  274.47291    0  117  368.37750  274.47291  25.5%     -    0s
     0     0  274.47321    0  117  368.37750  274.47321  25.5%     -    0s
     0     0  274.52141    0  118  368.37750  274.52141  25.5%     -    0s
     0     0  274.52288    0  119  368.37750  274.52288  25.5%     -    0s
     0     0  274.55574    0  120  368.37750  274.55574  25.5%     -    0s
     0     0  274.58140    0  118  368.37750  274.58140  25.5%     -    0s
     0     0  274.58140    0  119  368.37750  274.58140  25.5%     -    0s
     0     0  275.03084    0  105  368.37750  275.03084  25.3%     -    0s
     0     0  275.03744    0  107  368.37750  275.03744  25.3%     -    0s
     0     0  275.05257    0  114  368.37750  275.05257  25.3%     -    0s
     0     0  275.05666    0  113  368.37750  275.05666  25.3%     -    0s
     0     0  275.05733    0  113  368.37750  275.05733  25.3%     -    0s
     0     0  275.06757    0  112  368.37750  275.06757  25.3%     -    0s
     0     0  275.06968    0  113  368.37750  275.06968  25.3%     -    0s
     0     0  275.06968    0  117  368.37750  275.06968  25.3%     -    0s
     0     0  275.08313    0  111  368.37750  275.08313  25.3%     -    1s
     0     0  275.08382    0  112  368.37750  275.08382  25.3%     -    1s
     0     0  275.11601    0  113  368.37750  275.11601  25.3%     -    1s
     0     0  275.11976    0  113  368.37750  275.11976  25.3%     -    1s
     0     0  275.11976    0  112  368.37750  275.11976  25.3%     -    1s
     0     0  275.11976    0  112  368.37750  275.11976  25.3%     -    1s
     0     0  275.11976    0  112  368.37750  275.11976  25.3%     -    1s
     0     0  275.11976    0  106  368.37750  275.11976  25.3%     -    1s
     0     2  275.25591    0  106  368.37750  275.25591  25.3%     -    1s
H   86    91                     368.3774653  275.35444  25.3%  64.6    1s
H  152   156                     366.4951197  275.35444  24.9%  44.9    1s
H  227   232                     366.3773660  275.35444  24.8%  33.1    2s
  1086  1037  314.68079   34  122  366.37737  314.68079  14.1%  20.3    5s
H 1101   994                     366.3773467  314.96245  14.0%  20.0    5s
H 1101   943                     366.3773466  314.96245  14.0%  20.0    5s
H 1106   898                     366.3773466  314.97235  14.0%  20.0    6s
H 1122   864                     366.3773375  314.97235  14.0%  25.3    7s
H 1255   910                     363.4269094  315.47173  13.2%  38.1    9s
H 1271   877                     363.0786508  315.47173  13.1%  39.7    9s
H 1333   880                     361.9629811  315.47173  12.8%  42.0   10s
  8488  4704  321.87180   40   65  361.96298  319.45746  11.7%  39.9   15s
H 9989  5404                     360.0859926  319.75552  11.2%  41.0   16s
 14412  7843  322.73248   42   75  360.08599  320.36356  11.0%  45.1   20s
 21935 11539  348.16195   52   39  360.08599  321.34482  10.8%  48.7   25s
 28279 14315     cutoff   57       360.08599  321.92058  10.6%  51.5   30s
 34968 17043 infeasible   59       360.08599  322.56303  10.4%  53.8   35s
H40461 19202                     360.0859755  322.98444  10.3%  55.9   39s
 40888 19387     cutoff   53       360.08598  323.02386  10.3%  55.9   40s
 46411 21694  341.76136   49   51  360.08598  323.43901  10.2%  56.8   45s
 53206 24372  337.89570   44   23  360.08598  323.90369  10.0%  57.6   50s
 59887 27062  339.20624   46   66  360.08598  324.26929  9.95%  58.5   55s
 66813 29782  353.23411   55   55  360.08598  324.60958  9.85%  59.2   60s
 72817 32116  347.28505   54   65  360.08598  324.85330  9.78%  59.7   65s
 78037 34066  338.78122   50   50  360.08598  325.07961  9.72%  60.5   70s
 83705 36165  353.46095   47   52  360.08598  325.28788  9.66%  61.3   75s
 89221 38174  340.94786   43   51  360.08598  325.49291  9.61%  62.0   80s
H90873 38714                     360.0859554  325.55901  9.59%  62.4   81s
 93896 39864  332.37656   44   81  360.08596  325.65881  9.56%  63.3   85s
 98148 41450  335.71741   54   53  360.08596  325.80039  9.52%  64.6   90s
 102013 42832  338.11857   49   65  360.08596  325.95444  9.48%  65.8   95s
 106527 44440     cutoff   59       360.08596  326.12724  9.43%  67.2  100s
 110750 45893     cutoff   46       360.08596  326.29161  9.39%  68.3  105s
 115026 47429  358.16411   47   66  360.08596  326.45537  9.34%  69.5  110s
 119228 49055  335.01050   48   72  360.08596  326.59799  9.30%  70.5  115s
 122786 50232  331.34624   41   98  360.08596  326.71478  9.27%  71.5  120s
 126396 51539  345.72403   65   73  360.08596  326.84804  9.23%  72.5  125s
 129215 52600  343.19472   60   86  360.08596  326.94256  9.20%  73.3  130s
 133405 54077  337.66400   48   68  360.08596  327.09982  9.16%  74.3  135s
 137177 55482     cutoff   62       360.08596  327.26703  9.11%  75.2  140s
 141107 56842  350.04672   52   41  360.08596  327.40574  9.08%  76.1  145s
 145356 58255     cutoff   45       360.08596  327.57616  9.03%  77.0  150s
 149518 59562  341.13647   49   67  360.08596  327.71097  8.99%  77.8  155s
 153424 60778  358.78403   42   40  360.08596  327.85394  8.95%  78.7  160s
 157185 61998  341.37553   48   80  360.08596  328.00381  8.91%  79.6  165s
 160848 63198  332.97065   49   53  360.08596  328.15624  8.87%  80.5  170s
 164392 64363  352.40865   53   88  360.08596  328.28460  8.83%  81.3  175s
 167966 65581  342.19885   46   72  360.08596  328.42327  8.79%  82.0  180s
 171740 66949  358.33604   55   36  360.08596  328.55071  8.76%  82.8  185s
 175462 68197  352.19702   54   67  360.08596  328.69354  8.72%  83.4  190s
 179134 69460  335.25584   50   75  360.08596  328.84110  8.68%  84.0  195s
 182470 70475  339.52140   54   82  360.08596  328.98587  8.64%  84.6  200s
 185943 71672  346.65171   44   68  360.08596  329.09416  8.61%  85.1  205s
H188301 72325                     360.0859350  329.18639  8.58%  85.5  207s
 188805 72488  355.29323   70   59  360.08593  329.19988  8.58%  85.6  210s
 192147 73629  351.26244   40   74  360.08593  329.32825  8.54%  86.1  215s
 195966 74774  352.63901   50   83  360.08593  329.44494  8.51%  86.7  220s
 199362 75839  356.34668   52   57  360.08593  329.56665  8.48%  87.2  225s
 203110 77034  348.42261   54   63  360.08593  329.68846  8.44%  87.8  230s
 206812 78232  348.55878   45   68  360.08593  329.84207  8.40%  88.3  235s
 210813 79495 infeasible   54       360.08593  329.98124  8.36%  88.8  240s
 214606 80633  351.15051   51   33  360.08593  330.11339  8.32%  89.3  245s
 218061 81698  352.43353   51   72  360.08593  330.24781  8.29%  89.8  250s
 221771 82938  353.93087   50   71  360.08593  330.38526  8.25%  90.2  255s
 225031 83957  338.54821   48   80  360.08593  330.48398  8.22%  90.6  260s
 228779 85087  340.90193   43   99  360.08593  330.59391  8.19%  91.0  265s
 232744 86334  357.84015   49   72  360.08593  330.72219  8.15%  91.4  270s
 236759 87619  340.04524   52   83  360.08593  330.85318  8.12%  91.8  275s
 240385 88728     cutoff   67       360.08593  330.96980  8.09%  92.3  280s
 244322 89940     cutoff   50       360.08593  331.10659  8.05%  92.7  285s
 247766 91042  338.40348   46   75  360.08593  331.22907  8.01%  93.0  290s
 251635 92208  345.65491   50   88  360.08593  331.33118  7.99%  93.3  295s
 255160 93319  340.17021   52   98  360.08593  331.44477  7.95%  93.7  300s
 258715 94295  358.67263   51   77  360.08593  331.55479  7.92%  94.0  305s
 262792 95468  353.38628   60   48  360.08593  331.65312  7.90%  94.3  310s
 266380 96612  352.45360   50   61  360.08593  331.77292  7.86%  94.6  315s
 269657 97560  332.78802   51  101  360.08593  331.85359  7.84%  94.9  320s
 273533 98729     cutoff   65       360.08593  331.96087  7.81%  95.2  325s
 277176 99652  334.69648   44   96  360.08593  332.06676  7.78%  95.5  330s
 280452 100579     cutoff   51       360.08593  332.16626  7.75%  95.8  335s
 283712 101519  355.40177   64   66  360.08593  332.25644  7.73%  96.1  340s
 287290 102703  332.59490   46   78  360.08593  332.35984  7.70%  96.5  345s
 290268 103571     cutoff   62       360.08593  332.43680  7.68%  96.7  350s
 293238 104484  340.18252   50   73  360.08593  332.50158  7.66%  96.9  355s
 296987 105540     cutoff   51       360.08593  332.60711  7.63%  97.1  360s

Cutting planes:
  Gomory: 4
  Cover: 104
  Implied bound: 122
  Projected implied bound: 7
  MIR: 555
  Mixing: 8
  Flow cover: 545
  GUB cover: 1
  Inf proof: 65
  Zero half: 12
  RLT: 10
  Relax-and-lift: 17
  BQP: 12
  Lazy constraints: 2

Explored 297211 nodes (28875256 simplex iterations) in 360.00 seconds (1393.03 work units)
Thread count was 4 (of 32 available processors)

Solution count 10: 360.086 360.086 361.963 ... 368.378

Time limit reached
Best objective 3.600859349938e+02, best bound 3.326118241402e+02, gap 7.6299%

User-callback calls 646660, time in user-callback 0.02 sec
Cap boundary opt: PORT-584 stations=19 obj=360.086 real=360.086 baseline=365.289
Set parameter Username
Set parameter LicenseID to value 2738882
Academic license - for non-commercial use only - expires 2026-11-14
Segment 1 eval: start=BOAT-0 end=PORT-583 stations=48 (optimize)
  Segment 1 order: -501 -500 -499 -498 -497 -496 -495 112 113 -494 114 -275 -111 -274 -107 -106 -105 104 -103 -102 -101 108 109 110 -273 -272 271 253 252 249 -248 -247 -245 -244 -243 -238 237 -215 -214 213 -192 218 -191 219 -190 -223 222 -135
Segment 2 eval: start=PORT-583 end=PORT-581 stations=62 (optimize)
  Segment 2 order: 133 134 -132 -181 230 232 233 234 -235 231 -227 228 229 -180 -179 -154 -153 -157 -156 -155 -173 -172 174 175 -176 -177 171 -170 -169 -168 -167 -166 -165 -164 -163 -162 -161 -160 159 158 -150 -149 -148 -147 -146 -145 -144 -142 -9 -8 -141 -140 -139 151 -152 -138 -137 -136 -2 90 -94 -92
Segment 3 eval: start=PORT-581 end=PORT-591 stations=79 (optimize)
  Segment 3 order: 56 55 -54 -53 -52 -51 -50 -49 -48 -39 -38 -37 66 67 68 69 -36 -35 -32 -31 -29 -27 26 28 30 -33 -34 41 42 43 44 45 46 -40 47 396 397 -398 -395 -394 -393 -392 -391 -390 -389 -388 -387 402 -403 385 -384 -383 -382 -414 -413 412 -409 408 -410 411 380 378 -379 -377 -376 -375 374 -373 -372 -371 -370 369 359 360 -358 -353 -349 -326 328
Segment 4 eval: start=PORT-591 end=PORT-593 stations=79 (optimize)
  Segment 4 order: 276 277 278 279 280 -341 -340 -320 -319 -318 -317 -316 281 557 -556 282 283 -284 555 558 559 -560 561 -562 -554 553 550 551 552 285 286 287 315 -314 313 -312 -288 -311 -309 -310 289 290 291 292 293 294 -307 303 -304 -302 -301 -300 -299 298 305 306 295 296 -297 -547 549 548 -546 -545 541 542 543 540 -544 -539 -538 -537 536 -535 -534 573 574 -577 528
Segment 5 eval: start=PORT-593 end=PORT-591 stations=86 (optimize)
  Segment 5 order: 454 455 464 465 480 -96 -95 91 -89 88 -87 86 -85 -84 -83 -82 -81 -80 78 75 72 73 -74 -71 76 70 77 -79 -24 -23 -22 -65 -63 64 57 59 -58 60 61 62 -386 -401 400 399 407 -406 -405 -404 -415 416 418 419 420 421 -423 -422 424 -417 425 381 426 -368 -367 -365 364 363 362 361 -348 -332 -331 -330 -329 327 -325 -324 -323 -321 -339 -338 -337 -336 -335 -334 -333 347
Segment 6 eval: start=PORT-591 end=PORT-583 stations=42 (optimize)
  Segment 6 order: -346 -345 -344 -343 -342 -566 563 564 565 567 568 569 570 571 572 576 -527 -514 -513 -512 -436 435 438 -437 -440 441 442 443 444 -506 -505 -449 448 -450 451 452 453 456 457 458 -100 -99
Segment 7 eval: start=PORT-583 end=PORT-588 stations=36 (optimize)
  Segment 7 order: 97 236 239 240 -241 242 -98 246 250 251 208 209 210 211 -212 198 199 202 203 204 -131 -129 130 -256 257 259 258 -128 -127 126 -125 -124 -264 268 269 270
Segment 8 eval: start=PORT-588 end=PORT-581 stations=49 (optimize)
  Segment 8 order: 118 119 -120 121 122 123 -266 -267 -265 -263 -262 -261 260 254 255 -205 -201 200 -197 -196 -195 -194 -193 -217 -189 -188 -187 -186 -185 -184 183 182 226 178 -7 -6 10 11 12 13 14 143 15 16 17 18 -21 19 -20
Segment 9 eval: start=PORT-581 end=PORT-591 stations=31 (optimize)
  Segment 9 order: -93 -25 -5 -4 -3 -1 -225 -224 -221 220 -216 206 -207 -472 471 -470 -469 -467 -466 474 -473 475 -117 -116 115 476 478 479 481 -477 308
Segment 10 eval: start=PORT-591 end=PORT-593 stations=25 (optimize)
  Segment 10 order: 366 -357 -356 -355 354 -352 -351 -350 -322 -533 -532 -531 -530 -529 575 578 579 580 524 525 526 -523 -522 -521 -427
Segment 11 eval: start=PORT-593 end=PORT-584 stations=24 (optimize)
  Segment 11 order: 515 516 519 -520 -518 -517 428 429 430 431 432 433 -434 447 -446 -445 439 -511 -510 -509 -508 -507 -504 -503
Segment 12 eval: start=PORT-584 end=PORT-584 stations=10 (optimize)
  Segment 12 order: 489 482 483 463 -484 462 -486 487 488 -502
Segment 13 eval: start=PORT-584 end=BOAT-END stations=9 (optimize)
  Segment 13 order: -485 -461 -460 -459 -468 493 -492 -491 -490
Set parameter Username
Set parameter LicenseID to value 2738882
Academic license - for non-commercial use only - expires 2026-11-14
Segment 1 eval: start=BOAT-0 end=PORT-583 stations=48 (optimize)
  Segment 1 order: -501 -500 -499 -498 -497 -496 -495 112 113 -494 114 -275 -111 -274 -107 -106 -105 104 -103 -102 -101 108 109 110 -273 -272 271 253 252 249 -248 -247 -245 -244 -243 -238 237 -215 -214 213 -192 218 -191 219 -190 -223 222 -135
Segment 2 eval: start=PORT-583 end=PORT-581 stations=62 (optimize)
  Segment 2 order: 133 134 -132 -181 230 232 233 234 -235 231 -227 228 229 -180 -179 -154 -153 -157 -156 -155 -173 -172 174 175 -176 -177 171 -170 -169 -168 -167 -166 -165 -164 -163 -162 -161 -160 159 158 -150 -149 -148 -147 -146 -145 -144 -142 -9 -8 -141 -140 -139 151 -152 -138 -137 -136 -2 90 -94 -92
Segment 3 eval: start=PORT-581 end=PORT-591 stations=79 (optimize)
  Segment 3 order: 56 55 -54 -53 -52 -51 -50 -49 -48 -39 -38 -37 66 67 68 69 -36 -35 -32 -31 -29 -27 26 28 30 -33 -34 41 42 43 44 45 46 -40 47 396 397 -398 -395 -394 -393 -392 -391 -390 -389 -388 -387 402 -403 385 -384 -383 -382 -414 -413 412 -409 408 -410 411 380 378 -379 -377 -376 -375 374 -373 -372 -371 -370 369 359 360 -358 -353 -349 -326 328
Segment 4 eval: start=PORT-591 end=PORT-593 stations=79 (optimize)
  Segment 4 order: 276 277 278 279 280 -341 -340 -320 -319 -318 -317 -316 281 557 -556 282 283 -284 555 558 559 -560 561 -562 -554 553 550 551 552 285 286 287 315 -314 313 -312 -288 -311 -309 -310 289 290 291 292 293 294 -307 303 -304 -302 -301 -300 -299 298 305 306 295 296 -297 -547 549 548 -546 -545 541 542 543 540 -544 -539 -538 -537 536 -535 -534 573 574 -577 528
Segment 5 eval: start=PORT-593 end=PORT-591 stations=86 (optimize)
  Segment 5 order: 454 455 464 465 480 -96 -95 91 -89 88 -87 86 -85 -84 -83 -82 -81 -80 78 75 72 73 -74 -71 76 70 77 -79 -24 -23 -22 -65 -63 64 57 59 -58 60 61 62 -386 -401 400 399 407 -406 -405 -404 -415 416 418 419 420 421 -423 -422 424 -417 425 381 426 -368 -367 -365 364 363 362 361 -348 -332 -331 -330 -329 327 -325 -324 -323 -321 -339 -338 -337 -336 -335 -334 -333 347
Segment 6 eval: start=PORT-591 end=PORT-583 stations=42 (optimize)
  Segment 6 order: -346 -345 -344 -343 -342 -566 563 564 565 567 568 569 570 571 572 576 -527 -514 -513 -512 -436 435 438 -437 -440 441 442 443 444 -506 -505 -449 448 -450 451 452 453 456 457 458 -100 -99
Segment 7 eval: start=PORT-583 end=PORT-588 stations=36 (optimize)
  Segment 7 order: 97 236 239 240 -241 242 -98 246 250 251 208 209 210 211 -212 198 199 202 203 204 -131 -129 130 -256 257 259 258 -128 -127 126 -125 -124 -264 268 269 270
Segment 8 eval: start=PORT-588 end=PORT-581 stations=49 (optimize)
  Segment 8 order: 118 119 -120 121 122 123 -266 -267 -265 -263 -262 -261 260 254 255 -205 -201 200 -197 -196 -195 -194 -193 -217 -189 -188 -187 -186 -185 -184 183 182 226 178 -7 -6 10 11 12 13 14 143 15 16 17 18 -21 19 -20
Segment 9 eval: start=PORT-581 end=PORT-591 stations=31 (optimize)
  Segment 9 order: -93 -25 -5 -4 -3 -1 -225 -224 -221 220 -216 206 -207 -472 471 -470 -469 -467 -466 474 -473 475 -117 -116 115 476 478 479 481 -477 308
Segment 10 eval: start=PORT-591 end=PORT-593 stations=25 (optimize)
  Segment 10 order: 366 -357 -356 -355 354 -352 -351 -350 -322 -533 -532 -531 -530 -529 575 578 579 580 524 525 526 -523 -522 -521 -427
Segment 11 eval: start=PORT-593 end=PORT-584 stations=24 (optimize)
  Segment 11 order: 515 516 519 -520 -518 -517 428 429 430 431 432 433 -434 447 -446 -445 439 -511 -510 -509 -508 -507 -504 -503
Segment 12 eval: start=PORT-584 end=PORT-584 stations=10 (optimize)
  Segment 12 order: 489 482 483 463 -484 462 -486 487 488 -502
Segment 13 eval: start=PORT-584 end=BOAT-END stations=9 (optimize)
  Segment 13 order: -485 -461 -460 -459 -468 493 -492 -491 -490
PROGRESS pass=2 changed=1 total=6378.292 best=6378.292 nseg=13 stall=0 mut=2/7 mut=STAT-483 src=9 dst=12 delta=-3.472
Capacity boundary sweep pass 3
Cap boundary debug: BOAT -> [500 501 499 497 498 496 495 494 113 112 114 275 111 274 107 106 105 104 103 102 101 108 109 110 273 272 271 253 252 249 248 247 245 244 243 238 237 215 214 213 218 192 191 190 219 223 222 135] -> PORT-583 -> [134 133 132 181 230 232 231 233 234 235 227 228 229 180 179 154 153 152 151 139 140 148 149 150 158 157 156 155 174 175 176 177 171 170 168 172 173 167 166 165 164 163 159 162 160 161 147 145 146 144 142 9 8 141 138 137 136 2 94 92 90 169] -> PORT-581 | load_left=43996 load_right=44049 cap=45000
Set parameter Username
Set parameter LicenseID to value 2738882
Academic license - for non-commercial use only - expires 2026-11-14
Set parameter TimeLimit to value 360
Set parameter Seed to value 1573855459
Set parameter Threads to value 4
Set parameter OutputFlag to value 1
Set parameter LogToConsole to value 1
Set parameter LazyConstraints to value 1
Gurobi Optimizer version 13.0.0 build v13.0.0rc1 (linux64 - "Debian GNU/Linux 13 (trixie)")

CPU model: AMD Ryzen 9 5950X 16-Core Processor, instruction set [SSE2|AVX|AVX2]
Thread count: 16 physical cores, 32 logical processors, using up to 4 threads

Non-default parameters:
TimeLimit  360
Seed  1573855459
Threads  4
LazyConstraints  1

Optimize a model with 52402 rows, 150528 columns and 301044 nonzeros (Min)
Model fingerprint: 0xae717632
Model has 49728 linear objective coefficients
Variable types: 100352 continuous, 50176 integer (50176 binary)
Coefficient statistics:
  Matrix range     [1e+00, 4e+04]
  Objective range  [4e-01, 3e+02]
  Bounds range     [1e+00, 4e+04]
  RHS range        [1e+00, 9e+03]
Presolve removed 2454 rows and 51628 columns
Presolve time: 0.37s
Presolved: 49948 rows, 98900 columns, 297279 nonzeros
Variable types: 49060 continuous, 49840 integer (49840 binary)
Root relaxation presolved: 49948 rows, 98900 columns, 297279 nonzeros

Deterministic concurrent LP optimizer: primal and dual simplex
Showing primal log only...


Root simplex log...

Iteration    Objective       Primal Inf.    Dual Inf.      Time
   68675    6.2631146e+02   1.887451e+00   0.000000e+00      5s
   68761    6.2631349e+02   0.000000e+00   0.000000e+00      5s
Concurrent spin time: 0.00s

Solved with primal simplex

Root relaxation: objective 6.263135e+02, 68761 iterations, 4.58 seconds (8.87 work units)

    Nodes    |    Current Node    |     Objective Bounds      |     Work
 Expl Unexpl |  Obj  Depth IntInf | Incumbent    BestBd   Gap | It/Node Time

     0     0  626.31349    0  363          -  626.31349      -     -    5s
H    0     0                    2844.6421934  626.31349  78.0%     -    6s
H    0     0                     852.5249739  626.31349  26.5%     -   10s
H    0     0                     840.9155123  626.31349  25.5%     -   10s
H    0     0                     839.9149016  626.31349  25.4%     -   10s
H    0     0                     816.4141977  626.31349  23.3%     -   10s
H    0     0                     810.5341881  626.31349  22.7%     -   11s
H    0     0                     806.0597155  626.31349  22.3%     -   11s
H    0     0                     804.5627625  626.31349  22.2%     -   12s
H    0     0                     795.7664109  626.31349  21.3%     -   13s
H    0     0                     795.4384897  626.31349  21.3%     -   15s
H    0     0                     768.4212121  626.31349  18.5%     -   16s
H    0     0                     768.0274297  626.31349  18.5%     -   19s
     0     0  626.31349    0  363  768.02743  626.31349  18.5%     -   20s
     0     0  629.25887    0  390  768.02743  629.25887  18.1%     -   29s
H    0     0                     760.7857055  629.34410  17.3%     -   29s
H    0     0                     757.1313172  629.34410  16.9%     -   30s
H    0     0                     737.3390734  629.34410  14.6%     -   30s
H    0     0                     733.3215827  629.34410  14.2%     -   32s
H    0     0                     707.4020272  629.34410  11.0%     -   36s
H    0     0                     681.9979527  629.34410  7.72%     -   36s
H    0     0                     672.6951927  629.34410  6.44%     -   36s
     0     0  629.86536    0  398  672.69519  629.86536  6.37%     -   40s
     0     0  629.86560    0  397  672.69519  629.86560  6.37%     -   41s
     0     0  631.97711    0  441  672.69519  631.97711  6.05%     -   47s
     0     0  631.97711    0  376  672.69519  631.97711  6.05%     -   50s
H    0     0                     672.6894715  631.97711  6.05%     -   50s
H    0     0                     671.8749117  631.97711  5.94%     -   50s
     0     0  632.08121    0  413  671.87491  632.08121  5.92%     -   54s
H    0     0                     671.7805629  632.16537  5.90%     -   55s
H    0     0                     671.4664119  632.16537  5.85%     -   55s
H    0     0                     668.6362097  632.16537  5.45%     -   55s
H    0     0                     668.5890476  632.16537  5.45%     -   56s
H    0     0                     668.3168997  632.16537  5.41%     -   56s
H    0     0                     666.7769251  632.16537  5.19%     -   56s
H    0     0                     665.1249995  632.16537  4.96%     -   56s
     0     0  632.16537    0  398  665.12500  632.16537  4.96%     -   57s
     0     0  632.16537    0  411  665.12500  632.16537  4.96%     -   57s
     0     0  632.16537    0  410  665.12500  632.16537  4.96%     -   57s
     0     0  635.89701    0  419  665.12500  635.89701  4.39%     -   59s
     0     0  635.89701    0  368  665.12500  635.89701  4.39%     -   63s
     0     0  635.89701    0  416  665.12500  635.89701  4.39%     -   64s
     0     0  637.94001    0  429  665.12500  637.94001  4.09%     -   67s
     0     0  637.95724    0  428  665.12500  637.95724  4.08%     -   67s
     0     0  640.30533    0  445  665.12500  640.30533  3.73%     -   68s
     0     0  641.18920    0  453  665.12500  641.18920  3.60%     -   69s
     0     0  641.24827    0  455  665.12500  641.24827  3.59%     -   69s
     0     0  641.24827    0  455  665.12500  641.24827  3.59%     -   69s
     0     0  643.54346    0  439  665.12500  643.54346  3.24%     -   70s
     0     0  643.54346    0  361  665.12500  643.54346  3.24%     -   72s
     0     0  643.54346    0  425  665.12500  643.54346  3.24%     -   73s
     0     0  643.54346    0  464  665.12500  643.54346  3.24%     -   74s
     0     0  643.54346    0  435  665.12500  643.54346  3.24%     -   74s
     0     0  643.55577    0  438  665.12500  643.55577  3.24%     -   74s
     0     0  643.87088    0  463  665.12500  643.87088  3.20%     -   75s
     0     0  643.97198    0  445  665.12500  643.97198  3.18%     -   75s
     0     0  644.03526    0  458  665.12500  644.03526  3.17%     -   75s
     0     0  644.03910    0  452  665.12500  644.03910  3.17%     -   75s
     0     0  644.12752    0  458  665.12500  644.12752  3.16%     -   76s
     0     0  644.40085    0  442  665.12500  644.40085  3.12%     -   76s
     0     0  644.40274    0  443  665.12500  644.40274  3.12%     -   76s
     0     0  644.66000    0  451  665.12500  644.66000  3.08%     -   77s
     0     0  644.66093    0  446  665.12500  644.66093  3.08%     -   77s
     0     0  644.68149    0  450  665.12500  644.68149  3.07%     -   78s
     0     0  644.70264    0  438  665.12500  644.70264  3.07%     -   78s
     0     0  644.70321    0  437  665.12500  644.70321  3.07%     -   78s
     0     0  644.92536    0  436  665.12500  644.92536  3.04%     -   78s
     0     0  645.05460    0  437  665.12500  645.05460  3.02%     -   78s
     0     0  645.06450    0  437  665.12500  645.06450  3.02%     -   78s
     0     0  645.06450    0  437  665.12500  645.06450  3.02%     -   78s
     0     0  645.07647    0  413  665.12500  645.07647  3.01%     -   78s
     0     0  645.09858    0  417  665.12500  645.09858  3.01%     -   79s
     0     0  645.10253    0  417  665.12500  645.10253  3.01%     -   79s
     0     0  645.10550    0  415  665.12500  645.10550  3.01%     -   79s
     0     0  645.10682    0  416  665.12500  645.10682  3.01%     -   79s
     0     0  645.10846    0  414  665.12500  645.10846  3.01%     -   79s
     0     0  645.10846    0  414  665.12500  645.10846  3.01%     -   79s
     0     0  645.10846    0  414  665.12500  645.10846  3.01%     -   79s
     0     0  645.10846    0  413  665.12500  645.10846  3.01%     -   79s
     0     2  645.91143    0  412  665.12500  645.91143  2.89%     -   80s
    58    68  649.45475   15  143  665.12500  646.19153  2.85%  1453   85s
H   64    68                     665.1249970  646.19153  2.85%  1422   85s
   294   288  651.18097   55   90  665.12500  646.19153  2.85%   601   90s
H  360   351                     665.1249968  646.19153  2.85%   522   91s
   604   585  649.63640   49  152  665.12500  646.26873  2.83%   428   95s
   886   851  651.87986   48  167  665.12500  646.68050  2.77%   400  100s
  1174  1058  649.28351   16  441  665.12500  646.69187  2.77%   383  109s
  1176  1059  653.26751   64  369  665.12500  646.69187  2.77%   382  111s
  1189  1068  651.46065   70  436  665.12500  646.69187  2.77%   378  115s
  1205  1079  648.22254    6  375  665.12500  646.69187  2.77%   373  122s
  1213  1089  648.35443   18  223  665.12500  646.69187  2.77%   415  125s
  1278  1129  650.96361   29  191  665.12500  646.69187  2.77%   434  130s
  1414  1137 infeasible   25       665.12500  646.69187  2.77%   444  135s
  1576  1161  652.59799   30  193  665.12500  647.27785  2.68%   438  140s
  1746  1191  654.35786   68  175  665.12500  647.48049  2.65%   436  145s
  1989  1236  655.25143   46  197  665.12500  648.34511  2.52%   438  150s
  2246  1291  662.02014   80  214  665.12500  648.51107  2.50%   439  155s
  2507  1331  657.17665   41  214  665.12500  648.71980  2.47%   451  160s
  2768  1397  659.76758   47  185  665.12500  648.86893  2.44%   461  165s
  3016  1444 infeasible   24       665.12500  649.18035  2.40%   461  170s
  3296  1529  650.24109   56  185  665.12500  649.29739  2.38%   465  175s
  3727  1598  663.95102   50  198  665.12500  649.40475  2.36%   463  181s
  3922  1654  654.99221   34  180  665.12500  649.47547  2.35%   467  186s
  4194  1708  652.30230   26  235  665.12500  649.66750  2.32%   466  190s
  4628  1848  658.23635   36  191  665.12500  649.76308  2.31%   455  196s
  5008  2083  656.16405   24  216  665.12500  649.89194  2.29%   453  202s
  5413  2311  652.87436   26  222  665.12500  649.97943  2.28%   447  207s
  5804  2434  654.90618   23  198  665.12500  650.21945  2.24%   435  210s
  6289  2634  654.40948   69  200  665.12500  650.30064  2.23%   432  217s
  6358  2715     cutoff   50       665.12500  650.36601  2.22%   435  220s
  6805  2978  653.42350   30  211  665.12500  650.49858  2.20%   439  227s
  7096  3104  653.32487   25  202  665.12500  650.60754  2.18%   436  230s
  7434  3245  658.11289   31  211  665.12500  650.66852  2.17%   431  235s
H 7887  3365                     665.1249967  650.74822  2.16%   433  239s
  8042  3539  657.13763   32  210  665.12500  650.78381  2.16%   432  244s
  8453  3688  652.16894   26  209  665.12500  650.90959  2.14%   426  248s
  8701  3850  657.00347   41  209  665.12500  650.90959  2.14%   432  253s
  9079  3933 infeasible   29       665.12500  651.05739  2.12%   433  257s
  9334  4191  656.73002   27  215  665.12500  651.08005  2.11%   439  263s
 10029  4328  663.55303   32  199  665.12500  651.21655  2.09%   428  268s
 10360  4530  663.94543   36  199  665.12500  651.32611  2.07%   430  274s
 10882  4738  658.89330   32  224  665.12500  651.43804  2.06%   426  280s
 11418  5052  657.18053   28  232  665.12500  651.52727  2.04%   424  286s
 12132  5248  656.94346   27  190  665.12500  651.64681  2.03%   415  291s
 12694  5452  659.36166   29  200  665.12500  651.79081  2.00%   413  297s
 13167  5489  661.66787   46  178  665.12500  651.83325  2.00%   411  303s
 13249  5703  656.60943   30  196  665.12500  651.85053  2.00%   412  308s
 13732  5903  659.24601   25  241  665.12500  651.97328  1.98%   412  313s
 14291  6071  663.59434   30  192  665.12500  652.08528  1.96%   411  317s
 14732  6201  658.43600   44  165  665.12500  652.11093  1.96%   411  322s
 15029  6347     cutoff   51       665.12500  652.14819  1.95%   415  327s
 15420  6491 infeasible   37       665.12500  652.19185  1.94%   417  332s
 15879  6606  662.57050   40  171  665.12500  652.27998  1.93%   417  337s
 16294  6727  658.56065   29  220  665.12500  652.28957  1.93%   420  342s
 16795  6904 infeasible   27       665.12500  652.41564  1.91%   420  347s
 17355  7049  657.66317   26  235  665.12500  652.56457  1.89%   419  352s
 17785  7125     cutoff   48       665.12500  652.65583  1.87%   420  356s

Cutting planes:
  Gomory: 18
  Cover: 29
  Implied bound: 146
  Projected implied bound: 17
  Clique: 1
  MIR: 122
  Flow cover: 262
  Inf proof: 12
  Zero half: 31
  Network: 2
  RLT: 15
  Relax-and-lift: 84
  BQP: 4

Explored 18483 nodes (8107657 simplex iterations) in 360.00 seconds (1137.49 work units)
Thread count was 4 (of 32 available processors)

Solution count 10: 665.125 666.777 668.317 ... 672.695

Time limit reached
Best objective 6.651249967433e+02, best bound 6.527778385239e+02, gap 1.8564%

User-callback calls 85810, time in user-callback 0.02 sec
Cap boundary reject: PORT-583 real=1050.234 baseline=689.390
Cap boundary debug: PORT-583 -> [134 133 132 181 230 232 231 233 234 235 227 228 229 180 179 154 153 152 151 139 140 148 149 150 158 157 156 155 174 175 176 177 171 170 168 172 173 167 166 165 164 163 159 162 160 161 147 145 146 144 142 9 8 141 138 137 136 2 94 92 90 169] -> PORT-581 -> [68 69 67 66 53 54 56 55 52 51 38 48 39 40 47 46 43 45 44 42 41 34 33 30 29 27 26 28 31 32 36 35 37 50 49 396 397 398 395 394 393 392 391 390 389 388 387 402 385 403 384 383 382 414 413 412 409 408 410 411 380 378 379 377 376 375 374 373 372 371 370 369 359 360 358 353 349 326 328] -> PORT-591 | load_left=44049 load_right=43950 cap=45000
Set parameter Username
Set parameter LicenseID to value 2738882
Academic license - for non-commercial use only - expires 2026-11-14
Set parameter TimeLimit to value 360
Set parameter Seed to value 1241924329
Set parameter Threads to value 4
Set parameter OutputFlag to value 1
Set parameter LogToConsole to value 1
Set parameter LazyConstraints to value 1
Gurobi Optimizer version 13.0.0 build v13.0.0rc1 (linux64 - "Debian GNU/Linux 13 (trixie)")

CPU model: AMD Ryzen 9 5950X 16-Core Processor, instruction set [SSE2|AVX|AVX2]
Thread count: 16 physical cores, 32 logical processors, using up to 4 threads

Non-default parameters:
TimeLimit  360
Seed  1241924329
Threads  4
LazyConstraints  1

Optimize a model with 84642 rows, 245388 columns and 490764 nonzeros (Min)
Model fingerprint: 0x22c4fdc6
Model has 81224 linear objective coefficients
Variable types: 163592 continuous, 81796 integer (81796 binary)
Coefficient statistics:
  Matrix range     [1e+00, 4e+04]
  Objective range  [4e-01, 1e+05]
  Bounds range     [1e+00, 4e+04]
  RHS range        [1e+00, 9e+03]
Presolve removed 3136 rows and 83651 columns
Presolve time: 0.54s
Presolved: 81506 rows, 161737 columns, 485650 nonzeros
Variable types: 80370 continuous, 81367 integer (81367 binary)
Root relaxation presolved: 81506 rows, 161737 columns, 485650 nonzeros

Deterministic concurrent LP optimizer: primal and dual simplex
Showing primal log only...


Root simplex log...

Iteration    Objective       Primal Inf.    Dual Inf.      Time
   54715    7.5660009e+02   0.000000e+00   1.856706e+04      5s
  118420    7.1137100e+02   0.000000e+00   4.303324e+01     10s
  129730    7.9095272e+02   0.000000e+00   0.000000e+00     11s
Concurrent spin time: 0.00s

Solved with primal simplex

Root relaxation: objective 7.909527e+02, 129730 iterations, 10.63 seconds (23.90 work units)

    Nodes    |    Current Node    |     Objective Bounds      |     Work
 Expl Unexpl |  Obj  Depth IntInf | Incumbent    BestBd   Gap | It/Node Time

     0     0  790.95272    0  465          -  790.95272      -     -   14s
H    0     0                    1237.1514289  790.95272  36.1%     -   16s
H    0     0                    1228.4656289  790.95272  35.6%     -   16s
H    0     0                    1135.6516219  790.95272  30.4%     -   17s
H    0     0                    1134.4176352  790.95272  30.3%     -   19s
H    0     0                    1132.7716234  790.95272  30.2%     -   19s
H    0     0                    1130.8822594  790.95272  30.1%     -   20s
H    0     0                    1103.1024408  790.95272  28.3%     -   20s
H    0     0                    1046.9943361  790.95272  24.5%     -   22s
H    0     0                     988.5556907  790.95272  20.0%     -   23s
H    0     0                     986.8848669  790.95272  19.9%     -   24s
H    0     0                     986.7091918  790.95272  19.8%     -   24s
H    0     0                     985.2840489  790.95272  19.7%     -   24s
H    0     0                     985.2840480  790.95272  19.7%     -   25s
     0     0  796.50562    0  551  985.28405  796.50562  19.2%     -   34s
H    0     0                     960.5473151  796.51999  17.1%     -   35s
H    0     0                     932.0637977  796.51999  14.5%     -   36s
H    0     0                     930.0035590  796.51999  14.4%     -   36s
H    0     0                     927.0757441  796.51999  14.1%     -   39s
H    0     0                     924.5473311  796.51999  13.8%     -   39s
H    0     0                     881.1928688  796.51999  9.61%     -   41s
H    0     0                     879.9968481  796.51999  9.49%     -   42s
H    0     0                     878.5078389  796.51999  9.33%     -   42s
H    0     0                     876.2320209  796.51999  9.10%     -   43s
H    0     0                     874.6829810  796.51999  8.94%     -   44s
H    0     0                     873.4874392  796.51999  8.81%     -   46s
     0     0  797.87109    0  543  873.48744  797.87109  8.66%     -   50s
     0     0  797.87109    0  544  873.48744  797.87109  8.66%     -   50s
     0     0  802.38874    0  557  873.48744  802.38874  8.14%     -   59s
     0     0  802.38874    0  472  873.48744  802.38874  8.14%     -   66s
     0     0  802.38874    0  546  873.48744  802.38874  8.14%     -   76s
     0     0  804.42122    0  543  873.48744  804.42122  7.91%     -   87s
     0     0  804.42191    0  543  873.48744  804.42191  7.91%     -   87s
     0     0  804.64350    0  554  873.48744  804.64350  7.88%     -   89s
     0     0  804.67792    0  557  873.48744  804.67792  7.88%     -   89s
     0     0  805.74150    0  559  873.48744  805.74150  7.76%     -   89s
     0     0  805.74591    0  562  873.48744  805.74591  7.76%     -   90s
     0     0  805.74593    0  562  873.48744  805.74593  7.76%     -   90s
     0     0  812.16551    0  542  873.48744  812.16551  7.02%     -   99s
     0     0  812.17076    0  546  873.48744  812.17076  7.02%     -   99s
     0     0  812.17399    0  546  873.48744  812.17399  7.02%     -   99s
     0     0  812.17401    0  546  873.48744  812.17401  7.02%     -   99s
     0     0  814.20709    0  559  873.48744  814.20709  6.79%     -  108s
     0     0  814.20860    0  560  873.48744  814.20860  6.79%     -  109s
     0     0  814.23860    0  559  873.48744  814.23860  6.78%     -  115s
     0     0  814.23860    0  555  873.48744  814.23860  6.78%     -  116s
     0     0  814.39045    0  545  873.48744  814.39045  6.77%     -  120s
H    0     0                     869.8300211  814.39045  6.37%     -  120s
     0     0  814.40993    0  552  869.83002  814.40993  6.37%     -  121s
     0     0  814.41102    0  554  869.83002  814.41102  6.37%     -  121s
     0     0  814.48532    0  575  869.83002  814.48532  6.36%     -  123s
     0     0  815.00663    0  553  869.83002  815.00663  6.30%     -  127s
     0     0  815.00815    0  559  869.83002  815.00815  6.30%     -  127s
     0     0  815.34517    0  549  869.83002  815.34517  6.26%     -  130s
     0     0  816.23188    0  554  869.83002  816.23188  6.16%     -  131s
     0     0  816.23188    0  553  869.83002  816.23188  6.16%     -  133s
     0     0  816.23188    0  577  869.83002  816.23188  6.16%     -  136s
     0     0  816.23188    0  567  869.83002  816.23188  6.16%     -  137s
     0     0  816.23188    0  568  869.83002  816.23188  6.16%     -  137s
     0     0  816.23188    0  574  869.83002  816.23188  6.16%     -  138s
     0     0  816.23188    0  574  869.83002  816.23188  6.16%     -  138s
     0     0  816.23188    0  580  869.83002  816.23188  6.16%     -  139s
     0     0  816.23188    0  580  869.83002  816.23188  6.16%     -  140s
     0     0  816.23188    0  567  869.83002  816.23188  6.16%     -  142s
     0     0  820.94205    0  471  869.83002  820.94205  5.62%     -  158s
     0     0  820.94205    0  529  869.83002  820.94205  5.62%     -  162s
H    0     0                     868.3585001  820.94205  5.46%     -  165s
H    0     0                     865.4792479  820.94205  5.15%     -  165s
     0     0  820.94205    0  525  865.47925  820.94205  5.15%     -  172s
     0     0  820.94205    0  532  865.47925  820.94205  5.15%     -  175s
     0     0  820.94205    0  547  865.47925  820.94205  5.15%     -  175s
     0     0  820.94205    0  563  865.47925  820.94205  5.15%     -  177s
     0     0  820.94205    0  579  865.47925  820.94205  5.15%     -  178s
     0     0  820.94205    0  577  865.47925  820.94205  5.15%     -  179s
     0     0  820.94205    0  588  865.47925  820.94205  5.15%     -  180s
     0     0  820.94205    0  585  865.47925  820.94205  5.15%     -  181s
     0     0  820.94205    0  581  865.47925  820.94205  5.15%     -  184s
     0     0  820.94205    0  578  865.47925  820.94205  5.15%     -  192s
     0     0  820.94205    0  583  865.47925  820.94205  5.15%     -  193s
     0     0  820.94205    0  568  865.47925  820.94205  5.15%     -  197s
     0     0  820.94205    0  573  865.47925  820.94205  5.15%     -  197s
     0     0  820.94205    0  581  865.47925  820.94205  5.15%     -  200s
     0     0  820.94205    0  563  865.47925  820.94205  5.15%     -  200s
     0     0  820.94205    0  581  865.47925  820.94205  5.15%     -  200s
     0     0  820.94205    0  580  865.47925  820.94205  5.15%     -  200s
     0     0  820.94205    0  566  865.47925  820.94205  5.15%     -  207s
     0     0  820.94205    0  570  865.47925  820.94205  5.15%     -  208s
     0     0  820.94205    0  569  865.47925  820.94205  5.15%     -  208s
     0     0  820.94205    0  554  865.47925  820.94205  5.15%     -  209s
     0     0  820.94205    0  554  865.47925  820.94205  5.15%     -  209s
     0     0  820.94205    0  573  865.47925  820.94205  5.15%     -  213s
     0     0  820.94205    0  571  865.47925  820.94205  5.15%     -  213s
     0     0  820.94205    0  567  865.47925  820.94205  5.15%     -  214s
     0     0  820.94205    0  567  865.47925  820.94205  5.15%     -  218s
     0     0  820.94205    0  558  865.47925  820.94205  5.15%     -  220s
     0     0  820.94205    0  561  865.47925  820.94205  5.15%     -  221s
     0     0  820.94205    0  562  865.47925  820.94205  5.15%     -  222s
     0     0  820.94205    0  568  865.47925  820.94205  5.15%     -  224s
     0     0  820.94205    0  565  865.47925  820.94205  5.15%     -  224s
     0     0  820.94205    0  548  865.47925  820.94205  5.15%     -  225s
     0     0  820.94205    0  548  865.47925  820.94205  5.15%     -  226s
     0     0  820.94205    0  532  865.47925  820.94205  5.15%     -  227s
H    0     0                     865.4792470  821.56623  5.07%     -  236s
     0     2  821.56623    0  530  865.47925  821.56623  5.07%     -  238s
     3     8  821.56623    2  275  865.47925  821.56623  5.07%  2389  240s
    16    23  821.56623    5  269  865.47925  821.56623  5.07%  3649  245s
    71    88  821.56623   12  248  865.47925  821.56623  5.07%  1511  250s
   178   198  821.56623   41  206  865.47925  821.56623  5.07%   754  257s
   197   211  821.56623   50  207  865.47925  821.56623  5.07%   702  260s
   338   391  822.56761   99  213  865.47925  821.56623  5.07%   587  265s
   712   803  827.56674  231  165  865.47925  821.56623  5.07%   348  270s
  1351  1397  834.50069  387  246  865.47925  821.56623  5.07%   215  275s
  1593  1569  838.69228  461  210  865.47925  821.56623  5.07%   198  280s
H 1597  1573                     865.4792460  821.56623  5.07%   197  281s
  1751  1842  841.87045  545  250  865.47925  821.56623  5.07%   187  285s
  2163  2166  821.56623   15  321  865.47925  821.56623  5.07%   181  290s
  2317  2253  837.37376   80  557  865.47925  821.56623  5.07%   183  316s
  2319  2254  834.47772  258  486  865.47925  821.56623  5.07%   183  322s
  2320  2255  846.59091  478  548  865.47925  821.56623  5.07%   183  332s
  2321  2256  835.20172  142  555  865.47925  821.56623  5.07%   183  337s
  2323  2257  845.75851  296  564  865.47925  821.56623  5.07%   183  341s
  2326  2259  847.77742  396  566  865.47925  821.56623  5.07%   182  346s
  2330  2262  826.32376  161  579  865.47925  821.56623  5.07%   182  350s
  2334  2264  850.84725  549  578  865.47925  821.56623  5.07%   182  355s

Cutting planes:
  Gomory: 34
  Lift-and-project: 2
  Cover: 17
  Implied bound: 110
  Projected implied bound: 7
  Clique: 2
  MIR: 50
  Flow cover: 86
  Zero half: 30
  RLT: 5
  Relax-and-lift: 105
  BQP: 1

Explored 2336 nodes (1370405 simplex iterations) in 360.01 seconds (915.04 work units)
Thread count was 4 (of 32 available processors)

Solution count 10: 865.479 865.479 868.359 ... 881.193

Time limit reached
Best objective 8.654792459995e+02, best bound 8.246672033562e+02, gap 4.7155%

User-callback calls 45410, time in user-callback 0.01 sec
Cap boundary reject: PORT-581 segment infeasible left=652.947 right=100559.884
Cap boundary reject: PORT-581 real=1000000000000000052504760255204420248704468581108159154915854115511802457988908195786371375080447864043704443832883878176942523235360430575644792184786706982848387200926575803737830233794788090059368953234970799945081119038967640880074652742780142494579258788820056842838115669472196386865459400540160.000 baseline=876.108
Cap boundary debug: PORT-581 -> [68 69 67 66 53 54 56 55 52 51 38 48 39 40 47 46 43 45 44 42 41 34 33 30 29 27 26 28 31 32 36 35 37 50 49 396 397 398 395 394 393 392 391 390 389 388 387 402 385 403 384 383 382 414 413 412 409 408 410 411 380 378 379 377 376 375 374 373 372 371 370 369 359 360 358 353 349 326 328] -> PORT-591 -> [276 277 278 279 280 281 557 556 282 283 284 555 558 559 560 561 562 554 550 551 552 285 286 287 288 312 313 314 315 316 317 318 319 320 340 341 553 301 302 300 299 298 305 304 303 307 294 293 291 290 289 311 309 310 292 295 306 297 296 545 546 547 548 549 541 544 543 542 540 539 538 537 536 535 534 573 574 577 528] -> PORT-593 | load_left=43950 load_right=43056 cap=45000
Set parameter Username
Set parameter LicenseID to value 2738882
Academic license - for non-commercial use only - expires 2026-11-14
Set parameter TimeLimit to value 360
Set parameter Seed to value 380414469
Set parameter Threads to value 4
Set parameter OutputFlag to value 1
Set parameter LogToConsole to value 1
Set parameter LazyConstraints to value 1
Gurobi Optimizer version 13.0.0 build v13.0.0rc1 (linux64 - "Debian GNU/Linux 13 (trixie)")

CPU model: AMD Ryzen 9 5950X 16-Core Processor, instruction set [SSE2|AVX|AVX2]
Thread count: 16 physical cores, 32 logical processors, using up to 4 threads

Non-default parameters:
TimeLimit  360
Seed  380414469
Threads  4
LazyConstraints  1

Optimize a model with 105586 rows, 307200 columns and 614388 nonzeros (Min)
Model fingerprint: 0x8fe56ca7
Model has 101760 linear objective coefficients
Variable types: 204800 continuous, 102400 integer (102400 binary)
Coefficient statistics:
  Matrix range     [1e+00, 4e+04]
  Objective range  [4e-01, 1e+05]
  Bounds range     [1e+00, 4e+04]
  RHS range        [1e+00, 4e+03]
Presolve removed 3510 rows and 104476 columns
Presolve time: 0.71s
Presolved: 102076 rows, 202724 columns, 608518 nonzeros
Variable types: 100804 continuous, 101920 integer (101920 binary)
Root relaxation presolved: 102076 rows, 202724 columns, 608518 nonzeros

Deterministic concurrent LP optimizer: primal simplex, dual simplex, and barrier
Showing barrier log only...

Root barrier log...

Ordering time: 0.06s

Barrier statistics:
 AA' NZ     : 6.103e+05
 Factor NZ  : 1.314e+06 (roughly 130 MB of memory)
 Factor Ops : 6.797e+08 (less than 1 second per iteration)
 Threads    : 2

                  Objective                Residual
Iter       Primal          Dual         Primal    Dual     Compl     Time
   0   2.84861610e+10 -6.37893635e+13  2.82e+05 1.46e-11  2.10e+08     1s
   1   1.35020226e+10 -4.18019439e+13  1.34e+05 2.24e+04  1.20e+08     1s
   2   9.14489110e+09 -2.17123864e+12  9.05e+04 8.94e-10  2.61e+07     1s
   3   4.72873925e+09 -1.07745922e+12  4.68e+04 9.33e-10  1.32e+07     2s
   4   1.62597417e+09 -7.99003390e+11  1.61e+04 9.31e-10  5.34e+06     2s
   5   4.45591287e+08 -4.35253583e+11  4.39e+03 7.40e-10  1.86e+06     2s
   6   8.62344257e+07 -1.91257901e+11  8.34e+02 3.65e-09  5.49e+05     2s
   7   4.25704969e+06 -1.92045490e+10  2.30e+01 1.63e-09  4.16e+04     2s
   8   3.27034566e+06 -9.55872550e+09  1.31e+01 2.98e-09  2.06e+04     2s
   9   3.12661524e+06 -8.32282997e+09  1.17e+01 3.72e-09  1.78e+04     2s
  10   2.98700986e+06 -6.59104397e+09  1.02e+01 2.97e-09  1.40e+04     2s
  11   2.78212815e+06 -3.09804005e+09  8.03e+00 2.46e-09  6.38e+03     2s
  12   2.08243876e+06 -1.03592151e+09  1.37e+00 2.23e-09  2.07e+03     2s
  13   1.90974499e+06 -1.00303549e+08  1.39e-01 2.12e-09  2.02e+02     2s
  14   1.72183934e+06 -2.88842134e+07  5.60e-02 5.13e-10  6.05e+01     2s
  15   8.92642582e+05 -2.17135701e+07  1.26e-02 4.69e-10  4.47e+01     2s
  16   2.52471831e+05 -5.41457774e+06  1.02e-05 1.80e-10  1.12e+01     2s
  17   5.21303606e+04 -6.06236501e+05  1.87e-08 2.47e-10  1.30e+00     2s
  18   3.06082155e+04 -6.75981385e+04  1.69e-09 2.33e-10  1.94e-01     2s
  19   1.82122798e+04 -3.36350133e+04  9.89e-11 2.91e-10  1.02e-01     3s
  20   1.47444794e+04 -2.47149485e+04  5.93e-11 3.20e-10  7.79e-02     3s
  21   1.02111044e+04 -1.10030753e+04  2.65e-10 2.59e-10  4.19e-02     3s
  22   7.42695008e+03 -6.10134972e+03  1.05e-10 3.20e-10  2.67e-02     3s
  23   3.97655423e+03 -3.00640637e+03  2.35e-10 3.20e-10  1.38e-02     3s
  24   2.61133590e+03 -1.12674315e+03  1.21e-10 3.12e-10  7.38e-03     3s
  25   1.93126423e+03 -3.45534476e+02  6.08e-10 2.40e-10  4.50e-03     3s
  26   1.54432945e+03  2.59516848e+02  2.16e-10 3.49e-10  2.54e-03     3s
  27   1.24848623e+03  7.90968503e+02  3.82e-10 2.62e-10  9.04e-04     3s
  28   1.17324572e+03  1.01335562e+03  1.12e-09 2.76e-10  3.16e-04     3s
  29   1.15931524e+03  1.07199608e+03  9.78e-10 3.06e-10  1.72e-04     3s
  30   1.15485020e+03  1.09475678e+03  5.17e-10 2.80e-10  1.19e-04     3s
  31   1.15193209e+03  1.12547328e+03  2.48e-10 2.07e-10  5.23e-05     3s
  32   1.14929930e+03  1.13599655e+03  5.88e-11 1.26e-10  2.63e-05     3s
  33   1.14822680e+03  1.14599207e+03  1.54e-09 9.97e-11  4.41e-06     3s
  34   1.14797589e+03  1.14766016e+03  8.35e-10 1.90e-10  6.24e-07     4s
  35   1.14794305e+03  1.14779066e+03  4.48e-10 2.93e-10  3.01e-07     4s
  36   1.14791855e+03  1.14784557e+03  1.38e-10 3.49e-10  1.44e-07     4s
  37   1.14790467e+03  1.14790046e+03  5.28e-10 1.75e-10  8.33e-09     4s
  38   1.14790423e+03  1.14790421e+03  2.36e-09 2.18e-10  4.06e-11     4s
  39   1.14790422e+03  1.14790422e+03  1.55e-11 2.24e-10  2.34e-13     4s

Barrier solved model in 39 iterations and 3.90 seconds (5.85 work units)
Optimal objective 1.14790422e+03

Crossover time: 0.22 seconds (0.37 work units)
Concurrent spin time: 0.00s

Solved with barrier

Root relaxation: objective 1.147904e+03, 45955 iterations, 3.12 seconds (3.89 work units)

    Nodes    |    Current Node    |     Objective Bounds      |     Work
 Expl Unexpl |  Obj  Depth IntInf | Incumbent    BestBd   Gap | It/Node Time

     0     0 1147.90422    0  517          - 1147.90422      -     -    7s
H    0     0                    1600.9149739 1147.90422  28.3%     -    9s
H    0     0                    1568.2109297 1147.90422  26.8%     -   10s
H    0     0                    1566.1873843 1147.90422  26.7%     -   11s
H    0     0                    1531.7993397 1147.90422  25.1%     -   12s
H    0     0                    1519.5227136 1147.90422  24.5%     -   14s
H    0     0                    1489.1126009 1147.90422  22.9%     -   14s
H    0     0                    1486.7571717 1147.90422  22.8%     -   15s
H    0     0                    1484.1018679 1147.90422  22.7%     -   15s
H    0     0                    1483.5828481 1147.90422  22.6%     -   15s
H    0     0                    1480.5803501 1147.90422  22.5%     -   15s
     0     0 1150.96859    0  566 1480.58035 1150.96859  22.3%     -   19s
     0     0 1150.96859    0  511 1480.58035 1150.96859  22.3%     -   30s
H    0     0                    1478.2205652 1150.96859  22.1%     -   31s
H    0     0                    1472.0633280 1150.96859  21.8%     -   31s
H    0     0                    1469.8925018 1150.96859  21.7%     -   32s
     0     0 1153.67856    0  571 1469.89250 1153.67856  21.5%     -   37s
H    0     0                    1448.8917912 1153.68094  20.4%     -   38s
H    0     0                    1335.3067832 1153.68094  13.6%     -   38s
H    0     0                    1323.9260687 1153.68094  12.9%     -   39s
H    0     0                    1323.3635148 1153.68094  12.8%     -   42s
H    0     0                    1319.1446665 1153.68094  12.5%     -   42s
H    0     0                    1316.2373806 1153.68094  12.4%     -   43s
H    0     0                    1311.1838237 1153.68094  12.0%     -   44s
H    0     0                    1305.1698661 1153.68094  11.6%     -   45s
H    0     0                    1305.0648910 1153.68094  11.6%     -   45s
H    0     0                    1304.6428754 1153.68094  11.6%     -   45s
H    0     0                    1304.3243175 1153.68094  11.5%     -   46s
H    0     0                    1304.3243172 1153.68094  11.5%     -   47s
     0     0 1154.45760    0  569 1304.32432 1154.45760  11.5%     -   48s
     0     0 1154.46577    0  569 1304.32432 1154.46577  11.5%     -   48s
     0     0 1160.26596    0  591 1304.32432 1160.26596  11.0%     -   63s
     0     0 1161.53788    0  591 1304.32432 1161.53788  10.9%     -   64s
     0     0 1161.53788    0  590 1304.32432 1161.53788  10.9%     -   64s
     0     0 1161.95555    0  554 1304.32432 1161.95555  10.9%     -   68s
     0     0 1163.09069    0  579 1304.32432 1163.09069  10.8%     -   73s
     0     0 1163.11934    0  590 1304.32432 1163.11934  10.8%     -   73s
     0     0 1163.11951    0  589 1304.32432 1163.11951  10.8%     -   73s
     0     0 1165.74588    0  601 1304.32432 1165.74588  10.6%     -   85s
H    0     0                    1293.9179122 1165.74588  9.91%     -   86s
     0     0 1165.85539    0  617 1293.91791 1165.85539  9.90%     -   89s
     0     0 1165.85654    0  616 1293.91791 1165.85654  9.90%     -   89s
     0     0 1166.05428    0  605 1293.91791 1166.05428  9.88%     -   90s
     0     0 1166.06894    0  621 1293.91791 1166.06894  9.88%     -   91s
     0     0 1166.06965    0  622 1293.91791 1166.06965  9.88%     -   91s
     0     0 1167.72567    0  609 1293.91791 1167.72567  9.75%     -   94s
     0     0 1167.98657    0  609 1293.91791 1167.98657  9.73%     -   96s
     0     0 1167.98657    0  613 1293.91791 1167.98657  9.73%     -   96s
     0     0 1168.31692    0  620 1293.91791 1168.31692  9.71%     -   98s
     0     0 1168.31692    0  626 1293.91791 1168.31692  9.71%     -   98s
     0     0 1168.79203    0  614 1293.91791 1168.79203  9.67%     -  100s
H    0     0                    1293.2496093 1168.79231  9.62%     -  102s
H    0     0                    1266.7858983 1168.79231  7.74%     -  103s
H    0     0                    1266.3485244 1168.79231  7.70%     -  104s
H    0     0                    1266.3485184 1168.79231  7.70%     -  107s
     0     0 1168.79444    0  615 1266.34852 1168.79444  7.70%     -  107s
     0     0 1169.26972    0  618 1266.34852 1169.26972  7.67%     -  109s
     0     0 1169.26972    0  512 1266.34852 1169.26972  7.67%     -  116s
H    0     0                    1262.4073491 1169.26972  7.38%     -  117s
     0     0 1169.26972    0  550 1262.40735 1169.26972  7.38%     -  122s
H    0     0                    1254.7612340 1169.26972  6.81%     -  125s
H    0     0                    1254.4580535 1169.26972  6.79%     -  128s
H    0     0                    1252.3906763 1169.26972  6.64%     -  129s
H    0     0                    1251.3983165 1169.26972  6.56%     -  129s
     0     0 1169.26972    0  596 1251.39832 1169.26972  6.56%     -  137s
     0     0 1169.71973    0  572 1251.39832 1169.71973  6.53%     -  142s
     0     0 1169.89102    0  575 1251.39832 1169.89102  6.51%     -  143s
     0     0 1169.89357    0  578 1251.39832 1169.89357  6.51%     -  143s
     0     0 1169.95120    0  576 1251.39832 1169.95120  6.51%     -  143s
     0     0 1172.51665    0  586 1251.39832 1172.51665  6.30%     -  146s
     0     0 1172.97795    0  587 1251.39832 1172.97795  6.27%     -  148s
     0     0 1174.42040    0  598 1251.39832 1174.42040  6.15%     -  162s
     0     0 1174.54054    0  595 1251.39832 1174.54054  6.14%     -  162s
     0     0 1174.54680    0  597 1251.39832 1174.54680  6.14%     -  163s
     0     0 1174.86211    0  610 1251.39832 1174.86211  6.12%     -  165s
     0     0 1174.95158    0  606 1251.39832 1174.95158  6.11%     -  165s
     0     0 1174.95158    0  606 1251.39832 1174.95158  6.11%     -  165s
     0     0 1175.04767    0  610 1251.39832 1175.04767  6.10%     -  167s
     0     0 1175.04952    0  609 1251.39832 1175.04952  6.10%     -  168s
     0     0 1175.19953    0  609 1251.39832 1175.19953  6.09%     -  169s
H    0     0                    1249.8972123 1175.19953  5.98%     -  173s
     0     0 1175.19953    0  609 1249.89721 1175.19953  5.98%     -  174s
     0     0 1175.21606    0  605 1249.89721 1175.21606  5.97%     -  175s
     0     0 1175.21606    0  604 1249.89721 1175.21606  5.97%     -  175s
     0     0 1175.24241    0  610 1249.89721 1175.24241  5.97%     -  176s
     0     0 1175.24241    0  606 1249.89721 1175.24241  5.97%     -  176s
     0     0 1175.24241    0  607 1249.89721 1175.24241  5.97%     -  177s
     0     0 1175.24241    0  607 1249.89721 1175.24241  5.97%     -  177s
     0     0 1175.24241    0  578 1249.89721 1175.24241  5.97%     -  180s
     0     0 1175.24241    0  514 1249.89721 1175.24241  5.97%     -  203s
H    0     0                    1249.8972108 1175.24241  5.97%     -  203s
H    0     0                    1249.8972081 1175.24241  5.97%     -  203s
     0     0 1175.24241    0  553 1249.89721 1175.24241  5.97%     -  209s
H    0     0                    1249.8972049 1175.24241  5.97%     -  211s
H    0     0                    1249.8344959 1175.24241  5.97%     -  214s
H    0     0                    1249.7230003 1175.24241  5.96%     -  214s
H    0     0                    1247.4592666 1175.24241  5.79%     -  215s
H    0     0                    1246.5041739 1175.24241  5.72%     -  215s
H    0     0                    1246.5041712 1175.24241  5.72%     -  216s
     0     0 1175.24241    0  577 1246.50417 1175.24241  5.72%     -  223s
     0     0 1175.24241    0  580 1246.50417 1175.24241  5.72%     -  225s
     0     0 1175.24241    0  595 1246.50417 1175.24241  5.72%     -  226s
     0     0 1175.24241    0  602 1246.50417 1175.24241  5.72%     -  227s
     0     0 1175.24262    0  601 1246.50417 1175.24262  5.72%     -  227s
     0     0 1175.25092    0  592 1246.50417 1175.25092  5.72%     -  231s
     0     0 1175.34039    0  593 1246.50417 1175.34039  5.71%     -  231s
     0     0 1175.41092    0  596 1246.50417 1175.41092  5.70%     -  233s
     0     0 1175.46752    0  596 1246.50417 1175.46752  5.70%     -  233s
     0     0 1175.46752    0  599 1246.50417 1175.46752  5.70%     -  233s
     0     0 1175.46752    0  604 1246.50417 1175.46752  5.70%     -  235s
     0     0 1176.00432    0  589 1246.50417 1176.00432  5.66%     -  237s
     0     0 1176.00434    0  593 1246.50417 1176.00434  5.66%     -  237s
     0     0 1176.00447    0  589 1246.50417 1176.00447  5.66%     -  238s
     0     0 1176.00447    0  586 1246.50417 1176.00447  5.66%     -  238s
     0     0 1176.00455    0  586 1246.50417 1176.00455  5.66%     -  239s
H    0     0                    1246.5041680 1176.00455  5.66%     -  244s
     0     0 1176.00455    0  586 1246.50417 1176.00455  5.66%     -  245s
     0     0 1176.03243    0  592 1246.50417 1176.03243  5.65%     -  247s
     0     0 1176.03243    0  590 1246.50417 1176.03243  5.65%     -  247s
     0     0 1176.03304    0  588 1246.50417 1176.03304  5.65%     -  248s
     0     0 1176.03304    0  588 1246.50417 1176.03304  5.65%     -  248s
     0     0 1176.03304    0  572 1246.50417 1176.03304  5.65%     -  249s
     0     2 1183.75998    0  572 1246.50417 1183.75998  5.03%     -  258s
     3     7 1183.75998    2  305 1246.50417 1183.75998  5.03%  5063  264s
     6    11 1183.75998    3  295 1246.50417 1183.75998  5.03%  6052  265s
    10    16 1183.75998    4  277 1246.50417 1183.75998  5.03%  4350  271s
    15    31 1183.75998    6  334 1246.50417 1183.75998  5.03%  5169  275s
    43    59 1183.75998   15  319 1246.50417 1183.75998  5.03%  2449  281s
    71    85 1183.75998   19  317 1246.50417 1183.75998  5.03%  2021  289s
    84   100 1185.55767   20  325 1246.50417 1183.75998  5.03%  1799  293s
   111   124 1188.71108   21  325 1246.50417 1183.75998  5.03%  1609  298s
   123   148 1186.96650   22  289 1246.50417 1183.75998  5.03%  1700  302s
   147   171 1187.46696   28  286 1246.50417 1183.75998  5.03%  1665  305s
   202   207 1188.82504   37  311 1246.50417 1183.75998  5.03%  1359  311s
   210   215 1188.95506   39  308 1246.50417 1183.75998  5.03%  1375  315s
H  213   215                    1243.0205307 1183.75998  4.77%  1356  315s
   214   245 1189.00892   40  273 1243.02053 1183.75998  4.77%  1351  320s
   283   298 1190.75180   63  227 1243.02053 1183.75998  4.77%  1197  329s
   297   330 1190.78867   64  236 1243.02053 1183.75998  4.77%  1214  331s
   329   375 1191.85225   78  241 1243.02053 1183.75998  4.77%  1173  336s
   434   483 1193.52341  106  255 1243.02053 1183.75998  4.77%   992  343s
   491   516 1194.31309  116  224 1243.02053 1183.75998  4.77%   933  345s
   524   566 1195.94238  136  249 1243.02053 1183.75998  4.77%   933  350s
H  574   635                    1239.8546248 1183.75998  4.52%   898  355s

Cutting planes:
  Learned: 1
  Gomory: 10
  Lift-and-project: 1
  Cover: 5
  Implied bound: 184
  Clique: 5
  MIR: 27
  Flow cover: 86
  Zero half: 66
  Network: 6
  RLT: 1
  Relax-and-lift: 198
  BQP: 1

Explored 852 nodes (1330344 simplex iterations) in 360.02 seconds (1032.46 work units)
Thread count was 4 (of 32 available processors)

Solution count 10: 1239.85 1243.02 1246.5 ... 1254.46

Time limit reached
Best objective 1.239854624837e+03, best bound 1.183759979809e+03, gap 4.5243%

User-callback calls 75043, time in user-callback 0.02 sec
Cap boundary reject: PORT-591 real=1906.047 baseline=1238.030
Set parameter Username
Set parameter LicenseID to value 2738882
Academic license - for non-commercial use only - expires 2026-11-14
Segment 1 eval: start=BOAT-0 end=PORT-583 stations=48 (optimize)
  Segment 1 order: -501 -500 -499 -498 -497 -496 -495 112 113 -494 114 -275 -111 -274 -107 -106 -105 104 -103 -102 -101 108 109 110 -273 -272 271 253 252 249 -248 -247 -245 -244 -243 -238 237 -215 -214 213 -192 218 -191 219 -190 -223 222 -135
Segment 2 eval: start=PORT-583 end=PORT-581 stations=62 (optimize)
  Segment 2 order: 133 134 -132 -181 230 232 233 234 -235 231 -227 228 229 -180 -179 -154 -153 -157 -156 -155 -173 -172 174 175 -176 -177 171 -170 -169 -168 -167 -166 -165 -164 -163 -162 -161 -160 159 158 -150 -149 -148 -147 -146 -145 -144 -142 -9 -8 -141 -140 -139 151 -152 -138 -137 -136 -2 90 -94 -92
Segment 3 eval: start=PORT-581 end=PORT-591 stations=79 (optimize)
  Segment 3 order: 56 55 -54 -53 -52 -51 -50 -49 -48 -39 -38 -37 66 67 68 69 -36 -35 -32 -31 -29 -27 26 28 30 -33 -34 41 42 43 44 45 46 -40 47 396 397 -398 -395 -394 -393 -392 -391 -390 -389 -388 -387 402 -403 385 -384 -383 -382 -414 -413 412 -409 408 -410 411 380 378 -379 -377 -376 -375 374 -373 -372 -371 -370 369 359 360 -358 -353 -349 -326 328
Segment 4 eval: start=PORT-591 end=PORT-593 stations=80 (optimize)
  Segment 4 order: 276 277 278 279 280 -341 -340 -320 -319 -318 -317 -316 281 557 -556 282 283 -284 555 558 559 -560 561 -562 -554 553 550 551 552 285 286 287 315 -314 313 -312 -288 -311 -309 -310 289 290 291 292 293 294 -307 303 -304 -302 -301 -300 -299 298 305 306 295 296 -297 -547 549 548 -546 -545 541 542 543 540 -544 -539 -538 -537 536 -535 -534 573 574 -577 575 528
Segment 5 eval: start=PORT-593 end=PORT-591 stations=86 (optimize)
  Segment 5 order: 454 455 464 465 480 -96 -95 91 -89 88 -87 86 -85 -84 -83 -82 -81 -80 78 75 72 73 -74 -71 76 70 77 -79 -24 -23 -22 -65 -63 64 57 59 -58 60 61 62 -386 -401 400 399 407 -406 -405 -404 -415 416 418 419 420 421 -423 -422 424 -417 425 381 426 -368 -367 -365 364 363 362 361 -348 -332 -331 -330 -329 327 -325 -324 -323 -321 -339 -338 -337 -336 -335 -334 -333 347
Segment 6 eval: start=PORT-591 end=PORT-583 stations=42 (optimize)
  Segment 6 order: -346 -345 -344 -343 -342 -566 563 564 565 567 568 569 570 571 572 576 -527 -514 -513 -512 -436 435 438 -437 -440 441 442 443 444 -506 -505 -449 448 -450 451 452 453 456 457 458 -100 -99
Segment 7 eval: start=PORT-583 end=PORT-588 stations=36 (optimize)
  Segment 7 order: 97 236 239 240 -241 242 -98 246 250 251 208 209 210 211 -212 198 199 202 203 204 -131 -129 130 -256 257 259 258 -128 -127 126 -125 -124 -264 268 269 270
Segment 8 eval: start=PORT-588 end=PORT-581 stations=49 (optimize)
  Segment 8 order: 118 119 -120 121 122 123 -266 -267 -265 -263 -262 -261 260 254 255 -205 -201 200 -197 -196 -195 -194 -193 -217 -189 -188 -187 -186 -185 -184 183 182 226 178 -7 -6 10 11 12 13 14 143 15 16 17 18 -21 19 -20
Segment 9 eval: start=PORT-581 end=PORT-591 stations=31 (optimize)
  Segment 9 order: -93 -25 -5 -4 -3 -1 -225 -224 -221 220 -216 206 -207 -472 471 -470 -469 -467 -466 474 -473 475 -117 -116 115 476 478 479 481 -477 308
Segment 10 eval: start=PORT-591 end=PORT-593 stations=24 (optimize)
  Segment 10 order: 366 -357 -356 -355 354 -352 -351 -350 -322 -533 -532 -531 -530 -529 -526 524 525 578 579 580 -523 -522 -521 -427
Segment 11 eval: start=PORT-593 end=PORT-584 stations=24 (optimize)
  Segment 11 order: 515 516 519 -520 -518 -517 428 429 430 431 432 433 -434 447 -446 -445 439 -511 -510 -509 -508 -507 -504 -503
Segment 12 eval: start=PORT-584 end=PORT-584 stations=10 (optimize)
  Segment 12 order: 489 482 483 463 -484 462 -486 487 488 -502
Segment 13 eval: start=PORT-584 end=BOAT-END stations=9 (optimize)
  Segment 13 order: -485 -461 -460 -459 -468 493 -492 -491 -490
Cap boundary debug: PORT-591 -> [276 277 278 279 280 281 557 556 282 283 284 555 558 559 560 561 562 554 550 551 552 285 286 287 288 312 313 314 315 316 317 318 319 320 340 341 553 301 302 300 299 298 305 304 303 307 294 293 291 290 289 311 309 310 292 295 306 297 296 545 546 547 548 549 541 544 543 542 540 539 538 537 536 535 534 573 574 577 528 575] -> PORT-593 -> [480 465 464 454 455 22 23 24 96 95 91 89 88 87 86 85 84 83 82 81 80 79 78 77 70 76 75 72 73 74 71 65 63 64 57 59 58 60 61 62 386 401 400 399 407 406 405 404 415 418 419 420 421 423 422 424 425 417 416 381 426 368 367 365 364 363 362 361 348 332 331 330 329 327 325 324 323 321 339 338 337 336 335 334 333 347] -> PORT-591 | load_left=44941 load_right=44188 cap=45000
Set parameter Username
Set parameter LicenseID to value 2738882
Academic license - for non-commercial use only - expires 2026-11-14
Set parameter TimeLimit to value 360
Set parameter Seed to value 548942515
Set parameter Threads to value 4
Set parameter OutputFlag to value 1
Set parameter LogToConsole to value 1
Set parameter LazyConstraints to value 1
Gurobi Optimizer version 13.0.0 build v13.0.0rc1 (linux64 - "Debian GNU/Linux 13 (trixie)")

CPU model: AMD Ryzen 9 5950X 16-Core Processor, instruction set [SSE2|AVX|AVX2]
Thread count: 16 physical cores, 32 logical processors, using up to 4 threads

Non-default parameters:
TimeLimit  360
Seed  548942515
Threads  4
LazyConstraints  1

Optimize a model with 116242 rows, 338688 columns and 677364 nonzeros (Min)
Model fingerprint: 0x914dd26c
Model has 112224 linear objective coefficients
Variable types: 225792 continuous, 112896 integer (112896 binary)
Coefficient statistics:
  Matrix range     [1e+00, 4e+04]
  Objective range  [4e-01, 1e+05]
  Bounds range     [1e+00, 4e+04]
  RHS range        [1e+00, 1e+04]
Presolve removed 3686 rows and 115076 columns
Presolve time: 0.77s
Presolved: 112556 rows, 223612 columns, 671136 nonzeros
Variable types: 111220 continuous, 112392 integer (112392 binary)
Root relaxation presolved: 112556 rows, 223612 columns, 671136 nonzeros

Deterministic concurrent LP optimizer: primal simplex, dual simplex, and barrier
Showing barrier log only...

Root barrier log...

Ordering time: 0.07s

Barrier statistics:
 AA' NZ     : 6.730e+05
 Factor NZ  : 1.449e+06 (roughly 150 MB of memory)
 Factor Ops : 7.879e+08 (less than 1 second per iteration)
 Threads    : 2

                  Objective                Residual
Iter       Primal          Dual         Primal    Dual     Compl     Time
   0   2.74808552e+10 -7.04542014e+13  2.96e+05 1.46e-11  2.11e+08     1s
   1   1.30189457e+10 -4.80819454e+13  1.40e+05 2.79e+04  1.23e+08     2s
   2   9.12372648e+09 -2.73210370e+12  9.85e+04 6.98e-10  2.75e+07     2s
   3   5.20662845e+09 -1.23497315e+12  5.62e+04 5.81e-10  1.48e+07     2s
   4   4.32056532e+09 -1.21919133e+12  4.67e+04 9.31e-10  1.26e+07     2s
   5   2.33369441e+09 -8.59242234e+11  2.52e+04 8.00e-10  7.13e+06     2s
   6   7.17533819e+08 -4.66654447e+11  7.73e+03 8.09e-10  2.51e+06     2s
   7   1.29496300e+08 -2.77383543e+11  1.36e+03 5.81e-10  7.81e+05     2s
   8   6.78052463e+06 -2.42281196e+10  3.27e+01 8.36e-10  4.86e+04     2s
   9   5.53990752e+06 -8.56992349e+09  1.92e+01 5.63e-10  1.75e+04     2s
  10   5.42775112e+06 -7.52529280e+09  1.77e+01 1.26e-09  1.54e+04     2s
  11   5.24158582e+06 -6.78729815e+09  1.53e+01 5.03e-09  1.35e+04     2s
  12   4.90281969e+06 -6.09139246e+09  1.08e+01 3.34e-09  1.18e+04     2s
  13   4.55964154e+06 -2.75448751e+09  7.67e+00 5.38e-09  5.25e+03     2s
  14   4.21156679e+06 -2.62319597e+08  4.43e+00 4.20e-09  5.04e+02     2s
  15   3.60067395e+06 -7.21109444e+07  6.32e-01 3.91e-09  1.37e+02     3s
  16   2.86197655e+06 -5.09140605e+07  6.13e-02 5.47e-09  9.64e+01     3s
  17   1.96635727e+06 -2.28108555e+07  9.27e-05 4.47e-09  4.44e+01     3s
  18   1.48730890e+06 -1.98667655e+07  4.26e-05 6.17e-09  3.82e+01     3s
  19   5.22077977e+05 -4.57831259e+06  2.54e-07 3.26e-09  9.13e+00     3s
  20   7.89919855e+04 -1.46687602e+06  5.99e-08 3.58e-09  2.77e+00     3s
  21   3.42449842e+04 -1.78234500e+05  3.32e-09 3.15e-09  3.80e-01     3s
  22   2.70276596e+04 -7.69636596e+04  1.96e-11 6.58e-09  1.86e-01     3s
  23   1.89704545e+04 -4.74643759e+04  2.87e-10 3.79e-09  1.19e-01     3s
  24   1.30726023e+04 -2.07624685e+04  1.11e-11 4.92e-09  6.06e-02     3s
  25   8.36015605e+03 -9.88128372e+03  2.06e-10 4.45e-09  3.27e-02     3s
  26   5.21494339e+03 -2.49877004e+03  1.07e-10 3.28e-09  1.38e-02     3s
  27   3.15491070e+03 -6.89419395e+02  7.21e-10 4.40e-09  6.88e-03     3s
  28   2.50623612e+03  2.54500034e+02  3.42e-10 3.85e-09  4.03e-03     3s
  29   1.87470685e+03  6.46336957e+02  8.83e-11 4.39e-09  2.20e-03     4s
  30   1.59341981e+03  1.06895322e+03  2.56e-11 4.45e-09  9.39e-04     4s
  31   1.50406376e+03  1.28232341e+03  9.57e-12 4.71e-09  3.97e-04     4s
  32   1.46396283e+03  1.36589767e+03  5.00e-12 3.52e-09  1.76e-04     4s
  33   1.45146024e+03  1.41235761e+03  6.82e-12 3.99e-09  7.00e-05     4s
  34   1.44244278e+03  1.42135425e+03  5.69e-12 4.87e-09  3.78e-05     4s
  35   1.43777234e+03  1.42995468e+03  6.12e-10 4.63e-09  1.40e-05     4s
  36   1.43668658e+03  1.43571076e+03  4.32e-10 3.44e-09  1.75e-06     4s
  37   1.43638905e+03  1.43619854e+03  4.38e-11 3.87e-09  3.41e-07     4s
  38   1.43636163e+03  1.43630072e+03  5.87e-11 4.44e-09  1.09e-07     4s
  39   1.43635384e+03  1.43634672e+03  1.04e-11 2.84e-09  1.28e-08     4s
  40   1.43635256e+03  1.43635186e+03  2.71e-09 4.48e-09  1.24e-09     4s
  41   1.43635231e+03  1.43635228e+03  2.29e-08 3.73e-09  5.43e-11     5s
  42   1.43635229e+03  1.43635229e+03  3.84e-09 3.16e-09  3.21e-12     5s

Barrier solved model in 42 iterations and 4.60 seconds (6.79 work units)
Optimal objective 1.43635229e+03

Crossover time: 0.27 seconds (0.39 work units)
Concurrent spin time: 0.00s

Solved with barrier

Root relaxation: objective 1.436352e+03, 53764 iterations, 3.76 seconds (4.62 work units)

    Nodes    |    Current Node    |     Objective Bounds      |     Work
 Expl Unexpl |  Obj  Depth IntInf | Incumbent    BestBd   Gap | It/Node Time

     0     0 1436.35229    0  584          - 1436.35229      -     -    9s
H    0     0                    904618.61634 1436.35229   100%     -   11s
H    0     0                    2799.2448131 1436.35229  48.7%     -   11s
H    0     0                    2767.2301170 1436.35229  48.1%     -   12s
H    0     0                    2758.3663363 1436.35229  47.9%     -   13s
H    0     0                    2758.1571096 1436.35229  47.9%     -   14s
H    0     0                    2679.0485499 1436.35229  46.4%     -   17s
H    0     0                    2109.7415201 1436.35229  31.9%     -   18s
H    0     0                    2100.4803438 1436.35229  31.6%     -   20s
H    0     0                    2070.7298832 1436.35229  30.6%     -   21s
H    0     0                    2067.3128022 1436.35229  30.5%     -   21s
H    0     0                    2059.2537461 1436.35229  30.2%     -   22s
     0     0 1446.37089    0  672 2059.25375 1446.37089  29.8%     -   33s
     0     0 1446.37089    0  614 2059.25375 1446.37089  29.8%     -   38s
H    0     0                    2047.0300937 1446.37089  29.3%     -   40s
H    0     0                    1985.7492542 1446.37089  27.2%     -   40s
H    0     0                    1980.5780563 1446.37089  27.0%     -   41s
H    0     0                    1971.4523159 1446.37089  26.6%     -   41s
     0     0 1447.19644    0  677 1971.45232 1447.19644  26.6%     -   55s
H    0     0                    1971.3017658 1448.89563  26.5%     -   57s
H    0     0                    1935.5066546 1448.89563  25.1%     -   58s
H    0     0                    1935.1852102 1448.89563  25.1%     -   61s
H    0     0                    1903.4755858 1448.89563  23.9%     -   68s
     0     0 1448.89563    0  667 1903.47559 1448.89563  23.9%     -   73s
     0     0 1448.89563    0  667 1903.47559 1448.89563  23.9%     -   73s
     0     0 1451.29941    0  700 1903.47559 1451.29941  23.8%     -   80s
     0     0 1451.58883    0  713 1903.47559 1451.58883  23.7%     -   80s
     0     0 1451.58883    0  713 1903.47559 1451.58883  23.7%     -   80s
     0     0 1459.61858    0  724 1903.47559 1459.61858  23.3%     -   91s
     0     0 1459.69246    0  720 1903.47559 1459.69246  23.3%     -   91s
     0     0 1459.69277    0  721 1903.47559 1459.69277  23.3%     -   91s
     0     0 1461.35379    0  703 1903.47559 1461.35379  23.2%     -  102s
     0     0 1461.64788    0  700 1903.47559 1461.64788  23.2%     -  104s
     0     0 1461.66328    0  699 1903.47559 1461.66328  23.2%     -  105s
     0     0 1461.66356    0  700 1903.47559 1461.66356  23.2%     -  105s
     0     0 1463.10235    0  714 1903.47559 1463.10235  23.1%     -  112s
     0     0 1463.15866    0  711 1903.47559 1463.15866  23.1%     -  115s
     0     0 1463.17429    0  710 1903.47559 1463.17429  23.1%     -  117s
     0     0 1463.17432    0  708 1903.47559 1463.17432  23.1%     -  117s
     0     0 1463.36582    0  691 1903.47559 1463.36582  23.1%     -  122s
H    0     0                    1887.8459315 1463.36582  22.5%     -  123s
     0     0 1463.36618    0  688 1887.84593 1463.36618  22.5%     -  123s
     0     0 1463.52297    0  695 1887.84593 1463.52297  22.5%     -  127s
     0     0 1463.53998    0  692 1887.84593 1463.53998  22.5%     -  128s
     0     0 1463.54341    0  696 1887.84593 1463.54341  22.5%     -  128s
     0     0 1463.60448    0  700 1887.84593 1463.60448  22.5%     -  129s
     0     0 1463.75867    0  703 1887.84593 1463.75867  22.5%     -  130s
     0     0 1463.76557    0  703 1887.84593 1463.76557  22.5%     -  130s
     0     0 1463.76557    0  703 1887.84593 1463.76557  22.5%     -  130s
     0     0 1464.05287    0  710 1887.84593 1464.05287  22.4%     -  133s
     0     0 1464.06487    0  705 1887.84593 1464.06487  22.4%     -  133s
     0     0 1464.60039    0  706 1887.84593 1464.60039  22.4%     -  136s
H    0     0                    1879.6471908 1464.60636  22.1%     -  136s
     0     0 1464.60636    0  701 1879.64719 1464.60636  22.1%     -  138s
     0     0 1503.00943    0  698 1879.64719 1503.00943  20.0%     -  146s
     0     0 1503.02030    0  703 1879.64719 1503.02030  20.0%     -  146s
     0     0 1503.03216    0  703 1879.64719 1503.03216  20.0%     -  146s
     0     0 1503.03463    0  709 1879.64719 1503.03463  20.0%     -  146s
     0     0 1504.80240    0  707 1879.64719 1504.80240  19.9%     -  151s
     0     0 1504.80240    0  595 1879.64719 1504.80240  19.9%     -  161s
H    0     0                    1867.3403911 1504.80240  19.4%     -  162s
H    0     0                    1849.9813294 1504.80240  18.7%     -  163s
     0     0 1504.80240    0  711 1849.98133 1504.80240  18.7%     -  173s
H    0     0                    1849.6421761 1504.80240  18.6%     -  174s
H    0     0                    1835.1523836 1504.80240  18.0%     -  174s
H    0     0                    1829.5366064 1504.80240  17.7%     -  175s
H    0     0                    1816.7664777 1504.80240  17.2%     -  177s
H    0     0                    1813.1325126 1504.80240  17.0%     -  177s
H    0     0                    1797.4917709 1504.80240  16.3%     -  178s
H    0     0                    1793.5404667 1504.80240  16.1%     -  179s
H    0     0                    1786.6400165 1504.80240  15.8%     -  179s
     0     0 1504.80240    0  689 1786.64002 1504.80240  15.8%     -  200s
     0     0 1504.80240    0  710 1786.64002 1504.80240  15.8%     -  205s
     0     0 1504.80240    0  712 1786.64002 1504.80240  15.8%     -  206s
     0     0 1504.80240    0  725 1786.64002 1504.80240  15.8%     -  213s
     0     0 1504.82504    0  729 1786.64002 1504.82504  15.8%     -  215s
     0     0 1504.82749    0  726 1786.64002 1504.82749  15.8%     -  215s
     0     0 1505.24376    0  709 1786.64002 1505.24376  15.8%     -  222s
H    0     0                    1786.4043400 1505.28218  15.7%     -  223s
     0     0 1505.30298    0  716 1786.40434 1505.30298  15.7%     -  225s
     0     0 1506.08910    0  713 1786.40434 1506.08910  15.7%     -  226s
     0     0 1507.17533    0  729 1786.40434 1507.17533  15.6%     -  234s
     0     0 1507.47273    0  736 1786.40434 1507.47273  15.6%     -  241s
     0     0 1507.47387    0  740 1786.40434 1507.47387  15.6%     -  242s
     0     0 1514.97095    0  727 1786.40434 1514.97095  15.2%     -  253s
     0     0 1515.07843    0  736 1786.40434 1515.07843  15.2%     -  254s
     0     0 1515.07921    0  735 1786.40434 1515.07921  15.2%     -  254s
     0     0 1515.42323    0  730 1786.40434 1515.42323  15.2%     -  259s
     0     0 1515.59948    0  736 1786.40434 1515.59948  15.2%     -  260s
     0     0 1515.59948    0  736 1786.40434 1515.59948  15.2%     -  260s
     0     0 1517.17517    0  744 1786.40434 1517.17517  15.1%     -  265s
     0     0 1517.22100    0  750 1786.40434 1517.22100  15.1%     -  266s
     0     0 1517.22312    0  751 1786.40434 1517.22312  15.1%     -  266s
     0     0 1518.67028    0  734 1786.40434 1518.67028  15.0%     -  271s
     0     0 1518.67165    0  732 1786.40434 1518.67165  15.0%     -  271s
     0     0 1518.77813    0  737 1786.40434 1518.77813  15.0%     -  273s
     0     0 1518.77851    0  737 1786.40434 1518.77851  15.0%     -  274s
     0     0 1518.99372    0  722 1786.40434 1518.99372  15.0%     -  277s
     0     0 1518.99416    0  724 1786.40434 1518.99416  15.0%     -  277s
     0     0 1519.16749    0  731 1786.40434 1519.16749  15.0%     -  279s
     0     0 1519.17844    0  727 1786.40434 1519.17844  15.0%     -  280s
     0     0 1520.19447    0  711 1786.40434 1520.19447  14.9%     -  282s
     0     0 1520.19674    0  705 1786.40434 1520.19674  14.9%     -  282s
     0     0 1520.19986    0  722 1786.40434 1520.19986  14.9%     -  284s
     0     0 1520.24767    0  719 1786.40434 1520.24767  14.9%     -  284s
     0     0 1520.56978    0  731 1786.40434 1520.56978  14.9%     -  289s
     0     0 1520.77572    0  732 1786.40434 1520.77572  14.9%     -  290s
     0     0 1520.77664    0  736 1786.40434 1520.77664  14.9%     -  290s
     0     0 1520.86328    0  722 1786.40434 1520.86328  14.9%     -  292s
H    0     0                    1786.4043240 1521.09194  14.9%     -  294s
     0     0 1521.09194    0  726 1786.40432 1521.09194  14.9%     -  298s
     0     0 1522.29251    0  717 1786.40432 1522.29251  14.8%     -  301s
     0     0 1523.30343    0  707 1786.40432 1523.30343  14.7%     -  304s
     0     0 1523.30454    0  709 1786.40432 1523.30454  14.7%     -  304s
     0     0 1523.44355    0  708 1786.40432 1523.44355  14.7%     -  306s
     0     0 1523.44396    0  710 1786.40432 1523.44396  14.7%     -  307s
     0     0 1523.73028    0  707 1786.40432 1523.73028  14.7%     -  309s
     0     0 1523.89907    0  710 1786.40432 1523.89907  14.7%     -  309s
     0     0 1523.91005    0  714 1786.40432 1523.91005  14.7%     -  310s
     0     0 1524.08633    0  715 1786.40432 1524.08633  14.7%     -  313s
     0     0 1524.12392    0  716 1786.40432 1524.12392  14.7%     -  313s
     0     0 1524.34529    0  720 1786.40432 1524.34529  14.7%     -  315s
     0     0 1524.34621    0  723 1786.40432 1524.34621  14.7%     -  316s
     0     0 1524.68748    0  715 1786.40432 1524.68748  14.7%     -  317s
     0     0 1524.68782    0  719 1786.40432 1524.68782  14.7%     -  318s
     0     0 1524.98494    0  744 1786.40432 1524.98494  14.6%     -  320s
     0     0 1524.98777    0  722 1786.40432 1524.98777  14.6%     -  320s
     0     0 1524.98834    0  724 1786.40432 1524.98834  14.6%     -  322s
     0     0 1524.98834    0  724 1786.40432 1524.98834  14.6%     -  322s
     0     0 1524.98863    0  724 1786.40432 1524.98863  14.6%     -  324s
     0     0 1524.98874    0  724 1786.40432 1524.98874  14.6%     -  324s
     0     0 1524.98874    0  699 1786.40432 1524.98874  14.6%     -  327s

Cutting planes:
  Cover: 14
  Implied bound: 185
  Clique: 3
  MIR: 70
  StrongCG: 1
  Flow cover: 140
  Zero half: 55
  Network: 7
  RLT: 6
  Relax-and-lift: 175
  BQP: 1

Explored 1 nodes (450459 simplex iterations) in 360.01 seconds (815.37 work units)
Thread count was 4 (of 32 available processors)

Solution count 10: 1786.4 1786.64 1793.54 ... 1849.98

Time limit reached
Best objective 1.786404324004e+03, best bound 1.524988743522e+03, gap 14.6336%

User-callback calls 31185, time in user-callback 0.02 sec
Cap boundary reject: PORT-593 real=1758.594 baseline=1758.594
Set parameter Username
Set parameter LicenseID to value 2738882
Academic license - for non-commercial use only - expires 2026-11-14
Segment 1 eval: start=BOAT-0 end=PORT-583 stations=48 (optimize)
  Segment 1 order: -501 -500 -499 -498 -497 -496 -495 112 113 -494 114 -275 -111 -274 -107 -106 -105 104 -103 -102 -101 108 109 110 -273 -272 271 253 252 249 -248 -247 -245 -244 -243 -238 237 -215 -214 213 -192 218 -191 219 -190 -223 222 -135
Segment 2 eval: start=PORT-583 end=PORT-581 stations=62 (optimize)
  Segment 2 order: 133 134 -132 -181 230 232 233 234 -235 231 -227 228 229 -180 -179 -154 -153 -157 -156 -155 -173 -172 174 175 -176 -177 171 -170 -169 -168 -167 -166 -165 -164 -163 -162 -161 -160 159 158 -150 -149 -148 -147 -146 -145 -144 -142 -9 -8 -141 -140 -139 151 -152 -138 -137 -136 -2 90 -94 -92
Segment 3 eval: start=PORT-581 end=PORT-591 stations=79 (optimize)
  Segment 3 order: 56 55 -54 -53 -52 -51 -50 -49 -48 -39 -38 -37 66 67 68 69 -36 -35 -32 -31 -29 -27 26 28 30 -33 -34 41 42 43 44 45 46 -40 47 396 397 -398 -395 -394 -393 -392 -391 -390 -389 -388 -387 402 -403 385 -384 -383 -382 -414 -413 412 -409 408 -410 411 380 378 -379 -377 -376 -375 374 -373 -372 -371 -370 369 359 360 -358 -353 -349 -326 328
Segment 4 eval: start=PORT-591 end=PORT-593 stations=80 (optimize)
  Segment 4 order: 276 277 278 279 280 -341 -340 -320 -319 -318 -317 -316 281 557 -556 282 283 -284 555 558 559 -560 561 -562 -554 553 550 551 552 285 286 287 315 -314 313 -312 -288 -311 -309 -310 289 290 291 292 293 294 -307 303 -304 -302 -301 -300 -299 298 305 306 295 296 -297 -547 549 548 -546 -545 541 542 543 540 -544 -539 -538 -537 536 -535 -534 573 574 -577 575 528
Segment 5 eval: start=PORT-593 end=PORT-591 stations=87 (optimize)
  Segment 5 order: 454 455 464 465 480 -481 -96 -95 91 -89 88 -87 86 -85 -84 -83 -82 -81 -80 78 75 72 73 -74 -71 76 70 77 -79 -24 -23 -22 -65 -63 64 57 59 -58 60 61 62 -386 -401 400 399 407 -406 -405 -404 -415 416 418 419 420 421 -423 -422 424 -417 425 381 426 -368 -367 -365 364 363 362 361 -348 -332 -331 -330 -329 327 -325 -324 -323 -321 -339 -338 -337 -336 -335 -334 -333 347
Segment 6 eval: start=PORT-591 end=PORT-583 stations=42 (optimize)
  Segment 6 order: -346 -345 -344 -343 -342 -566 563 564 565 567 568 569 570 571 572 576 -527 -514 -513 -512 -436 435 438 -437 -440 441 442 443 444 -506 -505 -449 448 -450 451 452 453 456 457 458 -100 -99
Segment 7 eval: start=PORT-583 end=PORT-588 stations=36 (optimize)
  Segment 7 order: 97 236 239 240 -241 242 -98 246 250 251 208 209 210 211 -212 198 199 202 203 204 -131 -129 130 -256 257 259 258 -128 -127 126 -125 -124 -264 268 269 270
Segment 8 eval: start=PORT-588 end=PORT-581 stations=49 (optimize)
  Segment 8 order: 118 119 -120 121 122 123 -266 -267 -265 -263 -262 -261 260 254 255 -205 -201 200 -197 -196 -195 -194 -193 -217 -189 -188 -187 -186 -185 -184 183 182 226 178 -7 -6 10 11 12 13 14 143 15 16 17 18 -21 19 -20
Segment 9 eval: start=PORT-581 end=PORT-591 stations=30 (optimize)
  Segment 9 order: -93 -25 -5 -4 -3 -1 -225 -224 -221 220 -216 206 -207 -472 471 -470 -469 -467 -466 474 -473 475 -117 -116 115 476 478 479 -477 308
Segment 10 eval: start=PORT-591 end=PORT-593 stations=24 (optimize)
  Segment 10 order: 366 -357 -356 -355 354 -352 -351 -350 -322 -533 -532 -531 -530 -529 -526 524 525 578 579 580 -523 -522 -521 -427
Segment 11 eval: start=PORT-593 end=PORT-584 stations=24 (optimize)
  Segment 11 order: 515 516 519 -520 -518 -517 428 429 430 431 432 433 -434 447 -446 -445 439 -511 -510 -509 -508 -507 -504 -503
Segment 12 eval: start=PORT-584 end=PORT-584 stations=10 (optimize)
  Segment 12 order: 489 482 483 463 -484 462 -486 487 488 -502
Segment 13 eval: start=PORT-584 end=BOAT-END stations=9 (optimize)
  Segment 13 order: -485 -461 -460 -459 -468 493 -492 -491 -490
Cap boundary debug: PORT-593 -> [480 465 464 454 455 22 23 24 96 95 91 89 88 87 86 85 84 83 82 81 80 79 78 77 70 76 75 72 73 74 71 65 63 64 57 59 58 60 61 62 386 401 400 399 407 406 405 404 415 418 419 420 421 423 422 424 425 417 416 381 426 368 367 365 364 363 362 361 348 332 331 330 329 327 325 324 323 321 339 338 337 336 335 334 333 347 481] -> PORT-591 -> [346 345 344 343 342 566 563 564 565 567 568 569 570 571 572 576 527 514 513 512 436 435 438 437 440 441 442 443 444 506 505 449 448 450 451 452 453 456 457 458 100 99] -> PORT-583 | load_left=44362 load_right=44949 cap=45000
Set parameter Username
Set parameter LicenseID to value 2738882
Academic license - for non-commercial use only - expires 2026-11-14
Set parameter TimeLimit to value 360
Set parameter Seed to value 1824736562
Set parameter Threads to value 4
Set parameter OutputFlag to value 1
Set parameter LogToConsole to value 1
Set parameter LazyConstraints to value 1
Gurobi Optimizer version 13.0.0 build v13.0.0rc1 (linux64 - "Debian GNU/Linux 13 (trixie)")

CPU model: AMD Ryzen 9 5950X 16-Core Processor, instruction set [SSE2|AVX|AVX2]
Thread count: 16 physical cores, 32 logical processors, using up to 4 threads

Non-default parameters:
TimeLimit  360
Seed  1824736562
Threads  4
LazyConstraints  1

Optimize a model with 71250 rows, 205932 columns and 411852 nonzeros (Min)
Model fingerprint: 0xdd731a4c
Model has 68120 linear objective coefficients
Variable types: 137288 continuous, 68644 integer (68644 binary)
Coefficient statistics:
  Matrix range     [1e+00, 4e+04]
  Objective range  [4e-01, 1e+05]
  Bounds range     [1e+00, 4e+04]
  RHS range        [1e+00, 1e+04]
Presolve removed 2872 rows and 70343 columns
Presolve time: 0.45s
Presolved: 68378 rows, 135589 columns, 407260 nonzeros
Variable types: 67338 continuous, 68251 integer (68251 binary)
Root relaxation presolved: 68378 rows, 135589 columns, 407260 nonzeros

Deterministic concurrent LP optimizer: primal and dual simplex
Showing primal log only...


Root simplex log...

Iteration    Objective       Primal Inf.    Dual Inf.      Time
   71300   -5.2979502e+02   0.000000e+00   4.424954e+02      5s
   77261    1.0783006e+03   0.000000e+00   0.000000e+00      5s
Concurrent spin time: 0.00s

Solved with primal simplex

Root relaxation: objective 1.078301e+03, 77261 iterations, 4.67 seconds (9.77 work units)

    Nodes    |    Current Node    |     Objective Bounds      |     Work
 Expl Unexpl |  Obj  Depth IntInf | Incumbent    BestBd   Gap | It/Node Time

     0     0 1078.30058    0  455          - 1078.30058      -     -    5s
H    0     0                    202634.07975 1078.30058  99.5%     -    6s
H    0     0                    2055.0439577 1078.30058  47.5%     -    7s
H    0     0                    2048.4576416 1078.30058  47.4%     -    8s
H    0     0                    1958.7342511 1078.30058  44.9%     -    8s
H    0     0                    1942.1490761 1078.30058  44.5%     -    9s
H    0     0                    1870.2251993 1078.30058  42.3%     -    9s
H    0     0                    1860.3239240 1078.30058  42.0%     -   10s
     0     0 1078.30058    0  454 1860.32392 1078.30058  42.0%     -   11s
     0     0 1083.99074    0  511 1860.32392 1083.99074  41.7%     -   16s
     0     0 1083.99074    0  455 1860.32392 1083.99074  41.7%     -   20s
H    0     0                    1853.3891943 1083.99074  41.5%     -   21s
H    0     0                    1814.4888608 1083.99074  40.3%     -   21s
H    0     0                    1807.4657219 1083.99074  40.0%     -   22s
H    0     0                    1803.0040708 1083.99074  39.9%     -   22s
H    0     0                    1802.2692532 1083.99074  39.9%     -   22s
     0     0 1084.05154    0  507 1802.26925 1084.05154  39.9%     -   26s
H    0     0                    1793.0843028 1084.05195  39.5%     -   27s
H    0     0                    1764.2252482 1084.05195  38.6%     -   27s
H    0     0                    1760.6479415 1084.05195  38.4%     -   27s
H    0     0                    1758.3404521 1084.05195  38.3%     -   28s
H    0     0                    1758.1560694 1084.05195  38.3%     -   29s
H    0     0                    1756.8830527 1084.05195  38.3%     -   29s
H    0     0                    1752.3634072 1084.05195  38.1%     -   29s
H    0     0                    1745.1557643 1084.05195  37.9%     -   29s
H    0     0                    1742.7862090 1084.05195  37.8%     -   29s
H    0     0                    1740.4763949 1084.05195  37.7%     -   30s
H    0     0                    1733.2687521 1084.05195  37.5%     -   30s
H    0     0                    1731.0497469 1084.05195  37.4%     -   30s
H    0     0                    1726.5196353 1084.05195  37.2%     -   30s
H    0     0                    1726.4678187 1084.05195  37.2%     -   30s
H    0     0                    1726.1988112 1084.05195  37.2%     -   31s
H    0     0                    1724.7547774 1084.05195  37.1%     -   31s
H    0     0                    1722.6066077 1084.05195  37.1%     -   32s
H    0     0                    1718.6435252 1084.05195  36.9%     -   32s
H    0     0                    1716.8380564 1084.05195  36.9%     -   33s
H    0     0                    1716.7080241 1084.05195  36.9%     -   33s
H    0     0                    1708.2183590 1084.05195  36.5%     -   34s
     0     0 1085.98270    0  502 1708.21836 1085.98270  36.4%     -   35s
     0     0 1085.99458    0  503 1708.21836 1085.99458  36.4%     -   35s
     0     0 1088.02793    0  558 1708.21836 1088.02793  36.3%     -   37s
     0     0 1088.03925    0  558 1708.21836 1088.03925  36.3%     -   37s
     0     0 1088.03925    0  558 1708.21836 1088.03925  36.3%     -   37s
     0     0 1091.58249    0  574 1708.21836 1091.58249  36.1%     -   44s
     0     0 1092.65016    0  564 1708.21836 1092.65016  36.0%     -   44s
     0     0 1092.66379    0  566 1708.21836 1092.66379  36.0%     -   44s
     0     0 1092.66379    0  567 1708.21836 1092.66379  36.0%     -   44s
     0     0 1094.64189    0  526 1708.21836 1094.64189  35.9%     -   50s
     0     0 1094.82500    0  552 1708.21836 1094.82500  35.9%     -   50s
     0     0 1094.82601    0  545 1708.21836 1094.82601  35.9%     -   50s
     0     0 1096.02224    0  573 1708.21836 1096.02224  35.8%     -   52s
     0     0 1096.94712    0  579 1708.21836 1096.94712  35.8%     -   52s
     0     0 1096.94712    0  578 1708.21836 1096.94712  35.8%     -   52s
     0     0 1097.02977    0  569 1708.21836 1097.02977  35.8%     -   53s
     0     0 1097.03180    0  571 1708.21836 1097.03180  35.8%     -   54s
     0     0 1097.56488    0  569 1708.21836 1097.56488  35.7%     -   56s
     0     0 1097.62241    0  572 1708.21836 1097.62241  35.7%     -   56s
     0     0 1097.62374    0  577 1708.21836 1097.62374  35.7%     -   56s
     0     0 1097.76564    0  579 1708.21836 1097.76564  35.7%     -   58s
     0     0 1097.79207    0  583 1708.21836 1097.79207  35.7%     -   58s
     0     0 1097.81183    0  577 1708.21836 1097.81183  35.7%     -   60s
     0     0 1097.82581    0  580 1708.21836 1097.82581  35.7%     -   60s
     0     0 1097.82582    0  581 1708.21836 1097.82582  35.7%     -   60s
     0     0 1098.21747    0  580 1708.21836 1098.21747  35.7%     -   62s
     0     0 1098.21930    0  586 1708.21836 1098.21930  35.7%     -   62s
     0     0 1098.48348    0  587 1708.21836 1098.48348  35.7%     -   64s
     0     0 1098.52735    0  586 1708.21836 1098.52735  35.7%     -   64s
     0     0 1098.52735    0  587 1708.21836 1098.52735  35.7%     -   64s
     0     0 1100.59684    0  566 1708.21836 1100.59684  35.6%     -   65s
     0     0 1100.67702    0  571 1708.21836 1100.67702  35.6%     -   66s
     0     0 1100.67794    0  574 1708.21836 1100.67794  35.6%     -   66s
     0     0 1100.69737    0  575 1708.21836 1100.69737  35.6%     -   67s
     0     0 1100.69737    0  575 1708.21836 1100.69737  35.6%     -   67s
     0     0 1100.70004    0  571 1708.21836 1100.70004  35.6%     -   67s
     0     0 1100.72821    0  572 1708.21836 1100.72821  35.6%     -   68s
     0     0 1100.72821    0  571 1708.21836 1100.72821  35.6%     -   68s
     0     0 1100.72965    0  571 1708.21836 1100.72965  35.6%     -   68s
     0     0 1100.72965    0  571 1708.21836 1100.72965  35.6%     -   68s
     0     0 1100.72965    0  537 1708.21836 1100.72965  35.6%     -   69s
     0     2 1113.40987    0  537 1708.21836 1113.40987  34.8%     -   85s
     1     3 1171.54855    1  528 1708.21836 1113.40987  34.8% 25431   96s
     2     5 1171.80770    2  531 1708.21836 1113.40987  34.8% 12722  106s
     8    13 1176.65020    3  523 1708.21836 1168.06725  31.6%  6866  110s
    12    14 1169.80629    4  539 1708.21836 1169.80629  31.5%  5491  115s
    13    16 1180.27999    3  523 1708.21836 1169.80629  31.5%  5318  124s
    15    22 1180.55212    4  532 1708.21836 1169.80629  31.5%  4962  129s
    21    27 1188.16518    9  509 1708.21836 1169.80629  31.5%  3932  132s
    26    30 1188.48799   10  515 1708.21836 1169.80629  31.5%  3810  138s
    29    34 1189.22747   11  507 1708.21836 1169.80629  31.5%  3622  141s
    33    39 1190.75954   12  522 1708.21836 1169.80629  31.5%  3687  145s
H   37    39                    1701.0265768 1169.80629  31.2%  3327  145s
    51    66 1191.95652   14  534 1701.02658 1169.80629  31.2%  2848  150s
    78    94 1193.27533   17  528 1701.02658 1169.80629  31.2%  2112  155s
   102   119 1194.52944   21  521 1701.02658 1169.80629  31.2%  1896  161s
   126   144 1196.09472   23  501 1701.02658 1169.80629  31.2%  1766  166s
   143   160 1198.44823   24  528 1701.02658 1169.80629  31.2%  1660  170s
   184   200 1200.98860   29  512 1701.02658 1169.80629  31.2%  1418  176s
   215   236 1204.25069   32  514 1701.02658 1169.80629  31.2%  1351  180s
   235   250 1203.27081   33  488 1701.02658 1169.80629  31.2%  1284  185s
H  271   285                    1695.9650126 1169.80629  31.0%  1235  194s
   284   302 1205.71998   38  496 1695.96501 1169.80629  31.0%  1223  198s
   301   343 1205.96023   38  493 1695.96501 1169.80629  31.0%  1239  202s
   342   347 1208.34690   56  483 1695.96501 1169.80629  31.0%  1118  207s
H  345   347                    1666.5962262 1169.80629  29.8%  1115  207s
   346   368 1209.13991   57  481 1666.59623 1169.80629  29.8%  1112  212s
   367   386 1213.41287   63  515 1666.59623 1169.80629  29.8%  1132  216s
   385   398 1213.57924   64  492 1666.59623 1169.80629  29.8%  1143  222s
H  397   402                    1665.7828870 1169.80629  29.8%  1126  227s
   401   407 1216.29076   66  485 1665.78289 1169.80629  29.8%  1125  231s
H  403   407                    1661.1873559 1169.80629  29.6%  1119  231s
H  404   407                    1660.9681798 1169.80629  29.6%  1120  231s
H  405   407                    1648.6838963 1169.80629  29.0%  1126  231s
   406   450 1213.63019   66  483 1648.68390 1169.80629  29.0%  1126  235s
   449   469 1225.46453   65  509 1648.68390 1169.80629  29.0%  1093  241s
   468   481 1216.42143   67  484 1648.68390 1169.80629  29.0%  1077  246s
   480   485 1218.74827   68  496 1648.68390 1169.80629  29.0%  1116  252s
   484   489 1315.95649  137  464 1648.68390 1169.80629  29.0%  1122  257s
   488   504 1217.96437   69  498 1648.68390 1169.80629  29.0%  1163  263s
H  502   504                    1639.8601014 1169.80629  28.7%  1176  263s
   503   519 1220.35075   73  495 1639.86010 1169.80629  28.7%  1176  269s
   518   542 1222.71584   76  504 1639.86010 1169.80629  28.7%  1184  275s
   541   559 1226.24496   79  492 1639.86010 1169.80629  28.7%  1196  282s
   558   586 1227.96244   80  488 1639.86010 1169.80629  28.7%  1193  286s
   585   602 1229.80055   81  490 1639.86010 1169.80629  28.7%  1213  292s
   601   662 1232.27867   82  487 1639.86010 1169.80629  28.7%  1265  298s
H  661   674                    1639.8600975 1169.80629  28.7%  1215  306s
H  664   674                    1633.3258942 1169.80629  28.4%  1219  306s
   673   678 1237.22300   91  481 1633.32589 1169.80629  28.4%  1238  316s
H  674   678                    1628.6498832 1169.80629  28.2%  1236  316s
   677   726 1237.29591   92  482 1628.64988 1169.80629  28.2%  1240  323s
   729   759 1242.22949   94  482 1628.64988 1169.80629  28.2%  1220  332s
   773   779 1244.53471   95  477 1628.64988 1169.80629  28.2%  1196  338s
   793   829 1252.01797   96  498 1628.64988 1169.80629  28.2%  1217  346s
   843   873 1248.13294   97  482 1628.64988 1169.80629  28.2%  1199  353s
   887   933 1287.71652   98  503 1628.64988 1169.80629  28.2%  1196  360s

Cutting planes:
  Gomory: 2
  Lift-and-project: 2
  Cover: 17
  Implied bound: 269
  Clique: 1
  MIR: 56
  Flow cover: 127
  GUB cover: 2
  Zero half: 33
  Network: 3
  RLT: 12
  Relax-and-lift: 235
  Lazy constraints: 1

Explored 947 nodes (1269578 simplex iterations) in 360.00 seconds (1596.63 work units)
Thread count was 4 (of 32 available processors)

Solution count 10: 1628.65 1633.33 1639.86 ... 1701.03

Time limit reached
Best objective 1.628649883213e+03, best bound 1.169806291618e+03, gap 28.1732%

User-callback calls 86038, time in user-callback 0.02 sec
Cap boundary reject: PORT-591 real=1803.139 baseline=1695.874
Set parameter Username
Set parameter LicenseID to value 2738882
Academic license - for non-commercial use only - expires 2026-11-14
Segment 1 eval: start=BOAT-0 end=PORT-583 stations=48 (optimize)
  Segment 1 order: -501 -500 -499 -498 -497 -496 -495 112 113 -494 114 -275 -111 -274 -107 -106 -105 104 -103 -102 -101 108 109 110 -273 -272 271 253 252 249 -248 -247 -245 -244 -243 -238 237 -215 -214 213 -192 218 -191 219 -190 -223 222 -135
Segment 2 eval: start=PORT-583 end=PORT-581 stations=61 (optimize)
  Segment 2 order: 133 134 -132 -181 230 232 233 234 -235 231 -227 228 229 -180 -179 -154 -153 -157 -156 -155 -173 -172 174 175 -176 -177 171 -170 -169 -168 -167 -166 -165 -164 -163 -162 -161 -160 159 158 -150 -149 -148 -147 -146 -145 -144 -142 -9 -8 -141 -140 -139 151 -152 -138 -137 -136 -2 -94 -92
Segment 3 eval: start=PORT-581 end=PORT-591 stations=79 (optimize)
  Segment 3 order: 56 55 -54 -53 -52 -51 -50 -49 -48 -39 -38 -37 66 67 68 69 -36 -35 -32 -31 -29 -27 26 28 30 -33 -34 41 42 43 44 45 46 -40 47 396 397 -398 -395 -394 -393 -392 -391 -390 -389 -388 -387 402 -403 385 -384 -383 -382 -414 -413 412 -409 408 -410 411 380 378 -379 -377 -376 -375 374 -373 -372 -371 -370 369 359 360 -358 -353 -349 -326 328
Segment 4 eval: start=PORT-591 end=PORT-593 stations=80 (optimize)
  Segment 4 order: 276 277 278 279 280 -341 -340 -320 -319 -318 -317 -316 281 557 -556 282 283 -284 555 558 559 -560 561 -562 -554 553 550 551 552 285 286 287 315 -314 313 -312 -288 -311 -309 -310 289 290 291 292 293 294 -307 303 -304 -302 -301 -300 -299 298 305 306 295 296 -297 -547 549 548 -546 -545 541 542 543 540 -544 -539 -538 -537 536 -535 -534 573 574 -577 575 528
Segment 5 eval: start=PORT-593 end=PORT-591 stations=88 (optimize)
  Segment 5 order: 454 455 464 465 480 -481 -95 90 -89 88 -87 86 -85 -84 -83 -82 -81 -80 -91 96 -24 -23 -22 79 -78 -77 -70 -76 75 72 73 -74 -71 65 -63 64 57 59 -58 60 61 62 -386 -401 400 399 407 -406 -405 -404 -415 416 418 419 420 421 -423 -422 424 -417 425 381 426 -368 -367 -365 364 363 362 361 -348 -332 -331 -330 -329 327 -325 -324 -323 -321 -339 -338 -337 -336 -335 -334 -333 347
Segment 6 eval: start=PORT-591 end=PORT-583 stations=42 (optimize)
  Segment 6 order: -346 -345 -344 -343 -342 -566 563 564 565 567 568 569 570 571 572 576 -527 -514 -513 -512 -436 435 438 -437 -440 441 442 443 444 -506 -505 -449 448 -450 451 452 453 456 457 458 -100 -99
Segment 7 eval: start=PORT-583 end=PORT-588 stations=36 (optimize)
  Segment 7 order: 97 236 239 240 -241 242 -98 246 250 251 208 209 210 211 -212 198 199 202 203 204 -131 -129 130 -256 257 259 258 -128 -127 126 -125 -124 -264 268 269 270
Segment 8 eval: start=PORT-588 end=PORT-581 stations=49 (optimize)
  Segment 8 order: 118 119 -120 121 122 123 -266 -267 -265 -263 -262 -261 260 254 255 -205 -201 200 -197 -196 -195 -194 -193 -217 -189 -188 -187 -186 -185 -184 183 182 226 178 -7 -6 10 11 12 13 14 143 15 16 17 18 -21 19 -20
Segment 9 eval: start=PORT-581 end=PORT-591 stations=30 (optimize)
  Segment 9 order: -93 -25 -5 -4 -3 -1 -225 -224 -221 220 -216 206 -207 -472 471 -470 -469 -467 -466 474 -473 475 -117 -116 115 476 478 479 -477 308
Segment 10 eval: start=PORT-591 end=PORT-593 stations=24 (optimize)
  Segment 10 order: 366 -357 -356 -355 354 -352 -351 -350 -322 -533 -532 -531 -530 -529 -526 524 525 578 579 580 -523 -522 -521 -427
Segment 11 eval: start=PORT-593 end=PORT-584 stations=24 (optimize)
  Segment 11 order: 515 516 519 -520 -518 -517 428 429 430 431 432 433 -434 447 -446 -445 439 -511 -510 -509 -508 -507 -504 -503
Segment 12 eval: start=PORT-584 end=PORT-584 stations=10 (optimize)
  Segment 12 order: 489 482 483 463 -484 462 -486 487 488 -502
Segment 13 eval: start=PORT-584 end=BOAT-END stations=9 (optimize)
  Segment 13 order: -485 -461 -460 -459 -468 493 -492 -491 -490
Cap boundary debug: PORT-591 -> [346 345 344 343 342 566 563 564 565 567 568 569 570 571 572 576 527 514 513 512 436 435 438 437 440 441 442 443 444 506 505 449 448 450 451 452 453 456 457 458 100 99] -> PORT-583 -> [97 236 239 240 241 242 98 246 250 251 208 209 210 211 212 198 199 202 203 204 131 129 130 256 257 259 258 128 127 126 125 124 264 268 269 270] -> PORT-588 | load_left=44949 load_right=43380 cap=45000
Set parameter Username
Set parameter LicenseID to value 2738882
Academic license - for non-commercial use only - expires 2026-11-14
Set parameter TimeLimit to value 360
Set parameter Seed to value 809655933
Set parameter Threads to value 4
Set parameter OutputFlag to value 1
Set parameter LogToConsole to value 1
Set parameter LazyConstraints to value 1
Gurobi Optimizer version 13.0.0 build v13.0.0rc1 (linux64 - "Debian GNU/Linux 13 (trixie)")

CPU model: AMD Ryzen 9 5950X 16-Core Processor, instruction set [SSE2|AVX|AVX2]
Thread count: 16 physical cores, 32 logical processors, using up to 4 threads

Non-default parameters:
TimeLimit  360
Seed  809655933
Threads  4
LazyConstraints  1

Optimize a model with 27186 rows, 76800 columns and 153588 nonzeros (Min)
Model fingerprint: 0x0f235996
Model has 25280 linear objective coefficients
Variable types: 51200 continuous, 25600 integer (25600 binary)
Coefficient statistics:
  Matrix range     [1e+00, 4e+04]
  Objective range  [4e-01, 1e+05]
  Bounds range     [1e+00, 4e+04]
  RHS range        [1e+00, 1e+04]
Presolve removed 1750 rows and 26636 columns
Presolve time: 0.24s
Presolved: 25436 rows, 50164 columns, 150167 nonzeros
Variable types: 24804 continuous, 25360 integer (25360 binary)
Root relaxation presolved: 25436 rows, 50164 columns, 150167 nonzeros

Deterministic concurrent LP optimizer: primal and dual simplex
Showing primal log only...

Concurrent spin time: 0.00s

Solved with primal simplex

Root relaxation: objective 8.512632e+02, 32899 iterations, 1.15 seconds (2.38 work units)

    Nodes    |    Current Node    |     Objective Bounds      |     Work
 Expl Unexpl |  Obj  Depth IntInf | Incumbent    BestBd   Gap | It/Node Time

     0     0  851.26319    0  295          -  851.26319      -     -    1s
     0     0  851.26319    0  295          -  851.26319      -     -    5s
     0     0  851.26319    0  295          -  851.26319      -     -   10s
     0     0  851.26319    0  295          -  851.26319      -     -   15s
     0     0  851.26319    0  295          -  851.26319      -     -   20s
     0     0  851.26319    0  295          -  851.26319      -     -   26s
     0     0  856.30886    0  297          -  856.30886      -     -   26s
     0     0  858.05283    0  317          -  858.05283      -     -   29s
H    0     0                    1447.5958800  858.05283  40.7%     -   31s
H    0     0                    1435.6660842  858.05283  40.2%     -   32s
H    0     0                    1326.1285361  858.05283  35.3%     -   33s
H    0     0                    1291.8205778  858.05283  33.6%     -   33s
     0     0  859.61727    0  321 1291.82058  859.61727  33.5%     -   34s
     0     0  859.61986    0  320 1291.82058  859.61986  33.5%     -   34s
     0     0  859.88685    0  322 1291.82058  859.88685  33.4%     -   34s
     0     0  859.88974    0  316 1291.82058  859.88974  33.4%     -   35s
     0     0  859.88994    0  315 1291.82058  859.88994  33.4%     -   35s
     0     0  862.37899    0  340 1291.82058  862.37899  33.2%     -   37s
H    0     0                    1269.9404388  862.65245  32.1%     -   37s
H    0     0                    1243.8197292  862.65245  30.6%     -   40s
     0     0  862.81500    0  341 1243.81973  862.81500  30.6%     -   41s
     0     0  862.81503    0  344 1243.81973  862.81503  30.6%     -   41s
     0     0  864.43786    0  350 1243.81973  864.43786  30.5%     -   45s
H    0     0                    1221.5884209  864.47862  29.2%     -   45s
H    0     0                    1215.4180606  864.47862  28.9%     -   47s
H    0     0                    1213.7923519  864.47862  28.8%     -   47s
H    0     0                    1203.8341561  864.47862  28.2%     -   47s
H    0     0                    1203.7871937  864.47862  28.2%     -   47s
H    0     0                    1196.5352226  864.47862  27.8%     -   47s
H    0     0                    1028.4980410  864.47862  15.9%     -   48s
     0     0  864.47862    0  350 1028.49804  864.47862  15.9%     -   49s
     0     0  864.47862    0  350 1028.49804  864.47862  15.9%     -   49s
     0     0  864.47862    0  351 1028.49804  864.47862  15.9%     -   49s
     0     0  865.65647    0  349 1028.49804  865.65647  15.8%     -   50s
     0     0  865.65647    0  298 1028.49804  865.65647  15.8%     -   52s
H    0     0                    1010.6032304  865.65647  14.3%     -   52s
     0     0  865.65647    0  332 1010.60323  865.65647  14.3%     -   53s
H    0     0                    1004.2896289  865.65647  13.8%     -   54s
H    0     0                     999.9432978  865.65647  13.4%     -   54s
H    0     0                     994.0436559  865.65647  12.9%     -   54s
H    0     0                     993.4374746  865.65647  12.9%     -   54s
H    0     0                     986.9325815  865.65647  12.3%     -   55s
H    0     0                     986.0065219  865.65647  12.2%     -   55s
H    0     0                     984.5879222  865.65647  12.1%     -   55s
H    0     0                     976.6559268  865.65647  11.4%     -   55s
H    0     0                     976.6471503  865.65647  11.4%     -   55s
H    0     0                     969.1257292  865.65647  10.7%     -   55s
H    0     0                     969.1169527  865.65647  10.7%     -   55s
     0     0  865.65647    0  340  969.11695  865.65647  10.7%     -   57s
     0     0  865.65647    0  337  969.11695  865.65647  10.7%     -   57s
     0     0  865.65647    0  340  969.11695  865.65647  10.7%     -   57s
     0     0  865.65647    0  340  969.11695  865.65647  10.7%     -   57s
     0     0  865.65647    0  341  969.11695  865.65647  10.7%     -   57s
     0     0  865.65647    0  344  969.11695  865.65647  10.7%     -   58s
     0     0  865.65647    0  344  969.11695  865.65647  10.7%     -   58s
     0     0  865.65647    0  344  969.11695  865.65647  10.7%     -   58s
     0     0  868.34442    0  367  969.11695  868.34442  10.4%     -   60s
     0     0  868.79387    0  360  969.11695  868.79387  10.4%     -   60s
     0     0  868.79387    0  361  969.11695  868.79387  10.4%     -   60s
     0     0  871.62474    0  367  969.11695  871.62474  10.1%     -   63s
H    0     0                     965.5930380  871.62474  9.73%     -   63s
H    0     0                     964.0279371  871.62474  9.59%     -   64s
     0     0  871.63350    0  366  964.02794  871.63350  9.58%     -   64s
     0     0  871.63351    0  367  964.02794  871.63351  9.58%     -   64s
     0     0  872.27699    0  365  964.02794  872.27699  9.52%     -   65s
     0     0  872.28344    0  370  964.02794  872.28344  9.52%     -   65s
     0     0  872.28344    0  369  964.02794  872.28344  9.52%     -   65s
     0     0  872.30733    0  374  964.02794  872.30733  9.51%     -   66s
     0     0  872.30845    0  366  964.02794  872.30845  9.51%     -   66s
     0     0  873.12325    0  369  964.02794  873.12325  9.43%     -   67s
     0     0  873.12460    0  373  964.02794  873.12460  9.43%     -   67s
     0     0  873.21444    0  370  964.02794  873.21444  9.42%     -   68s
     0     0  873.21444    0  370  964.02794  873.21444  9.42%     -   68s
     0     0  873.21463    0  370  964.02794  873.21463  9.42%     -   68s
     0     0  873.53373    0  364  964.02794  873.53373  9.39%     -   69s
     0     0  873.60154    0  371  964.02794  873.60154  9.38%     -   69s
     0     0  873.61421    0  381  964.02794  873.61421  9.38%     -   69s
     0     0  873.61422    0  384  964.02794  873.61422  9.38%     -   69s
     0     0  873.61756    0  379  964.02794  873.61756  9.38%     -   70s
     0     0  873.61791    0  381  964.02794  873.61791  9.38%     -   70s
     0     0  873.62018    0  381  964.02794  873.62018  9.38%     -   71s
     0     0  873.62124    0  381  964.02794  873.62124  9.38%     -   71s
     0     0  873.62124    0  373  964.02794  873.62124  9.38%     -   71s
     0     0  873.62533    0  373  964.02794  873.62533  9.38%     -   71s
     0     0  873.62533    0  373  964.02794  873.62533  9.38%     -   71s
     0     0  873.62533    0  365  964.02794  873.62533  9.38%     -   72s
H    0     0                     963.1018775  873.62533  9.29%     -   73s
     0     0  879.80614    0  290  963.10188  879.80614  8.65%     -   79s
H    0     0                     950.9110281  879.80614  7.48%     -   81s
     0     0  879.80614    0  351  950.91103  879.80614  7.48%     -   83s
     0     0  879.80614    0  380  950.91103  879.80614  7.48%     -   86s
     0     0  879.80614    0  373  950.91103  879.80614  7.48%     -   87s
     0     0  879.80614    0  378  950.91103  879.80614  7.48%     -   87s
     0     0  879.80614    0  375  950.91103  879.80614  7.48%     -   87s
     0     0  879.80614    0  385  950.91103  879.80614  7.48%     -   87s
     0     0  879.80614    0  377  950.91103  879.80614  7.48%     -   87s
     0     0  879.80614    0  379  950.91103  879.80614  7.48%     -   87s
     0     0  879.80614    0  371  950.91103  879.80614  7.48%     -   88s
     0     0  879.80614    0  377  950.91103  879.80614  7.48%     -   88s
     0     0  879.80614    0  376  950.91103  879.80614  7.48%     -   90s
     0     0  879.80614    0  370  950.91103  879.80614  7.48%     -   90s
     0     0  879.80614    0  375  950.91103  879.80614  7.48%     -   92s
     0     0  879.80614    0  373  950.91103  879.80614  7.48%     -   92s
     0     0  879.80614    0  376  950.91103  879.80614  7.48%     -   92s
     0     0  879.80614    0  386  950.91103  879.80614  7.48%     -   93s
     0     0  879.80614    0  382  950.91103  879.80614  7.48%     -   93s
     0     0  879.80614    0  384  950.91103  879.80614  7.48%     -   93s
     0     0  879.80614    0  387  950.91103  879.80614  7.48%     -   93s
     0     0  879.80614    0  391  950.91103  879.80614  7.48%     -   94s
     0     0  879.80614    0  391  950.91103  879.80614  7.48%     -   94s
     0     0  879.80614    0  382  950.91103  879.80614  7.48%     -   95s
     0     2  879.98739    0  379  950.91103  879.98739  7.46%     -   97s
    11    18  879.98739    4  352  950.91103  879.98739  7.46%  2435  100s
    34    40  909.27447    6  203  950.91103  879.98739  7.46%  1771  106s
   123   131  914.48937   18  173  950.91103  879.98739  7.46%  1126  110s
   621   614  932.38746  151  159  950.91103  879.98739  7.46%   328  115s
  1112  1040  928.13653   65  349  950.91103  879.98739  7.46%   251  127s
  1114  1041  923.77961   20  301  950.91103  879.98739  7.46%   251  130s
  1118  1044  935.92542   77  362  950.91103  888.29591  6.58%   250  135s
  1129  1051  925.95876   79  365  950.91103  897.40601  5.63%   248  140s
  1136  1057  939.05590   87  352  950.91103  898.01125  5.56%   291  146s
  1145  1063  935.62932  174  358  950.91103  898.77960  5.48%   289  150s
  1155  1070  936.96567   79  364  950.91103  899.75437  5.38%   286  155s
  1166  1077  947.01559  235  354  950.91103  901.48325  5.20%   284  162s
  1167  1078  931.44739   50  354  950.91103  904.57154  4.87%   283  165s
  1202  1095  908.51319   36  351  950.91103  904.58977  4.87%   355  170s
  1246  1102  908.36691   39  321  950.91103  905.82566  4.74%   363  175s
  1287  1127  924.74010   44  186  950.91103  908.26667  4.48%   380  180s
  1378  1145  927.77085   38  209  950.91103  908.68082  4.44%   380  185s
  1469  1173  936.68511   46   84  950.91103  909.41119  4.36%   390  190s
  1628  1201  930.02190   37  103  950.91103  916.97811  3.57%   388  195s
  1929  1244  946.86607   71  132  950.91103  917.75469  3.49%   364  200s
  2283  1341  925.03676   42  218  950.91103  917.88543  3.47%   348  205s
  2628  1466  932.04163   57  101  950.91103  918.84276  3.37%   337  211s
  3021  1532  934.49788   50  186  950.91103  919.49216  3.30%   318  215s
  3546  1702  945.71871   48  172  950.91103  920.09361  3.24%   302  221s
  3907  1724  948.00718   68  195  950.91103  920.60528  3.19%   295  227s
  3945  1743  924.05390   51  106  950.91103  920.60528  3.19%   295  231s
  4185  1873  927.83577   43  177  950.91103  920.84877  3.16%   290  235s
  4785  2119  925.48806   45  192  950.91103  921.29797  3.11%   276  242s
  5173  2428  931.58295   48  178  950.91103  921.46637  3.10%   270  246s
  5678  2657  922.53011   42  210  950.91103  921.57576  3.08%   262  251s
  6127  2974  940.88603   57  121  950.91103  921.90822  3.05%   260  256s
  6713  3359  925.36543   53  185  950.91103  922.13720  3.03%   253  262s
  7011  3550  923.83190   44  183  950.91103  922.29870  3.01%   253  265s
  7710  3991  930.27905   47  177  950.91103  922.45676  2.99%   247  272s
  8084  4254  945.96591   42  125  950.91103  922.75111  2.96%   245  275s
  8769  4633     cutoff   92       950.91103  922.94221  2.94%   242  282s
  9098  4879  940.43168   44  211  950.91103  923.09794  2.92%   242  286s
  9481  5193  926.14067   46  217  950.91103  923.20000  2.91%   242  290s
 10488  5891  940.67329   59  143  950.91103  923.37162  2.90%   235  299s
 11141  6167  937.79387   51  136  950.91103  923.49332  2.88%   231  304s
 11705  6548  938.58238   78  116  950.91103  923.55271  2.88%   227  310s
 12316  6730  945.31369   51  137  950.91103  923.67464  2.86%   223  315s
 12731  7091     cutoff   65       950.91103  923.80701  2.85%   223  320s
 13374  7138  935.69086   43  140  950.91103  923.91564  2.84%   221  326s
 13537  7471  938.80090   59  130  950.91103  923.93419  2.84%   221  331s
 14130  7829  928.79262   50  190  950.91103  923.99724  2.83%   219  335s
 15579  8498  937.85241   46  155  950.91103  924.20484  2.81%   215  344s
 16085  8827  929.13493   46  224  950.91103  924.28783  2.80%   214  348s
 16634  9116  944.16333   62  192  950.91103  924.32422  2.80%   214  354s
 17198  9409  930.78989   45  101  950.91103  924.44150  2.78%   213  358s
 17789  9548  932.31687   51  160  950.91103  924.51402  2.78%   213  360s

Cutting planes:
  Gomory: 1
  Cover: 36
  Implied bound: 148
  Projected implied bound: 23
  Clique: 2
  MIR: 146
  Flow cover: 226
  GUB cover: 1
  Zero half: 23
  RLT: 12
  Relax-and-lift: 76
  BQP: 14

Explored 17969 nodes (3970046 simplex iterations) in 360.00 seconds (1204.37 work units)
Thread count was 4 (of 32 available processors)

Solution count 10: 950.911 963.102 964.028 ... 986.007

Time limit reached
Best objective 9.509110280832e+02, best bound 9.245638568993e+02, gap 2.7707%

User-callback calls 100800, time in user-callback 0.01 sec
Cap boundary debug: PORT-583 -> [97 236 239 240 241 242 98 246 250 251 208 209 210 211 212 198 199 202 203 204 131 129 130 256 257 259 258 128 127 126 125 124 264 268 269 270] -> PORT-588 -> [118 119 120 121 122 123 266 267 265 263 262 261 260 254 255 205 201 200 197 196 195 194 193 217 189 188 187 186 185 184 183 182 226 178 7 6 10 11 12 13 14 143 15 16 17 18 21 19 20] -> PORT-581 | load_left=43380 load_right=43356 cap=45000
Set parameter Username
Set parameter LicenseID to value 2738882
Academic license - for non-commercial use only - expires 2026-11-14
Set parameter TimeLimit to value 360
Set parameter Seed to value 138427621
Set parameter Threads to value 4
Set parameter OutputFlag to value 1
Set parameter LogToConsole to value 1
Set parameter LazyConstraints to value 1
Gurobi Optimizer version 13.0.0 build v13.0.0rc1 (linux64 - "Debian GNU/Linux 13 (trixie)")

CPU model: AMD Ryzen 9 5950X 16-Core Processor, instruction set [SSE2|AVX|AVX2]
Thread count: 16 physical cores, 32 logical processors, using up to 4 threads

Non-default parameters:
TimeLimit  360
Seed  138427621
Threads  4
LazyConstraints  1

Optimize a model with 32002 rows, 90828 columns and 181644 nonzeros (Min)
Model fingerprint: 0xd372777c
Model has 29928 linear objective coefficients
Variable types: 60552 continuous, 30276 integer (30276 binary)
Coefficient statistics:
  Matrix range     [1e+00, 4e+04]
  Objective range  [3e-01, 1e+05]
  Bounds range     [1e+00, 4e+04]
  RHS range        [1e+00, 9e+03]
Presolve removed 1904 rows and 31403 columns
Presolve time: 0.28s
Presolved: 30098 rows, 59425 columns, 177890 nonzeros
Variable types: 29410 continuous, 30015 integer (30015 binary)
Root relaxation presolved: 30098 rows, 59425 columns, 177890 nonzeros

Deterministic concurrent LP optimizer: primal and dual simplex
Showing primal log only...

Concurrent spin time: 0.00s

Solved with primal simplex

Root relaxation: objective 6.734416e+02, 72843 iterations, 2.73 seconds (5.83 work units)

    Nodes    |    Current Node    |     Objective Bounds      |     Work
 Expl Unexpl |  Obj  Depth IntInf | Incumbent    BestBd   Gap | It/Node Time

     0     0  673.44161    0  305          -  673.44161      -     -    3s
H    0     0                    1375.6890399  673.44161  51.0%     -    4s
H    0     0                    1372.3590440  673.44161  50.9%     -    4s
H    0     0                    1372.0395990  673.44161  50.9%     -    4s
H    0     0                    1351.0636616  673.44161  50.2%     -    4s
H    0     0                    1347.7336657  673.44161  50.0%     -    4s
H    0     0                    1344.9969852  673.44161  49.9%     -    4s
H    0     0                    1343.6559456  673.44161  49.9%     -    4s
H    0     0                    1341.4509709  673.44161  49.8%     -    4s
H    0     0                    1339.3630707  673.44161  49.7%     -    4s
     0     0  673.44161    0  305 1339.36307  673.44161  49.7%     -    5s
H    0     0                     823.6401490  673.44161  18.2%     -   11s
     0     0  673.44161    0  305  823.64015  673.44161  18.2%     -   11s
     0     0  676.04418    0  332  823.64015  676.04418  17.9%     -   16s
H    0     0                     774.5250598  676.04418  12.7%     -   17s
H    0     0                     737.5666337  676.04418  8.34%     -   18s
H    0     0                     734.5114589  676.04418  7.96%     -   19s
H    0     0                     734.2147274  676.04418  7.92%     -   19s
H    0     0                     728.0178679  676.04418  7.14%     -   19s
H    0     0                     725.5309867  676.04418  6.82%     -   20s
     0     0  676.05100    0  336  725.53099  676.05100  6.82%     -   20s
     0     0  676.05100    0  336  725.53099  676.05100  6.82%     -   20s
     0     0  677.07201    0  299  725.53099  677.07201  6.68%     -   24s
     0     0  677.07201    0  300  725.53099  677.07201  6.68%     -   28s
     0     0  677.62013    0  312  725.53099  677.62013  6.60%     -   30s
H    0     0                     725.3769284  677.62047  6.58%     -   30s
     0     0  677.72763    0  324  725.37693  677.72763  6.57%     -   31s
     0     0  677.72763    0  327  725.37693  677.72763  6.57%     -   31s
     0     0  679.44930    0  333  725.37693  679.44930  6.33%     -   32s
     0     0  679.51802    0  340  725.37693  679.51802  6.32%     -   33s
     0     0  679.51806    0  341  725.37693  679.51806  6.32%     -   33s
     0     0  681.24668    0  348  725.37693  681.24668  6.08%     -   34s
     0     0  681.84329    0  345  725.37693  681.84329  6.00%     -   34s
     0     0  681.84333    0  345  725.37693  681.84333  6.00%     -   34s
     0     0  682.67509    0  352  725.37693  682.67509  5.89%     -   35s
     0     0  682.69202    0  346  725.37693  682.69202  5.88%     -   36s
     0     0  682.69202    0  348  725.37693  682.69202  5.88%     -   36s
     0     0  683.07390    0  350  725.37693  683.07390  5.83%     -   36s
     0     0  683.08227    0  352  725.37693  683.08227  5.83%     -   36s
     0     0  683.08227    0  352  725.37693  683.08227  5.83%     -   36s
     0     0  683.32430    0  347  725.37693  683.32430  5.80%     -   37s
     0     0  683.32444    0  348  725.37693  683.32444  5.80%     -   38s
     0     0  683.32722    0  351  725.37693  683.32722  5.80%     -   39s
     0     0  683.77257    0  349  725.37693  683.77257  5.74%     -   39s
     0     0  683.77257    0  348  725.37693  683.77257  5.74%     -   39s
     0     0  683.77257    0  348  725.37693  683.77257  5.74%     -   39s
     0     0  683.77257    0  352  725.37693  683.77257  5.74%     -   39s
     0     0  683.77257    0  352  725.37693  683.77257  5.74%     -   39s
     0     0  683.77257    0  343  725.37693  683.77257  5.74%     -   40s
H    0     0                     713.0950801  683.77257  4.11%     -   42s
     0     0  686.97604    0  302  713.09508  686.97604  3.66%     -   44s
H    0     0                     713.0950779  686.97604  3.66%     -   44s
     0     0  686.97604    0  257  713.09508  686.97604  3.66%     -   45s
     0     0  686.97604    0  339  713.09508  686.97604  3.66%     -   46s
     0     0  686.97604    0  336  713.09508  686.97604  3.66%     -   46s
     0     0  686.97604    0  340  713.09508  686.97604  3.66%     -   46s
     0     0  686.97604    0  354  713.09508  686.97604  3.66%     -   47s
     0     0  686.97604    0  354  713.09508  686.97604  3.66%     -   47s
     0     0  686.97604    0  356  713.09508  686.97604  3.66%     -   47s
     0     0  686.97604    0  357  713.09508  686.97604  3.66%     -   47s
     0     0  686.97604    0  357  713.09508  686.97604  3.66%     -   47s
     0     0  686.97604    0  353  713.09508  686.97604  3.66%     -   48s
     0     0  686.97604    0  341  713.09508  686.97604  3.66%     -   48s
     0     0  686.97604    0  328  713.09508  686.97604  3.66%     -   48s
     0     0  686.97604    0  339  713.09508  686.97604  3.66%     -   48s
     0     0  686.97604    0  338  713.09508  686.97604  3.66%     -   49s
     0     0  686.97604    0  341  713.09508  686.97604  3.66%     -   49s
     0     0  686.97604    0  337  713.09508  686.97604  3.66%     -   49s
     0     0  687.50080    0  334  713.09508  687.50080  3.59%     -   50s
     0     0  687.64978    0  333  713.09508  687.64978  3.57%     -   50s
     0     0  687.64978    0  332  713.09508  687.64978  3.57%     -   50s
     0     0  687.64978    0  333  713.09508  687.64978  3.57%     -   50s
     0     0  687.64978    0  333  713.09508  687.64978  3.57%     -   50s
     0     0  687.72002    0  339  713.09508  687.72002  3.56%     -   51s
     0     0  687.74717    0  342  713.09508  687.74717  3.55%     -   51s
     0     0  687.74717    0  342  713.09508  687.74717  3.55%     -   51s
     0     0  688.51901    0  355  713.09508  688.51901  3.45%     -   51s
     0     0  688.67536    0  361  713.09508  688.67536  3.42%     -   51s
     0     0  688.67536    0  359  713.09508  688.67536  3.42%     -   52s
     0     0  688.67536    0  358  713.09508  688.67536  3.42%     -   52s
     0     0  688.67536    0  351  713.09508  688.67536  3.42%     -   52s
     0     0  688.67536    0  349  713.09508  688.67536  3.42%     -   52s
     0     0  688.67536    0  354  713.09508  688.67536  3.42%     -   52s
     0     0  688.67536    0  341  713.09508  688.67536  3.42%     -   53s
     0     0  688.67536    0  365  713.09508  688.67536  3.42%     -   53s
     0     0  688.96014    0  365  713.09508  688.96014  3.38%     -   53s
     0     0  688.96014    0  351  713.09508  688.96014  3.38%     -   53s
     0     0  689.44028    0  301  713.09508  689.44028  3.32%     -   55s
     0     0  689.44028    0  335  713.09508  689.44028  3.32%     -   56s
     0     0  689.44028    0  327  713.09508  689.44028  3.32%     -   57s
     0     0  689.44028    0  350  713.09508  689.44028  3.32%     -   57s
     0     0  689.44028    0  347  713.09508  689.44028  3.32%     -   57s
     0     0  689.44028    0  348  713.09508  689.44028  3.32%     -   57s
     0     0  689.44028    0  349  713.09508  689.44028  3.32%     -   57s
     0     0  689.44028    0  360  713.09508  689.44028  3.32%     -   58s
     0     0  689.60943    0  350  713.09508  689.60943  3.29%     -   58s
     0     0  689.60943    0  359  713.09508  689.60943  3.29%     -   58s
     0     0  689.60943    0  330  713.09508  689.60943  3.29%     -   59s
     0     0  689.60943    0  339  713.09508  689.60943  3.29%     -   59s
     0     0  689.60943    0  338  713.09508  689.60943  3.29%     -   59s
     0     0  689.60943    0  334  713.09508  689.60943  3.29%     -   59s
     0     0  689.60943    0  353  713.09508  689.60943  3.29%     -   60s
     0     0  689.60943    0  345  713.09508  689.60943  3.29%     -   60s
     0     0  689.60943    0  345  713.09508  689.60943  3.29%     -   60s
     0     0  689.60943    0  338  713.09508  689.60943  3.29%     -   60s
     0     0  689.60943    0  344  713.09508  689.60943  3.29%     -   60s
     0     0  689.60943    0  343  713.09508  689.60943  3.29%     -   60s
     0     0  689.60943    0  351  713.09508  689.60943  3.29%     -   60s
     0     0  689.60943    0  351  713.09508  689.60943  3.29%     -   61s
     0     0  689.60943    0  348  713.09508  689.60943  3.29%     -   61s
     0     0  689.65219    0  344  713.09508  689.65219  3.29%     -   61s
     0     0  689.66155    0  347  713.09508  689.66155  3.29%     -   61s
     0     0  689.66155    0  340  713.09508  689.66155  3.29%     -   61s
     0     0  689.67396    0  340  713.09508  689.67396  3.28%     -   61s
     0     0  689.69742    0  359  713.09508  689.69742  3.28%     -   62s
     0     0  689.69742    0  359  713.09508  689.69742  3.28%     -   62s
     0     0  689.69742    0  349  713.09508  689.69742  3.28%     -   62s
     0     2  690.24743    0  349  713.09508  690.24743  3.20%     -   62s
   182   146  696.41769   42  259  713.09508  695.63533  2.45%   183   65s
H  669   470                     713.0281583  696.04174  2.38%   186   68s
   724   501  700.61625   10  239  713.02816  696.14249  2.37%   209   70s
H  963   634                     712.5967140  696.27078  2.29%   245   73s
  1030   659  706.60174    5  203  712.59671  696.27078  2.29%   267   75s
H 1033   659                     712.3932664  696.27078  2.26%   269   75s
  1486   854  705.20155    6  236  712.39327  697.38165  2.11%   287   80s
  1565   886  710.32602   17  322  712.39327  697.38165  2.11%   294   85s
  1577   894  701.16720   13  359  712.39327  697.38165  2.11%   291   91s
  1581   897  711.65310   33  309  712.39327  697.38309  2.11%   322   95s
  1594   906  710.04223   27  328  712.39327  697.38721  2.11%   319  100s
  1797   951     cutoff   37       712.39327  698.64030  1.93%   334  105s
  2285   920  704.35610   37  191  712.39327  702.36775  1.41%   296  110s
H 3197   909                     712.3932642  703.31866  1.27%   258  114s
  3265   907 infeasible   56       712.39326  703.31866  1.27%   256  115s
  4559  1010  709.53026   59   39  712.39326  704.61788  1.09%   224  120s
  5888  1554  709.85586   47  164  712.39326  705.32168  0.99%   208  125s
  7090  1994  710.31286   55  162  712.39326  705.74556  0.93%   200  130s
  8416  2576 infeasible   61       712.39326  706.08235  0.89%   192  135s
  9677  3028  710.42621   49  125  712.39326  706.28651  0.86%   187  140s
 11632  3637  709.63044   79   28  712.39326  706.54870  0.82%   180  146s
 13039  3908     cutoff   48       712.39326  706.77657  0.79%   180  151s
 14364  4094  710.52106   55  114  712.39326  707.05086  0.75%   181  155s
 15760  4196     cutoff   56       712.39326  707.36280  0.71%   181  160s
 16785  4306  709.62913   53  100  712.39326  707.57250  0.68%   181  165s
 18643  4464  710.80476   49  148  712.39326  707.90810  0.63%   181  171s
 19920  4545  709.43273   48  168  712.39326  708.10261  0.60%   180  175s
 21334  4539 infeasible   51       712.39326  708.38755  0.56%   180  180s
 23240  4464  710.35945   51    4  712.39326  708.77508  0.51%   180  186s
 24865  4502  712.09985   69   67  712.39326  709.00988  0.47%   178  190s
 26724  4523  711.35657   45   56  712.39326  709.26645  0.44%   176  195s
 28671  4294  710.88875   52   24  712.39326  709.49156  0.41%   173  200s
 30439  4094     cutoff   62       712.39326  709.75337  0.37%   171  206s
 32262  3708  710.93682   58   47  712.39326  709.97583  0.34%   170  210s
 34057  3269     cutoff   56       712.39326  710.19985  0.31%   168  215s
 36338  2484  712.26577   55    8  712.39326  710.56706  0.26%   166  220s
 38089  1721     cutoff   69       712.39326  710.84170  0.22%   164  225s
H39993   793                     712.3932640  711.33604  0.15%   162  229s
 40229   581  712.25238   65   76  712.39326  711.33915  0.15%   162  230s

Cutting planes:
  Gomory: 9
  Cover: 35
  Implied bound: 135
  Projected implied bound: 19
  MIR: 50
  Flow cover: 97
  Inf proof: 45
  Zero half: 26
  Network: 3
  RLT: 4
  Relax-and-lift: 38
  BQP: 3

Explored 41273 nodes (6952831 simplex iterations) in 234.18 seconds (683.03 work units)
Thread count was 4 (of 32 available processors)

Solution count 10: 712.393 712.393 712.597 ... 734.511

Optimal solution found (tolerance 1.00e-04)
Best objective 7.123932639675e+02, best bound 7.123932639675e+02, gap 0.0000%

User-callback calls 117132, time in user-callback 0.01 sec
Cap boundary opt: PORT-588 stations=85 obj=712.393 real=712.393 baseline=713.658
Set parameter Username
Set parameter LicenseID to value 2738882
Academic license - for non-commercial use only - expires 2026-11-14
Segment 1 eval: start=BOAT-0 end=PORT-583 stations=48 (optimize)
  Segment 1 order: -501 -500 -499 -498 -497 -496 -495 112 113 -494 114 -275 -111 -274 -107 -106 -105 104 -103 -102 -101 108 109 110 -273 -272 271 253 252 249 -248 -247 -245 -244 -243 -238 237 -215 -214 213 -192 218 -191 219 -190 -223 222 -135
Segment 2 eval: start=PORT-583 end=PORT-581 stations=61 (optimize)
  Segment 2 order: 133 134 -132 -181 230 232 233 234 -235 231 -227 228 229 -180 -179 -154 -153 -157 -156 -155 -173 -172 174 175 -176 -177 171 -170 -169 -168 -167 -166 -165 -164 -163 -162 -161 -160 159 158 -150 -149 -148 -147 -146 -145 -144 -142 -9 -8 -141 -140 -139 151 -152 -138 -137 -136 -2 -94 -92
Segment 3 eval: start=PORT-581 end=PORT-591 stations=79 (optimize)
  Segment 3 order: 56 55 -54 -53 -52 -51 -50 -49 -48 -39 -38 -37 66 67 68 69 -36 -35 -32 -31 -29 -27 26 28 30 -33 -34 41 42 43 44 45 46 -40 47 396 397 -398 -395 -394 -393 -392 -391 -390 -389 -388 -387 402 -403 385 -384 -383 -382 -414 -413 412 -409 408 -410 411 380 378 -379 -377 -376 -375 374 -373 -372 -371 -370 369 359 360 -358 -353 -349 -326 328
Segment 4 eval: start=PORT-591 end=PORT-593 stations=80 (optimize)
  Segment 4 order: 276 277 278 279 280 -341 -340 -320 -319 -318 -317 -316 281 557 -556 282 283 -284 555 558 559 -560 561 -562 -554 553 550 551 552 285 286 287 315 -314 313 -312 -288 -311 -309 -310 289 290 291 292 293 294 -307 303 -304 -302 -301 -300 -299 298 305 306 295 296 -297 -547 549 548 -546 -545 541 542 543 540 -544 -539 -538 -537 536 -535 -534 573 574 -577 575 528
Segment 5 eval: start=PORT-593 end=PORT-591 stations=88 (optimize)
  Segment 5 order: 454 455 464 465 480 -481 -95 90 -89 88 -87 86 -85 -84 -83 -82 -81 -80 -91 96 -24 -23 -22 79 -78 -77 -70 -76 75 72 73 -74 -71 65 -63 64 57 59 -58 60 61 62 -386 -401 400 399 407 -406 -405 -404 -415 416 418 419 420 421 -423 -422 424 -417 425 381 426 -368 -367 -365 364 363 362 361 -348 -332 -331 -330 -329 327 -325 -324 -323 -321 -339 -338 -337 -336 -335 -334 -333 347
Segment 6 eval: start=PORT-591 end=PORT-583 stations=42 (optimize)
  Segment 6 order: -346 -345 -344 -343 -342 -566 563 564 565 567 568 569 570 571 572 576 -527 -514 -513 -512 -436 435 438 -437 -440 441 442 443 444 -506 -505 -449 448 -450 451 452 453 456 457 458 -100 -99
Segment 7 eval: start=PORT-583 end=PORT-588 stations=35 (optimize)
  Segment 7 order: 97 236 239 240 -241 242 -98 246 250 251 208 209 -201 200 198 199 202 203 204 -131 -129 130 -256 257 259 258 -128 -127 126 -125 -124 -264 268 269 270
Segment 8 eval: start=PORT-588 end=PORT-581 stations=50 (optimize)
  Segment 8 order: 118 119 -120 121 122 123 -266 -267 -265 -263 -262 -261 260 254 255 -205 210 211 -212 197 -196 -195 -194 -193 -217 -189 -188 -187 -186 -185 -184 183 182 226 178 -7 -6 10 11 12 13 14 143 15 16 17 18 -21 19 -20
Segment 9 eval: start=PORT-581 end=PORT-591 stations=30 (optimize)
  Segment 9 order: -93 -25 -5 -4 -3 -1 -225 -224 -221 220 -216 206 -207 -472 471 -470 -469 -467 -466 474 -473 475 -117 -116 115 476 478 479 -477 308
Segment 10 eval: start=PORT-591 end=PORT-593 stations=24 (optimize)
  Segment 10 order: 366 -357 -356 -355 354 -352 -351 -350 -322 -533 -532 -531 -530 -529 -526 524 525 578 579 580 -523 -522 -521 -427
Segment 11 eval: start=PORT-593 end=PORT-584 stations=24 (optimize)
  Segment 11 order: 515 516 519 -520 -518 -517 428 429 430 431 432 433 -434 447 -446 -445 439 -511 -510 -509 -508 -507 -504 -503
Segment 12 eval: start=PORT-584 end=PORT-584 stations=10 (optimize)
  Segment 12 order: 489 482 483 463 -484 462 -486 487 488 -502
Segment 13 eval: start=PORT-584 end=BOAT-END stations=9 (optimize)
  Segment 13 order: -485 -461 -460 -459 -468 493 -492 -491 -490
Cap boundary debug: PORT-588 -> [118 119 120 121 122 123 266 267 265 263 262 261 260 254 255 205 210 211 212 197 196 195 194 193 217 189 188 187 186 185 184 183 182 226 178 7 6 10 11 12 13 14 143 15 16 17 18 21 19 20] -> PORT-581 -> [93 25 5 4 3 1 225 224 221 220 216 206 207 472 471 470 469 467 466 474 473 475 117 116 115 476 477 478 479 308] -> PORT-591 | load_left=44712 load_right=43654 cap=45000
Set parameter Username
Set parameter LicenseID to value 2738882
Academic license - for non-commercial use only - expires 2026-11-14
Set parameter TimeLimit to value 360
Set parameter Seed to value 675709489
Set parameter Threads to value 4
Set parameter OutputFlag to value 1
Set parameter LogToConsole to value 1
Set parameter LazyConstraints to value 1
Gurobi Optimizer version 13.0.0 build v13.0.0rc1 (linux64 - "Debian GNU/Linux 13 (trixie)")

CPU model: AMD Ryzen 9 5950X 16-Core Processor, instruction set [SSE2|AVX|AVX2]
Thread count: 16 physical cores, 32 logical processors, using up to 4 threads

Non-default parameters:
TimeLimit  360
Seed  675709489
Threads  4
LazyConstraints  1

Optimize a model with 28522 rows, 80688 columns and 161364 nonzeros (Min)
Model fingerprint: 0x90bc6489
Model has 26568 linear objective coefficients
Variable types: 53792 continuous, 26896 integer (26896 binary)
Coefficient statistics:
  Matrix range     [1e+00, 4e+04]
  Objective range  [3e-01, 1e+05]
  Bounds range     [1e+00, 4e+04]
  RHS range        [1e+00, 1e+04]
Presolve removed 1794 rows and 27958 columns
Presolve time: 0.25s
Presolved: 26728 rows, 52730 columns, 157848 nonzeros
Variable types: 26080 continuous, 26650 integer (26650 binary)
Root relaxation presolved: 26728 rows, 52730 columns, 157848 nonzeros

Deterministic concurrent LP optimizer: primal and dual simplex
Showing primal log only...

Concurrent spin time: 0.00s

Solved with primal simplex

Root relaxation: objective 1.159662e+03, 39315 iterations, 1.47 seconds (3.13 work units)

    Nodes    |    Current Node    |     Objective Bounds      |     Work
 Expl Unexpl |  Obj  Depth IntInf | Incumbent    BestBd   Gap | It/Node Time

     0     0 1159.66209    0  312          - 1159.66209      -     -    2s
H    0     0                    103323.77253 1159.66209  98.9%     -    3s
     0     0 1159.66209    0  312 103323.773 1159.66209  98.9%     -    5s
H    0     0                    103064.12282 1159.66209  98.9%     -    9s
H    0     0                    1749.2277878 1159.66209  33.7%     -    9s
     0     0 1159.66209    0  312 1749.22779 1159.66209  33.7%     -   11s
H    0     0                    1644.7150413 1159.66209  29.5%     -   11s
H    0     0                    1602.0967554 1159.66209  27.6%     -   15s
H    0     0                    1589.2479623 1159.66209  27.0%     -   16s
H    0     0                    1576.6681483 1159.66209  26.4%     -   16s
H    0     0                    1571.8674264 1159.66209  26.2%     -   16s
     0     0 1161.52969    0  301 1571.86743 1161.52969  26.1%     -   17s
     0     0 1163.81452    0  327 1571.86743 1163.81452  26.0%     -   20s
H    0     0                    1548.8389563 1163.82466  24.9%     -   20s
H    0     0                    1544.6287319 1163.82466  24.7%     -   20s
H    0     0                    1537.5469277 1163.82466  24.3%     -   21s
H    0     0                    1500.1714890 1163.82466  22.4%     -   21s
H    0     0                    1500.0779461 1163.82466  22.4%     -   22s
H    0     0                    1486.0519012 1163.82466  21.7%     -   22s
H    0     0                    1481.2887973 1163.82466  21.4%     -   22s
H    0     0                    1467.2689281 1163.82466  20.7%     -   22s
H    0     0                    1453.5719860 1163.82466  19.9%     -   22s
H    0     0                    1447.3779967 1163.82466  19.6%     -   22s
H    0     0                    1446.0485776 1163.82466  19.5%     -   22s
H    0     0                    1439.8545883 1163.82466  19.2%     -   22s
H    0     0                    1439.7610453 1163.82466  19.2%     -   22s
H    0     0                    1436.3449960 1163.82466  19.0%     -   22s
H    0     0                    1434.9680515 1163.82466  18.9%     -   22s
H    0     0                    1427.4228991 1163.82466  18.5%     -   23s
H    0     0                    1425.0052294 1163.82466  18.3%     -   23s
H    0     0                    1421.8242184 1163.82466  18.1%     -   23s
H    0     0                    1420.4793457 1163.82466  18.1%     -   24s
H    0     0                    1409.6327328 1163.82466  17.4%     -   24s
     0     0 1163.89149    0  332 1409.63273 1163.89149  17.4%     -   24s
     0     0 1163.89239    0  333 1409.63273 1163.89239  17.4%     -   24s
     0     0 1163.89240    0  333 1409.63273 1163.89240  17.4%     -   24s
     0     0 1166.95273    0  358 1409.63273 1166.95273  17.2%     -   27s
     0     0 1166.96840    0  360 1409.63273 1166.96840  17.2%     -   27s
     0     0 1167.07718    0  356 1409.63273 1167.07718  17.2%     -   27s
     0     0 1167.08053    0  357 1409.63273 1167.08053  17.2%     -   27s
     0     0 1167.08305    0  361 1409.63273 1167.08305  17.2%     -   27s
     0     0 1167.09063    0  357 1409.63273 1167.09063  17.2%     -   27s
     0     0 1167.09064    0  358 1409.63273 1167.09064  17.2%     -   27s
     0     0 1170.55666    0  382 1409.63273 1170.55666  17.0%     -   32s
     0     0 1170.65453    0  383 1409.63273 1170.65453  17.0%     -   32s
     0     0 1170.65454    0  386 1409.63273 1170.65454  17.0%     -   32s
     0     0 1176.93441    0  374 1409.63273 1176.93441  16.5%     -   39s
     0     0 1176.96395    0  368 1409.63273 1176.96395  16.5%     -   40s
     0     0 1176.97367    0  373 1409.63273 1176.97367  16.5%     -   40s
     0     0 1176.97403    0  380 1409.63273 1176.97403  16.5%     -   40s
     0     0 1177.03649    0  378 1409.63273 1177.03649  16.5%     -   42s
     0     0 1177.10467    0  371 1409.63273 1177.10467  16.5%     -   43s
     0     0 1177.10467    0  373 1409.63273 1177.10467  16.5%     -   43s
     0     0 1177.40953    0  363 1409.63273 1177.40953  16.5%     -   45s
     0     0 1177.42552    0  361 1409.63273 1177.42552  16.5%     -   45s
     0     0 1177.43384    0  374 1409.63273 1177.43384  16.5%     -   46s
     0     0 1177.43490    0  372 1409.63273 1177.43490  16.5%     -   46s
     0     0 1177.86359    0  361 1409.63273 1177.86359  16.4%     -   48s
     0     0 1177.86954    0  360 1409.63273 1177.86954  16.4%     -   48s
     0     0 1177.94279    0  359 1409.63273 1177.94279  16.4%     -   50s
     0     0 1177.94562    0  364 1409.63273 1177.94562  16.4%     -   50s
     0     0 1177.94859    0  362 1409.63273 1177.94859  16.4%     -   52s
H    0     0                    1407.5595693 1177.94859  16.3%     -   55s
H    0     0                    1407.0261708 1177.94859  16.3%     -   55s
H    0     0                    1401.0981387 1177.94859  15.9%     -   56s
H    0     0                    1376.0601704 1177.94859  14.4%     -   56s
H    0     0                    1374.6832260 1177.94859  14.3%     -   57s
     0     0 1177.94859    0  362 1374.68323 1177.94859  14.3%     -   62s
     0     0 1177.94859    0  361 1374.68323 1177.94859  14.3%     -   64s
     0     0 1177.94859    0  361 1374.68323 1177.94859  14.3%     -   64s
     0     0 1177.94859    0  354 1374.68323 1177.94859  14.3%     -   64s
     0     2 1188.61505    0  354 1374.68323 1188.61505  13.5%     -   69s
     7    12 1188.61505    3  352 1374.68323 1188.61505  13.5%   875   70s
    31    42 1188.61505    8  332 1374.68323 1188.61505  13.5%  1426   76s
    80    86 1192.80320   16  333 1374.68323 1188.61505  13.5%  1175   80s
   208   234 1202.86137   51  316 1374.68323 1188.61505  13.5%   653   85s
   330   360 1215.02117   88  272 1374.68323 1188.61505  13.5%   542   90s
   554   576 1242.74210  152  271 1374.68323 1188.61505  13.5%   437   95s
   802   856 1270.44075  267  263 1374.68323 1188.61505  13.5%   373  100s
  1149  1230 1344.09688  435  207 1374.68323 1188.61505  13.5%   316  105s
  1498  1594 1188.61505    9  350 1374.68323 1188.61505  13.5%   287  111s
  1760  1732 1195.59012   17  316 1374.68323 1188.61505  13.5%   278  116s
  1777  1733 1342.83850  308  354 1374.68323 1188.61505  13.5%   289  140s
H 1778  1647                    1370.9378255 1188.61505  13.3%   289  142s
  1779  1647 1313.11662  261  310 1370.93783 1188.61505  13.3%   288  145s
H 1779  1564                    1370.6917525 1188.61505  13.3%   288  151s
H 1779  1486                    1368.7099615 1188.61505  13.2%   288  153s
H 1779  1412                    1367.3846240 1188.61505  13.1%   288  154s
  1780  1413 1191.85489   15  318 1367.38462 1188.61505  13.1%   288  156s
  1783  1415 1352.59957  453  350 1367.38462 1188.61505  13.1%   288  160s
  1785  1416 1245.81995   46  374 1367.38462 1188.61505  13.1%   288  166s
  1787  1418 1201.99602   24  381 1367.38462 1188.61505  13.1%   287  171s
  1788  1418 1279.57210  191  372 1367.38462 1188.61505  13.1%   287  175s
  1789  1419 1294.55064  214  372 1367.38462 1188.61505  13.1%   287  180s
  1790  1420 1258.94752  196  372 1367.38462 1188.61505  13.1%   287  196s
  1793  1427 1188.61505   16  355 1367.38462 1188.61505  13.1%   331  201s
  1801  1433 1188.61505   18  355 1367.38462 1188.61505  13.1%   337  205s
  1814  1441 1188.61505   20  346 1367.38462 1188.61505  13.1%   353  210s
  1825  1451 1189.50055   21  340 1367.38462 1188.61505  13.1%   370  215s
H 1832  1382                    1362.9478407 1188.61505  12.8%   373  217s
  1849  1400 1191.39194   23  336 1362.94784 1188.61505  12.8%   377  220s
  1875  1410 1196.62839   26  345 1362.94784 1188.61505  12.8%   379  226s
H 1881  1344                    1362.9478180 1188.61505  12.8%   383  229s
  1883  1350 1196.23154   27  320 1362.94782 1188.61505  12.8%   387  230s
  1910  1378 1200.04885   31  314 1362.94782 1188.61505  12.8%   403  236s
  1935  1388 1202.18230   35  331 1362.94782 1188.61505  12.8%   414  240s
  1969  1410 1209.34183   38  309 1362.94782 1188.61505  12.8%   426  246s
  1995  1436 infeasible   41      1362.94782 1188.61505  12.8%   431  251s
  2032  1452 1223.15192   46  315 1362.94782 1188.61505  12.8%   439  255s
  2056  1465 1225.39822   48  309 1362.94782 1188.61505  12.8%   450  260s
H 2068  1401                    1359.7978355 1188.61505  12.6%   456  263s
  2071  1415 1227.41209   50  311 1359.79784 1188.61505  12.6%   457  265s
  2102  1435 1228.53287   53  301 1359.79784 1188.61505  12.6%   470  271s
  2147  1471 1234.23601   60  285 1359.79784 1188.61505  12.6%   477  277s
  2192  1511 1241.64503   65  292 1359.79784 1188.61505  12.6%   485  282s
  2227  1530 1277.01754   68  275 1359.79784 1188.61505  12.6%   485  285s
H 2258  1463                    1353.5466963 1188.61505  12.2%   487  291s
  2291  1516 1246.84673   75  277 1353.54670 1188.61505  12.2%   489  298s
  2328  1544 1249.95334   80  296 1353.54670 1188.61505  12.2%   497  302s
  2369  1558 1250.72763   85  291 1353.54670 1188.61505  12.2%   506  305s
  2426  1627 1255.31767   93  266 1353.54670 1188.61505  12.2%   532  313s
  2484  1669 1257.29284  102  259 1353.54670 1188.61505  12.2%   538  317s
  2546  1698 1264.26384  113  260 1353.54670 1188.61505  12.2%   547  321s
  2597  1738 1268.24488  122  285 1353.54670 1188.61505  12.2%   556  325s
  2657  1787 1317.81472  128  250 1353.54670 1188.61505  12.2%   565  330s
  2732  1799 1273.57443  135  286 1353.54670 1188.61505  12.2%   567  335s
  2778  1822 1321.91449  140  262 1353.54670 1188.61505  12.2%   583  340s
  2824  1833 1291.68182  145  266 1353.54670 1188.61505  12.2%   596  345s
  2860  1854 1293.77143  147  274 1353.54670 1188.61505  12.2%   614  351s
  2916  1891 1294.85150  151  258 1353.54670 1188.61505  12.2%   631  357s
  3007  1881 1295.93264  154  282 1353.54670 1188.61505  12.2%   638  360s
H 3035  1812                    1350.8999331 1188.61505  12.0%   641  360s

Cutting planes:
  Cover: 8
  Implied bound: 79
  Projected implied bound: 10
  Clique: 1
  MIR: 21
  Flow cover: 60
  Zero half: 31
  Mod-K: 1
  RLT: 5
  Relax-and-lift: 81
  BQP: 4
  Lazy constraints: 1

Explored 3036 nodes (2032703 simplex iterations) in 360.01 seconds (1453.12 work units)
Thread count was 4 (of 32 available processors)

Solution count 10: 1350.9 1353.55 1359.8 ... 1376.06

Time limit reached
Best objective 1.350899933065e+03, best bound 1.188615047850e+03, gap 12.0131%

User-callback calls 50047, time in user-callback 0.01 sec
Cap boundary reject: PORT-581 segment infeasible left=1172.147 right=100723.227
Cap boundary reject: PORT-581 real=1000000000000000052504760255204420248704468581108159154915854115511802457988908195786371375080447864043704443832883878176942523235360430575644792184786706982848387200926575803737830233794788090059368953234970799945081119038967640880074652742780142494579258788820056842838115669472196386865459400540160.000 baseline=1330.117
Set parameter Username
Set parameter LicenseID to value 2738882
Academic license - for non-commercial use only - expires 2026-11-14
Segment 1 eval: start=BOAT-0 end=PORT-583 stations=47 (optimize)
  Segment 1 order: -501 -500 -499 -498 -497 -496 -495 112 113 -494 114 -275 -111 -274 -107 -106 -105 104 -103 -102 -101 108 109 110 -273 -272 271 253 252 249 -248 -247 -245 -244 -243 -238 237 -215 -214 213 -192 218 -191 190 219 223 -135
Segment 2 eval: start=PORT-583 end=PORT-581 stations=61 (optimize)
  Segment 2 order: 133 134 -132 -181 230 232 233 234 -235 231 -227 228 229 -180 -179 -154 -153 -157 -156 -155 -173 -172 174 175 -176 -177 171 -170 -169 -168 -167 -166 -165 -164 -163 -162 -161 -160 159 158 -150 -149 -148 -147 -146 -145 -144 -142 -9 -8 -141 -140 -139 151 -152 -138 -137 -136 -2 -94 -92
Segment 3 eval: start=PORT-581 end=PORT-591 stations=79 (optimize)
  Segment 3 order: 56 55 -54 -53 -52 -51 -50 -49 -48 -39 -38 -37 66 67 68 69 -36 -35 -32 -31 -29 -27 26 28 30 -33 -34 41 42 43 44 45 46 -40 47 396 397 -398 -395 -394 -393 -392 -391 -390 -389 -388 -387 402 -403 385 -384 -383 -382 -414 -413 412 -409 408 -410 411 380 378 -379 -377 -376 -375 374 -373 -372 -371 -370 369 359 360 -358 -353 -349 -326 328
Segment 4 eval: start=PORT-591 end=PORT-593 stations=80 (optimize)
  Segment 4 order: 276 277 278 279 280 -341 -340 -320 -319 -318 -317 -316 281 557 -556 282 283 -284 555 558 559 -560 561 -562 -554 553 550 551 552 285 286 287 315 -314 313 -312 -288 -311 -309 -310 289 290 291 292 293 294 -307 303 -304 -302 -301 -300 -299 298 305 306 295 296 -297 -547 549 548 -546 -545 541 542 543 540 -544 -539 -538 -537 536 -535 -534 573 574 -577 575 528
Segment 5 eval: start=PORT-593 end=PORT-591 stations=88 (optimize)
  Segment 5 order: 454 455 464 465 480 -481 -95 90 -89 88 -87 86 -85 -84 -83 -82 -81 -80 -91 96 -24 -23 -22 79 -78 -77 -70 -76 75 72 73 -74 -71 65 -63 64 57 59 -58 60 61 62 -386 -401 400 399 407 -406 -405 -404 -415 416 418 419 420 421 -423 -422 424 -417 425 381 426 -368 -367 -365 364 363 362 361 -348 -332 -331 -330 -329 327 -325 -324 -323 -321 -339 -338 -337 -336 -335 -334 -333 347
Segment 6 eval: start=PORT-591 end=PORT-583 stations=42 (optimize)
  Segment 6 order: -346 -345 -344 -343 -342 -566 563 564 565 567 568 569 570 571 572 576 -527 -514 -513 -512 -436 435 438 -437 -440 441 442 443 444 -506 -505 -449 448 -450 451 452 453 456 457 458 -100 -99
Segment 7 eval: start=PORT-583 end=PORT-588 stations=35 (optimize)
  Segment 7 order: 97 236 239 240 -241 242 -98 246 250 251 208 209 -201 200 198 199 202 203 204 -131 -129 130 -256 257 259 258 -128 -127 126 -125 -124 -264 268 269 270
Segment 8 eval: start=PORT-588 end=PORT-581 stations=50 (optimize)
  Segment 8 order: 118 119 -120 121 122 123 -266 -267 -265 -263 -262 -261 260 254 255 -205 210 211 -212 197 -196 -195 -194 -193 -217 -189 -188 -187 -186 -185 -184 183 182 226 178 -7 -6 10 11 12 13 14 143 15 16 17 18 -21 19 -20
Segment 9 eval: start=PORT-581 end=PORT-591 stations=31 (optimize)
  Segment 9 order: -93 -25 -5 -4 -3 -1 -225 -224 -222 -221 220 -216 206 -207 -472 471 -470 -469 -467 -466 474 -473 475 -117 -116 115 476 478 479 -477 308
Segment 10 eval: start=PORT-591 end=PORT-593 stations=24 (optimize)
  Segment 10 order: 366 -357 -356 -355 354 -352 -351 -350 -322 -533 -532 -531 -530 -529 -526 524 525 578 579 580 -523 -522 -521 -427
Segment 11 eval: start=PORT-593 end=PORT-584 stations=24 (optimize)
  Segment 11 order: 515 516 519 -520 -518 -517 428 429 430 431 432 433 -434 447 -446 -445 439 -511 -510 -509 -508 -507 -504 -503
Segment 12 eval: start=PORT-584 end=PORT-584 stations=10 (optimize)
  Segment 12 order: 489 482 483 463 -484 462 -486 487 488 -502
Segment 13 eval: start=PORT-584 end=BOAT-END stations=9 (optimize)
  Segment 13 order: -485 -461 -460 -459 -468 493 -492 -491 -490
Cap boundary debug: PORT-581 -> [93 25 5 4 3 1 225 224 221 220 216 206 207 472 471 470 469 467 466 474 473 475 117 116 115 476 477 478 479 308 222] -> PORT-591 -> [366 357 356 355 354 352 351 322 533 532 531 530 529 578 579 580 524 525 526 523 522 521 427 350] -> PORT-593 | load_left=44073 load_right=42446 cap=45000
Set parameter Username
Set parameter LicenseID to value 2738882
Academic license - for non-commercial use only - expires 2026-11-14
Set parameter TimeLimit to value 360
Set parameter Seed to value 767614782
Set parameter Threads to value 4
Set parameter OutputFlag to value 1
Set parameter LogToConsole to value 1
Set parameter LazyConstraints to value 1
Gurobi Optimizer version 13.0.0 build v13.0.0rc1 (linux64 - "Debian GNU/Linux 13 (trixie)")

CPU model: AMD Ryzen 9 5950X 16-Core Processor, instruction set [SSE2|AVX|AVX2]
Thread count: 16 physical cores, 32 logical processors, using up to 4 threads

Non-default parameters:
TimeLimit  360
Seed  767614782
Threads  4
LazyConstraints  1

Optimize a model with 14122 rows, 38988 columns and 77964 nonzeros (Min)
Model fingerprint: 0xc6447b65
Model has 12768 linear objective coefficients
Variable types: 25992 continuous, 12996 integer (12996 binary)
Coefficient statistics:
  Matrix range     [1e+00, 4e+04]
  Objective range  [5e-01, 1e+05]
  Bounds range     [1e+00, 4e+04]
  RHS range        [1e+00, 1e+04]
Presolve removed 1244 rows and 13733 columns
Presolve time: 0.12s
Presolved: 12878 rows, 25255 columns, 75617 nonzeros
Variable types: 12430 continuous, 12825 integer (12825 binary)

Root relaxation: objective 1.098624e+03, 31703 iterations, 2.62 seconds (7.93 work units)

    Nodes    |    Current Node    |     Objective Bounds      |     Work
 Expl Unexpl |  Obj  Depth IntInf | Incumbent    BestBd   Gap | It/Node Time

     0     0 1098.62421    0  206          - 1098.62421      -     -    2s
     0     0 1100.43175    0  235          - 1100.43175      -     -    3s
     0     0 1105.98116    0  277          - 1105.98116      -     -    5s
     0     0 1106.70624    0  284          - 1106.70624      -     -    5s
     0     0 1106.70659    0  284          - 1106.70659      -     -    5s
     0     0 1108.07996    0  285          - 1108.07996      -     -    6s
H    0     0                    101781.06511 1108.07996  98.9%     -    7s
H    0     0                    101720.66539 1108.07996  98.9%     -    7s
     0     0 1108.15613    0  283 101720.665 1108.15613  98.9%     -    7s
     0     0 1108.15722    0  284 101720.665 1108.15722  98.9%     -    7s
     0     0 1109.35863    0  270 101720.665 1109.35863  98.9%     -    8s
     0     0 1110.26013    0  289 101720.665 1110.26013  98.9%     -    8s
     0     0 1110.28519    0  289 101720.665 1110.28519  98.9%     -    8s
     0     0 1110.28519    0  289 101720.665 1110.28519  98.9%     -    8s
     0     0 1110.49067    0  278 101720.665 1110.49067  98.9%     -    9s
     0     0 1110.49067    0  281 101720.665 1110.49067  98.9%     -    9s
     0     0 1111.35812    0  291 101720.665 1111.35812  98.9%     -   10s
     0     0 1111.36663    0  288 101720.665 1111.36663  98.9%     -   10s
     0     0 1111.36670    0  288 101720.665 1111.36670  98.9%     -   10s
     0     0 1112.65873    0  286 101720.665 1112.65873  98.9%     -   11s
     0     0 1112.66228    0  288 101720.665 1112.66228  98.9%     -   11s
     0     0 1112.94625    0  285 101720.665 1112.94625  98.9%     -   11s
     0     0 1112.97026    0  289 101720.665 1112.97026  98.9%     -   11s
     0     0 1112.97341    0  294 101720.665 1112.97341  98.9%     -   11s
     0     0 1113.16416    0  293 101720.665 1113.16416  98.9%     -   12s
     0     0 1113.17095    0  293 101720.665 1113.17095  98.9%     -   12s
     0     0 1114.63957    0  279 101720.665 1114.63957  98.9%     -   13s
     0     0 1114.64150    0  279 101720.665 1114.64150  98.9%     -   13s
     0     0 1115.75059    0  300 101720.665 1115.75059  98.9%     -   14s
     0     0 1116.02226    0  298 101720.665 1116.02226  98.9%     -   14s
     0     0 1116.02235    0  303 101720.665 1116.02235  98.9%     -   14s
     0     0 1116.22706    0  287 101720.665 1116.22706  98.9%     -   15s
     0     0 1116.23043    0  289 101720.665 1116.23043  98.9%     -   15s
     0     0 1116.46117    0  286 101720.665 1116.46117  98.9%     -   15s
     0     0 1116.48268    0  287 101720.665 1116.48268  98.9%     -   15s
     0     0 1116.49140    0  286 101720.665 1116.49140  98.9%     -   15s
     0     0 1116.49152    0  295 101720.665 1116.49152  98.9%     -   15s
     0     0 1116.68525    0  285 101720.665 1116.68525  98.9%     -   16s
H    0     0                    101716.61669 1116.68945  98.9%     -   16s
H    0     0                    101707.90355 1116.68945  98.9%     -   16s
H    0     0                    101703.48292 1116.68945  98.9%     -   16s
H    0     0                    101700.60876 1116.68945  98.9%     -   16s
H    0     0                    101352.69925 1116.68945  98.9%     -   16s
H    0     0                    101350.21894 1116.68945  98.9%     -   17s
H    0     0                    101349.47687 1116.68945  98.9%     -   17s
     0     0 1116.69691    0  293 101349.477 1116.69691  98.9%     -   17s
     0     0 1116.69847    0  295 101349.477 1116.69847  98.9%     -   17s
     0     0 1116.88954    0  299 101349.477 1116.88954  98.9%     -   18s
H    0     0                    1860.5098176 1116.88954  40.0%     -   19s
     0     0 1116.88962    0  289 1860.50982 1116.88962  40.0%     -   19s
     0     0 1116.90539    0  294 1860.50982 1116.90539  40.0%     -   20s
     0     0 1116.90539    0  231 1860.50982 1116.90539  40.0%     -   21s
H    0     0                    1797.8864849 1116.90539  37.9%     -   22s
H    0     0                    1768.8483964 1116.90539  36.9%     -   22s
H    0     0                    1674.4800810 1116.90539  33.3%     -   22s
H    0     0                    1570.0706244 1116.90539  28.9%     -   22s
H    0     0                    1567.1334516 1116.90539  28.7%     -   22s
H    0     0                    1563.7728770 1116.90539  28.6%     -   22s
     0     0 1116.90539    0  265 1563.77288 1116.90539  28.6%     -   22s
     0     0 1116.90539    0  288 1563.77288 1116.90539  28.6%     -   22s
     0     0 1116.90539    0  290 1563.77288 1116.90539  28.6%     -   23s
     0     0 1117.44676    0  281 1563.77288 1117.44676  28.5%     -   23s
     0     0 1117.75484    0  291 1563.77288 1117.75484  28.5%     -   23s
     0     0 1118.13238    0  286 1563.77288 1118.13238  28.5%     -   23s
     0     0 1118.54582    0  277 1563.77288 1118.54582  28.5%     -   23s
     0     0 1118.79417    0  286 1563.77288 1118.79417  28.5%     -   23s
     0     0 1119.29471    0  288 1563.77288 1119.29471  28.4%     -   23s
     0     0 1119.85850    0  287 1563.77288 1119.85850  28.4%     -   23s
     0     0 1120.46191    0  288 1563.77288 1120.46191  28.3%     -   23s
     0     0 1120.53280    0  291 1563.77288 1120.53280  28.3%     -   23s
     0     0 1120.54882    0  288 1563.77288 1120.54882  28.3%     -   23s
     0     0 1120.57315    0  281 1563.77288 1120.57315  28.3%     -   24s
H    0     0                    1532.3576739 1120.57315  26.9%     -   24s
H    0     0                    1507.5816516 1120.57315  25.7%     -   25s
H    0     0                    1503.5329553 1120.57315  25.5%     -   25s
H    0     0                    1495.8320665 1120.57315  25.1%     -   25s
H    0     0                    1491.9226332 1120.57315  24.9%     -   25s
H    0     0                    1487.5173543 1120.57315  24.7%     -   25s
H    0     0                    1484.3363434 1120.57315  24.5%     -   25s
H    0     0                    1396.2258030 1120.57315  19.7%     -   25s
     0     0 1120.57322    0  281 1396.22580 1120.57322  19.7%     -   26s
     0     0 1120.63358    0  291 1396.22580 1120.63358  19.7%     -   27s
     0     0 1120.63398    0  290 1396.22580 1120.63398  19.7%     -   27s
     0     0 1121.01880    0  302 1396.22580 1121.01880  19.7%     -   28s
     0     0 1121.03080    0  293 1396.22580 1121.03080  19.7%     -   28s
     0     0 1121.03080    0  292 1396.22580 1121.03080  19.7%     -   28s
     0     0 1121.15945    0  302 1396.22580 1121.15945  19.7%     -   29s
     0     0 1121.17956    0  299 1396.22580 1121.17956  19.7%     -   30s
     0     0 1121.17956    0  302 1396.22580 1121.17956  19.7%     -   30s
     0     0 1121.17956    0  302 1396.22580 1121.17956  19.7%     -   30s
     0     0 1121.17956    0  302 1396.22580 1121.17956  19.7%     -   30s
     0     0 1121.17956    0  295 1396.22580 1121.17956  19.7%     -   30s
     0     0 1121.17956    0  295 1396.22580 1121.17956  19.7%     -   30s
     0     0 1121.18251    0  302 1396.22580 1121.18251  19.7%     -   31s
     0     0 1121.18251    0  302 1396.22580 1121.18251  19.7%     -   31s
     0     0 1121.20026    0  303 1396.22580 1121.20026  19.7%     -   31s
     0     0 1121.20630    0  305 1396.22580 1121.20630  19.7%     -   32s
     0     0 1121.22074    0  307 1396.22580 1121.22074  19.7%     -   32s
     0     0 1121.22577    0  304 1396.22580 1121.22577  19.7%     -   32s
     0     0 1121.22577    0  304 1396.22580 1121.22577  19.7%     -   32s
     0     0 1121.24195    0  309 1396.22580 1121.24195  19.7%     -   32s
     0     0 1121.25021    0  313 1396.22580 1121.25021  19.7%     -   32s
     0     0 1121.25021    0  314 1396.22580 1121.25021  19.7%     -   32s
     0     0 1121.56641    0  303 1396.22580 1121.56641  19.7%     -   32s
     0     0 1121.57220    0  307 1396.22580 1121.57220  19.7%     -   32s
     0     0 1121.57413    0  306 1396.22580 1121.57413  19.7%     -   32s
     0     0 1121.57771    0  307 1396.22580 1121.57771  19.7%     -   32s
     0     0 1121.57771    0  307 1396.22580 1121.57771  19.7%     -   32s
     0     0 1121.61950    0  309 1396.22580 1121.61950  19.7%     -   32s
     0     0 1121.61956    0  310 1396.22580 1121.61956  19.7%     -   32s
     0     0 1121.92194    0  305 1396.22580 1121.92194  19.6%     -   32s
     0     0 1121.93234    0  305 1396.22580 1121.93234  19.6%     -   32s
     0     0 1121.93828    0  310 1396.22580 1121.93828  19.6%     -   32s
     0     0 1121.93882    0  311 1396.22580 1121.93882  19.6%     -   32s
     0     0 1121.93882    0  311 1396.22580 1121.93882  19.6%     -   32s
     0     0 1121.98710    0  314 1396.22580 1121.98710  19.6%     -   32s
     0     0 1121.99586    0  312 1396.22580 1121.99586  19.6%     -   32s
     0     0 1121.99835    0  316 1396.22580 1121.99835  19.6%     -   32s
     0     0 1122.00411    0  317 1396.22580 1122.00411  19.6%     -   32s
     0     0 1122.00411    0  318 1396.22580 1122.00411  19.6%     -   32s
     0     0 1122.09911    0  309 1396.22580 1122.09911  19.6%     -   33s
     0     0 1122.10336    0  314 1396.22580 1122.10336  19.6%     -   33s
     0     0 1122.10336    0  315 1396.22580 1122.10336  19.6%     -   33s
     0     0 1122.10790    0  315 1396.22580 1122.10790  19.6%     -   33s
     0     0 1122.20422    0  316 1396.22580 1122.20422  19.6%     -   33s
     0     0 1122.20422    0  316 1396.22580 1122.20422  19.6%     -   33s
     0     0 1122.20422    0  318 1396.22580 1122.20422  19.6%     -   33s
     0     0 1122.28125    0  309 1396.22580 1122.28125  19.6%     -   33s
     0     0 1122.33671    0  311 1396.22580 1122.33671  19.6%     -   33s
     0     0 1122.33682    0  311 1396.22580 1122.33682  19.6%     -   33s
     0     0 1122.39875    0  315 1396.22580 1122.39875  19.6%     -   33s
     0     0 1122.44783    0  315 1396.22580 1122.44783  19.6%     -   33s
     0     0 1122.44783    0  314 1396.22580 1122.44783  19.6%     -   33s
     0     0 1122.44903    0  317 1396.22580 1122.44903  19.6%     -   33s
     0     0 1122.44903    0  316 1396.22580 1122.44903  19.6%     -   33s
     0     0 1122.45422    0  315 1396.22580 1122.45422  19.6%     -   33s
     0     0 1122.45785    0  315 1396.22580 1122.45785  19.6%     -   33s
     0     0 1122.45785    0  315 1396.22580 1122.45785  19.6%     -   33s
     0     0 1122.45785    0  311 1396.22580 1122.45785  19.6%     -   34s
     0     2 1122.47279    0  309 1396.22580 1122.47279  19.6%     -   34s
    20    28 1126.06158    5  290 1396.22580 1122.91595  19.6%   121   35s
H  231   231                    1394.6221659 1122.91595  19.5%   197   38s
   386   427 1259.18282  105  187 1394.62217 1122.91595  19.5%   178   40s
H  827   772                    1394.5351170 1123.05682  19.5%   143   42s
H  830   772                    1391.4738272 1123.05682  19.3%   143   42s
  1137  1064 1146.70570   14  294 1391.47383 1123.05682  19.3%   129   46s
  1141  1067 1207.93289   23  306 1391.47383 1123.05682  19.3%   129   50s
  1170  1086 1214.58575   31  326 1391.47383 1134.42180  18.5%   126   55s
H 1177  1035                    1390.2539922 1140.79322  17.9%   125   56s
  1192  1045 1234.90033   54  306 1390.25399 1161.94096  16.4%   123   61s
  1212  1058 1218.97877   52  286 1390.25399 1162.55809  16.4%   121   65s
  1231  1071 1228.28641   55  324 1390.25399 1164.04859  16.3%   120   70s
  1259  1089 1312.25489   97  322 1390.25399 1166.18102  16.1%   117   75s
  1280  1103 1166.20551   16  329 1390.25399 1166.20551  16.1%   115   80s
  1302  1119 1220.37239   40  288 1390.25399 1166.20551  16.1%   141   85s
  1327  1136 1267.23163  147  295 1390.25399 1168.70608  15.9%   138   90s
  1343  1146 1168.80406   10  290 1390.25399 1168.80406  15.9%   137   95s
  1357  1156 1245.88639   84  293 1390.25399 1168.96290  15.9%   135  100s
  1386  1175 1241.31193   74  284 1390.25399 1170.06561  15.8%   132  105s
  1410  1191 1285.93656  137  285 1390.25399 1170.06561  15.8%   130  110s
  1472  1237 1179.49959   32  244 1390.25399 1174.39789  15.5%   184  115s
  1564  1292 1185.60145   42  241 1390.25399 1174.39789  15.5%   210  120s
  1625  1325 1215.90962   49  158 1390.25399 1174.39789  15.5%   229  125s
  1894  1416 1284.36688   88   58 1390.25399 1174.39789  15.5%   236  130s
  2110  1505 1244.92513  118   91 1390.25399 1174.39789  15.5%   241  135s
  2521  1551 1251.77163   34   82 1390.25399 1174.47858  15.5%   253  140s
  2880  1689 1263.76555   57   68 1390.25399 1175.11409  15.5%   282  145s
  3665  1855 1263.95644   75   80 1390.25399 1177.31424  15.3%   262  150s
  4317  2250 1264.20752   98   48 1390.25399 1177.31424  15.3%   265  155s
  4997  2427 1273.01736  136   28 1390.25399 1177.31424  15.3%   264  160s
  5828  2936 1203.66866   35  172 1390.25399 1178.10641  15.3%   242  165s
  6740  3414 1221.18490   59  165 1390.25399 1186.83385  14.6%   230  170s
  8175  4253 1266.13049   58  140 1390.25399 1187.02430  14.6%   226  176s
  9225  5065 1221.53810   61  162 1390.25399 1188.10784  14.5%   217  180s
 10376  6194 1249.70294   52  151 1390.25399 1190.45564  14.4%   211  186s
 11441  6677     cutoff  185      1390.25399 1190.45564  14.4%   211  192s
 12715  7727 1357.72879  153  151 1390.25399 1196.53622  13.9%   205  197s
 13404  8211 1200.35977   33  191 1390.25399 1196.53622  13.9%   199  200s
 14631  8709 1332.54053   46  200 1390.25399 1198.49283  13.8%   198  207s
 15484  9242 1332.66482  146   95 1390.25399 1198.49283  13.8%   199  212s
 17074 10213 1255.56642   58  120 1390.25399 1198.49283  13.8%   196  217s
 17627 10368 1312.43985  147   36 1390.25399 1198.49283  13.8%   197  220s
 19477 11634 1311.67400   67   96 1390.25399 1200.05559  13.7%   196  227s
 20878 12505 1312.48122   61   95 1390.25399 1200.23841  13.7%   194  231s
 22374 13728 1288.52818   57  132 1390.25399 1200.98507  13.6%   189  237s
 23167 13860 1367.20356  136   36 1390.25399 1200.98507  13.6%   186  240s
 24222 14898 1293.52424   61   74 1390.25399 1201.51618  13.6%   187  246s
 25400 15841 1318.17238  366   49 1390.25399 1201.51618  13.6%   187  251s
 27027 16856 1367.39897  146  107 1390.25399 1202.01844  13.5%   183  255s
 29243 18959 1308.14473  660   55 1390.25399 1202.23784  13.5%   177  261s
 30755 20001 1278.60461   67   90 1390.25399 1202.72144  13.5%   174  265s
 32878 21972 1280.17586  456   47 1390.25399 1202.72144  13.5%   170  271s
 35183 23568 1316.21917  143   32 1390.25399 1203.04363  13.5%   165  276s
 36629 24622 1264.13997   60  128 1390.25399 1203.13104  13.5%   163  280s
 38392 25949 1268.10954  418   71 1390.25399 1203.15736  13.5%   161  285s
 39874 26666 1295.56543  153  146 1390.25399 1203.15736  13.5%   162  290s
 41622 28309 1316.76552   80   80 1390.25399 1203.45715  13.4%   161  296s
 43800 29921 1273.71500  329   55 1390.25399 1203.45715  13.4%   159  300s
 45748 31219 1304.86832  107   55 1390.25399 1203.84088  13.4%   158  305s
 47683 32434 1287.31378   79   78 1390.25399 1204.18742  13.4%   156  311s
 49050 33248 1288.89051  326   94 1390.25399 1204.22951  13.4%   156  316s
 50351 34454 1354.58580   84   71 1390.25399 1204.33008  13.4%   156  321s
 51933 35687 1277.60829   52  117 1390.25399 1204.50078  13.4%   156  325s
 53675 37000 1305.40752   69   61 1390.25399 1204.50078  13.4%   155  331s
 55329 38226 1306.88082  428   11 1390.25399 1204.56298  13.4%   154  336s
 56776 39245 1256.81849   41  159 1390.25399 1204.86635  13.3%   153  340s
 58395 40613 1324.07020  302   70 1390.25399 1204.87523  13.3%   153  345s
 59742 41286 1329.31191  223   98 1390.25399 1204.87523  13.3%   153  350s
 61146 42369 1372.64039  459  120 1390.25399 1204.87523  13.3%   153  355s
 63133 43320 1224.13901   45  168 1390.25399 1205.41309  13.3%   154  360s

Cutting planes:
  Gomory: 1
  Cover: 12
  Implied bound: 139
  Projected implied bound: 12
  Clique: 1
  MIR: 140
  Flow cover: 148
  GUB cover: 2
  Inf proof: 9
  Zero half: 20
  RLT: 8
  Relax-and-lift: 40
  BQP: 3

Explored 63172 nodes (9786719 simplex iterations) in 360.00 seconds (1277.29 work units)
Thread count was 4 (of 32 available processors)

Solution count 10: 1390.25 1391.47 1394.54 ... 1503.53

Time limit reached
Best objective 1.390253992211e+03, best bound 1.205413091243e+03, gap 13.2955%

User-callback calls 172741, time in user-callback 0.01 sec
Cap boundary opt: PORT-591 stations=55 obj=1390.254 real=1390.254 baseline=1398.518
Set parameter Username
Set parameter LicenseID to value 2738882
Academic license - for non-commercial use only - expires 2026-11-14
Segment 1 eval: start=BOAT-0 end=PORT-583 stations=47 (optimize)
  Segment 1 order: -501 -500 -499 -498 -497 -496 -495 112 113 -494 114 -275 -111 -274 -107 -106 -105 104 -103 -102 -101 108 109 110 -273 -272 271 253 252 249 -248 -247 -245 -244 -243 -238 237 -215 -214 213 -192 218 -191 190 219 223 -135
Segment 2 eval: start=PORT-583 end=PORT-581 stations=61 (optimize)
  Segment 2 order: 133 134 -132 -181 230 232 233 234 -235 231 -227 228 229 -180 -179 -154 -153 -157 -156 -155 -173 -172 174 175 -176 -177 171 -170 -169 -168 -167 -166 -165 -164 -163 -162 -161 -160 159 158 -150 -149 -148 -147 -146 -145 -144 -142 -9 -8 -141 -140 -139 151 -152 -138 -137 -136 -2 -94 -92
Segment 3 eval: start=PORT-581 end=PORT-591 stations=79 (optimize)
  Segment 3 order: 56 55 -54 -53 -52 -51 -50 -49 -48 -39 -38 -37 66 67 68 69 -36 -35 -32 -31 -29 -27 26 28 30 -33 -34 41 42 43 44 45 46 -40 47 396 397 -398 -395 -394 -393 -392 -391 -390 -389 -388 -387 402 -403 385 -384 -383 -382 -414 -413 412 -409 408 -410 411 380 378 -379 -377 -376 -375 374 -373 -372 -371 -370 369 359 360 -358 -353 -349 -326 328
Segment 4 eval: start=PORT-591 end=PORT-593 stations=80 (optimize)
  Segment 4 order: 276 277 278 279 280 -341 -340 -320 -319 -318 -317 -316 281 557 -556 282 283 -284 555 558 559 -560 561 -562 -554 553 550 551 552 285 286 287 315 -314 313 -312 -288 -311 -309 -310 289 290 291 292 293 294 -307 303 -304 -302 -301 -300 -299 298 305 306 295 296 -297 -547 549 548 -546 -545 541 542 543 540 -544 -539 -538 -537 536 -535 -534 573 574 -577 575 528
Segment 5 eval: start=PORT-593 end=PORT-591 stations=88 (optimize)
  Segment 5 order: 454 455 464 465 480 -481 -95 90 -89 88 -87 86 -85 -84 -83 -82 -81 -80 -91 96 -24 -23 -22 79 -78 -77 -70 -76 75 72 73 -74 -71 65 -63 64 57 59 -58 60 61 62 -386 -401 400 399 407 -406 -405 -404 -415 416 418 419 420 421 -423 -422 424 -417 425 381 426 -368 -367 -365 364 363 362 361 -348 -332 -331 -330 -329 327 -325 -324 -323 -321 -339 -338 -337 -336 -335 -334 -333 347
Segment 6 eval: start=PORT-591 end=PORT-583 stations=42 (optimize)
  Segment 6 order: -346 -345 -344 -343 -342 -566 563 564 565 567 568 569 570 571 572 576 -527 -514 -513 -512 -436 435 438 -437 -440 441 442 443 444 -506 -505 -449 448 -450 451 452 453 456 457 458 -100 -99
Segment 7 eval: start=PORT-583 end=PORT-588 stations=35 (optimize)
  Segment 7 order: 97 236 239 240 -241 242 -98 246 250 251 208 209 -201 200 198 199 202 203 204 -131 -129 130 -256 257 259 258 -128 -127 126 -125 -124 -264 268 269 270
Segment 8 eval: start=PORT-588 end=PORT-581 stations=50 (optimize)
  Segment 8 order: 118 119 -120 121 122 123 -266 -267 -265 -263 -262 -261 260 254 255 -205 210 211 -212 197 -196 -195 -194 -193 -217 -189 -188 -187 -186 -185 -184 183 182 226 178 -7 -6 10 11 12 13 14 143 15 16 17 18 -21 19 -20
Segment 9 eval: start=PORT-581 end=PORT-591 stations=32 (optimize)
  Segment 9 order: -93 -25 -5 -4 -3 -1 -225 -224 -222 -221 220 -216 206 -207 -472 471 -470 -469 -467 -466 474 -473 475 -117 -116 115 476 478 479 -477 532 308
Segment 10 eval: start=PORT-591 end=PORT-593 stations=23 (optimize)
  Segment 10 order: 366 -357 -356 -355 354 -352 -351 -350 -322 -533 531 -530 -529 -526 524 525 578 579 580 -523 -522 -521 -427
Segment 11 eval: start=PORT-593 end=PORT-584 stations=24 (optimize)
  Segment 11 order: 515 516 519 -520 -518 -517 428 429 430 431 432 433 -434 447 -446 -445 439 -511 -510 -509 -508 -507 -504 -503
Segment 12 eval: start=PORT-584 end=PORT-584 stations=10 (optimize)
  Segment 12 order: 489 482 483 463 -484 462 -486 487 488 -502
Segment 13 eval: start=PORT-584 end=BOAT-END stations=9 (optimize)
  Segment 13 order: -485 -461 -460 -459 -468 493 -492 -491 -490
Cap boundary debug: PORT-591 -> [366 357 356 355 354 352 351 350 322 533 531 530 529 526 524 525 578 579 580 523 522 521 427] -> PORT-593 -> [515 516 519 520 518 517 428 429 430 431 432 433 434 447 446 445 439 511 510 509 508 507 504 503] -> PORT-584 | load_left=41725 load_right=35970 cap=45000
Set parameter Username
Set parameter LicenseID to value 2738882
Academic license - for non-commercial use only - expires 2026-11-14
Set parameter TimeLimit to value 360
Set parameter Seed to value 889270157
Set parameter Threads to value 4
Set parameter OutputFlag to value 1
Set parameter LogToConsole to value 1
Set parameter LazyConstraints to value 1
Gurobi Optimizer version 13.0.0 build v13.0.0rc1 (linux64 - "Debian GNU/Linux 13 (trixie)")

CPU model: AMD Ryzen 9 5950X 16-Core Processor, instruction set [SSE2|AVX|AVX2]
Thread count: 16 physical cores, 32 logical processors, using up to 4 threads

Non-default parameters:
TimeLimit  360
Seed  889270157
Threads  4
LazyConstraints  1

Optimize a model with 10570 rows, 28812 columns and 57612 nonzeros (Min)
Model fingerprint: 0xe520572e
Model has 9408 linear objective coefficients
Variable types: 19208 continuous, 9604 integer (9604 binary)
Coefficient statistics:
  Matrix range     [1e+00, 4e+04]
  Objective range  [5e-01, 1e+05]
  Bounds range     [1e+00, 4e+04]
  RHS range        [1e+00, 1e+04]
Presolve removed 1068 rows and 10237 columns
Presolve time: 0.09s
Presolved: 9502 rows, 18575 columns, 55630 nonzeros
Variable types: 9118 continuous, 9457 integer (9457 binary)

Root relaxation: objective 5.781304e+02, 18683 iterations, 0.95 seconds (2.92 work units)

    Nodes    |    Current Node    |     Objective Bounds      |     Work
 Expl Unexpl |  Obj  Depth IntInf | Incumbent    BestBd   Gap | It/Node Time

     0     0  578.13039    0  171          -  578.13039      -     -    1s
H    0     0                    1101.7642014  578.13039  47.5%     -    1s
H    0     0                    1100.3999664  578.13039  47.5%     -    1s
H    0     0                    1100.2180471  578.13039  47.5%     -    1s
H    0     0                    1100.1808353  578.13039  47.5%     -    1s
H    0     0                    1028.0494013  578.13039  43.8%     -    1s
H    0     0                    1019.9458023  578.13039  43.3%     -    1s
H    0     0                    1018.0515429  578.13039  43.2%     -    1s
H    0     0                    1016.0194341  578.13039  43.1%     -    1s
H    0     0                     958.1374992  578.13039  39.7%     -    1s
H    0     0                     956.9975675  578.13039  39.6%     -    2s
H    0     0                     950.2117540  578.13039  39.2%     -    2s
H    0     0                     944.5138130  578.13039  38.8%     -    2s
     0     0  578.43480    0  169  944.51381  578.43480  38.8%     -    2s
     0     0  593.71352    0  195  944.51381  593.71352  37.1%     -    3s
     0     0  593.71352    0  170  944.51381  593.71352  37.1%     -    3s
H    0     0                     903.7007225  593.71352  34.3%     -    3s
H    0     0                     897.0767561  593.71352  33.8%     -    3s
H    0     0                     890.8873193  593.71352  33.4%     -    3s
     0     0  595.13929    0  201  890.88732  595.13929  33.2%     -    4s
H    0     0                     852.3686062  597.67570  29.9%     -    4s
H    0     0                     812.3637163  597.67570  26.4%     -    4s
H    0     0                     811.5700936  597.67570  26.4%     -    4s
H    0     0                     804.8549715  597.67570  25.7%     -    4s
H    0     0                     804.4827478  597.67570  25.7%     -    4s
H    0     0                     803.2654249  597.67570  25.6%     -    4s
H    0     0                     775.6139213  597.67570  22.9%     -    5s
H    0     0                     775.6129673  597.67570  22.9%     -    5s
H    0     0                     775.5739940  597.67570  22.9%     -    5s
H    0     0                     775.5678959  597.67570  22.9%     -    5s
     0     0  597.67570    0  204  775.56790  597.67570  22.9%     -    5s
     0     0  597.67570    0  204  775.56790  597.67570  22.9%     -    5s
     0     0  601.34676    0  236  775.56790  601.34676  22.5%     -    5s
     0     0  602.03838    0  227  775.56790  602.03838  22.4%     -    5s
     0     0  602.03838    0  227  775.56790  602.03838  22.4%     -    5s
     0     0  605.93995    0  237  775.56790  605.93995  21.9%     -    6s
     0     0  605.97017    0  250  775.56790  605.97017  21.9%     -    6s
     0     0  605.97017    0  250  775.56790  605.97017  21.9%     -    6s
     0     0  608.35419    0  251  775.56790  608.35419  21.6%     -    7s
H    0     0                     763.2996272  622.23326  18.5%     -    7s
     0     0  622.23326    0  254  763.29963  622.23326  18.5%     -    7s
     0     0  622.23326    0  255  763.29963  622.23326  18.5%     -    7s
     0     0  622.23326    0  255  763.29963  622.23326  18.5%     -    7s
     0     0  622.23326    0  260  763.29963  622.23326  18.5%     -    7s
     0     0  622.23326    0  258  763.29963  622.23326  18.5%     -    7s
     0     0  622.23326    0  261  763.29963  622.23326  18.5%     -    7s
     0     0  622.23326    0  267  763.29963  622.23326  18.5%     -    7s
     0     0  622.23326    0  269  763.29963  622.23326  18.5%     -    7s
     0     0  622.23326    0  274  763.29963  622.23326  18.5%     -    7s
     0     0  622.23326    0  267  763.29963  622.23326  18.5%     -    7s
     0     0  622.23326    0  267  763.29963  622.23326  18.5%     -    7s
     0     0  622.23326    0  267  763.29963  622.23326  18.5%     -    7s
     0     0  622.23326    0  269  763.29963  622.23326  18.5%     -    8s
     0     0  641.95495    0  237  763.29963  641.95495  15.9%     -    8s
     0     0  642.12776    0  234  763.29963  642.12776  15.9%     -    8s
     0     0  642.14328    0  238  763.29963  642.14328  15.9%     -    8s
     0     0  642.14489    0  244  763.29963  642.14489  15.9%     -    8s
     0     0  642.41895    0  250  763.29963  642.41895  15.8%     -    8s
     0     0  642.62508    0  244  763.29963  642.62508  15.8%     -    8s
     0     0  642.62508    0  244  763.29963  642.62508  15.8%     -    8s
     0     0  642.68363    0  248  763.29963  642.68363  15.8%     -    9s
     0     0  642.71126    0  248  763.29963  642.71126  15.8%     -    9s
     0     0  642.71126    0  248  763.29963  642.71126  15.8%     -    9s
     0     0  642.71126    0  248  763.29963  642.71126  15.8%     -    9s
     0     2  645.21830    0  248  763.29963  645.21830  15.5%     -    9s
    50    60  670.91126    8  126  763.29963  651.79408  14.6%   283   10s
H  417   439                     736.2497698  651.79408  11.5%  93.8   11s
H  986   982                     736.0262201  652.10687  11.4%  64.0   12s
H  992   975                     722.9801464  652.10687  9.80%  63.9   12s
H 1061  1030                     720.1605102  652.10687  9.45%  64.2   12s
H 1185  1140                     719.9369605  652.10687  9.42%  64.1   12s
  1205  1142  684.83013  245  169  719.93696  652.10687  9.42%  63.9   15s
H 1235  1103                     717.1234510  667.70581  6.89%  62.4   19s
  1243  1110  680.40613  114  176  717.12345  668.37077  6.80%  77.8   20s
  1276  1132  702.84908  279  251  717.12345  673.10349  6.14%  75.8   25s
  1394  1173     cutoff   44       717.12345  673.87751  6.03%   107   30s
  2821  1451  684.46352   38  146  717.12345  677.17654  5.57%  96.9   35s
  4526  1902  705.62187   72   95  717.12345  679.34506  5.27%  97.8   40s
H 5256  2270                     717.1234462  680.41567  5.12%  96.0   41s
  6755  3109  705.09772   49   75  717.12345  681.74584  4.93%  96.2   45s
  8598  4345  708.33393   45   68  717.12345  683.20086  4.73%  97.5   50s
 11025  5774  707.81495   53  107  717.12345  684.92595  4.49%  97.1   55s
 13976  7592  694.19156   47   77  717.12345  686.77255  4.23%  98.0   61s
H14098  7592                     717.1234436  686.77255  4.23%  97.6   61s
 16337  8585  696.56118   45  107  717.12344  687.75527  4.10%  98.3   65s
 18015  8977  699.69074   45  128  717.12344  689.15115  3.90%   103   70s
 19430  9423  709.96008   44  116  717.12344  690.40242  3.73%   110   75s
 20659  9705     cutoff   55       717.12344  691.57619  3.56%   116   80s
 22494 10034  708.63431   42   79  717.12344  693.21985  3.33%   121   85s
 23661  9735 infeasible   42       717.12344  694.94501  3.09%   127   90s
 25491  9286  713.41246   58   97  717.12344  697.30955  2.76%   134   95s
 27361  8751  713.33598   53   71  717.12344  699.11475  2.51%   137  101s
 28664  7934     cutoff   51       717.12344  700.59575  2.30%   141  105s
 30413  6997     cutoff   91       717.12344  702.51084  2.04%   145  110s
 32821  5426     cutoff   92       717.12344  704.92961  1.70%   148  116s
 34498  4076     cutoff   41       717.12344  706.75448  1.45%   151  120s
 37216  1672     cutoff   58       717.12344  710.43992  0.93%   153  125s

Cutting planes:
  Gomory: 4
  Cover: 15
  Implied bound: 110
  Projected implied bound: 17
  MIR: 132
  Flow cover: 188
  GUB cover: 1
  Inf proof: 24
  Zero half: 39
  RLT: 12
  Relax-and-lift: 30
  BQP: 8

Explored 39672 nodes (6008129 simplex iterations) in 128.38 seconds (476.97 work units)
Thread count was 4 (of 32 available processors)

Solution count 10: 717.123 719.937 720.161 ... 775.613

Optimal solution found (tolerance 1.00e-04)
Best objective 7.171234435691e+02, best bound 7.171234435691e+02, gap 0.0000%

User-callback calls 94029, time in user-callback 0.00 sec
Cap boundary opt: PORT-593 stations=47 obj=717.123 real=717.123 baseline=742.198
Set parameter Username
Set parameter LicenseID to value 2738882
Academic license - for non-commercial use only - expires 2026-11-14
Segment 1 eval: start=BOAT-0 end=PORT-583 stations=47 (optimize)
  Segment 1 order: -501 -500 -499 -498 -497 -496 -495 112 113 -494 114 -275 -111 -274 -107 -106 -105 104 -103 -102 -101 108 109 110 -273 -272 271 253 252 249 -248 -247 -245 -244 -243 -238 237 -215 -214 213 -192 218 -191 190 219 223 -135
Segment 2 eval: start=PORT-583 end=PORT-581 stations=61 (optimize)
  Segment 2 order: 133 134 -132 -181 230 232 233 234 -235 231 -227 228 229 -180 -179 -154 -153 -157 -156 -155 -173 -172 174 175 -176 -177 171 -170 -169 -168 -167 -166 -165 -164 -163 -162 -161 -160 159 158 -150 -149 -148 -147 -146 -145 -144 -142 -9 -8 -141 -140 -139 151 -152 -138 -137 -136 -2 -94 -92
Segment 3 eval: start=PORT-581 end=PORT-591 stations=79 (optimize)
  Segment 3 order: 56 55 -54 -53 -52 -51 -50 -49 -48 -39 -38 -37 66 67 68 69 -36 -35 -32 -31 -29 -27 26 28 30 -33 -34 41 42 43 44 45 46 -40 47 396 397 -398 -395 -394 -393 -392 -391 -390 -389 -388 -387 402 -403 385 -384 -383 -382 -414 -413 412 -409 408 -410 411 380 378 -379 -377 -376 -375 374 -373 -372 -371 -370 369 359 360 -358 -353 -349 -326 328
Segment 4 eval: start=PORT-591 end=PORT-593 stations=80 (optimize)
  Segment 4 order: 276 277 278 279 280 -341 -340 -320 -319 -318 -317 -316 281 557 -556 282 283 -284 555 558 559 -560 561 -562 -554 553 550 551 552 285 286 287 315 -314 313 -312 -288 -311 -309 -310 289 290 291 292 293 294 -307 303 -304 -302 -301 -300 -299 298 305 306 295 296 -297 -547 549 548 -546 -545 541 542 543 540 -544 -539 -538 -537 536 -535 -534 573 574 -577 575 528
Segment 5 eval: start=PORT-593 end=PORT-591 stations=88 (optimize)
  Segment 5 order: 454 455 464 465 480 -481 -95 90 -89 88 -87 86 -85 -84 -83 -82 -81 -80 -91 96 -24 -23 -22 79 -78 -77 -70 -76 75 72 73 -74 -71 65 -63 64 57 59 -58 60 61 62 -386 -401 400 399 407 -406 -405 -404 -415 416 418 419 420 421 -423 -422 424 -417 425 381 426 -368 -367 -365 364 363 362 361 -348 -332 -331 -330 -329 327 -325 -324 -323 -321 -339 -338 -337 -336 -335 -334 -333 347
Segment 6 eval: start=PORT-591 end=PORT-583 stations=42 (optimize)
  Segment 6 order: -346 -345 -344 -343 -342 -566 563 564 565 567 568 569 570 571 572 576 -527 -514 -513 -512 -436 435 438 -437 -440 441 442 443 444 -506 -505 -449 448 -450 451 452 453 456 457 458 -100 -99
Segment 7 eval: start=PORT-583 end=PORT-588 stations=35 (optimize)
  Segment 7 order: 97 236 239 240 -241 242 -98 246 250 251 208 209 -201 200 198 199 202 203 204 -131 -129 130 -256 257 259 258 -128 -127 126 -125 -124 -264 268 269 270
Segment 8 eval: start=PORT-588 end=PORT-581 stations=50 (optimize)
  Segment 8 order: 118 119 -120 121 122 123 -266 -267 -265 -263 -262 -261 260 254 255 -205 210 211 -212 197 -196 -195 -194 -193 -217 -189 -188 -187 -186 -185 -184 183 182 226 178 -7 -6 10 11 12 13 14 143 15 16 17 18 -21 19 -20
Segment 9 eval: start=PORT-581 end=PORT-591 stations=32 (optimize)
  Segment 9 order: -93 -25 -5 -4 -3 -1 -225 -224 -222 -221 220 -216 206 -207 -472 471 -470 -469 -467 -466 474 -473 475 -117 -116 115 476 478 479 -477 532 308
Segment 10 eval: start=PORT-591 end=PORT-593 stations=23 (optimize)
  Segment 10 order: 366 -357 -356 -355 354 -352 -351 -350 -322 -533 531 -530 -529 -526 524 525 578 579 580 -523 -522 -521 -520
Segment 11 eval: start=PORT-593 end=PORT-584 stations=24 (optimize)
  Segment 11 order: 515 516 -519 -518 -517 -427 428 429 430 431 432 433 -434 447 -446 -445 439 -511 -510 -509 -508 -507 -504 -503
Segment 12 eval: start=PORT-584 end=PORT-584 stations=10 (optimize)
  Segment 12 order: 489 482 483 463 -484 462 -486 487 488 -502
Segment 13 eval: start=PORT-584 end=BOAT-END stations=9 (optimize)
  Segment 13 order: -485 -461 -460 -459 -468 493 -492 -491 -490
Cap boundary debug: PORT-593 -> [515 516 519 518 517 427 428 429 430 431 432 433 434 447 446 445 439 511 510 509 508 507 504 503] -> PORT-584 -> [489 482 483 463 484 462 486 487 488 502] -> PORT-584 | load_left=32956 load_right=11740 cap=45000
Set parameter Username
Set parameter LicenseID to value 2738882
Academic license - for non-commercial use only - expires 2026-11-14
Set parameter TimeLimit to value 360
Set parameter Seed to value 277048743
Set parameter Threads to value 4
Set parameter OutputFlag to value 1
Set parameter LogToConsole to value 1
Set parameter LazyConstraints to value 1
Gurobi Optimizer version 13.0.0 build v13.0.0rc1 (linux64 - "Debian GNU/Linux 13 (trixie)")

CPU model: AMD Ryzen 9 5950X 16-Core Processor, instruction set [SSE2|AVX|AVX2]
Thread count: 16 physical cores, 32 logical processors, using up to 4 threads

Non-default parameters:
TimeLimit  360
Seed  277048743
Threads  4
LazyConstraints  1

Optimize a model with 5890 rows, 15552 columns and 31092 nonzeros (Min)
Model fingerprint: 0xad28eb2b
Model has 5036 linear objective coefficients
Variable types: 10368 continuous, 5184 integer (5184 binary)
Coefficient statistics:
  Matrix range     [1e+00, 4e+04]
  Objective range  [8e-01, 2e+02]
  Bounds range     [1e+00, 4e+04]
  RHS range        [1e+00, 7e+03]
Presolve removed 782 rows and 5648 columns
Presolve time: 0.05s
Presolved: 5108 rows, 9904 columns, 29693 nonzeros
Variable types: 4828 continuous, 5076 integer (5076 binary)
Found heuristic solution: objective 716.0236064
Found heuristic solution: objective 643.5264803

Root relaxation: objective 2.419196e+02, 10182 iterations, 0.35 seconds (1.00 work units)

    Nodes    |    Current Node    |     Objective Bounds      |     Work
 Expl Unexpl |  Obj  Depth IntInf | Incumbent    BestBd   Gap | It/Node Time

     0     0  241.91962    0   98  643.52648  241.91962  62.4%     -    0s
H    0     0                     459.7524315  241.91962  47.4%     -    0s
H    0     0                     439.6488150  241.91962  45.0%     -    0s
H    0     0                     436.8282338  241.91962  44.6%     -    0s
H    0     0                     432.3881744  241.91962  44.1%     -    0s
H    0     0                     426.7450417  241.91962  43.3%     -    0s
H    0     0                     403.5566404  241.91962  40.1%     -    0s
H    0     0                     393.3737561  241.91962  38.5%     -    0s
H    0     0                     389.8917748  241.91962  38.0%     -    0s
H    0     0                     376.2385372  241.91962  35.7%     -    0s
H    0     0                     368.4283803  241.91962  34.3%     -    0s
     0     0  246.42083    0  139  368.42838  246.42083  33.1%     -    0s
H    0     0                     362.3595066  246.42083  32.0%     -    0s
H    0     0                     359.5385906  246.42083  31.5%     -    0s
H    0     0                     355.1846654  246.42083  30.6%     -    0s
H    0     0                     353.8244618  246.42083  30.4%     -    0s
H    0     0                     342.5624828  246.42083  28.1%     -    1s
H    0     0                     341.6222865  246.42083  27.9%     -    1s
H    0     0                     340.0951664  246.42083  27.5%     -    1s
H    0     0                     339.8716167  246.42083  27.5%     -    1s
H    0     0                     338.1036181  246.42083  27.1%     -    1s
     0     0  246.64433    0  126  338.10362  246.64433  27.1%     -    1s
     0     0  247.56347    0  129  338.10362  247.56347  26.8%     -    1s
     0     0  247.57593    0  131  338.10362  247.57593  26.8%     -    1s
     0     0  253.11480    0  137  338.10362  253.11480  25.1%     -    1s
     0     0  274.50843    0  146  338.10362  274.50843  18.8%     -    1s
     0     0  274.50843    0  147  338.10362  274.50843  18.8%     -    1s
     0     0  276.95325    0  136  338.10362  276.95325  18.1%     -    1s
     0     0  276.95325    0  100  338.10362  276.95325  18.1%     -    1s
H    0     0                     337.0125390  276.95325  17.8%     -    1s
H    0     0                     333.5547931  276.95325  17.0%     -    2s
H    0     0                     327.4805340  276.95325  15.4%     -    2s
     0     0  276.95325    0  130  327.48053  276.95325  15.4%     -    2s
H    0     0                     321.4920709  276.95325  13.9%     -    2s
     0     0  276.95325    0  139  321.49207  276.95325  13.9%     -    2s
     0     0  276.95325    0  140  321.49207  276.95325  13.9%     -    2s
     0     0  276.95325    0  132  321.49207  276.95325  13.9%     -    2s
     0     0  276.95325    0  135  321.49207  276.95325  13.9%     -    2s
     0     0  276.95325    0  136  321.49207  276.95325  13.9%     -    2s
     0     0  276.95325    0  137  321.49207  276.95325  13.9%     -    2s
     0     0  276.95329    0  135  321.49207  276.95329  13.9%     -    2s
     0     0  285.49452    0  153  321.49207  285.49452  11.2%     -    2s
     0     0  285.49892    0  153  321.49207  285.49892  11.2%     -    2s
     0     0  287.80902    0  147  321.49207  287.80902  10.5%     -    2s
     0     0  287.80902    0   97  321.49207  287.80902  10.5%     -    2s
     0     0  287.80902    0  137  321.49207  287.80902  10.5%     -    3s
     0     0  287.80902    0  145  321.49207  287.80902  10.5%     -    3s
     0     0  287.90186    0  144  321.49207  287.90186  10.4%     -    3s
     0     0  287.90772    0  140  321.49207  287.90772  10.4%     -    3s
     0     0  287.93549    0  144  321.49207  287.93549  10.4%     -    3s
     0     0  287.95052    0  146  321.49207  287.95052  10.4%     -    3s
     0     0  287.98025    0  154  321.49207  287.98025  10.4%     -    3s
H    0     0                     315.6822861  287.98176  8.77%     -    3s
     0     0  287.98176    0  154  315.68229  287.98176  8.77%     -    3s
     0     0  291.73581    0  140  315.68229  291.73581  7.59%     -    3s
     0     0  291.92258    0  147  315.68229  291.92258  7.53%     -    3s
     0     0  291.92258    0  146  315.68229  291.92258  7.53%     -    3s
     0     0  292.85796    0  142  315.68229  292.85796  7.23%     -    3s
     0     0  292.85796    0   88  315.68229  292.85796  7.23%     -    3s
     0     0  292.85796    0  137  315.68229  292.85796  7.23%     -    4s
     0     0  292.85796    0  116  315.68229  292.85796  7.23%     -    4s
     0     0  292.85796    0   96  315.68229  292.85796  7.23%     -    4s
     0     0  292.85796    0   96  315.68229  292.85796  7.23%     -    4s
     0     0  292.90926    0  120  315.68229  292.90926  7.21%     -    4s
     0     0  294.54721    0  132  315.68229  294.54721  6.70%     -    4s
H    0     0                     308.9859966  294.54721  4.67%     -    4s
     0     0  294.57591    0  130  308.98600  294.57591  4.66%     -    4s
     0     0  294.57591    0  128  308.98600  294.57591  4.66%     -    4s
     0     0  294.57591    0   97  308.98600  294.57591  4.66%     -    4s
H    0     0                     304.0274861  294.57591  3.11%     -    4s
     0     0  294.57591    0  145  304.02749  294.57591  3.11%     -    4s
     0     0  294.57591    0   96  304.02749  294.57591  3.11%     -    4s
     0     0  294.57591    0  141  304.02749  294.57591  3.11%     -    4s
     0     0  294.57591    0  117  304.02749  294.57591  3.11%     -    4s
     0     0  294.57591    0  132  304.02749  294.57591  3.11%     -    4s
     0     0  294.57591    0  140  304.02749  294.57591  3.11%     -    4s
     0     0  294.57591    0  141  304.02749  294.57591  3.11%     -    4s
     0     0  294.57591    0   39  304.02749  294.57591  3.11%     -    4s
     0     0  294.57591    0   33  304.02749  294.57591  3.11%     -    4s
     0     0  294.57591    0  140  304.02749  294.57591  3.11%     -    4s
     0     0  294.57591    0  139  304.02749  294.57591  3.11%     -    4s
     0     0  294.57591    0  137  304.02749  294.57591  3.11%     -    4s
     0     0  294.57591    0  137  304.02749  294.57591  3.11%     -    4s
     0     0  294.57591    0  136  304.02749  294.57591  3.11%     -    4s
     0     0  294.57591    0  136  304.02749  294.57591  3.11%     -    4s
     0     0  294.57591    0  136  304.02749  294.57591  3.11%     -    4s
     0     0  294.57591    0  136  304.02749  294.57591  3.11%     -    4s
     0     0  294.57591    0  135  304.02749  294.57591  3.11%     -    4s
     0     2  294.58636    0  135  304.02749  294.58636  3.11%     -    4s
*   50    22               8     300.5017224  294.58636  1.97%   180    4s

Cutting planes:
  Gomory: 10
  Cover: 1
  Implied bound: 49
  Clique: 2
  MIR: 12
  Flow cover: 41
  Zero half: 6
  RLT: 6
  Relax-and-lift: 41

Explored 110 nodes (71284 simplex iterations) in 5.00 seconds (8.72 work units)
Thread count was 4 (of 32 available processors)

Solution count 10: 300.502 304.027 308.986 ... 339.872

Optimal solution found (tolerance 1.00e-04)
Best objective 3.005017223932e+02, best bound 3.005017223932e+02, gap 0.0000%

User-callback calls 1938, time in user-callback 0.00 sec
Cap boundary opt: PORT-584 stations=34 obj=300.502 real=300.502 baseline=350.115
Set parameter Username
Set parameter LicenseID to value 2738882
Academic license - for non-commercial use only - expires 2026-11-14
Segment 1 eval: start=BOAT-0 end=PORT-583 stations=47 (optimize)
  Segment 1 order: -501 -500 -499 -498 -497 -496 -495 112 113 -494 114 -275 -111 -274 -107 -106 -105 104 -103 -102 -101 108 109 110 -273 -272 271 253 252 249 -248 -247 -245 -244 -243 -238 237 -215 -214 213 -192 218 -191 190 219 223 -135
Segment 2 eval: start=PORT-583 end=PORT-581 stations=61 (optimize)
  Segment 2 order: 133 134 -132 -181 230 232 233 234 -235 231 -227 228 229 -180 -179 -154 -153 -157 -156 -155 -173 -172 174 175 -176 -177 171 -170 -169 -168 -167 -166 -165 -164 -163 -162 -161 -160 159 158 -150 -149 -148 -147 -146 -145 -144 -142 -9 -8 -141 -140 -139 151 -152 -138 -137 -136 -2 -94 -92
Segment 3 eval: start=PORT-581 end=PORT-591 stations=79 (optimize)
  Segment 3 order: 56 55 -54 -53 -52 -51 -50 -49 -48 -39 -38 -37 66 67 68 69 -36 -35 -32 -31 -29 -27 26 28 30 -33 -34 41 42 43 44 45 46 -40 47 396 397 -398 -395 -394 -393 -392 -391 -390 -389 -388 -387 402 -403 385 -384 -383 -382 -414 -413 412 -409 408 -410 411 380 378 -379 -377 -376 -375 374 -373 -372 -371 -370 369 359 360 -358 -353 -349 -326 328
Segment 4 eval: start=PORT-591 end=PORT-593 stations=80 (optimize)
  Segment 4 order: 276 277 278 279 280 -341 -340 -320 -319 -318 -317 -316 281 557 -556 282 283 -284 555 558 559 -560 561 -562 -554 553 550 551 552 285 286 287 315 -314 313 -312 -288 -311 -309 -310 289 290 291 292 293 294 -307 303 -304 -302 -301 -300 -299 298 305 306 295 296 -297 -547 549 548 -546 -545 541 542 543 540 -544 -539 -538 -537 536 -535 -534 573 574 -577 575 528
Segment 5 eval: start=PORT-593 end=PORT-591 stations=88 (optimize)
  Segment 5 order: 454 455 464 465 480 -481 -95 90 -89 88 -87 86 -85 -84 -83 -82 -81 -80 -91 96 -24 -23 -22 79 -78 -77 -70 -76 75 72 73 -74 -71 65 -63 64 57 59 -58 60 61 62 -386 -401 400 399 407 -406 -405 -404 -415 416 418 419 420 421 -423 -422 424 -417 425 381 426 -368 -367 -365 364 363 362 361 -348 -332 -331 -330 -329 327 -325 -324 -323 -321 -339 -338 -337 -336 -335 -334 -333 347
Segment 6 eval: start=PORT-591 end=PORT-583 stations=42 (optimize)
  Segment 6 order: -346 -345 -344 -343 -342 -566 563 564 565 567 568 569 570 571 572 576 -527 -514 -513 -512 -436 435 438 -437 -440 441 442 443 444 -506 -505 -449 448 -450 451 452 453 456 457 458 -100 -99
Segment 7 eval: start=PORT-583 end=PORT-588 stations=35 (optimize)
  Segment 7 order: 97 236 239 240 -241 242 -98 246 250 251 208 209 -201 200 198 199 202 203 204 -131 -129 130 -256 257 259 258 -128 -127 126 -125 -124 -264 268 269 270
Segment 8 eval: start=PORT-588 end=PORT-581 stations=50 (optimize)
  Segment 8 order: 118 119 -120 121 122 123 -266 -267 -265 -263 -262 -261 260 254 255 -205 210 211 -212 197 -196 -195 -194 -193 -217 -189 -188 -187 -186 -185 -184 183 182 226 178 -7 -6 10 11 12 13 14 143 15 16 17 18 -21 19 -20
Segment 9 eval: start=PORT-581 end=PORT-591 stations=32 (optimize)
  Segment 9 order: -93 -25 -5 -4 -3 -1 -225 -224 -222 -221 220 -216 206 -207 -472 471 -470 -469 -467 -466 474 -473 475 -117 -116 115 476 478 479 -477 532 308
Segment 10 eval: start=PORT-591 end=PORT-593 stations=23 (optimize)
  Segment 10 order: 366 -357 -356 -355 354 -352 -351 -350 -322 -533 531 -530 -529 -526 524 525 578 579 580 -523 -522 -521 -520
Segment 11 eval: start=PORT-593 end=PORT-584 stations=34 (optimize)
  Segment 11 order: 515 516 -519 -518 -517 -427 428 429 430 431 432 433 -434 447 -446 -445 439 -511 -510 -509 -508 -507 -504 -503 -487 486 -462 484 -463 -483 -482 -489 488 -502
Segment 12 eval: start=PORT-584 end=PORT-584 stations=0 (direct)
Segment 13 eval: start=PORT-584 end=BOAT-END stations=9 (optimize)
  Segment 13 order: -485 -461 -460 -459 -468 493 -492 -491 -490
Set parameter Username
Set parameter LicenseID to value 2738882
Academic license - for non-commercial use only - expires 2026-11-14
Segment 1 eval: start=BOAT-0 end=PORT-583 stations=47 (optimize)
  Segment 1 order: -501 -500 -499 -498 -497 -496 -495 112 113 -494 114 -275 -111 -274 -107 -106 -105 104 -103 -102 -101 108 109 110 -273 -272 271 253 252 249 -248 -247 -245 -244 -243 -238 237 -215 -214 213 -192 218 -191 190 219 223 -135
Segment 2 eval: start=PORT-583 end=PORT-581 stations=61 (optimize)
  Segment 2 order: 133 134 -132 -181 230 232 233 234 -235 231 -227 228 229 -180 -179 -154 -153 -157 -156 -155 -173 -172 174 175 -176 -177 171 -170 -169 -168 -167 -166 -165 -164 -163 -162 -161 -160 159 158 -150 -149 -148 -147 -146 -145 -144 -142 -9 -8 -141 -140 -139 151 -152 -138 -137 -136 -2 -94 -92
Segment 3 eval: start=PORT-581 end=PORT-591 stations=79 (optimize)
  Segment 3 order: 56 55 -54 -53 -52 -51 -50 -49 -48 -39 -38 -37 66 67 68 69 -36 -35 -32 -31 -29 -27 26 28 30 -33 -34 41 42 43 44 45 46 -40 47 396 397 -398 -395 -394 -393 -392 -391 -390 -389 -388 -387 402 -403 385 -384 -383 -382 -414 -413 412 -409 408 -410 411 380 378 -379 -377 -376 -375 374 -373 -372 -371 -370 369 359 360 -358 -353 -349 -326 328
Segment 4 eval: start=PORT-591 end=PORT-593 stations=80 (optimize)
  Segment 4 order: 276 277 278 279 280 -341 -340 -320 -319 -318 -317 -316 281 557 -556 282 283 -284 555 558 559 -560 561 -562 -554 553 550 551 552 285 286 287 315 -314 313 -312 -288 -311 -309 -310 289 290 291 292 293 294 -307 303 -304 -302 -301 -300 -299 298 305 306 295 296 -297 -547 549 548 -546 -545 541 542 543 540 -544 -539 -538 -537 536 -535 -534 573 574 -577 575 528
Segment 5 eval: start=PORT-593 end=PORT-591 stations=88 (optimize)
  Segment 5 order: 454 455 464 465 480 -481 -95 90 -89 88 -87 86 -85 -84 -83 -82 -81 -80 -91 96 -24 -23 -22 79 -78 -77 -70 -76 75 72 73 -74 -71 65 -63 64 57 59 -58 60 61 62 -386 -401 400 399 407 -406 -405 -404 -415 416 418 419 420 421 -423 -422 424 -417 425 381 426 -368 -367 -365 364 363 362 361 -348 -332 -331 -330 -329 327 -325 -324 -323 -321 -339 -338 -337 -336 -335 -334 -333 347
Segment 6 eval: start=PORT-591 end=PORT-583 stations=42 (optimize)
  Segment 6 order: -346 -345 -344 -343 -342 -566 563 564 565 567 568 569 570 571 572 576 -527 -514 -513 -512 -436 435 438 -437 -440 441 442 443 444 -506 -505 -449 448 -450 451 452 453 456 457 458 -100 -99
Segment 7 eval: start=PORT-583 end=PORT-588 stations=35 (optimize)
  Segment 7 order: 97 236 239 240 -241 242 -98 246 250 251 208 209 -201 200 198 199 202 203 204 -131 -129 130 -256 257 259 258 -128 -127 126 -125 -124 -264 268 269 270
Segment 8 eval: start=PORT-588 end=PORT-581 stations=50 (optimize)
  Segment 8 order: 118 119 -120 121 122 123 -266 -267 -265 -263 -262 -261 260 254 255 -205 210 211 -212 197 -196 -195 -194 -193 -217 -189 -188 -187 -186 -185 -184 183 182 226 178 -7 -6 10 11 12 13 14 143 15 16 17 18 -21 19 -20
Segment 9 eval: start=PORT-581 end=PORT-591 stations=32 (optimize)
  Segment 9 order: -93 -25 -5 -4 -3 -1 -225 -224 -222 -221 220 -216 206 -207 -472 471 -470 -469 -467 -466 474 -473 475 -117 -116 115 476 478 479 -477 532 308
Segment 10 eval: start=PORT-591 end=PORT-593 stations=23 (optimize)
  Segment 10 order: 366 -357 -356 -355 354 -352 -351 -350 -322 -533 531 -530 -529 -526 524 525 578 579 580 -523 -522 -521 -520
Segment 11 eval: start=PORT-593 end=PORT-584 stations=34 (optimize)
  Segment 11 order: 515 516 -519 -518 -517 -427 428 429 430 431 432 433 -434 447 -446 -445 439 -511 -510 -509 -508 -507 -504 -503 -487 486 -462 484 -463 -483 -482 -489 488 -502
Segment 12 eval: start=PORT-584 end=PORT-584 stations=0 (direct)
Segment 13 eval: start=PORT-584 end=BOAT-END stations=9 (optimize)
  Segment 13 order: -485 -461 -460 -459 -468 493 -492 -491 -490
PROGRESS pass=3 changed=1 total=6263.792 best=6263.792 nseg=13 stall=0 mut=4/8 mut=STAT-222 src=1 dst=9 delta=-2.218
Capacity boundary sweep pass 4
Cap boundary debug: BOAT -> [500 501 499 497 498 496 495 494 113 112 114 275 111 274 107 106 105 104 103 102 101 108 109 110 273 272 271 253 252 249 248 247 245 244 243 238 237 215 214 213 218 192 191 190 219 223 135] -> PORT-583 -> [134 133 132 181 230 232 231 233 234 235 227 228 229 180 179 154 153 152 151 139 140 148 149 150 158 157 156 155 174 175 176 177 171 170 168 172 173 167 166 165 164 163 159 162 160 161 147 145 146 144 142 9 8 141 138 137 136 2 94 92 169] -> PORT-581 | load_left=43577 load_right=43885 cap=45000
Set parameter Username
Set parameter LicenseID to value 2738882
Academic license - for non-commercial use only - expires 2026-11-14
Set parameter TimeLimit to value 360
Set parameter Seed to value 1975945865
Set parameter Threads to value 4
Set parameter OutputFlag to value 1
Set parameter LogToConsole to value 1
Set parameter LazyConstraints to value 1
Gurobi Optimizer version 13.0.0 build v13.0.0rc1 (linux64 - "Debian GNU/Linux 13 (trixie)")

CPU model: AMD Ryzen 9 5950X 16-Core Processor, instruction set [SSE2|AVX|AVX2]
Thread count: 16 physical cores, 32 logical processors, using up to 4 threads

Non-default parameters:
TimeLimit  360
Seed  1975945865
Threads  4
LazyConstraints  1

Optimize a model with 50586 rows, 145200 columns and 290388 nonzeros (Min)
Model fingerprint: 0xefa8e9b5
Model has 47960 linear objective coefficients
Variable types: 96800 continuous, 48400 integer (48400 binary)
Coefficient statistics:
  Matrix range     [1e+00, 4e+04]
  Objective range  [4e-01, 3e+02]
  Bounds range     [1e+00, 4e+04]
  RHS range        [1e+00, 9e+03]
Presolve removed 2410 rows and 49826 columns
Presolve time: 0.33s
Presolved: 48176 rows, 95374 columns, 286707 nonzeros
Variable types: 47304 continuous, 48070 integer (48070 binary)
Root relaxation presolved: 48176 rows, 95374 columns, 286707 nonzeros

Deterministic concurrent LP optimizer: primal and dual simplex
Showing primal log only...

Concurrent spin time: 0.00s

Solved with primal simplex

Root relaxation: objective 6.103091e+02, 74028 iterations, 3.79 seconds (7.94 work units)

    Nodes    |    Current Node    |     Objective Bounds      |     Work
 Expl Unexpl |  Obj  Depth IntInf | Incumbent    BestBd   Gap | It/Node Time

     0     0  610.30912    0  369          -  610.30912      -     -    5s
     0     0  610.30912    0  369          -  610.30912      -     -   10s
H    0     0                     732.3111142  610.30912  16.7%     -   14s
H    0     0                     730.3737217  610.30912  16.4%     -   16s
H    0     0                     714.6929124  610.30912  14.6%     -   16s
     0     0  610.30912    0  369  714.69291  610.30912  14.6%     -   19s
     0     0  613.63053    0  405  714.69291  613.63053  14.1%     -   24s
H    0     0                     706.7721722  613.63053  13.2%     -   25s
H    0     0                     705.4596480  613.63053  13.0%     -   25s
H    0     0                     699.5062129  613.63053  12.3%     -   26s
H    0     0                     697.1456473  613.63053  12.0%     -   27s
H    0     0                     693.6808593  613.63053  11.5%     -   28s
H    0     0                     687.9741323  613.63053  10.8%     -   28s
H    0     0                     687.9422458  613.63053  10.8%     -   28s
H    0     0                     668.5220234  613.63053  8.21%     -   28s
H    0     0                     667.0488046  613.63053  8.01%     -   29s
H    0     0                     654.8599800  613.63053  6.30%     -   29s
H    0     0                     654.6732664  613.63053  6.27%     -   29s
     0     0  614.88176    0  397  654.67327  614.88176  6.08%     -   32s
     0     0  614.88195    0  399  654.67327  614.88195  6.08%     -   32s
     0     0  615.09317    0  411  654.67327  615.09317  6.05%     -   35s
     0     0  615.09317    0  356  654.67327  615.09317  6.05%     -   37s
     0     0  615.09317    0  393  654.67327  615.09317  6.05%     -   40s
H    0     0                     654.6732660  615.09317  6.05%     -   42s
H    0     0                     653.3004661  615.09317  5.85%     -   43s
     0     0  615.89792    0  440  653.30047  615.89792  5.73%     -   44s
     0     0  615.91072    0  445  653.30047  615.91072  5.72%     -   44s
     0     0  618.24365    0  447  653.30047  618.24365  5.37%     -   44s
     0     0  618.24365    0  448  653.30047  618.24365  5.37%     -   44s
     0     0  620.45825    0  377  653.30047  620.45825  5.03%     -   46s
     0     0  620.46467    0  380  653.30047  620.46467  5.03%     -   47s
     0     0  623.13653    0  455  653.30047  623.13653  4.62%     -   50s
     0     0  623.37836    0  443  653.30047  623.37836  4.58%     -   51s
     0     0  623.37836    0  445  653.30047  623.37836  4.58%     -   51s
     0     0  623.37836    0  445  653.30047  623.37836  4.58%     -   51s
     0     0  623.98780    0  450  653.30047  623.98780  4.49%     -   52s
     0     0  623.98780    0  365  653.30047  623.98780  4.49%     -   56s
     0     0  623.98780    0  431  653.30047  623.98780  4.49%     -   58s
     0     0  624.50745    0  422  653.30047  624.50745  4.41%     -   60s
     0     0  624.51730    0  423  653.30047  624.51730  4.41%     -   60s
     0     0  624.51730    0  423  653.30047  624.51730  4.41%     -   60s
     0     0  624.59598    0  446  653.30047  624.59598  4.39%     -   62s
     0     0  624.64641    0  436  653.30047  624.64641  4.39%     -   62s
     0     0  624.64641    0  435  653.30047  624.64641  4.39%     -   62s
     0     0  624.84438    0  434  653.30047  624.84438  4.36%     -   64s
     0     0  624.84438    0  434  653.30047  624.84438  4.36%     -   64s
     0     0  624.92221    0  442  653.30047  624.92221  4.34%     -   65s
     0     0  624.92813    0  443  653.30047  624.92813  4.34%     -   65s
     0     0  624.94162    0  434  653.30047  624.94162  4.34%     -   65s
     0     0  624.94162    0  437  653.30047  624.94162  4.34%     -   65s
     0     0  625.19738    0  439  653.30047  625.19738  4.30%     -   66s
     0     0  625.19738    0  440  653.30047  625.19738  4.30%     -   66s
     0     0  625.36105    0  432  653.30047  625.36105  4.28%     -   66s
     0     0  625.36105    0  434  653.30047  625.36105  4.28%     -   67s
     0     0  625.36108    0  433  653.30047  625.36108  4.28%     -   68s
     0     0  625.36108    0  433  653.30047  625.36108  4.28%     -   68s
     0     0  625.39095    0  439  653.30047  625.39095  4.27%     -   68s
     0     0  625.45661    0  443  653.30047  625.45661  4.26%     -   68s
     0     0  625.45661    0  444  653.30047  625.45661  4.26%     -   68s
     0     0  625.45661    0  427  653.30047  625.45661  4.26%     -   69s
     0     0  625.45661    0  427  653.30047  625.45661  4.26%     -   69s
     0     0  625.45661    0  411  653.30047  625.45661  4.26%     -   69s
H    0     0                     652.7643987  625.45661  4.18%     -   70s
H    0     0                     651.9637268  625.45661  4.07%     -   70s
     0     0  627.77191    0  351  651.96373  627.77191  3.71%     -   74s
H    0     0                     651.0997095  627.77191  3.58%     -   74s
     0     0  627.77191    0  417  651.09971  627.77191  3.58%     -   76s
     0     0  627.77191    0  447  651.09971  627.77191  3.58%     -   77s
     0     0  627.77191    0  432  651.09971  627.77191  3.58%     -   78s
     0     0  627.77191    0  435  651.09971  627.77191  3.58%     -   78s
     0     0  627.77191    0  443  651.09971  627.77191  3.58%     -   79s
     0     0  627.77191    0  446  651.09971  627.77191  3.58%     -   79s
     0     0  627.77191    0  446  651.09971  627.77191  3.58%     -   79s
     0     0  627.77191    0  430  651.09971  627.77191  3.58%     -   79s
     0     0  627.77191    0  434  651.09971  627.77191  3.58%     -   79s
     0     0  627.77191    0  435  651.09971  627.77191  3.58%     -   80s
     0     0  627.77191    0  433  651.09971  627.77191  3.58%     -   80s
     0     0  627.77191    0  430  651.09971  627.77191  3.58%     -   81s
     0     0  627.77191    0  429  651.09971  627.77191  3.58%     -   81s
     0     0  627.77191    0  420  651.09971  627.77191  3.58%     -   82s
     0     0  627.77191    0  420  651.09971  627.77191  3.58%     -   82s
     0     0  627.77191    0  423  651.09971  627.77191  3.58%     -   82s
     0     0  627.77191    0  423  651.09971  627.77191  3.58%     -   82s
     0     0  627.77191    0  391  651.09971  627.77191  3.58%     -   83s
     0     2  628.29205    0  389  651.09971  628.29205  3.50%     -   86s
    61    72  637.51225   11  198  651.09971  628.89614  3.41%   997   90s
   151   129  644.14049   21  221  651.09971  628.89614  3.41%   923   95s
   399   367  640.21105   72  177  651.09971  629.52238  3.31%   535  100s
H  455   399                     650.9197311  629.52238  3.29%   493  100s
   873   735  635.53720   69  164  650.91973  630.42792  3.15%   391  105s
  1068   852  635.39445   29  172  650.91973  630.51604  3.13%   418  110s
  1204   951  643.29857   84  411  650.91973  630.51604  3.13%   407  115s
  1207   953  640.71225   20  402  650.91973  630.51604  3.13%   406  120s
  1220   962  638.04274   53  435  650.91973  630.51604  3.13%   402  125s
H 1221   913                     650.9197306  630.51604  3.13%   401  126s
  1230   919  636.36749   13  415  650.91973  630.51604  3.13%   398  130s
  1234   922  636.14006   49  336  650.91973  630.51604  3.13%   397  135s
H 1234   875                     650.9197302  630.51604  3.13%   397  136s
H 1234   831                     650.9197298  630.51604  3.13%   397  136s
  1238   835  639.31778   54  370  650.91973  631.04326  3.05%   446  140s
  1250   843  636.03634   14  400  650.91973  631.04326  3.05%   442  145s
  1253   845  634.82676   15  348  650.91973  631.34687  3.01%   440  151s
H 1261   812                     650.9197247  631.34687  3.01%   484  153s
  1283   829  632.42792   30  192  650.91972  631.34687  3.01%   493  155s
  1336   864  636.79266   38  156  650.91972  631.34687  3.01%   526  160s
  1400   892  636.85681   42  139  650.91972  631.34687  3.01%   555  165s
  1511   899  631.78873   30  211  650.91972  631.34687  3.01%   582  170s
  1605   910  636.58725   54  181  650.91972  631.34687  3.01%   595  175s
  1709   912  631.34687   31  207  650.91972  631.34687  3.01%   601  180s
  1839   936  640.48986   50  178  650.91972  631.59381  2.97%   620  185s
  2078   976  641.98330  102  182  650.91972  631.60810  2.97%   601  191s
  2423  1042     cutoff  110       650.91972  632.21214  2.87%   561  196s
  2567  1166  643.91848   52  199  650.91972  632.21214  2.87%   568  201s
  2770  1222  642.19369   36  153  650.91972  632.86807  2.77%   562  205s
  3149  1344  648.73633   70   28  650.91972  632.97247  2.76%   538  210s
  3519  1476     cutoff   40       650.91972  633.08961  2.74%   524  216s
H 3571  1427                     650.7090927  633.08961  2.71%   520  216s
  3867  1628  633.90602   35  160  650.70909  633.29456  2.68%   508  220s
H 4011  1746                     650.7090920  633.31523  2.67%   508  223s
  4182  1895  639.97727   34  191  650.70909  633.31523  2.67%   496  225s
  4545  2078  638.53058   36  169  650.70909  633.43577  2.65%   482  230s
  5189  2551  646.04588   74  160  650.70909  633.56906  2.63%   469  237s
H 5323  2551                     650.7090918  633.56906  2.63%   462  237s
  5445  2693  636.95301   64  182  650.70909  633.59372  2.63%   456  240s
  5836  2917  638.42605   61  186  650.70909  633.68496  2.62%   449  246s
  6237  3238  634.28202   33  192  650.70909  633.78468  2.60%   454  252s
  6523  3431     cutoff  102       650.70909  633.89568  2.58%   450  255s
  7116  3726  642.05513   46  159  650.70909  634.05389  2.56%   441  262s
  7342  3822  640.58791   37  186  650.70909  634.12497  2.55%   438  266s
  7518  3893  644.67648   44  192  650.70909  634.13936  2.55%   438  270s
  8044  4154     cutoff   61       650.70909  634.16172  2.54%   445  277s
  8377  4376  648.74246   36  194  650.70909  634.28629  2.52%   442  281s
  8742  4532  638.53577   49  242  650.70909  634.34618  2.51%   440  285s
  9021  4782  637.97014   35  231  650.70909  634.41602  2.50%   438  290s
  9483  5092  642.47140   84  198  650.70909  634.46159  2.50%   430  295s
 10458  5675  644.43667   64  196  650.70909  634.69156  2.46%   423  305s
 11016  5958 infeasible   96       650.70909  634.77861  2.45%   419  311s
 11543  6354  637.63066   45  177  650.70909  634.90311  2.43%   419  317s
 12230  6769  635.23424   38  200  650.70909  635.01670  2.41%   413  322s
 12909  7068  638.46582   33  194  650.70909  635.12968  2.39%   406  327s
 13500  7300  642.09383   65  192  650.70909  635.22624  2.38%   403  332s
 14028  7409     cutoff   40       650.70909  635.28222  2.37%   403  338s
 14416  7761 infeasible   36       650.70909  635.36743  2.36%   400  343s
 15072  7952  637.86346   37  199  650.70909  635.38649  2.35%   395  349s
 15573  8234  641.39877   41  133  650.70909  635.48801  2.34%   396  354s
 16195  8442     cutoff   56       650.70909  635.56688  2.33%   393  359s

Cutting planes:
  Gomory: 10
  Cover: 18
  Implied bound: 95
  Projected implied bound: 8
  Clique: 3
  MIR: 105
  Mixing: 1
  Flow cover: 192
  GUB cover: 1
  Inf proof: 6
  Zero half: 31
  Network: 2
  RLT: 11
  Relax-and-lift: 44
  BQP: 2

Explored 16845 nodes (6896272 simplex iterations) in 360.01 seconds (1168.81 work units)
Thread count was 4 (of 32 available processors)

Solution count 10: 650.709 650.92 650.92 ... 654.86

Time limit reached
Best objective 6.507090917550e+02, best bound 6.356333421897e+02, gap 2.3168%

User-callback calls 86862, time in user-callback 0.02 sec
Cap boundary reject: PORT-583 real=1038.314 baseline=674.369
Cap boundary debug: PORT-583 -> [134 133 132 181 230 232 231 233 234 235 227 228 229 180 179 154 153 152 151 139 140 148 149 150 158 157 156 155 174 175 176 177 171 170 168 172 173 167 166 165 164 163 159 162 160 161 147 145 146 144 142 9 8 141 138 137 136 2 94 92 169] -> PORT-581 -> [68 69 67 66 53 54 56 55 52 51 38 48 39 40 47 46 43 45 44 42 41 34 33 30 29 27 26 28 31 32 36 35 37 50 49 396 397 398 395 394 393 392 391 390 389 388 387 402 385 403 384 383 382 414 413 412 409 408 410 411 380 378 379 377 376 375 374 373 372 371 370 369 359 360 358 353 349 326 328] -> PORT-591 | load_left=43885 load_right=43950 cap=45000
Set parameter Username
Set parameter LicenseID to value 2738882
Academic license - for non-commercial use only - expires 2026-11-14
Set parameter TimeLimit to value 360
Set parameter Seed to value 2000000000
Set parameter Threads to value 4
Set parameter OutputFlag to value 1
Set parameter LogToConsole to value 1
Set parameter LazyConstraints to value 1
Gurobi Optimizer version 13.0.0 build v13.0.0rc1 (linux64 - "Debian GNU/Linux 13 (trixie)")

CPU model: AMD Ryzen 9 5950X 16-Core Processor, instruction set [SSE2|AVX|AVX2]
Thread count: 16 physical cores, 32 logical processors, using up to 4 threads

Non-default parameters:
TimeLimit  360
Seed  2000000000
Threads  4
LazyConstraints  1

Optimize a model with 83482 rows, 241968 columns and 483924 nonzeros (Min)
Model fingerprint: 0x8f066ef5
Model has 80088 linear objective coefficients
Variable types: 161312 continuous, 80656 integer (80656 binary)
Coefficient statistics:
  Matrix range     [1e+00, 4e+04]
  Objective range  [4e-01, 1e+05]
  Bounds range     [1e+00, 4e+04]
  RHS range        [1e+00, 9e+03]
Presolve removed 3114 rows and 82498 columns
Presolve time: 0.53s
Presolved: 80368 rows, 159470 columns, 478848 nonzeros
Variable types: 79240 continuous, 80230 integer (80230 binary)
Root relaxation presolved: 80368 rows, 159470 columns, 478848 nonzeros

Deterministic concurrent LP optimizer: primal and dual simplex
Showing primal log only...


Root simplex log...

Iteration    Objective       Primal Inf.    Dual Inf.      Time
   58383    8.2638442e+02   0.000000e+00   1.189532e+04      5s
  122873    7.7477377e+02   0.000000e+00   1.213846e+00     10s
  127759    7.7623629e+02   0.000000e+00   0.000000e+00     10s
Concurrent spin time: 0.00s

Solved with primal simplex

Root relaxation: objective 7.762363e+02, 127759 iterations, 9.60 seconds (20.31 work units)

    Nodes    |    Current Node    |     Objective Bounds      |     Work
 Expl Unexpl |  Obj  Depth IntInf | Incumbent    BestBd   Gap | It/Node Time

     0     0  776.23629    0  487          -  776.23629      -     -   14s
H    0     0                    102193.14596  776.23629  99.2%     -   15s
H    0     0                    1373.9755898  776.23629  43.5%     -   15s
H    0     0                    1345.4251778  776.23629  42.3%     -   15s
H    0     0                    1342.7514985  776.23629  42.2%     -   15s
H    0     0                    1340.3309219  776.23629  42.1%     -   15s
H    0     0                    1339.9192929  776.23629  42.1%     -   15s
H    0     0                    1256.4303546  776.23629  38.2%     -   16s
H    0     0                    1169.2374550  776.23629  33.6%     -   17s
H    0     0                    1152.7195065  776.23629  32.7%     -   18s
H    0     0                    1135.3334540  776.23629  31.6%     -   18s
     0     0  778.05212    0  522 1135.33345  778.05212  31.5%     -   26s
H    0     0                    1063.2627113  778.05594  26.8%     -   33s
H    0     0                    1022.6677615  778.05594  23.9%     -   34s
H    0     0                     995.8472500  778.05594  21.9%     -   35s
H    0     0                     995.0295623  778.05594  21.8%     -   35s
H    0     0                     990.8735728  778.05594  21.5%     -   36s
H    0     0                     988.0908304  778.05594  21.3%     -   37s
H    0     0                     986.8213661  778.05594  21.2%     -   37s
H    0     0                     971.6831008  778.05594  19.9%     -   38s
H    0     0                     962.5732571  778.05594  19.2%     -   39s
H    0     0                     954.3377417  778.05594  18.5%     -   39s
     0     0  778.05594    0  521  954.33774  778.05594  18.5%     -   48s
     0     0  786.53566    0  498  954.33774  786.53566  17.6%     -   60s
     0     0  787.09976    0  530  954.33774  787.09976  17.5%     -   64s
     0     0  787.09990    0  530  954.33774  787.09990  17.5%     -   64s
     0     0  791.66614    0  532  954.33774  791.66614  17.0%     -  118s
     0     0  791.67343    0  536  954.33774  791.67343  17.0%     -  120s
     0     0  791.67740    0  536  954.33774  791.67740  17.0%     -  121s
     0     0  794.47115    0  550  954.33774  794.47115  16.8%     -  143s
H    0     0                     938.2288826  794.47115  15.3%     -  144s
H    0     0                     934.3106373  794.47115  15.0%     -  144s
     0     0  794.48041    0  552  934.31064  794.48041  15.0%     -  146s
     0     0  794.48077    0  552  934.31064  794.48077  15.0%     -  146s
     0     0  794.62303    0  564  934.31064  794.62303  15.0%     -  152s
     0     0  794.62303    0  473  934.31064  794.62303  15.0%     -  162s
H    0     0                     915.0541929  794.62303  13.2%     -  163s
H    0     0                     890.5764534  794.62303  10.8%     -  163s
     0     0  794.62303    0  544  890.57645  794.62303  10.8%     -  181s
     0     0  794.62303    0  473  890.57645  794.62303  10.8%     -  190s
H    0     0                     888.9423975  794.62303  10.6%     -  190s
H    0     0                     887.1223524  794.62303  10.4%     -  191s
H    0     0                     886.5805978  794.62303  10.4%     -  191s
H    0     0                     886.4815166  794.62303  10.4%     -  191s
H    0     0                     884.4454233  794.62303  10.2%     -  191s
     0     0  794.62303    0  526  884.44542  794.62303  10.2%     -  202s
H    0     0                     869.7321761  794.62303  8.64%     -  203s
H    0     0                     868.4406734  794.62303  8.50%     -  203s
H    0     0                     866.6601947  794.62303  8.31%     -  204s
H    0     0                     860.2289689  794.62303  7.63%     -  206s
H    0     0                     858.2617328  794.62303  7.41%     -  209s
H    0     0                     857.4697281  794.62303  7.33%     -  209s
H    0     0                     856.7393766  794.62303  7.25%     -  210s
     0     0  794.62303    0  551  856.73938  794.62303  7.25%     -  214s
     0     0  794.62303    0  552  856.73938  794.62303  7.25%     -  214s
     0     0  797.17967    0  508  856.73938  797.17967  6.95%     -  224s
     0     0  797.17967    0  480  856.73938  797.17967  6.95%     -  230s
H    0     0                     856.4180869  797.17967  6.92%     -  230s
H    0     0                     856.0305315  797.17967  6.87%     -  230s
     0     0  797.17967    0  510  856.03053  797.17967  6.87%     -  239s
H    0     0                     854.8060309  797.17967  6.74%     -  241s
H    0     0                     854.2718831  797.17967  6.68%     -  244s
H    0     0                     853.8641795  797.17967  6.64%     -  245s
     0     0  797.17967    0  516  853.86418  797.17967  6.64%     -  249s
     0     0  797.19763    0  528  853.86418  797.19763  6.64%     -  250s
     0     0  797.19763    0  528  853.86418  797.19763  6.64%     -  251s
     0     0  799.25042    0  542  853.86418  799.25042  6.40%     -  259s
     0     0  799.25157    0  543  853.86418  799.25157  6.40%     -  260s
     0     0  800.38513    0  539  853.86418  800.38513  6.26%     -  265s
     0     0  800.70595    0  513  853.86418  800.70595  6.23%     -  270s
     0     0  800.73789    0  516  853.86418  800.73789  6.22%     -  271s
     0     0  800.74347    0  517  853.86418  800.74347  6.22%     -  271s
     0     0  800.74347    0  517  853.86418  800.74347  6.22%     -  271s
     0     0  802.01845    0  544  853.86418  802.01845  6.07%     -  275s
     0     0  802.03274    0  535  853.86418  802.03274  6.07%     -  275s
     0     0  802.03439    0  537  853.86418  802.03439  6.07%     -  275s
     0     0  802.51585    0  527  853.86418  802.51585  6.01%     -  277s
     0     0  802.52417    0  539  853.86418  802.52417  6.01%     -  277s
     0     0  802.52417    0  538  853.86418  802.52417  6.01%     -  277s
     0     0  802.64296    0  531  853.86418  802.64296  6.00%     -  280s
H    0     0                     852.2464324  802.64740  5.82%     -  281s
     0     0  802.68510    0  547  852.24643  802.68510  5.82%     -  283s
     0     0  802.68621    0  548  852.24643  802.68621  5.82%     -  283s
     0     0  802.68653    0  548  852.24643  802.68653  5.82%     -  283s
     0     0  802.69285    0  545  852.24643  802.69285  5.81%     -  284s
     0     0  802.69285    0  547  852.24643  802.69285  5.81%     -  284s
     0     0  802.69285    0  548  852.24643  802.69285  5.81%     -  288s
     0     0  802.72615    0  555  852.24643  802.72615  5.81%     -  292s
H    0     0                     851.8381004  802.72615  5.77%     -  294s
H    0     0                     850.7075392  802.72615  5.64%     -  296s
     0     0  802.72647    0  553  850.70754  802.72647  5.64%     -  298s
     0     0  802.72800    0  552  850.70754  802.72800  5.64%     -  299s
     0     0  802.72800    0  551  850.70754  802.72800  5.64%     -  299s
     0     0  802.72822    0  553  850.70754  802.72822  5.64%     -  299s
     0     0  802.72916    0  551  850.70754  802.72916  5.64%     -  300s
     0     0  802.72916    0  551  850.70754  802.72916  5.64%     -  300s
     0     0  802.72916    0  526  850.70754  802.72916  5.64%     -  302s
     0     0  807.33858    0  472  850.70754  807.33858  5.10%     -  310s
     0     0  807.33858    0  532  850.70754  807.33858  5.10%     -  317s
     0     0  807.33858    0  499  850.70754  807.33858  5.10%     -  328s
     0     0  807.33858    0  522  850.70754  807.33858  5.10%     -  332s
     0     0  807.33858    0  527  850.70754  807.33858  5.10%     -  333s
     0     0  807.33858    0  529  850.70754  807.33858  5.10%     -  333s
     0     0  807.33858    0  528  850.70754  807.33858  5.10%     -  333s
     0     0  807.33858    0  551  850.70754  807.33858  5.10%     -  334s
     0     0  807.33858    0  550  850.70754  807.33858  5.10%     -  335s
     0     0  807.33858    0  532  850.70754  807.33858  5.10%     -  337s
     0     0  807.33858    0  528  850.70754  807.33858  5.10%     -  337s
     0     0  807.33858    0  525  850.70754  807.33858  5.10%     -  337s
     0     0  807.33858    0  552  850.70754  807.33858  5.10%     -  340s
     0     0  807.33858    0  555  850.70754  807.33858  5.10%     -  340s
     0     0  807.33858    0  555  850.70754  807.33858  5.10%     -  341s
     0     0  807.33858    0  553  850.70754  807.33858  5.10%     -  341s
     0     0  807.33858    0  554  850.70754  807.33858  5.10%     -  342s
     0     0  807.33858    0  553  850.70754  807.33858  5.10%     -  342s
     0     0  807.33858    0  553  850.70754  807.33858  5.10%     -  346s
     0     0  807.33858    0  554  850.70754  807.33858  5.10%     -  346s
     0     0  807.33858    0  554  850.70754  807.33858  5.10%     -  346s
     0     0  807.33858    0  537  850.70754  807.33858  5.10%     -  347s
     0     2  807.78562    0  536  850.70754  807.78562  5.05%     -  357s

Cutting planes:
  Gomory: 17
  Lift-and-project: 1
  Cover: 8
  Implied bound: 125
  Clique: 3
  MIR: 56
  Flow cover: 80
  Zero half: 28
  Network: 8
  RLT: 6
  Relax-and-lift: 143

Explored 7 nodes (1166648 simplex iterations) in 360.01 seconds (881.74 work units)
Thread count was 4 (of 32 available processors)

Solution count 10: 850.708 851.838 852.246 ... 857.47

Time limit reached
Best objective 8.507075391751e+02, best bound 8.077856235198e+02, gap 5.0454%

User-callback calls 33772, time in user-callback 0.02 sec
Cap boundary reject: PORT-581 segment infeasible left=652.947 right=100540.821
Cap boundary reject: PORT-581 real=1000000000000000052504760255204420248704468581108159154915854115511802457988908195786371375080447864043704443832883878176942523235360430575644792184786706982848387200926575803737830233794788090059368953234970799945081119038967640880074652742780142494579258788820056842838115669472196386865459400540160.000 baseline=861.515
Cap boundary debug: PORT-581 -> [68 69 67 66 53 54 56 55 52 51 38 48 39 40 47 46 43 45 44 42 41 34 33 30 29 27 26 28 31 32 36 35 37 50 49 396 397 398 395 394 393 392 391 390 389 388 387 402 385 403 384 383 382 414 413 412 409 408 410 411 380 378 379 377 376 375 374 373 372 371 370 369 359 360 358 353 349 326 328] -> PORT-591 -> [276 277 278 279 280 281 557 556 282 283 284 555 558 559 560 561 562 554 550 551 552 285 286 287 288 312 313 314 315 316 317 318 319 320 340 341 553 301 302 300 299 298 305 304 303 307 294 293 291 290 289 311 309 310 292 295 306 297 296 545 546 547 548 549 541 544 543 542 540 539 538 537 536 535 534 573 574 577 528 575] -> PORT-593 | load_left=43950 load_right=44941 cap=45000
Set parameter Username
Set parameter LicenseID to value 2738882
Academic license - for non-commercial use only - expires 2026-11-14
Set parameter TimeLimit to value 360
Set parameter Seed to value 920808047
Set parameter Threads to value 4
Set parameter OutputFlag to value 1
Set parameter LogToConsole to value 1
Set parameter LazyConstraints to value 1
Gurobi Optimizer version 13.0.0 build v13.0.0rc1 (linux64 - "Debian GNU/Linux 13 (trixie)")

CPU model: AMD Ryzen 9 5950X 16-Core Processor, instruction set [SSE2|AVX|AVX2]
Thread count: 16 physical cores, 32 logical processors, using up to 4 threads

Non-default parameters:
TimeLimit  360
Seed  920808047
Threads  4
LazyConstraints  1

Optimize a model with 106890 rows, 311052 columns and 622092 nonzeros (Min)
Model fingerprint: 0x87747e11
Model has 103040 linear objective coefficients
Variable types: 207368 continuous, 103684 integer (103684 binary)
Coefficient statistics:
  Matrix range     [1e+00, 4e+04]
  Objective range  [4e-01, 1e+05]
  Bounds range     [1e+00, 4e+04]
  RHS range        [1e+00, 4e+03]
Presolve removed 3532 rows and 105773 columns
Presolve time: 0.70s
Presolved: 103358 rows, 205279 columns, 616176 nonzeros
Variable types: 102078 continuous, 103201 integer (103201 binary)
Root relaxation presolved: 103358 rows, 205279 columns, 616176 nonzeros

Deterministic concurrent LP optimizer: primal simplex, dual simplex, and barrier
Showing barrier log only...

Root barrier log...

Ordering time: 0.07s

Barrier statistics:
 AA' NZ     : 6.180e+05
 Factor NZ  : 1.334e+06 (roughly 140 MB of memory)
 Factor Ops : 7.004e+08 (less than 1 second per iteration)
 Threads    : 2

                  Objective                Residual
Iter       Primal          Dual         Primal    Dual     Compl     Time
   0   2.94117586e+10 -6.45843218e+13  2.88e+05 1.46e-11  2.12e+08     1s
   1   1.37755235e+10 -4.24550878e+13  1.35e+05 2.26e+04  1.20e+08     1s
   2   9.32283106e+09 -2.20395354e+12  9.14e+04 8.26e-10  2.63e+07     2s
   3   5.02077929e+09 -1.04400435e+12  4.92e+04 1.00e-09  1.36e+07     2s
   4   4.14778721e+09 -9.41080057e+11  4.06e+04 1.00e-09  1.14e+07     2s
   5   1.73781792e+09 -7.61239175e+11  1.70e+04 9.33e-10  5.44e+06     2s
   6   2.55944465e+08 -4.55478221e+11  2.49e+03 6.86e-10  1.45e+06     2s
   7   9.14471332e+06 -6.49546471e+10  7.03e+01 5.51e-10  1.40e+05     2s
   8   6.14662819e+06 -9.63557212e+09  4.09e+01 5.89e-09  2.33e+04     2s
   9   4.44219247e+06 -8.61832161e+09  2.35e+01 4.96e-09  1.93e+04     2s
  10   4.17253791e+06 -6.47024593e+09  2.10e+01 6.74e-09  1.44e+04     2s
  11   3.39892905e+06 -3.04847060e+09  1.37e+01 6.32e-09  6.53e+03     2s
  12   2.74687055e+06 -1.12433552e+09  7.48e+00 4.23e-09  2.32e+03     2s
  13   2.10593368e+06 -1.47046038e+08  1.66e+00 3.27e-09  2.97e+02     2s
  14   1.80297980e+06 -4.31727856e+07  6.95e-01 3.26e-09  8.88e+01     2s
  15   8.63318206e+05 -1.50990464e+07  1.83e-03 1.61e-09  3.11e+01     2s
  16   3.29169994e+05 -1.03112914e+07  5.61e-06 2.10e-09  2.08e+01     2s
  17   7.20866872e+04 -2.90483578e+05  3.59e-07 1.81e-09  7.07e-01     2s
  18   2.73351679e+04 -9.27958108e+04  3.83e-08 1.56e-09  2.34e-01     2s
  19   1.73727132e+04 -3.57739098e+04  4.46e-10 1.87e-09  1.04e-01     3s
  20   1.09694240e+04 -1.77351058e+04  1.42e-10 2.33e-09  5.60e-02     3s
  21   6.58923065e+03 -6.65602873e+03  1.16e-10 1.57e-09  2.58e-02     3s
  22   4.05852635e+03 -2.85713763e+03  7.05e-10 1.48e-09  1.35e-02     3s
  23   2.73933663e+03 -1.33890571e+03  2.71e-10 1.84e-09  7.96e-03     3s
  24   2.01756486e+03 -5.15979537e+02  1.11e-10 1.91e-09  4.94e-03     3s
  25   1.37303992e+03  4.92387476e+02  9.88e-12 1.62e-09  1.72e-03     3s
  26   1.19634763e+03  9.73091955e+02  5.23e-12 2.00e-09  4.36e-04     3s
  27   1.17149084e+03  1.05204063e+03  5.68e-12 2.87e-09  2.33e-04     3s
  28   1.16295812e+03  1.09669044e+03  4.55e-12 1.96e-09  1.29e-04     3s
  29   1.16001422e+03  1.13122268e+03  4.46e-12 9.07e-10  5.62e-05     3s
  30   1.15663560e+03  1.14497252e+03  5.61e-12 1.55e-09  2.28e-05     3s
  31   1.15488293e+03  1.15057633e+03  3.89e-10 1.64e-09  8.40e-06     3s
  32   1.15428435e+03  1.15347152e+03  1.02e-09 2.39e-09  1.59e-06     3s
  33   1.15417095e+03  1.15407929e+03  8.30e-10 1.75e-09  1.79e-07     4s
  34   1.15416275e+03  1.15414575e+03  2.48e-10 1.53e-09  3.32e-08     4s
  35   1.15415919e+03  1.15415904e+03  1.12e-09 1.18e-09  3.06e-10     4s
  36   1.15415910e+03  1.15415910e+03  2.93e-11 1.84e-09  2.66e-12     4s

Barrier solved model in 36 iterations and 3.76 seconds (5.66 work units)
Optimal objective 1.15415910e+03

Crossover time: 0.22 seconds (0.36 work units)
Concurrent spin time: 0.01s

Solved with barrier

Root relaxation: objective 1.154159e+03, 46516 iterations, 2.96 seconds (3.66 work units)

    Nodes    |    Current Node    |     Objective Bounds      |     Work
 Expl Unexpl |  Obj  Depth IntInf | Incumbent    BestBd   Gap | It/Node Time

     0     0 1154.15910    0  500          - 1154.15910      -     -    6s
H    0     0                    309854.31882 1154.15910   100%     -    7s
H    0     0                    1712.0980741 1154.15910  32.6%     -    9s
H    0     0                    1680.8942052 1154.15910  31.3%     -    9s
H    0     0                    1576.8298159 1154.15910  26.8%     -    9s
H    0     0                    1550.6785292 1154.15910  25.6%     -   10s
H    0     0                    1550.5685334 1154.15910  25.6%     -   12s
H    0     0                    1550.4602367 1154.15910  25.6%     -   12s
     0     0 1156.33939    0  581 1550.46024 1156.33939  25.4%     -   18s
     0     0 1156.33939    0  519 1550.46024 1156.33939  25.4%     -   29s
H    0     0                    1545.8317748 1156.33939  25.2%     -   30s
H    0     0                    1497.9923055 1156.33939  22.8%     -   30s
H    0     0                    1487.4242702 1156.33939  22.3%     -   32s
     0     0 1157.84012    0  540 1487.42427 1157.84012  22.2%     -   37s
H    0     0                    1481.8628925 1157.84231  21.9%     -   38s
H    0     0                    1408.6951729 1157.84231  17.8%     -   39s
H    0     0                    1404.1551549 1157.84231  17.5%     -   39s
H    0     0                    1401.6760996 1157.84231  17.4%     -   39s
H    0     0                    1393.0664026 1157.84231  16.9%     -   41s
H    0     0                    1358.1025799 1157.84231  14.7%     -   42s
H    0     0                    1353.3172836 1157.84231  14.4%     -   43s
H    0     0                    1346.4141370 1157.84231  14.0%     -   43s
H    0     0                    1337.7372714 1157.84231  13.4%     -   43s
H    0     0                    1337.2334128 1157.84231  13.4%     -   44s
H    0     0                    1335.6942514 1157.84231  13.3%     -   44s
H    0     0                    1335.2254524 1157.84231  13.3%     -   45s
     0     0 1158.53641    0  559 1335.22545 1158.53641  13.2%     -   46s
     0     0 1158.53641    0  559 1335.22545 1158.53641  13.2%     -   46s
     0     0 1162.03436    0  587 1335.22545 1162.03436  13.0%     -   49s
     0     0 1162.21656    0  592 1335.22545 1162.21656  13.0%     -   49s
     0     0 1162.21774    0  592 1335.22545 1162.21774  13.0%     -   49s
     0     0 1166.83811    0  595 1335.22545 1166.83811  12.6%     -   63s
     0     0 1168.11003    0  598 1335.22545 1168.11003  12.5%     -   63s
     0     0 1168.11003    0  600 1335.22545 1168.11003  12.5%     -   64s
     0     0 1168.11003    0  606 1335.22545 1168.11003  12.5%     -   69s
     0     0 1168.11003    0  610 1335.22545 1168.11003  12.5%     -   81s
     0     0 1168.11003    0  619 1335.22545 1168.11003  12.5%     -   88s
     0     0 1168.11003    0  618 1335.22545 1168.11003  12.5%     -   88s
     0     0 1170.24856    0  615 1335.22545 1170.24856  12.4%     -   99s
H    0     0                    1333.6597959 1170.24856  12.3%     -  100s
H    0     0                    1332.9097911 1170.24856  12.2%     -  102s
H    0     0                    1270.5085332 1170.24856  7.89%     -  105s
H    0     0                    1263.6759159 1170.24856  7.39%     -  106s
H    0     0                    1259.4196294 1170.24856  7.08%     -  107s
     0     0 1170.25772    0  610 1259.41963 1170.25772  7.08%     -  109s
     0     0 1170.25796    0  618 1259.41963 1170.25796  7.08%     -  109s
     0     0 1171.43141    0  610 1259.41963 1171.43141  6.99%     -  115s
     0     0 1171.43141    0  518 1259.41963 1171.43141  6.99%     -  121s
H    0     0                    1257.1673085 1171.43141  6.82%     -  122s
     0     0 1171.43141    0  562 1257.16731 1171.43141  6.82%     -  125s
H    0     0                    1255.3159550 1171.43141  6.68%     -  125s
H    0     0                    1253.9763252 1171.43141  6.58%     -  131s
H    0     0                    1253.6494171 1171.43141  6.56%     -  132s
     0     0 1171.43141    0  592 1253.64942 1171.43141  6.56%     -  135s
     0     0 1171.50242    0  623 1253.64942 1171.50242  6.55%     -  138s
     0     0 1171.57848    0  627 1253.64942 1171.57848  6.55%     -  138s
     0     0 1171.57848    0  624 1253.64942 1171.57848  6.55%     -  138s
     0     0 1171.92305    0  615 1253.64942 1171.92305  6.52%     -  140s
     0     0 1171.92508    0  611 1253.64942 1171.92508  6.52%     -  141s
     0     0 1172.98527    0  595 1253.64942 1172.98527  6.43%     -  144s
     0     0 1172.99532    0  597 1253.64942 1172.99532  6.43%     -  145s
     0     0 1172.99701    0  597 1253.64942 1172.99701  6.43%     -  145s
     0     0 1175.70059    0  609 1253.64942 1175.70059  6.22%     -  149s
     0     0 1175.72068    0  615 1253.64942 1175.72068  6.22%     -  150s
     0     0 1175.72068    0  610 1253.64942 1175.72068  6.22%     -  150s
     0     0 1176.24920    0  612 1253.64942 1176.24920  6.17%     -  151s
     0     0 1176.38976    0  608 1253.64942 1176.38976  6.16%     -  151s
     0     0 1176.39440    0  606 1253.64942 1176.39440  6.16%     -  151s
     0     0 1176.39440    0  605 1253.64942 1176.39440  6.16%     -  151s
     0     0 1176.51079    0  618 1253.64942 1176.51079  6.15%     -  152s
H    0     0                    1252.0959397 1176.51253  6.04%     -  166s
     0     0 1176.51897    0  615 1252.09594 1176.51897  6.04%     -  166s
     0     0 1176.51897    0  614 1252.09594 1176.51897  6.04%     -  166s
     0     0 1176.54117    0  622 1252.09594 1176.54117  6.03%     -  167s
     0     0 1176.54410    0  618 1252.09594 1176.54410  6.03%     -  167s
     0     0 1177.42929    0  600 1252.09594 1177.42929  5.96%     -  169s
     0     0 1177.43672    0  599 1252.09594 1177.43672  5.96%     -  170s
     0     0 1177.49911    0  621 1252.09594 1177.49911  5.96%     -  171s
     0     0 1177.50732    0  616 1252.09594 1177.50732  5.96%     -  172s
     0     0 1177.50919    0  616 1252.09594 1177.50919  5.96%     -  172s
     0     0 1177.70370    0  618 1252.09594 1177.70370  5.94%     -  174s
     0     0 1177.71326    0  629 1252.09594 1177.71326  5.94%     -  175s
     0     0 1177.71326    0  634 1252.09594 1177.71326  5.94%     -  175s
     0     0 1177.81909    0  632 1252.09594 1177.81909  5.93%     -  176s
     0     0 1177.81945    0  598 1252.09594 1177.81945  5.93%     -  177s
     0     0 1177.82844    0  627 1252.09594 1177.82844  5.93%     -  181s
     0     0 1177.82844    0  623 1252.09594 1177.82844  5.93%     -  182s
     0     0 1177.85209    0  629 1252.09594 1177.85209  5.93%     -  183s
     0     0 1177.85209    0  629 1252.09594 1177.85209  5.93%     -  183s
     0     0 1177.85209    0  606 1252.09594 1177.85209  5.93%     -  188s
     0     0 1185.64863    0  521 1252.09594 1185.64863  5.31%     -  212s
     0     0 1185.64863    0  577 1252.09594 1185.64863  5.31%     -  220s
H    0     0                    1252.0959391 1185.64863  5.31%     -  226s
     0     0 1185.64863    0  564 1252.09594 1185.64863  5.31%     -  235s
     0     0 1185.64863    0  587 1252.09594 1185.64863  5.31%     -  237s
     0     0 1185.64863    0  599 1252.09594 1185.64863  5.31%     -  239s
     0     0 1185.64863    0  629 1252.09594 1185.64863  5.31%     -  239s
     0     0 1185.64863    0  629 1252.09594 1185.64863  5.31%     -  240s
     0     0 1185.64863    0  627 1252.09594 1185.64863  5.31%     -  240s
     0     0 1185.64863    0  608 1252.09594 1185.64863  5.31%     -  242s
     0     0 1185.64863    0  608 1252.09594 1185.64863  5.31%     -  243s
     0     0 1185.64863    0  615 1252.09594 1185.64863  5.31%     -  243s
     0     0 1185.64863    0  592 1252.09594 1185.64863  5.31%     -  246s
     0     0 1185.64863    0  599 1252.09594 1185.64863  5.31%     -  247s
     0     0 1185.64863    0  600 1252.09594 1185.64863  5.31%     -  248s
     0     0 1185.64863    0  575 1252.09594 1185.64863  5.31%     -  252s
     0     0 1185.64863    0  575 1252.09594 1185.64863  5.31%     -  252s
     0     0 1185.64863    0  571 1252.09594 1185.64863  5.31%     -  252s
     0     0 1185.64863    0  588 1252.09594 1185.64863  5.31%     -  253s
     0     0 1185.64863    0  588 1252.09594 1185.64863  5.31%     -  261s
     0     0 1185.64863    0  560 1252.09594 1185.64863  5.31%     -  263s
     0     0 1185.64863    0  567 1252.09594 1185.64863  5.31%     -  263s
     0     0 1185.64863    0  578 1252.09594 1185.64863  5.31%     -  264s
     0     0 1185.64863    0  566 1252.09594 1185.64863  5.31%     -  264s
     0     0 1185.64863    0  578 1252.09594 1185.64863  5.31%     -  265s
     0     0 1185.64863    0  577 1252.09594 1185.64863  5.31%     -  266s
     0     0 1185.64863    0  577 1252.09594 1185.64863  5.31%     -  266s
     0     0 1185.64863    0  577 1252.09594 1185.64863  5.31%     -  267s
     0     0 1185.64863    0  568 1252.09594 1185.64863  5.31%     -  270s
     0     0 1185.64863    0  568 1252.09594 1185.64863  5.31%     -  270s
     0     0 1185.64863    0  562 1252.09594 1185.64863  5.31%     -  270s
     0     2 1190.92616    0  562 1252.09594 1190.92616  4.89%     -  286s
     3     7 1190.92616    2  348 1252.09594 1190.92616  4.89%  3907  291s
    10    20 1190.92616    4  301 1252.09594 1190.92616  4.89%  4201  299s
    19    24 1194.78524    6  239 1252.09594 1190.92616  4.89%  5299  304s
    23    30 1192.06380    7  301 1252.09594 1190.92616  4.89%  5319  307s
    29    38 1192.30150    8  297 1252.09594 1190.92616  4.89%  5301  312s
    42    52 1192.59218   11  279 1252.09594 1190.92616  4.89%  5095  317s
    51    57 1194.66276   14  275 1252.09594 1190.92616  4.89%  4775  320s
    68    79 1194.38460   18  246 1252.09594 1190.92616  4.89%  4325  325s
    87   104 1195.22289   27  283 1252.09594 1190.92616  4.89%  3779  332s
   122   145 1196.04272   38  287 1252.09594 1190.92616  4.89%  2886  335s
   167   189 1196.64565   53  251 1252.09594 1190.92616  4.89%  2213  340s
   253   282 1197.10233   66  279 1252.09594 1190.92616  4.89%  1661  345s
   324   343 1197.64559   81  287 1252.09594 1190.92616  4.89%  1433  351s
   342   371 1198.04509   83  272 1252.09594 1190.92616  4.89%  1460  355s

Cutting planes:
  Gomory: 8
  Cover: 12
  Implied bound: 136
  Clique: 7
  MIR: 24
  Flow cover: 81
  GUB cover: 2
  Zero half: 40
  Network: 7
  RLT: 4
  Relax-and-lift: 166
  BQP: 1

Explored 466 nodes (1365838 simplex iterations) in 360.01 seconds (1024.62 work units)
Thread count was 4 (of 32 available processors)

Solution count 10: 1252.1 1252.1 1253.65 ... 1332.91

Time limit reached
Best objective 1.252095939117e+03, best bound 1.190926162104e+03, gap 4.8854%

User-callback calls 63684, time in user-callback 0.02 sec
Cap boundary reject: PORT-591 real=1244.285 baseline=1244.285
Cap boundary debug: PORT-591 -> [276 277 278 279 280 281 557 556 282 283 284 555 558 559 560 561 562 554 550 551 552 285 286 287 288 312 313 314 315 316 317 318 319 320 340 341 553 301 302 300 299 298 305 304 303 307 294 293 291 290 289 311 309 310 292 295 306 297 296 545 546 547 548 549 541 544 543 542 540 539 538 537 536 535 534 573 574 577 528 575] -> PORT-593 -> [480 465 464 454 455 22 23 24 96 95 91 89 88 87 86 85 84 83 82 81 80 79 78 77 70 76 75 72 73 74 71 65 63 64 57 59 58 60 61 62 386 401 400 399 407 406 405 404 415 418 419 420 421 423 422 424 425 417 416 381 426 368 367 365 364 363 362 361 348 332 331 330 329 327 325 324 323 321 339 338 337 336 335 334 333 347 481 90] -> PORT-591 | load_left=44941 load_right=44526 cap=45000
Set parameter Username
Set parameter LicenseID to value 2738882
Academic license - for non-commercial use only - expires 2026-11-14
Set parameter TimeLimit to value 360
Set parameter Seed to value 485038462
Set parameter Threads to value 4
Set parameter OutputFlag to value 1
Set parameter LogToConsole to value 1
Set parameter LazyConstraints to value 1
Gurobi Optimizer version 13.0.0 build v13.0.0rc1 (linux64 - "Debian GNU/Linux 13 (trixie)")

CPU model: AMD Ryzen 9 5950X 16-Core Processor, instruction set [SSE2|AVX|AVX2]
Thread count: 16 physical cores, 32 logical processors, using up to 4 threads

Non-default parameters:
TimeLimit  360
Seed  485038462
Threads  4
LazyConstraints  1

Optimize a model with 118986 rows, 346800 columns and 693588 nonzeros (Min)
Model fingerprint: 0x4405548d
Model has 114920 linear objective coefficients
Variable types: 231200 continuous, 115600 integer (115600 binary)
Coefficient statistics:
  Matrix range     [1e+00, 4e+04]
  Objective range  [4e-01, 1e+05]
  Bounds range     [1e+00, 4e+04]
  RHS range        [1e+00, 1e+04]
Presolve removed 3730 rows and 117806 columns
Presolve time: 0.79s
Presolved: 115256 rows, 228994 columns, 687269 nonzeros
Variable types: 113904 continuous, 115090 integer (115090 binary)
Root relaxation presolved: 115256 rows, 228994 columns, 687269 nonzeros

Deterministic concurrent LP optimizer: primal simplex, dual simplex, and barrier
Showing barrier log only...

Root barrier log...

Ordering time: 0.07s

Barrier statistics:
 AA' NZ     : 6.892e+05
 Factor NZ  : 1.486e+06 (roughly 150 MB of memory)
 Factor Ops : 8.214e+08 (less than 1 second per iteration)
 Threads    : 2

                  Objective                Residual
Iter       Primal          Dual         Primal    Dual     Compl     Time
   0   2.89631438e+10 -7.21668273e+13  3.05e+05 1.46e-11  2.12e+08     2s
   1   1.37300252e+10 -4.92762744e+13  1.45e+05 2.80e+04  1.24e+08     2s
   2   9.64357284e+09 -2.83376321e+12  1.02e+05 6.98e-10  2.80e+07     2s
   3   5.43603474e+09 -1.24791502e+12  5.73e+04 6.11e-10  1.48e+07     2s
   4   4.55219018e+09 -1.23166822e+12  4.80e+04 5.58e-10  1.27e+07     2s
   5   2.42938588e+09 -8.46120243e+11  2.56e+04 6.98e-10  7.09e+06     2s
   6   7.50988419e+08 -5.03566713e+11  7.89e+03 6.23e-10  2.57e+06     2s
   7   1.08725919e+08 -3.08915928e+11  1.11e+03 5.25e-10  7.70e+05     2s
   8   7.14175823e+06 -2.62833361e+10  3.51e+01 1.01e-09  5.15e+04     2s
   9   5.91524732e+06 -1.35328863e+10  2.20e+01 1.78e-09  2.64e+04     2s
  10   5.67054752e+06 -8.90593932e+09  1.93e+01 1.08e-08  1.78e+04     2s
  11   5.16682941e+06 -7.55962166e+09  1.29e+01 9.98e-09  1.43e+04     2s
  12   4.91813492e+06 -3.51258301e+09  9.66e+00 7.66e-09  6.55e+03     2s
  13   4.25309464e+06 -1.04083931e+09  3.84e+00 9.49e-09  1.89e+03     2s
  14   3.84584941e+06 -1.23574141e+08  8.28e-01 7.30e-09  2.25e+02     3s
  15   3.41137958e+06 -7.27416790e+07  1.32e-01 4.29e-09  1.33e+02     3s
  16   2.80859819e+06 -3.88689734e+07  2.85e-02 5.37e-09  7.29e+01     3s
  17   1.99724916e+06 -3.13627257e+07  1.47e-03 1.19e-08  5.83e+01     3s
  18   1.11578506e+06 -1.01928994e+07  1.43e-05 9.11e-09  1.98e+01     3s
  19   2.89012842e+05 -1.63229585e+06  1.82e-07 5.11e-09  3.36e+00     3s
  20   3.55340649e+04 -1.75198685e+05  9.01e-09 7.37e-09  3.68e-01     3s
  21   2.70329377e+04 -7.84117829e+04  2.43e-10 1.40e-08  1.84e-01     3s
  22   1.95641440e+04 -4.46498425e+04  8.18e-11 1.49e-08  1.12e-01     3s
  23   1.44174199e+04 -1.82838713e+04  9.12e-11 1.07e-08  5.72e-02     3s
  24   9.85038063e+03 -9.76754156e+03  5.73e-11 8.50e-09  3.43e-02     3s
  25   6.31870162e+03 -5.61322516e+03  1.28e-11 9.38e-09  2.09e-02     3s
  26   3.86888852e+03 -2.07151837e+03  2.97e-10 8.11e-09  1.04e-02     3s
  27   2.32046154e+03 -3.66366865e+02  6.26e-10 5.69e-09  4.70e-03     4s
  28   1.81066290e+03  2.90802634e+02  1.44e-10 8.15e-09  2.66e-03     4s
  29   1.62525775e+03  8.87904990e+02  5.90e-11 1.08e-08  1.29e-03     4s
  30   1.53215293e+03  1.10390921e+03  2.58e-11 8.84e-09  7.49e-04     4s
  31   1.46528847e+03  1.27538638e+03  7.38e-12 1.06e-08  3.32e-04     4s
  32   1.44808744e+03  1.35517394e+03  6.24e-12 7.80e-09  1.62e-04     4s
  33   1.43483521e+03  1.40096308e+03  5.57e-12 1.09e-08  5.92e-05     4s
  34   1.42849030e+03  1.41895009e+03  1.33e-09 7.70e-09  1.67e-05     4s
  35   1.42784564e+03  1.42429014e+03  4.63e-10 6.93e-09  6.22e-06     4s
  36   1.42775144e+03  1.42653613e+03  1.00e-10 9.17e-09  2.13e-06     4s
  37   1.42767247e+03  1.42746213e+03  1.36e-11 8.37e-09  3.68e-07     4s
  38   1.42765736e+03  1.42762038e+03  6.80e-11 5.63e-09  6.47e-08     4s
  39   1.42765091e+03  1.42764864e+03  2.10e-10 5.75e-09  3.97e-09     5s
  40   1.42765069e+03  1.42765059e+03  2.30e-07 7.15e-09  1.64e-10     5s
  41   1.42765062e+03  1.42765062e+03  1.02e-08 8.08e-09  1.09e-11     5s

Barrier solved model in 41 iterations and 4.67 seconds (6.87 work units)
Optimal objective 1.42765062e+03

Crossover time: 0.24 seconds (0.33 work units)
Concurrent spin time: 0.01s

Solved with barrier

Root relaxation: objective 1.427651e+03, 55241 iterations, 3.77 seconds (4.58 work units)

    Nodes    |    Current Node    |     Objective Bounds      |     Work
 Expl Unexpl |  Obj  Depth IntInf | Incumbent    BestBd   Gap | It/Node Time

     0     0 1427.65062    0  620          - 1427.65062      -     -   10s
H    0     0                    504505.52385 1427.65062   100%     -   11s
H    0     0                    2798.6172774 1427.65062  49.0%     -   11s
H    0     0                    2790.7937877 1427.65062  48.8%     -   12s
H    0     0                    2786.5644032 1427.65062  48.8%     -   14s
H    0     0                    2765.2011360 1427.65062  48.4%     -   15s
H    0     0                    2756.1098138 1427.65062  48.2%     -   18s
H    0     0                    2204.4642242 1427.65062  35.2%     -   18s
H    0     0                    2184.9210151 1427.65062  34.7%     -   18s
H    0     0                    2003.0733788 1427.65062  28.7%     -   19s
H    0     0                    1979.0118201 1427.65062  27.9%     -   20s
H    0     0                    1977.0250653 1427.65062  27.8%     -   21s
     0     0 1443.48940    0  688 1977.02507 1443.48940  27.0%     -   33s
     0     0 1443.48940    0  616 1977.02507 1443.48940  27.0%     -   46s
H    0     0                    1974.3755576 1443.48940  26.9%     -   48s
H    0     0                    1961.6109810 1443.48940  26.4%     -   49s
H    0     0                    1960.3691067 1443.48940  26.4%     -   49s
H    0     0                    1955.4115753 1443.48940  26.2%     -   52s
H    0     0                    1945.3810370 1443.48940  25.8%     -   52s
H    0     0                    1943.6139890 1443.48940  25.7%     -   53s
H    0     0                    1940.7014828 1443.48940  25.6%     -   54s
     0     0 1443.90281    0  688 1940.70148 1443.90281  25.6%     -   60s
H    0     0                    1906.3553098 1444.26062  24.2%     -   62s
H    0     0                    1823.7463989 1444.26062  20.8%     -   63s
H    0     0                    1817.7371139 1444.26062  20.5%     -   66s
H    0     0                    1803.2150028 1444.26062  19.9%     -   67s
H    0     0                    1802.1245965 1444.26062  19.9%     -   68s
H    0     0                    1801.1672827 1444.26062  19.8%     -   68s
H    0     0                    1794.3043135 1444.26062  19.5%     -   68s
H    0     0                    1793.3469998 1444.26062  19.5%     -   70s
H    0     0                    1789.0158939 1444.26062  19.3%     -   70s
H    0     0                    1787.8517041 1444.26062  19.2%     -   71s
H    0     0                    1787.3714699 1444.26062  19.2%     -   73s
H    0     0                    1775.3006321 1444.26062  18.6%     -   76s
H    0     0                    1761.5383942 1444.26062  18.0%     -   76s
     0     0 1444.26062    0  692 1761.53839 1444.26062  18.0%     -   84s
     0     0 1444.26062    0  692 1761.53839 1444.26062  18.0%     -   85s
     0     0 1448.10510    0  714 1761.53839 1448.10510  17.8%     -   89s
     0     0 1448.19100    0  715 1761.53839 1448.19100  17.8%     -   94s
     0     0 1448.19100    0  717 1761.53839 1448.19100  17.8%     -   94s
     0     0 1504.91204    0  705 1761.53839 1504.91204  14.6%     -  109s
     0     0 1505.05869    0  704 1761.53839 1505.05869  14.6%     -  110s
     0     0 1505.05982    0  709 1761.53839 1505.05982  14.6%     -  110s
     0     0 1507.35577    0  750 1761.53839 1507.35577  14.4%     -  121s
     0     0 1507.35577    0  609 1761.53839 1507.35577  14.4%     -  131s
H    0     0                    1761.0238708 1507.35577  14.4%     -  135s
     0     0 1507.35577    0  699 1761.02387 1507.35577  14.4%     -  146s
     0     0 1508.06753    0  725 1761.02387 1508.06753  14.4%     -  170s
     0     0 1509.97821    0  716 1761.02387 1509.97821  14.3%     -  171s
     0     0 1510.07115    0  715 1761.02387 1510.07115  14.3%     -  172s
     0     0 1510.07643    0  716 1761.02387 1510.07643  14.3%     -  172s
     0     0 1511.04255    0  731 1761.02387 1511.04255  14.2%     -  177s
     0     0 1511.63467    0  734 1761.02387 1511.63467  14.2%     -  179s
     0     0 1511.63522    0  736 1761.02387 1511.63522  14.2%     -  179s
     0     0 1514.41597    0  759 1761.02387 1514.41597  14.0%     -  196s
     0     0 1514.45310    0  766 1761.02387 1514.45310  14.0%     -  197s
     0     0 1514.45445    0  764 1761.02387 1514.45445  14.0%     -  197s
     0     0 1514.70763    0  785 1761.02387 1514.70763  14.0%     -  211s
     0     0 1514.71214    0  787 1761.02387 1514.71214  14.0%     -  212s
     0     0 1537.21305    0  748 1761.02387 1537.21305  12.7%     -  219s
     0     0 1537.23048    0  743 1761.02387 1537.23048  12.7%     -  219s
     0     0 1537.42582    0  752 1761.02387 1537.42582  12.7%     -  221s
     0     0 1537.43393    0  753 1761.02387 1537.43393  12.7%     -  222s
     0     0 1539.22325    0  718 1761.02387 1539.22325  12.6%     -  224s
     0     0 1539.22614    0  724 1761.02387 1539.22614  12.6%     -  224s
     0     0 1539.31100    0  738 1761.02387 1539.31100  12.6%     -  226s
     0     0 1539.31772    0  747 1761.02387 1539.31772  12.6%     -  226s
     0     0 1539.55931    0  771 1761.02387 1539.55931  12.6%     -  229s
     0     0 1539.73606    0  772 1761.02387 1539.73606  12.6%     -  231s
     0     0 1539.73835    0  772 1761.02387 1539.73835  12.6%     -  231s
     0     0 1539.95434    0  772 1761.02387 1539.95434  12.6%     -  234s
     0     0 1539.97786    0  765 1761.02387 1539.97786  12.6%     -  234s
     0     0 1539.97818    0  765 1761.02387 1539.97818  12.6%     -  234s
     0     0 1540.24488    0  754 1761.02387 1540.24488  12.5%     -  237s
     0     0 1540.27306    0  760 1761.02387 1540.27306  12.5%     -  237s
     0     0 1540.27445    0  761 1761.02387 1540.27445  12.5%     -  237s
     0     0 1546.74613    0  750 1761.02387 1546.74613  12.2%     -  242s
     0     0 1546.76736    0  742 1761.02387 1546.76736  12.2%     -  242s
     0     0 1546.76998    0  747 1761.02387 1546.76998  12.2%     -  243s
     0     0 1546.85178    0  752 1761.02387 1546.85178  12.2%     -  245s
     0     0 1546.87983    0  748 1761.02387 1546.87983  12.2%     -  246s
     0     0 1546.88724    0  753 1761.02387 1546.88724  12.2%     -  246s
     0     0 1546.94222    0  753 1761.02387 1546.94222  12.2%     -  248s
     0     0 1546.97539    0  736 1761.02387 1546.97539  12.2%     -  249s
     0     0 1546.98325    0  735 1761.02387 1546.98325  12.2%     -  249s
     0     0 1548.99169    0  750 1761.02387 1548.99169  12.0%     -  253s
     0     0 1549.07751    0  763 1761.02387 1549.07751  12.0%     -  254s
     0     0 1549.08133    0  767 1761.02387 1549.08133  12.0%     -  254s
     0     0 1549.11946    0  760 1761.02387 1549.11946  12.0%     -  263s
     0     0 1549.11946    0  753 1761.02387 1549.11946  12.0%     -  264s
     0     0 1549.19738    0  785 1761.02387 1549.19738  12.0%     -  267s
     0     0 1549.19852    0  782 1761.02387 1549.19852  12.0%     -  268s
     0     0 1549.23893    0  786 1761.02387 1549.23893  12.0%     -  271s
     0     0 1549.23893    0  786 1761.02387 1549.23893  12.0%     -  271s
     0     0 1549.23893    0  712 1761.02387 1549.23893  12.0%     -  273s
     0     2 1560.61324    0  711 1761.02387 1560.61324  11.4%     -  315s
     7    12 1560.61324    3  735 1761.02387 1560.61324  11.4%  1866  321s
    11    18 1560.61324    4  738 1761.02387 1560.61324  11.4%  1339  325s
    17    30 1560.61324    7  720 1761.02387 1560.61324  11.4%  1126  330s
    46    55 1565.78876   13  713 1761.02387 1560.61324  11.4%   737  337s
    54    66 1571.85837   12  714 1761.02387 1560.61324  11.4%   810  341s
    65    69 1571.42997   21  700 1761.02387 1560.61324  11.4%   677  346s
    68    78 1573.29085   15  695 1761.02387 1560.61324  11.4%   674  350s
    92   104 1577.07303   19  676 1761.02387 1560.61324  11.4%   550  356s

Cutting planes:
  Learned: 1
  Gomory: 1
  Cover: 10
  Implied bound: 323
  Clique: 4
  MIR: 91
  Flow cover: 171
  Zero half: 57
  Network: 18
  RLT: 21
  Relax-and-lift: 335
  BQP: 2

Explored 115 nodes (530309 simplex iterations) in 360.01 seconds (952.72 work units)
Thread count was 4 (of 32 available processors)

Solution count 10: 1761.02 1761.54 1775.3 ... 1802.12

Time limit reached
Best objective 1.761023870820e+03, best bound 1.560613242149e+03, gap 11.3803%

User-callback calls 40666, time in user-callback 0.02 sec
Cap boundary reject: PORT-593 real=1757.852 baseline=1757.852
Cap boundary debug: PORT-593 -> [480 465 464 454 455 22 23 24 96 95 91 89 88 87 86 85 84 83 82 81 80 79 78 77 70 76 75 72 73 74 71 65 63 64 57 59 58 60 61 62 386 401 400 399 407 406 405 404 415 418 419 420 421 423 422 424 425 417 416 381 426 368 367 365 364 363 362 361 348 332 331 330 329 327 325 324 323 321 339 338 337 336 335 334 333 347 481 90] -> PORT-591 -> [346 345 344 343 342 566 563 564 565 567 568 569 570 571 572 576 527 514 513 512 436 435 438 437 440 441 442 443 444 506 505 449 448 450 451 452 453 456 457 458 100 99] -> PORT-583 | load_left=44526 load_right=44949 cap=45000
Set parameter Username
Set parameter LicenseID to value 2738882
Academic license - for non-commercial use only - expires 2026-11-14
Set parameter TimeLimit to value 360
Set parameter Seed to value 1902296299
Set parameter Threads to value 4
Set parameter OutputFlag to value 1
Set parameter LogToConsole to value 1
Set parameter LazyConstraints to value 1
Gurobi Optimizer version 13.0.0 build v13.0.0rc1 (linux64 - "Debian GNU/Linux 13 (trixie)")

CPU model: AMD Ryzen 9 5950X 16-Core Processor, instruction set [SSE2|AVX|AVX2]
Thread count: 16 physical cores, 32 logical processors, using up to 4 threads

Non-default parameters:
TimeLimit  360
Seed  1902296299
Threads  4
LazyConstraints  1

Optimize a model with 72322 rows, 209088 columns and 418164 nonzeros (Min)
Model fingerprint: 0xaed0f99f
Model has 69168 linear objective coefficients
Variable types: 139392 continuous, 69696 integer (69696 binary)
Coefficient statistics:
  Matrix range     [1e+00, 4e+04]
  Objective range  [4e-01, 1e+05]
  Bounds range     [1e+00, 4e+04]
  RHS range        [1e+00, 1e+04]
Presolve removed 2894 rows and 71408 columns
Presolve time: 0.46s
Presolved: 69428 rows, 137680 columns, 413526 nonzeros
Variable types: 68380 continuous, 69300 integer (69300 binary)
Root relaxation presolved: 69428 rows, 137680 columns, 413526 nonzeros

Deterministic concurrent LP optimizer: primal and dual simplex
Showing primal log only...


Root simplex log...

Iteration    Objective       Primal Inf.    Dual Inf.      Time
   69549    2.3179392e+02   0.000000e+00   2.176367e+02      5s
   71164    1.0811231e+03   0.000000e+00   0.000000e+00      5s
Concurrent spin time: 0.00s

Solved with primal simplex

Root relaxation: objective 1.081123e+03, 71164 iterations, 4.49 seconds (9.39 work units)

    Nodes    |    Current Node    |     Objective Bounds      |     Work
 Expl Unexpl |  Obj  Depth IntInf | Incumbent    BestBd   Gap | It/Node Time

     0     0 1081.12306    0  464          - 1081.12306      -     -    5s
     0     0 1081.12306    0  464          - 1081.12306      -     -   11s
H    0     0                    303441.45869 1081.12306   100%     -   13s
H    0     0                    303389.19178 1081.12306   100%     -   13s
H    0     0                    203000.17765 1081.12306  99.5%     -   14s
H    0     0                    202994.18486 1081.12306  99.5%     -   19s
H    0     0                    2287.8539550 1081.12306  52.7%     -   20s
H    0     0                    2020.7221047 1081.12306  46.5%     -   20s
H    0     0                    2017.3499241 1081.12306  46.4%     -   20s
H    0     0                    1996.4006687 1081.12306  45.8%     -   21s
H    0     0                    1990.1875328 1081.12306  45.7%     -   21s
H    0     0                    1990.1188853 1081.12306  45.7%     -   22s
H    0     0                    1988.9090372 1081.12306  45.6%     -   23s
     0     0 1081.12306    0  463 1988.90904 1081.12306  45.6%     -   24s
     0     0 1083.57474    0  528 1988.90904 1083.57474  45.5%     -   28s
     0     0 1083.57474    0  464 1988.90904 1083.57474  45.5%     -   32s
H    0     0                    1970.7838745 1083.57474  45.0%     -   33s
H    0     0                    1903.3618441 1083.57474  43.1%     -   33s
H    0     0                    1897.3681600 1083.57474  42.9%     -   34s
     0     0 1084.39583    0  527 1897.36816 1084.39583  42.8%     -   38s
H    0     0                    1831.7678061 1084.39583  40.8%     -   39s
H    0     0                    1816.5213441 1084.39583  40.3%     -   39s
H    0     0                    1812.0160102 1084.39583  40.2%     -   40s
H    0     0                    1805.0123176 1084.39583  39.9%     -   40s
H    0     0                    1804.8279349 1084.39583  39.9%     -   41s
H    0     0                    1803.5549181 1084.39583  39.9%     -   42s
H    0     0                    1796.7885596 1084.39583  39.6%     -   42s
H    0     0                    1793.3442490 1084.39583  39.5%     -   42s
H    0     0                    1788.3858725 1084.39583  39.4%     -   42s
H    0     0                    1788.3340559 1084.39583  39.4%     -   42s
H    0     0                    1786.6398651 1084.39583  39.3%     -   42s
H    0     0                    1777.5902627 1084.39583  39.0%     -   43s
H    0     0                    1777.3212553 1084.39583  39.0%     -   43s
H    0     0                    1777.3212512 1084.39583  39.0%     -   46s
     0     0 1085.09674    0  529 1777.32125 1085.09674  38.9%     -   47s
     0     0 1085.09677    0  530 1777.32125 1085.09677  38.9%     -   47s
     0     0 1087.72642    0  558 1777.32125 1087.72642  38.8%     -   51s
     0     0 1087.80909    0  557 1777.32125 1087.80909  38.8%     -   51s
     0     0 1087.81214    0  560 1777.32125 1087.81214  38.8%     -   51s
     0     0 1089.24768    0  581 1777.32125 1089.24768  38.7%     -   57s
     0     0 1089.28335    0  577 1777.32125 1089.28335  38.7%     -   57s
     0     0 1089.28807    0  576 1777.32125 1089.28807  38.7%     -   57s
     0     0 1089.28983    0  577 1777.32125 1089.28983  38.7%     -   57s
     0     0 1089.28984    0  577 1777.32125 1089.28984  38.7%     -   57s
     0     0 1092.02776    0  587 1777.32125 1092.02776  38.6%     -   62s
     0     0 1092.06906    0  587 1777.32125 1092.06906  38.6%     -   62s
     0     0 1092.06918    0  588 1777.32125 1092.06918  38.6%     -   62s
     0     0 1092.41058    0  593 1777.32125 1092.41058  38.5%     -   64s
     0     0 1092.41207    0  598 1777.32125 1092.41207  38.5%     -   64s
     0     0 1092.66817    0  589 1777.32125 1092.66817  38.5%     -   66s
     0     0 1092.77835    0  582 1777.32125 1092.77835  38.5%     -   67s
     0     0 1092.78198    0  592 1777.32125 1092.78198  38.5%     -   67s
     0     0 1092.78198    0  592 1777.32125 1092.78198  38.5%     -   67s
     0     0 1093.62287    0  580 1777.32125 1093.62287  38.5%     -   68s
     0     0 1093.82622    0  581 1777.32125 1093.82622  38.5%     -   69s
     0     0 1093.82956    0  584 1777.32125 1093.82956  38.5%     -   69s
     0     0 1093.82956    0  584 1777.32125 1093.82956  38.5%     -   69s
     0     0 1093.85628    0  577 1777.32125 1093.85628  38.5%     -   71s
     0     0 1093.86464    0  579 1777.32125 1093.86464  38.5%     -   71s
     0     0 1093.86506    0  575 1777.32125 1093.86506  38.5%     -   71s
     0     0 1094.57144    0  562 1777.32125 1094.57144  38.4%     -   73s
     0     0 1094.57827    0  564 1777.32125 1094.57827  38.4%     -   73s
     0     0 1094.59361    0  583 1777.32125 1094.59361  38.4%     -   74s
     0     0 1094.59375    0  573 1777.32125 1094.59375  38.4%     -   75s
     0     0 1096.65204    0  572 1777.32125 1096.65204  38.3%     -   77s
     0     0 1096.75573    0  578 1777.32125 1096.75573  38.3%     -   77s
     0     0 1096.75573    0  582 1777.32125 1096.75573  38.3%     -   77s
     0     0 1097.69918    0  584 1777.32125 1097.69918  38.2%     -   80s
     0     0 1097.69987    0  586 1777.32125 1097.69987  38.2%     -   80s
     0     0 1097.79450    0  594 1777.32125 1097.79450  38.2%     -   81s
     0     0 1097.80753    0  594 1777.32125 1097.80753  38.2%     -   82s
     0     0 1097.86937    0  601 1777.32125 1097.86937  38.2%     -   83s
     0     0 1097.89072    0  598 1777.32125 1097.89072  38.2%     -   83s
     0     0 1097.89072    0  596 1777.32125 1097.89072  38.2%     -   85s
     0     0 1097.89811    0  596 1777.32125 1097.89811  38.2%     -   85s
     0     0 1097.89811    0  602 1777.32125 1097.89811  38.2%     -   86s
     0     0 1097.89811    0  602 1777.32125 1097.89811  38.2%     -   86s
     0     0 1102.33105    0  595 1777.32125 1102.33105  38.0%     -   87s
     0     0 1102.35995    0  605 1777.32125 1102.35995  38.0%     -   87s
     0     0 1102.36389    0  605 1777.32125 1102.36389  38.0%     -   88s
     0     0 1102.60396    0  603 1777.32125 1102.60396  38.0%     -   88s
     0     0 1102.60493    0  599 1777.32125 1102.60493  38.0%     -   88s
     0     0 1102.62640    0  585 1777.32125 1102.62640  38.0%     -   89s
     0     0 1102.62641    0  585 1777.32125 1102.62641  38.0%     -   89s
     0     0 1102.75099    0  599 1777.32125 1102.75099  38.0%     -   89s
     0     0 1102.79399    0  604 1777.32125 1102.79399  38.0%     -   89s
     0     0 1103.07074    0  600 1777.32125 1103.07074  37.9%     -   90s
     0     0 1103.12870    0  608 1777.32125 1103.12870  37.9%     -   90s
     0     0 1103.13015    0  611 1777.32125 1103.13015  37.9%     -   90s
     0     0 1103.19039    0  612 1777.32125 1103.19039  37.9%     -   91s
     0     0 1103.19609    0  611 1777.32125 1103.19609  37.9%     -   91s
     0     0 1103.19609    0  611 1777.32125 1103.19609  37.9%     -   91s
     0     0 1103.37422    0  609 1777.32125 1103.37422  37.9%     -   91s
     0     0 1103.41156    0  618 1777.32125 1103.41156  37.9%     -   91s
     0     0 1103.41156    0  616 1777.32125 1103.41156  37.9%     -   91s
     0     0 1103.42263    0  617 1777.32125 1103.42263  37.9%     -   91s
     0     0 1103.42529    0  620 1777.32125 1103.42529  37.9%     -   92s
     0     0 1103.71727    0  621 1777.32125 1103.71727  37.9%     -   92s
     0     0 1103.72085    0  615 1777.32125 1103.72085  37.9%     -   92s
     0     0 1103.73259    0  613 1777.32125 1103.73259  37.9%     -   92s
     0     0 1103.73617    0  613 1777.32125 1103.73617  37.9%     -   92s
     0     0 1103.73767    0  607 1777.32125 1103.73767  37.9%     -   93s
     0     0 1103.87525    0  607 1777.32125 1103.87525  37.9%     -   93s
     0     0 1103.87525    0  592 1777.32125 1103.87525  37.9%     -   93s
H    0     0                    1776.3047315 1103.87525  37.9%     -  101s
H    0     0                    1773.9081820 1103.87525  37.8%     -  101s
H    0     0                    1772.0977154 1103.87525  37.7%     -  101s
     0     2 1103.87525    0  587 1772.09772 1103.87525  37.7%     -  105s
    11    16 1110.87833    4  573 1772.09772 1103.88881  37.7%  1686  111s
H   15    20                    1771.5087987 1103.88881  37.7%  1567  114s
    19    23 1113.90363    5  583 1771.50880 1103.88881  37.7%  1898  117s
H   22    28                    1768.3315121 1103.88881  37.6%  1855  119s
    27    32 1114.55369    6  577 1768.33151 1103.88881  37.6%  1945  122s
H   30    32                    1766.7269733 1103.88881  37.5%  2173  122s
H   31    37                    1766.5025509 1103.88881  37.5%  2125  125s
    42    46 1150.92519   10  566 1766.50255 1103.88881  37.5%  2032  131s
    45    49 1117.89687   10  584 1766.50255 1103.88881  37.5%  2122  135s
H   47    49                    1766.5025427 1103.88881  37.5%  2160  135s
    52    57 1118.92094   12  551 1766.50254 1103.88881  37.5%  2093  141s
    56    60 1118.96770   13  566 1766.50254 1103.88881  37.5%  2020  145s
H   59    64                    1756.2033385 1103.88881  37.1%  1956  148s
    63    67 1119.08164   15  553 1756.20334 1103.88881  37.1%  2043  152s
H   66    70                    1712.6066268 1103.88881  35.5%  2031  156s
H   69    74                    1686.9418101 1103.88881  34.6%  1972  161s
    73    79 1135.30281   15  594 1686.94181 1103.88881  34.6%  2054  165s
    78    81 1136.82502   16  600 1686.94181 1103.88881  34.6%  2081  171s
    80    84 1137.76464   17  603 1686.94181 1103.88881  34.6%  2055  176s
    83    86 1138.00911   18  603 1686.94181 1103.88881  34.6%  2048  180s
    89    98 1139.16590   20  604 1686.94181 1103.88881  34.6%  1986  187s
    97   102 1141.94462   25  605 1686.94181 1103.88881  34.6%  1858  191s
   101   107 1142.14033   26  609 1686.94181 1103.88881  34.6%  1917  195s
H  102   107                    1682.8623359 1103.88881  34.4%  1898  195s
H  106   112                    1664.8898918 1103.88881  33.7%  1904  199s
   111   117 1144.27410   29  598 1664.88989 1103.88881  33.7%  1900  205s
H  115   117                    1661.0613501 1103.88881  33.5%  1876  205s
   124   126 1145.27477   34  587 1661.06135 1103.88881  33.5%  1845  213s
   127   129 1145.84175   35  585 1661.06135 1103.88881  33.5%  1850  217s
   130   139 1146.02079   36  592 1661.06135 1103.88881  33.5%  1819  222s
   140   156 1147.73451   43  590 1661.06135 1103.88881  33.5%  1722  227s
   157   160 1162.04124   50  576 1661.06135 1103.88881  33.5%  1671  231s
   161   171 1166.35053   51  534 1661.06135 1103.88881  33.5%  1756  235s
   172   174 1164.26250   51  574 1661.06135 1103.88881  33.5%  1707  242s
   175   184 1148.19216   32  577 1661.06135 1103.88881  33.5%  1679  248s
   185   189 1173.37725   55  536 1661.06135 1103.88881  33.5%  1637  254s
   190   193 1196.28239   52  563 1661.06135 1103.88881  33.5%  1712  260s
   194   201 1203.01770   53  568 1661.06135 1103.88881  33.5%  1835  266s
   202   208 1198.41395   53  562 1661.06135 1103.88881  33.5%  1818  271s
   209   220 1200.44431   54  559 1661.06135 1103.88881  33.5%  1772  277s
   221   239 1188.13060   41  537 1661.06135 1103.88881  33.5%  1695  284s
   240   274 1206.83686   62  536 1661.06135 1103.88881  33.5%  1592  290s
   275   305 1211.51717   67  562 1661.06135 1103.88881  33.5%  1534  296s
H  306   309                    1660.6948257 1103.88881  33.5%  1464  301s
   310   361 1218.91544   81  534 1660.69483 1103.88881  33.5%  1452  306s
   362   419 1223.86324   97  539 1660.69483 1103.88881  33.5%  1322  312s
   420   487 1229.23332  116  553 1660.69483 1103.88881  33.5%  1193  315s
   488   491 1233.01995  137  559 1660.69483 1103.88881  33.5%  1092  322s
   492   495 1312.66907  131  522 1660.69483 1103.88881  33.5%  1118  328s
   496   521 1222.03008  122  537 1660.69483 1103.88881  33.5%  1126  335s
   522   548 1197.19082  105  471 1660.69483 1103.88881  33.5%  1079  342s
   549   578 1325.67703  135  558 1660.69483 1103.88881  33.5%  1050  348s
   579   608 1291.02449  131  487 1660.69483 1103.88881  33.5%  1045  354s
   609   645 1190.26153   48  509 1660.69483 1103.88881  33.5%  1007  360s

Cutting planes:
  Gomory: 1
  Lift-and-project: 1
  Cover: 12
  Implied bound: 294
  Clique: 1
  MIR: 57
  Flow cover: 140
  Zero half: 36
  Network: 6
  RLT: 11
  Relax-and-lift: 267
  BQP: 1

Explored 646 nodes (807800 simplex iterations) in 360.01 seconds (1555.24 work units)
Thread count was 4 (of 32 available processors)

Solution count 10: 1660.69 1661.06 1664.89 ... 1766.73

Time limit reached
Best objective 1.660694825657e+03, best bound 1.103888806738e+03, gap 33.5285%

User-callback calls 85630, time in user-callback 0.02 sec
Cap boundary reject: PORT-591 real=1994.905 baseline=1696.739
Cap boundary debug: PORT-591 -> [346 345 344 343 342 566 563 564 565 567 568 569 570 571 572 576 527 514 513 512 436 435 438 437 440 441 442 443 444 506 505 449 448 450 451 452 453 456 457 458 100 99] -> PORT-583 -> [97 236 239 240 241 242 98 246 250 251 208 209 201 200 198 199 202 203 204 131 129 130 256 257 259 258 128 127 126 125 124 264 268 269 270] -> PORT-588 | load_left=44949 load_right=42024 cap=45000
Set parameter Username
Set parameter LicenseID to value 2738882
Academic license - for non-commercial use only - expires 2026-11-14
Set parameter TimeLimit to value 360
Set parameter Seed to value 757701908
Set parameter Threads to value 4
Set parameter OutputFlag to value 1
Set parameter LogToConsole to value 1
Set parameter LazyConstraints to value 1
Gurobi Optimizer version 13.0.0 build v13.0.0rc1 (linux64 - "Debian GNU/Linux 13 (trixie)")

CPU model: AMD Ryzen 9 5950X 16-Core Processor, instruction set [SSE2|AVX|AVX2]
Thread count: 16 physical cores, 32 logical processors, using up to 4 threads

Non-default parameters:
TimeLimit  360
Seed  757701908
Threads  4
LazyConstraints  1

Optimize a model with 26530 rows, 74892 columns and 149772 nonzeros (Min)
Model fingerprint: 0xfd28f716
Model has 24648 linear objective coefficients
Variable types: 49928 continuous, 24964 integer (24964 binary)
Coefficient statistics:
  Matrix range     [1e+00, 4e+04]
  Objective range  [4e-01, 1e+05]
  Bounds range     [1e+00, 4e+04]
  RHS range        [1e+00, 1e+04]
Presolve removed 1728 rows and 25987 columns
Presolve time: 0.23s
Presolved: 24802 rows, 48905 columns, 146399 nonzeros
Variable types: 24178 continuous, 24727 integer (24727 binary)
Root relaxation presolved: 24802 rows, 48905 columns, 146399 nonzeros

Deterministic concurrent LP optimizer: primal and dual simplex
Showing primal log only...

Concurrent spin time: 0.00s

Solved with primal simplex

Root relaxation: objective 8.410158e+02, 32072 iterations, 1.13 seconds (2.35 work units)

    Nodes    |    Current Node    |     Objective Bounds      |     Work
 Expl Unexpl |  Obj  Depth IntInf | Incumbent    BestBd   Gap | It/Node Time

     0     0  841.01581    0  291          -  841.01581      -     -    1s
H    0     0                    1649.9151323  841.01581  49.0%     -    3s
H    0     0                    1286.7967083  841.01581  34.6%     -    3s
H    0     0                    1275.7759386  841.01581  34.1%     -    3s
H    0     0                    1265.3406455  841.01581  33.5%     -    3s
H    0     0                    1225.0513824  841.01581  31.3%     -    3s
H    0     0                    1221.9643964  841.01581  31.2%     -    3s
H    0     0                    1105.7980871  841.01581  23.9%     -    4s
H    0     0                    1101.0361092  841.01581  23.6%     -    4s
H    0     0                    1100.5186733  841.01581  23.6%     -    4s
H    0     0                    1097.8808245  841.01581  23.4%     -    4s
H    0     0                    1095.0568687  841.01581  23.2%     -    4s
     0     0  841.01581    0  291 1095.05687  841.01581  23.2%     -    4s
     0     0  842.89627    0  301 1095.05687  842.89627  23.0%     -    6s
     0     0  842.89627    0  287 1095.05687  842.89627  23.0%     -    7s
H    0     0                    1094.4506873  842.89627  23.0%     -    7s
H    0     0                    1093.4596826  842.89627  22.9%     -    7s
H    0     0                    1090.7752889  842.89627  22.7%     -    7s
H    0     0                    1084.1072814  842.89627  22.2%     -    7s
H    0     0                    1079.9560475  842.89627  22.0%     -    7s
     0     0  842.89804    0  302 1079.95605  842.89804  22.0%     -    9s
     0     0  842.89804    0  302 1079.95605  842.89804  22.0%     -   11s
H    0     0                    1077.7985628  842.89804  21.8%     -   16s
H    0     0                    1044.7308757  842.89804  19.3%     -   16s
H    0     0                    1029.7821820  842.89804  18.1%     -   16s
H    0     0                    1002.0472487  842.89804  15.9%     -   16s
H    0     0                    1000.2014832  842.89804  15.7%     -   16s
H    0     0                     989.0047151  842.89804  14.8%     -   17s
H    0     0                     983.4117081  842.89804  14.3%     -   17s
H    0     0                     981.2745289  842.89804  14.1%     -   17s
H    0     0                     956.0651232  842.89804  11.8%     -   17s
H    0     0                     950.4721162  842.89804  11.3%     -   17s
H    0     0                     943.3649830  842.89804  10.6%     -   18s
     0     0  848.29513    0  302  943.36498  848.29513  10.1%     -   18s
     0     0  848.29741    0  302  943.36498  848.29741  10.1%     -   18s
     0     0  848.29741    0  304  943.36498  848.29741  10.1%     -   18s
     0     0  850.48256    0  332  943.36498  850.48256  9.85%     -   19s
     0     0  850.53112    0  339  943.36498  850.53112  9.84%     -   20s
     0     0  850.53344    0  339  943.36498  850.53344  9.84%     -   20s
     0     0  854.45637    0  356  943.36498  854.45637  9.42%     -   22s
     0     0  854.58354    0  364  943.36498  854.58354  9.41%     -   22s
     0     0  854.60294    0  368  943.36498  854.60294  9.41%     -   22s
     0     0  854.60294    0  368  943.36498  854.60294  9.41%     -   22s
     0     0  857.52590    0  375  943.36498  857.52590  9.10%     -   24s
     0     0  857.53846    0  373  943.36498  857.53846  9.10%     -   25s
     0     0  857.53877    0  373  943.36498  857.53877  9.10%     -   25s
     0     0  857.61529    0  381  943.36498  857.61529  9.09%     -   25s
     0     0  857.63536    0  389  943.36498  857.63536  9.09%     -   26s
     0     0  857.66076    0  394  943.36498  857.66076  9.08%     -   26s
     0     0  857.66076    0  394  943.36498  857.66076  9.08%     -   26s
     0     0  857.75316    0  383  943.36498  857.75316  9.08%     -   26s
     0     0  857.76654    0  382  943.36498  857.76654  9.07%     -   26s
     0     0  857.76654    0  383  943.36498  857.76654  9.07%     -   26s
     0     0  858.05720    0  383  943.36498  858.05720  9.04%     -   27s
     0     0  858.05727    0  386  943.36498  858.05727  9.04%     -   27s
     0     0  858.06890    0  386  943.36498  858.06890  9.04%     -   28s
     0     0  858.07928    0  387  943.36498  858.07928  9.04%     -   28s
     0     0  858.26681    0  386  943.36498  858.26681  9.02%     -   29s
     0     0  858.27023    0  389  943.36498  858.27023  9.02%     -   29s
     0     0  858.45265    0  368  943.36498  858.45265  9.00%     -   30s
     0     0  858.67778    0  379  943.36498  858.67778  8.98%     -   30s
     0     0  858.67778    0  381  943.36498  858.67778  8.98%     -   30s
     0     0  858.67778    0  381  943.36498  858.67778  8.98%     -   31s
     0     0  858.67778    0  368  943.36498  858.67778  8.98%     -   31s
     0     0  858.67778    0  296  943.36498  858.67778  8.98%     -   33s
H    0     0                     942.8786958  858.67778  8.93%     -   33s
     0     0  858.67778    0  341  942.87870  858.67778  8.93%     -   35s
H    0     0                     942.5819643  858.67778  8.90%     -   36s
     0     0  858.67778    0  364  942.58196  858.67778  8.90%     -   38s
     0     0  858.67778    0  358  942.58196  858.67778  8.90%     -   38s
     0     0  858.67778    0  356  942.58196  858.67778  8.90%     -   38s
     0     0  858.67778    0  361  942.58196  858.67778  8.90%     -   39s
     0     0  858.67778    0  368  942.58196  858.67778  8.90%     -   39s
     0     0  858.67778    0  384  942.58196  858.67778  8.90%     -   39s
     0     0  858.67778    0  383  942.58196  858.67778  8.90%     -   39s
     0     0  858.76709    0  391  942.58196  858.76709  8.89%     -   40s
     0     0  858.85171    0  385  942.58196  858.85171  8.88%     -   40s
     0     0  858.85171    0  386  942.58196  858.85171  8.88%     -   40s
     0     0  859.98829    0  389  942.58196  859.98829  8.76%     -   43s
     0     0  860.07284    0  393  942.58196  860.07284  8.75%     -   43s
     0     0  860.07284    0  387  942.58196  860.07284  8.75%     -   43s
     0     0  860.78552    0  380  942.58196  860.78552  8.68%     -   45s
     0     0  860.88581    0  385  942.58196  860.88581  8.67%     -   45s
     0     0  860.88581    0  384  942.58196  860.88581  8.67%     -   45s
     0     0  860.88806    0  385  942.58196  860.88806  8.67%     -   46s
     0     0  860.89040    0  388  942.58196  860.89040  8.67%     -   46s
     0     0  860.90425    0  389  942.58196  860.90425  8.67%     -   47s
     0     0  860.90526    0  389  942.58196  860.90526  8.67%     -   47s
     0     0  860.90526    0  392  942.58196  860.90526  8.67%     -   48s
     0     0  860.90526    0  395  942.58196  860.90526  8.67%     -   48s
     0     0  860.90560    0  393  942.58196  860.90560  8.67%     -   49s
     0     0  860.90560    0  393  942.58196  860.90560  8.67%     -   49s
     0     0  860.90560    0  386  942.58196  860.90560  8.67%     -   49s
     0     2  860.90560    0  386  942.58196  860.90560  8.67%     -   51s
    11    18  866.98616    4  372  942.58196  861.31562  8.62%  1797   55s
    39    46  872.31298    8  349  942.58196  861.31562  8.62%  1914   60s
    67    74  882.81724   12  361  942.58196  861.31562  8.62%  1570   65s
   211   213  902.22305   11  220  942.58196  866.33881  8.09%   893   70s
   579   520  935.01384   43  175  942.58196  867.89171  7.92%   438   75s
   840   789  918.33165   31  134  942.58196  869.42918  7.76%   409   80s
  1173  1008  913.31621    8  259  942.58196  869.49568  7.75%   371   85s
  1239  1009  919.18788   83  301  942.58196  869.49568  7.75%   367   92s
  1241  1010  933.96452   31  296  942.58196  869.49568  7.75%   366   95s
  1243  1012  933.18860   30  366  942.58196  869.49568  7.75%   365  100s
  1251  1017  906.79901   29  351  942.58196  869.49568  7.75%   363  105s
  1259  1022  912.91559   15  349  942.58196  873.86501  7.29%   361  110s
  1263  1025  922.25962   59  372  942.58196  875.32903  7.13%   360  115s
  1271  1035  875.99653   14  390  942.58196  875.90662  7.07%   413  120s
  1284  1044  912.25867   16  246  942.58196  875.91757  7.07%   430  127s
  1296  1050  880.47381   17  387  942.58196  875.91757  7.07%   452  130s
  1324  1065  882.16266   20  376  942.58196  875.91757  7.07%   470  135s
  1360  1079  885.82529   23  338  942.58196  876.66837  6.99%   488  140s
  1397  1086  893.57684   26  303  942.58196  876.66837  6.99%   501  145s
  1442  1107  926.29382   33  145  942.58196  878.68471  6.78%   529  150s
  1549  1130  939.06687   18  239  942.58196  881.31991  6.50%   541  155s
  1588  1144  912.55488   21  177  942.58196  881.31991  6.50%   548  160s
  1715  1170  922.18347   35   80  942.58196  881.39580  6.49%   545  166s
  1858  1197  923.46748   48   65  942.58196  881.43027  6.49%   540  170s
  2037  1197  918.57023   23  193  942.58196  882.54056  6.37%   549  176s
  2119  1293  927.41963   34  126  942.58196  882.54056  6.37%   547  182s
  2271  1309  920.31148   21  255  942.58196  882.54056  6.37%   538  186s
  2403  1349  936.20644   48  159  942.58196  883.76396  6.24%   534  190s
  2587  1326  934.32499   23  184  942.58196  885.44174  6.06%   522  196s
  2734  1344  933.34452   27  188  942.58196  885.85924  6.02%   525  202s
  2802  1359  937.76710   30  235  942.58196  887.26300  5.87%   533  207s
  2973  1359  942.48687   30  123  942.58196  889.94589  5.58%   536  213s
  3053  1378  923.52584   25  196  942.58196  890.80627  5.49%   538  216s
  3149  1382  939.32608   30  206  942.58196  892.46338  5.32%   538  221s
  3336  1410  915.19272   21  194  942.58196  895.20309  5.03%   544  227s
  3441  1395  940.74830   63   37  942.58196  901.12540  4.40%   541  231s
  3524  1373  923.86447   21  337  942.58196  903.97925  4.10%   547  235s
  3700  1491  918.32940   21  220  942.58196  909.06850  3.56%   557  242s
  3921  1456  924.74384   27  198  942.58196  910.23455  3.43%   545  247s
  4009  1519  913.04976   21  208  942.58196  910.25998  3.43%   544  252s
  4168  1604  919.10866   26  243  942.58196  910.26999  3.43%   538  256s
  4400  1657  930.17600   43  180  942.58196  911.41771  3.31%   527  262s
  4587  1779  930.18115   30  134  942.58196  911.76767  3.27%   522  267s
  4779  1982  931.87513   41  111  942.58196  912.32864  3.21%   520  271s
  5087  2150  929.38277   29  153  942.58196  913.03296  3.13%   507  276s
  5428  2392  917.68650   26  192  942.58196  913.22900  3.11%   495  280s
  6117  2742  920.26142   29  201  942.58196  913.89902  3.04%   474  290s
  6666  3084  921.76273   29  162  942.58196  914.30316  3.00%   462  300s
  7009  3319  934.96444   45  173  942.58196  914.43814  2.99%   455  307s
  7448  3561  926.52322   28  168  942.58196  914.72839  2.96%   447  312s
  7846  3627  932.42133   31  161  942.58196  915.14435  2.91%   441  320s
  7958  3680  930.37903   34  183  942.58196  915.14435  2.91%   438  328s
  8061  3904  927.32721   35  146  942.58196  915.33122  2.89%   435  334s
  8573  4224  918.13740   25  206  942.58196  915.64092  2.86%   425  340s
  9085  4531  935.02416   51  128  942.58196  915.92989  2.83%   418  347s
  9675  4835  933.87330   30  115  942.58196  916.10025  2.81%   410  353s
 10192  5098  932.36087   36  153  942.58196  916.40103  2.78%   405  360s

Cutting planes:
  Gomory: 3
  Cover: 22
  Implied bound: 167
  Projected implied bound: 20
  Clique: 2
  MIR: 177
  Mixing: 2
  Flow cover: 191
  Inf proof: 3
  Zero half: 30
  RLT: 16
  Relax-and-lift: 119
  BQP: 10

Explored 10725 nodes (4411630 simplex iterations) in 360.01 seconds (1333.81 work units)
Thread count was 4 (of 32 available processors)

Solution count 10: 942.582 942.879 943.365 ... 1002.05

Time limit reached
Best objective 9.425819642744e+02, best bound 9.166471481051e+02, gap 2.7515%

User-callback calls 90510, time in user-callback 0.01 sec
Cap boundary reject: PORT-583 segment infeasible left=100541.645 right=1066.510
Cap boundary reject: PORT-583 real=1000000000000000052504760255204420248704468581108159154915854115511802457988908195786371375080447864043704443832883878176942523235360430575644792184786706982848387200926575803737830233794788090059368953234970799945081119038967640880074652742780142494579258788820056842838115669472196386865459400540160.000 baseline=942.582
Cap boundary debug: PORT-583 -> [97 236 239 240 241 242 98 246 250 251 208 209 201 200 198 199 202 203 204 131 129 130 256 257 259 258 128 127 126 125 124 264 268 269 270] -> PORT-588 -> [118 119 120 121 122 123 266 267 265 263 262 261 260 254 255 205 210 211 212 197 196 195 194 193 217 189 188 187 186 185 184 183 182 226 178 7 6 10 11 12 13 14 143 15 16 17 18 21 19 20] -> PORT-581 | load_left=42024 load_right=44712 cap=45000
Set parameter Username
Set parameter LicenseID to value 2738882
Academic license - for non-commercial use only - expires 2026-11-14
Set parameter TimeLimit to value 360
Set parameter Seed to value 1026726690
Set parameter Threads to value 4
Set parameter OutputFlag to value 1
Set parameter LogToConsole to value 1
Set parameter LazyConstraints to value 1
Gurobi Optimizer version 13.0.0 build v13.0.0rc1 (linux64 - "Debian GNU/Linux 13 (trixie)")

CPU model: AMD Ryzen 9 5950X 16-Core Processor, instruction set [SSE2|AVX|AVX2]
Thread count: 16 physical cores, 32 logical processors, using up to 4 threads

Non-default parameters:
TimeLimit  360
Seed  1026726690
Threads  4
LazyConstraints  1

Optimize a model with 32002 rows, 90828 columns and 181644 nonzeros (Min)
Model fingerprint: 0x852e4e49
Model has 29928 linear objective coefficients
Variable types: 60552 continuous, 30276 integer (30276 binary)
Coefficient statistics:
  Matrix range     [1e+00, 4e+04]
  Objective range  [3e-01, 1e+05]
  Bounds range     [1e+00, 4e+04]
  RHS range        [1e+00, 9e+03]
Presolve removed 1904 rows and 31403 columns
Presolve time: 0.28s
Presolved: 30098 rows, 59425 columns, 177890 nonzeros
Variable types: 29410 continuous, 30015 integer (30015 binary)
Root relaxation presolved: 30098 rows, 59425 columns, 177890 nonzeros

Deterministic concurrent LP optimizer: primal and dual simplex
Showing primal log only...

Concurrent spin time: 0.00s

Solved with primal simplex

Root relaxation: objective 6.734416e+02, 72821 iterations, 3.06 seconds (7.23 work units)

    Nodes    |    Current Node    |     Objective Bounds      |     Work
 Expl Unexpl |  Obj  Depth IntInf | Incumbent    BestBd   Gap | It/Node Time

     0     0  673.44158    0  305          -  673.44158      -     -    3s
H    0     0                    1308.2897235  673.44158  48.5%     -    4s
H    0     0                     846.3956124  673.44158  20.4%     -    4s
H    0     0                     844.1946580  673.44158  20.2%     -    4s
H    0     0                     823.8465016  673.44158  18.3%     -    4s
     0     0  674.61736    0  327  823.84650  674.61736  18.1%     -   11s
H    0     0                     785.8609794  674.62682  14.2%     -   11s
H    0     0                     781.5688687  674.62682  13.7%     -   12s
H    0     0                     744.6104425  674.62682  9.40%     -   13s
H    0     0                     743.9972646  674.62682  9.32%     -   13s
H    0     0                     743.8432063  674.62682  9.31%     -   13s
H    0     0                     741.5103834  674.62682  9.02%     -   13s
H    0     0                     741.3563251  674.62682  9.00%     -   13s
H    0     0                     739.0851307  674.62682  8.72%     -   13s
H    0     0                     730.3383571  674.62682  7.63%     -   14s
H    0     0                     728.9861471  674.62682  7.46%     -   14s
     0     0  674.62682    0  321  728.98615  674.62682  7.46%     -   15s
     0     0  678.52487    0  312  728.98615  678.52487  6.92%     -   19s
     0     0  678.52487    0  305  728.98615  678.52487  6.92%     -   24s
H    0     0                     728.6894156  678.52487  6.88%     -   24s
     0     0  679.37526    0  303  728.68942  679.37526  6.77%     -   26s
     0     0  679.51445    0  292  728.68942  679.51445  6.75%     -   28s
     0     0  679.51447    0  293  728.68942  679.51447  6.75%     -   29s
     0     0  680.11612    0  313  728.68942  680.11612  6.67%     -   30s
     0     0  680.11616    0  320  728.68942  680.11616  6.67%     -   30s
     0     0  681.51743    0  326  728.68942  681.51743  6.47%     -   32s
     0     0  681.52530    0  336  728.68942  681.52530  6.47%     -   32s
     0     0  681.52587    0  337  728.68942  681.52587  6.47%     -   32s
     0     0  682.42315    0  333  728.68942  682.42315  6.35%     -   33s
     0     0  682.63507    0  328  728.68942  682.63507  6.32%     -   33s
     0     0  682.63507    0  336  728.68942  682.63507  6.32%     -   34s
     0     0  682.63507    0  331  728.68942  682.63507  6.32%     -   34s
     0     0  682.63507    0  325  728.68942  682.63507  6.32%     -   34s
     0     0  682.63507    0  326  728.68942  682.63507  6.32%     -   34s
     0     0  682.68418    0  332  728.68942  682.68418  6.31%     -   34s
     0     0  682.89049    0  338  728.68942  682.89049  6.29%     -   35s
     0     0  682.89049    0  341  728.68942  682.89049  6.29%     -   35s
     0     0  682.89049    0  344  728.68942  682.89049  6.29%     -   36s
     0     0  682.89049    0  345  728.68942  682.89049  6.29%     -   37s
     0     0  682.89049    0  343  728.68942  682.89049  6.29%     -   37s
     0     0  683.06350    0  340  728.68942  683.06350  6.26%     -   38s
     0     0  683.08299    0  340  728.68942  683.08299  6.26%     -   40s
     0     0  683.08299    0  317  728.68942  683.08299  6.26%     -   41s
     0     0  683.08618    0  317  728.68942  683.08618  6.26%     -   41s
     0     0  683.08618    0  315  728.68942  683.08618  6.26%     -   41s
     0     0  683.08618    0  315  728.68942  683.08618  6.26%     -   41s
     0     0  683.08618    0  315  728.68942  683.08618  6.26%     -   41s
     0     0  683.08618    0  315  728.68942  683.08618  6.26%     -   42s
H    0     0                     713.8719872  683.08972  4.31%     -   44s
     0     0  687.12168    0  304  713.87199  687.12168  3.75%     -   46s
H    0     0                     713.0950801  687.12168  3.64%     -   46s
     0     0  687.12168    0  297  713.09508  687.12168  3.64%     -   47s
     0     0  687.12168    0  337  713.09508  687.12168  3.64%     -   48s
     0     0  687.12168    0  335  713.09508  687.12168  3.64%     -   48s
     0     0  687.12168    0  334  713.09508  687.12168  3.64%     -   48s
     0     0  687.12168    0  334  713.09508  687.12168  3.64%     -   48s
     0     0  687.12168    0  332  713.09508  687.12168  3.64%     -   49s
     0     0  687.12168    0  340  713.09508  687.12168  3.64%     -   49s
     0     0  687.12168    0  336  713.09508  687.12168  3.64%     -   49s
     0     0  687.12168    0  342  713.09508  687.12168  3.64%     -   50s
     0     0  687.12168    0  343  713.09508  687.12168  3.64%     -   50s
     0     0  687.12168    0  329  713.09508  687.12168  3.64%     -   50s
     0     0  687.12168    0  330  713.09508  687.12168  3.64%     -   50s
     0     0  687.12168    0  317  713.09508  687.12168  3.64%     -   51s
     0     0  687.12168    0  335  713.09508  687.12168  3.64%     -   51s
     0     0  687.12168    0  324  713.09508  687.12168  3.64%     -   51s
     0     0  687.12168    0  325  713.09508  687.12168  3.64%     -   51s
     0     0  688.11565    0  342  713.09508  688.11565  3.50%     -   51s
     0     0  688.78843    0  338  713.09508  688.78843  3.41%     -   51s
     0     0  688.78843    0  341  713.09508  688.78843  3.41%     -   51s
     0     0  688.78843    0  341  713.09508  688.78843  3.41%     -   51s
     0     0  688.78843    0  321  713.09508  688.78843  3.41%     -   52s
H    0     0                     712.3932664  688.78843  3.31%     -   52s
     0     0  688.78843    0  333  712.39327  688.78843  3.31%     -   52s
     0     0  688.78843    0  332  712.39327  688.78843  3.31%     -   52s
     0     0  688.78843    0  336  712.39327  688.78843  3.31%     -   53s
     0     0  688.78843    0  300  712.39327  688.78843  3.31%     -   54s
     0     0  688.78843    0  338  712.39327  688.78843  3.31%     -   55s
     0     0  688.78843    0  349  712.39327  688.78843  3.31%     -   55s
     0     0  689.20657    0  344  712.39327  689.20657  3.25%     -   56s
     0     0  689.51839    0  354  712.39327  689.51839  3.21%     -   56s
     0     0  689.51842    0  367  712.39327  689.51842  3.21%     -   56s
     0     0  689.53122    0  336  712.39327  689.53122  3.21%     -   56s
     0     0  689.61844    0  338  712.39327  689.61844  3.20%     -   56s
     0     0  689.61844    0  350  712.39327  689.61844  3.20%     -   57s
     0     0  689.72792    0  355  712.39327  689.72792  3.18%     -   57s
     0     0  689.84966    0  368  712.39327  689.84966  3.16%     -   57s
     0     0  689.92408    0  368  712.39327  689.92408  3.15%     -   57s
     0     0  689.92465    0  369  712.39327  689.92465  3.15%     -   57s
     0     0  690.02707    0  373  712.39327  690.02707  3.14%     -   58s
     0     0  690.21299    0  381  712.39327  690.21299  3.11%     -   58s
     0     0  690.21689    0  383  712.39327  690.21689  3.11%     -   58s
     0     0  690.38929    0  375  712.39327  690.38929  3.09%     -   58s
     0     0  690.39470    0  375  712.39327  690.39470  3.09%     -   58s
     0     0  690.39487    0  374  712.39327  690.39487  3.09%     -   58s
     0     0  690.44963    0  376  712.39327  690.44963  3.08%     -   58s
     0     0  690.58973    0  379  712.39327  690.58973  3.06%     -   59s
     0     0  690.59924    0  379  712.39327  690.59924  3.06%     -   59s
     0     0  690.59924    0  380  712.39327  690.59924  3.06%     -   59s
     0     0  690.69857    0  377  712.39327  690.69857  3.05%     -   59s
     0     0  690.71679    0  381  712.39327  690.71679  3.04%     -   59s
     0     0  690.71845    0  379  712.39327  690.71845  3.04%     -   60s
     0     0  690.80709    0  382  712.39327  690.80709  3.03%     -   60s
     0     0  690.80877    0  374  712.39327  690.80877  3.03%     -   60s
     0     0  690.99658    0  368  712.39327  690.99658  3.00%     -   60s
     0     0  691.00460    0  369  712.39327  691.00460  3.00%     -   60s
     0     0  691.18938    0  365  712.39327  691.18938  2.98%     -   61s
     0     0  691.23643    0  372  712.39327  691.23643  2.97%     -   61s
     0     0  691.23643    0  372  712.39327  691.23643  2.97%     -   61s
     0     0  691.31133    0  369  712.39327  691.31133  2.96%     -   61s
     0     0  691.32271    0  372  712.39327  691.32271  2.96%     -   61s
     0     0  691.32278    0  371  712.39327  691.32278  2.96%     -   61s
     0     0  691.33683    0  374  712.39327  691.33683  2.96%     -   61s
     0     0  691.33704    0  375  712.39327  691.33704  2.96%     -   61s
     0     0  691.33968    0  370  712.39327  691.33968  2.96%     -   62s
     0     0  691.34381    0  370  712.39327  691.34381  2.95%     -   62s
     0     0  691.34381    0  355  712.39327  691.34381  2.95%     -   62s
     0     0  691.47383    0  301  712.39327  691.47383  2.94%     -   63s
     0     0  691.47383    0  327  712.39327  691.47383  2.94%     -   64s
     0     0  691.47383    0  371  712.39327  691.47383  2.94%     -   64s
     0     0  691.47383    0  349  712.39327  691.47383  2.94%     -   64s
     0     0  691.47383    0  348  712.39327  691.47383  2.94%     -   65s
     0     0  691.47383    0  359  712.39327  691.47383  2.94%     -   65s
     0     0  691.47383    0  362  712.39327  691.47383  2.94%     -   65s
     0     0  691.47383    0  361  712.39327  691.47383  2.94%     -   65s
     0     0  691.47383    0  360  712.39327  691.47383  2.94%     -   65s
     0     0  691.47383    0  369  712.39327  691.47383  2.94%     -   65s
     0     0  691.52833    0  369  712.39327  691.52833  2.93%     -   65s
     0     0  691.52833    0  364  712.39327  691.52833  2.93%     -   66s
     0     0  691.52833    0  361  712.39327  691.52833  2.93%     -   66s
     0     0  691.52833    0  363  712.39327  691.52833  2.93%     -   66s
     0     0  691.54018    0  372  712.39327  691.54018  2.93%     -   66s
     0     0  691.54018    0  372  712.39327  691.54018  2.93%     -   66s
     0     0  691.96780    0  346  712.39327  691.96780  2.87%     -   66s
     0     0  692.01547    0  346  712.39327  692.01547  2.86%     -   66s
     0     0  692.02402    0  360  712.39327  692.02402  2.86%     -   66s
     0     0  692.02679    0  362  712.39327  692.02679  2.86%     -   67s
     0     0  692.03156    0  346  712.39327  692.03156  2.86%     -   67s
     0     0  692.04398    0  346  712.39327  692.04398  2.86%     -   67s
     0     0  692.05196    0  350  712.39327  692.05196  2.86%     -   67s
     0     0  692.05196    0  350  712.39327  692.05196  2.86%     -   67s
     0     0  692.05196    0  345  712.39327  692.05196  2.86%     -   67s
     0     2  692.21523    0  343  712.39327  692.21523  2.83%     -   68s
   140   145  696.97796   34  167  712.39327  696.06147  2.29%   242   70s
   822   737  699.65046   37  207  712.39327  696.18610  2.28%   213   75s
  1228  1027  700.26449   83  332  712.39327  696.60523  2.22%   212   80s
  1241  1036  703.32936   97  350  712.39327  696.60523  2.22%   210   88s
  1263  1060  698.65132   19  278  712.39327  696.60523  2.22%   249   90s
  1488  1127  699.15597   29  228  712.39327  696.92059  2.17%   250   95s
H 2048  1064                     712.3932655  700.27267  1.70%   224   99s
  2062  1094     cutoff   25       712.39327  700.27267  1.70%   226  100s
  2892  1123 infeasible   25       712.39327  701.45340  1.54%   214  105s
H 3320  1045                     712.3932632  701.88206  1.48%   206  107s
  3994  1127  705.07096   33  101  712.39326  703.17350  1.29%   198  110s
  5234  1554  711.10505   27  141  712.39326  704.16730  1.15%   190  115s
  6691  2036  712.14051   44   77  712.39326  704.91151  1.05%   181  120s
H 7041  2214                     712.3932490  705.05306  1.03%   178  121s
  8667  2580  709.26354   36   72  712.39325  705.36578  0.99%   166  125s
 10137  2987  707.62314   37  146  712.39325  705.78414  0.93%   163  130s
 11900  3450     cutoff   33       712.39325  706.29409  0.86%   159  135s
 13809  3808     cutoff   35       712.39325  706.83942  0.78%   158  141s
 15230  4051     cutoff   48       712.39325  707.18416  0.73%   159  145s
 16447  4280 infeasible   46       712.39325  707.47517  0.69%   161  150s
 18234  4738  708.91309   31   54  712.39325  707.78120  0.65%   164  156s
 19291  4996     cutoff   42       712.39325  707.94275  0.62%   163  160s
H20262  5091                     712.3932428  708.07530  0.61%   163  164s
H20298  5091                     712.3932428  708.07705  0.61%   163  164s
 20341  5114  712.09958   41   89  712.39324  708.07705  0.61%   164  166s
 20651  5199  710.66520   41   58  712.39324  708.09717  0.60%   163  170s
 22437  5489  709.79152   35  127  712.39324  708.31814  0.57%   164  176s
 24015  5705  710.81897   33  173  712.39324  708.46422  0.55%   164  180s
 25577  5944  711.38827   33  198  712.39324  708.60524  0.53%   163  185s
 27672  6125 infeasible   32       712.39324  708.82398  0.50%   163  191s
 29148  6206     cutoff   32       712.39324  708.95921  0.48%   163  195s
 31125  6226  710.08244   33  178  712.39324  709.13083  0.46%   162  200s
 33157  6196  711.78748   37   81  712.39324  709.28789  0.44%   162  206s
 34637  6168     cutoff   40       712.39324  709.42871  0.42%   162  211s
 35948  6093     cutoff   55       712.39324  709.54352  0.40%   161  216s
 37661  5913     cutoff   33       712.39324  709.67897  0.38%   161  221s
 39466  5675     cutoff   37       712.39324  709.82308  0.36%   160  225s
 41616  5366     cutoff   43       712.39324  709.99871  0.34%   158  230s
 43606  4832 infeasible   39       712.39324  710.17882  0.31%   159  235s
 45198  4213  712.17498   47  143  712.39324  710.36755  0.28%   159  240s
 47523  3295     cutoff   35       712.39324  710.64716  0.25%   158  245s
 49861  2099  711.82986   34  200  712.39324  710.98706  0.20%   158  250s
 51851   754 infeasible   42       712.39324  711.42042  0.14%   157  255s

Cutting planes:
  Gomory: 6
  Cover: 40
  Implied bound: 145
  Projected implied bound: 11
  Clique: 3
  MIR: 137
  Mixing: 2
  Flow cover: 327
  GUB cover: 1
  Inf proof: 31
  Zero half: 23
  Mod-K: 2
  Network: 4
  RLT: 8
  Relax-and-lift: 81
  BQP: 2

Explored 53267 nodes (8657314 simplex iterations) in 256.79 seconds (778.28 work units)
Thread count was 4 (of 32 available processors)

Solution count 10: 712.393 713.095 713.872 ... 743.843

Optimal solution found (tolerance 1.00e-04)
Best objective 7.123932427635e+02, best bound 7.123932427635e+02, gap 0.0000%

User-callback calls 137974, time in user-callback 0.01 sec
Cap boundary reject: PORT-588 real=837.837 baseline=712.393
Cap boundary debug: PORT-588 -> [118 119 120 121 122 123 266 267 265 263 262 261 260 254 255 205 210 211 212 197 196 195 194 193 217 189 188 187 186 185 184 183 182 226 178 7 6 10 11 12 13 14 143 15 16 17 18 21 19 20] -> PORT-581 -> [93 25 5 4 3 1 225 224 222 221 220 216 206 207 472 471 470 469 467 466 474 473 475 117 116 115 476 478 479 477 532 308] -> PORT-591 | load_left=44712 load_right=44794 cap=45000
Set parameter Username
Set parameter LicenseID to value 2738882
Academic license - for non-commercial use only - expires 2026-11-14
Set parameter TimeLimit to value 360
Set parameter Seed to value 1050097710
Set parameter Threads to value 4
Set parameter OutputFlag to value 1
Set parameter LogToConsole to value 1
Set parameter LazyConstraints to value 1
Gurobi Optimizer version 13.0.0 build v13.0.0rc1 (linux64 - "Debian GNU/Linux 13 (trixie)")

CPU model: AMD Ryzen 9 5950X 16-Core Processor, instruction set [SSE2|AVX|AVX2]
Thread count: 16 physical cores, 32 logical processors, using up to 4 threads

Non-default parameters:
TimeLimit  360
Seed  1050097710
Threads  4
LazyConstraints  1

Optimize a model with 29890 rows, 84672 columns and 169332 nonzeros (Min)
Model fingerprint: 0xc0d9184c
Model has 27888 linear objective coefficients
Variable types: 56448 continuous, 28224 integer (28224 binary)
Coefficient statistics:
  Matrix range     [1e+00, 4e+04]
  Objective range  [3e-01, 1e+05]
  Bounds range     [1e+00, 4e+04]
  RHS range        [1e+00, 1e+04]
Presolve removed 1838 rows and 29312 columns
Presolve time: 0.26s
Presolved: 28052 rows, 55360 columns, 165721 nonzeros
Variable types: 27388 continuous, 27972 integer (27972 binary)
Root relaxation presolved: 28052 rows, 55360 columns, 165721 nonzeros

Deterministic concurrent LP optimizer: primal and dual simplex
Showing primal log only...

Concurrent spin time: 0.00s

Solved with primal simplex

Root relaxation: objective 1.159890e+03, 41022 iterations, 1.34 seconds (2.67 work units)

    Nodes    |    Current Node    |     Objective Bounds      |     Work
 Expl Unexpl |  Obj  Depth IntInf | Incumbent    BestBd   Gap | It/Node Time

     0     0 1159.88954    0  312          - 1159.88954      -     -    1s
H    0     0                    2293.0413980 1159.88954  49.4%     -    2s
H    0     0                    1969.0256059 1159.88954  41.1%     -    4s
H    0     0                    1876.3796505 1159.88954  38.2%     -    4s
H    0     0                    1804.6967694 1159.88954  35.7%     -    5s
H    0     0                    1803.9382461 1159.88954  35.7%     -    5s
H    0     0                    1795.3832763 1159.88954  35.4%     -    5s
H    0     0                    1715.5413059 1159.88954  32.4%     -    6s
H    0     0                    1666.5487035 1159.88954  30.4%     -    7s
H    0     0                    1634.5211548 1159.88954  29.0%     -    7s
H    0     0                    1622.8279920 1159.88954  28.5%     -    7s
     0     0 1159.88954    0  312 1622.82799 1159.88954  28.5%     -    8s
     0     0 1163.38708    0  335 1622.82799 1163.38708  28.3%     -   11s
H    0     0                    1612.6686738 1163.41936  27.9%     -   11s
H    0     0                    1594.1667297 1163.41936  27.0%     -   12s
H    0     0                    1581.5132979 1163.41936  26.4%     -   12s
H    0     0                    1577.6888452 1163.41936  26.3%     -   13s
H    0     0                    1564.5069281 1163.41936  25.6%     -   13s
H    0     0                    1564.4133852 1163.41936  25.6%     -   13s
H    0     0                    1550.3637327 1163.41936  25.0%     -   13s
H    0     0                    1548.9732612 1163.41936  24.9%     -   13s
H    0     0                    1546.7784848 1163.41936  24.8%     -   13s
H    0     0                    1545.9486355 1163.41936  24.7%     -   13s
H    0     0                    1494.0321753 1163.41936  22.1%     -   14s
H    0     0                    1456.3282540 1163.41936  20.1%     -   15s
     0     0 1163.41936    0  334 1456.32825 1163.41936  20.1%     -   15s
     0     0 1166.24723    0  348 1456.32825 1166.24723  19.9%     -   18s
     0     0 1166.25537    0  349 1456.32825 1166.25537  19.9%     -   18s
     0     0 1168.90922    0  374 1456.32825 1168.90922  19.7%     -   23s
     0     0 1169.38100    0  385 1456.32825 1169.38100  19.7%     -   23s
     0     0 1169.40147    0  385 1456.32825 1169.40147  19.7%     -   23s
     0     0 1169.40463    0  386 1456.32825 1169.40463  19.7%     -   23s
     0     0 1169.40463    0  386 1456.32825 1169.40463  19.7%     -   23s
     0     0 1171.79051    0  392 1456.32825 1171.79051  19.5%     -   30s
     0     0 1172.17205    0  405 1456.32825 1172.17205  19.5%     -   30s
     0     0 1172.17205    0  397 1456.32825 1172.17205  19.5%     -   30s
     0     0 1172.17205    0  398 1456.32825 1172.17205  19.5%     -   30s
     0     0 1173.26504    0  384 1456.32825 1173.26504  19.4%     -   32s
     0     0 1173.77875    0  383 1456.32825 1173.77875  19.4%     -   33s
     0     0 1173.77875    0  390 1456.32825 1173.77875  19.4%     -   33s
     0     0 1173.77875    0  389 1456.32825 1173.77875  19.4%     -   35s
     0     0 1173.77875    0  396 1456.32825 1173.77875  19.4%     -   35s
     0     0 1173.77875    0  397 1456.32825 1173.77875  19.4%     -   35s
     0     0 1173.94993    0  390 1456.32825 1173.94993  19.4%     -   37s
     0     0 1174.05019    0  390 1456.32825 1174.05019  19.4%     -   37s
     0     0 1174.05019    0  394 1456.32825 1174.05019  19.4%     -   37s
     0     0 1174.05019    0  395 1456.32825 1174.05019  19.4%     -   39s
     0     0 1174.05019    0  396 1456.32825 1174.05019  19.4%     -   39s
     0     0 1174.07045    0  407 1456.32825 1174.07045  19.4%     -   41s
     0     0 1174.07063    0  413 1456.32825 1174.07063  19.4%     -   41s
     0     0 1174.30625    0  414 1456.32825 1174.30625  19.4%     -   44s
     0     0 1174.30633    0  414 1456.32825 1174.30633  19.4%     -   44s
     0     0 1174.42822    0  414 1456.32825 1174.42822  19.4%     -   46s
     0     0 1174.42900    0  413 1456.32825 1174.42900  19.4%     -   46s
     0     0 1174.43151    0  412 1456.32825 1174.43151  19.4%     -   48s
     0     0 1174.45713    0  412 1456.32825 1174.45713  19.4%     -   48s
     0     0 1174.46897    0  415 1456.32825 1174.46897  19.4%     -   48s
     0     0 1174.48284    0  412 1456.32825 1174.48284  19.4%     -   48s
     0     0 1174.48285    0  413 1456.32825 1174.48285  19.4%     -   48s
     0     0 1174.50586    0  414 1456.32825 1174.50586  19.4%     -   50s
     0     0 1174.51020    0  414 1456.32825 1174.51020  19.4%     -   50s
     0     0 1174.51020    0  415 1456.32825 1174.51020  19.4%     -   51s
     0     0 1174.51023    0  414 1456.32825 1174.51023  19.4%     -   51s
     0     0 1174.51274    0  413 1456.32825 1174.51274  19.4%     -   51s
     0     0 1174.52294    0  413 1456.32825 1174.52294  19.4%     -   51s
     0     0 1174.52294    0  400 1456.32825 1174.52294  19.4%     -   52s
     0     2 1174.52294    0  397 1456.32825 1174.52294  19.4%     -   55s
H   13    16                    1449.7815134 1174.63849  19.0%  1704   59s
    15    20 1181.08747    5  383 1449.78151 1174.63849  19.0%  1725   61s
H   23    28                    1449.6071149 1174.63849  19.0%  1871   63s
H   26    28                    1444.5001657 1174.63849  18.7%  1796   63s
H   28    33                    1431.4566011 1174.63849  17.9%  1760   64s
H   32    42                    1425.2009122 1174.63849  17.6%  1736   66s
H   49    54                    1419.9117848 1174.63849  17.3%  1797   70s
H   59    62                    1417.2738542 1174.63849  17.1%  1806   73s
H   61    67                    1406.0561967 1174.63849  16.5%  1768   74s
    66    71 1187.55095   14  338 1406.05620 1174.63849  16.5%  1719   75s
H   69    71                    1389.5575583 1174.63849  15.5%  1679   75s
H   71    76                    1378.2503010 1174.63849  14.8%  1637   76s
H   75    84                    1372.2800231 1174.63849  14.4%  1602   77s
H   83    95                    1369.6769575 1174.63849  14.2%  1547   79s
    94    99 1194.76448   20  333 1369.67696 1174.63849  14.2%  1491   80s
H  102   104                    1353.9406767 1174.63849  13.2%  1454   81s
H  116   124                    1349.2204205 1174.63849  12.9%  1397   84s
H  118   124                    1346.4463352 1174.63849  12.8%  1386   84s
H  123   135                    1345.3308651 1174.63849  12.7%  1398   85s
H  126   135                    1342.3997845 1174.63849  12.5%  1401   85s
H  134   139                    1339.4030536 1174.63849  12.3%  1356   87s
H  203   213                    1331.7672536 1174.63849  11.8%   977   89s
   212   250 1205.73754   53  324 1331.76725 1174.63849  11.8%   942   90s
H  301   308                    1330.6900015 1174.63849  11.7%   704   92s
H  302   308                    1328.9792306 1174.63849  11.6%   703   92s
H  306   308                    1325.0856911 1174.63849  11.4%   695   92s
   361   421 1209.50421   92  310 1325.08569 1174.63849  11.4%   614   95s
H  463   492                    1322.1795190 1174.63849  11.2%   511   99s
   491   542 1213.42504  127  323 1322.17952 1174.63849  11.2%   489  100s
   755   813 1221.08022  153  276 1322.17952 1174.63849  11.2%   367  105s
   999  1055 1228.22682  182  271 1322.17952 1174.63849  11.2%   314  110s
H 1071  1072                    1321.4133508 1174.63849  11.1%   302  111s
  1241  1350 1243.07273  219  266 1321.41335 1174.63849  11.1%   278  115s
  1572  1755 1290.62796  294  261 1321.41335 1175.03173  11.1%   241  121s
  1946  2002 1179.75970    6  369 1321.41335 1175.03173  11.1%   214  126s
  2123  2196 1185.96897   10  333 1321.41335 1175.03173  11.1%   207  130s
  2286  2360 1188.82947   13  328 1321.41335 1175.03173  11.1%   205  135s
  2486  2520 1200.75669   63  292 1321.41335 1175.03173  11.1%   198  142s
  2712  2767 1210.59553  145  287 1321.41335 1175.03173  11.1%   192  146s
  2873  2961 1212.54670  161  289 1321.41335 1175.03173  11.1%   194  152s
  2990  2995 1216.09763  245  250 1321.41335 1175.10290  11.1%   195  155s
  3025  2996 1248.71676  316  400 1321.41335 1175.10290  11.1%   199  188s
  3027  2997 1210.68163  191  312 1321.41335 1175.10290  11.1%   198  193s
  3028  2998 1222.41812  363  356 1321.41335 1175.10290  11.1%   198  205s
  3037  3004 1216.81553   97  377 1321.41335 1176.05504  11.0%   198  213s
  3040  3006 1207.78963   66  390 1321.41335 1176.11972  11.0%   198  215s
  3044  3009 1219.39913  320  388 1321.41335 1180.38426  10.7%   197  221s
  3046  3010 1230.85172  439  374 1321.41335 1183.15401  10.5%   197  225s
  3049  3012 1217.88647  244  348 1321.41335 1190.20321  9.93%   197  232s
  3053  3015 1252.16641  410  348 1321.41335 1190.65408  9.90%   197  236s
  3054  3015 1206.96305   78  347 1321.41335 1191.02784  9.87%   197  242s
  3057  3017 1245.77506  250  378 1321.41335 1191.38409  9.84%   196  245s
  3058  3018 1204.06288   79  282 1321.41335 1193.11733  9.71%   196  250s
  3062  3021 1256.62523  501  334 1321.41335 1195.07170  9.56%   196  259s
  3063  3021 1207.28272   89  329 1321.41335 1195.07170  9.56%   196  261s
  3064  3022 1281.22057 1064  359 1321.41335 1195.07170  9.56%   196  267s
  3065  3023 1284.57244  269  358 1321.41335 1195.07170  9.56%   196  270s
  3068  3025 1197.76381   33  370 1321.41335 1196.72149  9.44%   196  279s
  3069  3025 1280.90088 1058  375 1321.41335 1196.72149  9.44%   196  280s
  3073  3028 1229.70440  445  364 1321.41335 1196.72149  9.44%   195  294s
  3077  3031 1264.96584  655  363 1321.41335 1196.72149  9.44%   195  296s
  3078  3031 1231.57788  192  353 1321.41335 1197.26907  9.39%   195  306s
  3081  3033 1197.26907   21  368 1321.41335 1197.26907  9.39%   195  311s
  3082  3034 1233.30805  614  404 1321.41335 1199.89615  9.20%   195  318s
  3085  3036 1275.89947  527  364 1321.41335 1199.89615  9.20%   195  322s
  3086  3037 1217.20836  213  342 1321.41335 1199.89615  9.20%   195  328s
  3089  3039 1240.01147  232  341 1321.41335 1199.89615  9.20%   194  331s
  3090  3039 1237.11409  197  380 1321.41335 1199.89615  9.20%   194  341s
  3093  3041 1216.86073  135  397 1321.41335 1199.89615  9.20%   194  345s
  3094  3042 1228.69785  453  377 1321.41335 1199.89615  9.20%   194  350s
  3097  3044 1280.24865  954  384 1321.41335 1199.89615  9.20%   194  355s

Cutting planes:
  Cover: 19
  Implied bound: 135
  Projected implied bound: 12
  Clique: 3
  MIR: 45
  Mixing: 1
  Flow cover: 98
  GUB cover: 2
  Zero half: 53
  RLT: 9
  Relax-and-lift: 86
  BQP: 2

Explored 3097 nodes (1030262 simplex iterations) in 360.00 seconds (998.47 work units)
Thread count was 4 (of 32 available processors)

Solution count 10: 1321.41 1322.18 1325.09 ... 1346.45

Time limit reached
Best objective 1.321413350765e+03, best bound 1.200287580703e+03, gap 9.1664%

User-callback calls 49170, time in user-callback 0.01 sec
Cap boundary opt: PORT-581 stations=82 obj=1321.413 real=1321.413 baseline=1325.322
Set parameter Username
Set parameter LicenseID to value 2738882
Academic license - for non-commercial use only - expires 2026-11-14
Segment 1 eval: start=BOAT-0 end=PORT-583 stations=47 (optimize)
  Segment 1 order: -501 -500 -499 -498 -497 -496 -495 112 113 -494 114 -275 -111 -274 -107 -106 -105 104 -103 -102 -101 108 109 110 -273 -272 271 253 252 249 -248 -247 -245 -244 -243 -238 237 -215 -214 213 -192 218 -191 190 219 223 -135
Segment 2 eval: start=PORT-583 end=PORT-581 stations=61 (optimize)
  Segment 2 order: 133 134 -132 -181 230 232 233 234 -235 231 -227 228 229 -180 -179 -154 -153 -157 -156 -155 -173 -172 174 175 -176 -177 171 -170 -169 -168 -167 -166 -165 -164 -163 -162 -161 -160 159 158 -150 -149 -148 -147 -146 -145 -144 -142 -9 -8 -141 -140 -139 151 -152 -138 -137 -136 -2 -94 -92
Segment 3 eval: start=PORT-581 end=PORT-591 stations=79 (optimize)
  Segment 3 order: 56 55 -54 -53 -52 -51 -50 -49 -48 -39 -38 -37 66 67 68 69 -36 -35 -32 -31 -29 -27 26 28 30 -33 -34 41 42 43 44 45 46 -40 47 396 397 -398 -395 -394 -393 -392 -391 -390 -389 -388 -387 402 -403 385 -384 -383 -382 -414 -413 412 -409 408 -410 411 380 378 -379 -377 -376 -375 374 -373 -372 -371 -370 369 359 360 -358 -353 -349 -326 328
Segment 4 eval: start=PORT-591 end=PORT-593 stations=80 (optimize)
  Segment 4 order: 276 277 278 279 280 -341 -340 -320 -319 -318 -317 -316 281 557 -556 282 283 -284 555 558 559 -560 561 -562 -554 553 550 551 552 285 286 287 315 -314 313 -312 -288 -311 -309 -310 289 290 291 292 293 294 -307 303 -304 -302 -301 -300 -299 298 305 306 295 296 -297 -547 549 548 -546 -545 541 542 543 540 -544 -539 -538 -537 536 -535 -534 573 574 -577 575 528
Segment 5 eval: start=PORT-593 end=PORT-591 stations=88 (optimize)
  Segment 5 order: 454 455 464 465 480 -481 -95 90 -89 88 -87 86 -85 -84 -83 -82 -81 -80 -91 96 -24 -23 -22 79 -78 -77 -70 -76 75 72 73 -74 -71 65 -63 64 57 59 -58 60 61 62 -386 -401 400 399 407 -406 -405 -404 -415 416 418 419 420 421 -423 -422 424 -417 425 381 426 -368 -367 -365 364 363 362 361 -348 -332 -331 -330 -329 327 -325 -324 -323 -321 -339 -338 -337 -336 -335 -334 -333 347
Segment 6 eval: start=PORT-591 end=PORT-583 stations=42 (optimize)
  Segment 6 order: -346 -345 -344 -343 -342 -566 563 564 565 567 568 569 570 571 572 576 -527 -514 -513 -512 -436 435 438 -437 -440 441 442 443 444 -506 -505 -449 448 -450 451 452 453 456 457 458 -100 -99
Segment 7 eval: start=PORT-583 end=PORT-588 stations=35 (optimize)
  Segment 7 order: 97 236 239 240 -241 242 -98 246 250 251 208 209 -201 200 198 199 202 203 204 -131 -129 130 -256 257 259 258 -128 -127 126 -125 -124 -264 268 269 270
Segment 8 eval: start=PORT-588 end=PORT-581 stations=51 (optimize)
  Segment 8 order: 118 -117 -116 115 -475 -474 -473 -122 -121 -119 120 -266 -267 -265 -263 -262 -261 260 254 -205 -197 -196 -195 -194 -193 -217 -189 -188 -187 -186 -185 -184 183 182 226 178 -7 -6 10 11 12 13 14 143 15 16 17 18 -21 19 -20
Segment 9 eval: start=PORT-581 end=PORT-591 stations=31 (optimize)
  Segment 9 order: -93 -25 -5 -4 -3 -1 -225 -224 -222 -221 220 -216 -212 -211 -210 206 -207 -255 -123 -472 471 -470 -469 -467 -466 -479 -478 -476 477 532 308
Segment 10 eval: start=PORT-591 end=PORT-593 stations=23 (optimize)
  Segment 10 order: 366 -357 -356 -355 354 -352 -351 -350 -322 -533 531 -530 -529 -526 524 525 578 579 580 -523 -522 -521 -520
Segment 11 eval: start=PORT-593 end=PORT-584 stations=34 (optimize)
  Segment 11 order: 515 516 -519 -518 -517 -427 428 429 430 431 432 433 -434 447 -446 -445 439 -511 -510 -509 -508 -507 -504 -503 -487 486 -462 484 -463 -483 -482 -489 488 -502
Segment 12 eval: start=PORT-584 end=PORT-584 stations=0 (direct)
Segment 13 eval: start=PORT-584 end=BOAT-END stations=9 (optimize)
  Segment 13 order: -485 -461 -460 -459 -468 493 -492 -491 -490
Cap boundary debug: PORT-581 -> [93 25 5 4 3 1 225 224 222 221 220 216 212 211 210 206 207 255 123 472 471 470 469 467 466 479 478 476 477 532 308] -> PORT-591 -> [366 357 356 355 354 352 351 350 322 533 531 530 529 526 524 525 578 579 580 523 522 521 520] -> PORT-593 | load_left=44964 load_right=44739 cap=45000
Set parameter Username
Set parameter LicenseID to value 2738882
Academic license - for non-commercial use only - expires 2026-11-14
Set parameter TimeLimit to value 360
Set parameter Seed to value 2000000000
Set parameter Threads to value 4
Set parameter OutputFlag to value 1
Set parameter LogToConsole to value 1
Set parameter LazyConstraints to value 1
Gurobi Optimizer version 13.0.0 build v13.0.0rc1 (linux64 - "Debian GNU/Linux 13 (trixie)")

CPU model: AMD Ryzen 9 5950X 16-Core Processor, instruction set [SSE2|AVX|AVX2]
Thread count: 16 physical cores, 32 logical processors, using up to 4 threads

Non-default parameters:
TimeLimit  360
Seed  2000000000
Threads  4
LazyConstraints  1

Optimize a model with 13650 rows, 37632 columns and 75252 nonzeros (Min)
Model fingerprint: 0x377cf23a
Model has 12320 linear objective coefficients
Variable types: 25088 continuous, 12544 integer (12544 binary)
Coefficient statistics:
  Matrix range     [1e+00, 4e+04]
  Objective range  [5e-01, 1e+05]
  Bounds range     [1e+00, 4e+04]
  RHS range        [1e+00, 1e+04]
Presolve removed 1222 rows and 13268 columns
Presolve time: 0.11s
Presolved: 12428 rows, 24364 columns, 72950 nonzeros
Variable types: 11988 continuous, 12376 integer (12376 binary)

Root relaxation: objective 1.103402e+03, 27036 iterations, 2.06 seconds (6.38 work units)

    Nodes    |    Current Node    |     Objective Bounds      |     Work
 Expl Unexpl |  Obj  Depth IntInf | Incumbent    BestBd   Gap | It/Node Time

     0     0 1103.40198    0  200          - 1103.40198      -     -    2s
H    0     0                    1666.1156693 1103.40198  33.8%     -    2s
H    0     0                    1664.6089287 1103.40198  33.7%     -    2s
H    0     0                    1654.3141373 1103.40198  33.3%     -    2s
H    0     0                    1550.1266240 1103.40198  28.8%     -    2s
H    0     0                    1516.2395115 1103.40198  27.2%     -    3s
H    0     0                    1502.7674097 1103.40198  26.6%     -    3s
H    0     0                    1490.6796133 1103.40198  26.0%     -    3s
H    0     0                    1462.5213637 1103.40198  24.6%     -    3s
H    0     0                    1442.7017589 1103.40198  23.5%     -    3s
     0     0 1109.03149    0  263 1442.70176 1109.03149  23.1%     -    3s
     0     0 1109.03149    0  202 1442.70176 1109.03149  23.1%     -    4s
H    0     0                    1425.7801244 1109.03149  22.2%     -    4s
H    0     0                    1424.5349120 1109.03149  22.1%     -    5s
     0     0 1109.03149    0  259 1424.53491 1109.03149  22.1%     -    5s
H    0     0                    1422.6832390 1109.03149  22.0%     -    5s
H    0     0                    1410.7499455 1109.03149  21.4%     -    5s
H    0     0                    1393.8610924 1109.03149  20.4%     -    5s
H    0     0                    1383.4781394 1109.03149  19.8%     -    5s
H    0     0                    1339.8276679 1109.03149  17.2%     -    5s
H    0     0                    1339.3325443 1109.03149  17.2%     -    5s
     0     0 1109.22705    0  262 1339.33254 1109.22705  17.2%     -    5s
     0     0 1109.37762    0  261 1339.33254 1109.37762  17.2%     -    5s
     0     0 1111.43921    0  275 1339.33254 1111.43921  17.0%     -    6s
     0     0 1111.52886    0  276 1339.33254 1111.52886  17.0%     -    6s
     0     0 1111.52937    0  277 1339.33254 1111.52937  17.0%     -    6s
     0     0 1114.76948    0  276 1339.33254 1114.76948  16.8%     -    7s
     0     0 1115.28465    0  284 1339.33254 1115.28465  16.7%     -    7s
     0     0 1115.28705    0  286 1339.33254 1115.28705  16.7%     -    7s
     0     0 1125.81978    0  281 1339.33254 1125.81978  15.9%     -    8s
     0     0 1126.23409    0  286 1339.33254 1126.23409  15.9%     -    8s
     0     0 1126.23567    0  291 1339.33254 1126.23567  15.9%     -    8s
     0     0 1126.61665    0  298 1339.33254 1126.61665  15.9%     -    8s
     0     0 1126.63556    0  300 1339.33254 1126.63556  15.9%     -    8s
     0     0 1126.64007    0  299 1339.33254 1126.64007  15.9%     -    8s
     0     0 1128.48063    0  305 1339.33254 1128.48063  15.7%     -    9s
     0     0 1128.52805    0  303 1339.33254 1128.52805  15.7%     -    9s
     0     0 1128.52805    0  308 1339.33254 1128.52805  15.7%     -    9s
     0     0 1128.67995    0  294 1339.33254 1128.67995  15.7%     -    9s
     0     0 1128.70883    0  306 1339.33254 1128.70883  15.7%     -    9s
     0     0 1128.70886    0  309 1339.33254 1128.70886  15.7%     -    9s
     0     0 1128.75246    0  297 1339.33254 1128.75246  15.7%     -    9s
     0     0 1128.76809    0  300 1339.33254 1128.76809  15.7%     -    9s
     0     0 1128.76849    0  303 1339.33254 1128.76849  15.7%     -    9s
     0     0 1128.81448    0  304 1339.33254 1128.81448  15.7%     -   10s
     0     0 1128.81921    0  304 1339.33254 1128.81921  15.7%     -   10s
     0     0 1128.81921    0  292 1339.33254 1128.81921  15.7%     -   10s
     0     0 1128.81921    0  200 1339.33254 1128.81921  15.7%     -   11s
H    0     0                    1336.4097776 1128.81921  15.5%     -   11s
     0     0 1128.81921    0  265 1336.40978 1128.81921  15.5%     -   12s
     0     0 1128.81921    0  263 1336.40978 1128.81921  15.5%     -   12s
     0     0 1130.91300    0  274 1336.40978 1130.91300  15.4%     -   12s
     0     0 1131.18361    0  282 1336.40978 1131.18361  15.4%     -   12s
     0     0 1131.19230    0  275 1336.40978 1131.19230  15.4%     -   12s
     0     0 1131.19709    0  276 1336.40978 1131.19709  15.4%     -   12s
     0     0 1131.19832    0  276 1336.40978 1131.19832  15.4%     -   12s
     0     0 1131.60421    0  265 1336.40978 1131.60421  15.3%     -   12s
     0     0 1131.63570    0  264 1336.40978 1131.63570  15.3%     -   12s
     0     0 1131.68313    0  269 1336.40978 1131.68313  15.3%     -   13s
     0     0 1131.84962    0  266 1336.40978 1131.84962  15.3%     -   13s
     0     0 1132.87216    0  258 1336.40978 1132.87216  15.2%     -   13s
     0     0 1132.87395    0  263 1336.40978 1132.87395  15.2%     -   13s
     0     0 1132.88210    0  269 1336.40978 1132.88210  15.2%     -   14s
     0     0 1132.96135    0  262 1336.40978 1132.96135  15.2%     -   14s
     0     0 1132.96374    0  265 1336.40978 1132.96374  15.2%     -   14s
     0     0 1132.96483    0  267 1336.40978 1132.96483  15.2%     -   14s
     0     0 1132.96483    0  267 1336.40978 1132.96483  15.2%     -   14s
     0     0 1132.96483    0  253 1336.40978 1132.96483  15.2%     -   14s
     0     2 1132.96483    0  253 1336.40978 1132.96483  15.2%     -   14s
     3     8 1135.99752    2  257 1336.40978 1134.75920  15.1%   344   15s
   577   588 1246.31516  101   86 1336.40978 1137.90265  14.9%   226   20s
  1089   994 1186.85657   34  197 1336.40978 1138.81799  14.8%   188   25s
  1111  1009 1183.00817   34  283 1336.40978 1138.81799  14.8%   184   32s
  1164  1044 1154.51913   18  257 1336.40978 1141.39043  14.6%   217   35s
H 1183  1005                    1336.4097553 1141.39043  14.6%   223   36s
  1398  1077 1195.07160   43   40 1336.40976 1141.39043  14.6%   245   40s
  1883  1161 1266.77070   43   65 1336.40976 1152.68585  13.7%   251   45s
  2324  1350 1187.64788   21  260 1336.40976 1154.64567  13.6%   257   50s
  3286  1614 1304.45161   33  166 1336.40976 1168.79660  12.5%   237   55s
  3893  1678 infeasible   37      1336.40976 1168.87218  12.5%   246   60s
  4856  2330     cutoff   42      1336.40976 1174.66145  12.1%   238   65s
  5831  3122 1246.65510   36  104 1336.40976 1178.96044  11.8%   237   70s
  6927  3715 1297.46415   40   96 1336.40976 1184.52125  11.4%   225   75s
  8002  4337 1210.27329   22  259 1336.40976 1187.90858  11.1%   217   80s
  9728  5371 1241.62000   28  271 1336.40976 1194.40955  10.6%   208   86s
 10493  5964 1295.48676   99  153 1336.40976 1198.02471  10.4%   203   90s
 12266  6941 1251.95859   36  142 1336.40976 1202.30553  10.0%   195   96s
 13259  7685 1311.05105   67  186 1336.40976 1204.65995  9.86%   192  100s
 14629  8202 1290.49525   27   92 1336.40976 1206.82332  9.70%   186  105s
H14674  7963                    1331.2501978 1206.82332  9.35%   186  105s
 15980  9332 1315.04775   41  185 1331.25020 1209.83770  9.12%   182  110s
 17933 10345 1282.80826   27  211 1331.25020 1211.95660  8.96%   175  116s
 19560 11432 1227.91017   38  248 1331.25020 1215.90367  8.66%   172  121s
 20682 12013     cutoff   37      1331.25020 1218.36734  8.48%   170  125s
 22108 12835 1231.78878   26  157 1331.25020 1220.83992  8.29%   168  130s
 23691 13776 1231.91658   19  282 1331.25020 1223.35675  8.10%   166  135s
 25676 14875     cutoff   70      1331.25020 1225.83159  7.92%   162  140s
 27871 16382 1317.45680   39  143 1331.25020 1229.35414  7.65%   159  146s
 29720 17661 1311.52552  131   71 1331.25020 1231.64071  7.48%   156  151s
 31442 18716 1286.80396   28  145 1331.25020 1233.87356  7.31%   155  155s
 33029 19747 1256.98561   40  109 1331.25020 1235.13069  7.22%   154  160s
 34714 20646 1314.90924   41  130 1331.25020 1236.38152  7.13%   153  165s
 37060 21773 1264.46844   42  257 1331.25020 1238.60453  6.96%   150  171s
 38629 22576 1329.77751   34  143 1331.25020 1240.10384  6.85%   150  175s
 41143 23984 1284.81363   33  249 1331.25020 1243.14834  6.62%   148  181s
 42916 25053 1307.64438   62  116 1331.25020 1244.37473  6.53%   146  185s
 44530 26164 1308.70375   43  241 1331.25020 1245.74439  6.42%   146  190s
 46632 27327 1298.04046   49  266 1331.25020 1247.86948  6.26%   145  195s
 49326 28665 1300.74782   44  134 1331.25020 1249.38848  6.15%   142  201s
 51186 30000 1258.28056   23  121 1331.25020 1250.43894  6.07%   141  205s
 53604 31419 1312.25172   72  105 1331.25020 1251.28083  6.01%   139  211s
 55592 32628 1284.46274   33  127 1331.25020 1252.12799  5.94%   138  215s
 58252 33931 1271.00877   42  125 1331.25020 1252.91282  5.88%   136  220s
 60351 35304 1310.20728   36   61 1331.25020 1253.56091  5.84%   135  225s
 62862 36637 1329.06564   35  104 1331.25020 1254.35268  5.78%   134  231s
 65087 38334 1314.06813   67   80 1331.25020 1254.94137  5.73%   133  236s
 66819 39183 1330.94219   68   40 1331.25020 1255.42760  5.70%   132  240s
 68806 40344 1296.03317   45  103 1331.25020 1256.11867  5.64%   131  245s
 71544 41609 1313.02434   58   75 1331.25020 1256.90824  5.58%   129  250s
 73810 42898 1293.53836   28   77 1331.25020 1257.53266  5.54%   129  255s
 76005 44161 1305.71847   31  108 1331.25020 1258.14829  5.49%   128  260s
 78142 45366 1321.64781   52   79 1331.25020 1258.74171  5.45%   127  265s
 80758 46864 1326.99817   71   51 1331.25020 1259.40956  5.40%   126  270s
 82876 48087 1306.48315   48   95 1331.25020 1259.95413  5.36%   125  275s
 85060 49148 1296.09085   26   86 1331.25020 1260.52714  5.31%   124  280s
 86807 50129 infeasible   62      1331.25020 1260.81015  5.29%   123  285s
 89392 51712 1324.48965   27  167 1331.25020 1261.45871  5.24%   122  290s
 91370 52887 1287.07434   31  137 1331.25020 1261.87376  5.21%   122  295s
 93772 54209 1310.16490   50   67 1331.25020 1262.39173  5.17%   121  300s
 96705 55662 1309.50098   36  152 1331.25020 1263.27712  5.11%   121  305s
 99065 56937 1323.24416   66  103 1331.25020 1264.08984  5.04%   120  310s
 101216 57965 1304.26616   32   76 1331.25020 1264.83797  4.99%   120  315s
 103870 59416 1325.81835   30   69 1331.25020 1265.85518  4.91%   119  320s
 105964 60403 1311.99738   35  192 1331.25020 1266.42700  4.87%   118  325s
 107993 61396 1298.70652   82  108 1331.25020 1267.29865  4.80%   118  330s
 109633 62232 1304.94420   49   78 1331.25020 1267.81516  4.77%   118  335s
 111973 63269 1304.29398   40  103 1331.25020 1268.40123  4.72%   118  340s
 113650 64130 1292.04627   54  109 1331.25020 1268.92691  4.68%   118  345s
 116263 65452 1301.65960   35  212 1331.25020 1269.67535  4.63%   117  350s
 118321 66430 1299.70138   62  127 1331.25020 1270.27710  4.58%   116  355s
 119175 66607 1310.22440   47  109 1331.25020 1270.44112  4.57%   116  360s

Cutting planes:
  Gomory: 1
  Cover: 32
  Implied bound: 156
  Projected implied bound: 8
  MIR: 416
  Mixing: 1
  Flow cover: 348
  GUB cover: 1
  Inf proof: 23
  Zero half: 37
  RLT: 19
  Relax-and-lift: 50
  BQP: 4

Explored 119255 nodes (13934230 simplex iterations) in 360.00 seconds (1386.09 work units)
Thread count was 4 (of 32 available processors)

Solution count 10: 1331.25 1336.41 1339.33 ... 1425.78

Time limit reached
Best objective 1.331250197786e+03, best bound 1.270493138190e+03, gap 4.5639%

User-callback calls 277909, time in user-callback 0.01 sec
Cap boundary opt: PORT-591 stations=54 obj=1331.250 real=1331.250 baseline=1336.410
Set parameter Username
Set parameter LicenseID to value 2738882
Academic license - for non-commercial use only - expires 2026-11-14
Segment 1 eval: start=BOAT-0 end=PORT-583 stations=47 (optimize)
  Segment 1 order: -501 -500 -499 -498 -497 -496 -495 112 113 -494 114 -275 -111 -274 -107 -106 -105 104 -103 -102 -101 108 109 110 -273 -272 271 253 252 249 -248 -247 -245 -244 -243 -238 237 -215 -214 213 -192 218 -191 190 219 223 -135
Segment 2 eval: start=PORT-583 end=PORT-581 stations=61 (optimize)
  Segment 2 order: 133 134 -132 -181 230 232 233 234 -235 231 -227 228 229 -180 -179 -154 -153 -157 -156 -155 -173 -172 174 175 -176 -177 171 -170 -169 -168 -167 -166 -165 -164 -163 -162 -161 -160 159 158 -150 -149 -148 -147 -146 -145 -144 -142 -9 -8 -141 -140 -139 151 -152 -138 -137 -136 -2 -94 -92
Segment 3 eval: start=PORT-581 end=PORT-591 stations=79 (optimize)
  Segment 3 order: 56 55 -54 -53 -52 -51 -50 -49 -48 -39 -38 -37 66 67 68 69 -36 -35 -32 -31 -29 -27 26 28 30 -33 -34 41 42 43 44 45 46 -40 47 396 397 -398 -395 -394 -393 -392 -391 -390 -389 -388 -387 402 -403 385 -384 -383 -382 -414 -413 412 -409 408 -410 411 380 378 -379 -377 -376 -375 374 -373 -372 -371 -370 369 359 360 -358 -353 -349 -326 328
Segment 4 eval: start=PORT-591 end=PORT-593 stations=80 (optimize)
  Segment 4 order: 276 277 278 279 280 -341 -340 -320 -319 -318 -317 -316 281 557 -556 282 283 -284 555 558 559 -560 561 -562 -554 553 550 551 552 285 286 287 315 -314 313 -312 -288 -311 -309 -310 289 290 291 292 293 294 -307 303 -304 -302 -301 -300 -299 298 305 306 295 296 -297 -547 549 548 -546 -545 541 542 543 540 -544 -539 -538 -537 536 -535 -534 573 574 -577 575 528
Segment 5 eval: start=PORT-593 end=PORT-591 stations=88 (optimize)
  Segment 5 order: 454 455 464 465 480 -481 -95 90 -89 88 -87 86 -85 -84 -83 -82 -81 -80 -91 96 -24 -23 -22 79 -78 -77 -70 -76 75 72 73 -74 -71 65 -63 64 57 59 -58 60 61 62 -386 -401 400 399 407 -406 -405 -404 -415 416 418 419 420 421 -423 -422 424 -417 425 381 426 -368 -367 -365 364 363 362 361 -348 -332 -331 -330 -329 327 -325 -324 -323 -321 -339 -338 -337 -336 -335 -334 -333 347
Segment 6 eval: start=PORT-591 end=PORT-583 stations=42 (optimize)
  Segment 6 order: -346 -345 -344 -343 -342 -566 563 564 565 567 568 569 570 571 572 576 -527 -514 -513 -512 -436 435 438 -437 -440 441 442 443 444 -506 -505 -449 448 -450 451 452 453 456 457 458 -100 -99
Segment 7 eval: start=PORT-583 end=PORT-588 stations=35 (optimize)
  Segment 7 order: 97 236 239 240 -241 242 -98 246 250 251 208 209 -201 200 198 199 202 203 204 -131 -129 130 -256 257 259 258 -128 -127 126 -125 -124 -264 268 269 270
Segment 8 eval: start=PORT-588 end=PORT-581 stations=51 (optimize)
  Segment 8 order: 118 -117 -116 115 -475 -474 -473 -122 -121 -119 120 -266 -267 -265 -263 -262 -261 260 254 -205 -197 -196 -195 -194 -193 -217 -189 -188 -187 -186 -185 -184 183 182 226 178 -7 -6 10 11 12 13 14 143 15 16 17 18 -21 19 -20
Segment 9 eval: start=PORT-581 end=PORT-591 stations=32 (optimize)
  Segment 9 order: -93 -25 -5 -4 -3 -1 -225 -224 -222 -221 220 -216 -212 -211 -210 206 -207 -255 -123 -472 471 -470 -469 -467 -466 -479 -478 -476 477 524 533 308
Segment 10 eval: start=PORT-591 end=PORT-593 stations=22 (optimize)
  Segment 10 order: 366 -357 -356 -355 354 -352 -351 -350 -322 -532 -531 -530 -529 -526 525 578 579 580 -523 -522 -521 -520
Segment 11 eval: start=PORT-593 end=PORT-584 stations=34 (optimize)
  Segment 11 order: 515 516 -519 -518 -517 -427 428 429 430 431 432 433 -434 447 -446 -445 439 -511 -510 -509 -508 -507 -504 -503 -487 486 -462 484 -463 -483 -482 -489 488 -502
Segment 12 eval: start=PORT-584 end=PORT-584 stations=0 (direct)
Segment 13 eval: start=PORT-584 end=BOAT-END stations=9 (optimize)
  Segment 13 order: -485 -461 -460 -459 -468 493 -492 -491 -490
Cap boundary debug: PORT-591 -> [366 357 356 355 354 352 351 350 322 532 531 530 529 526 525 578 579 580 523 522 521 520] -> PORT-593 -> [515 516 519 518 517 427 428 429 430 431 432 433 434 447 446 445 439 511 510 509 508 507 504 503 487 486 462 484 463 483 482 489 488 502] -> PORT-584 | load_left=44741 load_right=44696 cap=45000
Set parameter Username
Set parameter LicenseID to value 2738882
Academic license - for non-commercial use only - expires 2026-11-14
Set parameter TimeLimit to value 360
Set parameter Seed to value 1465746196
Set parameter Threads to value 4
Set parameter OutputFlag to value 1
Set parameter LogToConsole to value 1
Set parameter LazyConstraints to value 1
Gurobi Optimizer version 13.0.0 build v13.0.0rc1 (linux64 - "Debian GNU/Linux 13 (trixie)")

CPU model: AMD Ryzen 9 5950X 16-Core Processor, instruction set [SSE2|AVX|AVX2]
Thread count: 16 physical cores, 32 logical processors, using up to 4 threads

Non-default parameters:
TimeLimit  360
Seed  1465746196
Threads  4
LazyConstraints  1

Optimize a model with 14602 rows, 40368 columns and 80724 nonzeros (Min)
Model fingerprint: 0x294ac11f
Model has 13224 linear objective coefficients
Variable types: 26912 continuous, 13456 integer (13456 binary)
Coefficient statistics:
  Matrix range     [1e+00, 4e+04]
  Objective range  [8e-01, 1e+05]
  Bounds range     [1e+00, 4e+04]
  RHS range        [1e+00, 1e+04]
Presolve removed 1266 rows and 14206 columns
Presolve time: 0.12s
Presolved: 13336 rows, 26162 columns, 78331 nonzeros
Variable types: 12880 continuous, 13282 integer (13282 binary)

Root relaxation: objective 6.407797e+02, 30307 iterations, 2.09 seconds (6.53 work units)

    Nodes    |    Current Node    |     Objective Bounds      |     Work
 Expl Unexpl |  Obj  Depth IntInf | Incumbent    BestBd   Gap | It/Node Time

     0     0  640.77966    0  206          -  640.77966      -     -    2s
H    0     0                    101319.68625  640.77966  99.4%     -    4s
H    0     0                    101264.64134  640.77966  99.4%     -    4s
H    0     0                    101196.25547  640.77966  99.4%     -    4s
H    0     0                    101177.99127  640.77966  99.4%     -    4s
H    0     0                    101173.22723  640.77966  99.4%     -    4s
     0     0  645.27837    0  211 101173.227  645.27837  99.4%     -    6s
H    0     0                    101157.39308  645.38777  99.4%     -    6s
H    0     0                     881.6030302  645.38777  26.8%     -    7s
H    0     0                     861.7754695  645.38777  25.1%     -    7s
H    0     0                     854.9820058  645.38777  24.5%     -    8s
H    0     0                     848.9131320  645.38777  24.0%     -    8s
H    0     0                     848.6473858  645.38777  24.0%     -    8s
H    0     0                     840.8664561  645.38777  23.2%     -    8s
H    0     0                     828.3801979  645.38777  22.1%     -    8s
H    0     0                     824.8982166  645.38777  21.8%     -    8s
H    0     0                     824.6874507  645.38777  21.7%     -    8s
     0     0  647.53925    0  219  824.68745  647.53925  21.5%     -    9s
     0     0  647.53925    0  221  824.68745  647.53925  21.5%     -    9s
     0     0  649.58345    0  253  824.68745  649.58345  21.2%     -    9s
     0     0  649.58345    0  190  824.68745  649.58345  21.2%     -   11s
H    0     0                     824.5668878  649.58345  21.2%     -   11s
     0     0  649.58345    0  231  824.56689  649.58345  21.2%     -   12s
H    0     0                     821.6842953  649.58345  20.9%     -   12s
     0     0  649.58345    0  250  821.68430  649.58345  20.9%     -   12s
     0     0  649.63850    0  255  821.68430  649.63850  20.9%     -   12s
     0     0  649.63850    0  252  821.68430  649.63850  20.9%     -   12s
     0     0  651.06535    0  242  821.68430  651.06535  20.8%     -   13s
     0     0  651.68382    0  245  821.68430  651.68382  20.7%     -   13s
     0     0  651.69466    0  248  821.68430  651.69466  20.7%     -   13s
     0     0  651.69466    0  247  821.68430  651.69466  20.7%     -   13s
     0     0  653.89472    0  282  821.68430  653.89472  20.4%     -   14s
     0     0  654.08778    0  275  821.68430  654.08778  20.4%     -   14s
     0     0  654.09062    0  274  821.68430  654.09062  20.4%     -   14s
     0     0  655.38948    0  292  821.68430  655.38948  20.2%     -   15s
     0     0  655.72820    0  290  821.68430  655.72820  20.2%     -   15s
     0     0  655.95188    0  286  821.68430  655.95188  20.2%     -   15s
     0     0  655.95635    0  290  821.68430  655.95635  20.2%     -   15s
     0     0  655.95682    0  291  821.68430  655.95682  20.2%     -   15s
     0     0  656.05172    0  288  821.68430  656.05172  20.2%     -   16s
     0     0  656.08345    0  291  821.68430  656.08345  20.2%     -   16s
     0     0  656.08642    0  293  821.68430  656.08642  20.2%     -   16s
     0     0  656.12539    0  294  821.68430  656.12539  20.1%     -   16s
     0     0  656.13177    0  298  821.68430  656.13177  20.1%     -   16s
     0     0  656.22800    0  290  821.68430  656.22800  20.1%     -   17s
     0     0  656.22958    0  294  821.68430  656.22958  20.1%     -   17s
     0     0  656.28465    0  293  821.68430  656.28465  20.1%     -   17s
     0     0  656.29995    0  300  821.68430  656.29995  20.1%     -   17s
     0     0  656.30201    0  299  821.68430  656.30201  20.1%     -   17s
     0     0  656.60734    0  294  821.68430  656.60734  20.1%     -   18s
     0     0  656.61079    0  298  821.68430  656.61079  20.1%     -   18s
     0     0  656.65471    0  301  821.68430  656.65471  20.1%     -   18s
     0     0  656.72737    0  302  821.68430  656.72737  20.1%     -   18s
     0     0  657.15354    0  294  821.68430  657.15354  20.0%     -   18s
     0     0  657.33090    0  297  821.68430  657.33090  20.0%     -   18s
     0     0  657.34416    0  312  821.68430  657.34416  20.0%     -   18s
     0     0  657.34510    0  312  821.68430  657.34510  20.0%     -   18s
     0     0  657.38426    0  312  821.68430  657.38426  20.0%     -   19s
     0     0  657.38840    0  312  821.68430  657.38840  20.0%     -   19s
     0     0  657.39433    0  314  821.68430  657.39433  20.0%     -   19s
     0     0  657.39457    0  312  821.68430  657.39457  20.0%     -   19s
     0     0  659.90685    0  293  821.68430  659.90685  19.7%     -   20s
     0     0  659.99318    0  303  821.68430  659.99318  19.7%     -   20s
     0     0  659.99362    0  303  821.68430  659.99362  19.7%     -   20s
     0     0  660.59367    0  303  821.68430  660.59367  19.6%     -   20s
     0     0  660.62706    0  305  821.68430  660.62706  19.6%     -   20s
     0     0  660.62722    0  306  821.68430  660.62722  19.6%     -   20s
     0     0  664.65587    0  290  821.68430  664.65587  19.1%     -   21s
     0     0  665.04941    0  291  821.68430  665.04941  19.1%     -   21s
     0     0  665.04941    0  300  821.68430  665.04941  19.1%     -   21s
     0     0  665.04941    0  295  821.68430  665.04941  19.1%     -   21s
     0     0  666.07722    0  297  821.68430  666.07722  18.9%     -   21s
     0     0  666.66288    0  292  821.68430  666.66288  18.9%     -   21s
     0     0  666.66288    0  297  821.68430  666.66288  18.9%     -   21s
     0     0  666.66288    0  298  821.68430  666.66288  18.9%     -   21s
     0     0  667.60592    0  298  821.68430  667.60592  18.8%     -   22s
     0     0  667.66730    0  299  821.68430  667.66730  18.7%     -   22s
     0     0  667.66926    0  302  821.68430  667.66926  18.7%     -   22s
     0     0  667.72996    0  300  821.68430  667.72996  18.7%     -   22s
     0     0  667.77157    0  303  821.68430  667.77157  18.7%     -   22s
     0     0  668.60629    0  301  821.68430  668.60629  18.6%     -   22s
     0     0  668.72529    0  307  821.68430  668.72529  18.6%     -   23s
     0     0  668.72529    0  310  821.68430  668.72529  18.6%     -   23s
     0     0  668.86482    0  307  821.68430  668.86482  18.6%     -   23s
     0     0  668.86889    0  311  821.68430  668.86889  18.6%     -   23s
     0     0  669.43902    0  303  821.68430  669.43902  18.5%     -   23s
     0     0  669.60666    0  308  821.68430  669.60666  18.5%     -   23s
     0     0  669.61356    0  314  821.68430  669.61356  18.5%     -   23s
     0     0  669.82882    0  303  821.68430  669.82882  18.5%     -   24s
     0     0  669.89639    0  307  821.68430  669.89639  18.5%     -   24s
     0     0  669.90411    0  319  821.68430  669.90411  18.5%     -   24s
     0     0  669.90504    0  322  821.68430  669.90504  18.5%     -   24s
     0     0  669.93578    0  322  821.68430  669.93578  18.5%     -   24s
     0     0  669.93578    0  310  821.68430  669.93578  18.5%     -   24s
H    0     2                     818.1518992  673.82656  17.6%     -   26s
     0     2  673.82656    0  310  818.15190  673.82656  17.6%     -   26s
H    2     4                     808.3099163  673.82656  16.6%   270   26s
    90    98  707.94131   25  240  808.30992  673.82656  16.6%   517   30s
H   99   107                     805.7680900  673.82656  16.4%   494   30s
   473   451  692.44838   10  246  805.76809  673.82656  16.4%   256   35s
  1007   955     cutoff   87       805.76809  674.62879  16.3%   219   40s
H 1151   964                     805.2334912  675.85517  16.1%   212   45s
H 1151   916                     804.4078864  675.85517  16.0%   212   45s
  1172   930  743.63574   64  322  804.40789  680.39400  15.4%   208   50s
  1189   941  739.05628   47  320  804.40789  686.27049  14.7%   205   55s
  1204   951  748.14935   82  346  804.40789  689.79363  14.2%   203   60s
  1213   957  750.32338   90  318  804.40789  692.40879  13.9%   201   65s
  1219   961  723.84765   41  328  804.40789  692.94476  13.9%   200   70s
H 1220   914                     802.7153870  695.35397  13.4%   233   73s
  1227   921  727.35747   15  216  802.71539  727.07452  9.42%   239   75s
H 1263   892                     802.5948240  727.07452  9.41%   244   76s
  1312   921  734.35071   26  184  802.59482  727.07452  9.41%   263   80s
H 1349   881                     787.5348232  727.07452  7.68%   266   81s
H 1443   828                     787.5348071  727.07452  7.68%   264   84s
  1445   829  742.00144   37  198  787.53481  727.07452  7.68%   266   85s
H 1536   784                     787.2923039  727.07452  7.65%   266   87s
H 1546   743                     778.8843037  727.07452  6.65%   265   87s
  1637   769  758.56255   87  145  778.88430  728.50236  6.47%   273   90s
H 2147   781                     778.6735378  730.24538  6.22%   260   94s
  2166   817  741.59452   24  191  778.67354  730.24538  6.22%   259   95s
  2674   933  743.93223   25  169  778.67354  730.59954  6.17%   244  100s
  3256  1165 infeasible   36       778.67354  731.58763  6.05%   229  105s
  3809  1562  766.69686  116  148  778.67354  732.07590  5.98%   223  110s
  4394  1898  760.53997   56  175  778.67354  732.66257  5.91%   220  115s
  5052  2199  748.43243   29  182  778.67354  733.15392  5.85%   218  121s
  5256  2427  748.69643   42  137  778.67354  733.48799  5.80%   224  125s
  5945  2823  761.81968   35  134  778.67354  734.06085  5.73%   220  130s
  6762  3383  762.29779   29  109  778.67354  734.79780  5.63%   213  135s
H 7472  3724                     778.6735331  735.27270  5.57%   207  139s
  7598  3968  765.05383   35  155  778.67353  735.27270  5.57%   205  141s
  8290  4439  753.33384   28  169  778.67353  735.93959  5.49%   203  145s
  8847  4699     cutoff   40       778.67353  736.25611  5.45%   202  151s
  9677  5346  747.52915   23  212  778.67353  736.66696  5.39%   200  155s
 10624  5808  762.51627   25  190  778.67353  737.24881  5.32%   197  161s
 11538  6550  748.86760   37  112  778.67353  737.96969  5.23%   194  167s
 12097  6863  764.62732   32  181  778.67353  738.21390  5.20%   194  170s
 13180  7404  748.18586   21  224  778.67353  739.16230  5.07%   192  176s
 13621  7640  752.74461   38  139  778.67353  739.75302  5.00%   193  180s
 14583  8005  746.76628   22  196  778.67353  741.27158  4.80%   194  185s
 15137  8246  767.90844   30  192  778.67353  742.40164  4.66%   200  192s
 15984  8569  747.68870   18  198  778.67353  743.18445  4.56%   202  197s
 16306  8836  767.43650   46  137  778.67353  743.87501  4.47%   204  200s
 17184  9129  771.86220   29  166  778.67353  744.59435  4.38%   204  206s
 17606  9290     cutoff   26       778.67353  744.83173  4.35%   205  210s
 18460  9589     cutoff   31       778.67353  745.31351  4.28%   206  216s
 19242  9897  754.83116   27  166  778.67353  745.92969  4.21%   209  221s
 19655  9966     cutoff   45       778.67353  746.17886  4.17%   211  225s
 20274 10233  766.25661   36  178  778.67353  746.62992  4.12%   213  234s
 20485 10354     cutoff   29       778.67353  746.68428  4.11%   213  237s
 20872 10518  771.90457   44  130  778.67353  746.97260  4.07%   214  240s
 21577 10697  770.22111   36   84  778.67353  747.42929  4.01%   216  246s
 22355 10954     cutoff   27       778.67353  747.74293  3.97%   218  252s
 22711 11010 infeasible   31       778.67353  748.01626  3.94%   219  255s
 23464 11178  766.30533   31  110  778.67353  748.37125  3.89%   221  262s
 23798 11249 infeasible   41       778.67353  748.60918  3.86%   223  265s
 24464 11402  771.60274   39  124  778.67353  749.13310  3.79%   227  271s
 25276 11574  763.13466   25  199  778.67353  749.53328  3.74%   229  277s
 25604 11596  769.15626   26  147  778.67353  749.80267  3.71%   231  280s
 26202 11743  761.11453   24  193  778.67353  750.19102  3.66%   233  286s
 26938 11818  775.39769   24  179  778.67353  750.76082  3.58%   236  292s
 27306 11857  775.44545   24  138  778.67353  751.01648  3.55%   237  295s
 28014 11939     cutoff   80       778.67353  751.53987  3.48%   240  302s
 28382 12018     cutoff   30       778.67353  751.87175  3.44%   241  305s
 29125 12091  767.38272   33  153  778.67353  752.33112  3.38%   243  311s
 29911 12087     cutoff   34       778.67353  752.76957  3.33%   245  317s
 30199 12090  777.00806   37  146  778.67353  752.92460  3.31%   247  320s
 30744 12061     cutoff   31       778.67353  753.35528  3.25%   250  326s
 30963 12073  777.96808   33  161  778.67353  753.55151  3.23%   252  332s
 31591 12104     cutoff   25       778.67353  754.00086  3.17%   254  336s
 32013 12098  767.13121   26  149  778.67353  754.24871  3.14%   256  340s
 32638 12060  766.02882   23  179  778.67353  754.68699  3.08%   260  348s
 33116 11995     cutoff   25       778.67353  754.92666  3.05%   262  352s
 33516 11947  765.75595   31  195  778.67353  755.25334  3.01%   265  357s
 33892 11906 infeasible   29       778.67353  755.51391  2.97%   268  360s

Cutting planes:
  Learned: 1
  Gomory: 5
  Cover: 19
  Implied bound: 165
  Projected implied bound: 14
  Clique: 2
  MIR: 143
  Mixing: 2
  StrongCG: 1
  Flow cover: 215
  GUB cover: 1
  Inf proof: 15
  Zero half: 41
  RLT: 23
  Relax-and-lift: 58
  BQP: 9

Explored 34001 nodes (9210765 simplex iterations) in 360.00 seconds (1506.36 work units)
Thread count was 4 (of 32 available processors)

Solution count 10: 778.674 778.884 787.292 ... 808.31

Time limit reached
Best objective 7.786735330602e+02, best bound 7.556298126814e+02, gap 2.9594%

User-callback calls 105315, time in user-callback 0.00 sec
Set parameter Username
Set parameter LicenseID to value 2738882
Academic license - for non-commercial use only - expires 2026-11-14
Segment 1 eval: start=BOAT-0 end=PORT-583 stations=47 (optimize)
  Segment 1 order: -501 -500 -499 -498 -497 -496 -495 112 113 -494 114 -275 -111 -274 -107 -106 -105 104 -103 -102 -101 108 109 110 -273 -272 271 253 252 249 -248 -247 -245 -244 -243 -238 237 -215 -214 213 -192 218 -191 190 219 223 -135
Segment 2 eval: start=PORT-583 end=PORT-581 stations=61 (optimize)
  Segment 2 order: 133 134 -132 -181 230 232 233 234 -235 231 -227 228 229 -180 -179 -154 -153 -157 -156 -155 -173 -172 174 175 -176 -177 171 -170 -169 -168 -167 -166 -165 -164 -163 -162 -161 -160 159 158 -150 -149 -148 -147 -146 -145 -144 -142 -9 -8 -141 -140 -139 151 -152 -138 -137 -136 -2 -94 -92
Segment 3 eval: start=PORT-581 end=PORT-591 stations=79 (optimize)
  Segment 3 order: 56 55 -54 -53 -52 -51 -50 -49 -48 -39 -38 -37 66 67 68 69 -36 -35 -32 -31 -29 -27 26 28 30 -33 -34 41 42 43 44 45 46 -40 47 396 397 -398 -395 -394 -393 -392 -391 -390 -389 -388 -387 402 -403 385 -384 -383 -382 -414 -413 412 -409 408 -410 411 380 378 -379 -377 -376 -375 374 -373 -372 -371 -370 369 359 360 -358 -353 -349 -326 328
Segment 4 eval: start=PORT-591 end=PORT-593 stations=80 (optimize)
  Segment 4 order: 276 277 278 279 280 -341 -340 -320 -319 -318 -317 -316 281 557 -556 282 283 -284 555 558 559 -560 561 -562 -554 553 550 551 552 285 286 287 315 -314 313 -312 -288 -311 -309 -310 289 290 291 292 293 294 -307 303 -304 -302 -301 -300 -299 298 305 306 295 296 -297 -547 549 548 -546 -545 541 542 543 540 -544 -539 -538 -537 536 -535 -534 573 574 -577 575 528
Segment 5 eval: start=PORT-593 end=PORT-591 stations=88 (optimize)
  Segment 5 order: 454 455 464 465 480 -481 -95 90 -89 88 -87 86 -85 -84 -83 -82 -81 -80 -91 96 -24 -23 -22 79 -78 -77 -70 -76 75 72 73 -74 -71 65 -63 64 57 59 -58 60 61 62 -386 -401 400 399 407 -406 -405 -404 -415 416 418 419 420 421 -423 -422 424 -417 425 381 426 -368 -367 -365 364 363 362 361 -348 -332 -331 -330 -329 327 -325 -324 -323 -321 -339 -338 -337 -336 -335 -334 -333 347
Segment 6 eval: start=PORT-591 end=PORT-583 stations=42 (optimize)
  Segment 6 order: -346 -345 -344 -343 -342 -566 563 564 565 567 568 569 570 571 572 576 -527 -514 -513 -512 -436 435 438 -437 -440 441 442 443 444 -506 -505 -449 448 -450 451 452 453 456 457 458 -100 -99
Segment 7 eval: start=PORT-583 end=PORT-588 stations=35 (optimize)
  Segment 7 order: 97 236 239 240 -241 242 -98 246 250 251 208 209 -201 200 198 199 202 203 204 -131 -129 130 -256 257 259 258 -128 -127 126 -125 -124 -264 268 269 270
Segment 8 eval: start=PORT-588 end=PORT-581 stations=51 (optimize)
  Segment 8 order: 118 -117 -116 115 -475 -474 -473 -122 -121 -119 120 -266 -267 -265 -263 -262 -261 260 254 -205 -197 -196 -195 -194 -193 -217 -189 -188 -187 -186 -185 -184 183 182 226 178 -7 -6 10 11 12 13 14 143 15 16 17 18 -21 19 -20
Segment 9 eval: start=PORT-581 end=PORT-591 stations=32 (optimize)
  Segment 9 order: -93 -25 -5 -4 -3 -1 -225 -224 -222 -221 220 -216 -212 -211 -210 206 -207 -255 -123 -472 471 -470 -469 -467 -466 -479 -478 -476 477 524 533 308
Segment 10 eval: start=PORT-591 end=PORT-593 stations=22 (optimize)
  Segment 10 order: 366 -357 -356 -355 354 -352 -351 -350 -322 -532 -531 -530 -529 -526 525 578 579 580 -523 -522 -521 -520
Segment 11 eval: start=PORT-593 end=PORT-584 stations=34 (optimize)
  Segment 11 order: 515 516 -519 -518 -517 -427 428 429 430 431 432 433 -434 447 -446 -445 439 -511 -510 -509 -508 -507 -504 -503 -487 486 -462 484 -463 -483 -482 -489 488 -502
Segment 12 eval: start=PORT-584 end=PORT-584 stations=0 (direct)
Segment 13 eval: start=PORT-584 end=BOAT-END stations=9 (optimize)
  Segment 13 order: -485 -461 -460 -459 -468 493 -492 -491 -490
PROGRESS pass=4 changed=1 total=6254.723 best=6254.723 nseg=13 stall=0 mut=0/9
Capacity boundary sweep pass 5
Cap boundary debug: PORT-583 -> [97 236 239 240 241 242 98 246 250 251 208 209 201 200 198 199 202 203 204 131 129 130 256 257 259 258 128 127 126 125 124 264 268 269 270] -> PORT-588 -> [118 117 116 115 475 474 473 122 121 119 120 266 267 265 263 262 261 260 254 205 197 196 195 194 193 217 189 188 187 186 185 184 183 182 226 178 7 6 10 11 12 13 14 143 15 16 17 18 21 19 20] -> PORT-581 | load_left=42024 load_right=44542 cap=45000
Set parameter Username
Set parameter LicenseID to value 2738882
Academic license - for non-commercial use only - expires 2026-11-14
Set parameter TimeLimit to value 360
Set parameter Seed to value 174201891
Set parameter Threads to value 4
Set parameter OutputFlag to value 1
Set parameter LogToConsole to value 1
Set parameter LazyConstraints to value 1
Gurobi Optimizer version 13.0.0 build v13.0.0rc1 (linux64 - "Debian GNU/Linux 13 (trixie)")

CPU model: AMD Ryzen 9 5950X 16-Core Processor, instruction set [SSE2|AVX|AVX2]
Thread count: 16 physical cores, 32 logical processors, using up to 4 threads

Non-default parameters:
TimeLimit  360
Seed  174201891
Threads  4
LazyConstraints  1

Optimize a model with 32722 rows, 92928 columns and 185844 nonzeros (Min)
Model fingerprint: 0x29e12229
Model has 30624 linear objective coefficients
Variable types: 61952 continuous, 30976 integer (30976 binary)
Coefficient statistics:
  Matrix range     [1e+00, 4e+04]
  Objective range  [3e-01, 1e+05]
  Bounds range     [1e+00, 4e+04]
  RHS range        [1e+00, 9e+03]
Presolve removed 1926 rows and 32116 columns
Presolve time: 0.28s
Presolved: 30796 rows, 60812 columns, 182043 nonzeros
Variable types: 30100 continuous, 30712 integer (30712 binary)
Root relaxation presolved: 30796 rows, 60812 columns, 182043 nonzeros

Deterministic concurrent LP optimizer: primal and dual simplex
Showing primal log only...

Concurrent spin time: 0.00s

Solved with primal simplex

Root relaxation: objective 6.950384e+02, 60889 iterations, 2.25 seconds (4.59 work units)

    Nodes    |    Current Node    |     Objective Bounds      |     Work
 Expl Unexpl |  Obj  Depth IntInf | Incumbent    BestBd   Gap | It/Node Time

     0     0  695.03843    0  284          -  695.03843      -     -    6s
H    0     0                    105705.71041  695.03843  99.3%     -    6s
H    0     0                    1803.0322206  695.03843  61.5%     -    6s
H    0     0                    1790.7121178  695.03843  61.2%     -    6s
H    0     0                    1745.3373022  695.03843  60.2%     -    6s
H    0     0                    1483.1930952  695.03843  53.1%     -    7s
H    0     0                    1482.5997531  695.03843  53.1%     -    8s
H    0     0                    1451.9965556  695.03843  52.1%     -    8s
H    0     0                    1451.2303874  695.03843  52.1%     -    8s
H    0     0                    1446.0911858  695.03843  51.9%     -    8s
H    0     0                    1023.8485740  695.03843  32.1%     -    8s
H    0     0                    1010.0631088  695.03843  31.2%     -    9s
H    0     0                    1004.1483380  695.03843  30.8%     -   11s
     0     0  695.03843    0  279 1004.14834  695.03843  30.8%     -   11s
     0     0  696.91645    0  317 1004.14834  696.91645  30.6%     -   16s
H    0     0                     987.7829939  696.91645  29.4%     -   16s
H    0     0                     983.1771310  696.91645  29.1%     -   16s
H    0     0                     982.4706710  696.91645  29.1%     -   17s
H    0     0                     975.7523821  696.91645  28.6%     -   18s
H    0     0                     973.0001344  696.91645  28.4%     -   19s
H    0     0                     970.5795788  696.91645  28.2%     -   19s
     0     0  696.91645    0  317  970.57958  696.91645  28.2%     -   21s
H    0     0                     962.7301767  696.91645  27.6%     -   22s
H    0     0                     959.4322528  696.91645  27.4%     -   24s
H    0     0                     952.3293803  696.91645  26.8%     -   24s
H    0     0                     951.5632121  696.91645  26.8%     -   24s
H    0     0                     949.3625793  696.91645  26.6%     -   25s
H    0     0                     890.1882581  696.91645  21.7%     -   27s
     0     0  696.92012    0  320  890.18826  696.92012  21.7%     -   27s
     0     0  696.92012    0  320  890.18826  696.92012  21.7%     -   27s
     0     0  698.06367    0  340  890.18826  698.06367  21.6%     -   30s
     0     0  698.10636    0  341  890.18826  698.10636  21.6%     -   31s
     0     0  698.10698    0  344  890.18826  698.10698  21.6%     -   31s
     0     0  698.61353    0  341  890.18826  698.61353  21.5%     -   36s
     0     0  698.64293    0  347  890.18826  698.64293  21.5%     -   36s
     0     0  698.64293    0  347  890.18826  698.64293  21.5%     -   36s
     0     0  699.72312    0  348  890.18826  699.72312  21.4%     -   40s
     0     0  699.74297    0  341  890.18826  699.74297  21.4%     -   40s
     0     0  699.74297    0  341  890.18826  699.74297  21.4%     -   40s
     0     0  699.74362    0  324  890.18826  699.74362  21.4%     -   42s
H    0     0                     889.4524926  699.74362  21.3%     -   44s
     0     0  699.74368    0  328  889.45249  699.74368  21.3%     -   46s
     0     0  699.74386    0  333  889.45249  699.74386  21.3%     -   48s
     0     0  699.74386    0  333  889.45249  699.74386  21.3%     -   48s
     0     0  699.75645    0  329  889.45249  699.75645  21.3%     -   50s
     0     0  699.75645    0  326  889.45249  699.75645  21.3%     -   50s
     0     0  699.75645    0  330  889.45249  699.75645  21.3%     -   52s
     0     0  699.75645    0  329  889.45249  699.75645  21.3%     -   52s
     0     0  699.75645    0  348  889.45249  699.75645  21.3%     -   54s
     0     0  699.75645    0  348  889.45249  699.75645  21.3%     -   54s
     0     0  699.81459    0  352  889.45249  699.81459  21.3%     -   56s
     0     0  699.81459    0  353  889.45249  699.81459  21.3%     -   56s
     0     0  699.83020    0  352  889.45249  699.83020  21.3%     -   58s
     0     0  699.83020    0  353  889.45249  699.83020  21.3%     -   58s
     0     0  699.91737    0  359  889.45249  699.91737  21.3%     -   60s
     0     0  699.91737    0  360  889.45249  699.91737  21.3%     -   60s
     0     0  699.91783    0  349  889.45249  699.91783  21.3%     -   62s
     0     0  699.91783    0  349  889.45249  699.91783  21.3%     -   62s
     0     0  699.91783    0  353  889.45249  699.91783  21.3%     -   64s
     0     0  699.91783    0  353  889.45249  699.91783  21.3%     -   64s
     0     0  699.91783    0  350  889.45249  699.91783  21.3%     -   65s
H    0     0                     843.6895077  699.91783  17.0%     -   67s
H    0     0                     822.8988333  699.91783  14.9%     -   67s
H    0     0                     804.1162713  699.91783  13.0%     -   67s
H    0     0                     802.3853136  699.91783  12.8%     -   68s
H    0     0                     800.5892122  699.91783  12.6%     -   68s
H    0     0                     797.4268779  699.91783  12.2%     -   68s
     0     0  707.88862    0  287  797.42688  707.88862  11.2%     -   72s
H    0     0                     789.3064703  707.88862  10.3%     -   72s
H    0     0                     787.0075725  707.88862  10.1%     -   72s
H    0     0                     783.2877609  707.88862  9.63%     -   72s
H    0     0                     774.0665699  707.88862  8.55%     -   72s
     0     0  707.88862    0  323  774.06657  707.88862  8.55%     -   76s
H    0     0                     773.1800441  707.88862  8.44%     -   77s
H    0     0                     772.9948284  707.88862  8.42%     -   77s
H    0     0                     772.4614299  707.88862  8.36%     -   78s
H    0     0                     772.1743597  707.88862  8.33%     -   78s
H    0     0                     771.6985615  707.88862  8.27%     -   78s
     0     0  707.88862    0  339  771.69856  707.88862  8.27%     -   79s
     0     0  707.88862    0  340  771.69856  707.88862  8.27%     -   79s
     0     0  707.88862    0  352  771.69856  707.88862  8.27%     -   79s
     0     0  707.88862    0  354  771.69856  707.88862  8.27%     -   79s
     0     0  707.88862    0  350  771.69856  707.88862  8.27%     -   80s
     0     0  707.88862    0  344  771.69856  707.88862  8.27%     -   81s
     0     0  707.88862    0  295  771.69856  707.88862  8.27%     -   83s
H    0     0                     768.7702874  707.88862  7.92%     -   83s
     0     0  707.88862    0  328  768.77029  707.88862  7.92%     -   87s
H    0     0                     760.6645343  707.88862  6.94%     -   87s
     0     0  707.88862    0  338  760.66453  707.88862  6.94%     -   89s
     0     0  707.88862    0  354  760.66453  707.88862  6.94%     -   90s
     0     0  707.88862    0  348  760.66453  707.88862  6.94%     -   90s
     0     0  707.88862    0  346  760.66453  707.88862  6.94%     -   90s
     0     0  707.88862    0  353  760.66453  707.88862  6.94%     -   90s
     0     0  707.88862    0  353  760.66453  707.88862  6.94%     -   91s
     0     0  707.88862    0  361  760.66453  707.88862  6.94%     -   92s
     0     0  707.88862    0  359  760.66453  707.88862  6.94%     -   92s
     0     0  707.88862    0  359  760.66453  707.88862  6.94%     -   92s
     0     0  713.11264    0  349  760.66453  713.11264  6.25%     -   94s
     0     0  713.31609    0  344  760.66453  713.31609  6.22%     -   95s
     0     0  713.31902    0  341  760.66453  713.31902  6.22%     -   95s
     0     0  715.84126    0  336  760.66453  715.84126  5.89%     -   95s
     0     0  715.84126    0  280  760.66453  715.84126  5.89%     -   98s
     0     0  715.84126    0  326  760.66453  715.84126  5.89%     -  100s
     0     0  715.92935    0  318  760.66453  715.92935  5.88%     -  102s
     0     0  716.46883    0  327  760.66453  716.46883  5.81%     -  102s
     0     0  716.51298    0  322  760.66453  716.51298  5.80%     -  102s
     0     0  716.51306    0  325  760.66453  716.51306  5.80%     -  102s
     0     0  716.62904    0  334  760.66453  716.62904  5.79%     -  103s
     0     0  717.97851    0  331  760.66453  717.97851  5.61%     -  103s
     0     0  717.97851    0  329  760.66453  717.97851  5.61%     -  103s
     0     0  718.92177    0  328  760.66453  718.92177  5.49%     -  104s
     0     0  718.95470    0  332  760.66453  718.95470  5.48%     -  104s
     0     0  719.08724    0  341  760.66453  719.08724  5.47%     -  104s
     0     0  719.08724    0  340  760.66453  719.08724  5.47%     -  105s
     0     0  719.37623    0  342  760.66453  719.37623  5.43%     -  105s
     0     0  719.37623    0  337  760.66453  719.37623  5.43%     -  105s
     0     0  719.41034    0  340  760.66453  719.41034  5.42%     -  105s
     0     0  719.56576    0  340  760.66453  719.56576  5.40%     -  105s
     0     0  719.56576    0  320  760.66453  719.56576  5.40%     -  106s
     0     2  722.67466    0  318  760.66453  722.67466  4.99%     -  109s
     1     5  730.43350    1  245  760.66453  722.67466  4.99%  4642  110s
    83    94  734.41277   17  126  760.66453  730.44113  3.97%   937  115s
H  186   195                     754.0786928  730.44113  3.13%   785  118s
   256   274  737.32062   39  124  754.07869  730.44113  3.13%   656  120s
   892   872  741.96252   18  107  754.07869  730.78560  3.09%   324  125s
H 1039   916                     750.9242895  730.78560  2.68%   322  126s
  1040   917  737.35053    9  350  750.92429  730.78560  2.68%   322  132s
H 1042   872                     750.1469379  730.78560  2.58%   322  135s
  1053   880  732.13540    8  332  750.14694  730.78560  2.58%   318  140s
  1054   880  739.59550   37  332  750.14694  730.79768  2.58%   318  148s
  1061   890  732.65149   12  281  750.14694  732.26777  2.38%   364  150s
  1151   952  737.36669   24  119  750.14694  732.26777  2.38%   379  155s
H 1221   940                     750.1469370  732.26777  2.38%   378  157s
  1332   967  743.79652   20  108  750.14694  732.64621  2.33%   379  160s
H 1369   919                     750.1469251  732.64621  2.33%   375  161s
  1864  1030  745.80165   28  184  750.14693  734.42963  2.10%   338  165s
  2796  1178  745.34445   21  171  750.14693  736.37717  1.84%   293  170s
  3596  1360  745.05803   24  119  750.14693  737.81329  1.64%   265  175s
  4760  1851  746.82586   28  239  750.14693  739.67606  1.40%   243  180s
  5958  2365  746.00641   24  185  750.14693  740.44172  1.29%   233  185s
  7419  2841  745.63346   21  176  750.14693  741.22428  1.19%   217  190s
  9037  3294  745.34212   34  110  750.14693  741.78515  1.11%   205  196s
 10235  3579  747.70449   32  107  750.14693  742.06209  1.08%   199  201s
 11100  3871  749.47823   37   86  750.14693  742.34164  1.04%   194  205s
 13079  4301  744.94514   25  205  750.14693  742.81274  0.98%   187  211s
 14354  4523  747.70350   34  185  750.14693  743.08195  0.94%   183  215s
 15678  4781  745.25453   23  128  750.14693  743.32334  0.91%   181  221s
 17542  5171     cutoff   31       750.14693  743.62689  0.87%   177  226s
 19091  5383  747.29588   23  171  750.14693  743.93553  0.83%   175  231s
 20650  5621     cutoff   34       750.14693  744.22445  0.79%   173  236s
 22329  5761  747.11500   27  111  750.14693  744.47771  0.76%   171  240s
 23846  5890 infeasible   25       750.14693  744.70896  0.72%   171  245s
 25406  6099     cutoff   25       750.14693  744.95080  0.69%   170  250s
 26799  6185  748.69383   29   79  750.14693  745.15684  0.67%   169  255s
 28191  6311  748.26636   29  223  750.14693  745.30537  0.65%   168  260s
 30131  6391  747.02609   23  135  750.14693  745.57472  0.61%   167  266s
 31716  6480  747.63479   38   99  750.14693  745.75187  0.59%   166  270s
 33292  6450  749.17679   38   87  750.14693  745.92957  0.56%   166  275s
 35355  6347  748.59640   26  144  750.14693  746.16819  0.53%   165  281s
 36194  6236  749.71192   34   55  750.14693  746.28389  0.51%   165  285s
 38079  6107     cutoff   26       750.14693  746.50882  0.48%   164  290s
 39918  6013 infeasible   29       750.14693  746.70228  0.46%   163  295s
 41683  5788  748.91030   23  221  750.14693  746.89550  0.43%   162  300s
 43333  5473  748.83777   41  190  750.14693  747.08085  0.41%   162  305s
 44668  5132  749.41445   20   78  750.14693  747.24167  0.39%   162  310s
 46536  4679  749.89019   29  198  750.14693  747.43779  0.36%   161  315s
 48294  4117  749.89977   29  144  750.14693  747.66558  0.33%   161  320s
 49436  3670  748.65073   27   27  750.14693  747.85694  0.31%   161  325s
 51295  2549 infeasible   26       750.14693  748.20704  0.26%   161  331s
 52746  1362 infeasible   38       750.14693  748.62792  0.20%   162  336s
 54634     0     cutoff   34       750.14693  749.83237  0.04%   161  340s

Cutting planes:
  Gomory: 22
  Cover: 40
  Implied bound: 111
  Projected implied bound: 9
  Clique: 1
  MIR: 115
  Mixing: 1
  Flow cover: 319
  GUB cover: 2
  Inf proof: 45
  Zero half: 30
  Network: 1
  RLT: 8
  Relax-and-lift: 68
  BQP: 3

Explored 54746 nodes (9114850 simplex iterations) in 340.01 seconds (1003.93 work units)
Thread count was 4 (of 32 available processors)

Solution count 10: 750.147 750.924 754.079 ... 773.18

Optimal solution found (tolerance 1.00e-04)
Best objective 7.501469251194e+02, best bound 7.501469251194e+02, gap 0.0000%

User-callback calls 150479, time in user-callback 0.01 sec
Cap boundary reject: PORT-588 real=875.590 baseline=759.762
Cap boundary debug: PORT-588 -> [118 117 116 115 475 474 473 122 121 119 120 266 267 265 263 262 261 260 254 205 197 196 195 194 193 217 189 188 187 186 185 184 183 182 226 178 7 6 10 11 12 13 14 143 15 16 17 18 21 19 20] -> PORT-581 -> [93 25 5 4 3 1 225 224 222 221 220 216 212 211 210 206 207 255 123 472 471 470 469 467 466 479 478 476 477 524 533 308] -> PORT-591 | load_left=44542 load_right=44962 cap=45000
Set parameter Username
Set parameter LicenseID to value 2738882
Academic license - for non-commercial use only - expires 2026-11-14
Set parameter TimeLimit to value 360
Set parameter Seed to value 1063584324
Set parameter Threads to value 4
Set parameter OutputFlag to value 1
Set parameter LogToConsole to value 1
Set parameter LazyConstraints to value 1
Gurobi Optimizer version 13.0.0 build v13.0.0rc1 (linux64 - "Debian GNU/Linux 13 (trixie)")

CPU model: AMD Ryzen 9 5950X 16-Core Processor, instruction set [SSE2|AVX|AVX2]
Thread count: 16 physical cores, 32 logical processors, using up to 4 threads

Non-default parameters:
TimeLimit  360
Seed  1063584324
Threads  4
LazyConstraints  1

Optimize a model with 30586 rows, 86700 columns and 173388 nonzeros (Min)
Model fingerprint: 0xcae456ae
Model has 28560 linear objective coefficients
Variable types: 57800 continuous, 28900 integer (28900 binary)
Coefficient statistics:
  Matrix range     [1e+00, 4e+04]
  Objective range  [3e-01, 1e+05]
  Bounds range     [1e+00, 4e+04]
  RHS range        [1e+00, 1e+04]
Presolve removed 1860 rows and 30001 columns
Presolve time: 0.27s
Presolved: 28726 rows, 56699 columns, 169730 nonzeros
Variable types: 28054 continuous, 28645 integer (28645 binary)
Root relaxation presolved: 28726 rows, 56699 columns, 169730 nonzeros

Deterministic concurrent LP optimizer: primal and dual simplex
Showing primal log only...

Concurrent spin time: 0.00s

Solved with primal simplex

Root relaxation: objective 1.149634e+03, 36140 iterations, 1.20 seconds (2.38 work units)

    Nodes    |    Current Node    |     Objective Bounds      |     Work
 Expl Unexpl |  Obj  Depth IntInf | Incumbent    BestBd   Gap | It/Node Time

     0     0 1149.63436    0  308          - 1149.63436      -     -    1s
H    0     0                    1807.2058573 1149.63436  36.4%     -    2s
H    0     0                    1786.3538142 1149.63436  35.6%     -    2s
H    0     0                    1775.1217944 1149.63436  35.2%     -    3s
H    0     0                    1682.0912418 1149.63436  31.7%     -    3s
H    0     0                    1678.4842903 1149.63436  31.5%     -    3s
H    0     0                    1671.0484101 1149.63436  31.2%     -    4s
H    0     0                    1660.7152627 1149.63436  30.8%     -    4s
H    0     0                    1649.0320192 1149.63436  30.3%     -    4s
H    0     0                    1642.3491980 1149.63436  30.0%     -    4s
H    0     0                    1635.4405835 1149.63436  29.7%     -    5s
H    0     0                    1621.2777365 1149.63436  29.1%     -    5s
H    0     0                    1610.8271677 1149.63436  28.6%     -    6s
H    0     0                    1603.7892378 1149.63436  28.3%     -    7s
H    0     0                    1548.7125342 1149.63436  25.8%     -    7s
H    0     0                    1539.6627086 1149.63436  25.3%     -    8s
H    0     0                    1537.8927054 1149.63436  25.2%     -    8s
H    0     0                    1530.5041824 1149.63436  24.9%     -    9s
     0     0 1149.63436    0  308 1530.50418 1149.63436  24.9%     -    9s
     0     0 1152.32921    0  340 1530.50418 1152.32921  24.7%     -   12s
H    0     0                    1483.5899468 1152.34344  22.3%     -   13s
H    0     0                    1476.5081425 1152.34344  22.0%     -   13s
H    0     0                    1476.1743376 1152.34344  21.9%     -   15s
H    0     0                    1475.1632698 1152.34344  21.9%     -   15s
H    0     0                    1438.5707558 1152.34344  19.9%     -   15s
H    0     0                    1410.6909227 1152.34344  18.3%     -   16s
H    0     0                    1405.8950770 1152.34344  18.0%     -   16s
H    0     0                    1404.4925763 1152.34344  18.0%     -   16s
H    0     0                    1404.0207507 1152.34344  17.9%     -   17s
H    0     0                    1402.6758780 1152.34344  17.8%     -   17s
H    0     0                    1401.9097098 1152.34344  17.8%     -   18s
     0     0 1152.39083    0  341 1401.90971 1152.39083  17.8%     -   20s
     0     0 1152.39083    0  342 1401.90971 1152.39083  17.8%     -   20s
     0     0 1156.61068    0  360 1401.90971 1156.61068  17.5%     -   23s
     0     0 1156.62116    0  364 1401.90971 1156.62116  17.5%     -   23s
     0     0 1156.62116    0  367 1401.90971 1156.62116  17.5%     -   23s
     0     0 1160.03038    0  380 1401.90971 1160.03038  17.3%     -   28s
     0     0 1161.07284    0  374 1401.90971 1161.07284  17.2%     -   29s
     0     0 1161.11468    0  372 1401.90971 1161.11468  17.2%     -   29s
     0     0 1161.11468    0  368 1401.90971 1161.11468  17.2%     -   29s
     0     0 1161.72742    0  375 1401.90971 1161.72742  17.1%     -   33s
     0     0 1161.82652    0  370 1401.90971 1161.82652  17.1%     -   33s
     0     0 1161.82799    0  376 1401.90971 1161.82799  17.1%     -   33s
     0     0 1162.69497    0  389 1401.90971 1162.69497  17.1%     -   36s
     0     0 1162.70274    0  380 1401.90971 1162.70274  17.1%     -   36s
     0     0 1162.70293    0  392 1401.90971 1162.70293  17.1%     -   36s
     0     0 1163.15589    0  377 1401.90971 1163.15589  17.0%     -   38s
     0     0 1163.18959    0  370 1401.90971 1163.18959  17.0%     -   38s
     0     0 1163.19679    0  366 1401.90971 1163.19679  17.0%     -   38s
     0     0 1163.19681    0  373 1401.90971 1163.19681  17.0%     -   38s
     0     0 1163.21161    0  375 1401.90971 1163.21161  17.0%     -   40s
     0     0 1163.21197    0  377 1401.90971 1163.21197  17.0%     -   40s
     0     0 1163.21518    0  371 1401.90971 1163.21518  17.0%     -   42s
     0     0 1163.21518    0  371 1401.90971 1163.21518  17.0%     -   42s
     0     0 1163.33769    0  369 1401.90971 1163.33769  17.0%     -   44s
     0     0 1163.46024    0  366 1401.90971 1163.46024  17.0%     -   44s
     0     0 1163.46026    0  372 1401.90971 1163.46026  17.0%     -   45s
     0     0 1163.57324    0  374 1401.90971 1163.57324  17.0%     -   47s
     0     0 1163.62562    0  371 1401.90971 1163.62562  17.0%     -   47s
     0     0 1164.92609    0  380 1401.90971 1164.92609  16.9%     -   49s
     0     0 1164.96750    0  401 1401.90971 1164.96750  16.9%     -   49s
     0     0 1164.96822    0  398 1401.90971 1164.96822  16.9%     -   50s
     0     0 1165.13639    0  407 1401.90971 1165.13639  16.9%     -   52s
H    0     0                    1396.8908586 1165.13639  16.6%     -   52s
     0     0 1165.13869    0  406 1396.89086 1165.13869  16.6%     -   52s
     0     0 1165.14835    0  396 1396.89086 1165.14835  16.6%     -   54s
     0     0 1165.14922    0  389 1396.89086 1165.14922  16.6%     -   54s
     0     0 1165.33740    0  406 1396.89086 1165.33740  16.6%     -   57s
     0     0 1165.33913    0  404 1396.89086 1165.33913  16.6%     -   57s
     0     0 1165.65260    0  404 1396.89086 1165.65260  16.6%     -   59s
     0     0 1165.65787    0  406 1396.89086 1165.65787  16.6%     -   59s
     0     0 1165.65790    0  406 1396.89086 1165.65790  16.6%     -   59s
     0     0 1166.30793    0  399 1396.89086 1166.30793  16.5%     -   60s
     0     0 1166.38161    0  408 1396.89086 1166.38161  16.5%     -   61s
     0     0 1166.38468    0  408 1396.89086 1166.38468  16.5%     -   61s
     0     0 1166.48572    0  391 1396.89086 1166.48572  16.5%     -   61s
     0     0 1166.48572    0  391 1396.89086 1166.48572  16.5%     -   61s
     0     0 1167.11383    0  382 1396.89086 1167.11383  16.4%     -   62s
     0     0 1167.46748    0  394 1396.89086 1167.46748  16.4%     -   62s
     0     0 1167.47020    0  396 1396.89086 1167.47020  16.4%     -   62s
     0     0 1168.25158    0  398 1396.89086 1168.25158  16.4%     -   63s
     0     0 1168.30108    0  398 1396.89086 1168.30108  16.4%     -   63s
     0     0 1168.30108    0  397 1396.89086 1168.30108  16.4%     -   64s
     0     0 1168.30108    0  397 1396.89086 1168.30108  16.4%     -   64s
     0     0 1168.30108    0  396 1396.89086 1168.30108  16.4%     -   64s
     0     0 1168.30108    0  396 1396.89086 1168.30108  16.4%     -   64s
     0     0 1168.30108    0  391 1396.89086 1168.30108  16.4%     -   65s
     0     2 1168.41619    0  390 1396.89086 1168.41619  16.4%     -   69s
     1     3 1172.89733    1  362 1396.89086 1168.41619  16.4%  7147   72s
     2     6 1174.85031    2  362 1396.89086 1168.41619  16.4%  6224   75s
    13    18 1176.96476    5  355 1396.89086 1174.86077  15.9%  4377   87s
H   17    25                    1389.9237521 1174.86077  15.5%  5153   91s
H   24    28                    1382.0381875 1174.86077  15.0%  4299   95s
H   37    40                    1379.4607079 1174.86077  14.8%  3904  100s
    57    69 1181.79224   12  347 1379.46071 1174.86077  14.8%  3011  105s
H   71    73                    1378.9047740 1174.86077  14.8%  2675  107s
   104   123 1190.73352   25  315 1378.90477 1174.86077  14.8%  1942  110s
H  168   169                    1375.9497832 1174.86077  14.6%  1371  114s
   170   182 1198.72021   38  312 1375.94978 1174.86077  14.6%  1369  115s
   364   415 1205.30753   61  280 1375.94978 1174.86077  14.6%   740  120s
   761   817 1221.96581  102  238 1375.94978 1174.86077  14.6%   417  125s
H 1039  1042                    1375.9497788 1174.86077  14.6%   333  129s
  1043  1102 1245.01725  216  225 1375.94978 1174.86077  14.6%   334  130s
  1191  1222 1257.35649  246  232 1375.94978 1174.86077  14.6%   319  135s
  1582  1701 1265.37358  301  200 1375.94978 1174.86077  14.6%   266  141s
H 1731  1772                    1375.9497689 1174.86077  14.6%   252  144s
  1773  1999 1271.56023  335  197 1375.94977 1174.86077  14.6%   249  146s
  2440  2649 1299.58214  609  161 1375.94977 1174.86077  14.6%   198  151s
  3169  3282 1356.77307  803  158 1375.94977 1174.86077  14.6%   167  156s
  3364  3398 1181.66445    7  326 1375.94977 1174.86077  14.6%   168  160s
  3424  3399 1281.76833  531  391 1375.94977 1174.86077  14.6%   170  184s
H 3425  3230                    1373.7820086 1174.86077  14.5%   170  187s
H 3425  3068                    1371.4893066 1174.86077  14.3%   170  187s
  3426  3068 1200.95321   41  313 1371.48931 1174.86077  14.3%   170  190s
H 3426  2915                    1369.6065486 1174.86077  14.2%   170  196s
H 3426  2769                    1368.7840067 1174.86077  14.2%   170  198s
H 3426  2630                    1363.0109362 1174.86077  13.8%   170  201s
  3432  2634 1230.31406  133  383 1363.01094 1174.86077  13.8%   169  207s
  3433  2635 1220.42604   96  366 1363.01094 1174.86077  13.8%   169  211s
  3437  2638 1204.45565   83  352 1363.01094 1174.86077  13.8%   169  218s
  3439  2639 1204.87479   79  371 1363.01094 1174.86077  13.8%   169  221s
  3440  2640 1273.65077  627  386 1363.01094 1174.86077  13.8%   169  225s
  3444  2642 1290.63014  607  360 1363.01094 1176.71656  13.7%   169  233s
  3447  2644 1223.07547  215  399 1363.01094 1177.01615  13.6%   169  237s
  3448  2645 1272.45458  374  372 1363.01094 1177.65190  13.6%   169  241s
H 3450  2513                    1361.6813224 1178.76446  13.4%   168  248s
  3452  2515 1355.63741  777  399 1361.68132 1178.76446  13.4%   168  250s
H 3454  2390                    1358.9124437 1178.99010  13.2%   168  257s
  3457  2392 1358.91244  708  405 1358.91244 1179.02419  13.2%   168  260s
  3460  2394 1294.42463  824  412 1358.91244 1179.36335  13.2%   168  265s
  3462  2395 1297.47949  577  403 1358.91244 1179.51562  13.2%   168  270s
  3464  2397 1221.41124  206  394 1358.91244 1179.51562  13.2%   168  278s
H 3464  2277                    1356.9968835 1179.51562  13.1%   168  289s
  3466  2281 1181.71832   14  390 1356.99688 1179.51562  13.1%   211  291s
  3476  2292 1183.66023   17  383 1356.99688 1181.81138  12.9%   214  295s
  3492  2302 1184.15583   20  377 1356.99688 1181.81138  12.9%   222  301s
H 3509  2194                    1346.8012470 1181.81138  12.3%   228  304s
  3510  2200 1184.35768   23  377 1346.80125 1181.81138  12.3%   228  307s
  3517  2202 1184.43820   24  377 1346.80125 1181.81138  12.3%   232  310s
  3525  2207 1186.07860   25  363 1346.80125 1181.81138  12.3%   236  316s
  3529  2212 1189.21790   26  362 1346.80125 1181.81138  12.3%   238  321s
  3535  2215 1214.70963   27  302 1346.80125 1181.81138  12.3%   243  325s
  3546  2221 1198.57095   29  354 1346.80125 1181.81138  12.3%   256  332s
  3550  2225 1189.12659   30  363 1346.80125 1181.81138  12.3%   262  336s
H 3559  2119                    1344.5774861 1181.81138  12.1%   267  339s
  3561  2129 1204.15986   31  347 1344.57749 1181.81138  12.1%   268  341s
H 3571  2023                    1340.4938668 1181.81138  11.8%   269  341s
H 3582  1946                    1330.4495224 1181.81138  11.2%   272  345s
  3623  1968 1200.53524   38  337 1330.44952 1181.81138  11.2%   278  352s
H 3626  1873                    1329.0725779 1181.81138  11.1%   278  352s
H 3632  1787                    1328.9753274 1181.81138  11.1%   278  355s
  3676  1814 1227.54207   40  197 1328.97533 1181.81138  11.1%   284  360s

Cutting planes:
  Cover: 20
  Implied bound: 124
  Projected implied bound: 9
  Clique: 1
  MIR: 43
  Flow cover: 106
  GUB cover: 1
  Zero half: 34
  RLT: 5
  Relax-and-lift: 120
  BQP: 6

Explored 3678 nodes (1112754 simplex iterations) in 360.01 seconds (1172.17 work units)
Thread count was 4 (of 32 available processors)

Solution count 10: 1328.98 1329.07 1330.45 ... 1363.01

Time limit reached
Best objective 1.328975327411e+03, best bound 1.181811380417e+03, gap 11.0735%

User-callback calls 58773, time in user-callback 0.01 sec
Cap boundary opt: PORT-581 stations=83 obj=1328.975 real=1314.876 baseline=1317.360
Set parameter Username
Set parameter LicenseID to value 2738882
Academic license - for non-commercial use only - expires 2026-11-14
Segment 1 eval: start=BOAT-0 end=PORT-583 stations=47 (optimize)
  Segment 1 order: -501 -500 -499 -498 -497 -496 -495 112 113 -494 114 -275 -111 -274 -107 -106 -105 104 -103 -102 -101 108 109 110 -273 -272 271 253 252 249 -248 -247 -245 -244 -243 -238 237 -215 -214 213 -192 218 -191 190 219 223 -135
Segment 2 eval: start=PORT-583 end=PORT-581 stations=61 (optimize)
  Segment 2 order: 133 134 -132 -181 230 232 233 234 -235 231 -227 228 229 -180 -179 -154 -153 -157 -156 -155 -173 -172 174 175 -176 -177 171 -170 -169 -168 -167 -166 -165 -164 -163 -162 -161 -160 159 158 -150 -149 -148 -147 -146 -145 -144 -142 -9 -8 -141 -140 -139 151 -152 -138 -137 -136 -2 -94 -92
Segment 3 eval: start=PORT-581 end=PORT-591 stations=79 (optimize)
  Segment 3 order: 56 55 -54 -53 -52 -51 -50 -49 -48 -39 -38 -37 66 67 68 69 -36 -35 -32 -31 -29 -27 26 28 30 -33 -34 41 42 43 44 45 46 -40 47 396 397 -398 -395 -394 -393 -392 -391 -390 -389 -388 -387 402 -403 385 -384 -383 -382 -414 -413 412 -409 408 -410 411 380 378 -379 -377 -376 -375 374 -373 -372 -371 -370 369 359 360 -358 -353 -349 -326 328
Segment 4 eval: start=PORT-591 end=PORT-593 stations=80 (optimize)
  Segment 4 order: 276 277 278 279 280 -341 -340 -320 -319 -318 -317 -316 281 557 -556 282 283 -284 555 558 559 -560 561 -562 -554 553 550 551 552 285 286 287 315 -314 313 -312 -288 -311 -309 -310 289 290 291 292 293 294 -307 303 -304 -302 -301 -300 -299 298 305 306 295 296 -297 -547 549 548 -546 -545 541 542 543 540 -544 -539 -538 -537 536 -535 -534 573 574 -577 575 528
Segment 5 eval: start=PORT-593 end=PORT-591 stations=88 (optimize)
  Segment 5 order: 454 455 464 465 480 -481 -95 90 -89 88 -87 86 -85 -84 -83 -82 -81 -80 -91 96 -24 -23 -22 79 -78 -77 -70 -76 75 72 73 -74 -71 65 -63 64 57 59 -58 60 61 62 -386 -401 400 399 407 -406 -405 -404 -415 416 418 419 420 421 -423 -422 424 -417 425 381 426 -368 -367 -365 364 363 362 361 -348 -332 -331 -330 -329 327 -325 -324 -323 -321 -339 -338 -337 -336 -335 -334 -333 347
Segment 6 eval: start=PORT-591 end=PORT-583 stations=42 (optimize)
  Segment 6 order: -346 -345 -344 -343 -342 -566 563 564 565 567 568 569 570 571 572 576 -527 -514 -513 -512 -436 435 438 -437 -440 441 442 443 444 -506 -505 -449 448 -450 451 452 453 456 457 458 -100 -99
Segment 7 eval: start=PORT-583 end=PORT-588 stations=35 (optimize)
  Segment 7 order: 97 236 239 240 -241 242 -98 246 250 251 208 209 -201 200 198 199 202 203 204 -131 -129 130 -256 257 259 258 -128 -127 126 -125 -124 -264 268 269 270
Segment 8 eval: start=PORT-588 end=PORT-581 stations=52 (optimize)
  Segment 8 order: 118 -117 -116 115 -475 -474 -473 -122 -121 -119 120 -266 -265 -263 -262 -261 260 254 255 -205 210 211 -212 197 -196 -195 -194 -193 -217 -189 -188 -187 -186 -185 -184 -183 -182 -7 -6 10 11 12 13 14 143 15 16 17 18 -21 19 -20
Segment 9 eval: start=PORT-581 end=PORT-591 stations=31 (optimize)
  Segment 9 order: -93 -25 -5 -4 -3 -1 -178 -226 -224 225 -222 -221 220 -216 206 -207 -267 -123 -472 471 -470 -469 -467 -466 -479 -478 -476 477 524 533 308
Segment 10 eval: start=PORT-591 end=PORT-593 stations=22 (optimize)
  Segment 10 order: 366 -357 -356 -355 354 -352 -351 -350 -322 -532 -531 -530 -529 -526 525 578 579 580 -523 -522 -521 -520
Segment 11 eval: start=PORT-593 end=PORT-584 stations=34 (optimize)
  Segment 11 order: 515 516 -519 -518 -517 -427 428 429 430 431 432 433 -434 447 -446 -445 439 -511 -510 -509 -508 -507 -504 -503 -487 486 -462 484 -463 -483 -482 -489 488 -502
Segment 12 eval: start=PORT-584 end=PORT-584 stations=0 (direct)
Segment 13 eval: start=PORT-584 end=BOAT-END stations=9 (optimize)
  Segment 13 order: -485 -461 -460 -459 -468 493 -492 -491 -490
Cap boundary debug: PORT-581 -> [93 25 5 4 3 1 178 226 224 225 222 221 220 216 206 207 267 123 472 471 470 469 467 466 479 478 476 477 524 533 308] -> PORT-591 -> [366 357 356 355 354 352 351 350 322 532 531 530 529 526 525 578 579 580 523 522 521 520] -> PORT-593 | load_left=44661 load_right=44741 cap=45000
Set parameter Username
Set parameter LicenseID to value 2738882
Academic license - for non-commercial use only - expires 2026-11-14
Set parameter TimeLimit to value 360
Set parameter Seed to value 1061238236
Set parameter Threads to value 4
Set parameter OutputFlag to value 1
Set parameter LogToConsole to value 1
Set parameter LazyConstraints to value 1
Gurobi Optimizer version 13.0.0 build v13.0.0rc1 (linux64 - "Debian GNU/Linux 13 (trixie)")

CPU model: AMD Ryzen 9 5950X 16-Core Processor, instruction set [SSE2|AVX|AVX2]
Thread count: 16 physical cores, 32 logical processors, using up to 4 threads

Non-default parameters:
TimeLimit  360
Seed  1061238236
Threads  4
LazyConstraints  1

Optimize a model with 13186 rows, 36300 columns and 72588 nonzeros (Min)
Model fingerprint: 0x91041a0e
Model has 11880 linear objective coefficients
Variable types: 24200 continuous, 12100 integer (12100 binary)
Coefficient statistics:
  Matrix range     [1e+00, 4e+04]
  Objective range  [5e-01, 1e+05]
  Bounds range     [1e+00, 4e+04]
  RHS range        [1e+00, 1e+04]
Presolve removed 1200 rows and 12811 columns
Presolve time: 0.11s
Presolved: 11986 rows, 23489 columns, 70332 nonzeros
Variable types: 11554 continuous, 11935 integer (11935 binary)

Root relaxation: objective 1.081505e+03, 23728 iterations, 1.47 seconds (4.44 work units)

    Nodes    |    Current Node    |     Objective Bounds      |     Work
 Expl Unexpl |  Obj  Depth IntInf | Incumbent    BestBd   Gap | It/Node Time

     0     0 1081.50491    0  195          - 1081.50491      -     -    1s
H    0     0                    1683.1899239 1081.50491  35.7%     -    1s
H    0     0                    1662.0531325 1081.50491  34.9%     -    1s
H    0     0                    1648.1635142 1081.50491  34.4%     -    1s
H    0     0                    1602.8356863 1081.50491  32.5%     -    1s
H    0     0                    1593.5508396 1081.50491  32.1%     -    1s
H    0     0                    1593.1901705 1081.50491  32.1%     -    1s
H    0     0                    1562.6636719 1081.50491  30.8%     -    2s
H    0     0                    1543.1240178 1081.50491  29.9%     -    2s
H    0     0                    1528.4984335 1081.50491  29.2%     -    2s
H    0     0                    1520.4236243 1081.50491  28.9%     -    2s
H    0     0                    1488.2015403 1081.50491  27.3%     -    2s
H    0     0                    1481.5775739 1081.50491  27.0%     -    2s
     0     0 1087.68309    0  255 1481.57757 1087.68309  26.6%     -    2s
     0     0 1087.68309    0  204 1481.57757 1087.68309  26.6%     -    3s
H    0     0                    1449.8078495 1087.68309  25.0%     -    3s
     0     0 1088.29003    0  246 1449.80785 1088.29003  24.9%     -    4s
H    0     0                    1407.0892923 1088.29204  22.7%     -    4s
H    0     0                    1398.1737414 1088.29204  22.2%     -    4s
H    0     0                    1379.6825438 1088.29204  21.1%     -    4s
H    0     0                    1346.9739015 1088.29204  19.2%     -    4s
H    0     0                    1339.3121823 1088.29204  18.7%     -    4s
H    0     0                    1327.2394287 1088.29204  18.0%     -    4s
     0     0 1088.29783    0  244 1327.23943 1088.29783  18.0%     -    5s
     0     0 1090.44486    0  252 1327.23943 1090.44486  17.8%     -    5s
     0     0 1090.44486    0  252 1327.23943 1090.44486  17.8%     -    5s
     0     0 1093.33124    0  258 1327.23943 1093.33124  17.6%     -    5s
     0     0 1093.34834    0  265 1327.23943 1093.34834  17.6%     -    5s
     0     0 1093.34962    0  265 1327.23943 1093.34962  17.6%     -    5s
     0     0 1094.74730    0  274 1327.23943 1094.74730  17.5%     -    6s
     0     0 1094.80500    0  284 1327.23943 1094.80500  17.5%     -    6s
     0     0 1094.84223    0  285 1327.23943 1094.84223  17.5%     -    6s
     0     0 1094.84223    0  286 1327.23943 1094.84223  17.5%     -    6s
     0     0 1095.66308    0  280 1327.23943 1095.66308  17.4%     -    7s
     0     0 1095.71649    0  281 1327.23943 1095.71649  17.4%     -    7s
     0     0 1095.71754    0  280 1327.23943 1095.71754  17.4%     -    7s
     0     0 1095.88626    0  282 1327.23943 1095.88626  17.4%     -    7s
     0     0 1095.89475    0  285 1327.23943 1095.89475  17.4%     -    7s
     0     0 1095.89479    0  287 1327.23943 1095.89479  17.4%     -    7s
     0     0 1095.92983    0  296 1327.23943 1095.92983  17.4%     -    7s
     0     0 1095.95809    0  295 1327.23943 1095.95809  17.4%     -    8s
     0     0 1095.96176    0  297 1327.23943 1095.96176  17.4%     -    8s
     0     0 1102.36300    0  270 1327.23943 1102.36300  16.9%     -    8s
     0     0 1102.41802    0  281 1327.23943 1102.41802  16.9%     -    8s
     0     0 1102.41802    0  281 1327.23943 1102.41802  16.9%     -    8s
     0     0 1104.71992    0  262 1327.23943 1104.71992  16.8%     -    8s
     0     0 1104.79845    0  265 1327.23943 1104.79845  16.8%     -    8s
     0     0 1104.79845    0  265 1327.23943 1104.79845  16.8%     -    8s
     0     0 1105.06784    0  280 1327.23943 1105.06784  16.7%     -    9s
     0     0 1105.06925    0  278 1327.23943 1105.06925  16.7%     -    9s
     0     0 1105.14449    0  275 1327.23943 1105.14449  16.7%     -    9s
     0     0 1105.14449    0  275 1327.23943 1105.14449  16.7%     -    9s
     0     0 1105.14449    0  267 1327.23943 1105.14449  16.7%     -    9s
     0     0 1105.21486    0  200 1327.23943 1105.21486  16.7%     -   10s
     0     0 1105.21486    0  243 1327.23943 1105.21486  16.7%     -   11s
     0     0 1113.39299    0  240 1327.23943 1113.39299  16.1%     -   11s
     0     0 1114.05124    0  249 1327.23943 1114.05124  16.1%     -   11s
     0     0 1114.20076    0  253 1327.23943 1114.20076  16.1%     -   11s
     0     0 1114.25269    0  254 1327.23943 1114.25269  16.0%     -   11s
     0     0 1114.25520    0  248 1327.23943 1114.25520  16.0%     -   11s
     0     0 1115.06521    0  270 1327.23943 1115.06521  16.0%     -   11s
     0     0 1115.06573    0  268 1327.23943 1115.06573  16.0%     -   11s
     0     0 1116.90035    0  255 1327.23943 1116.90035  15.8%     -   12s
     0     0 1116.91073    0  255 1327.23943 1116.91073  15.8%     -   12s
     0     0 1117.17404    0  268 1327.23943 1117.17404  15.8%     -   13s
     0     0 1117.17521    0  264 1327.23943 1117.17521  15.8%     -   13s
     0     0 1117.17818    0  262 1327.23943 1117.17818  15.8%     -   13s
     0     0 1117.49537    0  262 1327.23943 1117.49537  15.8%     -   13s
     0     0 1117.49537    0  262 1327.23943 1117.49537  15.8%     -   13s
     0     0 1117.49537    0  258 1327.23943 1117.49537  15.8%     -   13s
     0     2 1118.66861    0  255 1327.23943 1118.66861  15.7%     -   13s
    54    59 1139.08738    8  232 1327.23943 1121.78727  15.5%   411   15s
   905   860 1212.93780  116   42 1327.23943 1131.93787  14.7%   155   20s
  1111  1002 1304.99955   54  261 1327.23943 1131.93787  14.7%   160   25s
  1128  1019 1143.10505   16  245 1327.23943 1131.93787  14.7%   179   30s
  1417  1214 1192.49338   55   69 1327.23943 1131.93787  14.7%   212   35s
  1902  1395 1163.70866   26  143 1327.23943 1141.49474  14.0%   251   40s
  2428  1711 1201.60845   79  100 1327.23943 1141.49474  14.0%   265   45s
  3238  2049 1255.99635   84   19 1327.23943 1150.50542  13.3%   250   50s
  4445  2827 1268.03895   35  118 1327.23943 1151.49238  13.2%   223   55s
  5736  3838 1310.89194   50   63 1327.23943 1153.50024  13.1%   204   60s
  6983  4622 1287.57995   29  176 1327.23943 1156.16177  12.9%   189   65s
  8167  5512 1264.21506  162  108 1327.23943 1160.82093  12.5%   179   70s
  9627  6590 1320.76670   63  132 1327.23943 1162.40751  12.4%   181   76s
 10977  7723 1276.38799  106   26 1327.23943 1162.84340  12.4%   182   81s
 12429  8934 1204.48552   34   82 1327.23943 1164.90167  12.2%   181   86s
 13325  9621 1228.52691  117  116 1327.23943 1165.13927  12.2%   180   91s
 15038 10895 1306.87109   88   95 1327.23943 1166.24615  12.1%   177   96s
 16381 11734 1286.23930   38   50 1327.23943 1166.77000  12.1%   172  100s
 18556 13247 1313.52501   65  179 1327.23943 1168.21539  12.0%   166  105s
 20439 14644 1279.82280   27  106 1327.23943 1169.49380  11.9%   162  110s
 22540 16224 1263.02134   28  175 1327.23943 1170.55837  11.8%   158  115s
 24686 17633 1271.47233   22  132 1327.23943 1171.64043  11.7%   155  121s
 26929 18827 1303.00568   85   89 1327.23943 1172.68527  11.6%   151  125s
 29450 20360 1292.29269   52   87 1327.23943 1174.01436  11.5%   148  131s
 31218 21556 1277.39473   84  103 1327.23943 1174.77322  11.5%   147  135s
 33752 22913 1304.23608   93   94 1327.23943 1176.17010  11.4%   145  140s
 35714 24177 1309.50022   37  102 1327.23943 1177.28161  11.3%   144  145s
 37900 25416 1318.42537   38  109 1327.23943 1178.48848  11.2%   143  150s
 39981 26629 1276.06239   30   65 1327.23943 1179.86087  11.1%   142  155s
 41878 27578 1312.75215   75  102 1327.23943 1181.13182  11.0%   143  160s
 43708 28456 1288.61505   51  112 1327.23943 1182.27329  10.9%   143  166s
 45665 29505 1311.67908   71  102 1327.23943 1183.36521  10.8%   142  171s
 47513 30455     cutoff   60      1327.23943 1184.46263  10.8%   143  175s
 49293 31375     cutoff   71      1327.23943 1185.73358  10.7%   143  180s
 51066 32045 1320.61103   70   93 1327.23943 1187.14757  10.6%   143  186s
 52160 32549 1262.72084   44  188 1327.23943 1187.86109  10.5%   144  190s
 53684 33296     cutoff   52      1327.23943 1189.18727  10.4%   145  195s
 55667 34147 1320.03088   84  115 1327.23943 1190.72609  10.3%   146  201s
 57267 34765 1303.68968  108  105 1327.23943 1191.65314  10.2%   147  206s
 58577 35509 1258.74050   25  209 1327.23943 1192.82680  10.1%   148  211s
 59705 36154 1288.59376   94  109 1327.23943 1193.76080  10.1%   148  215s
 61704 36962 1272.94462   24   75 1327.23943 1195.33600  9.94%   149  221s
H62256 37059                    1327.2394273 1195.71658  9.91%   150  222s
 62513 37292     cutoff   95      1327.23943 1196.20387  9.87%   150  225s
 63849 37952 1290.71971   33  181 1327.23943 1197.24704  9.79%   151  230s
 65215 38742 1297.25508   43  123 1327.23943 1198.39059  9.71%   152  235s
 66326 39113 infeasible   74      1327.23943 1199.78952  9.60%   154  240s
 67757 39738 1279.28463   73   75 1327.23943 1200.65003  9.54%   155  246s
 69148 40406 1326.20756   51   44 1327.23943 1201.89918  9.44%   157  250s
 70208 40778 infeasible   90      1327.23943 1203.54304  9.32%   159  255s
 71228 41015     cutoff   94      1327.23943 1204.88227  9.22%   160  260s
 71987 41124 1322.61152   48   30 1327.23943 1207.58035  9.02%   163  266s
 72998 41299 1301.13746   71  166 1327.23943 1208.67840  8.93%   164  270s
 73836 41352     cutoff   34      1327.23943 1210.82093  8.77%   166  275s
 74773 41449 1282.45784   24  194 1327.23943 1213.15705  8.60%   168  280s
 75524 41554 infeasible   41      1327.23943 1216.06349  8.38%   170  285s
 76446 41723     cutoff   41      1327.23943 1218.21161  8.21%   172  290s
 77486 41707 1311.14496   40   37 1327.23943 1221.53335  7.96%   174  295s
 78585 41748 1320.70701   25  141 1327.23943 1225.42888  7.67%   176  300s
 79890 41917 1253.12095   44  232 1327.23943 1229.93148  7.33%   176  306s
 80848 41842 1315.53743   21  216 1327.23943 1233.08620  7.09%   177  310s
 82683 42229 1284.23217   31  116 1327.23943 1238.83626  6.66%   177  315s
 84179 42805 1325.46176   43   71 1327.23943 1242.42415  6.39%   176  320s
 86393 43847 1296.28411   60  170 1327.23943 1245.76501  6.14%   175  326s
 88147 44686 1314.51757   30   54 1327.23943 1247.05731  6.04%   174  330s
 90495 45810 1291.21603   48  147 1327.23943 1248.82205  5.91%   172  336s
 92363 46497 1260.83542   26  224 1327.23943 1250.12641  5.81%   171  340s
 94752 47577 1264.77205   45  180 1327.23943 1251.67627  5.69%   170  346s
 96125 48134 1317.21253   29  219 1327.23943 1252.48060  5.63%   169  351s
 97995 48866 1320.56773   79  187 1327.23943 1253.69585  5.54%   168  355s

Cutting planes:
  Gomory: 5
  Cover: 22
  Implied bound: 158
  Projected implied bound: 9
  MIR: 51
  Flow cover: 76
  GUB cover: 2
  Inf proof: 28
  Zero half: 21
  RLT: 14
  Relax-and-lift: 60
  BQP: 3

Explored 100892 nodes (16847316 simplex iterations) in 360.00 seconds (1482.17 work units)
Thread count was 4 (of 32 available processors)

Solution count 10: 1327.24 1327.24 1339.31 ... 1488.2

Time limit reached
Best objective 1.327239427344e+03, best bound 1.254878311799e+03, gap 5.4520%

User-callback calls 240090, time in user-callback 0.01 sec
Cap boundary reject: PORT-591 real=1955.506 baseline=1327.239
Set parameter Username
Set parameter LicenseID to value 2738882
Academic license - for non-commercial use only - expires 2026-11-14
Segment 1 eval: start=BOAT-0 end=PORT-583 stations=47 (optimize)
  Segment 1 order: -501 -500 -499 -498 -497 -496 -495 112 113 -494 114 -275 -111 -274 -107 -106 -105 104 -103 -102 -101 108 109 110 -273 -272 271 253 252 249 -248 -247 -245 -244 -243 -238 237 -215 -214 213 -192 218 -191 190 219 223 -135
Segment 2 eval: start=PORT-583 end=PORT-581 stations=61 (optimize)
  Segment 2 order: 133 134 -132 -181 230 232 233 234 -235 231 -227 228 229 -180 -179 -154 -153 -157 -156 -155 -173 -172 174 175 -176 -177 171 -170 -169 -168 -167 -166 -165 -164 -163 -162 -161 -160 159 158 -150 -149 -148 -147 -146 -145 -144 -142 -9 -8 -141 -140 -139 151 -152 -138 -137 -136 -2 -94 -92
Segment 3 eval: start=PORT-581 end=PORT-591 stations=79 (optimize)
  Segment 3 order: 56 55 -54 -53 -52 -51 -50 -49 -48 -39 -38 -37 66 67 68 69 -36 -35 -32 -31 -29 -27 26 28 30 -33 -34 41 42 43 44 45 46 -40 47 396 397 -398 -395 -394 -393 -392 -391 -390 -389 -388 -387 402 -403 385 -384 -383 -382 -414 -413 412 -409 408 -410 411 380 378 -379 -377 -376 -375 374 -373 -372 -371 -370 369 359 360 -358 -353 -349 -326 328
Segment 4 eval: start=PORT-591 end=PORT-593 stations=80 (optimize)
  Segment 4 order: 276 277 278 279 280 -341 -340 -320 -319 -318 -317 -316 281 557 -556 282 283 -284 555 558 559 -560 561 -562 -554 553 550 551 552 285 286 287 315 -314 313 -312 -288 -311 -309 -310 289 290 291 292 293 294 -307 303 -304 -302 -301 -300 -299 298 305 306 295 296 -297 -547 549 548 -546 -545 541 542 543 540 -544 -539 -538 -537 536 -535 -534 573 574 -577 575 528
Segment 5 eval: start=PORT-593 end=PORT-591 stations=88 (optimize)
  Segment 5 order: 454 455 464 465 480 -481 -95 90 -89 88 -87 86 -85 -84 -83 -82 -81 -80 -91 96 -24 -23 -22 79 -78 -77 -70 -76 75 72 73 -74 -71 65 -63 64 57 59 -58 60 61 62 -386 -401 400 399 407 -406 -405 -404 -415 416 418 419 420 421 -423 -422 424 -417 425 381 426 -368 -367 -365 364 363 362 361 -348 -332 -331 -330 -329 327 -325 -324 -323 -321 -339 -338 -337 -336 -335 -334 -333 347
Segment 6 eval: start=PORT-591 end=PORT-583 stations=42 (optimize)
  Segment 6 order: -346 -345 -344 -343 -342 -566 563 564 565 567 568 569 570 571 572 576 -527 -514 -513 -512 -436 435 438 -437 -440 441 442 443 444 -506 -505 -449 448 -450 451 452 453 456 457 458 -100 -99
Segment 7 eval: start=PORT-583 end=PORT-588 stations=35 (optimize)
  Segment 7 order: 97 236 239 240 -241 242 -98 246 250 251 208 209 -201 200 198 199 202 203 204 -131 -129 130 -256 257 259 258 -128 -127 126 -125 -124 -264 268 269 270
Segment 8 eval: start=PORT-588 end=PORT-581 stations=52 (optimize)
  Segment 8 order: 118 -117 -116 115 -475 -474 -473 -122 -121 -119 120 -266 -265 -263 -262 -261 260 254 255 -205 210 211 -212 197 -196 -195 -194 -193 -217 -189 -188 -187 -186 -185 -184 -183 -182 -7 -6 10 11 12 13 14 143 15 16 17 18 -21 19 -20
Segment 9 eval: start=PORT-581 end=PORT-591 stations=31 (optimize)
  Segment 9 order: -93 -25 -5 -4 -3 -1 -178 -226 -224 225 -222 -221 220 -216 206 -207 -267 -123 -472 471 -470 -469 -467 -466 -479 -478 -476 477 524 533 308
Segment 10 eval: start=PORT-591 end=PORT-593 stations=22 (optimize)
  Segment 10 order: 366 -357 -356 -355 354 -352 -351 -350 -322 -532 -531 -530 -529 -526 525 578 579 580 -523 -522 -521 -520
Segment 11 eval: start=PORT-593 end=PORT-584 stations=34 (optimize)
  Segment 11 order: 515 516 -519 -518 -517 -427 428 429 430 431 432 433 -434 447 -446 -445 439 -511 -510 -509 -508 -507 -504 -503 -487 486 -462 484 -463 -483 -482 -489 488 -502
Segment 12 eval: start=PORT-584 end=PORT-584 stations=0 (direct)
Segment 13 eval: start=PORT-584 end=BOAT-END stations=9 (optimize)
  Segment 13 order: -485 -461 -460 -459 -468 493 -492 -491 -490
PROGRESS pass=5 changed=1 total=6252.239 best=6252.239 nseg=13 stall=0 mut=0/2
Capacity boundary sweep pass 6
Cap boundary debug: PORT-583 -> [97 236 239 240 241 242 98 246 250 251 208 209 201 200 198 199 202 203 204 131 129 130 256 257 259 258 128 127 126 125 124 264 268 269 270] -> PORT-588 -> [473 474 475 115 116 117 118 119 122 121 120 266 265 263 262 261 260 254 255 205 210 211 212 197 196 195 194 193 217 189 188 187 186 185 184 183 182 7 6 10 11 12 13 14 143 15 16 17 18 21 19 20] -> PORT-581 | load_left=42024 load_right=44843 cap=45000
Set parameter Username
Set parameter LicenseID to value 2738882
Academic license - for non-commercial use only - expires 2026-11-14
Set parameter TimeLimit to value 360
Set parameter Seed to value 429250944
Set parameter Threads to value 4
Set parameter OutputFlag to value 1
Set parameter LogToConsole to value 1
Set parameter LazyConstraints to value 1
Gurobi Optimizer version 13.0.0 build v13.0.0rc1 (linux64 - "Debian GNU/Linux 13 (trixie)")

CPU model: AMD Ryzen 9 5950X 16-Core Processor, instruction set [SSE2|AVX|AVX2]
Thread count: 16 physical cores, 32 logical processors, using up to 4 threads

Non-default parameters:
TimeLimit  360
Seed  429250944
Threads  4
LazyConstraints  1

Optimize a model with 33450 rows, 95052 columns and 190092 nonzeros (Min)
Model fingerprint: 0xaa1f312f
Model has 31328 linear objective coefficients
Variable types: 63368 continuous, 31684 integer (31684 binary)
Coefficient statistics:
  Matrix range     [1e+00, 4e+04]
  Objective range  [4e-01, 1e+05]
  Bounds range     [1e+00, 4e+04]
  RHS range        [1e+00, 9e+03]
Presolve removed 1948 rows and 32837 columns
Presolve time: 0.29s
Presolved: 31502 rows, 62215 columns, 186243 nonzeros
Variable types: 30798 continuous, 31417 integer (31417 binary)
Found heuristic solution: objective 109705.72211
Root relaxation presolved: 31502 rows, 62215 columns, 186243 nonzeros

Deterministic concurrent LP optimizer: primal and dual simplex
Showing primal log only...

Concurrent spin time: 0.00s

Solved with primal simplex

Root relaxation: objective 7.004875e+02, 75396 iterations, 2.81 seconds (5.69 work units)

    Nodes    |    Current Node    |     Objective Bounds      |     Work
 Expl Unexpl |  Obj  Depth IntInf | Incumbent    BestBd   Gap | It/Node Time

     0     0  700.48747    0  277 109705.722  700.48747  99.4%     -    4s
H    0     0                    1721.1739091  700.48747  59.3%     -    5s
H    0     0                    1713.6537130  700.48747  59.1%     -    5s
H    0     0                    1713.4209433  700.48747  59.1%     -    5s
H    0     0                    1712.8875448  700.48747  59.1%     -    5s
H    0     0                    1015.6318390  700.48747  31.0%     -    5s
H    0     0                     981.8599548  700.48747  28.7%     -    6s
H    0     0                     981.5658841  700.48747  28.6%     -    6s
H    0     0                     977.8915046  700.48747  28.4%     -    7s
H    0     0                     977.8914979  700.48747  28.4%     -    8s
H    0     0                     957.8790018  700.48747  26.9%     -    9s
     0     0  700.48747    0  277  957.87900  700.48747  26.9%     -   10s
     0     0  702.94485    0  320  957.87900  702.94485  26.6%     -   17s
H    0     0                     911.0111394  702.94485  22.8%     -   18s
H    0     0                     896.6601509  702.94485  21.6%     -   19s
H    0     0                     895.4640742  702.94485  21.5%     -   19s
H    0     0                     887.6967776  702.94485  20.8%     -   20s
H    0     0                     871.0898194  702.94485  19.3%     -   20s
H    0     0                     870.3068008  702.94485  19.2%     -   21s
H    0     0                     857.0079349  702.94485  18.0%     -   21s
     0     0  705.41685    0  334  857.00793  705.41685  17.7%     -   27s
     0     0  705.41907    0  339  857.00793  705.41907  17.7%     -   27s
     0     0  705.41907    0  339  857.00793  705.41907  17.7%     -   27s
     0     0  706.80371    0  347  857.00793  706.80371  17.5%     -   33s
     0     0  707.02115    0  373  857.00793  707.02115  17.5%     -   33s
     0     0  707.02117    0  373  857.00793  707.02117  17.5%     -   33s
     0     0  708.79054    0  353  857.00793  708.79054  17.3%     -   41s
     0     0  708.89983    0  357  857.00793  708.89983  17.3%     -   42s
     0     0  708.92789    0  353  857.00793  708.92789  17.3%     -   47s
H    0     0                     848.9338657  708.92789  16.5%     -   47s
H    0     0                     842.2179980  708.92789  15.8%     -   47s
H    0     0                     828.8264187  708.92789  14.5%     -   48s
H    0     0                     828.3813789  708.92789  14.4%     -   48s
H    0     0                     824.4486311  708.92789  14.0%     -   49s
H    0     0                     823.7749255  708.92789  13.9%     -   49s
     0     0  708.93652    0  358  823.77493  708.93652  13.9%     -   49s
     0     0  708.93652    0  360  823.77493  708.93652  13.9%     -   50s
     0     0  708.95963    0  364  823.77493  708.95963  13.9%     -   53s
     0     0  709.88623    0  362  823.77493  709.88623  13.8%     -   53s
     0     0  709.88623    0  366  823.77493  709.88623  13.8%     -   54s
     0     0  709.88623    0  367  823.77493  709.88623  13.8%     -   54s
     0     0  709.88623    0  365  823.77493  709.88623  13.8%     -   56s
     0     0  709.88623    0  363  823.77493  709.88623  13.8%     -   57s
     0     0  709.88623    0  354  823.77493  709.88623  13.8%     -   59s
     0     0  709.88623    0  350  823.77493  709.88623  13.8%     -   59s
     0     0  709.88623    0  351  823.77493  709.88623  13.8%     -   61s
     0     0  709.88623    0  351  823.77493  709.88623  13.8%     -   61s
     0     0  709.88623    0  358  823.77493  709.88623  13.8%     -   62s
H    0     0                     802.8110449  709.88623  11.6%     -   63s
H    0     0                     797.5526233  709.88623  11.0%     -   63s
H    0     0                     788.5161473  709.88623  10.0%     -   63s
H    0     0                     783.2577257  709.88623  9.37%     -   63s
     0     0  709.88623    0  362  783.25773  709.88623  9.37%     -   64s
     0     0  709.88623    0  359  783.25773  709.88623  9.37%     -   64s
     0     0  709.88623    0  364  783.25773  709.88623  9.37%     -   65s
     0     0  709.88623    0  277  783.25773  709.88623  9.37%     -   69s
     0     0  709.88623    0  318  783.25773  709.88623  9.37%     -   73s
H    0     0                     783.1106296  709.88623  9.35%     -   75s
     0     0  709.88623    0  355  783.11063  709.88623  9.35%     -   78s
     0     0  709.88623    0  365  783.11063  709.88623  9.35%     -   79s
     0     0  709.88623    0  362  783.11063  709.88623  9.35%     -   82s
     0     0  709.88623    0  361  783.11063  709.88623  9.35%     -   82s
     0     0  709.88623    0  363  783.11063  709.88623  9.35%     -   83s
     0     0  709.95366    0  360  783.11063  709.95366  9.34%     -   83s
     0     0  709.95366    0  352  783.11063  709.95366  9.34%     -   86s
     0     0  712.71330    0  357  783.11063  712.71330  8.99%     -   87s
     0     0  712.98465    0  349  783.11063  712.98465  8.95%     -   87s
     0     0  712.98557    0  352  783.11063  712.98557  8.95%     -   87s
     0     0  713.32666    0  358  783.11063  713.32666  8.91%     -   89s
     0     0  713.47918    0  357  783.11063  713.47918  8.89%     -   89s
     0     0  713.55321    0  349  783.11063  713.55321  8.88%     -   90s
     0     0  713.63185    0  349  783.11063  713.63185  8.87%     -   90s
     0     0  713.63185    0  347  783.11063  713.63185  8.87%     -   91s
     0     0  713.63185    0  350  783.11063  713.63185  8.87%     -   91s
     0     0  713.63185    0  350  783.11063  713.63185  8.87%     -   91s
     0     0  713.63185    0  348  783.11063  713.63185  8.87%     -   92s
     0     0  713.63185    0  348  783.11063  713.63185  8.87%     -   92s
     0     0  714.01401    0  347  783.11063  714.01401  8.82%     -   93s
     0     0  714.01401    0  347  783.11063  714.01401  8.82%     -   93s
     0     0  714.01532    0  348  783.11063  714.01532  8.82%     -   93s
     0     0  714.09396    0  348  783.11063  714.09396  8.81%     -   94s
     0     0  714.34897    0  351  783.11063  714.34897  8.78%     -   94s
     0     0  714.52604    0  350  783.11063  714.52604  8.76%     -   94s
     0     0  714.52604    0  348  783.11063  714.52604  8.76%     -   95s
     0     0  714.64818    0  348  783.11063  714.64818  8.74%     -   95s
     0     0  714.64818    0  352  783.11063  714.64818  8.74%     -   96s
     0     0  714.95483    0  356  783.11063  714.95483  8.70%     -   96s
     0     0  714.95738    0  357  783.11063  714.95738  8.70%     -   96s
     0     0  716.26767    0  349  783.11063  716.26767  8.54%     -   97s
     0     0  716.26774    0  347  783.11063  716.26774  8.54%     -   97s
     0     0  716.50130    0  354  783.11063  716.50130  8.51%     -   98s
     0     0  716.52331    0  368  783.11063  716.52331  8.50%     -   99s
     0     0  716.52726    0  374  783.11063  716.52726  8.50%     -   99s
     0     0  719.57296    0  353  783.11063  719.57296  8.11%     -   99s
     0     0  719.58634    0  357  783.11063  719.58634  8.11%     -  100s
     0     0  719.58750    0  353  783.11063  719.58750  8.11%     -  100s
     0     0  719.97320    0  368  783.11063  719.97320  8.06%     -  100s
     0     0  719.97423    0  371  783.11063  719.97423  8.06%     -  100s
     0     0  720.31222    0  349  783.11063  720.31222  8.02%     -  102s
     0     0  720.45114    0  351  783.11063  720.45114  8.00%     -  103s
     0     0  720.50533    0  353  783.11063  720.50533  7.99%     -  103s
     0     0  720.51214    0  359  783.11063  720.51214  7.99%     -  103s
     0     0  720.51289    0  361  783.11063  720.51289  7.99%     -  103s
     0     0  721.34261    0  351  783.11063  721.34261  7.89%     -  104s
     0     0  721.43512    0  348  783.11063  721.43512  7.88%     -  104s
     0     0  721.43512    0  353  783.11063  721.43512  7.88%     -  104s
     0     0  721.43512    0  352  783.11063  721.43512  7.88%     -  104s
     0     0  721.44457    0  350  783.11063  721.44457  7.87%     -  105s
     0     0  721.48550    0  352  783.11063  721.48550  7.87%     -  107s
     0     0  721.75305    0  364  783.11063  721.75305  7.84%     -  108s
     0     0  721.83768    0  366  783.11063  721.83768  7.82%     -  108s
     0     0  721.83768    0  366  783.11063  721.83768  7.82%     -  109s
     0     0  721.83768    0  368  783.11063  721.83768  7.82%     -  109s
     0     0  721.96452    0  363  783.11063  721.96452  7.81%     -  110s
     0     0  722.11002    0  366  783.11063  722.11002  7.79%     -  110s
     0     0  722.12549    0  366  783.11063  722.12549  7.79%     -  111s
     0     0  722.12549    0  366  783.11063  722.12549  7.79%     -  111s
     0     0  722.12823    0  365  783.11063  722.12823  7.79%     -  111s
     0     0  722.12823    0  365  783.11063  722.12823  7.79%     -  111s
     0     0  722.66661    0  365  783.11063  722.66661  7.72%     -  112s
     0     0  722.82164    0  385  783.11063  722.82164  7.70%     -  113s
     0     0  722.82164    0  388  783.11063  722.82164  7.70%     -  113s
     0     0  723.17813    0  369  783.11063  723.17813  7.65%     -  115s
     0     0  723.27543    0  362  783.11063  723.27543  7.64%     -  115s
     0     0  723.27543    0  361  783.11063  723.27543  7.64%     -  115s
     0     0  723.27612    0  362  783.11063  723.27612  7.64%     -  116s
     0     0  723.28679    0  362  783.11063  723.28679  7.64%     -  116s
     0     0  724.07380    0  347  783.11063  724.07380  7.54%     -  117s
     0     0  724.17438    0  356  783.11063  724.17438  7.53%     -  117s
     0     0  724.17438    0  354  783.11063  724.17438  7.53%     -  117s
     0     0  724.17438    0  356  783.11063  724.17438  7.53%     -  117s
     0     0  724.26448    0  353  783.11063  724.26448  7.51%     -  117s
     0     0  724.26448    0  356  783.11063  724.26448  7.51%     -  118s
     0     0  724.26448    0  356  783.11063  724.26448  7.51%     -  118s
     0     0  724.26448    0  353  783.11063  724.26448  7.51%     -  119s
     0     0  724.26448    0  353  783.11063  724.26448  7.51%     -  119s
     0     0  724.26448    0  337  783.11063  724.26448  7.51%     -  119s
     0     0  729.52230    0  268  783.11063  729.52230  6.84%     -  126s
     0     0  729.52230    0  325  783.11063  729.52230  6.84%     -  131s
     0     0  729.52230    0  335  783.11063  729.52230  6.84%     -  135s
     0     0  729.52230    0  347  783.11063  729.52230  6.84%     -  136s
     0     0  729.52230    0  369  783.11063  729.52230  6.84%     -  136s
     0     0  729.52230    0  365  783.11063  729.52230  6.84%     -  138s
     0     0  729.52230    0  365  783.11063  729.52230  6.84%     -  138s
     0     0  729.52230    0  344  783.11063  729.52230  6.84%     -  139s
     0     0  729.52230    0  344  783.11063  729.52230  6.84%     -  139s
     0     0  729.52230    0  350  783.11063  729.52230  6.84%     -  140s
     0     0  729.52230    0  343  783.11063  729.52230  6.84%     -  140s
     0     0  729.52230    0  343  783.11063  729.52230  6.84%     -  140s
     0     0  729.52230    0  341  783.11063  729.52230  6.84%     -  141s
     0     0  729.52230    0  345  783.11063  729.52230  6.84%     -  141s
     0     0  729.52230    0  346  783.11063  729.52230  6.84%     -  142s
     0     0  729.52230    0  347  783.11063  729.52230  6.84%     -  142s
     0     0  729.52230    0  346  783.11063  729.52230  6.84%     -  142s
     0     0  729.52230    0  348  783.11063  729.52230  6.84%     -  143s
     0     0  729.52230    0  348  783.11063  729.52230  6.84%     -  143s
     0     0  729.52230    0  351  783.11063  729.52230  6.84%     -  144s
     0     0  729.52230    0  349  783.11063  729.52230  6.84%     -  144s
     0     0  729.52230    0  352  783.11063  729.52230  6.84%     -  145s
     0     0  729.52230    0  354  783.11063  729.52230  6.84%     -  145s
     0     0  729.52230    0  354  783.11063  729.52230  6.84%     -  147s
     0     0  729.52230    0  352  783.11063  729.52230  6.84%     -  147s
     0     0  729.52230    0  350  783.11063  729.52230  6.84%     -  149s
     0     0  729.52230    0  347  783.11063  729.52230  6.84%     -  149s
     0     0  729.52230    0  342  783.11063  729.52230  6.84%     -  149s
     0     0  729.52230    0  340  783.11063  729.52230  6.84%     -  150s
     0     0  729.52230    0  352  783.11063  729.52230  6.84%     -  150s
     0     0  729.52230    0  352  783.11063  729.52230  6.84%     -  150s
     0     0  729.52230    0  328  783.11063  729.52230  6.84%     -  151s
     0     0  729.52230    0  337  783.11063  729.52230  6.84%     -  151s
     0     0  729.52230    0  359  783.11063  729.52230  6.84%     -  152s
H    0     0                     779.2705151  729.52230  6.38%     -  152s
     0     0  729.52230    0  361  779.27052  729.52230  6.38%     -  153s
     0     0  729.52230    0  356  779.27052  729.52230  6.38%     -  153s
     0     0  729.52230    0  353  779.27052  729.52230  6.38%     -  153s
     0     0  729.52230    0  351  779.27052  729.52230  6.38%     -  154s
     0     0  729.52230    0  349  779.27052  729.52230  6.38%     -  154s
     0     0  729.52230    0  344  779.27052  729.52230  6.38%     -  154s
     0     0  729.52230    0  344  779.27052  729.52230  6.38%     -  154s
     0     0  729.52230    0  331  779.27052  729.52230  6.38%     -  155s
     0     0  729.52230    0  331  779.27052  729.52230  6.38%     -  155s
     0     0  729.52230    0  331  779.27052  729.52230  6.38%     -  155s
     0     0  729.52230    0  326  779.27052  729.52230  6.38%     -  155s
     0     2  730.79803    0  326  779.27052  730.79803  6.22%     -  161s
    31    40  744.26074    8  178  779.27052  743.03646  4.65%  1612  165s
    71    78  746.42998   13  160  779.27052  743.03646  4.65%  1837  170s
   119   124  746.37672   24  181  779.27052  743.03646  4.65%  1513  175s
H  172   176                     768.6662862  743.03646  3.33%  1257  179s
   206   237  749.16728   63  135  768.66629  743.03646  3.33%  1122  180s
   574   548  747.67469   10  195  768.66629  743.21207  3.31%   595  185s
   731   678  752.22999  160  364  768.66629  743.21207  3.31%   563  198s
   733   679  759.07485   50  277  768.66629  743.21207  3.31%   562  202s
H  733   645                     768.6662843  743.21207  3.31%   562  204s
   735   647  745.93485   17  339  768.66628  743.21207  3.31%   560  205s
   744   653  759.37843   71  393  768.66628  743.21207  3.31%   554  210s
H  748   621                     768.4088155  743.21207  3.28%   551  213s
H  748   590                     766.9009641  743.21207  3.09%   551  213s
   752   593  749.75154    7  350  766.90096  743.21207  3.09%   548  219s
   753   594  756.92758   59  350  766.90096  743.21207  3.09%   547  221s
   757   598  748.64169   20  318  766.90096  743.21207  3.09%   662  226s
   768   605  744.20628   10  280  766.90096  743.21207  3.09%   652  230s
   771   607  756.96951   26  348  766.90096  743.21207  3.09%   650  236s
H  780   585                     764.5318576  751.56867  1.70%   738  237s
   870   636  755.62245   36  220  764.53186  751.57189  1.70%   673  240s
  1101   694  759.47726   41  117  764.53186  751.62252  1.69%   590  245s
  1285   728  757.34264   41  138  764.53186  751.71709  1.68%   555  250s
  1532   841  757.85068   41   90  764.53186  751.97482  1.64%   538  255s
  2418   922  762.10692   68   93  764.53186  752.94326  1.52%   415  260s
  3190  1209     cutoff   36       764.53186  753.92473  1.39%   373  265s
  3799  1518  757.08677   29  194  764.53186  754.42497  1.32%   363  270s
  4489  1934  761.95656   64   65  764.53186  754.56827  1.30%   351  275s
  5346  2464  755.44833   33  148  764.53186  754.78130  1.28%   332  280s
H 6098  2409                     762.2411978  754.92792  0.96%   318  285s
H 6701  2585                     762.0707136  755.00131  0.93%   309  287s
  7198  3054  757.33019   32   98  762.07071  755.10840  0.91%   301  290s
* 7621  3026              51     761.9905393  755.17177  0.89%   295  290s
H 7873  2985                     761.2887256  755.20892  0.80%   292  294s
  8010  2983  757.90097   48  364  761.28873  755.23408  0.80%   294  299s
  8012  2984  757.58010   68  284  761.28873  755.23408  0.80%   293  301s
  8025  2993  757.86603   40  393  761.28873  755.23408  0.80%   293  305s
  8041  3005  758.76870   57  389  761.28873  755.23408  0.80%   298  311s
  8151  3058  757.14925   61  191  761.28873  755.23408  0.80%   305  315s
  8434  3133  757.60897   71  120  761.28873  755.23408  0.80%   306  320s
  8840  3235  756.12370   76  168  761.28873  755.23408  0.80%   301  325s
  9441  3347  758.42395   70  207  761.28873  755.23408  0.80%   291  330s
 10774  3310  755.63992   50  224  761.28873  755.23408  0.80%   273  335s
 11669  3332  757.60814   65  223  761.28873  755.23408  0.80%   274  341s
 12720  3354     cutoff   54       761.28873  755.49591  0.76%   270  345s
 14121  3408 infeasible   59       761.28873  755.85230  0.71%   261  351s
 15426  3504  757.81701   63  172  761.28873  756.13473  0.68%   254  356s

Cutting planes:
  Gomory: 9
  Cover: 23
  Implied bound: 133
  Projected implied bound: 18
  Clique: 1
  MIR: 75
  Flow cover: 212
  GUB cover: 2
  Inf proof: 13
  Zero half: 45
  Mod-K: 1
  Network: 5
  RLT: 6
  Relax-and-lift: 34
  BQP: 2

Explored 16911 nodes (4741328 simplex iterations) in 360.00 seconds (928.12 work units)
Thread count was 4 (of 32 available processors)

Solution count 10: 761.289 761.991 762.071 ... 783.111

Time limit reached
Best objective 7.612887255893e+02, best bound 7.563287011951e+02, gap 0.6515%

User-callback calls 77924, time in user-callback 0.01 sec
Cap boundary reject: PORT-588 real=884.535 baseline=761.289
Cap boundary debug: PORT-588 -> [473 474 475 115 116 117 118 119 122 121 120 266 265 263 262 261 260 254 255 205 210 211 212 197 196 195 194 193 217 189 188 187 186 185 184 183 182 7 6 10 11 12 13 14 143 15 16 17 18 21 19 20] -> PORT-581 -> [93 25 5 4 3 1 178 226 224 225 222 221 220 216 206 207 267 123 472 471 470 469 467 466 479 478 476 477 524 533 308] -> PORT-591 | load_left=44843 load_right=44661 cap=45000
Set parameter Username
Set parameter LicenseID to value 2738882
Academic license - for non-commercial use only - expires 2026-11-14
Set parameter TimeLimit to value 360
Set parameter Seed to value 2000000000
Set parameter Threads to value 4
Set parameter OutputFlag to value 1
Set parameter LogToConsole to value 1
Set parameter LazyConstraints to value 1
Gurobi Optimizer version 13.0.0 build v13.0.0rc1 (linux64 - "Debian GNU/Linux 13 (trixie)")

CPU model: AMD Ryzen 9 5950X 16-Core Processor, instruction set [SSE2|AVX|AVX2]
Thread count: 16 physical cores, 32 logical processors, using up to 4 threads

Non-default parameters:
TimeLimit  360
Seed  2000000000
Threads  4
LazyConstraints  1

Optimize a model with 30586 rows, 86700 columns and 173388 nonzeros (Min)
Model fingerprint: 0xbff13abc
Model has 28560 linear objective coefficients
Variable types: 57800 continuous, 28900 integer (28900 binary)
Coefficient statistics:
  Matrix range     [1e+00, 4e+04]
  Objective range  [3e-01, 1e+05]
  Bounds range     [1e+00, 4e+04]
  RHS range        [1e+00, 1e+04]
Presolve removed 1860 rows and 30001 columns
Presolve time: 0.31s
Presolved: 28726 rows, 56699 columns, 169729 nonzeros
Variable types: 28054 continuous, 28645 integer (28645 binary)
Root relaxation presolved: 28726 rows, 56699 columns, 169729 nonzeros

Deterministic concurrent LP optimizer: primal and dual simplex
Showing primal log only...

Concurrent spin time: 0.00s

Solved with primal simplex

Root relaxation: objective 1.149634e+03, 37419 iterations, 1.55 seconds (2.82 work units)

    Nodes    |    Current Node    |     Objective Bounds      |     Work
 Expl Unexpl |  Obj  Depth IntInf | Incumbent    BestBd   Gap | It/Node Time

     0     0 1149.63437    0  313          - 1149.63437      -     -    2s
H    0     0                    1770.4483003 1149.63437  35.1%     -    2s
H    0     0                    1652.0804310 1149.63437  30.4%     -    3s
H    0     0                    1561.7329585 1149.63437  26.4%     -    5s
H    0     0                    1553.7665815 1149.63437  26.0%     -    5s
H    0     0                    1542.3017679 1149.63437  25.5%     -    6s
H    0     0                    1538.9717721 1149.63437  25.3%     -    7s
     0     0 1153.46178    0  354 1538.97177 1153.46178  25.0%     -   10s
H    0     0                    1534.8155059 1153.46178  24.8%     -   10s
H    0     0                    1519.9263739 1153.46178  24.1%     -   11s
H    0     0                    1511.3701864 1153.46178  23.7%     -   11s
H    0     0                    1507.9143628 1153.46178  23.5%     -   12s
H    0     0                    1497.1529876 1153.46178  23.0%     -   12s
H    0     0                    1481.3909450 1153.46178  22.1%     -   12s
H    0     0                    1458.5153913 1153.46178  20.9%     -   12s
H    0     0                    1454.1542414 1153.46178  20.7%     -   12s
H    0     0                    1452.8694855 1153.46178  20.6%     -   12s
H    0     0                    1441.8493266 1153.46178  20.0%     -   12s
H    0     0                    1439.5066001 1153.46178  19.9%     -   12s
H    0     0                    1435.8853936 1153.46178  19.7%     -   13s
H    0     0                    1435.8016603 1153.46178  19.7%     -   14s
     0     0 1153.52342    0  356 1435.80166 1153.52342  19.7%     -   15s
     0     0 1153.52342    0  357 1435.80166 1153.52342  19.7%     -   15s
     0     0 1156.89745    0  360 1435.80166 1156.89745  19.4%     -   17s
     0     0 1157.86434    0  361 1435.80166 1157.86434  19.4%     -   17s
     0     0 1157.86434    0  362 1435.80166 1157.86434  19.4%     -   17s
     0     0 1160.31641    0  390 1435.80166 1160.31641  19.2%     -   22s
     0     0 1166.66153    0  372 1435.80166 1166.66153  18.7%     -   24s
     0     0 1166.95777    0  376 1435.80166 1166.95777  18.7%     -   25s
     0     0 1166.99016    0  374 1435.80166 1166.99016  18.7%     -   26s
     0     0 1166.99016    0  374 1435.80166 1166.99016  18.7%     -   26s
     0     0 1169.21944    0  378 1435.80166 1169.21944  18.6%     -   33s
     0     0 1169.75872    0  385 1435.80166 1169.75872  18.5%     -   34s
     0     0 1169.75872    0  382 1435.80166 1169.75872  18.5%     -   34s
     0     0 1169.75872    0  390 1435.80166 1169.75872  18.5%     -   38s
     0     0 1169.75872    0  388 1435.80166 1169.75872  18.5%     -   38s
     0     0 1169.75872    0  386 1435.80166 1169.75872  18.5%     -   40s
     0     0 1169.75872    0  382 1435.80166 1169.75872  18.5%     -   41s
     0     0 1169.75872    0  376 1435.80166 1169.75872  18.5%     -   42s
     0     0 1169.75872    0  378 1435.80166 1169.75872  18.5%     -   44s
     0     0 1169.96340    0  379 1435.80166 1169.96340  18.5%     -   46s
     0     0 1169.96824    0  379 1435.80166 1169.96824  18.5%     -   46s
     0     0 1169.96871    0  381 1435.80166 1169.96871  18.5%     -   46s
     0     0 1170.42518    0  391 1435.80166 1170.42518  18.5%     -   48s
     0     0 1170.44699    0  384 1435.80166 1170.44699  18.5%     -   48s
     0     0 1170.46413    0  386 1435.80166 1170.46413  18.5%     -   48s
     0     0 1170.46579    0  386 1435.80166 1170.46579  18.5%     -   48s
     0     0 1170.72442    0  378 1435.80166 1170.72442  18.5%     -   51s
H    0     0                    1434.5122051 1170.72442  18.4%     -   51s
     0     0 1170.78798    0  367 1434.51221 1170.78798  18.4%     -   51s
     0     0 1170.79769    0  372 1434.51221 1170.79769  18.4%     -   51s
     0     0 1170.79780    0  375 1434.51221 1170.79780  18.4%     -   52s
     0     0 1170.82929    0  354 1434.51221 1170.82929  18.4%     -   53s
     0     0 1170.82961    0  354 1434.51221 1170.82961  18.4%     -   54s
     0     0 1171.04298    0  391 1434.51221 1171.04298  18.4%     -   57s
     0     0 1171.04415    0  392 1434.51221 1171.04415  18.4%     -   57s
     0     0 1171.26695    0  411 1434.51221 1171.26695  18.4%     -   60s
H    0     0                    1432.7556236 1171.26695  18.3%     -   61s
     0     0 1171.26829    0  411 1432.75562 1171.26829  18.3%     -   62s
     0     0 1171.92328    0  385 1432.75562 1171.92328  18.2%     -   66s
     0     0 1172.20796    0  390 1432.75562 1172.20796  18.2%     -   67s
     0     0 1172.23093    0  398 1432.75562 1172.23093  18.2%     -   67s
     0     0 1172.23093    0  394 1432.75562 1172.23093  18.2%     -   67s
     0     0 1172.34838    0  387 1432.75562 1172.34838  18.2%     -   69s
     0     0 1172.37073    0  387 1432.75562 1172.37073  18.2%     -   69s
     0     0 1172.37073    0  387 1432.75562 1172.37073  18.2%     -   69s
     0     0 1172.37073    0  397 1432.75562 1172.37073  18.2%     -   71s
     0     0 1172.37938    0  401 1432.75562 1172.37938  18.2%     -   71s
     0     0 1172.48553    0  393 1432.75562 1172.48553  18.2%     -   72s
     0     0 1172.48852    0  406 1432.75562 1172.48852  18.2%     -   72s
     0     0 1172.67049    0  396 1432.75562 1172.67049  18.2%     -   74s
     0     0 1174.05170    0  397 1432.75562 1174.05170  18.1%     -   76s
     0     0 1174.05170    0  391 1432.75562 1174.05170  18.1%     -   77s
     0     0 1174.05170    0  391 1432.75562 1174.05170  18.1%     -   78s
     0     0 1174.05170    0  390 1432.75562 1174.05170  18.1%     -   78s
     0     0 1174.05170    0  405 1432.75562 1174.05170  18.1%     -   81s
     0     0 1174.05170    0  417 1432.75562 1174.05170  18.1%     -   81s
     0     0 1174.05170    0  405 1432.75562 1174.05170  18.1%     -   84s
H    0     0                    1421.3392866 1174.05170  17.4%     -   84s
H    0     0                    1406.2603973 1174.05170  16.5%     -   84s
H    0     0                    1400.3429724 1174.05170  16.2%     -   84s
     0     0 1174.05170    0  404 1400.34297 1174.05170  16.2%     -   85s
     0     0 1174.05170    0  401 1400.34297 1174.05170  16.2%     -   85s
     0     0 1174.05170    0  421 1400.34297 1174.05170  16.2%     -   87s
     0     0 1174.05170    0  417 1400.34297 1174.05170  16.2%     -   87s
     0     0 1174.20796    0  413 1400.34297 1174.20796  16.1%     -   90s
     0     0 1174.24048    0  426 1400.34297 1174.24048  16.1%     -   90s
     0     0 1174.25464    0  428 1400.34297 1174.25464  16.1%     -   90s
     0     0 1174.25466    0  427 1400.34297 1174.25466  16.1%     -   90s
     0     0 1176.53198    0  400 1400.34297 1176.53198  16.0%     -   94s
H    0     0                    1399.6692668 1176.79496  15.9%     -   95s
H    0     0                    1397.4744905 1176.79496  15.8%     -   95s
H    0     0                    1390.1583699 1176.79496  15.3%     -   95s
H    0     0                    1389.9274656 1176.79496  15.3%     -   95s
H    0     0                    1387.7053628 1176.79496  15.2%     -   95s
H    0     0                    1387.6642592 1176.79496  15.2%     -   95s
H    0     0                    1371.6714818 1176.79496  14.2%     -   96s
H    0     0                    1370.2945374 1176.79496  14.1%     -   96s
     0     0 1176.79496    0  409 1370.29454 1176.79496  14.1%     -   98s
     0     0 1176.79496    0  414 1370.29454 1176.79496  14.1%     -   99s
     0     0 1176.83103    0  411 1370.29454 1176.83103  14.1%     -  100s
H    0     0                    1370.1042322 1176.83661  14.1%     -  101s
     0     0 1176.83661    0  412 1370.10423 1176.83661  14.1%     -  101s
     0     0 1176.85780    0  419 1370.10423 1176.85780  14.1%     -  103s
     0     0 1176.86542    0  425 1370.10423 1176.86542  14.1%     -  103s
     0     0 1176.86542    0  425 1370.10423 1176.86542  14.1%     -  104s
     0     0 1177.01263    0  423 1370.10423 1177.01263  14.1%     -  106s
H    0     0                    1368.8226314 1177.01820  14.0%     -  106s
     0     0 1177.01820    0  418 1368.82263 1177.01820  14.0%     -  106s
     0     0 1177.01889    0  432 1368.82263 1177.01889  14.0%     -  108s
     0     0 1177.01916    0  429 1368.82263 1177.01916  14.0%     -  109s
     0     0 1177.03058    0  420 1368.82263 1177.03058  14.0%     -  111s
     0     0 1177.03058    0  420 1368.82263 1177.03058  14.0%     -  111s
     0     0 1177.03058    0  407 1368.82263 1177.03058  14.0%     -  111s
     0     2 1177.03058    0  405 1368.82263 1177.03058  14.0%     -  119s
     1     4 1178.18170    1  375 1368.82263 1177.11902  14.0%   448  120s
    11    21 1182.08074    4  381 1368.82263 1179.96049  13.8%  3385  127s
    20    26 1183.52843    5  376 1368.82263 1179.96049  13.8%  2823  130s
H   28    31                    1357.0635677 1179.96049  13.1%  3019  132s
H   31    35                    1353.3245846 1179.96049  12.8%  2912  134s
H   32    35                    1353.0400123 1179.96049  12.8%  2860  134s
    34    51 1184.32808    7  368 1353.04001 1179.96049  12.8%  2800  135s
    93   110 1192.22137   20  354 1353.04001 1179.96049  12.8%  1376  140s
H  112   114                    1352.2419332 1179.96049  12.7%  1170  141s
   178   209 1195.70782   30  352 1352.24193 1179.96049  12.7%   792  145s
   499   504 1216.49185  108  299 1352.24193 1179.96049  12.7%   324  150s
   523   528 1218.22661  114  293 1352.24193 1179.96049  12.7%   312  156s
H  526   528                    1351.4757650 1179.96049  12.7%   310  156s
   914   951 1230.94796  198  230 1351.47577 1179.96049  12.7%   211  160s
  1289  1376 1247.68649  296  248 1351.47577 1179.96049  12.7%   185  165s
  1622  1668 1256.58244  392  224 1351.47577 1179.96049  12.7%   176  170s
  1977  2113 1262.63971  495  208 1351.47577 1179.96049  12.7%   168  176s
  2297  2353 1190.44763   17  320 1351.47577 1179.99222  12.7%   169  181s
  2446  2497 1217.91853   24  258 1351.47577 1179.99222  12.7%   175  185s
  2764  2731 1191.01367   13  407 1351.47577 1180.01503  12.7%   176  221s
  2766  2732 1219.41716   83  313 1351.47577 1180.01503  12.7%   175  227s
H 2766  2595                    1351.4757626 1180.01503  12.7%   175  234s
H 2766  2465                    1348.9974648 1180.01503  12.5%   175  235s
  2771  2469 1209.38339  105  410 1348.99746 1180.01503  12.5%   175  240s
  2775  2471 1202.81401   27  402 1348.99746 1180.01503  12.5%   175  249s
  2776  2472 1220.83578  216  399 1348.99746 1180.01503  12.5%   175  250s
  2779  2474 1269.32072  310  395 1348.99746 1180.01503  12.5%   175  257s
H 2780  2351                    1346.7930309 1180.21131  12.4%   175  264s
  2781  2351 1229.30484   63  397 1346.79303 1180.21131  12.4%   175  265s
H 2784  2235                    1344.7773296 1180.73743  12.2%   174  274s
  2786  2237 1243.03445  334  395 1344.77733 1180.99067  12.2%   174  275s
  2788  2238 1257.98549  421  367 1344.77733 1181.28406  12.2%   174  283s
  2791  2240 1264.66663  426  394 1344.77733 1181.48479  12.1%   174  286s
H 2791  2128                    1343.9792505 1181.98563  12.1%   174  291s
H 2791  2021                    1343.7457736 1181.98563  12.0%   174  293s
H 2791  1919                    1343.5825008 1181.98563  12.0%   174  293s
  2792  1920 1212.87126   95  384 1343.58250 1181.98563  12.0%   174  295s
  2795  1922 1213.20540  138  392 1343.58250 1182.56536  12.0%   174  302s
  2797  1923 1209.11375   37  388 1343.58250 1182.79078  12.0%   174  309s
  2798  1924 1264.22143  420  401 1343.58250 1182.79078  12.0%   173  310s
  2800  1925 1210.22568  107  394 1343.58250 1184.00353  11.9%   173  317s
  2802  1926 1215.53335   65  406 1343.58250 1184.00353  11.9%   173  320s
  2805  1928 1226.67514  278  400 1343.58250 1184.00353  11.9%   173  326s
  2806  1929 1249.50932  387  393 1343.58250 1184.00353  11.9%   173  331s
  2808  1930 1214.80881   66  375 1343.58250 1184.00353  11.9%   173  343s
  2809  1931 1225.61419  261  401 1343.58250 1184.00353  11.9%   173  346s
  2810  1932 1220.87664   96  378 1343.58250 1184.00353  11.9%   173  352s
  2812  1933 1229.73732  191  387 1343.58250 1184.00353  11.9%   173  355s

Cutting planes:
  Cover: 27
  Implied bound: 144
  Projected implied bound: 11
  Clique: 1
  MIR: 67
  Flow cover: 125
  GUB cover: 3
  Zero half: 55
  Mod-K: 2
  RLT: 8
  Relax-and-lift: 121
  BQP: 5

Explored 2812 nodes (901182 simplex iterations) in 360.00 seconds (896.69 work units)
Thread count was 4 (of 32 available processors)

Solution count 10: 1343.58 1343.75 1343.98 ... 1353.32

Time limit reached
Best objective 1.343582500818e+03, best bound 1.184269939648e+03, gap 11.8573%

User-callback calls 50636, time in user-callback 0.01 sec
Cap boundary reject: PORT-581 segment infeasible left=1252.076 right=100663.988
Cap boundary reject: PORT-581 real=1000000000000000052504760255204420248704468581108159154915854115511802457988908195786371375080447864043704443832883878176942523235360430575644792184786706982848387200926575803737830233794788090059368953234970799945081119038967640880074652742780142494579258788820056842838115669472196386865459400540160.000 baseline=1314.876
Set parameter Username
Set parameter LicenseID to value 2738882
Academic license - for non-commercial use only - expires 2026-11-14
Segment 1 eval: start=BOAT-0 end=PORT-583 stations=47 (optimize)
  Segment 1 order: -501 -500 -499 -498 -497 -496 -495 112 113 -494 114 -275 -111 -274 -107 -106 -105 104 -103 -102 -101 108 109 110 -273 -272 271 253 252 249 -248 -247 -245 -244 -243 -238 237 -215 -214 213 -192 218 -191 190 219 223 -135
Segment 2 eval: start=PORT-583 end=PORT-581 stations=61 (optimize)
  Segment 2 order: 133 134 -132 -181 230 232 233 234 -235 231 -227 228 229 -180 -179 -154 -153 -157 -156 -155 -173 -172 174 175 -176 -177 171 -170 -169 -168 -167 -166 -165 -164 -163 -162 -161 -160 159 158 -150 -149 -148 -147 -146 -145 -144 -142 -9 -8 -141 -140 -139 151 -152 -138 -137 -136 -2 -94 -92
Segment 3 eval: start=PORT-581 end=PORT-591 stations=79 (optimize)
  Segment 3 order: 56 55 -54 -53 -52 -51 -50 -49 -48 -39 -38 -37 66 67 68 69 -36 -35 -32 -31 -29 -27 26 28 30 -33 -34 41 42 43 44 45 46 -40 47 396 397 -398 -395 -394 -393 -392 -391 -390 -389 -388 -387 402 -403 385 -384 -383 -382 -414 -413 412 -409 408 -410 411 380 378 -379 -377 -376 -375 374 -373 -372 -371 -370 369 359 360 -358 -353 -349 -326 328
Segment 4 eval: start=PORT-591 end=PORT-593 stations=80 (optimize)
  Segment 4 order: 276 277 278 279 280 -341 -340 -320 -319 -318 -317 -316 281 557 -556 282 283 -284 555 558 559 -560 561 -562 -554 553 550 551 552 285 286 287 315 -314 313 -312 -288 -311 -309 -310 289 290 291 292 293 294 -307 303 -304 -302 -301 -300 -299 298 305 306 295 296 -297 -547 549 548 -546 -545 541 542 543 540 -544 -539 -538 -537 536 -535 -534 573 574 -577 575 528
Segment 5 eval: start=PORT-593 end=PORT-591 stations=88 (optimize)
  Segment 5 order: 454 455 464 465 480 -481 -95 90 -89 88 -87 86 -85 -84 -83 -82 -81 -80 -91 96 -24 -23 -22 79 -78 -77 -70 -76 75 72 73 -74 -71 65 -63 64 57 59 -58 60 61 62 -386 -401 400 399 407 -406 -405 -404 -415 416 418 419 420 421 -423 -422 424 -417 425 381 426 -368 -367 -365 364 363 362 361 -348 -332 -331 -330 -329 327 -325 -324 -323 -321 -339 -338 -337 -336 -335 -334 -333 347
Segment 6 eval: start=PORT-591 end=PORT-583 stations=42 (optimize)
  Segment 6 order: -346 -345 -344 -343 -342 -566 563 564 565 567 568 569 570 571 572 576 -527 -514 -513 -512 -436 435 438 -437 -440 441 442 443 444 -506 -505 -449 448 -450 451 452 453 456 457 458 -100 -99
Segment 7 eval: start=PORT-583 end=PORT-588 stations=35 (optimize)
  Segment 7 order: 97 236 239 240 -241 242 -98 246 250 251 208 209 -201 200 198 199 202 203 204 -131 -129 130 -256 257 259 258 -128 -127 126 -125 -124 -264 268 269 270
Segment 8 eval: start=PORT-588 end=PORT-581 stations=52 (optimize)
  Segment 8 order: 118 -117 -116 115 -475 -474 -473 -122 -121 -119 120 -266 -265 -263 -262 -261 260 254 255 -205 210 211 -212 197 -196 -195 -194 -193 -217 -189 -188 -187 -186 -185 -184 -183 -182 -7 -6 10 11 12 13 14 143 15 16 17 18 -21 19 -20
Segment 9 eval: start=PORT-581 end=PORT-591 stations=31 (optimize)
  Segment 9 order: -93 -25 -5 -4 -3 -1 -178 -226 -224 225 -222 -221 220 -216 206 -207 -267 -123 -472 471 -470 -469 -467 -466 -479 -478 -476 477 524 533 308
Segment 10 eval: start=PORT-591 end=PORT-593 stations=22 (optimize)
  Segment 10 order: 366 -357 -356 -355 354 -352 -351 -350 -322 -532 -531 -530 -529 -526 525 578 579 580 -523 -522 -521 -520
Segment 11 eval: start=PORT-593 end=PORT-584 stations=34 (optimize)
  Segment 11 order: 515 516 -519 -518 -517 -427 428 429 430 431 432 433 -434 447 -446 -445 439 -511 -510 -509 -508 -507 -504 -503 -487 486 -462 484 -463 -483 -482 -489 488 -502
Segment 12 eval: start=PORT-584 end=PORT-584 stations=0 (direct)
Segment 13 eval: start=PORT-584 end=BOAT-END stations=9 (optimize)
  Segment 13 order: -485 -461 -460 -459 -468 493 -492 -491 -490
PROGRESS pass=6 changed=0 total=6252.239 best=6252.239 nseg=13 stall=1 mut=0/2
Capacity boundary sweep completed with changes.
Best pass 5 total distance: 6252.239
Updated segment plan:
Segment plan:
  Segment 1 -> START
    stations: 500 501 499 497 498 496 495 494 113 112 114 275 111 274 107 106 105 104 103 102 101 108 109 110 273 272 271 253 252 249 248 247 245 244 243 238 237 215 214 213 218 192 191 190 219 223 135
    end: PORT-583("Ísafjörður")
  Segment 2 -> PORT-583
    stations: 134 133 132 181 230 232 231 233 234 235 227 228 229 180 179 154 153 152 151 139 140 148 149 150 158 157 156 155 174 175 176 177 171 170 168 172 173 167 166 165 164 163 159 162 160 161 147 145 146 144 142 9 8 141 138 137 136 2 94 92 169
    end: PORT-581("Siglufjörður")
  Segment 3 -> PORT-581
    stations: 68 69 67 66 53 54 56 55 52 51 38 48 39 40 47 46 43 45 44 42 41 34 33 30 29 27 26 28 31 32 36 35 37 50 49 396 397 398 395 394 393 392 391 390 389 388 387 402 385 403 384 383 382 414 413 412 409 408 410 411 380 378 379 377 376 375 374 373 372 371 370 369 359 360 358 353 349 326 328
    end: PORT-591("Seyðisfjörður")
  Segment 4 -> PORT-591
    stations: 276 277 278 279 280 281 557 556 282 283 284 555 558 559 560 561 562 554 550 551 552 285 286 287 288 312 313 314 315 316 317 318 319 320 340 341 553 301 302 300 299 298 305 304 303 307 294 293 291 290 289 311 309 310 292 295 306 297 296 545 546 547 548 549 541 544 543 542 540 539 538 537 536 535 534 573 574 577 528 575
    end: PORT-593("Vestmannaeyjar")
  Segment 5 -> PORT-593
    stations: 480 465 464 454 455 22 23 24 96 95 91 89 88 87 86 85 84 83 82 81 80 79 78 77 70 76 75 72 73 74 71 65 63 64 57 59 58 60 61 62 386 401 400 399 407 406 405 404 415 418 419 420 421 423 422 424 425 417 416 381 426 368 367 365 364 363 362 361 348 332 331 330 329 327 325 324 323 321 339 338 337 336 335 334 333 347 481 90
    end: PORT-591("Seyðisfjörður")
  Segment 6 -> PORT-591
    stations: 346 345 344 343 342 566 563 564 565 567 568 569 570 571 572 576 527 514 513 512 436 435 438 437 440 441 442 443 444 506 505 449 448 450 451 452 453 456 457 458 100 99
    end: PORT-583("Ísafjörður")
  Segment 7 -> PORT-583
    stations: 97 236 239 240 241 242 98 246 250 251 208 209 201 200 198 199 202 203 204 131 129 130 256 257 259 258 128 127 126 125 124 264 268 269 270
    end: PORT-588("Ólafsvík")
  Segment 8 -> PORT-588
    stations: 473 474 475 115 116 117 118 119 122 121 120 266 265 263 262 261 260 254 255 205 210 211 212 197 196 195 194 193 217 189 188 187 186 185 184 183 182 7 6 10 11 12 13 14 143 15 16 17 18 21 19 20
    end: PORT-581("Siglufjörður")
  Segment 9 -> PORT-581
    stations: 93 25 5 4 3 1 178 226 224 225 222 221 220 216 206 207 267 123 472 471 470 469 467 466 479 478 476 477 524 533 308
    end: PORT-591("Seyðisfjörður")
  Segment 10 -> PORT-591
    stations: 366 357 356 355 354 352 351 350 322 532 531 530 529 526 525 578 579 580 523 522 521 520
    end: PORT-593("Vestmannaeyjar")
  Segment 11 -> PORT-593
    stations: 515 516 519 518 517 427 428 429 430 431 432 433 434 447 446 445 439 511 510 509 508 507 504 503 487 486 462 484 463 483 482 489 488 502
    end: PORT-584("Hafnarfjörður")
  Segment 12 -> PORT-584
    end: PORT-584("Hafnarfjörður")
  Segment 13 -> PORT-584
    stations: 490 491 492 493 468 459 460 461 485
    end: BOAT-END
Segment 1: "Árni Friðriksson" -> "Ísafjörður" | stations=47 distance=348.925 amount=43577
Segment 2: "Ísafjörður" -> "Siglufjörður" | stations=61 distance=325.444 amount=43885
Segment 3: "Siglufjörður" -> "Seyðisfjörður" | stations=79 distance=536.070 amount=43950
Segment 4: "Seyðisfjörður" -> "Vestmannaeyjar" | stations=80 distance=708.214 amount=44941
Segment 5: "Vestmannaeyjar" -> "Seyðisfjörður" | stations=88 distance=1049.637 amount=44526
Segment 6: "Seyðisfjörður" -> "Ísafjörður" | stations=42 distance=647.101 amount=44949
Segment 7: "Ísafjörður" -> "Ólafsvík" | stations=35 distance=295.480 amount=42024
Segment 8: "Ólafsvík" -> "Siglufjörður" | stations=52 distance=465.808 amount=44843
Segment 9: "Siglufjörður" -> "Seyðisfjörður" | stations=31 distance=849.068 amount=44661
Segment 10: "Seyðisfjörður" -> "Vestmannaeyjar" | stations=22 distance=478.172 amount=44741
Segment 11: "Vestmannaeyjar" -> "Hafnarfjörður" | stations=34 distance=300.502 amount=44696
Segment 12: "Hafnarfjörður" -> "Hafnarfjörður" | stations=0 distance=0.000 amount=0
Segment 13: "Hafnarfjörður" -> "Árni Friðriksson"-END | stations=9 distance=247.816 amount=41272
Segmented total distance: 6252.239
SelectedSize=622  Size=595
