Ship: Árni Friðriksson
ShipCap: 45000
Init no-port distance matrix wall time: 129 s
Set parameter Username
Set parameter LicenseID to value 2738882
Academic license - for non-commercial use only - expires 2026-11-14
Set parameter LogToConsole to value 1
Set parameter LazyConstraints to value 1
Gurobi Optimizer version 13.0.0 build v13.0.0rc1 (linux64 - "Debian GNU/Linux 13 (trixie)")

CPU model: AMD Ryzen 9 5950X 16-Core Processor, instruction set [SSE2|AVX|AVX2]
Thread count: 16 physical cores, 32 logical processors, using up to 4 threads

Non-default parameters:
Threads  4
LazyConstraints  1

Optimize a model with 2905 rows, 1350244 columns and 2701650 nonzeros (Min)
Model fingerprint: 0xb0529087
Model has 1347920 linear objective coefficients
Variable types: 0 continuous, 1350244 integer (1350244 binary)
Coefficient statistics:
  Matrix range     [1e+00, 1e+00]
  Objective range  [3e-01, 1e+05]
  Bounds range     [1e+00, 1e+00]
  RHS range        [1e+00, 1e+00]
Presolve removed 581 rows and 1743 columns
Presolve time: 1.44s
Presolved: 2324 rows, 1348501 columns, 2698164 nonzeros
Variable types: 0 continuous, 1348501 integer (1348501 binary)
Root relaxation presolved: 2325 rows, 1348501 columns, 2698172 nonzeros

Deterministic concurrent LP optimizer: primal simplex, dual simplex, and barrier
Showing barrier log only...

Root barrier log...

Ordering time: 0.04s

Barrier statistics:
 AA' NZ     : 1.351e+06
 Factor NZ  : 2.256e+06 (roughly 600 MB of memory)
 Factor Ops : 2.729e+09 (less than 1 second per iteration)
 Threads    : 2

                  Objective                Residual
Iter       Primal          Dual         Primal    Dual     Compl     Time
   0   2.32387027e+10 -3.58371511e+10  1.05e+03 1.46e-11  7.15e+04     4s
   1   1.83823746e+09 -2.16383159e+10  1.84e+02 2.65e+04  1.73e+04     4s
   2   3.34748265e+08 -2.12835411e+09  4.12e+01 1.12e+03  2.62e+03     5s

Barrier performed 2 iterations in 4.63 seconds (6.50 work units)
Barrier solve interrupted - model solved by another algorithm

Concurrent spin time: 0.10s

Solved with dual simplex

Root relaxation: objective 3.250078e+03, 7901 iterations, 1.82 seconds (1.79 work units)

    Nodes    |    Current Node    |     Objective Bounds      |     Work
 Expl Unexpl |  Obj  Depth IntInf | Incumbent    BestBd   Gap | It/Node Time

     0     0 3250.07764    0  947          - 3250.07764      -     -    5s
     0     0 3277.12259    0  992          - 3277.12259      -     -    9s
     0     0 3283.40721    0 1421          - 3283.40721      -     -   10s
     0     0 3304.56517    0 1065          - 3304.56517      -     -   17s
     0     0 3306.60528    0 1255          - 3306.60528      -     -   20s
     0     0 3306.60528    0 1255          - 3306.60528      -     -   22s
     0     0 3306.60528    0 1109          - 3306.60528      -     -   23s
     0     0 3306.62787    0 1109          - 3306.62787      -     -   40s
     0     2 3309.53592    0 1090          - 3309.53592      -     -   46s
    27    36 3315.33583    6 1063          - 3309.72428      -  14.5   50s
    53    60 3328.74590    9 1008          - 3309.72428      -  20.2   55s
    83    88 3335.15708   13 1004          - 3309.72428      -  18.5   60s
   105   110 3354.99648   15 1022          - 3309.72428      -  25.7   65s
   140   153 3362.86011   21  678          - 3309.72428      -  24.1   70s
   199   213 3373.50274   33  490          - 3309.72428      -  23.9   76s
   235   246 3377.07273   41  385          - 3309.72428      -  23.3   82s
   262   281 3382.78589   44  451          - 3309.72428      -  23.6   85s
   325   350 3387.85697   57  470          - 3309.72428      -  21.9   91s
   377   382 3396.78989   66  270          - 3309.72428      -  20.7   95s
   389   412 3395.81035   67  372          - 3309.72428      -  20.8  101s
   444   482 3402.31093   79  290          - 3309.72428      -  20.0  106s
   527   586 3406.46535   88  256          - 3309.72428      -  18.6  113s
   585   590 3409.71047   99  214          - 3309.72428      -  17.6  116s
   642   713 3419.59829  105  243          - 3309.72428      -  17.1  123s
   712   771 3424.48947  115  168          - 3309.72428      -  16.3  126s
   844   875 3431.34529  130  195          - 3309.73221      -  15.1  133s
   896   913 3435.90270  134  147          - 3309.90097      -  15.0  136s
   983   994 3439.78854  153  100          - 3309.90097      -  15.0  142s
  1016  1016 3443.63049  164   96          - 3310.29999      -  15.1  146s
  1095  1070 3397.82554   96 1109          - 3310.29999      -  15.2  175s
  1097  1071 3326.21973   10 1065          - 3314.91187      -  15.2  194s
  1098  1072 3404.13811   83 1130          - 3347.30875      -  15.1  201s
  1099  1073 3396.20301   87 1119          - 3347.59600      -  15.1  207s
  1100  1073 3378.08956   41 1120          - 3347.59600      -  15.1  219s
  1101  1074 3384.54872   49 1236          - 3349.58461      -  15.1  263s
  1103  1075 3370.75492   25 1148          - 3357.68247      -  15.1  269s
  1104  1076 3358.58981    8  898          - 3358.58981      -  15.1  293s
  1105  1077 3387.15698   48 1053          - 3367.64572      -  15.0  298s
  1106  1077 3392.65586   33 1130          - 3368.43428      -  15.0  302s
  1107  1078 3397.05952   69 1217          - 3368.43428      -  15.0  305s
  1108  1079 3422.02145  109 1196          - 3368.43428      -  15.0  311s
  1110  1080 3387.18874   43 1013          - 3368.56191      -  15.0  318s
  1112  1081 3383.97721   41 1010          - 3369.22216      -  14.9  323s
  1116  1085 3383.48089   41 1109          - 3369.97600      -  26.7  326s
  1118  1086 3388.16748   58  988          - 3369.97600      -  26.6  340s
  1120  1088 3397.38223   93  944          - 3369.97600      -  26.6  347s
  1121  1088 3369.97600   21  945          - 3369.97600      -  26.5  352s
  1122  1089 3434.60150  169  918          - 3371.22640      -  26.5  396s
  1126  1092 3375.33051    6 1103          - 3375.33051      -  26.4  419s
  1127  1092 3440.22096  141 1094          - 3387.99367      -  26.4  420s
  1129  1094 3388.07392    4 1058          - 3388.07392      -  26.4  428s
  1130  1094 3388.07392   29 1114          - 3388.07392      -  26.3  431s
  1131  1095 3428.35483  125 1056          - 3388.07392      -  26.3  438s
  1132  1096 3388.07392   12 1114          - 3388.07392      -  26.3  441s
  1133  1096 3388.07392   18 1101          - 3388.07392      -  26.3  445s
  1135  1098 3398.83679   70 1055          - 3388.07392      -  26.2  452s
  1136  1098 3392.05437   31 1125          - 3388.07392      -  26.2  455s
  1137  1099 3388.07392   27 1055          - 3388.07392      -  26.2  460s
  1139  1100 3388.07392   13 1113          - 3388.07392      -  26.1  466s
  1143  1105 3388.07392   31 1109          - 3388.07392      -  34.4  470s
  1144  1105 3388.16748   58 1019          - 3388.07392      -  34.3  482s
  1145  1106 3422.62274  146  998          - 3388.07392      -  34.3  485s
  1147  1107 3413.75024   91 1003          - 3388.07392      -  34.2  491s
  1148  1108 3440.61841  154  995          - 3388.07392      -  34.2  497s
  1149  1109 3434.54145  126 1090          - 3388.07392      -  34.2  542s
  1151  1110 3392.62441    4 1228          - 3392.62441      -  34.1  546s
  1152  1111 3394.48139   25 1027          - 3394.48139      -  34.1  552s
  1154  1112 3414.36692   87 1242          - 3395.24334      -  34.0  556s
  1155  1113 3408.28660   81 1078          - 3398.85704      -  34.0  574s
  1156  1113 3407.54539   84 1213          - 3400.84082      -  34.0  575s
  1158  1115 3442.16993  160 1185          - 3400.93111      -  33.9  584s
  1159  1115 3400.93111   20 1190          - 3400.93111      -  33.9  587s
  1161  1117 3434.33175  131 1207          - 3400.93111      -  33.8  591s
  1164  1119 3400.93111   53 1061          - 3400.93111      -  33.7  596s
  1168  1121 3411.42637   83 1067          - 3400.93111      -  33.6  600s
  1174  1127 3400.93111   63 1109          - 3400.93111      -  42.5  605s
  1175  1127 3420.33567  105  907          - 3400.93111      -  42.5  619s
  1176  1128 3401.03393  105 1053          - 3400.93111      -  42.4  622s
  1177  1129 3404.06870   81  841          - 3400.93111      -  42.4  626s
  1179  1130 3400.93111    8  959          - 3400.93111      -  42.3  632s
  1180  1131 3400.93111   24  962          - 3400.93111      -  42.3  639s
  1181  1131 3400.93111   29 1258          - 3400.93111      -  42.2  657s
  1183  1133 3406.39367   30 1270          - 3406.39367      -  42.2  661s
  1184  1133 3420.68721   95 1134          - 3409.08914      -  42.1  666s
  1186  1135 3410.77404   22  976          - 3410.77404      -  42.1  675s
  1187  1135 3410.77404  116  984          - 3410.77404      -  42.0  678s
  1188  1136 3410.77404   68  966          - 3410.77404      -  42.0  681s
  1190  1137 3410.77404   18  966          - 3410.77404      -  41.9  720s
  1196  1143 3410.89339   18 1109          - 3410.89339      -  49.2  725s
  1197  1143 3410.89339   10  952          - 3410.89339      -  49.2  737s
  1198  1144 3410.89339   83  972          - 3410.89339      -  49.1  741s
  1199  1145 3412.58804   87  916          - 3412.58804      -  49.1  745s
  1201  1146 3413.29625   49  948          - 3413.29625      -  49.0  751s
  1202  1147 3413.29625   16  969          - 3413.29625      -  49.0  759s
  1203  1147 3413.42187   25 1057          - 3413.42187      -  48.9  811s
  1205  1149 3416.68440   48 1282          - 3416.68440      -  48.8  816s
  1206  1149 3417.16577   33 1083          - 3417.16577      -  48.8  842s
  1209  1151 3418.63804   60 1103          - 3418.63804      -  48.7  847s
  1212  1153 3418.92546   41 1085          - 3418.92546      -  48.6  852s
  1215  1155 3433.08581  165 1089          - 3418.92546      -  48.4  855s
  1220  1159 3418.92546   93 1085          - 3418.92546      -  48.2  861s
  1227  1165 3440.22096  141 1109          - 3418.92546      -  57.0  867s
  1229  1166 3418.92546    4  964          - 3418.92546      -  56.9  882s
  1230  1167 3418.92546   29 1060          - 3418.92546      -  56.9  887s
  1231  1168 3428.35483  125 1038          - 3418.96112      -  56.8  890s
  1233  1169 3419.80441   18 1054          - 3419.80441      -  56.7  901s
  1234  1170 3420.35785   44 1172          - 3420.35785      -  56.7  926s
  1235  1170 3420.35785   70 1194          - 3420.35785      -  56.6  930s
  1236  1171 3420.63608   31 1170          - 3420.63608      -  56.6  935s
  1238  1172 3420.91666   35 1217          - 3420.91666      -  56.5  943s
  1239  1173 3420.91666   13 1333          - 3420.91666      -  56.4  947s
  1240  1174 3420.91666   94 1141          - 3420.91666      -  56.4  951s
  1244  1176 3420.91666   58 1126          - 3420.91666      -  56.2  956s
  1245  1177 3435.48884  146 1126          - 3435.48884      -  56.2 1022s
  1246  1181 3435.48884   70 1090          - 3435.48884      -  63.3 1050s
  1281  1212 3440.62738   76  866          - 3435.48884      -  62.6 1055s
  1309  1227 3448.58337   79  841          - 3435.48884      -  62.3 1060s
  1352  1264 3447.09297   85  766          - 3435.48884      -  61.7 1066s
  1375  1269 3453.99882   87  937          - 3435.48884      -  60.8 1070s
  1435  1309 3458.36946   95  974          - 3435.48884      -  58.9 1076s
  1459  1336 3458.24961   99  820          - 3435.48884      -  58.2 1081s
  1481  1339 3458.31274  101  817          - 3435.48884      -  57.8 1085s
  1520  1363 3475.23886  107  585          - 3435.48884      -  56.8 1090s
  1571  1429 3466.33859  113  753          - 3435.48884      -  55.7 1096s
  1636  1465 3468.61043  119  515          - 3435.48884      -  54.1 1101s
  1689  1501 3470.62874  125  499          - 3435.48884      -  53.0 1105s
  1720  1499 3471.58213  129  494          - 3435.48884      -  52.4 1110s
  1732  1532 3473.08797  130  523          - 3435.48884      -  52.2 1116s
  1793  1594 3475.76259  137  397          - 3435.48884      -  51.1 1121s
  1844  1625 3477.77411  144  369          - 3435.48884      -  50.0 1125s
  1939  1688 3479.87137  155  307          - 3435.48884      -  48.3 1132s
  1986  1729 3480.24784  159  178          - 3435.48884      -  47.4 1136s
  2043  1714 3483.11999  167  121          - 3435.48884      -  46.4 1140s
  2106  1799 3484.68313  176  160          - 3435.48884      -  45.4 1148s
  2153  1847 3485.75188  181  258          - 3435.48884      -  44.8 1153s
  2217  1902 3490.31067  189  109          - 3435.48884      -  43.9 1158s
  2293  1951 3493.84971  198   70          - 3435.48884      -  42.8 1163s
  2369  2001 3504.80089  209  109          - 3435.48884      -  41.8 1169s
  2458  2044 3513.33153  218   48          - 3435.48884      -  40.8 1174s
  2545  2086 3524.08058  226    -          - 3435.48884      -  39.9 1180s
  2631  2088 3538.31465  238   67          - 3435.48884      -  39.0 1186s
  2661  2141 3538.44271  239   45          - 3435.48884      -  38.7 1191s
  2740  2130 3551.68206  251   56          - 3435.48884      -  37.9 1195s
  2762  2183 3554.79487  251  132          - 3435.48884      -  37.8 1200s
  2830  2229 3560.86373  262   21          - 3435.48884      -  37.4 1205s
  2906  2273 3568.49994  270   84          - 3435.48884      -  36.8 1211s
  2978  2315 3578.81981  281  174          - 3435.48884      -  36.4 1216s
  3051  2301 3592.81674  291   29          - 3435.48884      -  36.1 1221s
  3055  2363 3593.84994  291   10          - 3435.48884      -  36.0 1228s
  3136  2414 3616.56210  300    -          - 3435.48884      -  35.5 1233s
  3215  2470 3464.18156   75 1143          - 3435.48884      -  35.2 1239s
  3293  2536 3475.57773   84  708          - 3435.48884      -  34.8 1246s
  3385  2579 3480.22613   94  601          - 3435.48884      -  34.3 1252s
  3478  2574 3487.24173  105  661          - 3435.48884      -  33.8 1256s
  3498  2662 3490.25178  105  691          - 3435.48884      -  33.8 1263s
  3591  2635 3494.45009  117  596          - 3435.48884      -  33.4 1269s
  3595  2727 3494.63797  118  579          - 3435.48884      -  33.4 1275s
  3690  2786 3498.72416  130  433          - 3435.48884      -  33.0 1282s
  3786  2829 3503.23759  142  334          - 3435.48884      -  32.6 1288s
  3882  2885 3508.97957  154  137          - 3435.48884      -  32.1 1294s
  3976  2945 3514.32283  166   38          - 3435.48884      -  31.8 1300s
  4072  2967 3519.02039  178    -          - 3435.48884      -  31.4 1305s
  4149  3019 3528.42376  187   33          - 3435.48884      -  31.3 1311s
  4236  3072 3534.82361  199  157          - 3435.48884      -  31.1 1317s
  4332  3092 3542.95943  207   49          - 3435.48884      -  30.8 1323s
  4405  3137 3558.50393  218   82          - 3435.48884      -  30.6 1328s
  4469  3128 3565.15390  230    -          - 3435.48884      -  30.4 1332s
  4496  3137 3471.98503   82  866          - 3435.48884      -  30.4 1338s
  4516  3206 3473.35091   83  833          - 3435.48884      -  30.4 1344s
  4585  3259 3480.94799   87  830          - 3435.48884      -  30.4 1350s
  4661  3315 3487.85880   96  730          - 3435.48884      -  30.2 1356s
  4743  3292 3498.56501  107  741          - 3435.48884      -  30.1 1362s
  4747  3367 3499.54470  108  651          - 3435.48884      -  30.1 1368s
  4823  3419 3504.93462  112  472          - 3435.48884      -  30.1 1373s
  4893  3493 3508.95698  118  408          - 3435.48884      -  30.2 1379s
  4975  3588 3514.96858  121  427          - 3435.48884      -  30.1 1385s
  5064  3682 3516.81558  127  394          - 3435.48884      -  29.9 1391s
  5160  3777 3522.69649  136  321          - 3435.48884      -  29.6 1398s
  5256  3868 3524.69592  146   69          - 3435.48884      -  29.3 1404s
  5352  3956 3526.33437  150  177          - 3435.48884      -  29.1 1410s
  5441  3962 3529.05114  160   75          - 3435.48884      -  28.9 1415s
  5445  3966 3529.73919  160   22          - 3435.48884      -  28.9 1421s
  5449  4044 3528.99232  160   45          - 3435.48884      -  28.9 1427s
  5537  4113 3530.92006  165   37          - 3440.18663      -  28.7 1433s
  5613  4194 3539.64886  170   71          - 3440.18663      -  28.6 1439s
  5688  4275 3550.54874  177   34          - 3440.18663      -  28.6 1444s
  5773  4355 3551.68814  181   38          - 3440.18663      -  28.5 1450s
  5851  4423 3552.70835  183   40          - 3440.18663      -  28.4 1455s
  5929  4432 3566.21249  191   38          - 3440.18663      -  28.2 1460s
  5933  4513 3566.20227  190   20          - 3440.18663      -  28.2 1466s
  6024  4582 3568.52319  198   28          - 3440.18663      -  28.2 1472s
  6120  4675 3571.30684  203  120          - 3440.18663      -  27.9 1479s
  6213  4756 3572.62515  208   81          - 3441.93452      -  27.8 1485s
  6300  4815 3588.40641  214   27          - 3442.01837      -  27.7 1491s
  6382  4920 3479.47011   79  911          - 3442.01837      -  27.6 1497s
  6472  4994 3493.56306   89  722          - 3442.01837      -  27.5 1503s
  6554  5060 3500.11763   98  692          - 3442.01837      -  27.5 1508s
  6634  5073 3501.83539  103  665          - 3442.01837      -  27.4 1514s
  6638  5160 3502.54560  104  598          - 3442.01837      -  27.4 1520s
  6725  5249 3507.47702  110  600          - 3442.01837      -  27.3 1526s
  6814  5337 3512.80755  119  430          - 3442.01837      -  27.2 1532s
  6908  5364 3519.41433  126  525          - 3442.01837      -  27.1 1536s
  6932  5368 3519.43481  127  560          - 3442.01837      -  27.2 1544s
  6936  5461 3521.57721  127  525          - 3442.01837      -  27.2 1550s
  7031  5555 3527.80943  136  266          - 3442.01837      -  27.0 1557s
  7126  5569 3531.53133  143  178          - 3442.01837      -  27.0 1562s
  7153  5638 3532.72992  143  150          - 3442.01837      -  26.9 1568s
  7231  5725 3541.78410  145  210          - 3442.01837      -  27.0 1574s
  7322  5821 3544.62502  151  157          - 3442.01837      -  26.9 1580s
  7414  5900 3551.13216  160  127          - 3442.01837      -  26.8 1585s
  7500  5992 3553.86345  166  191          - 3442.01837      -  26.8 1591s
  7596  6009 3561.02885  172  183          - 3442.01837      -  26.6 1597s
  7609  6104 3560.14358  174  134          - 3442.01837      -  26.6 1603s
  7704  6184 3566.52959  181   59          - 3442.01837      -  26.5 1607s
  7800  6268 3567.53684  191   45          - 3442.01837      -  26.3 1613s
  7896  6352 3570.21267  193  108          - 3442.01837      -  26.2 1618s
  7992  6413 3575.87176  202  215          - 3442.01837      -  26.0 1623s
  8084  6484 3582.45865  213    7          - 3442.01837      -  25.9 1628s
  8170  6573 3586.75804  218   58          - 3442.01837      -  25.8 1634s
  8253  6664 3591.33219  227   63          - 3442.01837      -  25.8 1639s
  8338  6727 3592.55321  230   22          - 3442.01837      -  25.7 1645s
  8427  6791 3599.94672  232   18          - 3442.01837      -  25.6 1650s
  8500  6888 3598.28727  240   50          - 3442.01837      -  25.5 1656s
  8586  6958 3601.88274  247  132          - 3442.01837      -  25.4 1662s
  8676  6972 3603.23552  253   61          - 3442.01837      -  25.3 1667s
  8680  7044 3604.57489  252   40          - 3442.01837      -  25.3 1672s
  8768  7108 3607.16665  257   10          - 3442.01837      -  25.2 1678s
  8864  7182 3610.84232  264   40          - 3442.01837      -  25.0 1683s
  8946  7260 3500.68345   74  692          - 3442.01837      -  25.0 1688s
  9028  7343 3512.74229   82  769          - 3442.01837      -  24.9 1694s
  9120  7433 3519.44721   88  718          - 3442.01837      -  24.8 1699s
  9215  7513 3522.66383   93  763          - 3442.01837      -  24.7 1704s
  9302  7586 3525.99636  100  738          - 3442.01837      -  24.6 1709s
  9386  7654 3530.50894  102  877          - 3442.01837      -  24.5 1713s
  9471  7666 3533.69854  105  807          - 3442.01837      -  24.4 1719s
  9475  7708 3535.94350  105  733          - 3442.01837      -  24.4 1724s
  9553  7794 3546.43961  111  618          - 3442.22899      -  24.4 1730s
  9709  7934 3553.55878  118  505          - 3442.22899      -  24.3 1740s
  9796  8013 3559.06506  125  493          - 3442.22899      -  24.2 1745s
  9870  8097 3561.35699  132  447          - 3442.22899      -  24.1 1750s
  9957  8105 3568.95709  141  396          - 3442.22899      -  24.0 1758s
  9961  8160 3567.62458  141  383          - 3442.22899      -  24.0 1764s
 10024  8168 3568.23219  142  379          - 3442.22899      -  24.0 1770s
 10028  8227 3569.21035  142  333          - 3442.22899      -  24.0 1775s
 10111  8285 3569.53633  148  252          - 3442.22899      -  23.9 1781s
 10195  8347 3571.47445  150  242          - 3442.22899      -  23.9 1786s
 10254  8435 3577.45189  156  179          - 3443.32826      -  23.9 1792s
 10334  8516 3575.51718  159  146          - 3443.32826      -  23.9 1798s
 10415  8594 3581.51019  167  124          - 3443.32826      -  23.9 1804s
 10493  8669 3583.16836  173   14          - 3443.32826      -  23.8 1810s
 10576  8677 3590.70612  181   68          - 3443.32826      -  23.8 1816s
 10580  8747 3589.31922  180   41          - 3443.32826      -  23.8 1823s
 10666  8851 3597.46013  189   15          - 3443.32826      -  23.8 1829s
 10762  8931 3600.96538  195   43          - 3443.32826      -  23.7 1835s
 10842  9027 3602.55360  205  126          - 3443.32826      -  23.7 1842s
 10938  9099 3606.06291  216   61          - 3443.32826      -  23.6 1848s
 11018  9178 3617.94695  224   62          - 3443.32826      -  23.6 1855s
 11093  9242 3618.61749  231    7          - 3443.32826      -  23.6 1861s
 11173  9254 3620.51102  233   27          - 3443.32826      -  23.6 1867s
 11177  9335 3621.22560  234   46          - 3443.32826      -  23.6 1873s
 11272  9419 3630.32026  241    7          - 3444.15970      -  23.6 1879s
 11359  9520 3495.61623   84  872          - 3444.15970      -  23.6 1885s
 11455  9608 3500.86153   88  919          - 3444.15970      -  23.5 1891s
 11543  9628 3508.74393   92  894          - 3444.15970      -  23.5 1897s
 11563  9721 3512.75911   94  934          - 3444.15970      -  23.5 1903s
 11656  9800 3518.77627  100  720          - 3444.15970      -  23.4 1909s
 11751  9894 3521.66388  107  751          - 3444.15970      -  23.4 1915s
 11841  9962 3534.88853  116  703          - 3444.15970      -  23.4 1922s
 11907  9966 3539.70631  120  763          - 3444.15970      -  23.4 1931s
 11911 10040 3539.57225  120  664          - 3444.15970      -  23.4 1937s
 12001 10052 3547.50554  128  659          - 3444.15970      -  23.3 1942s
 12005 10118 3549.45038  129  658          - 3444.15970      -  23.3 1948s
 12093 10203 3555.21532  138  546          - 3444.15970      -  23.3 1954s
 12185 10281 3563.68769  153  352          - 3444.15970      -  23.3 1959s
 12278 10373 3569.91521  158  350          - 3444.15970      -  23.2 1965s
 12374 10446 3569.14065  169  305          - 3444.15970      -  23.2 1971s
 12467 10509 3574.84889  179  236          - 3444.15970      -  23.1 1977s
 12550 10590 3580.80760  189  290          - 3444.15970      -  23.2 1984s
 12638 10606 3582.78095  196  226          - 3444.15970      -  23.2 1990s
 12642 10685 3584.87133  197  231          - 3444.15970      -  23.2 1996s
 12721 10778 3585.79793  205  215          - 3444.15970      -  23.2 2002s
 12814 10873 3588.58199  215  186          - 3444.15970      -  23.2 2008s
 12909 10962 3591.59964  221  151          - 3444.15970      -  23.2 2014s
 12998 10982 3593.94267  226  174          - 3444.15970      -  23.1 2019s
 13008 10982 3536.17721  127  522          - 3444.15970      -  23.1 2020s
 13018 11071 3594.24680  227  156          - 3444.15970      -  23.1 2026s
 13107 11167 3597.89984  235   83          - 3444.15970      -  23.1 2031s
 13203 11202 3602.39291  241   28          - 3444.15970      -  23.1 2038s
 13266 11303 3607.96703  247   51          - 3444.38404      -  23.1 2044s
 13355 11400 3612.42752  256   81          - 3444.38404      -  23.1 2049s
 13451 11495 3618.64127  267   60          - 3444.38404      -  23.1 2054s
 13546 11561 3616.65811  278   62          - 3444.38404      -  23.0 2059s
 13638 11578 3628.40892  283   46          - 3444.38404      -  23.0 2065s
 13642 11648 3621.97249  284   84          - 3444.38404      -  23.0 2071s
 13734 11735 3629.76646  294   34          - 3444.38404      -  23.0 2077s
 13830 11813 3634.88928  297    -          - 3444.38404      -  22.9 2082s
 13926 11885 3640.88574  303   16          - 3444.38404      -  22.8 2088s
 14018 11956 3649.25094  307   46          - 3444.38404      -  22.8 2093s
 14112 12046 3653.37355  313   60          - 3444.38404      -  22.8 2099s
 14208 12135 3660.28885  317    9          - 3444.38404      -  22.7 2105s
 14304 12212 3663.31554  319    -          - 3444.38404      -  22.7 2110s
 14399 12312 3670.26570  326  133          - 3444.38404      -  22.7 2116s
 14495 12321 3673.68944  336  148          - 3444.38404      -  22.6 2126s
 14499 12329 3678.51792  339   36          - 3444.38404      -  22.6 2132s
 14525 12416 3678.86107  337   14          - 3444.38404      -  22.7 2138s
 14619 12496 3685.77857  346    -          - 3444.38404      -  22.6 2144s
 14711 12567 3692.98877  351   13          - 3444.38404      -  22.6 2149s
 14796 12646 3698.05961  355   15          - 3444.38404      -  22.5 2154s
 14883 12717 3708.45753  360   55          - 3444.38404      -  22.5 2159s
 14972 12777 3718.91384  365    -          - 3444.38404      -  22.5 2164s
 15068 12806 3715.07615  369   18          - 3444.38404      -  22.4 2170s
 15072 12864 3716.98019  367   49          - 3444.38404      -  22.4 2176s
 15166 12967 3716.84531  372   49          - 3444.38404      -  22.4 2182s
 15257 13032 3720.48631  378   25          - 3444.38404      -  22.4 2187s
 15347 13092 3725.74854  383   83          - 3444.38404      -  22.3 2192s
 15435 13189 3738.57698  387   97          - 3444.38404      -  22.3 2197s
 15531 13265 3742.20683  389   96          - 3444.38404      -  22.4 2202s
 15623 13345 3746.26421  393   68          - 3444.38404      -  22.4 2207s
 15708 13378 3746.34417  399   62          - 3444.38404      -  22.3 2213s
 15752 13392 3747.73885  402   30          - 3444.38404      -  22.3 2218s
 15756 13396 3748.16230  402   28          - 3444.38404      -  22.3 2224s
 15760 13456 3748.18925  403   39          - 3444.38404      -  22.3 2229s
 15856 13542 3751.81944  407  113          - 3444.38404      -  22.3 2234s
 15952 13614 3757.47313  410   44          - 3444.38404      -  22.3 2239s
 16048 13693 3762.36133  412   33          - 3444.38404      -  22.2 2244s
 16144 13783 3770.69122  416    7          - 3444.38404      -  22.2 2249s
 16240 13847 3774.53739  422   48          - 3444.38404      -  22.2 2255s
 16336 13938 3777.39002  425  110          - 3444.38404      -  22.1 2261s
 16429 14018 3779.99153  432    -          - 3444.47208      -  22.1 2267s
 16521 14109 3784.18407  437   85          - 3444.47208      -  22.1 2272s
 16612 14183 3789.89898  442   22          - 3444.47208      -  22.1 2277s
 16696 14195 3792.79638  453  128          - 3444.47208      -  22.0 2284s
 16700 14252 3793.83298  449  118          - 3444.47208      -  22.0 2289s
 16785 14318 3795.87468  454  115          - 3444.47208      -  22.0 2295s
 16881 14408 3806.76959  458   47          - 3444.47208      -  22.0 2300s
 16951 14453 3809.97877  465   19          - 3444.47208      -  22.0 2305s
 17023 14542 3817.92127  467  104          - 3444.47208      -  22.0 2310s
 17098 14611 3817.01940  472  100          - 3444.47208      -  22.0 2315s
 17187 14692 3835.81481  483   50          - 3444.47208      -  22.0 2320s
 17270 14745 3827.58420  491  107          - 3444.47208      -  22.0 2325s
 17433 14871 3834.42538  514   64          - 3444.47208      -  21.9 2334s
 17467 14896 3838.04742  530   92          - 3444.47208      -  21.9 2344s
 17494 14902 3844.40508  546  104          - 3444.47208      -  21.9 2350s
 17498 14967 3844.65077  547   87          - 3444.47208      -  21.9 2356s
 17565 15056 3846.96186  570   99          - 3444.47208      -  21.9 2362s
 17653 15134 3851.88324  587   88          - 3444.47208      -  21.8 2367s
 17739 15206 3854.48844  594   31          - 3444.47208      -  21.8 2372s
 17829 15299 3859.20645  599   37          - 3444.47208      -  21.8 2380s
 17920 15360 3858.48174  602    -          - 3444.47208      -  21.8 2386s
 17987 15410 3863.04093  603   33          - 3444.47208      -  21.8 2392s
 18060 15490 3862.82310  601   41          - 3444.47208      -  21.9 2397s
 18136 15573 3872.48251  606   15          - 3444.47208      -  21.9 2402s
 18226 15658 3878.04400  608   36          - 3444.47208      -  21.9 2407s
 18317 15668 3880.24620  609   26          - 3444.47208      -  21.9 2414s
 18321 15695 3883.44353  607   26          - 3444.47208      -  21.9 2419s
 18348 15755 3879.95035  608   17          - 3444.47208      -  21.9 2425s
 18372 15769 3611.66575  198  207          - 3444.47208      -  21.9 2425s
 18444 15853 3886.89516  611   32          - 3444.47208      -  21.8 2430s
 18540 15939 3888.41973  619   52          - 3444.47208      -  21.8 2435s
 18723 16054 3907.18463  637   73          - 3444.47208      -  21.8 2444s
 18819 16139 3550.10585   96 1419          - 3444.47208      -  21.8 2449s
 18895 16238 3551.40795   99 1286          - 3444.47208      -  21.7 2455s
*18962 14209             253    3644.1717369 3444.47208  5.48%  21.7 2455s
 18990 14279 3565.23883  108 1145 3644.17174 3444.47208  5.48%  21.7 2460s
 19073 14345 3577.16486  116 1051 3644.17174 3444.47208  5.48%  21.8 2466s
 19169 14424 3590.30010  127 1025 3644.17174 3444.47208  5.48%  21.7 2471s
 19255 14429 3526.39109  102 1109 3644.17174 3445.20977  5.46%  21.8 2620s
H19256 13708                    3640.7598947 3471.89951  4.64%  21.8 2624s
 19257 13708 3550.60448  133  803 3640.75989 3471.89951  4.64%  21.8 2625s
H19257 13023                    3636.3437101 3500.63803  3.73%  21.8 2628s
 19258 13024 3527.91325  118 1167 3636.34371 3500.63803  3.73%  21.8 2634s
 19260 13025 3567.33372  194 1311 3636.34371 3507.28736  3.55%  21.8 2635s
H19262 12375                    3627.6192704 3513.46245  3.15%  21.8 2640s
H19262 11756                    3626.0588172 3513.46245  3.11%  21.8 2640s
H19262 11168                    3624.8225075 3513.46245  3.07%  21.8 2640s
H19268 10614                    3616.7924373 3515.23639  2.81%  22.1 2647s
H19269 10083                    3616.3122032 3515.23639  2.79%  22.1 2651s
H19269  9579                    3608.2676099 3515.23639  2.58%  22.1 2657s
H19269  9100                    3601.9478658 3515.23639  2.41%  22.1 2657s
H19269  8645                    3601.1274625 3515.23639  2.39%  22.1 2658s
H19269  8212                    3597.6931242 3515.23639  2.29%  22.1 2658s
H19269  7802                    3592.4131061 3515.23639  2.15%  22.1 2658s
H19269  7412                    3590.2641033 3515.23639  2.09%  22.1 2661s
H19269  7041                    3587.2290766 3515.23639  2.01%  22.1 2667s
H19269  6689                    3586.5973415 3515.23639  1.99%  22.1 2669s
H19269  6354                    3586.2115358 3515.23639  1.98%  22.1 2670s
H19269  6037                    3565.7100980 3515.23639  1.42%  22.1 2670s
 19279  6045 3522.30101  107  783 3565.71010 3522.30101  1.22%  22.4 2675s
H19282  5744                    3564.9671301 3527.76113  1.04%  22.4 2679s
H19282  5457                    3564.7345509 3527.76113  1.04%  22.4 2679s
 19285  5459 3559.00035  160  701 3564.73455 3528.13167  1.03%  22.4 2680s
 19293  5466 3548.49213  159  737 3564.73455 3531.45982  0.93%  22.8 2685s
 19306  5476 3539.19780  121  905 3564.73455 3539.19780  0.72%  23.3 2690s
 19315  5482 3544.38326  142 1293 3564.73455 3544.38326  0.57%  23.2 2695s
H19323  5214                    3562.5781644 3545.59468  0.48%  23.8 2698s
 19328  5218 3562.57816  241 1836 3562.57816 3545.65574  0.48%  23.8 2700s
 19343  5229 3562.57816  249 1102 3562.57816 3548.08203  0.41%  24.4 2705s
 19357  5238 3550.60448  133 1714 3562.57816 3550.00811  0.35%  24.4 2710s
 19366  5245 3550.01378  139  875 3562.57816 3550.01378  0.35%  25.1 2715s
 19379  5254 3550.66036  107 1910 3562.57816 3550.66036  0.33%  25.1 2720s
 19386  5259 3562.57816  239 1636 3562.57816 3550.76617  0.33%  25.1 2725s
 19520  5344 3561.25519  188  700 3562.57816 3551.36621  0.31%  27.5 2730s
 19811  5415     cutoff  194      3562.57816 3551.47085  0.31%  29.5 2735s
 20152  5507 3561.51928  193  428 3562.57816 3552.01584  0.30%  31.4 2740s
 20526  5611 3558.16506  179 1225 3562.57816 3552.27864  0.29%  33.6 2745s
 20758  5655 3553.71567  173 1940 3562.57816 3552.75495  0.28%  35.2 2750s
 21061  5684 3561.33362  177 1086 3562.57816 3552.93062  0.27%  37.8 2755s
 21342  5729     cutoff  177      3562.57816 3553.03992  0.27%  40.1 2760s
 21790  5739     cutoff  199      3562.57816 3553.35232  0.26%  42.5 2766s
 22103  5811 3556.18181  173 1966 3562.57816 3553.70801  0.25%  44.7 2771s
 22487  5840     cutoff  176      3562.57816 3553.90296  0.24%  47.2 2776s
 22811  5906 3557.88994  181 1689 3562.57816 3554.04974  0.24%  49.4 2780s
 23581  5967 3561.10673  186 1747 3562.57816 3554.57261  0.22%  52.3 2786s
 24152  5955 3556.72035  175 1814 3562.57816 3554.77852  0.22%  54.7 2791s
 24701  5935     cutoff  199      3562.57816 3555.01635  0.21%  57.3 2796s
 25304  5888 3560.77757  192  986 3562.57816 3555.20729  0.21%  59.7 2801s
 25926  5832     cutoff  179      3562.57816 3555.48864  0.20%  62.1 2808s
 26218  5817 3560.62847  181 1365 3562.57816 3555.65633  0.19%  63.4 2811s
 26913  5816 3558.20696  174 1912 3562.57816 3555.87186  0.19%  66.2 2818s
 27342  5753 3562.39460  183 1668 3562.57816 3555.95776  0.19%  67.4 2821s
 27823  5693 3560.99859  176 1872 3562.57816 3556.14873  0.18%  69.2 2825s
 28784  5671 3556.93705  186  567 3562.57816 3556.39751  0.17%  72.4 2833s
 29600  5494 3558.45588  187  815 3562.57816 3556.60857  0.17%  73.6 2837s
 30120  5454 3561.00603  176 1799 3562.57816 3556.71804  0.16%  75.3 2841s
 30772  5360 3561.92399  174  786 3562.57816 3556.87553  0.16%  76.8 2845s
 31790  5207 3561.50615  183  793 3562.57816 3557.13082  0.15%  79.2 2852s
 32347  5046 3560.82660  182  717 3562.57816 3557.25240  0.15%  80.5 2857s
 32483  5128 3561.22083  181  791 3562.57816 3557.32832  0.15%  80.8 2861s
 32959  5122 3558.19912  181 1836 3562.57816 3557.44376  0.14%  81.4 2865s
 34228  4847     cutoff  186      3562.57816 3557.71931  0.14%  83.6 2873s
 34817  4740 3562.27464  178  402 3562.57816 3557.81738  0.13%  84.8 2876s
 35361  4737     cutoff  181      3562.57816 3557.93882  0.13%  85.7 2880s
 36552  4883     cutoff  187      3562.57816 3558.12614  0.12%  87.3 2887s
 37162  4875 3562.03113  193  838 3562.57816 3558.24483  0.12%  88.3 2891s
 38195  4972 3561.71195  210  360 3562.57816 3558.47786  0.12%  90.1 2898s
 38787  4995 3562.14416  188  677 3562.57816 3558.55438  0.11%  90.8 2901s
 39139  5029     cutoff  193      3562.57816 3558.59210  0.11%  91.7 2905s
 40343  5055     cutoff  196      3562.57816 3558.76257  0.11%  92.9 2912s
 40864  5097 infeasible  201      3562.57816 3558.83879  0.10%  93.4 2916s
 42118  5141 3560.03563  188  384 3562.57816 3558.99768  0.10%  94.2 2923s
 42763  5173     cutoff  188      3562.57816 3559.07244  0.10%  94.8 2926s
 43323  5266 infeasible  180      3562.57816 3559.18245  0.10%  94.9 2930s
H44594  5261                    3562.5763014 3559.27319  0.09%  95.3 2933s
 44710  5264 3561.90698  179  697 3562.57630 3559.35475  0.09%  95.5 2937s
H45071  5264                    3562.5705229 3559.40938  0.09%  95.7 2937s
 45195  5288 3562.22007  197  147 3562.57052 3559.40938  0.09%  95.8 2940s
 46224  5291     cutoff  174      3562.57052 3559.55467  0.08%  96.1 2945s
 46336  5294 infeasible  189      3562.57052 3559.56415  0.08%  96.1 2950s
 47347  5315 3561.46970  200  266 3562.57052 3559.68817  0.08%  96.4 2956s
 48361  5311 3562.09312  184  361 3562.57052 3559.82680  0.08%  96.7 2960s
 49500  5329 3560.39953  202  202 3562.57052 3559.95977  0.07%  97.1 2966s
 49869  5258     cutoff  181      3562.57052 3559.99308  0.07%  97.1 2970s
 51350  5286     cutoff  187      3562.57052 3560.14100  0.07%  97.3 2976s
 52625  5296 3561.86665  189  540 3562.57052 3560.26391  0.06%  97.0 2982s
 53809  5266 infeasible  199      3562.57052 3560.38743  0.06%  96.9 2986s
 54641  5184 3561.36331  194  527 3562.57052 3560.44901  0.06%  96.9 2990s
 55996  5048 3562.04554  177  266 3562.57052 3560.56764  0.06%  96.8 2995s
 57336  4915 3562.02091  195  661 3562.57052 3560.67013  0.05%  96.5 3000s
 58742  4827     cutoff  197      3562.57052 3560.78754  0.05%  96.1 3006s
 60157  4602     cutoff  188      3562.57052 3560.89369  0.05%  95.7 3011s
 61552  4403     cutoff  200      3562.57052 3560.98609  0.04%  95.3 3016s
 62879  4158 3562.00277  202   81 3562.57052 3561.07155  0.04%  94.9 3021s
H63653  4015                    3562.5705224 3561.10094  0.04%  94.6 3022s
 64221  3793 3561.30765  199   86 3562.57052 3561.19914  0.04%  94.4 3026s
 65630  3348 3561.79066  202  396 3562.57052 3561.32080  0.04%  93.8 3031s
 67149  2805 3561.93177  184  435 3562.57052 3561.45565  0.03%  93.1 3036s
 68634  2084     cutoff  183      3562.57052 3561.61666  0.03%  92.4 3040s
 70304  1128     cutoff  199      3562.57052 3561.81959  0.02%  91.5 3045s

Cutting planes:
  Gomory: 160
  Cover: 80
  Clique: 141
  MIR: 1
  Flow cover: 24
  Inf proof: 15
  Zero half: 159
  Relax-and-lift: 2
  Lazy constraints: 4

Explored 72103 nodes (6521946 simplex iterations) in 3048.60 seconds (5684.27 work units)
Thread count was 4 (of 32 available processors)

Solution count 10: 3562.57 3562.57 3562.58 ... 3587.23

Optimal solution found (tolerance 1.00e-04)
Best objective 3.562570522380e+03, best bound 3.562228812171e+03, gap 0.0096%

User-callback calls 531138, time in user-callback 1.96 sec
Initial no-port objective: 3562.571
Initial no-port TSP wall time: 3049 s
Initial no-port TSP stats: status=2 solcount=10 grb_runtime=3048.60 s (timelimit=none)
Initial station order (no ports): 501 500 502 503 504 488 487 486 485 461 462 484 463 483 482 489 490 491 492 493 477 480 481 479 474 473 475 478 476 115 116 117 118 119 120 121 122 472 471 470 469 468 467 466 465 464 460 459 458 457 456 455 454 453 452 451 450 449 448 447 446 445 439 440 441 442 443 444 505 506 507 508 509 510 511 514 513 512 435 436 437 438 434 433 432 431 430 429 428 427 515 516 517 518 519 520 521 522 523 526 525 524 580 579 578 575 577 527 528 529 530 531 532 533 576 574 573 571 570 569 572 534 535 536 537 538 539 544 545 546 547 548 549 541 540 543 542 568 567 566 565 564 563 562 554 553 550 551 552 285 284 555 558 560 561 559 557 556 282 283 287 286 290 291 292 293 294 295 296 297 306 305 298 299 300 301 302 304 303 307 308 309 311 310 289 288 312 313 314 315 316 317 318 319 320 340 343 342 341 281 280 279 278 277 276 346 345 344 334 333 347 363 348 332 331 330 329 328 336 335 337 338 339 321 322 323 324 325 327 326 349 350 351 352 353 354 355 356 357 358 359 360 361 362 364 365 366 367 368 426 369 370 371 372 373 374 375 376 377 378 379 380 381 425 417 424 422 423 421 420 419 418 416 415 413 412 411 410 409 408 407 406 405 404 414 382 383 384 403 402 385 386 387 388 389 390 391 62 61 60 58 59 57 64 65 63 392 393 394 395 401 400 399 398 397 396 47 46 45 44 43 42 41 40 39 48 49 50 38 37 51 52 53 54 55 56 66 67 68 69 70 77 76 71 74 73 72 75 78 79 27 29 30 33 34 35 36 32 31 28 26 93 92 94 91 80 81 82 83 84 85 86 87 88 89 90 95 96 2 1 3 4 25 24 23 22 21 20 19 18 17 16 15 14 13 12 11 10 5 6 7 8 9 143 142 144 145 146 147 148 149 150 158 157 156 155 173 172 167 163 159 160 161 162 164 166 165 168 169 170 171 177 176 175 174 154 153 152 151 139 140 141 138 137 136 135 179 228 229 180 181 132 133 134 230 232 233 234 235 231 227 178 226 182 183 184 185 186 187 188 189 190 223 224 225 222 221 236 97 98 99 100 246 247 245 248 249 251 250 244 243 242 241 240 239 238 237 215 214 213 217 216 220 219 191 218 192 193 194 195 196 197 212 211 210 209 208 207 206 205 201 200 198 199 202 203 204 131 130 129 257 256 255 254 252 253 260 261 262 263 259 258 128 127 126 125 124 123 266 267 265 264 268 269 270 110 273 272 271 109 108 101 102 103 104 105 106 107 274 111 275 114 494 113 112 495 496 497 498 499
Init segments min: 12 (total=528065.0, ship_cap=45000.0)
Insert port before STAT-469: PORT-588("Ólafsvík") load=44394 dist=93.356
Insert port before STAT-460: PORT-584("Hafnarfjörður") load=28261 dist=77.448
Insert port before STAT-450: PORT-584("Hafnarfjörður") load=44991 dist=64.834
Insert port before STAT-515: PORT-593("Vestmannaeyjar") load=44676 dist=13.094
Insert port before STAT-578: PORT-593("Vestmannaeyjar") load=36579 dist=100067.894
Insert port before STAT-285: PORT-591("Seyðisfjörður") load=44719 dist=70.698
Insert port before STAT-419: PORT-582("Akureyri") load=44241 dist=100080.221
Insert port before STAT-40: PORT-581("Siglufjörður") load=44993 dist=46.812
Insert port before STAT-150: PORT-583("Ísafjörður") load=44749 dist=63.795
Insert port before STAT-225: PORT-583("Ísafjörður") load=44747 dist=47.295
Insert port before STAT-131: PORT-588("Ólafsvík") load=42140 dist=95.396
Insert port before STAT-108: PORT-588("Ólafsvík") load=44937 dist=20.540
Init segments built: 13 (min=12)
Init note: extra segments added to respect ship capacity.
Visit order (592): STAT-501 STAT-500 STAT-502 STAT-503 STAT-504 STAT-488 STAT-487 STAT-486 STAT-485 STAT-461 STAT-462 STAT-484 STAT-463 STAT-483 STAT-482 STAT-489 STAT-490 STAT-491 STAT-492 STAT-493 STAT-477 STAT-480 STAT-481 STAT-479 STAT-474 STAT-473 STAT-475 STAT-478 STAT-476 STAT-115 STAT-116 STAT-117 STAT-118 STAT-119 STAT-120 STAT-121 STAT-122 STAT-472 STAT-471 STAT-470 PORT-588("Ólafsvík") STAT-469 STAT-468 STAT-467 STAT-466 STAT-465 STAT-464 PORT-584("Hafnarfjörður") STAT-460 STAT-459 STAT-458 STAT-457 STAT-456 STAT-455 STAT-454 STAT-453 STAT-452 STAT-451 PORT-584("Hafnarfjörður") STAT-450 STAT-449 STAT-448 STAT-447 STAT-446 STAT-445 STAT-439 STAT-440 STAT-441 STAT-442 STAT-443 STAT-444 STAT-505 STAT-506 STAT-507 STAT-508 STAT-509 STAT-510 STAT-511 STAT-514 STAT-513 STAT-512 STAT-435 STAT-436 STAT-437 STAT-438 STAT-434 STAT-433 STAT-432 STAT-431 STAT-430 STAT-429 STAT-428 STAT-427 PORT-593("Vestmannaeyjar") STAT-515 STAT-516 STAT-517 STAT-518 STAT-519 STAT-520 STAT-521 STAT-522 STAT-523 STAT-526 STAT-525 STAT-524 STAT-580 STAT-579 PORT-593("Vestmannaeyjar") STAT-578 STAT-575 STAT-577 STAT-527 STAT-528 STAT-529 STAT-530 STAT-531 STAT-532 STAT-533 STAT-576 STAT-574 STAT-573 STAT-571 STAT-570 STAT-569 STAT-572 STAT-534 STAT-535 STAT-536 STAT-537 STAT-538 STAT-539 STAT-544 STAT-545 STAT-546 STAT-547 STAT-548 STAT-549 STAT-541 STAT-540 STAT-543 STAT-542 STAT-568 STAT-567 STAT-566 STAT-565 STAT-564 STAT-563 STAT-562 STAT-554 STAT-553 STAT-550 STAT-551 STAT-552 PORT-591("Seyðisfjörður") STAT-285 STAT-284 STAT-555 STAT-558 STAT-560 STAT-561 STAT-559 STAT-557 STAT-556 STAT-282 STAT-283 STAT-287 STAT-286 STAT-290 STAT-291 STAT-292 STAT-293 STAT-294 STAT-295 STAT-296 STAT-297 STAT-306 STAT-305 STAT-298 STAT-299 STAT-300 STAT-301 STAT-302 STAT-304 STAT-303 STAT-307 STAT-308 STAT-309 STAT-311 STAT-310 STAT-289 STAT-288 STAT-312 STAT-313 STAT-314 STAT-315 STAT-316 STAT-317 STAT-318 STAT-319 STAT-320 STAT-340 STAT-343 STAT-342 STAT-341 STAT-281 STAT-280 STAT-279 STAT-278 STAT-277 STAT-276 STAT-346 STAT-345 STAT-344 STAT-334 STAT-333 STAT-347 STAT-363 STAT-348 STAT-332 STAT-331 STAT-330 STAT-329 STAT-328 STAT-336 STAT-335 STAT-337 STAT-338 STAT-339 STAT-321 STAT-322 STAT-323 STAT-324 STAT-325 STAT-327 STAT-326 STAT-349 STAT-350 STAT-351 STAT-352 STAT-353 STAT-354 STAT-355 STAT-356 STAT-357 STAT-358 STAT-359 STAT-360 STAT-361 STAT-362 STAT-364 STAT-365 STAT-366 STAT-367 STAT-368 STAT-426 STAT-369 STAT-370 STAT-371 STAT-372 STAT-373 STAT-374 STAT-375 STAT-376 STAT-377 STAT-378 STAT-379 STAT-380 STAT-381 STAT-425 STAT-417 STAT-424 STAT-422 STAT-423 STAT-421 STAT-420 PORT-582("Akureyri") STAT-419 STAT-418 STAT-416 STAT-415 STAT-413 STAT-412 STAT-411 STAT-410 STAT-409 STAT-408 STAT-407 STAT-406 STAT-405 STAT-404 STAT-414 STAT-382 STAT-383 STAT-384 STAT-403 STAT-402 STAT-385 STAT-386 STAT-387 STAT-388 STAT-389 STAT-390 STAT-391 STAT-62 STAT-61 STAT-60 STAT-58 STAT-59 STAT-57 STAT-64 STAT-65 STAT-63 STAT-392 STAT-393 STAT-394 STAT-395 STAT-401 STAT-400 STAT-399 STAT-398 STAT-397 STAT-396 STAT-47 STAT-46 STAT-45 STAT-44 STAT-43 STAT-42 STAT-41 PORT-581("Siglufjörður") STAT-40 STAT-39 STAT-48 STAT-49 STAT-50 STAT-38 STAT-37 STAT-51 STAT-52 STAT-53 STAT-54 STAT-55 STAT-56 STAT-66 STAT-67 STAT-68 STAT-69 STAT-70 STAT-77 STAT-76 STAT-71 STAT-74 STAT-73 STAT-72 STAT-75 STAT-78 STAT-79 STAT-27 STAT-29 STAT-30 STAT-33 STAT-34 STAT-35 STAT-36 STAT-32 STAT-31 STAT-28 STAT-26 STAT-93 STAT-92 STAT-94 STAT-91 STAT-80 STAT-81 STAT-82 STAT-83 STAT-84 STAT-85 STAT-86 STAT-87 STAT-88 STAT-89 STAT-90 STAT-95 STAT-96 STAT-2 STAT-1 STAT-3 STAT-4 STAT-25 STAT-24 STAT-23 STAT-22 STAT-21 STAT-20 STAT-19 STAT-18 STAT-17 STAT-16 STAT-15 STAT-14 STAT-13 STAT-12 STAT-11 STAT-10 STAT-5 STAT-6 STAT-7 STAT-8 STAT-9 STAT-143 STAT-142 STAT-144 STAT-145 STAT-146 STAT-147 STAT-148 STAT-149 PORT-583("Ísafjörður") STAT-150 STAT-158 STAT-157 STAT-156 STAT-155 STAT-173 STAT-172 STAT-167 STAT-163 STAT-159 STAT-160 STAT-161 STAT-162 STAT-164 STAT-166 STAT-165 STAT-168 STAT-169 STAT-170 STAT-171 STAT-177 STAT-176 STAT-175 STAT-174 STAT-154 STAT-153 STAT-152 STAT-151 STAT-139 STAT-140 STAT-141 STAT-138 STAT-137 STAT-136 STAT-135 STAT-179 STAT-228 STAT-229 STAT-180 STAT-181 STAT-132 STAT-133 STAT-134 STAT-230 STAT-232 STAT-233 STAT-234 STAT-235 STAT-231 STAT-227 STAT-178 STAT-226 STAT-182 STAT-183 STAT-184 STAT-185 STAT-186 STAT-187 STAT-188 STAT-189 STAT-190 STAT-223 STAT-224 PORT-583("Ísafjörður") STAT-225 STAT-222 STAT-221 STAT-236 STAT-97 STAT-98 STAT-99 STAT-100 STAT-246 STAT-247 STAT-245 STAT-248 STAT-249 STAT-251 STAT-250 STAT-244 STAT-243 STAT-242 STAT-241 STAT-240 STAT-239 STAT-238 STAT-237 STAT-215 STAT-214 STAT-213 STAT-217 STAT-216 STAT-220 STAT-219 STAT-191 STAT-218 STAT-192 STAT-193 STAT-194 STAT-195 STAT-196 STAT-197 STAT-212 STAT-211 STAT-210 STAT-209 STAT-208 STAT-207 STAT-206 STAT-205 STAT-201 STAT-200 STAT-198 STAT-199 STAT-202 STAT-203 STAT-204 PORT-588("Ólafsvík") STAT-131 STAT-130 STAT-129 STAT-257 STAT-256 STAT-255 STAT-254 STAT-252 STAT-253 STAT-260 STAT-261 STAT-262 STAT-263 STAT-259 STAT-258 STAT-128 STAT-127 STAT-126 STAT-125 STAT-124 STAT-123 STAT-266 STAT-267 STAT-265 STAT-264 STAT-268 STAT-269 STAT-270 STAT-110 STAT-273 STAT-272 STAT-271 STAT-109 PORT-588("Ólafsvík") STAT-108 STAT-101 STAT-102 STAT-103 STAT-104 STAT-105 STAT-106 STAT-107 STAT-274 STAT-111 STAT-275 STAT-114 STAT-494 STAT-113 STAT-112 STAT-495 STAT-496 STAT-497 STAT-498 STAT-499
Initial segment plan:
Segment plan:
  Segment 1 -> START
    stations: 501 500 502 503 504 488 487 486 485 461 462 484 463 483 482 489 490 491 492 493 477 480 481 479 474 473 475 478 476 115 116 117 118 119 120 121 122 472 471 470
    end: PORT-588("Ólafsvík")
  Segment 2 -> PORT-588
    stations: 469 468 467 466 465 464
    end: PORT-584("Hafnarfjörður")
  Segment 3 -> PORT-584
    stations: 460 459 458 457 456 455 454 453 452 451
    end: PORT-584("Hafnarfjörður")
  Segment 4 -> PORT-584
    stations: 450 449 448 447 446 445 439 440 441 442 443 444 505 506 507 508 509 510 511 514 513 512 435 436 437 438 434 433 432 431 430 429 428 427
    end: PORT-593("Vestmannaeyjar")
  Segment 5 -> PORT-593
    stations: 515 516 517 518 519 520 521 522 523 526 525 524 580 579
    end: PORT-593("Vestmannaeyjar")
  Segment 6 -> PORT-593
    stations: 578 575 577 527 528 529 530 531 532 533 576 574 573 571 570 569 572 534 535 536 537 538 539 544 545 546 547 548 549 541 540 543 542 568 567 566 565 564 563 562 554 553 550 551 552
    end: PORT-591("Seyðisfjörður")
  Segment 7 -> PORT-591
    stations: 285 284 555 558 560 561 559 557 556 282 283 287 286 290 291 292 293 294 295 296 297 306 305 298 299 300 301 302 304 303 307 308 309 311 310 289 288 312 313 314 315 316 317 318 319 320 340 343 342 341 281 280 279 278 277 276 346 345 344 334 333 347 363 348 332 331 330 329 328 336 335 337 338 339 321 322 323 324 325 327 326 349 350 351 352 353 354 355 356 357 358 359 360 361 362 364 365 366 367 368 426 369 370 371 372 373 374 375 376 377 378 379 380 381 425 417 424 422 423 421 420
    end: PORT-582("Akureyri")
  Segment 8 -> PORT-582
    stations: 419 418 416 415 413 412 411 410 409 408 407 406 405 404 414 382 383 384 403 402 385 386 387 388 389 390 391 62 61 60 58 59 57 64 65 63 392 393 394 395 401 400 399 398 397 396 47 46 45 44 43 42 41
    end: PORT-581("Siglufjörður")
  Segment 9 -> PORT-581
    stations: 40 39 48 49 50 38 37 51 52 53 54 55 56 66 67 68 69 70 77 76 71 74 73 72 75 78 79 27 29 30 33 34 35 36 32 31 28 26 93 92 94 91 80 81 82 83 84 85 86 87 88 89 90 95 96 2 1 3 4 25 24 23 22 21 20 19 18 17 16 15 14 13 12 11 10 5 6 7 8 9 143 142 144 145 146 147 148 149
    end: PORT-583("Ísafjörður")
  Segment 10 -> PORT-583
    stations: 150 158 157 156 155 173 172 167 163 159 160 161 162 164 166 165 168 169 170 171 177 176 175 174 154 153 152 151 139 140 141 138 137 136 135 179 228 229 180 181 132 133 134 230 232 233 234 235 231 227 178 226 182 183 184 185 186 187 188 189 190 223 224
    end: PORT-583("Ísafjörður")
  Segment 11 -> PORT-583
    stations: 225 222 221 236 97 98 99 100 246 247 245 248 249 251 250 244 243 242 241 240 239 238 237 215 214 213 217 216 220 219 191 218 192 193 194 195 196 197 212 211 210 209 208 207 206 205 201 200 198 199 202 203 204
    end: PORT-588("Ólafsvík")
  Segment 12 -> PORT-588
    stations: 131 130 129 257 256 255 254 252 253 260 261 262 263 259 258 128 127 126 125 124 123 266 267 265 264 268 269 270 110 273 272 271 109
    end: PORT-588("Ólafsvík")
  Segment 13 -> PORT-588
    stations: 108 101 102 103 104 105 106 107 274 111 275 114 494 113 112 495 496 497 498 499
    end: BOAT-END
Set parameter Username
Set parameter LicenseID to value 2738882
Academic license - for non-commercial use only - expires 2026-11-14
Segment 1 eval: start=BOAT-0 end=PORT-588 stations=40 (optimize)
  Segment 1 order: -501 500 502 503 -504 -488 -487 -486 -485 461 462 484 -463 -483 -482 -489 490 491 492 -493 477 -476 -115 116 117 -475 478 481 -480 -479 474 -473 471 -470 472 -122 -121 120 -119 -118
Segment 2 eval: start=PORT-588 end=PORT-584 stations=6 (optimize)
  Segment 2 order: -469 -468 -467 -466 -465 -464
Segment 3 eval: start=PORT-584 end=PORT-584 stations=10 (optimize)
  Segment 3 order: -460 -459 -458 -457 -456 -455 -454 -453 -452 -451
Segment 4 eval: start=PORT-584 end=PORT-593 stations=34 (optimize)
  Segment 4 order: -505 450 -449 -448 -447 -446 -445 439 -440 441 442 443 444 -506 507 508 509 510 511 514 -513 -512 435 436 437 438 434 -433 -432 -431 -430 -429 -428 -427
Segment 5 eval: start=PORT-593 end=PORT-593 stations=14 (optimize)
  Segment 5 order: 517 518 519 520 521 -580 -579 -525 -524 526 -523 -522 -516 -515
Segment 6 eval: start=PORT-593 end=PORT-591 stations=45 (optimize)
  Segment 6 order: -575 577 578 527 528 529 530 531 532 -533 -576 -574 -573 -571 -570 -569 572 534 535 -536 537 538 539 544 545 546 547 -548 -549 -541 -540 -543 542 -568 -567 -566 -565 -564 -563 -562 -554 553 550 551 552
Segment 7 eval: start=PORT-591 end=PORT-582 stations=121 (optimize)
  Segment 7 order: -346 276 277 278 279 280 281 557 -556 282 283 -284 555 558 559 -561 560 285 286 287 288 289 290 291 292 293 294 -295 296 297 306 -305 -298 299 300 301 302 304 -303 307 308 309 -310 311 312 -313 314 315 316 317 318 319 320 340 341 342 343 344 345 334 335 336 337 338 339 321 322 323 324 325 -327 328 330 -332 -331 -329 -326 349 350 351 352 353 -354 355 356 357 358 359 360 361 362 -348 333 347 363 -364 365 366 367 368 -425 -424 422 423 -421 420 -417 381 426 369 370 371 372 373 -374 375 376 377 378 379 380
Segment 8 eval: start=PORT-582 end=PORT-581 stations=53 (optimize)
  Segment 8 order: 57 59 -58 60 -64 65 -63 61 62 -386 -385 -384 -383 -382 414 419 -418 -416 415 413 -412 -411 410 -408 -409 404 407 -406 -405 -403 -402 387 388 389 390 391 392 393 394 395 401 400 -399 -398 -397 -396 -47 -46 -45 -44 -43 -42 -41
Segment 9 eval: start=PORT-581 end=PORT-583 stations=88 (optimize)
  Segment 9 order: 56 55 -54 -53 -52 -51 -50 -49 -48 -40 -39 -38 -37 66 67 68 69 70 77 -76 71 74 -73 -72 -75 -78 -79 27 29 30 -33 34 35 36 32 31 -28 -26 93 -92 94 91 80 81 82 83 84 85 -86 87 -88 89 -90 95 96 2 1 3 4 -25 -24 -23 -22 -21 20 -19 -18 -17 -16 -15 -14 -13 -12 -11 -10 -5 6 7 8 9 143 -142 -144 145 146 147 148 149
Segment 10 eval: start=PORT-583 end=PORT-583 stations=63 (optimize)
  Segment 10 order: -132 -181 -180 -229 -228 -179 -135 136 137 152 -151 139 -138 -141 -140 150 -158 157 153 154 155 156 -159 160 161 162 163 164 165 166 167 168 169 170 171 172 173 174 175 176 177 182 183 184 185 186 187 188 189 -190 223 224 226 178 227 -231 235 -234 -233 -232 -230 -134 -133
Segment 11 eval: start=PORT-583 end=PORT-588 stations=53 (optimize)
  Segment 11 order: -225 -222 -221 -220 -219 191 -218 192 193 194 195 196 197 198 203 204 -202 199 -200 201 205 206 207 208 209 210 211 212 213 -217 -216 214 215 -237 238 243 244 250 -251 249 -248 -245 247 -246 -242 241 -240 -239 -236 97 98 99 100
Segment 12 eval: start=PORT-588 end=PORT-588 stations=33 (optimize)
  Segment 12 order: 110 -270 -269 -268 264 265 267 266 123 124 125 -126 127 -263 -262 -261 -260 -259 258 128 129 130 131 -256 257 -255 -254 -252 -253 -271 272 273 -109
Segment 13 eval: start=PORT-588 end=BOAT-END stations=20 (optimize)
  Segment 13 order: -107 -106 -105 104 -103 -102 -101 108 274 111 275 -114 494 -113 -112 495 496 497 498 499
PROGRESS pass=0 changed=0 total=4762.172 best=4762.172 nseg=13 stall=0
Set parameter Username
Set parameter LicenseID to value 2738882
Academic license - for non-commercial use only - expires 2026-11-14
Capacity boundary sweep pass 1
Cap boundary debug: BOAT -> [501 500 502 503 504 488 487 486 485 461 462 484 463 483 482 489 490 491 492 493 477 480 481 479 474 473 475 478 476 115 116 117 118 119 120 121 122 472 471 470] -> PORT-588 -> [469 468 467 466 465 464] -> PORT-584 | load_left=44394 load_right=28261 cap=45000
Set parameter Username
Set parameter LicenseID to value 2738882
Academic license - for non-commercial use only - expires 2026-11-14
Set parameter TimeLimit to value 360
Set parameter Seed to value 1035237076
Set parameter Threads to value 4
Set parameter OutputFlag to value 1
Set parameter LogToConsole to value 1
Set parameter LazyConstraints to value 1
Gurobi Optimizer version 13.0.0 build v13.0.0rc1 (linux64 - "Debian GNU/Linux 13 (trixie)")

CPU model: AMD Ryzen 9 5950X 16-Core Processor, instruction set [SSE2|AVX|AVX2]
Thread count: 16 physical cores, 32 logical processors, using up to 4 threads

Non-default parameters:
TimeLimit  360
Seed  1035237076
Threads  4
LazyConstraints  1

Optimize a model with 10162 rows, 27648 columns and 55284 nonzeros (Min)
Model fingerprint: 0x2bb63f15
Model has 9024 linear objective coefficients
Variable types: 18432 continuous, 9216 integer (9216 binary)
Coefficient statistics:
  Matrix range     [1e+00, 4e+04]
  Objective range  [8e-01, 2e+02]
  Bounds range     [1e+00, 4e+04]
  RHS range        [1e+00, 1e+04]
Presolve removed 1046 rows and 9836 columns
Presolve time: 0.09s
Presolved: 9116 rows, 17812 columns, 53346 nonzeros
Variable types: 8740 continuous, 9072 integer (9072 binary)

Root relaxation: objective 4.107187e+02, 20977 iterations, 1.26 seconds (3.93 work units)

    Nodes    |    Current Node    |     Objective Bounds      |     Work
 Expl Unexpl |  Obj  Depth IntInf | Incumbent    BestBd   Gap | It/Node Time

     0     0  410.71873    0  162          -  410.71873      -     -    1s
H    0     0                     626.4307754  410.71873  34.4%     -    1s
H    0     0                     606.0193010  410.71873  32.2%     -    1s
H    0     0                     601.5527252  410.71873  31.7%     -    1s
H    0     0                     591.2449261  410.71873  30.5%     -    2s
H    0     0                     587.8211976  410.71873  30.1%     -    2s
H    0     0                     585.9966500  410.71873  29.9%     -    2s
H    0     0                     555.0745545  410.71873  26.0%     -    2s
H    0     0                     547.7514865  410.71873  25.0%     -    2s
H    0     0                     541.5606378  410.71873  24.2%     -    2s
     0     0  410.71873    0  162  541.56064  410.71873  24.2%     -    2s
     0     0  413.43605    0  182  541.56064  413.43605  23.7%     -    3s
H    0     0                     527.9526154  413.43605  21.7%     -    3s
     0     0  413.43605    0  182  527.95262  413.43605  21.7%     -    5s
H    0     0                     522.3429342  413.43605  20.8%     -    5s
H    0     0                     522.0415454  413.43605  20.8%     -    5s
H    0     0                     514.6984173  413.43605  19.7%     -    5s
H    0     0                     510.6182114  413.43605  19.0%     -    5s
H    0     0                     509.1360527  413.43605  18.8%     -    5s
H    0     0                     507.3571869  413.43605  18.5%     -    5s
H    0     0                     492.5459872  413.43605  16.1%     -    5s
H    0     0                     485.2617433  413.43605  14.8%     -    5s
     0     0  413.80227    0  192  485.26174  413.80227  14.7%     -    6s
     0     0  413.80229    0  194  485.26174  413.80229  14.7%     -    6s
     0     0  416.10773    0  198  485.26174  416.10773  14.3%     -    7s
     0     0  416.19995    0  196  485.26174  416.19995  14.2%     -    7s
     0     0  416.19995    0  205  485.26174  416.19995  14.2%     -    7s
     0     0  418.29437    0  213  485.26174  418.29437  13.8%     -    8s
     0     0  418.31456    0  214  485.26174  418.31456  13.8%     -    8s
     0     0  420.30574    0  223  485.26174  420.30574  13.4%     -    9s
     0     0  420.32533    0  222  485.26174  420.32533  13.4%     -    9s
     0     0  420.32533    0  224  485.26174  420.32533  13.4%     -    9s
     0     0  420.77780    0  230  485.26174  420.77780  13.3%     -    9s
     0     0  420.80865    0  233  485.26174  420.80865  13.3%     -    9s
     0     0  421.33184    0  235  485.26174  421.33184  13.2%     -   10s
     0     0  421.34343    0  227  485.26174  421.34343  13.2%     -   10s
     0     0  421.34350    0  226  485.26174  421.34350  13.2%     -   10s
     0     0  421.54590    0  205  485.26174  421.54590  13.1%     -   10s
     0     0  421.60275    0  207  485.26174  421.60275  13.1%     -   10s
     0     0  421.60275    0  214  485.26174  421.60275  13.1%     -   11s
     0     0  421.60275    0  215  485.26174  421.60275  13.1%     -   11s
     0     0  421.60275    0  208  485.26174  421.60275  13.1%     -   11s
     0     0  421.60275    0  208  485.26174  421.60275  13.1%     -   11s
     0     0  421.60275    0  208  485.26174  421.60275  13.1%     -   11s
     0     0  421.60275    0  197  485.26174  421.60275  13.1%     -   11s
     0     0  421.94312    0  152  485.26174  421.94312  13.0%     -   14s
     0     0  421.94312    0  198  485.26174  421.94312  13.0%     -   15s
     0     0  421.94312    0  211  485.26174  421.94312  13.0%     -   15s
     0     0  421.94312    0  201  485.26174  421.94312  13.0%     -   16s
     0     0  421.94312    0  205  485.26174  421.94312  13.0%     -   16s
     0     0  421.94312    0  207  485.26174  421.94312  13.0%     -   16s
     0     0  421.94312    0  202  485.26174  421.94312  13.0%     -   16s
     0     0  421.94312    0  228  485.26174  421.94312  13.0%     -   16s
     0     0  421.94312    0  227  485.26174  421.94312  13.0%     -   17s
     0     0  421.94312    0  223  485.26174  421.94312  13.0%     -   17s
     0     0  421.94312    0  226  485.26174  421.94312  13.0%     -   17s
     0     0  421.94312    0  226  485.26174  421.94312  13.0%     -   19s
     0     0  421.94312    0  225  485.26174  421.94312  13.0%     -   19s
     0     0  422.07943    0  229  485.26174  422.07943  13.0%     -   20s
     0     0  422.08587    0  232  485.26174  422.08587  13.0%     -   20s
     0     0  422.12482    0  239  485.26174  422.12482  13.0%     -   20s
     0     0  422.12487    0  237  485.26174  422.12487  13.0%     -   21s
     0     0  422.17165    0  227  485.26174  422.17165  13.0%     -   21s
     0     0  422.18144    0  234  485.26174  422.18144  13.0%     -   21s
     0     0  422.18144    0  227  485.26174  422.18144  13.0%     -   21s
     0     0  422.18144    0  229  485.26174  422.18144  13.0%     -   22s
     0     0  422.21251    0  228  485.26174  422.21251  13.0%     -   22s
     0     0  422.21251    0  231  485.26174  422.21251  13.0%     -   22s
     0     0  422.23224    0  231  485.26174  422.23224  13.0%     -   22s
     0     0  422.23224    0  225  485.26174  422.23224  13.0%     -   22s
     0     2  424.70316    0  224  485.26174  424.70316  12.5%     -   24s
     1     5  424.70316    1  224  485.26174  424.70316  12.5%   4.0   25s
    30    35  425.31454    6  156  485.26174  424.70316  12.5%  3323   30s
    61    67  429.22870   12  201  485.26174  424.70316  12.5%  2799   35s
H   81    87                     481.4551484  424.70316  11.8%  2526   37s
H   85    87                     480.4215764  424.70316  11.6%  2429   37s
H   89    92                     477.7555023  424.70316  11.1%  2403   38s
H  116   121                     476.8136040  424.70316  10.9%  2174   39s
   120   135  433.32929   23  140  476.81360  424.70316  10.9%  2200   40s
H  199   201                     472.5697824  424.70316  10.1%  1694   42s
H  322   328                     464.1771112  424.70316  8.50%  1285   45s
   664   668  426.76939    9  148  464.17711  424.70316  8.50%   839   50s
   987   928  451.70344  169  159  464.17711  424.70316  8.50%   670   55s
  1014   946  451.41528   75  229  464.17711  428.23033  7.74%   652   60s
  1046   968  445.54674   85  196  464.17711  432.91403  6.74%   632   65s
  1055   975  456.90490  102  189  464.17711  434.60075  6.37%   669   70s
  1066   982  434.60075   15  191  464.17711  434.60075  6.37%   662   76s
  1106  1014  434.94359   32  135  464.17711  434.94359  6.30%   710   80s
  1300  1110  449.46558   60   92  464.17711  435.13395  6.26%   721   85s
H 1353  1078                     464.1771009  435.13395  6.26%   726   86s
  1478  1115  436.68880   40  152  464.17710  435.47359  6.18%   736   90s
  1721  1211  445.14477   61  143  464.17710  435.86665  6.10%   740   95s
  2168  1300  457.24626   53  103  464.17710  436.44811  5.97%   696  100s
  2406  1416  454.35744   43  193  464.17710  437.09364  5.83%   680  105s
  2867  1507  452.59678   67  182  464.17710  437.58136  5.73%   656  110s
  3480  1658  450.55060   73  113  464.17710  438.18944  5.60%   630  116s
  3814  1793  449.20983   29  111  464.17710  438.58451  5.51%   630  120s
  4403  2059  457.06903   67   72  464.17710  439.45394  5.33%   612  125s
  5393  2722  459.19139   53  106  464.17710  440.49269  5.10%   576  131s
  6012  2908  444.67651   36  115  464.17710  441.15081  4.96%   556  135s
  6664  3250  460.82784   55  102  464.17710  441.65606  4.85%   545  141s
  7385  3661  450.03271   70   88  464.17710  442.19038  4.74%   533  145s
  8151  4029  458.60510   41  109  464.17710  442.59191  4.65%   517  150s
  9049  4362  452.90354   33  104  464.17710  443.10867  4.54%   505  155s
  9718  4663  445.17201   28  114  464.17710  443.52496  4.45%   499  160s
 10573  4981  459.40777   42  163  464.17710  444.17236  4.31%   494  167s
 11089  5110  450.80888   39   85  464.17710  444.53277  4.23%   492  170s
 12023  5514  448.87869   38  122  464.17710  445.28062  4.07%   490  176s
 13206  5940  458.85259   51   83  464.17710  445.81946  3.95%   482  183s
 13834  6209     cutoff   55       464.17710  446.28711  3.85%   476  186s
 14561  6294     cutoff   76       464.17710  446.53930  3.80%   469  190s
H14800  6294                     464.1770969  446.67721  3.77%   468  190s
 15257  6653  461.52976   44   86  464.17710  446.85530  3.73%   465  197s
 15984  6791  450.02952   41   98  464.17710  447.33726  3.63%   458  200s
 17213  7163  462.71403   60   98  464.17710  448.22163  3.44%   450  206s
 18275  7505  455.91007   32   77  464.17710  448.89265  3.29%   446  212s
 18939  7735     cutoff   57       464.17710  449.46066  3.17%   443  215s
 19959  8065  458.67115   36  157  464.17710  450.08166  3.04%   435  221s
 21271  8544  456.62174   32   81  464.17710  450.75154  2.89%   429  227s
 22052  8871  456.53286   72   56  464.17710  450.93411  2.85%   423  230s
 23772  9565  454.32855   37   92  464.17710  451.46033  2.74%   411  235s
 25500 10279  463.36438   39  114  464.17710  451.95800  2.63%   400  241s
 27201 10841  463.93293   39   99  464.17710  452.22150  2.58%   390  246s
 28676 11484  456.11244   41   99  464.17710  452.56883  2.50%   383  251s
 29712 11828  458.18849   37  132  464.17710  452.67830  2.48%   378  257s
 31172 12464 infeasible   43       464.17710  452.90901  2.43%   371  261s
 32705 13121  461.53771   59  110  464.17710  453.17284  2.37%   366  266s
 34379 13705  455.88739   39  149  464.17710  453.37537  2.33%   359  271s
 35970 14399  455.81889   63   33  464.17710  453.55416  2.29%   353  275s
 37691 15088  456.49911   39  109  464.17710  453.75412  2.25%   346  280s
 40286 15908  461.45078   37   63  464.17710  453.94480  2.20%   336  286s
 41920 16571  457.10409   57   89  464.17710  454.07651  2.18%   331  290s
 43536 17154  457.47869   41  111  464.17710  454.20148  2.15%   326  295s
 45850 17958  457.30544   40  151  464.17710  454.35389  2.12%   320  301s
 47451 18606  460.49841   49  102  464.17710  454.45426  2.09%   316  305s
 49838 19578     cutoff   56       464.17710  454.57374  2.07%   311  311s
 52236 20386  458.54539   56  137  464.17710  454.69930  2.04%   305  316s
 53790 21005  460.40863   53   74  464.17710  454.78341  2.02%   302  320s
 56064 21915  460.88125   50  143  464.17710  454.88512  2.00%   297  326s
 58315 22789  461.15224   30  170  464.17710  454.98302  1.98%   293  331s
 60044 23437  456.72118   36   80  464.17710  455.06503  1.96%   289  335s
 62410 24203  462.64261   62  124  464.17710  455.15093  1.94%   284  341s
 63216 24459  455.79911   39   95  464.17710  455.15607  1.94%   283  345s
 65086 25254  456.23063   35   94  464.17710  455.26087  1.92%   280  350s
 67347 26114  458.55012   40  142  464.17710  455.33892  1.90%   276  355s
 69514 26860  458.08688   56  151  464.17710  455.41854  1.89%   273  360s

Cutting planes:
  Gomory: 4
  Cover: 45
  Implied bound: 115
  Projected implied bound: 8
  Clique: 2
  MIR: 145
  Mixing: 1
  Flow cover: 306
  GUB cover: 1
  Inf proof: 40
  Zero half: 34
  RLT: 11
  Relax-and-lift: 27
  BQP: 2

Explored 70046 nodes (19134209 simplex iterations) in 360.00 seconds (1324.29 work units)
Thread count was 4 (of 32 available processors)

Solution count 10: 464.177 464.177 472.57 ... 507.357

Time limit reached
Best objective 4.641770969179e+02, best bound 4.554295371301e+02, gap 1.8845%

User-callback calls 191473, time in user-callback 0.01 sec
Cap boundary opt: PORT-588 stations=46 obj=464.177 real=464.177 baseline=565.737
Set parameter Username
Set parameter LicenseID to value 2738882
Academic license - for non-commercial use only - expires 2026-11-14
Segment 1 eval: start=BOAT-0 end=PORT-588 stations=21 (optimize)
  Segment 1 order: -501 502 490 491 492 -493 477 -480 -481 479 466 467 468 469 470 -471 472 -122 -121 120 -119
Segment 2 eval: start=PORT-588 end=PORT-584 stations=25 (optimize)
  Segment 2 order: 118 -117 -116 115 476 478 475 473 -474 -465 -464 -463 -483 -482 -462 484 461 485 486 -489 487 488 504 -503 -500
Segment 3 eval: start=PORT-584 end=PORT-584 stations=10 (optimize)
  Segment 3 order: -460 -459 -458 -457 -456 -455 -454 -453 -452 -451
Segment 4 eval: start=PORT-584 end=PORT-593 stations=34 (optimize)
  Segment 4 order: -505 450 -449 -448 -447 -446 -445 439 -440 441 442 443 444 -506 507 508 509 510 511 514 -513 -512 435 436 437 438 434 -433 -432 -431 -430 -429 -428 -427
Segment 5 eval: start=PORT-593 end=PORT-593 stations=14 (optimize)
  Segment 5 order: 517 518 519 520 521 -580 -579 -525 -524 526 -523 -522 -516 -515
Segment 6 eval: start=PORT-593 end=PORT-591 stations=45 (optimize)
  Segment 6 order: -575 577 578 527 528 529 530 531 532 -533 -576 -574 -573 -571 -570 -569 572 534 535 -536 537 538 539 544 545 546 547 -548 -549 -541 -540 -543 542 -568 -567 -566 -565 -564 -563 -562 -554 553 550 551 552
Segment 7 eval: start=PORT-591 end=PORT-582 stations=121 (optimize)
  Segment 7 order: -346 276 277 278 279 280 281 557 -556 282 283 -284 555 558 559 -561 560 285 286 287 288 289 290 291 292 293 294 -295 296 297 306 -305 -298 299 300 301 302 304 -303 307 308 309 -310 311 312 -313 314 315 316 317 318 319 320 340 341 342 343 344 345 334 335 336 337 338 339 321 322 323 324 325 -327 328 330 -332 -331 -329 -326 349 350 351 352 353 -354 355 356 357 358 359 360 361 362 -348 333 347 363 -364 365 366 367 368 -425 -424 422 423 -421 420 -417 381 426 369 370 371 372 373 -374 375 376 377 378 379 380
Segment 8 eval: start=PORT-582 end=PORT-581 stations=53 (optimize)
  Segment 8 order: 57 59 -58 60 -64 65 -63 61 62 -386 -385 -384 -383 -382 414 419 -418 -416 415 413 -412 -411 410 -408 -409 404 407 -406 -405 -403 -402 387 388 389 390 391 392 393 394 395 401 400 -399 -398 -397 -396 -47 -46 -45 -44 -43 -42 -41
Segment 9 eval: start=PORT-581 end=PORT-583 stations=88 (optimize)
  Segment 9 order: 56 55 -54 -53 -52 -51 -50 -49 -48 -40 -39 -38 -37 66 67 68 69 70 77 -76 71 74 -73 -72 -75 -78 -79 27 29 30 -33 34 35 36 32 31 -28 -26 93 -92 94 91 80 81 82 83 84 85 -86 87 -88 89 -90 95 96 2 1 3 4 -25 -24 -23 -22 -21 20 -19 -18 -17 -16 -15 -14 -13 -12 -11 -10 -5 6 7 8 9 143 -142 -144 145 146 147 148 149
Segment 10 eval: start=PORT-583 end=PORT-583 stations=63 (optimize)
  Segment 10 order: -132 -181 -180 -229 -228 -179 -135 136 137 152 -151 139 -138 -141 -140 150 -158 157 153 154 155 156 -159 160 161 162 163 164 165 166 167 168 169 170 171 172 173 174 175 176 177 182 183 184 185 186 187 188 189 -190 223 224 226 178 227 -231 235 -234 -233 -232 -230 -134 -133
Segment 11 eval: start=PORT-583 end=PORT-588 stations=53 (optimize)
  Segment 11 order: -225 -222 -221 -220 -219 191 -218 192 193 194 195 196 197 198 203 204 -202 199 -200 201 205 206 207 208 209 210 211 212 213 -217 -216 214 215 -237 238 243 244 250 -251 249 -248 -245 247 -246 -242 241 -240 -239 -236 97 98 99 100
Segment 12 eval: start=PORT-588 end=PORT-588 stations=33 (optimize)
  Segment 12 order: 110 -270 -269 -268 264 265 267 266 123 124 125 -126 127 -263 -262 -261 -260 -259 258 128 129 130 131 -256 257 -255 -254 -252 -253 -271 272 273 -109
Segment 13 eval: start=PORT-588 end=BOAT-END stations=20 (optimize)
  Segment 13 order: -107 -106 -105 104 -103 -102 -101 108 274 111 275 -114 494 -113 -112 495 496 497 498 499
Cap boundary debug: PORT-588 -> [118 117 116 115 476 478 475 473 474 465 464 463 483 482 462 484 461 485 486 489 487 488 504 503 500] -> PORT-584 -> [460 459 458 457 456 455 454 453 452 451] -> PORT-584 | load_left=29538 load_right=44991 cap=45000
Set parameter Username
Set parameter LicenseID to value 2738882
Academic license - for non-commercial use only - expires 2026-11-14
Set parameter TimeLimit to value 360
Set parameter Seed to value 8106058
Set parameter Threads to value 4
Set parameter OutputFlag to value 1
Set parameter LogToConsole to value 1
Set parameter LazyConstraints to value 1
Gurobi Optimizer version 13.0.0 build v13.0.0rc1 (linux64 - "Debian GNU/Linux 13 (trixie)")

CPU model: AMD Ryzen 9 5950X 16-Core Processor, instruction set [SSE2|AVX|AVX2]
Thread count: 16 physical cores, 32 logical processors, using up to 4 threads

Non-default parameters:
TimeLimit  360
Seed  8106058
Threads  4
LazyConstraints  1

Optimize a model with 6202 rows, 16428 columns and 32844 nonzeros (Min)
Model fingerprint: 0xabcef728
Model has 5324 linear objective coefficients
Variable types: 10952 continuous, 5476 integer (5476 binary)
Coefficient statistics:
  Matrix range     [1e+00, 4e+04]
  Objective range  [4e-01, 2e+02]
  Bounds range     [1e+00, 4e+04]
  RHS range        [1e+00, 2e+04]
Presolve removed 804 rows and 5953 columns
Presolve time: 0.05s
Presolved: 5398 rows, 10475 columns, 31401 nonzeros
Variable types: 5110 continuous, 5365 integer (5365 binary)

Root relaxation: objective 3.499315e+02, 13090 iterations, 0.60 seconds (1.85 work units)

    Nodes    |    Current Node    |     Objective Bounds      |     Work
 Expl Unexpl |  Obj  Depth IntInf | Incumbent    BestBd   Gap | It/Node Time

     0     0  349.93153    0   92          -  349.93153      -     -    0s
H    0     0                     572.3134450  349.93153  38.9%     -    0s
H    0     0                     555.9600376  349.93153  37.1%     -    0s
H    0     0                     554.2887208  349.93153  36.9%     -    1s
H    0     0                     543.9233970  349.93153  35.7%     -    1s
H    0     0                     482.2433651  349.93153  27.4%     -    1s
H    0     0                     477.3096165  349.93153  26.7%     -    1s
H    0     0                     465.7291382  349.93153  24.9%     -    1s
H    0     0                     465.2631614  349.93153  24.8%     -    2s
H    0     0                     464.2062335  349.93153  24.6%     -    2s
     0     0  349.93153    0   92  464.20623  349.93153  24.6%     -    2s
     0     0  359.21165    0  148  464.20623  359.21165  22.6%     -    2s
H    0     0                     459.0334301  359.21165  21.7%     -    2s
H    0     0                     437.9293769  359.21165  18.0%     -    2s
H    0     0                     426.5793471  359.21165  15.8%     -    2s
     0     0  359.91064    0  151  426.57935  359.91064  15.6%     -    2s
     0     0  359.91427    0  151  426.57935  359.91427  15.6%     -    2s
     0     0  359.91427    0  151  426.57935  359.91427  15.6%     -    2s
     0     0  361.40864    0  158  426.57935  361.40864  15.3%     -    3s
     0     0  361.66975    0  158  426.57935  361.66975  15.2%     -    3s
     0     0  361.68616    0  162  426.57935  361.68616  15.2%     -    3s
     0     0  361.68629    0  164  426.57935  361.68629  15.2%     -    3s
     0     0  361.82183    0  105  426.57935  361.82183  15.2%     -    3s
     0     0  361.82187    0  104  426.57935  361.82187  15.2%     -    3s
     0     0  361.84534    0  111  426.57935  361.84534  15.2%     -    3s
     0     0  361.84778    0  113  426.57935  361.84778  15.2%     -    3s
     0     0  361.90662    0  100  426.57935  361.90662  15.2%     -    4s
     0     0  361.95639    0  100  426.57935  361.95639  15.1%     -    4s
     0     0  361.99062    0   87  426.57935  361.99062  15.1%     -    4s
     0     0  361.99062    0   90  426.57935  361.99062  15.1%     -    4s
     0     0  361.99062    0  110  426.57935  361.99062  15.1%     -    4s
     0     0  361.99062    0  110  426.57935  361.99062  15.1%     -    4s
     0     0  361.99062    0  109  426.57935  361.99062  15.1%     -    4s
     0     0  362.00501    0  109  426.57935  362.00501  15.1%     -    4s
     0     0  362.00501    0  109  426.57935  362.00501  15.1%     -    4s
     0     0  362.00501    0  101  426.57935  362.00501  15.1%     -    4s
     0     2  362.00501    0  101  426.57935  362.00501  15.1%     -    4s
     7    12  362.28750    3   99  426.57935  362.28750  15.1%   408    5s
H   27    32                     425.8974147  362.39032  14.9%   710    6s
H   36    39                     424.5936941  362.39032  14.7%   679    6s
H   52    58                     418.9951395  362.39032  13.5%   577    6s
H   58    58                     418.8771874  362.39032  13.5%   528    6s
H  107   107                     418.6407959  362.39032  13.4%   457    7s
H  161   164                     418.1314647  362.39032  13.3%   401    8s
   450   442  393.03938   74   63  418.13146  362.40281  13.3%   249   10s
  1059  1018  388.62530  178  112  418.13146  363.31953  13.1%   151   15s
  1077  1030  375.44635   30  178  418.13146  363.31953  13.1%   148   20s
  1093  1041  413.00976  160  124  418.13146  363.66185  13.0%   146   25s
H 1099   995                     415.3642295  363.66185  12.4%   166   26s
  1230  1078  385.11177   31  134  415.36423  365.33494  12.0%   203   30s
  2007  1112  375.00657   36  119  415.36423  368.37506  11.3%   198   35s
  3260  1356  396.58033  141   77  415.36423  369.29133  11.1%   177   40s
  4805  2234  374.94686   21   86  415.36423  369.97793  10.9%   159   45s
  6483  3531  376.17742   19   88  415.36423  371.12413  10.7%   145   50s
  8490  5361  398.04948   90   95  415.36423  371.42545  10.6%   134   55s
 10961  7059  394.78137  103  103  415.36423  372.21335  10.4%   125   60s
 11950  7572  396.69637   52   57  415.36423  372.39114  10.3%   127   65s
 13844  9270  399.97301   48  117  415.36423  372.76010  10.3%   126   70s
 15938 10790  380.48638   28  103  415.36423  373.18547  10.2%   122   76s
 18086 12150  404.31528   67  110  415.36423  373.45158  10.1%   119   80s
 19945 13600  391.21304   52  121  415.36423  373.68181  10.0%   120   85s
 22691 15626  387.01682   46  110  415.36423  374.03187  10.0%   118   90s
 25485 17743  406.24814   93  110  415.36423  374.45723  9.85%   116   95s
 27272 18915  399.42056   32   74  415.36423  374.69259  9.79%   116  100s
 29521 20354  389.03183   41   85  415.36423  374.81072  9.76%   116  105s
 31966 22093  399.90404   67  122  415.36423  375.31230  9.64%   116  110s
 34013 23518  383.27961   70  116  415.36423  375.43140  9.61%   116  115s
 36660 25471  404.45640   58   88  415.36423  375.74260  9.54%   114  120s
 37808 26347  397.61714  158  109  415.36423  375.80017  9.53%   114  125s
 39904 27697  404.49337  160  122  415.36423  376.02746  9.47%   114  131s
 41399 28757  396.09615   87  130  415.36423  376.08046  9.46%   115  135s
 43468 30307  383.85438   29   78  415.36423  376.22296  9.42%   116  140s
 45877 32024  386.74345   31   92  415.36423  376.43362  9.37%   114  145s
 48352 33945  392.44101   68   70  415.36423  376.63904  9.32%   114  150s
 50495 35242  405.31311   76  120  415.36423  376.75842  9.29%   113  155s
 52736 36727  394.89523  158  126  415.36423  376.91322  9.26%   113  160s
 55427 38850     cutoff   48       415.36423  377.08058  9.22%   112  165s
 57623 40212  412.49808   30   89  415.36423  377.26396  9.17%   112  170s
 59297 41619  391.03331   44  111  415.36423  377.38885  9.14%   112  175s
 61867 43579  400.50582   58  123  415.36423  377.58000  9.10%   111  180s
 63881 44691  404.63112  154  105  415.36423  377.64513  9.08%   111  185s
 66001 46070  397.23886   86   94  415.36423  377.75827  9.05%   111  191s
H66012 46070                     415.3642169  377.75827  9.05%   111  191s
H66658 46630                     415.3642152  377.80004  9.04%   111  193s
 67206 47349  396.44192   29   99  415.36422  377.82259  9.04%   111  195s
 69426 48987  398.89075   30   70  415.36422  377.90695  9.02%   111  200s
 71415 50362  399.09078  112   36  415.36422  377.98192  9.00%   111  205s
 73260 51415     cutoff   95       415.36422  378.03591  8.99%   111  210s
 75421 52859  393.89543   51  125  415.36422  378.18325  8.95%   111  215s
 77729 54552  411.93089   29   58  415.36422  378.32871  8.92%   111  220s
 79626 55765  390.25099   63   90  415.36422  378.40117  8.90%   111  225s
 81998 57470  403.94107   56   76  415.36422  378.54079  8.87%   111  230s
 84124 58840  403.85040   37   76  415.36422  378.65392  8.84%   111  235s
 86138 60161  396.21979   27   47  415.36422  378.76563  8.81%   111  240s
 88114 61574  387.88099   37   95  415.36422  378.82530  8.80%   111  245s
 89909 62928  385.97439   40  126  415.36422  378.87353  8.79%   111  250s
 92126 64546  406.31996  159  111  415.36422  378.92944  8.77%   111  255s
 94190 66292  401.82052   76  107  415.36422  379.02512  8.75%   111  260s
 95994 67591  402.91002   68   68  415.36422  379.09889  8.73%   111  265s
 98358 69052  400.86068   88  103  415.36422  379.20333  8.71%   110  271s
 100603 70844  410.49680   47  128  415.36422  379.27197  8.69%   110  275s
 102815 72434  393.13129   64   84  415.36422  379.36358  8.67%   110  280s
 105091 74153  413.76057   40  113  415.36422  379.45544  8.65%   110  285s
 107111 75351  400.25427   35  126  415.36422  379.53200  8.63%   110  290s
 109043 76577  399.06436   36   64  415.36422  379.60394  8.61%   110  295s
 111080 78192  382.34297   26   75  415.36422  379.66826  8.59%   110  300s
 113314 79894  387.77693   34  110  415.36422  379.75817  8.57%   110  305s
 115609 81239  394.45369   31   71  415.36422  379.86273  8.55%   110  310s
 117732 82797  406.41427   56   69  415.36422  379.94420  8.53%   110  315s
 120347 84625  392.51629   41  154  415.36422  380.02180  8.51%   109  320s
 123066 86409  412.37994   97  117  415.36422  380.12512  8.48%   109  325s
 125787 88189  397.44016  161  141  415.36422  380.20514  8.46%   109  331s
 127463 89462  405.42926  110  137  415.36422  380.26464  8.45%   109  335s
 129274 90759  393.48204  108  145  415.36422  380.30555  8.44%   109  340s
 131141 91859  401.64549  106  132  415.36422  380.33786  8.43%   109  345s
 133879 93833  406.39253  160  178  415.36422  380.44079  8.41%   109  350s
 136166 95341  397.94634   97  122  415.36422  380.49853  8.39%   109  355s
 137820 96201  398.92355  152  146  415.36422  380.54017  8.38%   109  360s

Cutting planes:
  Gomory: 8
  Cover: 24
  Implied bound: 106
  Projected implied bound: 12
  MIR: 374
  Mixing: 1
  Flow cover: 357
  GUB cover: 1
  Inf proof: 13
  Zero half: 21
  RLT: 21
  Relax-and-lift: 36
  BQP: 11

Explored 137824 nodes (15025194 simplex iterations) in 360.00 seconds (1479.06 work units)
Thread count was 4 (of 32 available processors)

Solution count 10: 415.364 415.364 415.364 ... 426.579

Time limit reached
Best objective 4.153642152044e+02, best bound 3.805401673742e+02, gap 8.3840%

User-callback calls 322927, time in user-callback 0.01 sec
Cap boundary opt: PORT-584 stations=35 obj=415.364 real=415.364 baseline=438.205
Set parameter Username
Set parameter LicenseID to value 2738882
Academic license - for non-commercial use only - expires 2026-11-14
Segment 1 eval: start=BOAT-0 end=PORT-588 stations=21 (optimize)
  Segment 1 order: -501 502 490 491 492 -493 477 -480 -481 479 466 467 468 469 470 -471 472 -122 -121 120 -119
Segment 2 eval: start=PORT-588 end=PORT-584 stations=17 (optimize)
  Segment 2 order: 118 -117 -116 115 476 478 475 473 -474 -465 -464 -460 461 485 486 487 488
Segment 3 eval: start=PORT-584 end=PORT-584 stations=18 (optimize)
  Segment 3 order: 503 504 451 452 453 454 455 456 457 458 459 -463 -484 462 -483 -482 -489 -500
Segment 4 eval: start=PORT-584 end=PORT-593 stations=34 (optimize)
  Segment 4 order: -505 450 -449 -448 -447 -446 -445 439 -440 441 442 443 444 -506 507 508 509 510 511 514 -513 -512 435 436 437 438 434 -433 -432 -431 -430 -429 -428 -427
Segment 5 eval: start=PORT-593 end=PORT-593 stations=14 (optimize)
  Segment 5 order: 517 518 519 520 521 -580 -579 -525 -524 526 -523 -522 -516 -515
Segment 6 eval: start=PORT-593 end=PORT-591 stations=45 (optimize)
  Segment 6 order: -575 577 578 527 528 529 530 531 532 -533 -576 -574 -573 -571 -570 -569 572 534 535 -536 537 538 539 544 545 546 547 -548 -549 -541 -540 -543 542 -568 -567 -566 -565 -564 -563 -562 -554 553 550 551 552
Segment 7 eval: start=PORT-591 end=PORT-582 stations=121 (optimize)
  Segment 7 order: -346 276 277 278 279 280 281 557 -556 282 283 -284 555 558 559 -561 560 285 286 287 288 289 290 291 292 293 294 -295 296 297 306 -305 -298 299 300 301 302 304 -303 307 308 309 -310 311 312 -313 314 315 316 317 318 319 320 340 341 342 343 344 345 334 335 336 337 338 339 321 322 323 324 325 -327 328 330 -332 -331 -329 -326 349 350 351 352 353 -354 355 356 357 358 359 360 361 362 -348 333 347 363 -364 365 366 367 368 -425 -424 422 423 -421 420 -417 381 426 369 370 371 372 373 -374 375 376 377 378 379 380
Segment 8 eval: start=PORT-582 end=PORT-581 stations=53 (optimize)
  Segment 8 order: 57 59 -58 60 -64 65 -63 61 62 -386 -385 -384 -383 -382 414 419 -418 -416 415 413 -412 -411 410 -408 -409 404 407 -406 -405 -403 -402 387 388 389 390 391 392 393 394 395 401 400 -399 -398 -397 -396 -47 -46 -45 -44 -43 -42 -41
Segment 9 eval: start=PORT-581 end=PORT-583 stations=88 (optimize)
  Segment 9 order: 56 55 -54 -53 -52 -51 -50 -49 -48 -40 -39 -38 -37 66 67 68 69 70 77 -76 71 74 -73 -72 -75 -78 -79 27 29 30 -33 34 35 36 32 31 -28 -26 93 -92 94 91 80 81 82 83 84 85 -86 87 -88 89 -90 95 96 2 1 3 4 -25 -24 -23 -22 -21 20 -19 -18 -17 -16 -15 -14 -13 -12 -11 -10 -5 6 7 8 9 143 -142 -144 145 146 147 148 149
Segment 10 eval: start=PORT-583 end=PORT-583 stations=63 (optimize)
  Segment 10 order: -132 -181 -180 -229 -228 -179 -135 136 137 152 -151 139 -138 -141 -140 150 -158 157 153 154 155 156 -159 160 161 162 163 164 165 166 167 168 169 170 171 172 173 174 175 176 177 182 183 184 185 186 187 188 189 -190 223 224 226 178 227 -231 235 -234 -233 -232 -230 -134 -133
Segment 11 eval: start=PORT-583 end=PORT-588 stations=53 (optimize)
  Segment 11 order: -225 -222 -221 -220 -219 191 -218 192 193 194 195 196 197 198 203 204 -202 199 -200 201 205 206 207 208 209 210 211 212 213 -217 -216 214 215 -237 238 243 244 250 -251 249 -248 -245 247 -246 -242 241 -240 -239 -236 97 98 99 100
Segment 12 eval: start=PORT-588 end=PORT-588 stations=33 (optimize)
  Segment 12 order: 110 -270 -269 -268 264 265 267 266 123 124 125 -126 127 -263 -262 -261 -260 -259 258 128 129 130 131 -256 257 -255 -254 -252 -253 -271 272 273 -109
Segment 13 eval: start=PORT-588 end=BOAT-END stations=20 (optimize)
  Segment 13 order: -107 -106 -105 104 -103 -102 -101 108 274 111 275 -114 494 -113 -112 495 496 497 498 499
Cap boundary debug: PORT-584 -> [503 504 451 452 453 454 455 456 457 458 459 463 484 462 483 482 489 500] -> PORT-584 -> [450 449 448 447 446 445 439 440 441 442 443 444 505 506 507 508 509 510 511 514 513 512 435 436 437 438 434 433 432 431 430 429 428 427] -> PORT-593 | load_left=43108 load_right=44676 cap=45000
Set parameter Username
Set parameter LicenseID to value 2738882
Academic license - for non-commercial use only - expires 2026-11-14
Set parameter TimeLimit to value 360
Set parameter Seed to value 1099509241
Set parameter Threads to value 4
Set parameter OutputFlag to value 1
Set parameter LogToConsole to value 1
Set parameter LazyConstraints to value 1
Gurobi Optimizer version 13.0.0 build v13.0.0rc1 (linux64 - "Debian GNU/Linux 13 (trixie)")

CPU model: AMD Ryzen 9 5950X 16-Core Processor, instruction set [SSE2|AVX|AVX2]
Thread count: 16 physical cores, 32 logical processors, using up to 4 threads

Non-default parameters:
TimeLimit  360
Seed  1099509241
Threads  4
LazyConstraints  1

Optimize a model with 12730 rows, 34992 columns and 69972 nonzeros (Min)
Model fingerprint: 0x79b6a5dd
Model has 11444 linear objective coefficients
Variable types: 23328 continuous, 11664 integer (11664 binary)
Coefficient statistics:
  Matrix range     [1e+00, 4e+04]
  Objective range  [8e-01, 1e+02]
  Bounds range     [1e+00, 4e+04]
  RHS range        [1e+00, 1e+04]
Presolve removed 1178 rows and 12362 columns
Presolve time: 0.10s
Presolved: 11552 rows, 22630 columns, 67762 nonzeros
Variable types: 11128 continuous, 11502 integer (11502 binary)

Root relaxation: objective 4.007012e+02, 25850 iterations, 2.34 seconds (6.88 work units)

    Nodes    |    Current Node    |     Objective Bounds      |     Work
 Expl Unexpl |  Obj  Depth IntInf | Incumbent    BestBd   Gap | It/Node Time

     0     0  400.70122    0  172          -  400.70122      -     -    2s
H    0     0                     548.8461102  400.70122  27.0%     -    3s
H    0     0                     532.5777138  400.70122  24.8%     -    4s
H    0     0                     529.1759426  400.70122  24.3%     -    4s
H    0     0                     518.3073921  400.70122  22.7%     -    4s
H    0     0                     518.1064746  400.70122  22.7%     -    4s
     0     0  400.70122    0  172  518.10647  400.70122  22.7%     -    4s
     0     0  405.59380    0  220  518.10647  405.59380  21.7%     -    5s
H    0     0                     460.0018015  405.59380  11.8%     -    5s
H    0     0                     459.0104706  405.59380  11.6%     -    5s
H    0     0                     449.9824261  405.59380  9.86%     -    5s
     0     0  406.39314    0  224  449.98243  406.39314  9.69%     -    6s
     0     0  409.20856    0  195  449.98243  409.20856  9.06%     -    7s
     0     0  409.20856    0  173  449.98243  409.20856  9.06%     -    8s
H    0     0                     449.5849952  409.20856  8.98%     -    8s
     0     0  409.20856    0  207  449.58500  409.20856  8.98%     -    8s
H    0     0                     447.2599268  409.20856  8.51%     -    8s
H    0     0                     446.5779944  409.20856  8.37%     -    9s
     0     0  409.94545    0  205  446.57799  409.94545  8.20%     -    9s
     0     0  409.94634    0  204  446.57799  409.94634  8.20%     -    9s
     0     0  412.30078    0  224  446.57799  412.30078  7.68%     -   10s
     0     0  412.77039    0  235  446.57799  412.77039  7.57%     -   10s
     0     0  412.77039    0  235  446.57799  412.77039  7.57%     -   10s
     0     0  413.97088    0  236  446.57799  413.97088  7.30%     -   10s
     0     0  414.03466    0  243  446.57799  414.03466  7.29%     -   10s
     0     0  414.03466    0  241  446.57799  414.03466  7.29%     -   10s
     0     0  414.68416    0  240  446.57799  414.68416  7.14%     -   11s
     0     0  414.83448    0  235  446.57799  414.83448  7.11%     -   11s
     0     0  414.83448    0  241  446.57799  414.83448  7.11%     -   11s
     0     0  414.84903    0  250  446.57799  414.84903  7.10%     -   11s
     0     0  414.84954    0  253  446.57799  414.84954  7.10%     -   11s
     0     0  414.90254    0  253  446.57799  414.90254  7.09%     -   11s
     0     0  414.91067    0  252  446.57799  414.91067  7.09%     -   11s
     0     0  414.91067    0  252  446.57799  414.91067  7.09%     -   11s
     0     0  414.96390    0  247  446.57799  414.96390  7.08%     -   12s
     0     0  414.96695    0  252  446.57799  414.96695  7.08%     -   12s
     0     0  414.99485    0  248  446.57799  414.99485  7.07%     -   12s
     0     0  414.99960    0  252  446.57799  414.99960  7.07%     -   12s
     0     0  414.99960    0  250  446.57799  414.99960  7.07%     -   12s
     0     0  415.00376    0  248  446.57799  415.00376  7.07%     -   12s
     0     0  415.02132    0  248  446.57799  415.02132  7.07%     -   12s
     0     0  415.02132    0  248  446.57799  415.02132  7.07%     -   12s
     0     0  415.02132    0  248  446.57799  415.02132  7.07%     -   12s
     0     0  416.94463    0  175  446.57799  416.94463  6.64%     -   13s
     0     0  416.94463    0  217  446.57799  416.94463  6.64%     -   13s
H    0     0                     446.5779933  416.94463  6.64%     -   13s
     0     0  416.94463    0  225  446.57799  416.94463  6.64%     -   14s
     0     0  416.94463    0  239  446.57799  416.94463  6.64%     -   14s
     0     0  416.94463    0  246  446.57799  416.94463  6.64%     -   14s
     0     0  416.94463    0  245  446.57799  416.94463  6.64%     -   14s
     0     0  416.94463    0  243  446.57799  416.94463  6.64%     -   14s
     0     0  416.94463    0  251  446.57799  416.94463  6.64%     -   14s
     0     0  416.94463    0  252  446.57799  416.94463  6.64%     -   14s
     0     0  416.94463    0  242  446.57799  416.94463  6.64%     -   14s
     0     0  416.94463    0  243  446.57799  416.94463  6.64%     -   14s
     0     0  416.94463    0  253  446.57799  416.94463  6.64%     -   15s
     0     0  416.94463    0  252  446.57799  416.94463  6.64%     -   15s
     0     0  416.94463    0  250  446.57799  416.94463  6.64%     -   15s
     0     0  416.94463    0  250  446.57799  416.94463  6.64%     -   15s
     0     0  416.94463    0  246  446.57799  416.94463  6.64%     -   15s
H    0     0                     446.5779921  417.39243  6.54%     -   16s
     0     2  417.39243    0  243  446.57799  417.39243  6.54%     -   16s
H   22    24                     446.5779905  417.39243  6.54%   865   17s
   333   344  430.05226   57  152  446.57799  417.39243  6.54%   284   20s
H  498   459                     446.5779892  417.39243  6.54%   247   20s
  1170  1010  443.12820  126  203  446.57799  418.18659  6.36%   206   25s
H 1176   963                     444.2528613  418.18659  5.87%   205   26s
  1198   980  428.71528   73  226  444.25286  420.49384  5.35%   230   30s
H 1218   942                     443.5919793  421.39178  5.00%   226   32s
H 1238   911                     443.1859891  422.04791  4.77%   248   34s
  1241   915  422.21646   25  185  443.18599  422.04791  4.77%   249   35s
  1519   972  426.44012   37  198  443.18599  422.66091  4.63%   267   40s
H 1893   956                     443.1859874  424.11461  4.30%   265   42s
H 1984   934                     443.1859863  424.60170  4.19%   265   43s
  2289   966  438.51527   50   96  443.18599  425.39119  4.02%   257   45s
H 2303   920                     443.1859856  425.39119  4.02%   256   45s
H 3384  1057                     443.1859842  426.80669  3.70%   239   49s
  3535  1107     cutoff   65       443.18598  427.00614  3.65%   237   50s
  4520  1503  439.35751   37  166  443.18598  428.24311  3.37%   232   55s
  5681  1815  441.82175   38  215  443.18598  429.18086  3.16%   228   60s
  6809  2006  439.76838   33   24  443.18598  430.35784  2.89%   228   65s
  7994  2065     cutoff   40       443.18598  431.79830  2.57%   227   70s
  9404  1897     cutoff   35       443.18598  433.58920  2.17%   228   75s
 11125  1442 infeasible   47       443.18598  436.21526  1.57%   225   81s
 12841   776     cutoff   37       443.18598  438.44510  1.07%   220   86s

Cutting planes:
  Gomory: 8
  Cover: 17
  Implied bound: 86
  Projected implied bound: 14
  MIR: 131
  Flow cover: 179
  Inf proof: 12
  Zero half: 17
  RLT: 8
  Relax-and-lift: 24
  BQP: 2
  Lazy constraints: 1

Explored 14544 nodes (3137888 simplex iterations) in 88.54 seconds (285.83 work units)
Thread count was 4 (of 32 available processors)

Solution count 10: 443.186 443.592 444.253 ... 460.002

Optimal solution found (tolerance 1.00e-04)
Best objective 4.431859841688e+02, best bound 4.431859841688e+02, gap 0.0000%

User-callback calls 44008, time in user-callback 0.00 sec
Cap boundary opt: PORT-584 stations=52 obj=443.186 real=443.186 baseline=463.072
Set parameter Username
Set parameter LicenseID to value 2738882
Academic license - for non-commercial use only - expires 2026-11-14
Segment 1 eval: start=BOAT-0 end=PORT-588 stations=21 (optimize)
  Segment 1 order: -501 502 490 491 492 -493 477 -480 -481 479 466 467 468 469 470 -471 472 -122 -121 120 -119
Segment 2 eval: start=PORT-588 end=PORT-584 stations=17 (optimize)
  Segment 2 order: 118 -117 -116 115 476 478 475 473 -474 -465 -464 -460 461 485 486 487 488
Segment 3 eval: start=PORT-584 end=PORT-584 stations=18 (optimize)
  Segment 3 order: 503 450 451 452 453 454 455 456 457 458 459 -463 -484 462 -483 -482 -489 -500
Segment 4 eval: start=PORT-584 end=PORT-593 stations=34 (optimize)
  Segment 4 order: 504 -505 -449 -448 -447 -446 -445 439 -440 441 442 443 444 -506 507 508 509 510 511 514 -513 -512 435 436 437 438 434 -433 -432 -431 -430 -429 -428 -427
Segment 5 eval: start=PORT-593 end=PORT-593 stations=14 (optimize)
  Segment 5 order: 517 518 519 520 521 -580 -579 -525 -524 526 -523 -522 -516 -515
Segment 6 eval: start=PORT-593 end=PORT-591 stations=45 (optimize)
  Segment 6 order: -575 577 578 527 528 529 530 531 532 -533 -576 -574 -573 -571 -570 -569 572 534 535 -536 537 538 539 544 545 546 547 -548 -549 -541 -540 -543 542 -568 -567 -566 -565 -564 -563 -562 -554 553 550 551 552
Segment 7 eval: start=PORT-591 end=PORT-582 stations=121 (optimize)
  Segment 7 order: -346 276 277 278 279 280 281 557 -556 282 283 -284 555 558 559 -561 560 285 286 287 288 289 290 291 292 293 294 -295 296 297 306 -305 -298 299 300 301 302 304 -303 307 308 309 -310 311 312 -313 314 315 316 317 318 319 320 340 341 342 343 344 345 334 335 336 337 338 339 321 322 323 324 325 -327 328 330 -332 -331 -329 -326 349 350 351 352 353 -354 355 356 357 358 359 360 361 362 -348 333 347 363 -364 365 366 367 368 -425 -424 422 423 -421 420 -417 381 426 369 370 371 372 373 -374 375 376 377 378 379 380
Segment 8 eval: start=PORT-582 end=PORT-581 stations=53 (optimize)
  Segment 8 order: 57 59 -58 60 -64 65 -63 61 62 -386 -385 -384 -383 -382 414 419 -418 -416 415 413 -412 -411 410 -408 -409 404 407 -406 -405 -403 -402 387 388 389 390 391 392 393 394 395 401 400 -399 -398 -397 -396 -47 -46 -45 -44 -43 -42 -41
Segment 9 eval: start=PORT-581 end=PORT-583 stations=88 (optimize)
  Segment 9 order: 56 55 -54 -53 -52 -51 -50 -49 -48 -40 -39 -38 -37 66 67 68 69 70 77 -76 71 74 -73 -72 -75 -78 -79 27 29 30 -33 34 35 36 32 31 -28 -26 93 -92 94 91 80 81 82 83 84 85 -86 87 -88 89 -90 95 96 2 1 3 4 -25 -24 -23 -22 -21 20 -19 -18 -17 -16 -15 -14 -13 -12 -11 -10 -5 6 7 8 9 143 -142 -144 145 146 147 148 149
Segment 10 eval: start=PORT-583 end=PORT-583 stations=63 (optimize)
  Segment 10 order: -132 -181 -180 -229 -228 -179 -135 136 137 152 -151 139 -138 -141 -140 150 -158 157 153 154 155 156 -159 160 161 162 163 164 165 166 167 168 169 170 171 172 173 174 175 176 177 182 183 184 185 186 187 188 189 -190 223 224 226 178 227 -231 235 -234 -233 -232 -230 -134 -133
Segment 11 eval: start=PORT-583 end=PORT-588 stations=53 (optimize)
  Segment 11 order: -225 -222 -221 -220 -219 191 -218 192 193 194 195 196 197 198 203 204 -202 199 -200 201 205 206 207 208 209 210 211 212 213 -217 -216 214 215 -237 238 243 244 250 -251 249 -248 -245 247 -246 -242 241 -240 -239 -236 97 98 99 100
Segment 12 eval: start=PORT-588 end=PORT-588 stations=33 (optimize)
  Segment 12 order: 110 -270 -269 -268 264 265 267 266 123 124 125 -126 127 -263 -262 -261 -260 -259 258 128 129 130 131 -256 257 -255 -254 -252 -253 -271 272 273 -109
Segment 13 eval: start=PORT-588 end=BOAT-END stations=20 (optimize)
  Segment 13 order: -107 -106 -105 104 -103 -102 -101 108 274 111 275 -114 494 -113 -112 495 496 497 498 499
Cap boundary debug: PORT-584 -> [504 505 449 448 447 446 445 439 440 441 442 443 444 506 507 508 509 510 511 514 513 512 435 436 437 438 434 433 432 431 430 429 428 427] -> PORT-593 -> [515 516 517 518 519 520 521 522 523 526 525 524 580 579] -> PORT-593 | load_left=43408 load_right=36579 cap=45000
Set parameter Username
Set parameter LicenseID to value 2738882
Academic license - for non-commercial use only - expires 2026-11-14
Set parameter TimeLimit to value 360
Set parameter Seed to value 1387775717
Set parameter Threads to value 4
Set parameter OutputFlag to value 1
Set parameter LogToConsole to value 1
Set parameter LazyConstraints to value 1
Gurobi Optimizer version 13.0.0 build v13.0.0rc1 (linux64 - "Debian GNU/Linux 13 (trixie)")

CPU model: AMD Ryzen 9 5950X 16-Core Processor, instruction set [SSE2|AVX|AVX2]
Thread count: 16 physical cores, 32 logical processors, using up to 4 threads

Non-default parameters:
TimeLimit  360
Seed  1387775717
Threads  4
LazyConstraints  1

Optimize a model with 10986 rows, 30000 columns and 59988 nonzeros (Min)
Model fingerprint: 0x4a97b4d7
Model has 9800 linear objective coefficients
Variable types: 20000 continuous, 10000 integer (10000 binary)
Coefficient statistics:
  Matrix range     [1e+00, 4e+04]
  Objective range  [5e-05, 1e+05]
  Bounds range     [1e+00, 4e+04]
  RHS range        [1e+00, 1e+04]
Presolve removed 1090 rows and 10646 columns
Presolve time: 0.09s
Presolved: 9896 rows, 19354 columns, 57960 nonzeros
Variable types: 9504 continuous, 9850 integer (9850 binary)

Root relaxation: objective 3.383579e+02, 21289 iterations, 1.71 seconds (4.80 work units)

    Nodes    |    Current Node    |     Objective Bounds      |     Work
 Expl Unexpl |  Obj  Depth IntInf | Incumbent    BestBd   Gap | It/Node Time

     0     0  338.35793    0  205          -  338.35793      -     -    1s
H    0     0                    302363.99598  338.35793   100%     -    1s
H    0     0                     630.6503313  338.35793  46.3%     -    2s
H    0     0                     595.5710107  338.35793  43.2%     -    2s
H    0     0                     592.9258257  338.35793  42.9%     -    2s
H    0     0                     590.7680505  338.35793  42.7%     -    2s
H    0     0                     589.3672576  338.35793  42.6%     -    2s
H    0     0                     580.1997524  338.35793  41.7%     -    2s
H    0     0                     540.1298842  338.35793  37.4%     -    2s
     0     0  338.35793    0  203  540.12988  338.35793  37.4%     -    4s
     0     0  342.20262    0  221  540.12988  342.20262  36.6%     -    5s
H    0     0                     521.1951716  342.20262  34.3%     -    5s
H    0     0                     516.1009323  342.20262  33.7%     -    5s
H    0     0                     512.2112618  342.20262  33.2%     -    5s
H    0     0                     496.9679260  342.20262  31.1%     -    6s
H    0     0                     402.6821877  342.20262  15.0%     -    6s
H    0     0                     401.9657302  342.20262  14.9%     -    6s
     0     0  342.37549    0  223  401.96573  342.37549  14.8%     -    6s
     0     0  342.37549    0  224  401.96573  342.37549  14.8%     -    6s
     0     0  342.81007    0  223  401.96573  342.81007  14.7%     -    7s
     0     0  342.81007    0  213  401.96573  342.81007  14.7%     -    8s
     0     0  343.53547    0  227  401.96573  343.53547  14.5%     -    9s
     0     0  344.81609    0  232  401.96573  344.81609  14.2%     -   10s
     0     0  344.81609    0  236  401.96573  344.81609  14.2%     -   10s
     0     0  344.81609    0  236  401.96573  344.81609  14.2%     -   10s
     0     0  347.52124    0  231  401.96573  347.52124  13.5%     -   10s
     0     0  348.41701    0  235  401.96573  348.41701  13.3%     -   10s
     0     0  348.43144    0  236  401.96573  348.43144  13.3%     -   10s
     0     0  348.43144    0  236  401.96573  348.43144  13.3%     -   10s
     0     0  357.83920    0  233  401.96573  357.83920  11.0%     -   11s
     0     0  358.13581    0  231  401.96573  358.13581  10.9%     -   11s
     0     0  358.13600    0  231  401.96573  358.13600  10.9%     -   11s
     0     0  361.39165    0  233  401.96573  361.39165  10.1%     -   12s
     0     0  361.47238    0  230  401.96573  361.47238  10.1%     -   12s
     0     0  361.54494    0  230  401.96573  361.54494  10.1%     -   12s
     0     0  361.54531    0  230  401.96573  361.54531  10.1%     -   12s
     0     0  362.00260    0  228  401.96573  362.00260  9.94%     -   12s
     0     0  362.14747    0  229  401.96573  362.14747  9.91%     -   13s
     0     0  362.14747    0  229  401.96573  362.14747  9.91%     -   13s
     0     0  362.50008    0  222  401.96573  362.50008  9.82%     -   13s
     0     0  362.50008    0  210  401.96573  362.50008  9.82%     -   13s
     0     0  362.50008    0  223  401.96573  362.50008  9.82%     -   14s
     0     0  362.50008    0  228  401.96573  362.50008  9.82%     -   15s
     0     0  362.50008    0  225  401.96573  362.50008  9.82%     -   15s
     0     0  362.50008    0  228  401.96573  362.50008  9.82%     -   15s
     0     0  362.50008    0  224  401.96573  362.50008  9.82%     -   15s
     0     0  362.50008    0  224  401.96573  362.50008  9.82%     -   15s
     0     0  362.78887    0  226  401.96573  362.78887  9.75%     -   15s
     0     0  362.86801    0  225  401.96573  362.86801  9.73%     -   15s
     0     0  362.86801    0  225  401.96573  362.86801  9.73%     -   15s
     0     0  366.25515    0  232  401.96573  366.25515  8.88%     -   16s
     0     0  366.46088    0  234  401.96573  366.46088  8.83%     -   16s
     0     0  366.46088    0  238  401.96573  366.46088  8.83%     -   16s
     0     0  367.23428    0  233  401.96573  367.23428  8.64%     -   16s
     0     0  367.30637    0  235  401.96573  367.30637  8.62%     -   16s
     0     0  367.30797    0  235  401.96573  367.30797  8.62%     -   16s
     0     0  367.50247    0  243  401.96573  367.50247  8.57%     -   16s
     0     0  367.51772    0  248  401.96573  367.51772  8.57%     -   16s
     0     0  367.51772    0  247  401.96573  367.51772  8.57%     -   16s
     0     0  367.58389    0  244  401.96573  367.58389  8.55%     -   17s
     0     0  367.73949    0  243  401.96573  367.73949  8.51%     -   17s
     0     0  367.73949    0  240  401.96573  367.73949  8.51%     -   17s
     0     0  367.73949    0  240  401.96573  367.73949  8.51%     -   17s
     0     0  367.73949    0  240  401.96573  367.73949  8.51%     -   17s
     0     0  367.73949    0  237  401.96573  367.73949  8.51%     -   17s
     0     2  369.84690    0  235  401.96573  369.84690  7.99%     -   18s
   124   105  389.17071   23  187  401.96573  369.84690  7.99%   270   20s
   729   437  394.38641    8  180  401.96573  374.93340  6.73%   190   25s
  1772   820  399.97032   13  223  401.96573  380.27397  5.40%   177   30s
  1787   830  380.27507   16  228  401.96573  380.27397  5.40%   175   35s
H 1800   797                     401.9132580  380.27397  5.38%   188   37s
  1806   804  383.63155   26  215  401.91326  380.28099  5.38%   195   40s
  2191   841  393.85505   44  176  401.91326  387.48538  3.59%   185   45s
  3818   716  396.61753   39  200  401.91326  392.27526  2.40%   140   50s
  6009  1137  397.89635   52   20  401.91326  395.14476  1.68%   125   55s
  8436  1510 infeasible   58       401.91326  396.50958  1.34%   116   60s
H 9335  1518                     401.9132569  396.93455  1.24%   115   61s
 11118  1344  400.39714   51  106  401.91326  397.71314  1.05%   112   65s
 13949    99     cutoff   49       401.91326  399.84200  0.52%   114   70s

Cutting planes:
  Gomory: 17
  Cover: 7
  Implied bound: 90
  Projected implied bound: 12
  MIR: 59
  Flow cover: 81
  Inf proof: 25
  Zero half: 21
  RLT: 2
  Relax-and-lift: 38
  BQP: 2

Explored 14411 nodes (1712970 simplex iterations) in 70.76 seconds (215.15 work units)
Thread count was 4 (of 32 available processors)

Solution count 10: 401.913 401.966 402.682 ... 589.367

Optimal solution found (tolerance 1.00e-04)
Best objective 4.019132569485e+02, best bound 4.019132569485e+02, gap 0.0000%

User-callback calls 42341, time in user-callback 0.00 sec
Cap boundary reject: PORT-593 real=499.970 baseline=416.937
Cap boundary debug: PORT-593 -> [515 516 517 518 519 520 521 522 523 526 525 524 580 579] -> PORT-593 -> [578 575 577 527 528 529 530 531 532 533 576 574 573 571 570 569 572 534 535 536 537 538 539 544 545 546 547 548 549 541 540 543 542 568 567 566 565 564 563 562 554 553 550 551 552] -> PORT-591 | load_left=36579 load_right=44719 cap=45000
Set parameter Username
Set parameter LicenseID to value 2738882
Academic license - for non-commercial use only - expires 2026-11-14
Set parameter TimeLimit to value 360
Set parameter Seed to value 67199669
Set parameter Threads to value 4
Set parameter OutputFlag to value 1
Set parameter LogToConsole to value 1
Set parameter LazyConstraints to value 1
Gurobi Optimizer version 13.0.0 build v13.0.0rc1 (linux64 - "Debian GNU/Linux 13 (trixie)")

CPU model: AMD Ryzen 9 5950X 16-Core Processor, instruction set [SSE2|AVX|AVX2]
Thread count: 16 physical cores, 32 logical processors, using up to 4 threads

Non-default parameters:
TimeLimit  360
Seed  67199669
Threads  4
LazyConstraints  1

Optimize a model with 16090 rows, 44652 columns and 89292 nonzeros (Min)
Model fingerprint: 0x5dcd60ed
Model has 14640 linear objective coefficients
Variable types: 29768 continuous, 14884 integer (14884 binary)
Coefficient statistics:
  Matrix range     [1e+00, 4e+04]
  Objective range  [5e-05, 1e+05]
  Bounds range     [1e+00, 4e+04]
  RHS range        [1e+00, 1e+04]
Presolve removed 1332 rows and 15673 columns
Presolve time: 0.15s
Presolved: 14758 rows, 28979 columns, 86761 nonzeros
Variable types: 14278 continuous, 14701 integer (14701 binary)

Root relaxation: objective 4.910162e+02, 39673 iterations, 3.95 seconds (10.95 work units)

    Nodes    |    Current Node    |     Objective Bounds      |     Work
 Expl Unexpl |  Obj  Depth IntInf | Incumbent    BestBd   Gap | It/Node Time

     0     0  491.01618    0  185          -  491.01618      -     -    4s
H    0     0                    2369.9362069  491.01618  79.3%     -    4s
     0     0  491.01618    0  185 2369.93621  491.01618  79.3%     -    5s
H    0     0                     854.5399824  491.01618  42.5%     -   12s
H    0     0                     780.3297879  491.01618  37.1%     -   14s
     0     0  491.01618    0  185  780.32979  491.01618  37.1%     -   14s
     0     0  496.96782    0  229  780.32979  496.96782  36.3%     -   15s
H    0     0                     773.7423837  497.06463  35.8%     -   15s
H    0     0                     767.7097830  497.06463  35.3%     -   16s
H    0     0                     587.5685847  497.06463  15.4%     -   16s
H    0     0                     587.4947452  497.06463  15.4%     -   18s
H    0     0                     584.6288378  497.06463  15.0%     -   19s
H    0     0                     584.6266474  497.06463  15.0%     -   21s
H    0     0                     584.5491946  497.06463  15.0%     -   22s
     0     0  497.86101    0  233  584.54919  497.86101  14.8%     -   22s
     0     0  503.69780    0  232  584.54919  503.69780  13.8%     -   23s
     0     0  503.69780    0  184  584.54919  503.69780  13.8%     -   26s
     0     0  503.69780    0  233  584.54919  503.69780  13.8%     -   27s
H    0     0                     584.5491598  504.75562  13.7%     -   28s
     0     0  508.68932    0  246  584.54916  508.68932  13.0%     -   28s
     0     0  508.86757    0  239  584.54916  508.86757  12.9%     -   28s
     0     0  508.86870    0  239  584.54916  508.86870  12.9%     -   28s
     0     0  510.26537    0  272  584.54916  510.26537  12.7%     -   28s
     0     0  510.26629    0  269  584.54916  510.26629  12.7%     -   28s
     0     0  514.71302    0  264  584.54916  514.71302  11.9%     -   29s
     0     0  514.87122    0  276  584.54916  514.87122  11.9%     -   29s
     0     0  514.87306    0  277  584.54916  514.87306  11.9%     -   29s
     0     0  516.48709    0  280  584.54916  516.48709  11.6%     -   30s
     0     0  516.59928    0  277  584.54916  516.59928  11.6%     -   30s
     0     0  516.64105    0  281  584.54916  516.64105  11.6%     -   30s
     0     0  516.64168    0  282  584.54916  516.64168  11.6%     -   30s
     0     0  516.99388    0  270  584.54916  516.99388  11.6%     -   30s
     0     0  517.00776    0  269  584.54916  517.00776  11.6%     -   31s
     0     0  517.00838    0  270  584.54916  517.00838  11.6%     -   31s
     0     0  517.46306    0  274  584.54916  517.46306  11.5%     -   31s
     0     0  517.47111    0  278  584.54916  517.47111  11.5%     -   31s
     0     0  517.47340    0  276  584.54916  517.47340  11.5%     -   31s
     0     0  517.66023    0  278  584.54916  517.66023  11.4%     -   31s
     0     0  517.67909    0  283  584.54916  517.67909  11.4%     -   32s
     0     0  517.67909    0  283  584.54916  517.67909  11.4%     -   32s
     0     0  517.99657    0  289  584.54916  517.99657  11.4%     -   32s
     0     0  518.03591    0  293  584.54916  518.03591  11.4%     -   32s
     0     0  518.08243    0  298  584.54916  518.08243  11.4%     -   32s
     0     0  518.09303    0  287  584.54916  518.09303  11.4%     -   32s
     0     0  518.09326    0  287  584.54916  518.09326  11.4%     -   32s
     0     0  518.20243    0  293  584.54916  518.20243  11.4%     -   32s
     0     0  518.20696    0  296  584.54916  518.20696  11.3%     -   32s
     0     0  518.26029    0  285  584.54916  518.26029  11.3%     -   32s
     0     0  518.26740    0  280  584.54916  518.26740  11.3%     -   33s
     0     0  518.26869    0  276  584.54916  518.26869  11.3%     -   33s
     0     0  518.29260    0  282  584.54916  518.29260  11.3%     -   33s
     0     0  518.29815    0  282  584.54916  518.29815  11.3%     -   33s
     0     0  518.29815    0  282  584.54916  518.29815  11.3%     -   33s
     0     0  518.29815    0  271  584.54916  518.29815  11.3%     -   33s
     0     0  518.29815    0  193  584.54916  518.29815  11.3%     -   36s
     0     0  518.29815    0  258  584.54916  518.29815  11.3%     -   37s
     0     0  518.29815    0  256  584.54916  518.29815  11.3%     -   38s
     0     0  518.29815    0  285  584.54916  518.29815  11.3%     -   38s
     0     0  518.29815    0  276  584.54916  518.29815  11.3%     -   38s
     0     0  518.29815    0  282  584.54916  518.29815  11.3%     -   38s
     0     0  518.29815    0  290  584.54916  518.29815  11.3%     -   38s
     0     0  518.29815    0  295  584.54916  518.29815  11.3%     -   38s
     0     0  518.29815    0  289  584.54916  518.29815  11.3%     -   38s
     0     0  518.29815    0  287  584.54916  518.29815  11.3%     -   38s
     0     0  518.29815    0  288  584.54916  518.29815  11.3%     -   38s
     0     0  518.34388    0  295  584.54916  518.34388  11.3%     -   39s
     0     0  518.35127    0  295  584.54916  518.35127  11.3%     -   39s
     0     0  519.09908    0  302  584.54916  519.09908  11.2%     -   39s
     0     0  519.89854    0  298  584.54916  519.89854  11.1%     -   40s
     0     0  519.93771    0  296  584.54916  519.93771  11.1%     -   40s
     0     0  519.93771    0  296  584.54916  519.93771  11.1%     -   40s
     0     0  521.92029    0  291  584.54916  521.92029  10.7%     -   40s
     0     0  521.95750    0  295  584.54916  521.95750  10.7%     -   40s
     0     0  521.96000    0  304  584.54916  521.96000  10.7%     -   40s
     0     0  521.98862    0  295  584.54916  521.98862  10.7%     -   41s
     0     0  521.98931    0  298  584.54916  521.98931  10.7%     -   41s
     0     0  521.99090    0  298  584.54916  521.99090  10.7%     -   41s
     0     0  521.99213    0  300  584.54916  521.99213  10.7%     -   41s
     0     0  522.04973    0  296  584.54916  522.04973  10.7%     -   41s
     0     0  522.04973    0  296  584.54916  522.04973  10.7%     -   41s
     0     0  522.04973    0  284  584.54916  522.04973  10.7%     -   41s
     0     2  522.04973    0  283  584.54916  522.04973  10.7%     -   43s
    11    26  525.60363    4  148  584.54916  523.34757  10.5%  1406   45s
   478   521  552.08199  143  107  584.54916  523.34757  10.5%   229   50s
  1076   998  568.39007  200  232  584.54916  524.59034  10.3%   188   57s
  1079  1000  551.25777  128  247  584.54916  524.59034  10.3%   187   61s
  1101  1015  569.21593  182  284  584.54916  526.08797  10.0%   183   65s
  1120  1027  581.80358  112  302  584.54916  530.22019  9.29%   180   70s
  1148  1046  533.20654   16  335  584.54916  533.20654  8.78%   176   75s
  1175  1064  535.55214   39  331  584.54916  534.63770  8.54%   172   80s
  1220  1094  581.80358  112  328  584.54916  535.32889  8.42%   166   85s
  1245  1112  548.62606   41  264  584.54916  535.41973  8.40%   226   90s
  1272  1130  541.49558   58  325  584.54916  538.01961  7.96%   221   95s
  1292  1143  556.85438  125  325  584.54916  538.52190  7.87%   218  100s
  1326  1166  569.17174  194  348  584.54916  539.65327  7.68%   212  105s
  1362  1190  553.56651   75  353  584.54916  540.16366  7.59%   206  110s
H 1374  1135                     584.5491056  540.21648  7.58%   205  116s
H 1374  1076                     584.5491055  540.21648  7.58%   205  116s
  1376  1080  540.55051   20  229  584.54911  540.21648  7.58%   247  120s
  1449  1134  546.92624   32  174  584.54911  540.42016  7.55%   267  125s
  1641  1213  565.95439   50  162  584.54911  540.42016  7.55%   263  130s
  1870  1221  568.84774   66  170  584.54911  540.42016  7.55%   258  135s
  2499  1467  556.54964   43  197  584.54911  540.67993  7.50%   245  140s
  3196  1725  569.61182   87  149  584.54911  542.63105  7.17%   237  145s
  3801  1966  576.31466   66  173  584.54911  543.45265  7.03%   243  150s
  4262  2127  574.16025   45  152  584.54911  543.49918  7.02%   236  155s
  4947  2478  576.57813   56  168  584.54911  544.18104  6.91%   232  160s
  5840  3114  549.85045   36  156  584.54911  544.63803  6.83%   227  166s
  6823  3770  549.66802   40  173  584.54911  544.98348  6.77%   218  170s
  7702  4425  547.57538   27  238  584.54911  545.27371  6.72%   217  176s
  8180  4705  569.05366   67  112  584.54911  545.39595  6.70%   214  180s
  9202  5551  553.39549   34  195  584.54911  545.76338  6.64%   209  186s
  9973  6027  554.15866   29  172  584.54911  546.05817  6.58%   205  191s
 10968  6920  557.85916   30  213  584.54911  546.19482  6.56%   203  197s
 11602  7447  554.33108   30  190  584.54911  546.29183  6.54%   201  200s
 13117  8293  566.59426   30  196  584.54911  546.47042  6.51%   193  205s
 14194  9035  547.90185   34  215  584.54911  546.81091  6.46%   192  211s
 14744  9537  555.89657   43  179  584.54911  546.89389  6.44%   193  217s
 15350  9831  561.63017   33  189  584.54911  547.02950  6.42%   191  220s
 16315 10565  553.66614   39  193  584.54911  547.18458  6.39%   191  225s
 17453 11433  552.13773   50  202  584.54911  547.28997  6.37%   189  230s
 18853 12145  554.47810   33  166  584.54911  547.56465  6.33%   184  236s
 19861 12883  569.91088   61  167  584.54911  547.65940  6.31%   184  241s
 20845 13412  553.88368   49  149  584.54911  547.75309  6.29%   184  245s
 21996 13902  553.70379   42  174  584.54911  547.91550  6.27%   182  250s
 22940 14516  563.72908   43  179  584.54911  547.99274  6.25%   181  255s
 23913 15015  580.15494   35  183  584.54911  548.13807  6.23%   181  260s
 25480 15955  582.62152   46  142  584.54911  548.33170  6.20%   179  267s
 25896 16096     cutoff   57       584.54911  548.36235  6.19%   179  270s
 27403 17153  572.80003   51  161  584.54911  548.55706  6.16%   177  276s
 28487 17709  573.75042   50  181  584.54911  548.71697  6.13%   177  281s
 29502 18325  552.96544   32  206  584.54911  548.87168  6.10%   177  285s
 30525 18697  571.91770   34  126  584.54911  548.95932  6.09%   176  290s
 31927 19469  562.00260   44  210  584.54911  549.10446  6.06%   176  296s
 32799 19947  571.08129   46  143  584.54911  549.21993  6.04%   176  301s
 33809 20446  575.13409   40  202  584.54911  549.35802  6.02%   176  305s
 35145 21310  561.12464   43  184  584.54911  549.52406  5.99%   177  312s
 36351 21796  575.62917   29  185  584.54911  549.68198  5.96%   176  316s
 37245 22266  574.18736   38  179  584.54911  549.84561  5.94%   176  321s
 37820 22432  578.79936   46  168  584.54911  549.91367  5.93%   176  326s
 38553 22790  573.30369   60  138  584.54911  549.98855  5.91%   176  331s
 39272 23199  571.90182   34  187  584.54911  550.10533  5.89%   178  335s
 40489 23679  580.59798   58  178  584.54911  550.27442  5.86%   179  341s
 41374 24073  571.55513   47  170  584.54911  550.36469  5.85%   180  346s
 42134 24401  571.55637   36  127  584.54911  550.42185  5.84%   181  350s
 42907 24728  570.80624   45  156  584.54911  550.53802  5.82%   182  355s

Cutting planes:
  Gomory: 12
  Cover: 15
  Implied bound: 185
  Projected implied bound: 17
  Clique: 2
  MIR: 298
  Mixing: 2
  Flow cover: 261
  GUB cover: 1
  Inf proof: 8
  Zero half: 32
  RLT: 14
  Relax-and-lift: 34
  BQP: 7

Explored 43968 nodes (8221156 simplex iterations) in 360.00 seconds (1238.56 work units)
Thread count was 4 (of 32 available processors)

Solution count 10: 584.549 584.627 584.629 ... 2369.94

Time limit reached
Best objective 5.845491055067e+02, best bound 5.507064521669e+02, gap 5.7895%

User-callback calls 143002, time in user-callback 0.01 sec
Cap boundary reject: PORT-593 segment infeasible left=469.425 right=100204.027
Cap boundary reject: PORT-593 real=1000000000000000052504760255204420248704468581108159154915854115511802457988908195786371375080447864043704443832883878176942523235360430575644792184786706982848387200926575803737830233794788090059368953234970799945081119038967640880074652742780142494579258788820056842838115669472196386865459400540160.000 baseline=624.506
Set parameter Username
Set parameter LicenseID to value 2738882
Academic license - for non-commercial use only - expires 2026-11-14
Segment 1 eval: start=BOAT-0 end=PORT-588 stations=21 (optimize)
  Segment 1 order: -501 502 490 491 492 -493 477 -480 -481 479 466 467 468 469 470 -471 472 -122 -121 120 -119
Segment 2 eval: start=PORT-588 end=PORT-584 stations=17 (optimize)
  Segment 2 order: 118 -117 -116 115 476 478 475 473 -474 -465 -464 -460 461 485 486 487 488
Segment 3 eval: start=PORT-584 end=PORT-584 stations=18 (optimize)
  Segment 3 order: 503 450 451 452 453 454 455 456 457 458 459 -463 -484 462 -483 -482 -489 -500
Segment 4 eval: start=PORT-584 end=PORT-593 stations=33 (optimize)
  Segment 4 order: 504 -505 -449 -448 -447 -446 -445 439 -440 441 442 443 444 -506 507 508 509 510 511 514 -513 -512 435 436 437 438 434 -433 -432 -431 -430 -429 -428
Segment 5 eval: start=PORT-593 end=PORT-593 stations=15 (optimize)
  Segment 5 order: 515 516 522 523 -526 524 525 579 580 -521 -520 -519 -518 -517 -427
Segment 6 eval: start=PORT-593 end=PORT-591 stations=45 (optimize)
  Segment 6 order: -575 577 578 527 528 529 530 531 532 -533 -576 -574 -573 -571 -570 -569 572 534 535 -536 537 538 539 544 545 546 547 -548 -549 -541 -540 -543 542 -568 -567 -566 -565 -564 -563 -562 -554 553 550 551 552
Segment 7 eval: start=PORT-591 end=PORT-582 stations=121 (optimize)
  Segment 7 order: -346 276 277 278 279 280 281 557 -556 282 283 -284 555 558 559 -561 560 285 286 287 288 289 290 291 292 293 294 -295 296 297 306 -305 -298 299 300 301 302 304 -303 307 308 309 -310 311 312 -313 314 315 316 317 318 319 320 340 341 342 343 344 345 334 335 336 337 338 339 321 322 323 324 325 -327 328 330 -332 -331 -329 -326 349 350 351 352 353 -354 355 356 357 358 359 360 361 362 -348 333 347 363 -364 365 366 367 368 -425 -424 422 423 -421 420 -417 381 426 369 370 371 372 373 -374 375 376 377 378 379 380
Segment 8 eval: start=PORT-582 end=PORT-581 stations=53 (optimize)
  Segment 8 order: 57 59 -58 60 -64 65 -63 61 62 -386 -385 -384 -383 -382 414 419 -418 -416 415 413 -412 -411 410 -408 -409 404 407 -406 -405 -403 -402 387 388 389 390 391 392 393 394 395 401 400 -399 -398 -397 -396 -47 -46 -45 -44 -43 -42 -41
Segment 9 eval: start=PORT-581 end=PORT-583 stations=88 (optimize)
  Segment 9 order: 56 55 -54 -53 -52 -51 -50 -49 -48 -40 -39 -38 -37 66 67 68 69 70 77 -76 71 74 -73 -72 -75 -78 -79 27 29 30 -33 34 35 36 32 31 -28 -26 93 -92 94 91 80 81 82 83 84 85 -86 87 -88 89 -90 95 96 2 1 3 4 -25 -24 -23 -22 -21 20 -19 -18 -17 -16 -15 -14 -13 -12 -11 -10 -5 6 7 8 9 143 -142 -144 145 146 147 148 149
Segment 10 eval: start=PORT-583 end=PORT-583 stations=63 (optimize)
  Segment 10 order: -132 -181 -180 -229 -228 -179 -135 136 137 152 -151 139 -138 -141 -140 150 -158 157 153 154 155 156 -159 160 161 162 163 164 165 166 167 168 169 170 171 172 173 174 175 176 177 182 183 184 185 186 187 188 189 -190 223 224 226 178 227 -231 235 -234 -233 -232 -230 -134 -133
Segment 11 eval: start=PORT-583 end=PORT-588 stations=53 (optimize)
  Segment 11 order: -225 -222 -221 -220 -219 191 -218 192 193 194 195 196 197 198 203 204 -202 199 -200 201 205 206 207 208 209 210 211 212 213 -217 -216 214 215 -237 238 243 244 250 -251 249 -248 -245 247 -246 -242 241 -240 -239 -236 97 98 99 100
Segment 12 eval: start=PORT-588 end=PORT-588 stations=33 (optimize)
  Segment 12 order: 110 -270 -269 -268 264 265 267 266 123 124 125 -126 127 -263 -262 -261 -260 -259 258 128 129 130 131 -256 257 -255 -254 -252 -253 -271 272 273 -109
Segment 13 eval: start=PORT-588 end=BOAT-END stations=20 (optimize)
  Segment 13 order: -107 -106 -105 104 -103 -102 -101 108 274 111 275 -114 494 -113 -112 495 496 497 498 499
Cap boundary debug: PORT-593 -> [578 575 577 527 528 529 530 531 532 533 576 574 573 571 570 569 572 534 535 536 537 538 539 544 545 546 547 548 549 541 540 543 542 568 567 566 565 564 563 562 554 553 550 551 552] -> PORT-591 -> [285 284 555 558 560 561 559 557 556 282 283 287 286 290 291 292 293 294 295 296 297 306 305 298 299 300 301 302 304 303 307 308 309 311 310 289 288 312 313 314 315 316 317 318 319 320 340 343 342 341 281 280 279 278 277 276 346 345 344 334 333 347 363 348 332 331 330 329 328 336 335 337 338 339 321 322 323 324 325 327 326 349 350 351 352 353 354 355 356 357 358 359 360 361 362 364 365 366 367 368 426 369 370 371 372 373 374 375 376 377 378 379 380 381 425 417 424 422 423 421 420] -> PORT-582 | load_left=44719 load_right=44241 cap=45000
Set parameter Username
Set parameter LicenseID to value 2738882
Academic license - for non-commercial use only - expires 2026-11-14
Set parameter TimeLimit to value 360
Set parameter Seed to value 222870872
Set parameter Threads to value 4
Set parameter OutputFlag to value 1
Set parameter LogToConsole to value 1
Set parameter LazyConstraints to value 1
Gurobi Optimizer version 13.0.0 build v13.0.0rc1 (linux64 - "Debian GNU/Linux 13 (trixie)")

CPU model: AMD Ryzen 9 5950X 16-Core Processor, instruction set [SSE2|AVX|AVX2]
Thread count: 16 physical cores, 32 logical processors, using up to 4 threads

Non-default parameters:
TimeLimit  360
Seed  222870872
Threads  4
LazyConstraints  1

Optimize a model with 116242 rows, 338688 columns and 677364 nonzeros (Min)
Model fingerprint: 0xcb37253c
Model has 112224 linear objective coefficients
Variable types: 225792 continuous, 112896 integer (112896 binary)
Coefficient statistics:
  Matrix range     [1e+00, 4e+04]
  Objective range  [4e-01, 1e+05]
  Bounds range     [1e+00, 4e+04]
  RHS range        [1e+00, 1e+04]
Presolve removed 3686 rows and 115076 columns
Presolve time: 0.76s
Presolved: 112556 rows, 223612 columns, 671137 nonzeros
Variable types: 111220 continuous, 112392 integer (112392 binary)
Root relaxation presolved: 112556 rows, 223612 columns, 671137 nonzeros

Deterministic concurrent LP optimizer: primal simplex, dual simplex, and barrier
Showing barrier log only...

Root barrier log...

Ordering time: 0.07s

Barrier statistics:
 AA' NZ     : 6.730e+05
 Factor NZ  : 1.449e+06 (roughly 150 MB of memory)
 Factor Ops : 7.873e+08 (less than 1 second per iteration)
 Threads    : 2

                  Objective                Residual
Iter       Primal          Dual         Primal    Dual     Compl     Time
   0   2.17064420e+10 -5.02145248e+13  2.96e+05 2.87e+04  1.50e+08     2s
   1   9.74708082e+09 -3.42008027e+13  1.33e+05 1.95e+04  8.65e+07     2s
   2   6.87412524e+09 -1.70661601e+12  9.40e+04 4.66e-10  1.87e+07     2s
   3   2.19003293e+09 -5.77080346e+11  2.99e+04 7.99e-10  5.85e+06     2s
   4   5.75656707e+08 -4.91143847e+11  7.85e+03 7.29e-10  2.13e+06     2s
   5   5.12408140e+08 -3.21017004e+11  6.98e+03 4.82e-10  1.64e+06     2s
   6   2.45444392e+08 -2.03879455e+11  3.33e+03 4.98e-10  8.60e+05     2s
   7   1.20488814e+07 -7.83229090e+10  1.36e+02 4.47e-10  1.58e+05     2s
   8   8.36993436e+06 -1.09870060e+10  8.59e+01 3.19e-10  2.73e+04     2s
   9   7.87946990e+06 -9.99586577e+09  7.90e+01 2.87e-10  2.47e+04     2s
  10   6.35548775e+06 -8.27846785e+09  5.85e+01 8.15e-10  1.93e+04     2s
  11   5.19991284e+06 -5.94912745e+09  4.31e+01 1.94e-09  1.33e+04     2s
  12   4.01053966e+06 -3.79576922e+09  2.66e+01 1.71e-09  7.96e+03     2s
  13   3.37403599e+06 -1.24386682e+09  1.72e+01 2.03e-08  2.53e+03     3s
  14   2.49924924e+06 -1.97370761e+08  5.05e+00 7.25e-09  3.81e+02     3s
  15   2.17400299e+06 -4.62426817e+07  1.94e+00 4.53e-09  9.03e+01     3s
  16   1.72683085e+06 -4.05564796e+07  5.12e-01 5.53e-09  7.66e+01     3s
  17   1.20812530e+06 -1.44183180e+07  9.60e-02 4.15e-09  2.81e+01     3s
  18   4.22366723e+05 -1.66156724e+06  1.16e-07 3.59e-09  3.73e+00     3s
  19   1.91832217e+04 -4.45721889e+04  1.78e-08 2.97e-09  1.14e-01     3s
  20   1.23560227e+04 -2.17195574e+04  6.48e-10 3.89e-09  6.10e-02     3s
  21   9.58920270e+03 -1.39360161e+04  4.44e-12 4.43e-09  4.21e-02     3s
  22   6.35116202e+03 -5.03977790e+03  1.26e-10 5.05e-09  2.04e-02     3s
  23   3.33096399e+03 -1.17237094e+03  8.82e-11 4.78e-09  8.06e-03     3s
  24   1.93660730e+03 -1.20470509e+01  5.54e-10 5.06e-09  3.49e-03     3s
  25   1.62263738e+03  5.07879613e+02  2.13e-10 3.97e-09  2.00e-03     3s
  26   1.46856324e+03  9.76685108e+02  8.90e-11 3.58e-09  8.81e-04     3s
  27   1.39820244e+03  1.19380162e+03  4.50e-11 3.23e-09  3.66e-04     4s
  28   1.35242365e+03  1.26261398e+03  2.29e-11 3.17e-09  1.61e-04     4s
  29   1.33050527e+03  1.27287180e+03  1.06e-11 5.78e-09  1.03e-04     4s
  30   1.31686553e+03  1.28420165e+03  4.79e-12 5.95e-09  5.85e-05     4s
  31   1.31064308e+03  1.29198791e+03  6.21e-12 6.07e-09  3.34e-05     4s
  32   1.30731762e+03  1.29953224e+03  5.80e-12 3.42e-09  1.39e-05     4s
  33   1.30627559e+03  1.30244389e+03  6.71e-12 4.22e-09  6.86e-06     4s
  34   1.30566901e+03  1.30533932e+03  1.18e-09 3.11e-09  5.90e-07     4s
  35   1.30556977e+03  1.30548994e+03  9.04e-10 3.06e-09  1.43e-07     4s
  36   1.30552104e+03  1.30550181e+03  2.04e-10 3.39e-09  3.44e-08     4s
  37   1.30550610e+03  1.30550426e+03  4.94e-09 2.74e-09  3.29e-09     4s
  38   1.30550442e+03  1.30550440e+03  7.30e-10 3.62e-09  3.65e-11     4s
  39   1.30550441e+03  1.30550441e+03  2.98e-10 3.72e-09  4.94e-13     4s

Barrier solved model in 39 iterations and 4.49 seconds (6.48 work units)
Optimal objective 1.30550441e+03

Crossover time: 0.27 seconds (0.50 work units)
Concurrent spin time: 0.01s

Solved with barrier

Root relaxation: objective 1.305504e+03, 47235 iterations, 3.64 seconds (4.43 work units)

    Nodes    |    Current Node    |     Objective Bounds      |     Work
 Expl Unexpl |  Obj  Depth IntInf | Incumbent    BestBd   Gap | It/Node Time

     0     0 1305.50441    0  487          - 1305.50441      -     -   14s
     0     0 1305.50441    0  487          - 1305.50441      -     -   21s
H    0     0                    1856.3199362 1305.50441  29.7%     -   27s
H    0     0                    1822.0094159 1305.50441  28.3%     -   28s
H    0     0                    1810.7467281 1305.50441  27.9%     -   29s
H    0     0                    1793.3960027 1305.50441  27.2%     -   31s
H    0     0                    1792.5088888 1305.50441  27.2%     -   32s
H    0     0                    1735.8621557 1305.50441  24.8%     -   35s
H    0     0                    1703.3856674 1305.50441  23.4%     -   37s
H    0     0                    1698.7401982 1305.50441  23.1%     -   41s
H    0     0                    1695.1084520 1305.50441  23.0%     -   42s
H    0     0                    1687.9938719 1305.50441  22.7%     -   42s
     0     0 1305.50441    0  484 1687.99387 1305.50441  22.7%     -   46s
     0     0 1310.80838    0  595 1687.99387 1310.80838  22.3%     -   66s
H    0     0                    1662.1278004 1310.84225  21.1%     -   67s
     0     0 1310.87474    0  579 1662.12780 1310.87474  21.1%     -   77s
     0     0 1310.87476    0  578 1662.12780 1310.87476  21.1%     -   77s
     0     0 1315.32105    0  588 1662.12780 1315.32105  20.9%     -  114s
     0     0 1315.37889    0  588 1662.12780 1315.37889  20.9%     -  115s
     0     0 1319.57391    0  604 1662.12780 1319.57391  20.6%     -  143s
H    0     0                    1612.6928956 1319.57391  18.2%     -  147s
H    0     0                    1610.8068792 1319.57391  18.1%     -  148s
     0     0 1319.57508    0  623 1610.80688 1319.57508  18.1%     -  159s
     0     0 1322.60693    0  599 1610.80688 1322.60693  17.9%     -  176s
     0     0 1322.61054    0  618 1610.80688 1322.61054  17.9%     -  177s
     0     0 1322.98016    0  630 1610.80688 1322.98016  17.9%     -  190s
     0     0 1322.98035    0  629 1610.80688 1322.98035  17.9%     -  191s
     0     0 1323.62715    0  631 1610.80688 1323.62715  17.8%     -  232s
H    0     0                    1597.1972779 1323.62715  17.1%     -  235s
     0     0 1324.01987    0  630 1597.19728 1324.01987  17.1%     -  236s
     0     0 1324.01988    0  627 1597.19728 1324.01988  17.1%     -  236s
     0     0 1324.45925    0  643 1597.19728 1324.45925  17.1%     -  252s
     0     0 1324.63725    0  647 1597.19728 1324.63725  17.1%     -  253s
     0     0 1324.63866    0  646 1597.19728 1324.63866  17.1%     -  253s
     0     0 1325.54702    0  651 1597.19728 1325.54702  17.0%     -  267s
H    0     0                    1592.0892733 1325.54702  16.7%     -  268s
H    0     0                    1591.2867380 1325.54702  16.7%     -  269s
     0     0 1326.20831    0  648 1591.28674 1326.20831  16.7%     -  273s
     0     0 1326.24578    0  646 1591.28674 1326.24578  16.7%     -  273s
     0     0 1326.24592    0  647 1591.28674 1326.24592  16.7%     -  273s
     0     0 1326.51045    0  654 1591.28674 1326.51045  16.6%     -  296s
     0     0 1326.52228    0  654 1591.28674 1326.52228  16.6%     -  299s
     0     0 1326.53888    0  662 1591.28674 1326.53888  16.6%     -  300s
     0     0 1326.53888    0  656 1591.28674 1326.53888  16.6%     -  300s
     0     0 1326.63615    0  655 1591.28674 1326.63615  16.6%     -  314s
H    0     0                    1580.8840158 1326.63615  16.1%     -  318s
H    0     0                    1572.4465223 1326.63615  15.6%     -  319s
H    0     0                    1563.6874382 1326.63615  15.2%     -  321s
H    0     0                    1548.5091527 1326.63615  14.3%     -  326s
     0     0 1326.63615    0  659 1548.50915 1326.63615  14.3%     -  329s
     0     0 1326.71489    0  669 1548.50915 1326.71489  14.3%     -  338s
     0     0 1326.71879    0  672 1548.50915 1326.71879  14.3%     -  340s
     0     0 1327.08844    0  671 1548.50915 1327.08844  14.3%     -  356s
     0     0 1327.08861    0  673 1548.50915 1327.08861  14.3%     -  358s

Cutting planes:
  Gomory: 1
  Cover: 5
  Implied bound: 187
  Clique: 1
  MIR: 37
  Flow cover: 86
  Zero half: 71
  RLT: 4
  Relax-and-lift: 258
  BQP: 1
  Lazy constraints: 4

Explored 1 nodes (316832 simplex iterations) in 360.03 seconds (889.37 work units)
Thread count was 4 (of 32 available processors)

Solution count 10: 1548.51 1563.69 1572.45 ... 1662.13

Time limit reached
Best objective 1.548509152721e+03, best bound 1.327088611666e+03, gap 14.2989%

User-callback calls 17596, time in user-callback 0.02 sec
Cap boundary reject: PORT-591 real=1918.160 baseline=1444.448
Set parameter Username
Set parameter LicenseID to value 2738882
Academic license - for non-commercial use only - expires 2026-11-14
Segment 1 eval: start=BOAT-0 end=PORT-588 stations=21 (optimize)
  Segment 1 order: -501 502 490 491 492 -493 477 -480 -481 479 466 467 468 469 470 -471 472 -122 -121 120 -119
Segment 2 eval: start=PORT-588 end=PORT-584 stations=17 (optimize)
  Segment 2 order: 118 -117 -116 115 476 478 475 473 -474 -465 -464 -460 461 485 486 487 488
Segment 3 eval: start=PORT-584 end=PORT-584 stations=18 (optimize)
  Segment 3 order: 503 450 451 452 453 454 455 456 457 458 459 -463 -484 462 -483 -482 -489 -500
Segment 4 eval: start=PORT-584 end=PORT-593 stations=33 (optimize)
  Segment 4 order: 504 -505 -449 -448 -447 -446 -445 439 -440 441 442 443 444 -506 507 508 509 510 511 514 -513 -512 435 436 437 438 434 -433 -432 -431 -430 -429 -428
Segment 5 eval: start=PORT-593 end=PORT-593 stations=15 (optimize)
  Segment 5 order: 515 516 522 523 -526 524 525 579 580 -521 -520 -519 -518 -517 -427
Segment 6 eval: start=PORT-593 end=PORT-591 stations=45 (optimize)
  Segment 6 order: -575 577 578 527 528 529 530 531 532 -533 -576 -574 -573 -571 -570 -569 572 534 535 -536 537 538 539 544 545 546 547 -548 -549 -541 -540 -543 542 -568 -567 -566 -565 -564 -563 -562 -554 553 550 551 552
Segment 7 eval: start=PORT-591 end=PORT-582 stations=122 (optimize)
  Segment 7 order: -346 276 277 278 279 280 281 557 -556 282 283 -284 555 558 559 -561 560 285 286 287 288 289 290 291 292 293 294 -295 296 297 306 -305 -298 299 300 301 302 304 -303 307 308 309 -310 311 312 -313 314 315 316 317 318 319 320 340 341 342 343 344 345 334 335 336 337 338 339 321 322 323 324 325 -327 328 330 -332 -331 -329 -326 349 350 351 352 353 -354 355 356 357 358 359 360 361 362 -348 333 347 363 -364 365 366 367 368 -425 -424 422 423 -421 420 -418 -417 381 426 369 370 371 372 373 -374 375 376 377 378 379 380
Segment 8 eval: start=PORT-582 end=PORT-581 stations=52 (optimize)
  Segment 8 order: 57 59 -58 60 -64 65 -63 61 62 -386 -385 -384 -383 -419 -382 414 -416 415 413 -412 -411 410 -408 -409 404 407 -406 -405 -403 -402 387 388 389 390 391 392 393 394 395 401 400 -399 -398 -397 -396 -47 -46 -45 -44 -43 -42 -41
Segment 9 eval: start=PORT-581 end=PORT-583 stations=88 (optimize)
  Segment 9 order: 56 55 -54 -53 -52 -51 -50 -49 -48 -40 -39 -38 -37 66 67 68 69 70 77 -76 71 74 -73 -72 -75 -78 -79 27 29 30 -33 34 35 36 32 31 -28 -26 93 -92 94 91 80 81 82 83 84 85 -86 87 -88 89 -90 95 96 2 1 3 4 -25 -24 -23 -22 -21 20 -19 -18 -17 -16 -15 -14 -13 -12 -11 -10 -5 6 7 8 9 143 -142 -144 145 146 147 148 149
Segment 10 eval: start=PORT-583 end=PORT-583 stations=63 (optimize)
  Segment 10 order: -132 -181 -180 -229 -228 -179 -135 136 137 152 -151 139 -138 -141 -140 150 -158 157 153 154 155 156 -159 160 161 162 163 164 165 166 167 168 169 170 171 172 173 174 175 176 177 182 183 184 185 186 187 188 189 -190 223 224 226 178 227 -231 235 -234 -233 -232 -230 -134 -133
Segment 11 eval: start=PORT-583 end=PORT-588 stations=53 (optimize)
  Segment 11 order: -225 -222 -221 -220 -219 191 -218 192 193 194 195 196 197 198 203 204 -202 199 -200 201 205 206 207 208 209 210 211 212 213 -217 -216 214 215 -237 238 243 244 250 -251 249 -248 -245 247 -246 -242 241 -240 -239 -236 97 98 99 100
Segment 12 eval: start=PORT-588 end=PORT-588 stations=33 (optimize)
  Segment 12 order: 110 -270 -269 -268 264 265 267 266 123 124 125 -126 127 -263 -262 -261 -260 -259 258 128 129 130 131 -256 257 -255 -254 -252 -253 -271 272 273 -109
Segment 13 eval: start=PORT-588 end=BOAT-END stations=20 (optimize)
  Segment 13 order: -107 -106 -105 104 -103 -102 -101 108 274 111 275 -114 494 -113 -112 495 496 497 498 499
Cap boundary debug: PORT-591 -> [285 284 555 558 560 561 559 557 556 282 283 287 286 290 291 292 293 294 295 296 297 306 305 298 299 300 301 302 304 303 307 308 309 311 310 289 288 312 313 314 315 316 317 318 319 320 340 343 342 341 281 280 279 278 277 276 346 345 344 334 333 347 363 348 332 331 330 329 328 336 335 337 338 339 321 322 323 324 325 327 326 349 350 351 352 353 354 355 356 357 358 359 360 361 362 364 365 366 367 368 426 369 370 371 372 373 374 375 376 377 378 379 380 381 425 417 424 422 423 421 420 418] -> PORT-582 -> [419 416 415 413 412 411 410 409 408 407 406 405 404 414 382 383 384 403 402 385 386 387 388 389 390 391 62 61 60 58 59 57 64 65 63 392 393 394 395 401 400 399 398 397 396 47 46 45 44 43 42 41] -> PORT-581 | load_left=44433 load_right=44801 cap=45000
Set parameter Username
Set parameter LicenseID to value 2738882
Academic license - for non-commercial use only - expires 2026-11-14
Set parameter TimeLimit to value 360
Set parameter Seed to value 1588696424
Set parameter Threads to value 4
Set parameter OutputFlag to value 1
Set parameter LogToConsole to value 1
Set parameter LazyConstraints to value 1
Gurobi Optimizer version 13.0.0 build v13.0.0rc1 (linux64 - "Debian GNU/Linux 13 (trixie)")

CPU model: AMD Ryzen 9 5950X 16-Core Processor, instruction set [SSE2|AVX|AVX2]
Thread count: 16 physical cores, 32 logical processors, using up to 4 threads

Non-default parameters:
TimeLimit  360
Seed  1588696424
Threads  4
LazyConstraints  1

Optimize a model with 127410 rows, 371712 columns and 743412 nonzeros (Min)
Model fingerprint: 0xc9203794
Model has 123200 linear objective coefficients
Variable types: 247808 continuous, 123904 integer (123904 binary)
Coefficient statistics:
  Matrix range     [1e+00, 4e+04]
  Objective range  [4e-01, 1e+05]
  Bounds range     [1e+00, 4e+04]
  RHS range        [1e+00, 1e+04]
Presolve removed 3862 rows and 126188 columns
Presolve time: 0.86s
Presolved: 123548 rows, 245524 columns, 736825 nonzeros
Variable types: 122148 continuous, 123376 integer (123376 binary)
Root relaxation presolved: 123548 rows, 245524 columns, 736825 nonzeros

Deterministic concurrent LP optimizer: primal simplex, dual simplex, and barrier
Showing barrier log only...

Root barrier log...

Ordering time: 0.08s

Barrier statistics:
 AA' NZ     : 7.387e+05
 Factor NZ  : 1.591e+06 (roughly 160 MB of memory)
 Factor Ops : 9.063e+08 (less than 1 second per iteration)
 Threads    : 2

                  Objective                Residual
Iter       Primal          Dual         Primal    Dual     Compl     Time
   0   3.32863280e+10 -7.73497204e+13  3.12e+05 1.46e-11  2.11e+08     2s
   1   1.57026975e+10 -5.27954864e+13  1.47e+05 2.79e+04  1.23e+08     2s
   2   1.11446075e+10 -2.95455085e+12  1.05e+05 6.98e-10  2.77e+07     2s
   3   4.10453459e+09 -1.12222154e+12  3.85e+04 5.82e-10  1.00e+07     2s
   4   1.60789173e+09 -7.23713558e+11  1.51e+04 5.79e-10  4.34e+06     2s
   5   2.07060979e+08 -4.63193881e+11  1.91e+03 6.13e-10  1.15e+06     2s
   6   9.46033513e+06 -1.70841577e+11  5.91e+01 8.11e-10  2.89e+05     2s
   7   4.39751943e+06 -2.63462456e+10  1.16e+01 5.84e-09  4.42e+04     2s
   8   4.13059318e+06 -2.10267495e+10  9.06e+00 5.71e-09  3.52e+04     2s
   9   3.94946298e+06 -1.62921759e+10  7.22e+00 6.04e-09  2.73e+04     2s
  10   3.72923888e+06 -1.33936640e+10  5.10e+00 1.34e-08  2.22e+04     2s
  11   3.55945941e+06 -7.93401759e+09  3.49e+00 1.10e-08  1.31e+04     3s
  12   3.37556673e+06 -1.68125041e+09  1.84e+00 1.54e-08  2.78e+03     3s
  13   3.10720523e+06 -1.46559819e+08  8.66e-02 1.23e-08  2.44e+02     3s
  14   2.68626468e+06 -3.94581297e+07  1.91e-02 8.95e-09  6.87e+01     3s
  15   1.58574924e+06 -3.44929283e+07  5.26e-04 1.49e-08  5.88e+01     3s
  16   9.00838734e+05 -2.23336494e+07  8.79e-05 8.12e-09  3.79e+01     3s
  17   1.36832659e+05 -1.98685635e+06  1.02e-07 6.52e-09  3.46e+00     3s
  18   3.22490505e+04 -1.66299777e+05  6.44e-09 5.42e-09  3.24e-01     3s
  19   1.47140348e+04 -5.02181804e+04  1.15e-10 9.98e-09  1.06e-01     3s
  20   1.04570051e+04 -2.50880441e+04  8.82e-11 1.07e-08  5.80e-02     3s
  21   7.55402494e+03 -1.69575471e+04  1.95e-10 8.76e-09  4.00e-02     3s
  22   6.01827003e+03 -8.74435997e+03  9.48e-11 9.46e-09  2.41e-02     3s
  23   3.52073033e+03 -5.49588599e+03  2.11e-10 9.82e-09  1.47e-02     4s
  24   2.19746952e+03 -2.63832316e+03  1.62e-10 5.73e-09  7.89e-03     4s
  25   1.51226152e+03 -7.51926316e+02  8.31e-11 8.13e-09  3.69e-03     4s
  26   1.33068852e+03  3.17132635e+02  2.13e-11 6.80e-09  1.65e-03     4s
  27   1.24624362e+03  9.36678049e+02  9.14e-12 5.90e-09  5.05e-04     4s
  28   1.22665234e+03  1.07198494e+03  6.33e-12 8.15e-09  2.52e-04     4s
  29   1.21359310e+03  1.15976545e+03  5.98e-12 6.89e-09  8.78e-05     4s
  30   1.20890492e+03  1.18405931e+03  1.05e-11 8.37e-09  4.05e-05     4s
  31   1.20468570e+03  1.19539429e+03  9.33e-12 6.52e-09  1.52e-05     4s
  32   1.20380338e+03  1.19983522e+03  1.16e-11 8.60e-09  6.47e-06     4s
  33   1.20309301e+03  1.20140532e+03  9.47e-12 9.40e-09  2.75e-06     4s
  34   1.20300068e+03  1.20271396e+03  1.51e-10 7.09e-09  4.68e-07     5s
  35   1.20292368e+03  1.20291743e+03  6.23e-11 5.89e-09  1.02e-08     5s
  36   1.20292083e+03  1.20292078e+03  1.78e-08 3.96e-09  7.81e-11     5s
  37   1.20292080e+03  1.20292080e+03  6.55e-10 7.33e-09  3.56e-12     5s

Barrier solved model in 37 iterations and 4.84 seconds (7.05 work units)
Optimal objective 1.20292080e+03


Root crossover log...

       0 PPushes remaining with PInf 0.0000000e+00                 5s

  Push phase complete: Pinf 0.0000000e+00, Dinf 1.8201827e-01      5s


Root simplex log...

Iteration    Objective       Primal Inf.    Dual Inf.      Time
   44804    1.2029208e+03   0.000000e+00   1.820183e-01      5s
   46887    1.2029208e+03   0.000000e+00   0.000000e+00      5s
Crossover time: 0.35 seconds (0.69 work units)
Concurrent spin time: 0.00s

Solved with barrier

Root relaxation: objective 1.202921e+03, 46887 iterations, 3.93 seconds (4.90 work units)

    Nodes    |    Current Node    |     Objective Bounds      |     Work
 Expl Unexpl |  Obj  Depth IntInf | Incumbent    BestBd   Gap | It/Node Time

     0     0 1202.92080    0  626          - 1202.92080      -     -   18s
H    0     0                    1682.6302757 1202.92080  28.5%     -   24s
H    0     0                    1608.7712933 1202.92080  25.2%     -   26s
H    0     0                    1580.7997280 1202.92080  23.9%     -   28s
H    0     0                    1472.4748526 1202.92080  18.3%     -   29s
H    0     0                    1472.3166998 1202.92080  18.3%     -   32s
H    0     0                    1471.7395939 1202.92080  18.3%     -   33s
H    0     0                    1452.0191073 1202.92080  17.2%     -   33s
H    0     0                    1449.9517168 1202.92080  17.0%     -   33s
H    0     0                    1449.3746110 1202.92080  17.0%     -   34s
     0     0 1213.24313    0  590 1449.37461 1213.24313  16.3%     -  105s
     0     0 1213.24313    0  658 1449.37461 1213.24313  16.3%     -  120s
H    0     0                    1447.6352427 1213.24313  16.2%     -  123s
     0     0 1213.42934    0  636 1447.63524 1213.42934  16.2%     -  165s
H    0     0                    1434.5055474 1213.44990  15.4%     -  168s
H    0     0                    1413.8145427 1213.44990  14.2%     -  170s
H    0     0                    1408.6349331 1213.44990  13.9%     -  172s
     0     0 1213.44990    0  647 1408.63493 1213.44990  13.9%     -  179s
     0     0 1213.44990    0  647 1408.63493 1213.44990  13.9%     -  179s
     0     0 1217.25958    0  668 1408.63493 1217.25958  13.6%     -  204s
     0     0 1217.26253    0  677 1408.63493 1217.26253  13.6%     -  205s
     0     0 1217.26253    0  677 1408.63493 1217.26253  13.6%     -  205s
     0     0 1222.85495    0  722 1408.63493 1222.85495  13.2%     -  260s
H    0     0                    1402.0708190 1222.85495  12.8%     -  263s
H    0     0                    1387.7790835 1222.85495  11.9%     -  263s
H    0     0                    1385.0965186 1222.85495  11.7%     -  267s
     0     0 1222.89582    0  718 1385.09652 1222.89582  11.7%     -  283s
     0     0 1222.90431    0  718 1385.09652 1222.90431  11.7%     -  283s
     0     0 1222.90431    0  720 1385.09652 1222.90431  11.7%     -  284s
     0     0 1227.64039    0  695 1385.09652 1227.64039  11.4%     -  323s
     0     0 1227.64606    0  697 1385.09652 1227.64606  11.4%     -  328s
     0     0 1227.64606    0  696 1385.09652 1227.64606  11.4%     -  328s
     0     0 1227.87670    0  695 1385.09652 1227.87670  11.4%     -  357s
     0     0          -    0      1385.09652 1227.87670  11.4%     -  360s

Cutting planes:
  Gomory: 1
  Cover: 1
  Implied bound: 145
  Clique: 2
  MIR: 47
  Flow cover: 91
  Zero half: 80
  RLT: 2
  Relax-and-lift: 202
  BQP: 2

Explored 1 nodes (500620 simplex iterations) in 360.00 seconds (958.67 work units)
Thread count was 4 (of 32 available processors)

Solution count 10: 1385.1 1387.78 1402.07 ... 1452.02

Time limit reached
Best objective 1.385096518644e+03, best bound 1.227876700987e+03, gap 11.3508%

User-callback calls 16169, time in user-callback 0.01 sec
Cap boundary reject: PORT-582 real=1511.802 baseline=1405.416
Set parameter Username
Set parameter LicenseID to value 2738882
Academic license - for non-commercial use only - expires 2026-11-14
Segment 1 eval: start=BOAT-0 end=PORT-588 stations=21 (optimize)
  Segment 1 order: -501 502 490 491 492 -493 477 -480 -481 479 466 467 468 469 470 -471 472 -122 -121 120 -119
Segment 2 eval: start=PORT-588 end=PORT-584 stations=17 (optimize)
  Segment 2 order: 118 -117 -116 115 476 478 475 473 -474 -465 -464 -460 461 485 486 487 488
Segment 3 eval: start=PORT-584 end=PORT-584 stations=18 (optimize)
  Segment 3 order: 503 450 451 452 453 454 455 456 457 458 459 -463 -484 462 -483 -482 -489 -500
Segment 4 eval: start=PORT-584 end=PORT-593 stations=33 (optimize)
  Segment 4 order: 504 -505 -449 -448 -447 -446 -445 439 -440 441 442 443 444 -506 507 508 509 510 511 514 -513 -512 435 436 437 438 434 -433 -432 -431 -430 -429 -428
Segment 5 eval: start=PORT-593 end=PORT-593 stations=15 (optimize)
  Segment 5 order: 515 516 522 523 -526 524 525 579 580 -521 -520 -519 -518 -517 -427
Segment 6 eval: start=PORT-593 end=PORT-591 stations=45 (optimize)
  Segment 6 order: -575 577 578 527 528 529 530 531 532 -533 -576 -574 -573 -571 -570 -569 572 534 535 -536 537 538 539 544 545 546 547 -548 -549 -541 -540 -543 542 -568 -567 -566 -565 -564 -563 -562 -554 553 550 551 552
Segment 7 eval: start=PORT-591 end=PORT-582 stations=122 (optimize)
  Segment 7 order: -346 276 277 278 279 280 281 557 -556 282 283 -284 555 558 559 -561 560 285 286 287 288 289 290 291 292 293 294 -295 296 297 306 -305 -298 299 300 301 302 304 -303 307 308 309 -310 311 312 -313 314 315 316 317 318 319 320 340 341 342 343 344 345 334 335 336 337 338 339 321 322 323 324 325 -327 328 330 -332 -331 -329 -326 349 350 351 352 353 -354 355 356 357 358 359 360 361 362 -348 333 347 363 -364 365 366 367 368 -425 -424 422 423 -421 420 -418 -417 381 426 369 370 371 372 373 -374 375 376 377 378 379 380
Segment 8 eval: start=PORT-582 end=PORT-581 stations=53 (optimize)
  Segment 8 order: 57 59 -58 60 -64 65 -63 61 62 -386 -385 -384 -383 -419 -382 414 -416 415 413 -412 -411 410 -408 -409 404 407 -406 -405 -403 -402 387 388 389 390 391 392 393 394 395 401 400 -399 -398 -397 -396 -47 -46 -45 -44 -43 -42 -41 -40
Segment 9 eval: start=PORT-581 end=PORT-583 stations=87 (optimize)
  Segment 9 order: 56 55 -54 -53 -52 -51 -50 -49 -48 -39 -38 -37 66 67 68 69 70 77 -76 71 74 -73 -72 -75 -78 -79 27 29 30 -33 34 35 36 32 31 -28 -26 93 -92 94 91 80 81 82 83 84 85 -86 87 -88 89 -90 95 96 2 1 3 4 -25 -24 -23 -22 -21 20 -19 -18 -17 -16 -15 -14 -13 -12 -11 -10 -5 6 7 8 9 143 -142 -144 145 146 147 148 149
Segment 10 eval: start=PORT-583 end=PORT-583 stations=63 (optimize)
  Segment 10 order: -132 -181 -180 -229 -228 -179 -135 136 137 152 -151 139 -138 -141 -140 150 -158 157 153 154 155 156 -159 160 161 162 163 164 165 166 167 168 169 170 171 172 173 174 175 176 177 182 183 184 185 186 187 188 189 -190 223 224 226 178 227 -231 235 -234 -233 -232 -230 -134 -133
Segment 11 eval: start=PORT-583 end=PORT-588 stations=53 (optimize)
  Segment 11 order: -225 -222 -221 -220 -219 191 -218 192 193 194 195 196 197 198 203 204 -202 199 -200 201 205 206 207 208 209 210 211 212 213 -217 -216 214 215 -237 238 243 244 250 -251 249 -248 -245 247 -246 -242 241 -240 -239 -236 97 98 99 100
Segment 12 eval: start=PORT-588 end=PORT-588 stations=33 (optimize)
  Segment 12 order: 110 -270 -269 -268 264 265 267 266 123 124 125 -126 127 -263 -262 -261 -260 -259 258 128 129 130 131 -256 257 -255 -254 -252 -253 -271 272 273 -109
Segment 13 eval: start=PORT-588 end=BOAT-END stations=20 (optimize)
  Segment 13 order: -107 -106 -105 104 -103 -102 -101 108 274 111 275 -114 494 -113 -112 495 496 497 498 499
Cap boundary debug: PORT-582 -> [419 416 415 413 412 411 410 409 408 407 406 405 404 414 382 383 384 403 402 385 386 387 388 389 390 391 62 61 60 58 59 57 64 65 63 392 393 394 395 401 400 399 398 397 396 47 46 45 44 43 42 41 40] -> PORT-581 -> [39 48 49 50 38 37 51 52 53 54 55 56 66 67 68 69 70 77 76 71 74 73 72 75 78 79 27 29 30 33 34 35 36 32 31 28 26 93 92 94 91 80 81 82 83 84 85 86 87 88 89 90 95 96 2 1 3 4 25 24 23 22 21 20 19 18 17 16 15 14 13 12 11 10 5 6 7 8 9 143 142 144 145 146 147 148 149] -> PORT-583 | load_left=44966 load_right=44584 cap=45000
Set parameter Username
Set parameter LicenseID to value 2738882
Academic license - for non-commercial use only - expires 2026-11-14
Set parameter TimeLimit to value 360
Set parameter Seed to value 984962855
Set parameter Threads to value 4
Set parameter OutputFlag to value 1
Set parameter LogToConsole to value 1
Set parameter LazyConstraints to value 1
Gurobi Optimizer version 13.0.0 build v13.0.0rc1 (linux64 - "Debian GNU/Linux 13 (trixie)")

CPU model: AMD Ryzen 9 5950X 16-Core Processor, instruction set [SSE2|AVX|AVX2]
Thread count: 16 physical cores, 32 logical processors, using up to 4 threads

Non-default parameters:
TimeLimit  360
Seed  984962855
Threads  4
LazyConstraints  1

Optimize a model with 83482 rows, 241968 columns and 483924 nonzeros (Min)
Model fingerprint: 0x2f12acb9
Model has 80088 linear objective coefficients
Variable types: 161312 continuous, 80656 integer (80656 binary)
Coefficient statistics:
  Matrix range     [1e+00, 4e+04]
  Objective range  [1e+00, 3e+02]
  Bounds range     [1e+00, 4e+04]
  RHS range        [1e+00, 1e+04]
Presolve removed 3114 rows and 82498 columns
Presolve time: 0.53s
Presolved: 80368 rows, 159470 columns, 478846 nonzeros
Variable types: 79240 continuous, 80230 integer (80230 binary)
Root relaxation presolved: 80368 rows, 159470 columns, 478846 nonzeros

Deterministic concurrent LP optimizer: primal and dual simplex
Showing primal log only...


Root simplex log...

Iteration    Objective       Primal Inf.    Dual Inf.      Time
   54866    9.1273327e+02   0.000000e+00   7.320771e+03      5s
  112837    8.8314382e+02   0.000000e+00   4.975851e+00     10s
  124366    8.8305236e+02   0.000000e+00   0.000000e+00     12s
Concurrent spin time: 0.00s

Solved with primal simplex

Root relaxation: objective 8.830524e+02, 124366 iterations, 11.62 seconds (27.66 work units)

    Nodes    |    Current Node    |     Objective Bounds      |     Work
 Expl Unexpl |  Obj  Depth IntInf | Incumbent    BestBd   Gap | It/Node Time

     0     0  883.05236    0  497          -  883.05236      -     -   13s
H    0     0                    1451.9062040  883.05236  39.2%     -   17s
H    0     0                    1370.4180768  883.05236  35.6%     -   20s
H    0     0                    1349.2580647  883.05236  34.6%     -   21s
H    0     0                    1308.2909076  883.05236  32.5%     -   25s
H    0     0                    1302.9270081  883.05236  32.2%     -   25s
H    0     0                    1302.0329565  883.05236  32.2%     -   26s
H    0     0                    1297.7145338  883.05236  32.0%     -   26s
H    0     0                    1289.7711470  883.05236  31.5%     -   26s
     0     0  889.78479    0  565 1289.77115  889.78479  31.0%     -   43s
H    0     0                    1208.1690908  889.82793  26.3%     -   45s
H    0     0                    1160.3657458  889.82793  23.3%     -   46s
H    0     0                    1157.3320960  889.82793  23.1%     -   48s
H    0     0                    1149.4543123  889.82793  22.6%     -   48s
H    0     0                    1140.9044208  889.82793  22.0%     -   51s
H    0     0                    1138.9107823  889.82793  21.9%     -   51s
H    0     0                    1124.2871953  889.82793  20.9%     -   52s
H    0     0                    1119.3659766  889.82793  20.5%     -   52s
H    0     0                    1115.6000487  889.82793  20.2%     -   53s
H    0     0                    1103.6888307  889.82793  19.4%     -   53s
H    0     0                    1088.3707404  889.82793  18.2%     -   54s
H    0     0                    1084.6048125  889.82793  18.0%     -   55s
H    0     0                    1076.6540765  889.82793  17.4%     -   62s
H    0     0                    1065.4347332  889.82793  16.5%     -   62s
H    0     0                    1061.0898133  889.82793  16.1%     -   63s
     0     0  889.82793    0  567 1061.08981  889.82793  16.1%     -   65s
     0     0  889.82793    0  568 1061.08981  889.82793  16.1%     -   65s
     0     0  899.23520    0  595 1061.08981  899.23520  15.3%     -   91s
     0     0  899.28485    0  601 1061.08981  899.28485  15.2%     -   95s
     0     0  899.28485    0  601 1061.08981  899.28485  15.2%     -   96s
     0     0  902.66106    0  609 1061.08981  902.66106  14.9%     -  123s
     0     0  909.88018    0  603 1061.08981  909.88018  14.3%     -  130s
     0     0  909.88018    0  601 1061.08981  909.88018  14.3%     -  131s
     0     0  913.79356    0  586 1061.08981  913.79356  13.9%     -  164s
     0     0  913.79644    0  596 1061.08981  913.79644  13.9%     -  173s
     0     0  915.10161    0  617 1061.08981  915.10161  13.8%     -  202s
     0     0  915.13869    0  626 1061.08981  915.13869  13.8%     -  202s
     0     0  915.81056    0  615 1061.08981  915.81056  13.7%     -  207s
H    0     0                    1057.7448274  915.84153  13.4%     -  209s
H    0     0                    1057.7448199  915.84153  13.4%     -  209s
     0     0  915.84153    0  618 1057.74482  915.84153  13.4%     -  210s
     0     0  915.84386    0  618 1057.74482  915.84386  13.4%     -  210s
     0     0  915.84392    0  623 1057.74482  915.84392  13.4%     -  210s
     0     0  918.37462    0  557 1057.74482  918.37462  13.2%     -  226s
H    0     0                    1049.0210225  918.38759  12.5%     -  229s
H    0     0                    1047.7681090  918.38759  12.3%     -  231s
H    0     0                    1042.3135026  918.38759  11.9%     -  232s
H    0     0                    1040.1972528  918.38759  11.7%     -  238s
H    0     0                    1040.1972493  918.38759  11.7%     -  238s
H    0     0                    1039.9856322  918.38759  11.7%     -  238s
H    0     0                    1038.1254228  918.38759  11.5%     -  239s
H    0     0                    1032.9477714  918.38759  11.1%     -  242s
H    0     0                    1028.8746380  918.38759  10.7%     -  242s
H    0     0                    1026.9075392  918.38759  10.6%     -  249s
     0     0  918.42817    0  616 1026.90754  918.42817  10.6%     -  285s
     0     0  918.42917    0  615 1026.90754  918.42917  10.6%     -  285s
     0     0  918.49434    0  627 1026.90754  918.49434  10.6%     -  297s
     0     0  918.49487    0  615 1026.90754  918.49487  10.6%     -  309s
     0     0  918.55794    0  596 1026.90754  918.55794  10.6%     -  316s
     0     0  918.56322    0  616 1026.90754  918.56322  10.6%     -  316s
     0     0  918.56322    0  615 1026.90754  918.56322  10.6%     -  316s
     0     0  918.93594    0  605 1026.90754  918.93594  10.5%     -  336s
H    0     0                    1024.8184816  919.23098  10.3%     -  340s
H    0     0                    1023.9561867  919.23098  10.2%     -  341s
H    0     0                    1020.4753403  919.23098  9.92%     -  341s

Cutting planes:
  Gomory: 3
  Lift-and-project: 1
  Cover: 6
  Implied bound: 158
  Clique: 2
  MIR: 35
  Flow cover: 102
  GUB cover: 1
  Zero half: 51
  RLT: 3
  Relax-and-lift: 191

Explored 1 nodes (485448 simplex iterations) in 360.01 seconds (974.15 work units)
Thread count was 4 (of 32 available processors)

Solution count 10: 1020.48 1023.96 1024.82 ... 1040.2

Time limit reached
Best objective 1.020475340283e+03, best bound 9.192309831015e+02, gap 9.9213%

User-callback calls 28379, time in user-callback 0.02 sec
Cap boundary reject: PORT-581 real=1136.492 baseline=1046.257
Cap boundary debug: PORT-581 -> [39 48 49 50 38 37 51 52 53 54 55 56 66 67 68 69 70 77 76 71 74 73 72 75 78 79 27 29 30 33 34 35 36 32 31 28 26 93 92 94 91 80 81 82 83 84 85 86 87 88 89 90 95 96 2 1 3 4 25 24 23 22 21 20 19 18 17 16 15 14 13 12 11 10 5 6 7 8 9 143 142 144 145 146 147 148 149] -> PORT-583 -> [150 158 157 156 155 173 172 167 163 159 160 161 162 164 166 165 168 169 170 171 177 176 175 174 154 153 152 151 139 140 141 138 137 136 135 179 228 229 180 181 132 133 134 230 232 233 234 235 231 227 178 226 182 183 184 185 186 187 188 189 190 223 224] -> PORT-583 | load_left=44584 load_right=44747 cap=45000
Set parameter Username
Set parameter LicenseID to value 2738882
Academic license - for non-commercial use only - expires 2026-11-14
Set parameter TimeLimit to value 360
Set parameter Seed to value 1365256104
Set parameter Threads to value 4
Set parameter OutputFlag to value 1
Set parameter LogToConsole to value 1
Set parameter LazyConstraints to value 1
Gurobi Optimizer version 13.0.0 build v13.0.0rc1 (linux64 - "Debian GNU/Linux 13 (trixie)")

CPU model: AMD Ryzen 9 5950X 16-Core Processor, instruction set [SSE2|AVX|AVX2]
Thread count: 16 physical cores, 32 logical processors, using up to 4 threads

Non-default parameters:
TimeLimit  360
Seed  1365256104
Threads  4
LazyConstraints  1

Optimize a model with 95442 rows, 277248 columns and 554484 nonzeros (Min)
Model fingerprint: 0x807fd86f
Model has 91808 linear objective coefficients
Variable types: 184832 continuous, 92416 integer (92416 binary)
Coefficient statistics:
  Matrix range     [1e+00, 4e+04]
  Objective range  [5e-05, 2e+02]
  Bounds range     [1e+00, 4e+04]
  RHS range        [1e+00, 9e+03]
Presolve removed 3334 rows and 94388 columns
Presolve time: 0.61s
Presolved: 92108 rows, 182860 columns, 548970 nonzeros
Variable types: 90900 continuous, 91960 integer (91960 binary)
Root relaxation presolved: 92108 rows, 182860 columns, 548970 nonzeros

Deterministic concurrent LP optimizer: primal simplex, dual simplex, and barrier
Showing barrier log only...

Root barrier log...

Ordering time: 0.06s

Barrier statistics:
 AA' NZ     : 5.507e+05
 Factor NZ  : 1.185e+06 (roughly 120 MB of memory)
 Factor Ops : 5.820e+08 (less than 1 second per iteration)
 Threads    : 2

                  Objective                Residual
Iter       Primal          Dual         Primal    Dual     Compl     Time
   0   6.58865780e+07 -7.19200024e+10  2.68e+05 5.58e+01  2.63e+05     1s
   1   3.01664544e+07 -4.79531205e+10  1.23e+05 3.19e+01  1.50e+05     1s
   2   2.05073931e+07 -2.49879072e+09  8.33e+04 9.09e-13  3.20e+04     1s
   3   1.05687432e+07 -1.35728499e+09  4.29e+04 1.09e-12  1.63e+04     1s
   4   8.06018008e+06 -1.19471098e+09  3.27e+04 1.18e-12  1.28e+04     1s
   5   1.39708454e+06 -7.30782633e+08  5.64e+03 8.40e-13  3.33e+03     1s
   6   7.39849771e+04 -4.41750510e+08  2.61e+02 7.73e-13  1.04e+03     2s
   7   3.09605692e+04 -1.49330587e+07  8.64e+01 7.83e-13  4.87e+01     2s
   8   2.89669816e+04 -1.28471166e+07  7.84e+01 8.53e-13  4.18e+01     2s
   9   2.12357537e+04 -9.74435473e+06  4.66e+01 7.67e-12  2.83e+01     2s
  10   1.76365557e+04 -4.46031571e+06  3.18e+01 5.69e-12  1.19e+01     2s
  11   1.46921225e+04 -1.65838491e+06  1.98e+01 3.92e-12  4.27e+00     2s
  12   1.24165604e+04 -5.03555865e+05  1.07e+01 3.30e-12  1.27e+00     2s
  13   1.00233469e+04 -8.12714632e+04  1.41e+00 3.69e-12  2.05e-01     2s
  14   9.32505400e+03 -3.84438954e+04  2.85e-01 4.52e-12  1.05e-01     2s
  15   8.52219917e+03 -1.79570260e+04  1.25e-02 3.01e-12  5.80e-02     2s
  16   7.11168424e+03 -8.80284181e+03  1.85e-05 4.35e-12  3.49e-02     2s
  17   5.52254074e+03 -3.96443734e+03  8.10e-07 4.95e-12  2.08e-02     2s
  18   4.07546743e+03 -1.36521407e+03  2.35e-07 4.39e-12  1.19e-02     2s
  19   2.61211718e+03 -6.32363835e+02  9.48e-08 5.22e-12  7.11e-03     2s
  20   1.44506271e+03  1.36226168e+02  5.70e-09 3.52e-12  2.87e-03     2s
  21   1.03866165e+03  4.85367370e+02  1.77e-09 3.84e-12  1.21e-03     2s
  22   8.96068057e+02  6.52890310e+02  5.41e-10 3.38e-12  5.33e-04     2s
  23   8.42552948e+02  7.09071563e+02  2.01e-10 2.95e-12  2.92e-04     2s
  24   8.14562267e+02  7.43755777e+02  1.87e-10 4.62e-12  1.55e-04     2s
  25   8.04327153e+02  7.71864179e+02  6.33e-10 4.77e-12  7.11e-05     3s
  26   8.01531449e+02  7.87929374e+02  5.95e-10 4.04e-12  2.98e-05     3s
  27   8.00668020e+02  7.93975747e+02  2.75e-10 4.79e-12  1.47e-05     3s
  28   8.00042092e+02  7.97347694e+02  1.00e-10 3.81e-12  5.90e-06     3s
  29   7.99777698e+02  7.98684517e+02  3.48e-11 2.59e-12  2.39e-06     3s
  30   7.99615232e+02  7.99168859e+02  1.22e-11 2.63e-12  9.78e-07     3s
  31   7.99588991e+02  7.99347041e+02  7.55e-12 3.38e-12  5.30e-07     3s
  32   7.99572190e+02  7.99435932e+02  7.02e-12 4.16e-12  2.98e-07     3s
  33   7.99566249e+02  7.99482436e+02  7.22e-12 4.92e-12  1.84e-07     3s
  34   7.99559143e+02  7.99544248e+02  4.73e-10 2.73e-12  3.26e-08     3s
  35   7.99557719e+02  7.99554595e+02  7.02e-10 6.08e-11  6.84e-09     3s
  36   7.99557323e+02  7.99557261e+02  7.02e-09 2.49e-10  1.33e-10     3s
  37   7.99557303e+02  7.99557299e+02  5.34e-09 3.72e-10  3.78e-12     3s

Barrier solved model in 37 iterations and 3.38 seconds (5.14 work units)
Optimal objective 7.99557303e+02

Crossover time: 0.35 seconds (0.71 work units)
Concurrent spin time: 0.00s

Solved with barrier

Root relaxation: objective 7.995573e+02, 40438 iterations, 2.85 seconds (3.77 work units)

    Nodes    |    Current Node    |     Objective Bounds      |     Work
 Expl Unexpl |  Obj  Depth IntInf | Incumbent    BestBd   Gap | It/Node Time

     0     0  799.55730    0  551          -  799.55730      -     -   13s
H    0     0                    1917.0735960  799.55730  58.3%     -   15s
H    0     0                    1715.9809051  799.55730  53.4%     -   15s
H    0     0                    1202.7530320  799.55730  33.5%     -   16s
H    0     0                    1181.6566901  799.55730  32.3%     -   16s
     0     0  799.55730    0  551 1181.65669  799.55730  32.3%     -   22s
H    0     0                    1177.6703213  799.55730  32.1%     -   24s
H    0     0                    1157.2073676  799.55730  30.9%     -   26s
H    0     0                    1142.9008082  799.55730  30.0%     -   33s
H    0     0                    1047.9031163  799.55730  23.7%     -   34s
H    0     0                    1042.3986590  799.55730  23.3%     -   36s
     0     0  799.55730    0  483 1042.39866  799.55730  23.3%     -   43s
     0     0  804.43628    0  560 1042.39866  804.43628  22.8%     -   76s
H    0     0                    1040.7717103  804.43818  22.7%     -   79s
H    0     0                    1032.3024759  804.43818  22.1%     -   81s
H    0     0                    1031.6581865  804.43818  22.0%     -   86s
     0     0  804.45023    0  559 1031.65819  804.45023  22.0%     -  112s
     0     0  804.45023    0  560 1031.65819  804.45023  22.0%     -  112s
     0     0  814.42850    0  568 1031.65819  814.42850  21.1%     -  194s
H    0     0                    1017.3956314  814.42963  19.9%     -  196s
     0     0  814.68985    0  570 1017.39563  814.68985  19.9%     -  203s
     0     0  814.68985    0  571 1017.39563  814.68985  19.9%     -  203s
     0     0  818.13823    0  584 1017.39563  818.13823  19.6%     -  256s
     0     0  818.29300    0  625 1017.39563  818.29300  19.6%     -  260s
     0     0  818.29307    0  626 1017.39563  818.29307  19.6%     -  262s
     0     0  818.97821    0  625 1017.39563  818.97821  19.5%     -  293s
H    0     0                    1011.0035266  818.98042  19.0%     -  295s
H    0     0                    1009.1340566  818.98042  18.8%     -  296s
     0     0  819.14401    0  620 1009.13406  819.14401  18.8%     -  296s
     0     0  819.14411    0  625 1009.13406  819.14411  18.8%     -  296s
     0     0          -    0      1009.13406  819.14411  18.8%     -  360s

Cutting planes:
  Gomory: 1
  Cover: 15
  Implied bound: 181
  Clique: 1
  MIR: 39
  StrongCG: 1
  Flow cover: 70
  Zero half: 56
  RLT: 5
  Relax-and-lift: 225
  BQP: 2
  Lazy constraints: 1

Explored 1 nodes (423939 simplex iterations) in 360.01 seconds (991.66 work units)
Thread count was 4 (of 32 available processors)

Solution count 10: 1009.13 1011 1017.4 ... 1157.21

Time limit reached
Best objective 1.009134056568e+03, best bound 8.191441127250e+02, gap 18.8270%

User-callback calls 15492, time in user-callback 0.01 sec
Cap boundary reject: PORT-583 real=1038.777 baseline=913.605
Cap boundary debug: PORT-583 -> [150 158 157 156 155 173 172 167 163 159 160 161 162 164 166 165 168 169 170 171 177 176 175 174 154 153 152 151 139 140 141 138 137 136 135 179 228 229 180 181 132 133 134 230 232 233 234 235 231 227 178 226 182 183 184 185 186 187 188 189 190 223 224] -> PORT-583 -> [225 222 221 236 97 98 99 100 246 247 245 248 249 251 250 244 243 242 241 240 239 238 237 215 214 213 217 216 220 219 191 218 192 193 194 195 196 197 212 211 210 209 208 207 206 205 201 200 198 199 202 203 204] -> PORT-588 | load_left=44747 load_right=42140 cap=45000
Set parameter Username
Set parameter LicenseID to value 2738882
Academic license - for non-commercial use only - expires 2026-11-14
Set parameter TimeLimit to value 360
Set parameter Seed to value 1363319656
Set parameter Threads to value 4
Set parameter OutputFlag to value 1
Set parameter LogToConsole to value 1
Set parameter LazyConstraints to value 1
Gurobi Optimizer version 13.0.0 build v13.0.0rc1 (linux64 - "Debian GNU/Linux 13 (trixie)")

CPU model: AMD Ryzen 9 5950X 16-Core Processor, instruction set [SSE2|AVX|AVX2]
Thread count: 16 physical cores, 32 logical processors, using up to 4 threads

Non-default parameters:
TimeLimit  360
Seed  1363319656
Threads  4
LazyConstraints  1

Optimize a model with 58042 rows, 167088 columns and 334164 nonzeros (Min)
Model fingerprint: 0xf3082696
Model has 55224 linear objective coefficients
Variable types: 111392 continuous, 55696 integer (55696 binary)
Coefficient statistics:
  Matrix range     [1e+00, 4e+04]
  Objective range  [5e-05, 1e+05]
  Bounds range     [1e+00, 4e+04]
  RHS range        [1e+00, 9e+03]
Presolve removed 2586 rows and 57226 columns
Presolve time: 0.37s
Presolved: 55456 rows, 109862 columns, 330137 nonzeros
Variable types: 54520 continuous, 55342 integer (55342 binary)
Root relaxation presolved: 55456 rows, 109862 columns, 330137 nonzeros

Deterministic concurrent LP optimizer: primal and dual simplex
Showing primal log only...


Root simplex log...

Iteration    Objective       Primal Inf.    Dual Inf.      Time
   75763    5.7446176e+02   0.000000e+00   1.675517e+01      5s
  125100    5.7257439e+02   0.000000e+00   0.000000e+00      8s
Concurrent spin time: 0.00s

Solved with primal simplex

Root relaxation: objective 5.725744e+02, 125100 iterations, 7.46 seconds (15.54 work units)

    Nodes    |    Current Node    |     Objective Bounds      |     Work
 Expl Unexpl |  Obj  Depth IntInf | Incumbent    BestBd   Gap | It/Node Time

     0     0  572.57439    0  390          -  572.57439      -     -    9s
H    0     0                    1082.3005171  572.57439  47.1%     -   10s
H    0     0                     965.6077624  572.57439  40.7%     -   10s
H    0     0                     944.3579113  572.57439  39.4%     -   11s
H    0     0                     941.8150289  572.57439  39.2%     -   12s
H    0     0                     935.9617810  572.57439  38.8%     -   14s
H    0     0                     935.5220564  572.57439  38.8%     -   14s
H    0     0                     933.0232853  572.57439  38.6%     -   15s
H    0     0                     929.2707826  572.57439  38.4%     -   17s
H    0     0                     929.1697204  572.57439  38.4%     -   18s
H    0     0                     855.6653282  572.57439  33.1%     -   20s
H    0     0                     839.1752569  572.57439  31.8%     -   20s
H    0     0                     829.5850185  572.57439  31.0%     -   23s
H    0     0                     778.4719633  572.57439  26.4%     -   23s
     0     0  572.57439    0  390  778.47196  572.57439  26.4%     -   25s
H    0     0                     773.2451008  572.57439  26.0%     -   26s
H    0     0                     772.4280561  572.57439  25.9%     -   26s
     0     0  572.57439    0  384  772.42806  572.57439  25.9%     -   28s
     0     0  576.50449    0  456  772.42806  576.50449  25.4%     -   67s
H    0     0                     760.8484637  576.50470  24.2%     -   68s
H    0     0                     749.8081090  576.50470  23.1%     -   69s
H    0     0                     746.4637512  576.50470  22.8%     -   70s
H    0     0                     739.6309323  576.50470  22.1%     -   71s
H    0     0                     729.8942219  576.50470  21.0%     -   72s
H    0     0                     729.2380376  576.50470  20.9%     -   73s
H    0     0                     679.0103100  576.50470  15.1%     -   74s
H    0     0                     674.8351056  576.50470  14.6%     -   75s
H    0     0                     636.4439311  576.50470  9.42%     -   75s
H    0     0                     629.8320056  576.50470  8.47%     -   75s
H    0     0                     618.4414075  576.50470  6.78%     -   78s
     0     0  576.50470    0  456  618.44141  576.50470  6.78%     -   86s
H    0     0                     617.4884876  576.50470  6.64%     -   91s
H    0     0                     617.4884816  576.50470  6.64%     -   97s
H    0     0                     617.4884809  576.50470  6.64%     -  104s
     0     0  578.28405    0  440  617.48848  578.28405  6.35%     -  111s
     0     0  578.28405    0  438  617.48848  578.28405  6.35%     -  111s
     0     0  580.02876    0  451  617.48848  580.02876  6.07%     -  123s
     0     0  580.02876    0  399  617.48848  580.02876  6.07%     -  129s
     0     0  580.02876    0  442  617.48848  580.02876  6.07%     -  138s
     0     0  580.81332    0  468  617.48848  580.81332  5.94%     -  149s
     0     0  580.93385    0  451  617.48848  580.93385  5.92%     -  149s
     0     0  580.93571    0  451  617.48848  580.93571  5.92%     -  149s
     0     0  581.75250    0  469  617.48848  581.75250  5.79%     -  153s
     0     0  581.75950    0  477  617.48848  581.75950  5.79%     -  153s
     0     0  581.75950    0  477  617.48848  581.75950  5.79%     -  153s
     0     0  582.44237    0  476  617.48848  582.44237  5.68%     -  159s
     0     0  582.85067    0  469  617.48848  582.85067  5.61%     -  159s
     0     0  582.85722    0  473  617.48848  582.85722  5.61%     -  161s
     0     0  582.85731    0  490  617.48848  582.85731  5.61%     -  161s
     0     0  583.91172    0  495  617.48848  583.91172  5.44%     -  167s
     0     0  583.91219    0  510  617.48848  583.91219  5.44%     -  168s
     0     0  584.38557    0  503  617.48848  584.38557  5.36%     -  171s
     0     0  584.56604    0  485  617.48848  584.56604  5.33%     -  173s
     0     0  584.57089    0  496  617.48848  584.57089  5.33%     -  176s
     0     0  584.57091    0  491  617.48848  584.57091  5.33%     -  176s
     0     0  584.88806    0  482  617.48848  584.88806  5.28%     -  180s
     0     0  584.89168    0  499  617.48848  584.89168  5.28%     -  182s
     0     0  584.89168    0  498  617.48848  584.89168  5.28%     -  182s
     0     0  586.26160    0  508  617.48848  586.26160  5.06%     -  186s
     0     0  586.28082    0  466  617.48848  586.28082  5.05%     -  188s
     0     0  586.28353    0  459  617.48848  586.28353  5.05%     -  188s
     0     0  586.28353    0  458  617.48848  586.28353  5.05%     -  188s
     0     0  587.06418    0  482  617.48848  587.06418  4.93%     -  193s
     0     0  587.06579    0  487  617.48848  587.06579  4.93%     -  194s
     0     0  587.19047    0  461  617.48848  587.19047  4.91%     -  196s
     0     0  587.19047    0  381  617.48848  587.19047  4.91%     -  200s
     0     0  587.19047    0  449  617.48848  587.19047  4.91%     -  205s
     0     0  589.10357    0  446  617.48848  589.10357  4.60%     -  214s
     0     0  589.56620    0  490  617.48848  589.56620  4.52%     -  215s
     0     0  589.57809    0  488  617.48848  589.57809  4.52%     -  215s
     0     0  589.58078    0  489  617.48848  589.58078  4.52%     -  215s
     0     0  589.58093    0  488  617.48848  589.58093  4.52%     -  215s
     0     0  591.88806    0  481  617.48848  591.88806  4.15%     -  217s
     0     0  591.91211    0  486  617.48848  591.91211  4.14%     -  217s
     0     0  591.91211    0  483  617.48848  591.91211  4.14%     -  217s
     0     0  594.46438    0  505  617.48848  594.46438  3.73%     -  222s
     0     0  594.52929    0  494  617.48848  594.52929  3.72%     -  224s
     0     0  594.53020    0  493  617.48848  594.53020  3.72%     -  224s
     0     0  595.40411    0  516  617.48848  595.40411  3.58%     -  227s
     0     0  595.40411    0  368  617.48848  595.40411  3.58%     -  230s
     0     0  595.40411    0  464  617.48848  595.40411  3.58%     -  234s
     0     0  595.40411    0  473  617.48848  595.40411  3.58%     -  237s
     0     0  595.40411    0  470  617.48848  595.40411  3.58%     -  238s
     0     0  595.40411    0  483  617.48848  595.40411  3.58%     -  239s
     0     0  595.40411    0  478  617.48848  595.40411  3.58%     -  239s
     0     0  595.42117    0  499  617.48848  595.42117  3.57%     -  240s
     0     0  595.49242    0  501  617.48848  595.49242  3.56%     -  240s
     0     0  595.49242    0  501  617.48848  595.49242  3.56%     -  240s
     0     0  595.85528    0  507  617.48848  595.85528  3.50%     -  242s
     0     0  595.85636    0  506  617.48848  595.85636  3.50%     -  242s
     0     0  596.84371    0  527  617.48848  596.84371  3.34%     -  245s
     0     0  596.85147    0  513  617.48848  596.85147  3.34%     -  245s
     0     0  596.91312    0  515  617.48848  596.91312  3.33%     -  246s
     0     0  596.91330    0  513  617.48848  596.91330  3.33%     -  247s
     0     0  597.38212    0  474  617.48848  597.38212  3.26%     -  248s
     0     0  597.39096    0  474  617.48848  597.39096  3.25%     -  249s
     0     0  597.39096    0  474  617.48848  597.39096  3.25%     -  249s
     0     0  597.43951    0  480  617.48848  597.43951  3.25%     -  250s
     0     0  597.44038    0  484  617.48848  597.44038  3.25%     -  250s
     0     0  597.44225    0  480  617.48848  597.44225  3.25%     -  251s
     0     0  597.44299    0  483  617.48848  597.44299  3.25%     -  251s
     0     0  597.45315    0  468  617.48848  597.45315  3.24%     -  252s
     0     0  597.45315    0  468  617.48848  597.45315  3.24%     -  252s
     0     0  597.45315    0  446  617.48848  597.45315  3.24%     -  253s
     0     0  599.10111    0  384  617.48848  599.10111  2.98%     -  261s
     0     0  599.10111    0  474  617.48848  599.10111  2.98%     -  263s
     0     0  599.10111    0  471  617.48848  599.10111  2.98%     -  266s
     0     0  599.10111    0  483  617.48848  599.10111  2.98%     -  268s
     0     0  599.10111    0  466  617.48848  599.10111  2.98%     -  269s
     0     0  599.10111    0  477  617.48848  599.10111  2.98%     -  269s
     0     0  599.10111    0  472  617.48848  599.10111  2.98%     -  271s
     0     0  599.10111    0  458  617.48848  599.10111  2.98%     -  272s
     0     0  599.10111    0  448  617.48848  599.10111  2.98%     -  272s
     0     0  599.10111    0  484  617.48848  599.10111  2.98%     -  273s
     0     0  599.10111    0  480  617.48848  599.10111  2.98%     -  274s
     0     0  599.10111    0  479  617.48848  599.10111  2.98%     -  274s
     0     0  599.10111    0  504  617.48848  599.10111  2.98%     -  276s
     0     0  599.10111    0  483  617.48848  599.10111  2.98%     -  276s
     0     0  600.71040    0  487  617.48848  600.71040  2.72%     -  277s
     0     0  600.71336    0  491  617.48848  600.71336  2.72%     -  278s
     0     0  600.98903    0  489  617.48848  600.98903  2.67%     -  279s
     0     0  600.98903    0  493  617.48848  600.98903  2.67%     -  279s
     0     0  600.98907    0  492  617.48848  600.98907  2.67%     -  279s
     0     0  600.99018    0  496  617.48848  600.99018  2.67%     -  279s
     0     0  600.99028    0  506  617.48848  600.99028  2.67%     -  280s
     0     0  600.99201    0  506  617.48848  600.99201  2.67%     -  280s
     0     0  600.99677    0  509  617.48848  600.99677  2.67%     -  280s
     0     0  600.99677    0  509  617.48848  600.99677  2.67%     -  280s
     0     0  600.99677    0  509  617.48848  600.99677  2.67%     -  280s
     0     0  600.99677    0  460  617.48848  600.99677  2.67%     -  281s
     0     0  601.62444    0  375  617.48848  601.62444  2.57%     -  288s
     0     0  601.62444    0  439  617.48848  601.62444  2.57%     -  290s
     0     0  601.62444    0  469  617.48848  601.62444  2.57%     -  292s
     0     0  601.62444    0  471  617.48848  601.62444  2.57%     -  293s
     0     0  601.62444    0  489  617.48848  601.62444  2.57%     -  294s
     0     0  601.62444    0  508  617.48848  601.62444  2.57%     -  295s
     0     0  601.62444    0  512  617.48848  601.62444  2.57%     -  295s
     0     0  601.62444    0  510  617.48848  601.62444  2.57%     -  295s
     0     0  601.62444    0  507  617.48848  601.62444  2.57%     -  295s
     0     0  601.62444    0  508  617.48848  601.62444  2.57%     -  296s
     0     0  602.60369    0  498  617.48848  602.60369  2.41%     -  297s
     0     0  602.91668    0  497  617.48848  602.91668  2.36%     -  297s
     0     0  602.91668    0  502  617.48848  602.91668  2.36%     -  297s
     0     0  604.44828    0  501  617.48848  604.44828  2.11%     -  298s
     0     0  604.45416    0  490  617.48848  604.45416  2.11%     -  298s
     0     0  604.45416    0  508  617.48848  604.45416  2.11%     -  299s
     0     0  604.45416    0  393  617.48848  604.45416  2.11%     -  300s
     0     0  604.45416    0  443  617.48848  604.45416  2.11%     -  301s
     0     0  604.45416    0  421  617.48848  604.45416  2.11%     -  302s
     0     0  604.45416    0  428  617.48848  604.45416  2.11%     -  303s
     0     0  604.45416    0  459  617.48848  604.45416  2.11%     -  303s
     0     0  604.48140    0  481  617.48848  604.48140  2.11%     -  303s
     0     0  604.49216    0  476  617.48848  604.49216  2.10%     -  303s
     0     0  604.49216    0  478  617.48848  604.49216  2.10%     -  304s
     0     0  604.49261    0  477  617.48848  604.49261  2.10%     -  305s
     0     0  604.49261    0  479  617.48848  604.49261  2.10%     -  305s
     0     0  604.49400    0  485  617.48848  604.49400  2.10%     -  305s
     0     0  604.49400    0  484  617.48848  604.49400  2.10%     -  306s
     0     0  604.49669    0  487  617.48848  604.49669  2.10%     -  306s
     0     0  604.49669    0  487  617.48848  604.49669  2.10%     -  306s
     0     0  604.49669    0  460  617.48848  604.49669  2.10%     -  307s
     0     2  604.61496    0  458  617.48848  604.61496  2.08%     -  308s
     7    12  604.61496    3  470  617.48848  604.61496  2.08%  2032  310s
    34    39  604.78773    7  424  617.48848  604.61496  2.08%  2525  315s
    55    60  604.96005   12  439  617.48848  604.61496  2.08%  2404  320s
    83    90  605.46862   18  415  617.48848  604.61496  2.08%  2513  325s
   120   126  606.31207   31  372  617.48848  604.61496  2.08%  2223  330s
   205   237  608.31302   59  298  617.48848  604.61496  2.08%  1792  335s
   508   543  611.06636  153  305  617.48848  604.61496  2.08%   913  340s
   723   669  606.18410    9  444  617.48848  604.61496  2.08%   766  345s
   825   821  609.82625   13  369  617.48848  604.61496  2.08%   769  350s
  1037  1013  610.99433   36  340  617.48848  604.61496  2.08%   712  355s

Explored 1125 nodes (1847672 simplex iterations) in 360.00 seconds (891.02 work units)
Thread count was 4 (of 32 available processors)

Solution count 10: 617.488 617.488 618.441 ... 739.631

Time limit reached
Best objective 6.174884808695e+02, best bound 6.046149592309e+02, gap 2.0848%

User-callback calls 46848, time in user-callback 0.02 sec
Cap boundary reject: PORT-583 real=668.782 baseline=630.340
Cap boundary debug: PORT-583 -> [225 222 221 236 97 98 99 100 246 247 245 248 249 251 250 244 243 242 241 240 239 238 237 215 214 213 217 216 220 219 191 218 192 193 194 195 196 197 212 211 210 209 208 207 206 205 201 200 198 199 202 203 204] -> PORT-588 -> [131 130 129 257 256 255 254 252 253 260 261 262 263 259 258 128 127 126 125 124 123 266 267 265 264 268 269 270 110 273 272 271 109] -> PORT-588 | load_left=42140 load_right=44937 cap=45000
Set parameter Username
Set parameter LicenseID to value 2738882
Academic license - for non-commercial use only - expires 2026-11-14
Set parameter TimeLimit to value 360
Set parameter Seed to value 1574641809
Set parameter Threads to value 4
Set parameter OutputFlag to value 1
Set parameter LogToConsole to value 1
Set parameter LazyConstraints to value 1
Gurobi Optimizer version 13.0.0 build v13.0.0rc1 (linux64 - "Debian GNU/Linux 13 (trixie)")

CPU model: AMD Ryzen 9 5950X 16-Core Processor, instruction set [SSE2|AVX|AVX2]
Thread count: 16 physical cores, 32 logical processors, using up to 4 threads

Non-default parameters:
TimeLimit  360
Seed  1574641809
Threads  4
LazyConstraints  1

Optimize a model with 32722 rows, 92928 columns and 185844 nonzeros (Min)
Model fingerprint: 0x78c9a06d
Model has 30620 linear objective coefficients
Variable types: 61952 continuous, 30976 integer (30976 binary)
Coefficient statistics:
  Matrix range     [1e+00, 4e+04]
  Objective range  [3e-01, 1e+05]
  Bounds range     [1e+00, 4e+04]
  RHS range        [1e+00, 9e+03]
Presolve removed 1926 rows and 32116 columns
Presolve time: 0.29s
Presolved: 30796 rows, 60812 columns, 182043 nonzeros
Variable types: 30100 continuous, 30712 integer (30712 binary)
Root relaxation presolved: 30796 rows, 60812 columns, 182043 nonzeros

Deterministic concurrent LP optimizer: primal and dual simplex
Showing primal log only...

Concurrent spin time: 0.00s

Solved with primal simplex

Root relaxation: objective 5.626700e+02, 81299 iterations, 3.51 seconds (7.52 work units)

    Nodes    |    Current Node    |     Objective Bounds      |     Work
 Expl Unexpl |  Obj  Depth IntInf | Incumbent    BestBd   Gap | It/Node Time

     0     0  562.67001    0  282          -  562.67001      -     -    4s
     0     0  562.67001    0  282          -  562.67001      -     -   11s
     0     0  562.67001    0  282          -  562.67001      -     -   22s
     0     0  562.67001    0  282          -  562.67001      -     -   29s
     0     0  562.67001    0  282          -  562.67001      -     -   37s
H    0     0                     731.7135561  562.67001  23.1%     -   48s
     0     0  562.67001    0  282  731.71356  562.67001  23.1%     -   57s
H    0     0                     706.1824168  562.67001  20.3%     -   66s
     0     0  562.67001    0  279  706.18242  562.67001  20.3%     -   67s
     0     0  564.82693    0  314  706.18242  564.82693  20.0%     -   73s
H    0     0                     678.7351896  564.82693  16.8%     -   75s
H    0     0                     677.4707931  564.82693  16.6%     -   75s
H    0     0                     674.6338411  564.82693  16.3%     -   76s
H    0     0                     669.0291428  564.82693  15.6%     -   77s
H    0     0                     668.3591439  564.82693  15.5%     -   77s
H    0     0                     663.8021778  564.82693  14.9%     -   78s
     0     0  564.82693    0  314  663.80218  564.82693  14.9%     -   82s
H    0     0                     634.7359000  564.82693  11.0%     -   82s
H    0     0                     632.0391572  564.82693  10.6%     -   83s
H    0     0                     631.4759788  564.82693  10.6%     -   85s
H    0     0                     630.1235760  564.82693  10.4%     -   87s
H    0     0                     628.7855682  564.82693  10.2%     -   90s
     0     0  564.83262    0  316  628.78557  564.83262  10.2%     -   95s
     0     0  564.83262    0  318  628.78557  564.83262  10.2%     -   95s
     0     0  565.86450    0  346  628.78557  565.86450  10.0%     -  101s
     0     0  565.88860    0  352  628.78557  565.88860  10.0%     -  102s
     0     0  565.90974    0  353  628.78557  565.90974  10.0%     -  102s
     0     0  565.90996    0  352  628.78557  565.90996  10.0%     -  102s
     0     0  568.83892    0  346  628.78557  568.83892  9.53%     -  110s
     0     0  568.90748    0  353  628.78557  568.90748  9.52%     -  110s
     0     0  568.95772    0  352  628.78557  568.95772  9.51%     -  111s
     0     0  568.95772    0  350  628.78557  568.95772  9.51%     -  111s
     0     0  570.30486    0  379  628.78557  570.30486  9.30%     -  116s
     0     0  570.39431    0  368  628.78557  570.39431  9.29%     -  116s
     0     0  570.39432    0  366  628.78557  570.39432  9.29%     -  116s
     0     0  571.15315    0  336  628.78557  571.15315  9.17%     -  120s
     0     0  571.47142    0  368  628.78557  571.47142  9.12%     -  121s
     0     0  571.47290    0  366  628.78557  571.47290  9.11%     -  122s
     0     0  571.48405    0  373  628.78557  571.48405  9.11%     -  123s
     0     0  571.48406    0  369  628.78557  571.48406  9.11%     -  123s
     0     0  571.48726    0  369  628.78557  571.48726  9.11%     -  124s
     0     0  571.55892    0  359  628.78557  571.55892  9.10%     -  132s
     0     0  571.55893    0  374  628.78557  571.55893  9.10%     -  133s
     0     0  571.74038    0  370  628.78557  571.74038  9.07%     -  136s
     0     0  572.04328    0  369  628.78557  572.04328  9.02%     -  138s
     0     0  572.04328    0  373  628.78557  572.04328  9.02%     -  138s
     0     0  572.15815    0  372  628.78557  572.15815  9.01%     -  141s
     0     0  572.15817    0  361  628.78557  572.15817  9.01%     -  142s
     0     0  572.16016    0  359  628.78557  572.16016  9.01%     -  144s
     0     0  572.16020    0  375  628.78557  572.16020  9.01%     -  144s
     0     0  572.33501    0  374  628.78557  572.33501  8.98%     -  146s
     0     0  572.33773    0  372  628.78557  572.33773  8.98%     -  148s
     0     0  572.40389    0  354  628.78557  572.40389  8.97%     -  150s
     0     0  572.40849    0  351  628.78557  572.40849  8.97%     -  151s
     0     0  572.40855    0  353  628.78557  572.40855  8.97%     -  151s
     0     0  572.75784    0  382  628.78557  572.75784  8.91%     -  156s
     0     0  572.75851    0  369  628.78557  572.75851  8.91%     -  157s
     0     0  572.91181    0  355  628.78557  572.91181  8.89%     -  160s
     0     0  572.94194    0  359  628.78557  572.94194  8.88%     -  160s
     0     0  572.94194    0  367  628.78557  572.94194  8.88%     -  162s
     0     0  572.94194    0  339  628.78557  572.94194  8.88%     -  162s
     0     0  572.94194    0  362  628.78557  572.94194  8.88%     -  164s
     0     0  572.94194    0  348  628.78557  572.94194  8.88%     -  166s
     0     0  572.94194    0  348  628.78557  572.94194  8.88%     -  166s
     0     0  572.94194    0  348  628.78557  572.94194  8.88%     -  166s
     0     0  575.34581    0  277  628.78557  575.34581  8.50%     -  178s
H    0     0                     626.3537698  575.34581  8.14%     -  178s
H    0     0                     617.7416814  575.34581  6.86%     -  179s
     0     0  575.34581    0  316  617.74168  575.34581  6.86%     -  184s
H    0     0                     616.0954911  575.34581  6.61%     -  188s
H    0     0                     615.7253787  575.34581  6.56%     -  188s
     0     0  575.34581    0  330  615.72538  575.34581  6.56%     -  194s
     0     0  575.34581    0  340  615.72538  575.34581  6.56%     -  195s
     0     0  575.34581    0  348  615.72538  575.34581  6.56%     -  196s
     0     0  575.34581    0  357  615.72538  575.34581  6.56%     -  197s
     0     0  575.34581    0  377  615.72538  575.34581  6.56%     -  199s
     0     0  575.34581    0  376  615.72538  575.34581  6.56%     -  199s
     0     0  575.34581    0  361  615.72538  575.34581  6.56%     -  204s
     0     0  575.34581    0  365  615.72538  575.34581  6.56%     -  205s
     0     0  575.34581    0  369  615.72538  575.34581  6.56%     -  208s
     0     0  575.34581    0  368  615.72538  575.34581  6.56%     -  208s
     0     0  575.34581    0  364  615.72538  575.34581  6.56%     -  209s
     0     0  575.34581    0  367  615.72538  575.34581  6.56%     -  209s
     0     0  575.34581    0  379  615.72538  575.34581  6.56%     -  211s
     0     0  575.34581    0  377  615.72538  575.34581  6.56%     -  213s
     0     0  575.34581    0  359  615.72538  575.34581  6.56%     -  213s
     0     0  575.34581    0  366  615.72538  575.34581  6.56%     -  216s
     0     0  575.34581    0  355  615.72538  575.34581  6.56%     -  216s
     0     0  575.34581    0  356  615.72538  575.34581  6.56%     -  217s
     0     0  575.34581    0  359  615.72538  575.34581  6.56%     -  217s
     0     0  575.34581    0  354  615.72538  575.34581  6.56%     -  218s
     0     0  575.34581    0  354  615.72538  575.34581  6.56%     -  218s
     0     0  575.34581    0  351  615.72538  575.34581  6.56%     -  219s
     0     0  579.77733    0  279  615.72538  579.77733  5.84%     -  237s
     0     0  579.77733    0  307  615.72538  579.77733  5.84%     -  241s
     0     0  579.77733    0  345  615.72538  579.77733  5.84%     -  249s
     0     0  579.77733    0  370  615.72538  579.77733  5.84%     -  252s
     0     0  579.77733    0  378  615.72538  579.77733  5.84%     -  254s
     0     0  579.77733    0  373  615.72538  579.77733  5.84%     -  255s
     0     0  579.77733    0  373  615.72538  579.77733  5.84%     -  255s
     0     0  579.77733    0  368  615.72538  579.77733  5.84%     -  257s
     0     0  579.77733    0  367  615.72538  579.77733  5.84%     -  258s
     0     0  579.77733    0  371  615.72538  579.77733  5.84%     -  261s
     0     0  579.77733    0  364  615.72538  579.77733  5.84%     -  263s
     0     0  579.77733    0  364  615.72538  579.77733  5.84%     -  271s
     0     0  579.77733    0  361  615.72538  579.77733  5.84%     -  271s
     0     0  579.77733    0  357  615.72538  579.77733  5.84%     -  273s
     0     0  579.77733    0  363  615.72538  579.77733  5.84%     -  273s
     0     0  579.77733    0  350  615.72538  579.77733  5.84%     -  276s
     0     0  579.77733    0  322  615.72538  579.77733  5.84%     -  280s
     0     0  579.77733    0  342  615.72538  579.77733  5.84%     -  282s
     0     0  579.77733    0  320  615.72538  579.77733  5.84%     -  282s
     0     0  579.77733    0  361  615.72538  579.77733  5.84%     -  284s
     0     0  579.77733    0  360  615.72538  579.77733  5.84%     -  284s
     0     0  579.77733    0  364  615.72538  579.77733  5.84%     -  284s
     0     0  579.77733    0  341  615.72538  579.77733  5.84%     -  287s
     0     0  579.77733    0  341  615.72538  579.77733  5.84%     -  287s
     0     0  579.77733    0  337  615.72538  579.77733  5.84%     -  293s
     0     0  579.77733    0  343  615.72538  579.77733  5.84%     -  293s
     0     0  579.77733    0  351  615.72538  579.77733  5.84%     -  295s
     0     0  579.77733    0  359  615.72538  579.77733  5.84%     -  295s
     0     0  580.06319    0  353  615.72538  580.06319  5.79%     -  298s
     0     0  580.51781    0  353  615.72538  580.51781  5.72%     -  298s
     0     0  581.24244    0  358  615.72538  581.24244  5.60%     -  299s
     0     0  581.30514    0  349  615.72538  581.30514  5.59%     -  300s
     0     0  581.30881    0  351  615.72538  581.30881  5.59%     -  300s
     0     0  581.94768    0  351  615.72538  581.94768  5.49%     -  301s
     0     0  581.94768    0  351  615.72538  581.94768  5.49%     -  301s
     0     0  581.94832    0  352  615.72538  581.94832  5.49%     -  302s
     0     0  581.94832    0  349  615.72538  581.94832  5.49%     -  302s
     0     0  582.40034    0  366  615.72538  582.40034  5.41%     -  304s
     0     0  582.41050    0  357  615.72538  582.41050  5.41%     -  305s
     0     0  582.43551    0  354  615.72538  582.43551  5.41%     -  306s
     0     0  582.43551    0  355  615.72538  582.43551  5.41%     -  306s
     0     0  582.43560    0  356  615.72538  582.43560  5.41%     -  307s
     0     0  582.43560    0  356  615.72538  582.43560  5.41%     -  307s
     0     0  582.43560    0  324  615.72538  582.43560  5.41%     -  307s
     0     0  586.54554    0  279  615.72538  586.54554  4.74%     -  324s
     0     0  586.54554    0  339  615.72538  586.54554  4.74%     -  327s
H    0     0                     615.7253786  586.54554  4.74%     -  330s
     0     0  586.54554    0  338  615.72538  586.54554  4.74%     -  335s
     0     0  586.54554    0  327  615.72538  586.54554  4.74%     -  337s
     0     0  586.54554    0  343  615.72538  586.54554  4.74%     -  338s
     0     0  586.54554    0  339  615.72538  586.54554  4.74%     -  339s
     0     0  586.54554    0  334  615.72538  586.54554  4.74%     -  339s
     0     0  586.54554    0  335  615.72538  586.54554  4.74%     -  341s
     0     0  586.54554    0  335  615.72538  586.54554  4.74%     -  342s
     0     0  587.29461    0  342  615.72538  587.29461  4.62%     -  346s
     0     0  587.60056    0  332  615.72538  587.60056  4.57%     -  347s
     0     0  587.60056    0  344  615.72538  587.60056  4.57%     -  348s
     0     0  587.60056    0  351  615.72538  587.60056  4.57%     -  348s
     0     0  587.60056    0  349  615.72538  587.60056  4.57%     -  350s
     0     0  587.60056    0  353  615.72538  587.60056  4.57%     -  350s
     0     0  587.60056    0  356  615.72538  587.60056  4.57%     -  351s
     0     0  587.60056    0  345  615.72538  587.60056  4.57%     -  351s
     0     0  587.60056    0  352  615.72538  587.60056  4.57%     -  352s
     0     0  587.60056    0  352  615.72538  587.60056  4.57%     -  352s
     0     0  587.60056    0  345  615.72538  587.60056  4.57%     -  352s
H    0     0                     615.7253769  587.60056  4.57%     -  357s
     0     0          -    0       615.72538  587.60056  4.57%     -  360s

Explored 1 nodes (958259 simplex iterations) in 360.00 seconds (835.91 work units)
Thread count was 4 (of 32 available processors)

Solution count 10: 615.725 615.725 616.095 ... 634.736

Time limit reached
Best objective 6.157253768762e+02, best bound 5.876005634144e+02, gap 4.5678%

User-callback calls 84937, time in user-callback 0.01 sec
Cap boundary reject: PORT-588 real=659.279 baseline=626.593
Cap boundary debug: PORT-588 -> [131 130 129 257 256 255 254 252 253 260 261 262 263 259 258 128 127 126 125 124 123 266 267 265 264 268 269 270 110 273 272 271 109] -> PORT-588 -> [108 101 102 103 104 105 106 107 274 111 275 114 494 113 112 495 496 497 498 499] -> BOAT-END | load_left=44937 load_right=18638 cap=45000
Set parameter Username
Set parameter LicenseID to value 2738882
Academic license - for non-commercial use only - expires 2026-11-14
Set parameter TimeLimit to value 360
Set parameter Seed to value 390032721
Set parameter Threads to value 4
Set parameter OutputFlag to value 1
Set parameter LogToConsole to value 1
Set parameter LazyConstraints to value 1
Gurobi Optimizer version 13.0.0 build v13.0.0rc1 (linux64 - "Debian GNU/Linux 13 (trixie)")

CPU model: AMD Ryzen 9 5950X 16-Core Processor, instruction set [SSE2|AVX|AVX2]
Thread count: 16 physical cores, 32 logical processors, using up to 4 threads

Non-default parameters:
TimeLimit  360
Seed  390032721
Threads  4
LazyConstraints  1

Optimize a model with 13186 rows, 36300 columns and 72588 nonzeros (Min)
Model fingerprint: 0x4872c7e0
Model has 11876 linear objective coefficients
Variable types: 24200 continuous, 12100 integer (12100 binary)
Coefficient statistics:
  Matrix range     [1e+00, 4e+04]
  Objective range  [3e-01, 2e+02]
  Bounds range     [1e+00, 4e+04]
  RHS range        [1e+00, 9e+03]
Presolve removed 1200 rows and 12811 columns
Presolve time: 0.11s
Presolved: 11986 rows, 23489 columns, 70331 nonzeros
Variable types: 11554 continuous, 11935 integer (11935 binary)

Root relaxation: objective 3.773507e+02, 29321 iterations, 2.57 seconds (7.86 work units)

    Nodes    |    Current Node    |     Objective Bounds      |     Work
 Expl Unexpl |  Obj  Depth IntInf | Incumbent    BestBd   Gap | It/Node Time

     0     0  377.35074    0  224          -  377.35074      -     -    2s
H    0     0                    2302.1200162  377.35074  83.6%     -    2s
H    0     0                     539.5199247  377.35074  30.1%     -    3s
H    0     0                     523.1406107  377.35074  27.9%     -    3s
H    0     0                     487.3205545  377.35074  22.6%     -    3s
H    0     0                     481.9612008  377.35074  21.7%     -    3s
H    0     0                     480.5029677  377.35074  21.5%     -    3s
H    0     0                     480.3313235  377.35074  21.4%     -    4s
     0     0  377.35074    0  224  480.33132  377.35074  21.4%     -    4s
     0     0  385.25031    0  245  480.33132  385.25031  19.8%     -    5s
H    0     0                     477.7931154  385.25031  19.4%     -    6s
H    0     0                     475.1749772  385.25031  18.9%     -    6s
H    0     0                     474.3980701  385.25031  18.8%     -    6s
H    0     0                     473.5565047  385.25031  18.6%     -    6s
H    0     0                     468.5547542  385.25031  17.8%     -    6s
H    0     0                     466.9618991  385.25031  17.5%     -    6s
H    0     0                     458.7775690  385.25031  16.0%     -    6s
     0     0  385.25539    0  245  458.77757  385.25539  16.0%     -    7s
     0     0  386.20665    0  255  458.77757  386.20665  15.8%     -    8s
     0     0  386.29493    0  247  458.77757  386.29493  15.8%     -    8s
     0     0  386.29554    0  251  458.77757  386.29554  15.8%     -    8s
     0     0  386.42643    0  255  458.77757  386.42643  15.8%     -    8s
     0     0  386.42786    0  257  458.77757  386.42786  15.8%     -    8s
     0     0  386.68863    0  247  458.77757  386.68863  15.7%     -    9s
     0     0  386.70481    0  242  458.77757  386.70481  15.7%     -    9s
     0     0  386.80624    0  247  458.77757  386.80624  15.7%     -   10s
     0     0  386.82040    0  253  458.77757  386.82040  15.7%     -   10s
     0     0  386.82070    0  257  458.77757  386.82070  15.7%     -   10s
     0     0  386.83251    0  251  458.77757  386.83251  15.7%     -   10s
     0     0  386.86507    0  256  458.77757  386.86507  15.7%     -   10s
     0     0  386.86507    0  259  458.77757  386.86507  15.7%     -   11s
     0     0  386.86507    0  259  458.77757  386.86507  15.7%     -   11s
     0     0  386.86507    0  259  458.77757  386.86507  15.7%     -   11s
     0     0  386.86507    0  256  458.77757  386.86507  15.7%     -   11s
     0     0  388.12470    0  226  458.77757  388.12470  15.4%     -   14s
     0     0  388.12470    0  255  458.77757  388.12470  15.4%     -   16s
H    0     0                     454.2233153  388.12470  14.6%     -   16s
H    0     0                     453.0617542  388.12470  14.3%     -   16s
H    0     0                     453.0617416  388.12470  14.3%     -   17s
     0     0  388.12470    0  264  453.06174  388.12470  14.3%     -   18s
     0     0  388.12470    0  272  453.06174  388.12470  14.3%     -   18s
     0     0  388.12470    0  270  453.06174  388.12470  14.3%     -   18s
     0     0  388.12470    0  269  453.06174  388.12470  14.3%     -   19s
     0     0  388.12470    0  264  453.06174  388.12470  14.3%     -   19s
     0     0  388.12470    0  270  453.06174  388.12470  14.3%     -   20s
     0     0  388.12470    0  269  453.06174  388.12470  14.3%     -   20s
     0     0  388.12470    0  261  453.06174  388.12470  14.3%     -   21s
     0     0  388.74958    0  269  453.06174  388.74958  14.2%     -   21s
     0     0  388.92870    0  264  453.06174  388.92870  14.2%     -   21s
     0     0  388.92870    0  263  453.06174  388.92870  14.2%     -   21s
     0     0  389.06271    0  267  453.06174  389.06271  14.1%     -   22s
     0     0  389.06349    0  266  453.06174  389.06349  14.1%     -   22s
     0     0  389.14136    0  269  453.06174  389.14136  14.1%     -   23s
     0     0  389.15890    0  268  453.06174  389.15890  14.1%     -   23s
     0     0  389.30393    0  271  453.06174  389.30393  14.1%     -   23s
     0     0  389.32878    0  272  453.06174  389.32878  14.1%     -   23s
     0     0  389.32878    0  272  453.06174  389.32878  14.1%     -   24s
     0     0  389.32878    0  273  453.06174  389.32878  14.1%     -   24s
     0     0  389.34463    0  272  453.06174  389.34463  14.1%     -   24s
     0     0  389.34466    0  272  453.06174  389.34466  14.1%     -   24s
     0     0  389.34466    0  272  453.06174  389.34466  14.1%     -   25s
     0     0  389.34466    0  272  453.06174  389.34466  14.1%     -   25s
     0     0  389.34466    0  269  453.06174  389.34466  14.1%     -   25s
     0     2  391.33114    0  267  453.06174  391.33114  13.6%     -   27s
    35    45  392.47799    7  239  453.06174  391.33114  13.6%  1346   30s
H  112   118                     442.9103863  391.33114  11.6%   741   32s
H  117   122                     439.6091648  391.33114  11.0%   762   32s
H  119   122                     438.1496052  391.33114  10.7%   750   32s
   260   298  419.31435   46  116  438.14961  391.33114  10.7%   485   35s
H  618   583                     430.4478320  391.33114  9.09%   333   38s
   721   664  395.73214   31  144  430.44783  391.33114  9.09%   341   40s
   809   735  401.59368   76  109  430.44783  391.33114  9.09%   356   45s
   876   798  398.92567   60  256  430.44783  391.33114  9.09%   339   52s
   879   800  416.65496   99  239  430.44783  391.33114  9.09%   337   55s
   898   813  400.98278   60  297  430.44783  393.66047  8.55%   330   60s
   913   823  428.00845  130  268  430.44783  394.56420  8.34%   325   65s
   929   833  419.50931  147  291  430.44783  395.62546  8.09%   319   70s
   944   843  398.32060   10  283  430.44783  398.32060  7.46%   314   75s
   968   861  412.42180  109  285  430.44783  399.57479  7.17%   373   80s
H  972   820                     428.9667130  400.35279  6.67%   372   81s
   990   832  402.49500   76  293  428.96671  400.77382  6.57%   365   86s
  1003   841  419.70403   68  296  428.96671  400.78197  6.57%   394   90s
H 1003   798                     427.2867906  400.86507  6.18%   394   90s
  1023   812  402.26047   76  307  427.28679  402.23032  5.86%   386   95s
  1049   829  403.21110   28  292  427.28679  403.21110  5.63%   377  104s
  1051   833  403.26491   33  281  427.28679  403.21334  5.63%   416  105s
  1126   867  415.30488   45  180  427.28679  403.32746  5.61%   454  110s
  1321   872     cutoff   77       427.28679  403.32746  5.61%   449  115s
  1509   862  407.95445   39  220  427.28679  403.32746  5.61%   437  120s
  1923   884  408.89171   50  193  427.28679  403.77943  5.50%   417  125s
  2640  1095  412.04125   44  154  427.28679  403.98673  5.45%   364  130s
  3257  1238  412.80524   44  179  427.28679  404.50311  5.33%   355  135s
  4085  1669  410.69309   46  240  427.28679  405.03442  5.21%   332  140s
  4655  2106  413.44443  110  158  427.28679  405.28971  5.15%   329  145s
  5253  2403     cutoff   47       427.28679  405.80049  5.03%   332  150s
  5837  2828  413.44449   55  148  427.28679  406.03428  4.97%   331  155s
  6504  3185  424.97831   53  181  427.28679  406.26459  4.92%   329  160s
H 7054  3461                     426.8590404  406.36998  4.80%   330  164s
  7165  3705  416.62588   58  124  426.85904  406.48814  4.77%   328  166s
  7830  3988  409.83382   44  237  426.85904  406.64092  4.74%   322  171s
H 7993  3988                     426.8590401  406.65497  4.73%   321  171s
  8441  4356  415.30513   46  158  426.85904  406.82510  4.69%   317  176s
  9360  4848  417.59595   61  188  426.85904  407.17689  4.61%   309  181s
 10025  5201  412.81121   44  179  426.85904  407.36388  4.57%   308  186s
H10759  5514                     426.8590311  407.43081  4.55%   305  189s
 11034  5850  422.90309   53  182  426.85903  407.50969  4.53%   304  193s
 11616  6093  411.27351   43  235  426.85903  407.71235  4.49%   301  196s
 12654  6627  413.65531   48  173  426.85903  407.96143  4.43%   297  202s
 13269  6884  426.73150   57  204  426.85903  408.04846  4.41%   294  205s
 14284  7323     cutoff   43       426.85903  408.31567  4.34%   293  211s
 15418  8008  412.84167   51  233  426.85903  408.53941  4.29%   291  217s
 16080  8205  412.59234   46  223  426.85903  408.62369  4.27%   288  220s
 17053  8712  409.80780   41  195  426.85903  408.76561  4.24%   286  226s
 18103  9248  416.99559   39  203  426.85903  408.93932  4.20%   285  232s
 19172  9726  422.99412   75  164  426.85903  409.10743  4.16%   283  237s
 19805 10044  412.30134   51  180  426.85903  409.22166  4.13%   281  240s
 21022 10468     cutoff   55       426.85903  409.40935  4.09%   278  245s
 22095 10829  416.01687   51  178  426.85903  409.61300  4.04%   275  250s
 22914 11143     cutoff   55       426.85903  409.75785  4.01%   274  256s
 23888 11492  417.34573   53  161  426.85903  409.86083  3.98%   274  262s
H24077 11492                     426.8590311  409.88619  3.98%   274  262s
 24164 11744  411.99255   45  186  426.85903  409.94521  3.96%   274  265s
 25385 12120  422.52843   65   89  426.85903  410.06933  3.93%   271  271s
 26218 12609  421.36703   49  118  426.85903  410.14045  3.92%   270  276s
 27497 13041  413.41898   45  228  426.85903  410.29235  3.88%   267  282s
 28568 13533     cutoff   46       426.85903  410.45773  3.84%   265  287s
 29702 13888  421.86099   54  155  426.85903  410.59140  3.81%   263  291s
 30810 14188  425.63358   67  139  426.85903  410.69597  3.79%   262  296s
 31835 14513  419.17685   56  168  426.85903  410.79922  3.76%   261  301s
 32627 14833     cutoff   52       426.85903  410.88196  3.74%   261  306s
 33772 15158  424.72495   48  141  426.85903  411.07933  3.70%   259  311s
 34863 15599  419.45016   54  165  426.85903  411.25862  3.65%   257  316s
 35935 15897  422.31199   54  161  426.85903  411.39091  3.62%   256  321s
 37054 16196  420.02255   52  193  426.85903  411.54675  3.59%   254  326s
 38184 16704  419.88944   50  173  426.85903  411.65057  3.56%   253  330s
 39258 17010  425.45482   46  170  426.85903  411.77433  3.53%   252  335s
 40141 17321     cutoff   53       426.85903  411.91666  3.50%   252  340s
 41740 17687 infeasible   61       426.85903  412.10376  3.46%   251  347s
 42718 18019  418.13156   54  167  426.85903  412.27896  3.42%   251  351s
 43856 18425  419.76215   52  218  426.85903  412.38801  3.39%   250  356s
 44808 18558  419.67426   53  202  426.85903  412.49648  3.36%   250  360s

Cutting planes:
  Learned: 2
  Gomory: 4
  Cover: 48
  Implied bound: 221
  Projected implied bound: 27
  MIR: 248
  Mixing: 2
  StrongCG: 1
  Flow cover: 324
  GUB cover: 1
  Inf proof: 15
  Zero half: 41
  RLT: 18
  Relax-and-lift: 31
  BQP: 7
  Lazy constraints: 1

Explored 45099 nodes (11330204 simplex iterations) in 360.00 seconds (1254.85 work units)
Thread count was 4 (of 32 available processors)

Solution count 10: 426.859 426.859 427.287 ... 454.223

Time limit reached
Best objective 4.268590310843e+02, best bound 4.125247414232e+02, gap 3.3581%

User-callback calls 136643, time in user-callback 0.01 sec
Cap boundary reject: PORT-588 real=426.859 baseline=426.859
Set parameter Username
Set parameter LicenseID to value 2738882
Academic license - for non-commercial use only - expires 2026-11-14
Segment 1 eval: start=BOAT-0 end=PORT-588 stations=21 (optimize)
  Segment 1 order: -501 502 490 491 492 -493 477 -480 -481 479 466 467 468 469 470 -471 472 -122 -121 120 -119
Segment 2 eval: start=PORT-588 end=PORT-584 stations=17 (optimize)
  Segment 2 order: 118 -117 -116 115 476 478 475 473 -474 -465 -464 -460 461 485 486 487 488
Segment 3 eval: start=PORT-584 end=PORT-584 stations=18 (optimize)
  Segment 3 order: 503 450 451 452 453 454 455 456 457 458 459 -463 -484 462 -483 -482 -489 -500
Segment 4 eval: start=PORT-584 end=PORT-593 stations=33 (optimize)
  Segment 4 order: 504 -505 -449 -448 -447 -446 -445 439 -440 441 442 443 444 -506 507 508 509 510 511 514 -513 -512 435 436 437 438 434 -433 -432 -431 -430 -429 -428
Segment 5 eval: start=PORT-593 end=PORT-593 stations=15 (optimize)
  Segment 5 order: 515 516 522 523 -526 524 525 579 580 -521 -520 -519 -518 -517 -427
Segment 6 eval: start=PORT-593 end=PORT-591 stations=45 (optimize)
  Segment 6 order: -575 577 578 527 528 529 530 531 532 -533 -576 -574 -573 -571 -570 -569 572 534 535 -536 537 538 539 544 545 546 547 -548 -549 -541 -540 -543 542 -568 -567 -566 -565 -564 -563 -562 -554 553 550 551 552
Segment 7 eval: start=PORT-591 end=PORT-582 stations=122 (optimize)
  Segment 7 order: -346 276 277 278 279 280 281 557 -556 282 283 -284 555 558 559 -561 560 285 286 287 288 289 290 291 292 293 294 -295 296 297 306 -305 -298 299 300 301 302 304 -303 307 308 309 -310 311 312 -313 314 315 316 317 318 319 320 340 341 342 343 344 345 334 335 336 337 338 339 321 322 323 324 325 -327 328 330 -332 -331 -329 -326 349 350 351 352 353 -354 355 356 357 358 359 360 361 362 -348 333 347 363 -364 365 366 367 368 -425 -424 422 423 -421 420 -418 -417 381 426 369 370 371 372 373 -374 375 376 377 378 379 380
Segment 8 eval: start=PORT-582 end=PORT-581 stations=53 (optimize)
  Segment 8 order: 57 59 -58 60 -64 65 -63 61 62 -386 -385 -384 -383 -419 -382 414 -416 415 413 -412 -411 410 -408 -409 404 407 -406 -405 -403 -402 387 388 389 390 391 392 393 394 395 401 400 -399 -398 -397 -396 -47 -46 -45 -44 -43 -42 -41 -40
Segment 9 eval: start=PORT-581 end=PORT-583 stations=87 (optimize)
  Segment 9 order: 56 55 -54 -53 -52 -51 -50 -49 -48 -39 -38 -37 66 67 68 69 70 77 -76 71 74 -73 -72 -75 -78 -79 27 29 30 -33 34 35 36 32 31 -28 -26 93 -92 94 91 80 81 82 83 84 85 -86 87 -88 89 -90 95 96 2 1 3 4 -25 -24 -23 -22 -21 20 -19 -18 -17 -16 -15 -14 -13 -12 -11 -10 -5 6 7 8 9 143 -142 -144 145 146 147 148 149
Segment 10 eval: start=PORT-583 end=PORT-583 stations=63 (optimize)
  Segment 10 order: -132 -181 -180 -229 -228 -179 -135 136 137 152 -151 139 -138 -141 -140 150 -158 157 153 154 155 156 -159 160 161 162 163 164 165 166 167 168 169 170 171 172 173 174 175 176 177 182 183 184 185 186 187 188 189 -190 223 224 226 178 227 -231 235 -234 -233 -232 -230 -134 -133
Segment 11 eval: start=PORT-583 end=PORT-588 stations=53 (optimize)
  Segment 11 order: -225 -222 -221 -220 -219 191 -218 192 193 194 195 196 197 198 203 204 -202 199 -200 201 205 206 207 208 209 210 211 212 213 -217 -216 214 215 -237 238 243 244 250 -251 249 -248 -245 247 -246 -242 241 -240 -239 -236 97 98 99 100
Segment 12 eval: start=PORT-588 end=PORT-588 stations=33 (optimize)
  Segment 12 order: 110 -270 -269 -268 264 265 267 266 123 124 125 -126 127 -263 -262 -261 -260 -259 258 128 129 130 131 -256 257 -255 -254 -252 -253 -271 272 273 -109
Segment 13 eval: start=PORT-588 end=BOAT-END stations=20 (optimize)
  Segment 13 order: -107 -106 -105 104 -103 -102 -101 108 274 111 275 -114 494 -113 -112 495 496 497 498 499
PROGRESS pass=1 changed=1 total=4599.454 best=4599.454 nseg=13 stall=0 mut=3/9 mut=STAT-40 src=9 dst=8 delta=-10.778
Capacity boundary sweep pass 2
Cap boundary debug: BOAT -> [501 502 490 491 492 493 477 480 481 479 466 467 468 469 470 471 472 122 121 120 119] -> PORT-588 -> [118 117 116 115 476 478 475 473 474 465 464 460 461 485 486 487 488] -> PORT-584 | load_left=43117 load_right=31421 cap=45000
Set parameter Username
Set parameter LicenseID to value 2738882
Academic license - for non-commercial use only - expires 2026-11-14
Set parameter TimeLimit to value 360
Set parameter Seed to value 1660117755
Set parameter Threads to value 4
Set parameter OutputFlag to value 1
Set parameter LogToConsole to value 1
Set parameter LazyConstraints to value 1
Gurobi Optimizer version 13.0.0 build v13.0.0rc1 (linux64 - "Debian GNU/Linux 13 (trixie)")

CPU model: AMD Ryzen 9 5950X 16-Core Processor, instruction set [SSE2|AVX|AVX2]
Thread count: 16 physical cores, 32 logical processors, using up to 4 threads

Non-default parameters:
TimeLimit  360
Seed  1660117755
Threads  4
LazyConstraints  1

Optimize a model with 7186 rows, 19200 columns and 38388 nonzeros (Min)
Model fingerprint: 0x60342ae1
Model has 6240 linear objective coefficients
Variable types: 12800 continuous, 6400 integer (6400 binary)
Coefficient statistics:
  Matrix range     [1e+00, 4e+04]
  Objective range  [8e-01, 2e+02]
  Bounds range     [1e+00, 4e+04]
  RHS range        [1e+00, 2e+04]
Presolve removed 870 rows and 6916 columns
Presolve time: 0.06s
Presolved: 6316 rows, 12284 columns, 36808 nonzeros
Variable types: 6004 continuous, 6280 integer (6280 binary)

Root relaxation: objective 4.051789e+02, 15079 iterations, 0.74 seconds (2.21 work units)

    Nodes    |    Current Node    |     Objective Bounds      |     Work
 Expl Unexpl |  Obj  Depth IntInf | Incumbent    BestBd   Gap | It/Node Time

     0     0  405.17886    0  147          -  405.17886      -     -    0s
H    0     0                     693.2627304  405.17886  41.6%     -    0s
H    0     0                     631.1232230  405.17886  35.8%     -    0s
H    0     0                     606.9547892  405.17886  33.2%     -    1s
H    0     0                     560.7204683  405.17886  27.7%     -    1s
H    0     0                     541.4978074  405.17886  25.2%     -    2s
     0     0  406.39566    0  136  541.49781  406.39566  24.9%     -    2s
     0     0  408.36172    0  169  541.49781  408.36172  24.6%     -    3s
H    0     0                     538.8727717  408.36609  24.2%     -    4s
H    0     0                     536.7317021  408.36609  23.9%     -    4s
     0     0  408.36609    0  169  536.73170  408.36609  23.9%     -    5s
H    0     0                     443.2223560  408.36609  7.86%     -    8s
     0     0  408.36609    0  167  443.22236  408.36609  7.86%     -    8s
     0     0  408.99455    0  183  443.22236  408.99455  7.72%     -    8s
     0     0  408.99455    0  140  443.22236  408.99455  7.72%     -    8s
     0     0  409.40865    0  173  443.22236  409.40865  7.63%     -    9s
     0     0  410.03759    0  186  443.22236  410.03759  7.49%     -    9s
     0     0  410.03759    0  186  443.22236  410.03759  7.49%     -    9s
     0     0  410.22491    0  184  443.22236  410.22491  7.44%     -    9s
     0     0  410.22544    0  177  443.22236  410.22544  7.44%     -    9s
     0     0  411.89679    0  179  443.22236  411.89679  7.07%     -    9s
     0     0  411.90004    0  187  443.22236  411.90004  7.07%     -    9s
     0     0  411.90004    0  182  443.22236  411.90004  7.07%     -    9s
     0     0  413.72493    0  193  443.22236  413.72493  6.66%     -   10s
     0     0  413.74852    0  191  443.22236  413.74852  6.65%     -   10s
     0     0  413.74852    0  192  443.22236  413.74852  6.65%     -   10s
     0     0  413.77942    0  188  443.22236  413.77942  6.64%     -   10s
     0     0  413.77942    0  185  443.22236  413.77942  6.64%     -   10s
     0     0  413.78582    0  183  443.22236  413.78582  6.64%     -   10s
     0     0  413.80378    0  183  443.22236  413.80378  6.64%     -   10s
     0     0  413.80378    0  179  443.22236  413.80378  6.64%     -   10s
     0     0  413.80378    0  181  443.22236  413.80378  6.64%     -   10s
     0     0  413.80378    0  185  443.22236  413.80378  6.64%     -   10s
     0     0  413.80378    0  185  443.22236  413.80378  6.64%     -   10s
     0     0  413.80378    0  185  443.22236  413.80378  6.64%     -   10s
     0     0  413.80378    0  180  443.22236  413.80378  6.64%     -   10s
     0     0  414.61391    0  141  443.22236  414.61391  6.45%     -   11s
     0     0  414.61391    0  181  443.22236  414.61391  6.45%     -   11s
     0     0  414.61391    0  199  443.22236  414.61391  6.45%     -   11s
     0     0  414.61391    0  185  443.22236  414.61391  6.45%     -   11s
     0     0  414.61391    0  187  443.22236  414.61391  6.45%     -   11s
     0     0  414.61391    0  191  443.22236  414.61391  6.45%     -   11s
     0     0  414.61391    0  189  443.22236  414.61391  6.45%     -   11s
     0     0  414.61391    0  204  443.22236  414.61391  6.45%     -   11s
     0     0  414.61391    0  201  443.22236  414.61391  6.45%     -   11s
     0     0  414.61391    0  198  443.22236  414.61391  6.45%     -   12s
     0     0  414.61391    0  196  443.22236  414.61391  6.45%     -   12s
     0     0  414.61391    0  200  443.22236  414.61391  6.45%     -   12s
     0     0  414.61391    0  202  443.22236  414.61391  6.45%     -   12s
     0     0  414.61391    0  202  443.22236  414.61391  6.45%     -   12s
     0     0  414.61391    0  203  443.22236  414.61391  6.45%     -   12s
     0     0  414.61391    0  202  443.22236  414.61391  6.45%     -   12s
     0     0  414.61391    0  192  443.22236  414.61391  6.45%     -   12s
     0     0  414.61391    0  192  443.22236  414.61391  6.45%     -   12s
     0     0  414.61391    0  192  443.22236  414.61391  6.45%     -   12s
     0     2  414.81885    0  192  443.22236  414.81885  6.41%     -   12s
   405   390  439.18139   62   89  443.22236  415.08005  6.35%   159   15s
  1204  1003  432.46419   13  191  443.22236  419.48401  5.36%   133   21s
  1498  1088  430.24174   25  139  443.22236  419.48401  5.36%   170   25s
H 1612  1046                     443.2223543  419.48401  5.36%   175   25s
  2816  1194  440.34529   45   89  443.22235  425.14645  4.08%   184   30s
  4768  1456  439.50272   30  114  443.22235  428.82594  3.25%   183   35s
H 5254  1559                     443.2223480  429.35097  3.13%   180   36s
  6760  1704 infeasible   31       443.22235  432.42555  2.44%   185   40s
  8738  1266  442.72052   46   92  443.22235  435.87997  1.66%   194   45s

Cutting planes:
  Gomory: 4
  Cover: 9
  Implied bound: 80
  Projected implied bound: 3
  MIR: 40
  Flow cover: 45
  Inf proof: 13
  Zero half: 8
  RLT: 16
  Relax-and-lift: 42
  BQP: 2

Explored 11402 nodes (2164225 simplex iterations) in 49.80 seconds (163.16 work units)
Thread count was 4 (of 32 available processors)

Solution count 9: 443.222 443.222 536.732 ... 693.263

Optimal solution found (tolerance 1.00e-04)
Best objective 4.432223480435e+02, best bound 4.432223480435e+02, gap 0.0000%

User-callback calls 35487, time in user-callback 0.01 sec
Cap boundary opt: PORT-588 stations=38 obj=443.222 real=443.222 baseline=444.547
Set parameter Username
Set parameter LicenseID to value 2738882
Academic license - for non-commercial use only - expires 2026-11-14
Segment 1 eval: start=BOAT-0 end=PORT-588 stations=19 (optimize)
  Segment 1 order: -501 502 -488 -487 -486 -485 -461 460 464 465 474 -473 -475 -478 -476 -115 116 117 -118
Segment 2 eval: start=PORT-588 end=PORT-584 stations=19 (optimize)
  Segment 2 order: 119 -120 121 122 -472 471 -470 -469 -468 -467 -466 -479 481 480 -477 493 -492 -491 -490
Segment 3 eval: start=PORT-584 end=PORT-584 stations=18 (optimize)
  Segment 3 order: 503 450 451 452 453 454 455 456 457 458 459 -463 -484 462 -483 -482 -489 -500
Segment 4 eval: start=PORT-584 end=PORT-593 stations=33 (optimize)
  Segment 4 order: 504 -505 -449 -448 -447 -446 -445 439 -440 441 442 443 444 -506 507 508 509 510 511 514 -513 -512 435 436 437 438 434 -433 -432 -431 -430 -429 -428
Segment 5 eval: start=PORT-593 end=PORT-593 stations=15 (optimize)
  Segment 5 order: 515 516 522 523 -526 524 525 579 580 -521 -520 -519 -518 -517 -427
Segment 6 eval: start=PORT-593 end=PORT-591 stations=45 (optimize)
  Segment 6 order: -575 577 578 527 528 529 530 531 532 -533 -576 -574 -573 -571 -570 -569 572 534 535 -536 537 538 539 544 545 546 547 -548 -549 -541 -540 -543 542 -568 -567 -566 -565 -564 -563 -562 -554 553 550 551 552
Segment 7 eval: start=PORT-591 end=PORT-582 stations=122 (optimize)
  Segment 7 order: -346 276 277 278 279 280 281 557 -556 282 283 -284 555 558 559 -561 560 285 286 287 288 289 290 291 292 293 294 -295 296 297 306 -305 -298 299 300 301 302 304 -303 307 308 309 -310 311 312 -313 314 315 316 317 318 319 320 340 341 342 343 344 345 334 335 336 337 338 339 321 322 323 324 325 -327 328 330 -332 -331 -329 -326 349 350 351 352 353 -354 355 356 357 358 359 360 361 362 -348 333 347 363 -364 365 366 367 368 -425 -424 422 423 -421 420 -418 -417 381 426 369 370 371 372 373 -374 375 376 377 378 379 380
Segment 8 eval: start=PORT-582 end=PORT-581 stations=53 (optimize)
  Segment 8 order: 57 59 -58 60 -64 65 -63 61 62 -386 -385 -384 -383 -419 -382 414 -416 415 413 -412 -411 410 -408 -409 404 407 -406 -405 -403 -402 387 388 389 390 391 392 393 394 395 401 400 -399 -398 -397 -396 -47 -46 -45 -44 -43 -42 -41 -40
Segment 9 eval: start=PORT-581 end=PORT-583 stations=87 (optimize)
  Segment 9 order: 56 55 -54 -53 -52 -51 -50 -49 -48 -39 -38 -37 66 67 68 69 70 77 -76 71 74 -73 -72 -75 -78 -79 27 29 30 -33 34 35 36 32 31 -28 -26 93 -92 94 91 80 81 82 83 84 85 -86 87 -88 89 -90 95 96 2 1 3 4 -25 -24 -23 -22 -21 20 -19 -18 -17 -16 -15 -14 -13 -12 -11 -10 -5 6 7 8 9 143 -142 -144 145 146 147 148 149
Segment 10 eval: start=PORT-583 end=PORT-583 stations=63 (optimize)
  Segment 10 order: -132 -181 -180 -229 -228 -179 -135 136 137 152 -151 139 -138 -141 -140 150 -158 157 153 154 155 156 -159 160 161 162 163 164 165 166 167 168 169 170 171 172 173 174 175 176 177 182 183 184 185 186 187 188 189 -190 223 224 226 178 227 -231 235 -234 -233 -232 -230 -134 -133
Segment 11 eval: start=PORT-583 end=PORT-588 stations=53 (optimize)
  Segment 11 order: -225 -222 -221 -220 -219 191 -218 192 193 194 195 196 197 198 203 204 -202 199 -200 201 205 206 207 208 209 210 211 212 213 -217 -216 214 215 -237 238 243 244 250 -251 249 -248 -245 247 -246 -242 241 -240 -239 -236 97 98 99 100
Segment 12 eval: start=PORT-588 end=PORT-588 stations=33 (optimize)
  Segment 12 order: 110 -270 -269 -268 264 265 267 266 123 124 125 -126 127 -263 -262 -261 -260 -259 258 128 129 130 131 -256 257 -255 -254 -252 -253 -271 272 273 -109
Segment 13 eval: start=PORT-588 end=BOAT-END stations=20 (optimize)
  Segment 13 order: -107 -106 -105 104 -103 -102 -101 108 274 111 275 -114 494 -113 -112 495 496 497 498 499
Cap boundary debug: PORT-588 -> [119 120 121 122 472 471 470 469 468 467 466 479 481 480 477 493 492 491 490] -> PORT-584 -> [503 450 451 452 453 454 455 456 457 458 459 463 484 462 483 482 489 500] -> PORT-584 | load_left=40860 load_right=44376 cap=45000
Set parameter Username
Set parameter LicenseID to value 2738882
Academic license - for non-commercial use only - expires 2026-11-14
Set parameter TimeLimit to value 360
Set parameter Seed to value 1137679159
Set parameter Threads to value 4
Set parameter OutputFlag to value 1
Set parameter LogToConsole to value 1
Set parameter LazyConstraints to value 1
Gurobi Optimizer version 13.0.0 build v13.0.0rc1 (linux64 - "Debian GNU/Linux 13 (trixie)")

CPU model: AMD Ryzen 9 5950X 16-Core Processor, instruction set [SSE2|AVX|AVX2]
Thread count: 16 physical cores, 32 logical processors, using up to 4 threads

Non-default parameters:
TimeLimit  360
Seed  1137679159
Threads  4
LazyConstraints  1

Optimize a model with 6850 rows, 18252 columns and 36492 nonzeros (Min)
Model fingerprint: 0x0ecd73bd
Model has 5924 linear objective coefficients
Variable types: 12168 continuous, 6084 integer (6084 binary)
Coefficient statistics:
  Matrix range     [1e+00, 4e+04]
  Objective range  [1e+00, 2e+02]
  Bounds range     [1e+00, 4e+04]
  RHS range        [1e+00, 1e+04]
Presolve removed 848 rows and 6587 columns
Presolve time: 0.05s
Presolved: 6002 rows, 11665 columns, 34958 nonzeros
Variable types: 5698 continuous, 5967 integer (5967 binary)

Root relaxation: objective 3.995023e+02, 12812 iterations, 0.73 seconds (2.13 work units)

    Nodes    |    Current Node    |     Objective Bounds      |     Work
 Expl Unexpl |  Obj  Depth IntInf | Incumbent    BestBd   Gap | It/Node Time

     0     0  399.50234    0  130          -  399.50234      -     -    0s
H    0     0                     423.8201024  399.50234  5.74%     -    0s
H    0     0                     423.3927594  399.50234  5.64%     -    0s
H    0     0                     420.6255243  399.50234  5.02%     -    0s
     0     0  399.50234    0  132  420.62552  399.50234  5.02%     -    1s
     0     0  403.71357    0  140  420.62552  403.71357  4.02%     -    1s
     0     0  403.71357    0  134  420.62552  403.71357  4.02%     -    1s
     0     0  405.15507    0  142  420.62552  405.15507  3.68%     -    1s
     0     0  405.15507    0  142  420.62552  405.15507  3.68%     -    1s
     0     0  408.21938    0  144  420.62552  408.21938  2.95%     -    1s
     0     0  408.61784    0  145  420.62552  408.61784  2.85%     -    1s
     0     0  410.69175    0  148  420.62552  410.69175  2.36%     -    1s
     0     0  410.95186    0  149  420.62552  410.95186  2.30%     -    1s
     0     0  411.06983    0  147  420.62552  411.06983  2.27%     -    1s
     0     0  411.08528    0  146  420.62552  411.08528  2.27%     -    1s
     0     0  411.12532    0  151  420.62552  411.12532  2.26%     -    1s
     0     0  411.13328    0  152  420.62552  411.13328  2.26%     -    1s
     0     0  411.31531    0  151  420.62552  411.31531  2.21%     -    1s
     0     0  411.31531    0  130  420.62552  411.31531  2.21%     -    1s
     0     0  411.31531    0  139  420.62552  411.31531  2.21%     -    1s
     0     0  411.31531    0  146  420.62552  411.31531  2.21%     -    1s
     0     0  411.31531    0   98  420.62552  411.31531  2.21%     -    1s
     0     0  411.31531    0  149  420.62552  411.31531  2.21%     -    1s
     0     0  411.36003    0  156  420.62552  411.36003  2.20%     -    1s
     0     0  411.36688    0  156  420.62552  411.36688  2.20%     -    1s
     0     0  411.36688    0  156  420.62552  411.36688  2.20%     -    1s
     0     0  412.10741    0  164  420.62552  412.10741  2.03%     -    1s
     0     0  412.14584    0  163  420.62552  412.14584  2.02%     -    1s
     0     0  412.59563    0  162  420.62552  412.59563  1.91%     -    1s
     0     0  412.67953    0  160  420.62552  412.67953  1.89%     -    1s
     0     0  412.68981    0  164  420.62552  412.68981  1.89%     -    1s
     0     0  412.68981    0  163  420.62552  412.68981  1.89%     -    1s
     0     0  412.94256    0  169  420.62552  412.94256  1.83%     -    1s
     0     0  413.01893    0  170  420.62552  413.01893  1.81%     -    1s
     0     0  413.04156    0  171  420.62552  413.04156  1.80%     -    1s
     0     0  413.04177    0  170  420.62552  413.04177  1.80%     -    1s
     0     0  413.38473    0  167  420.62552  413.38473  1.72%     -    1s
     0     0  413.42345    0  169  420.62552  413.42345  1.71%     -    1s
     0     0  413.47780    0  171  420.62552  413.47780  1.70%     -    1s
     0     0  413.62608    0  172  420.62552  413.62608  1.66%     -    1s
     0     0  413.66296    0  176  420.62552  413.66296  1.66%     -    1s
     0     0  413.66296    0  176  420.62552  413.66296  1.66%     -    1s
     0     0  413.66296    0  177  420.62552  413.66296  1.66%     -    1s
     0     0  413.77118    0  177  420.62552  413.77118  1.63%     -    1s
     0     0  413.83043    0  179  420.62552  413.83043  1.62%     -    1s
     0     0  413.92248    0  181  420.62552  413.92248  1.59%     -    1s
     0     0  413.93632    0  183  420.62552  413.93632  1.59%     -    1s
     0     0  413.93632    0  183  420.62552  413.93632  1.59%     -    1s
     0     0  414.03148    0  180  420.62552  414.03148  1.57%     -    1s
     0     0  414.05534    0  177  420.62552  414.05534  1.56%     -    1s
     0     0  414.05534    0  178  420.62552  414.05534  1.56%     -    1s
     0     0  414.10600    0  179  420.62552  414.10600  1.55%     -    1s
     0     0  414.11783    0  181  420.62552  414.11783  1.55%     -    1s
     0     0  414.11783    0  182  420.62552  414.11783  1.55%     -    1s
     0     0  414.31222    0  176  420.62552  414.31222  1.50%     -    1s
     0     0  414.31222    0  176  420.62552  414.31222  1.50%     -    1s
     0     0  414.31222    0  176  420.62552  414.31222  1.50%     -    1s
     0     0  414.31278    0  127  420.62552  414.31278  1.50%     -    2s
     0     0  414.31278    0  154  420.62552  414.31278  1.50%     -    2s
     0     0  414.31278    0  159  420.62552  414.31278  1.50%     -    2s
     0     0  414.31278    0  159  420.62552  414.31278  1.50%     -    2s
     0     0  414.31278    0  161  420.62552  414.31278  1.50%     -    2s
     0     0  414.31278    0  170  420.62552  414.31278  1.50%     -    2s
     0     0  414.31308    0  171  420.62552  414.31308  1.50%     -    2s
     0     0  414.31401    0  171  420.62552  414.31401  1.50%     -    2s
     0     0  414.35838    0  172  420.62552  414.35838  1.49%     -    2s
     0     0  414.38235    0  169  420.62552  414.38235  1.48%     -    2s
     0     0  414.38235    0  169  420.62552  414.38235  1.48%     -    2s
     0     0  414.43564    0  170  420.62552  414.43564  1.47%     -    2s
     0     0  414.44971    0  171  420.62552  414.44971  1.47%     -    2s
     0     0  414.44971    0  171  420.62552  414.44971  1.47%     -    2s
     0     0  414.47558    0  177  420.62552  414.47558  1.46%     -    2s
     0     0  414.47561    0  173  420.62552  414.47561  1.46%     -    2s
     0     0  414.47623    0  173  420.62552  414.47623  1.46%     -    2s
     0     0  414.47623    0  173  420.62552  414.47623  1.46%     -    2s
     0     0  414.47623    0  172  420.62552  414.47623  1.46%     -    2s
     0     2  414.50978    0  172  420.62552  414.50978  1.45%     -    2s

Cutting planes:
  Gomory: 2
  Cover: 1
  Implied bound: 41
  MIR: 28
  Flow cover: 17
  Zero half: 4
  RLT: 3
  Relax-and-lift: 21
  BQP: 1

Explored 18 nodes (30843 simplex iterations) in 2.29 seconds (4.63 work units)
Thread count was 4 (of 32 available processors)

Solution count 3: 420.626 423.393 423.82 

Optimal solution found (tolerance 1.00e-04)
Best objective 4.206255243055e+02, best bound 4.206255243055e+02, gap 0.0000%

User-callback calls 1303, time in user-callback 0.00 sec
Cap boundary reject: PORT-584 real=568.867 baseline=420.626
Cap boundary debug: PORT-584 -> [503 450 451 452 453 454 455 456 457 458 459 463 484 462 483 482 489 500] -> PORT-584 -> [504 505 449 448 447 446 445 439 440 441 442 443 444 506 507 508 509 510 511 514 513 512 435 436 437 438 434 433 432 431 430 429 428] -> PORT-593 | load_left=44376 load_right=41503 cap=45000
Set parameter Username
Set parameter LicenseID to value 2738882
Academic license - for non-commercial use only - expires 2026-11-14
Set parameter TimeLimit to value 360
Set parameter Seed to value 614902058
Set parameter Threads to value 4
Set parameter OutputFlag to value 1
Set parameter LogToConsole to value 1
Set parameter LazyConstraints to value 1
Gurobi Optimizer version 13.0.0 build v13.0.0rc1 (linux64 - "Debian GNU/Linux 13 (trixie)")

CPU model: AMD Ryzen 9 5950X 16-Core Processor, instruction set [SSE2|AVX|AVX2]
Thread count: 16 physical cores, 32 logical processors, using up to 4 threads

Non-default parameters:
TimeLimit  360
Seed  614902058
Threads  4
LazyConstraints  1

Optimize a model with 12282 rows, 33708 columns and 67404 nonzeros (Min)
Model fingerprint: 0x885f2298
Model has 11020 linear objective coefficients
Variable types: 22472 continuous, 11236 integer (11236 binary)
Coefficient statistics:
  Matrix range     [1e+00, 4e+04]
  Objective range  [8e-01, 1e+02]
  Bounds range     [1e+00, 4e+04]
  RHS range        [1e+00, 1e+04]
Presolve removed 1156 rows and 11921 columns
Presolve time: 0.10s
Presolved: 11126 rows, 21787 columns, 65239 nonzeros
Variable types: 10710 continuous, 11077 integer (11077 binary)

Root relaxation: objective 3.956420e+02, 25896 iterations, 2.07 seconds (6.10 work units)

    Nodes    |    Current Node    |     Objective Bounds      |     Work
 Expl Unexpl |  Obj  Depth IntInf | Incumbent    BestBd   Gap | It/Node Time

     0     0  395.64198    0  159          -  395.64198      -     -    2s
H    0     0                     572.5644557  395.64198  30.9%     -    2s
H    0     0                     557.1909199  395.64198  29.0%     -    2s
H    0     0                     552.6298263  395.64198  28.4%     -    2s
H    0     0                     543.8579571  395.64198  27.3%     -    3s
H    0     0                     535.5742110  395.64198  26.1%     -    3s
     0     0  395.64198    0  162  535.57421  395.64198  26.1%     -    3s
     0     0  400.87125    0  203  535.57421  400.87125  25.2%     -    4s
     0     0  401.06768    0  210  535.57421  401.06768  25.1%     -    5s
     0     0  401.06768    0  212  535.57421  401.06768  25.1%     -    5s
     0     0  403.47106    0  195  535.57421  403.47106  24.7%     -    6s
     0     0  403.47117    0  196  535.57421  403.47117  24.7%     -    6s
     0     0  407.11208    0  221  535.57421  407.11208  24.0%     -    7s
     0     0  407.67998    0  212  535.57421  407.67998  23.9%     -    7s
     0     0  407.68162    0  227  535.57421  407.68162  23.9%     -    7s
     0     0  407.99647    0  232  535.57421  407.99647  23.8%     -    8s
     0     0  408.00472    0  237  535.57421  408.00472  23.8%     -    9s
     0     0  408.00496    0  231  535.57421  408.00496  23.8%     -    9s
     0     0  408.01578    0  229  535.57421  408.01578  23.8%     -    9s
H    0     0                     445.7807084  408.01578  8.47%     -    9s
     0     0  408.01578    0  229  445.78071  408.01578  8.47%     -   10s
H    0     0                     443.4555753  408.01578  7.99%     -   10s
     0     0  408.01578    0  228  443.45558  408.01578  7.99%     -   10s
     0     0  408.05088    0  230  443.45558  408.05088  7.98%     -   10s
     0     0  408.05088    0  163  443.45558  408.05088  7.98%     -   11s
     0     0  408.05088    0  223  443.45558  408.05088  7.98%     -   12s
H    0     0                     442.3887031  408.05088  7.76%     -   12s
     0     0  408.05088    0  219  442.38870  408.05088  7.76%     -   12s
     0     0  408.05088    0  237  442.38870  408.05088  7.76%     -   12s
     0     0  408.33249    0  232  442.38870  408.33249  7.70%     -   12s
     0     0  408.49284    0  210  442.38870  408.49284  7.66%     -   12s
     0     0  408.49817    0  213  442.38870  408.49817  7.66%     -   12s
     0     0  409.23251    0  231  442.38870  409.23251  7.49%     -   12s
     0     0  409.23609    0  227  442.38870  409.23609  7.49%     -   12s
     0     0  409.23609    0  228  442.38870  409.23609  7.49%     -   12s
     0     0  410.66979    0  232  442.38870  410.66979  7.17%     -   13s
     0     0  411.21353    0  229  442.38870  411.21353  7.05%     -   13s
     0     0  411.30223    0  231  442.38870  411.30223  7.03%     -   13s
     0     0  411.30294    0  235  442.38870  411.30294  7.03%     -   13s
     0     0  416.89811    0  217  442.38870  416.89811  5.76%     -   14s
     0     0  417.43717    0  221  442.38870  417.43717  5.64%     -   14s
     0     0  417.43717    0  221  442.38870  417.43717  5.64%     -   14s
     0     0  418.43319    0  213  442.38870  418.43319  5.42%     -   14s
     0     0  418.43319    0  184  442.38870  418.43319  5.42%     -   14s
     0     0  418.43319    0  200  442.38870  418.43319  5.42%     -   15s
     0     0  418.43319    0  205  442.38870  418.43319  5.42%     -   15s
     0     0  418.89734    0  219  442.38870  418.89734  5.31%     -   15s
     0     0  419.15841    0  209  442.38870  419.15841  5.25%     -   15s
     0     0  419.85936    0  204  442.38870  419.85936  5.09%     -   15s
     0     0  419.86008    0  210  442.38870  419.86008  5.09%     -   15s
     0     0  419.92095    0  213  442.38870  419.92095  5.08%     -   15s
     0     0  419.92124    0  214  442.38870  419.92124  5.08%     -   15s
     0     0  419.96683    0  207  442.38870  419.96683  5.07%     -   15s
     0     0  419.97236    0  207  442.38870  419.97236  5.07%     -   15s
     0     0  419.97246    0  205  442.38870  419.97246  5.07%     -   16s
     0     0  419.97246    0  205  442.38870  419.97246  5.07%     -   16s
     0     0  419.97246    0  205  442.38870  419.97246  5.07%     -   16s
     0     0  420.21475    0  165  442.38870  420.21475  5.01%     -   16s
     0     0  420.21475    0  211  442.38870  420.21475  5.01%     -   16s
     0     0  420.21475    0  206  442.38870  420.21475  5.01%     -   17s
     0     0  420.21475    0  213  442.38870  420.21475  5.01%     -   17s
     0     0  420.21475    0  207  442.38870  420.21475  5.01%     -   17s
     0     0  420.21475    0  209  442.38870  420.21475  5.01%     -   17s
     0     0  420.21475    0  209  442.38870  420.21475  5.01%     -   17s
     0     0  420.21475    0  212  442.38870  420.21475  5.01%     -   17s
     0     0  420.21475    0  210  442.38870  420.21475  5.01%     -   17s
     0     0  420.21475    0  216  442.38870  420.21475  5.01%     -   17s
     0     0  420.26098    0  215  442.38870  420.26098  5.00%     -   17s
     0     0  420.26332    0  218  442.38870  420.26332  5.00%     -   17s
     0     0  420.30073    0  221  442.38870  420.30073  4.99%     -   17s
     0     0  420.30081    0  220  442.38870  420.30081  4.99%     -   17s
     0     0  420.38389    0  226  442.38870  420.38389  4.97%     -   17s
     0     0  420.38389    0  228  442.38870  420.38389  4.97%     -   17s
     0     0  420.38485    0  227  442.38870  420.38485  4.97%     -   17s
     0     0  420.38565    0  226  442.38870  420.38565  4.97%     -   17s
     0     0  420.38641    0  228  442.38870  420.38641  4.97%     -   18s
     0     0  420.38641    0  228  442.38870  420.38641  4.97%     -   18s
     0     0  420.38641    0  228  442.38870  420.38641  4.97%     -   18s
     0     0  420.38641    0  227  442.38870  420.38641  4.97%     -   18s
     0     2  420.69361    0  226  442.38870  420.69361  4.90%     -   18s
   344   325  431.97609   35  102  442.38870  420.69361  4.90%   135   20s
  1329  1000  433.92927   32  220  442.38870  423.39250  4.29%   116   25s
  1387  1039  433.60387   35  244  442.38870  424.09182  4.14%   112   30s
  1429  1068  433.92927   32  241  442.38870  424.46037  4.05%   137   35s
  1463  1094  425.12747   30  229  442.38870  425.09564  3.91%   157   40s
  1717  1134     cutoff   48       442.38870  426.16774  3.67%   205   45s
  2528  1076  436.51069   39  205  442.38870  430.43789  2.70%   228   50s
  3406  1017  433.42753   37  210  442.38870  432.40794  2.26%   242   55s
  4399   793  435.47800   39   53  442.38870  433.64766  1.98%   253   60s
  5369   724  442.37133   40  219  442.38870  434.92782  1.69%   258   65s
* 6350   681              42     442.3887004  436.04308  1.43%   257   68s
  6525   631     cutoff   43       442.38870  436.41279  1.35%   257   70s
H 6527   631                     442.3886986  436.41279  1.35%   257   70s
H 6829   586                     442.3886975  436.98271  1.22%   255   71s
  8204    22  441.46658   54   38  442.38870  439.28255  0.70%   253   75s

Cutting planes:
  Gomory: 7
  Cover: 21
  Implied bound: 125
  Projected implied bound: 26
  Clique: 4
  MIR: 167
  Flow cover: 274
  GUB cover: 1
  Inf proof: 5
  Zero half: 23
  Mod-K: 1
  RLT: 6
  Relax-and-lift: 14
  BQP: 11

Explored 8638 nodes (2254101 simplex iterations) in 75.82 seconds (212.49 work units)
Thread count was 4 (of 32 available processors)

Solution count 9: 442.389 442.389 443.456 ... 572.564

Optimal solution found (tolerance 1.00e-04)
Best objective 4.423886975250e+02, best bound 4.423886975250e+02, gap 0.0000%

User-callback calls 31330, time in user-callback 0.00 sec
Cap boundary debug: PORT-584 -> [504 505 449 448 447 446 445 439 440 441 442 443 444 506 507 508 509 510 511 514 513 512 435 436 437 438 434 433 432 431 430 429 428] -> PORT-593 -> [515 516 517 518 519 520 521 522 523 526 525 524 580 579 427] -> PORT-593 | load_left=41503 load_right=38484 cap=45000
Set parameter Username
Set parameter LicenseID to value 2738882
Academic license - for non-commercial use only - expires 2026-11-14
Set parameter TimeLimit to value 360
Set parameter Seed to value 514121021
Set parameter Threads to value 4
Set parameter OutputFlag to value 1
Set parameter LogToConsole to value 1
Set parameter LazyConstraints to value 1
Gurobi Optimizer version 13.0.0 build v13.0.0rc1 (linux64 - "Debian GNU/Linux 13 (trixie)")

CPU model: AMD Ryzen 9 5950X 16-Core Processor, instruction set [SSE2|AVX|AVX2]
Thread count: 16 physical cores, 32 logical processors, using up to 4 threads

Non-default parameters:
TimeLimit  360
Seed  514121021
Threads  4
LazyConstraints  1

Optimize a model with 10986 rows, 30000 columns and 59988 nonzeros (Min)
Model fingerprint: 0x892d31e2
Model has 9800 linear objective coefficients
Variable types: 20000 continuous, 10000 integer (10000 binary)
Coefficient statistics:
  Matrix range     [1e+00, 4e+04]
  Objective range  [5e-05, 1e+05]
  Bounds range     [1e+00, 4e+04]
  RHS range        [1e+00, 1e+04]
Presolve removed 1090 rows and 10646 columns
Presolve time: 0.09s
Presolved: 9896 rows, 19354 columns, 57960 nonzeros
Variable types: 9504 continuous, 9850 integer (9850 binary)

Root relaxation: objective 3.383579e+02, 21953 iterations, 1.77 seconds (4.98 work units)

    Nodes    |    Current Node    |     Objective Bounds      |     Work
 Expl Unexpl |  Obj  Depth IntInf | Incumbent    BestBd   Gap | It/Node Time

     0     0  338.35793    0  207          -  338.35793      -     -    1s
H    0     0                    302498.60200  338.35793   100%     -    1s
H    0     0                     658.7918366  338.35793  48.6%     -    2s
H    0     0                     608.6239638  338.35793  44.4%     -    2s
H    0     0                     600.5016497  338.35793  43.7%     -    2s
H    0     0                     574.0810867  338.35793  41.1%     -    2s
H    0     0                     572.4259255  338.35793  40.9%     -    3s
H    0     0                     570.1339221  338.35793  40.7%     -    3s
H    0     0                     545.7397242  338.35793  38.0%     -    3s
H    0     0                     537.9287607  338.35793  37.1%     -    3s
H    0     0                     535.8770455  338.35793  36.9%     -    3s
H    0     0                     528.1537906  338.35793  35.9%     -    3s
     0     0  338.35793    0  207  528.15379  338.35793  35.9%     -    4s
     0     0  343.58164    0  221  528.15379  343.58164  34.9%     -    5s
H    0     0                     519.0802221  343.89160  33.7%     -    5s
H    0     0                     518.9318414  343.89160  33.7%     -    5s
H    0     0                     490.9741687  343.89160  30.0%     -    5s
H    0     0                     484.4483537  343.89160  29.0%     -    5s
H    0     0                     443.7652127  343.89160  22.5%     -    5s
H    0     0                     434.3270343  343.89160  20.8%     -    5s
H    0     0                     421.4883766  343.89160  18.4%     -    6s
     0     0  343.89160    0  221  421.48838  343.89160  18.4%     -    6s
     0     0  343.89160    0  221  421.48838  343.89160  18.4%     -    6s
     0     0  343.89160    0  221  421.48838  343.89160  18.4%     -    6s
     0     0  343.89160    0  222  421.48838  343.89160  18.4%     -    6s
     0     0  346.04926    0  235  421.48838  346.04926  17.9%     -    7s
     0     0  346.21471    0  235  421.48838  346.21471  17.9%     -    7s
     0     0  346.45947    0  241  421.48838  346.45947  17.8%     -    7s
     0     0  346.45962    0  245  421.48838  346.45962  17.8%     -    7s
     0     0  350.73075    0  219  421.48838  350.73075  16.8%     -    8s
     0     0  351.02804    0  236  421.48838  351.02804  16.7%     -    8s
     0     0  351.02804    0  236  421.48838  351.02804  16.7%     -    8s
     0     0  354.15992    0  211  421.48838  354.15992  16.0%     -   10s
     0     0  354.50774    0  233  421.48838  354.50774  15.9%     -   10s
     0     0  354.50776    0  235  421.48838  354.50776  15.9%     -   10s
     0     0  357.06021    0  230  421.48838  357.06021  15.3%     -   11s
     0     0  357.12165    0  251  421.48838  357.12165  15.3%     -   11s
     0     0  357.13452    0  246  421.48838  357.13452  15.3%     -   11s
     0     0  357.13472    0  247  421.48838  357.13472  15.3%     -   11s
     0     0  357.57140    0  241  421.48838  357.57140  15.2%     -   11s
     0     0  357.57140    0  204  421.48838  357.57140  15.2%     -   13s
H    0     0                     420.8742775  357.57140  15.0%     -   13s
H    0     0                     418.9359201  357.57140  14.6%     -   13s
     0     0  357.57140    0  221  418.93592  357.57140  14.6%     -   14s
H    0     0                     418.2076466  357.57140  14.5%     -   14s
     0     0  357.57140    0  235  418.20765  357.57140  14.5%     -   15s
     0     0  357.57140    0  248  418.20765  357.57140  14.5%     -   15s
     0     0  357.59972    0  247  418.20765  357.59972  14.5%     -   15s
     0     0  357.62807    0  237  418.20765  357.62807  14.5%     -   15s
     0     0  357.62819    0  237  418.20765  357.62819  14.5%     -   15s
     0     0  358.84037    0  257  418.20765  358.84037  14.2%     -   16s
     0     0  358.86647    0  255  418.20765  358.86647  14.2%     -   16s
     0     0  358.86647    0  254  418.20765  358.86647  14.2%     -   16s
     0     0  358.86647    0  254  418.20765  358.86647  14.2%     -   16s
     0     0  364.00768    0  240  418.20765  364.00768  13.0%     -   17s
     0     0  364.20093    0  236  418.20765  364.20093  12.9%     -   17s
     0     0  364.29245    0  242  418.20765  364.29245  12.9%     -   17s
     0     0  364.30672    0  233  418.20765  364.30672  12.9%     -   17s
     0     0  364.30820    0  234  418.20765  364.30820  12.9%     -   17s
     0     0  364.73198    0  243  418.20765  364.73198  12.8%     -   18s
H    0     0                     418.0725133  364.78464  12.7%     -   18s
     0     0  364.78464    0  245  418.07251  364.78464  12.7%     -   18s
     0     0  364.78464    0  246  418.07251  364.78464  12.7%     -   18s
     0     0  364.88130    0  251  418.07251  364.88130  12.7%     -   19s
     0     0  365.10288    0  249  418.07251  365.10288  12.7%     -   19s
     0     0  366.58034    0  237  418.07251  366.58034  12.3%     -   20s
H    0     0                     409.3778883  366.65936  10.4%     -   20s
H    0     0                     409.3778855  366.65936  10.4%     -   20s
     0     0  366.65936    0  250  409.37789  366.65936  10.4%     -   20s
     0     0  366.65936    0  239  409.37789  366.65936  10.4%     -   20s
     0     0  366.65936    0  244  409.37789  366.65936  10.4%     -   20s
     0     0  366.81373    0  240  409.37789  366.81373  10.4%     -   21s
     0     0  366.84855    0  244  409.37789  366.84855  10.4%     -   21s
     0     0  366.85141    0  249  409.37789  366.85141  10.4%     -   21s
     0     0  366.87207    0  250  409.37789  366.87207  10.4%     -   21s
     0     0  366.91783    0  249  409.37789  366.91783  10.4%     -   21s
     0     0  366.91783    0  245  409.37789  366.91783  10.4%     -   21s
     0     0  366.91783    0  245  409.37789  366.91783  10.4%     -   21s
     0     0  366.91783    0  245  409.37789  366.91783  10.4%     -   21s
     0     0  366.91783    0  238  409.37789  366.91783  10.4%     -   21s
H    0     0                     401.9657302  366.91783  8.72%     -   22s
H    0     0                     401.9132580  366.91783  8.71%     -   22s
     0     0  369.02684    0  206  401.91326  369.02684  8.18%     -   23s
     0     0  369.02684    0  234  401.91326  369.02684  8.18%     -   24s
     0     0  369.02684    0  240  401.91326  369.02684  8.18%     -   24s
     0     0  369.02684    0  241  401.91326  369.02684  8.18%     -   25s
     0     0  369.02684    0  239  401.91326  369.02684  8.18%     -   25s
     0     0  369.02684    0  240  401.91326  369.02684  8.18%     -   25s
     0     0  369.02684    0  249  401.91326  369.02684  8.18%     -   25s
     0     0  369.02684    0  248  401.91326  369.02684  8.18%     -   25s
     0     0  369.02684    0  245  401.91326  369.02684  8.18%     -   25s
     0     0  369.02684    0  245  401.91326  369.02684  8.18%     -   25s
     0     0  369.02684    0  241  401.91326  369.02684  8.18%     -   25s
     0     0  369.02684    0  243  401.91326  369.02684  8.18%     -   25s
     0     0  369.02684    0  165  401.91326  369.02684  8.18%     -   26s
     0     0  369.02684    0  225  401.91326  369.02684  8.18%     -   26s
     0     0  369.02684    0  227  401.91326  369.02684  8.18%     -   26s
     0     0  369.02684    0  218  401.91326  369.02684  8.18%     -   26s
     0     0  369.02684    0  227  401.91326  369.02684  8.18%     -   27s
     0     0  369.02684    0  227  401.91326  369.02684  8.18%     -   27s
     0     0  369.02684    0  227  401.91326  369.02684  8.18%     -   27s
     0     0  369.02684    0  225  401.91326  369.02684  8.18%     -   27s
     0     2  370.30585    0  225  401.91326  370.30585  7.86%     -   28s
   191   153  398.73137   30  189  401.91326  378.46155  5.84%   145   30s
  1401   796     cutoff   23       401.91326  387.35354  3.62%   139   35s
  1772   897  392.60034   16  213  401.91326  388.15600  3.42%   132   40s
H 1784   859                     401.9132574  388.15600  3.42%   131   45s
  1802   873  395.84826   15  221  401.91326  388.15600  3.42%   140   50s
  1804   877  388.15600   25  206  401.91326  388.15600  3.42%   148   55s
H 1843   856                     401.9132566  388.15600  3.42%   155   56s
H 1949   827                     401.9132379  388.15600  3.42%   161   58s
  2081   819 infeasible   50       401.91324  388.15600  3.42%   164   60s
  3065   739  396.81488   69  108  401.91324  391.47588  2.60%   162   65s
  4764   654  399.74753   40   61  401.91324  396.03136  1.46%   147   70s

Cutting planes:
  Gomory: 12
  Cover: 9
  Implied bound: 82
  Projected implied bound: 8
  Clique: 1
  MIR: 46
  StrongCG: 1
  Flow cover: 52
  GUB cover: 1
  Inf proof: 10
  Zero half: 16
  RLT: 3
  Relax-and-lift: 18
  BQP: 1

Explored 7116 nodes (1123930 simplex iterations) in 74.92 seconds (185.19 work units)
Thread count was 4 (of 32 available processors)

Solution count 10: 401.913 401.913 401.966 ... 434.327

Optimal solution found (tolerance 1.00e-04)
Best objective 4.019132379492e+02, best bound 4.019132379492e+02, gap 0.0000%

User-callback calls 30358, time in user-callback 0.00 sec
Cap boundary opt: PORT-593 stations=48 obj=401.913 real=401.913 baseline=414.752
Set parameter Username
Set parameter LicenseID to value 2738882
Academic license - for non-commercial use only - expires 2026-11-14
Segment 1 eval: start=BOAT-0 end=PORT-588 stations=19 (optimize)
  Segment 1 order: -501 502 -488 -487 -486 -485 -461 460 464 465 474 -473 -475 -478 -476 -115 116 117 -118
Segment 2 eval: start=PORT-588 end=PORT-584 stations=19 (optimize)
  Segment 2 order: 119 -120 121 122 -472 471 -470 -469 -468 -467 -466 -479 481 480 -477 493 -492 -491 -490
Segment 3 eval: start=PORT-584 end=PORT-584 stations=18 (optimize)
  Segment 3 order: 503 450 451 452 453 454 455 456 457 458 459 -463 -484 462 -483 -482 -489 -500
Segment 4 eval: start=PORT-584 end=PORT-593 stations=31 (optimize)
  Segment 4 order: 504 -505 -449 -448 -447 -446 -445 439 -440 441 442 443 444 -506 507 508 509 510 511 514 -513 -512 435 436 437 438 434 -433 -432 -431 -430
Segment 5 eval: start=PORT-593 end=PORT-593 stations=17 (optimize)
  Segment 5 order: -429 -428 427 517 518 519 520 521 -580 -579 -525 -524 526 -523 -522 -516 -515
Segment 6 eval: start=PORT-593 end=PORT-591 stations=45 (optimize)
  Segment 6 order: -575 577 578 527 528 529 530 531 532 -533 -576 -574 -573 -571 -570 -569 572 534 535 -536 537 538 539 544 545 546 547 -548 -549 -541 -540 -543 542 -568 -567 -566 -565 -564 -563 -562 -554 553 550 551 552
Segment 7 eval: start=PORT-591 end=PORT-582 stations=122 (optimize)
  Segment 7 order: -346 276 277 278 279 280 281 557 -556 282 283 -284 555 558 559 -561 560 285 286 287 288 289 290 291 292 293 294 -295 296 297 306 -305 -298 299 300 301 302 304 -303 307 308 309 -310 311 312 -313 314 315 316 317 318 319 320 340 341 342 343 344 345 334 335 336 337 338 339 321 322 323 324 325 -327 328 330 -332 -331 -329 -326 349 350 351 352 353 -354 355 356 357 358 359 360 361 362 -348 333 347 363 -364 365 366 367 368 -425 -424 422 423 -421 420 -418 -417 381 426 369 370 371 372 373 -374 375 376 377 378 379 380
Segment 8 eval: start=PORT-582 end=PORT-581 stations=53 (optimize)
  Segment 8 order: 57 59 -58 60 -64 65 -63 61 62 -386 -385 -384 -383 -419 -382 414 -416 415 413 -412 -411 410 -408 -409 404 407 -406 -405 -403 -402 387 388 389 390 391 392 393 394 395 401 400 -399 -398 -397 -396 -47 -46 -45 -44 -43 -42 -41 -40
Segment 9 eval: start=PORT-581 end=PORT-583 stations=87 (optimize)
  Segment 9 order: 56 55 -54 -53 -52 -51 -50 -49 -48 -39 -38 -37 66 67 68 69 70 77 -76 71 74 -73 -72 -75 -78 -79 27 29 30 -33 34 35 36 32 31 -28 -26 93 -92 94 91 80 81 82 83 84 85 -86 87 -88 89 -90 95 96 2 1 3 4 -25 -24 -23 -22 -21 20 -19 -18 -17 -16 -15 -14 -13 -12 -11 -10 -5 6 7 8 9 143 -142 -144 145 146 147 148 149
Segment 10 eval: start=PORT-583 end=PORT-583 stations=63 (optimize)
  Segment 10 order: -132 -181 -180 -229 -228 -179 -135 136 137 152 -151 139 -138 -141 -140 150 -158 157 153 154 155 156 -159 160 161 162 163 164 165 166 167 168 169 170 171 172 173 174 175 176 177 182 183 184 185 186 187 188 189 -190 223 224 226 178 227 -231 235 -234 -233 -232 -230 -134 -133
Segment 11 eval: start=PORT-583 end=PORT-588 stations=53 (optimize)
  Segment 11 order: -225 -222 -221 -220 -219 191 -218 192 193 194 195 196 197 198 203 204 -202 199 -200 201 205 206 207 208 209 210 211 212 213 -217 -216 214 215 -237 238 243 244 250 -251 249 -248 -245 247 -246 -242 241 -240 -239 -236 97 98 99 100
Segment 12 eval: start=PORT-588 end=PORT-588 stations=33 (optimize)
  Segment 12 order: 110 -270 -269 -268 264 265 267 266 123 124 125 -126 127 -263 -262 -261 -260 -259 258 128 129 130 131 -256 257 -255 -254 -252 -253 -271 272 273 -109
Segment 13 eval: start=PORT-588 end=BOAT-END stations=20 (optimize)
  Segment 13 order: -107 -106 -105 104 -103 -102 -101 108 274 111 275 -114 494 -113 -112 495 496 497 498 499
Cap boundary debug: PORT-593 -> [429 428 427 517 518 519 520 521 580 579 525 524 526 523 522 516 515] -> PORT-593 -> [578 575 577 527 528 529 530 531 532 533 576 574 573 571 570 569 572 534 535 536 537 538 539 544 545 546 547 548 549 541 540 543 542 568 567 566 565 564 563 562 554 553 550 551 552] -> PORT-591 | load_left=41515 load_right=44719 cap=45000
Set parameter Username
Set parameter LicenseID to value 2738882
Academic license - for non-commercial use only - expires 2026-11-14
Set parameter TimeLimit to value 360
Set parameter Seed to value 1246103234
Set parameter Threads to value 4
Set parameter OutputFlag to value 1
Set parameter LogToConsole to value 1
Set parameter LazyConstraints to value 1
Gurobi Optimizer version 13.0.0 build v13.0.0rc1 (linux64 - "Debian GNU/Linux 13 (trixie)")

CPU model: AMD Ryzen 9 5950X 16-Core Processor, instruction set [SSE2|AVX|AVX2]
Thread count: 16 physical cores, 32 logical processors, using up to 4 threads

Non-default parameters:
TimeLimit  360
Seed  1246103234
Threads  4
LazyConstraints  1

Optimize a model with 17650 rows, 49152 columns and 98292 nonzeros (Min)
Model fingerprint: 0x4b1c81bf
Model has 16128 linear objective coefficients
Variable types: 32768 continuous, 16384 integer (16384 binary)
Coefficient statistics:
  Matrix range     [1e+00, 4e+04]
  Objective range  [5e-05, 1e+05]
  Bounds range     [1e+00, 4e+04]
  RHS range        [1e+00, 1e+04]
Presolve removed 1398 rows and 17212 columns
Presolve time: 0.16s
Presolved: 16252 rows, 31940 columns, 95625 nonzeros
Variable types: 15748 continuous, 16192 integer (16192 binary)

Root relaxation: objective 4.976233e+02, 39598 iterations, 4.09 seconds (12.49 work units)

    Nodes    |    Current Node    |     Objective Bounds      |     Work
 Expl Unexpl |  Obj  Depth IntInf | Incumbent    BestBd   Gap | It/Node Time

     0     0  497.62331    0  204          -  497.62331      -     -    4s
     0     0  497.62331    0  204          -  497.62331      -     -    7s
     0     0  497.62331    0  204          -  497.62331      -     -   12s
     0     0  497.62331    0  204          -  497.62331      -     -   17s
H    0     0                    1838.7112829  497.62331  72.9%     -   17s
H    0     0                    1831.4034444  497.62331  72.8%     -   17s
H    0     0                    1651.8117519  497.62331  69.9%     -   18s
H    0     0                    1639.8893562  497.62331  69.7%     -   18s
H    0     0                    1634.5762458  497.62331  69.6%     -   18s
H    0     0                    1634.3858692  497.62331  69.6%     -   18s
H    0     0                    1626.9077157  497.62331  69.4%     -   18s
H    0     0                    1618.9631781  497.62331  69.3%     -   18s
     0     0  497.62331    0  203 1618.96318  497.62331  69.3%     -   19s
     0     0  505.56943    0  221 1618.96318  505.56943  68.8%     -   21s
H    0     0                    1287.5041490  505.58031  60.7%     -   22s
H    0     0                    1286.3331132  505.58031  60.7%     -   22s
H    0     0                    1279.2802407  505.58031  60.5%     -   22s
H    0     0                    1272.8209631  505.58031  60.3%     -   22s
H    0     0                    1269.2495608  505.58031  60.2%     -   22s
H    0     0                    1195.0671539  505.58031  57.7%     -   22s
H    0     0                    1190.9901299  505.58031  57.5%     -   23s
H    0     0                     859.8993150  505.58031  41.2%     -   23s
H    0     0                     856.3354080  505.58031  41.0%     -   23s
H    0     0                     852.6077992  505.58031  40.7%     -   23s
H    0     0                     851.5040855  505.58031  40.6%     -   23s
H    0     0                     851.3987928  505.58031  40.6%     -   23s
H    0     0                     850.6925571  505.58031  40.6%     -   23s
H    0     0                     732.8843867  505.58031  31.0%     -   23s
H    0     0                     684.5113391  505.58031  26.1%     -   23s
H    0     0                     683.1027212  505.58031  26.0%     -   24s
H    0     0                     599.8022368  505.58031  15.7%     -   25s
H    0     0                     590.3923476  505.58031  14.4%     -   25s
H    0     0                     590.0599095  505.58031  14.3%     -   25s
     0     0  506.06320    0  225  590.05991  506.06320  14.2%     -   29s
     0     0  511.41110    0  249  590.05991  511.41110  13.3%     -   30s
     0     0  511.41110    0  188  590.05991  511.41110  13.3%     -   32s
     0     0  511.41110    0  247  590.05991  511.41110  13.3%     -   33s
H    0     0                     589.6860150  511.41110  13.3%     -   34s
H    0     0                     587.6823351  511.41110  13.0%     -   34s
     0     0  513.37815    0  259  587.68234  513.37815  12.6%     -   34s
     0     0  513.55754    0  259  587.68234  513.55754  12.6%     -   34s
     0     0  513.55768    0  256  587.68234  513.55768  12.6%     -   35s
     0     0  516.63733    0  282  587.68234  516.63733  12.1%     -   35s
     0     0  516.66616    0  287  587.68234  516.66616  12.1%     -   35s
     0     0  516.66675    0  287  587.68234  516.66675  12.1%     -   35s
     0     0  518.99686    0  276  587.68234  518.99686  11.7%     -   36s
     0     0  519.10816    0  280  587.68234  519.10816  11.7%     -   36s
     0     0  519.11731    0  280  587.68234  519.11731  11.7%     -   36s
     0     0  519.11731    0  280  587.68234  519.11731  11.7%     -   36s
     0     0  520.83541    0  283  587.68234  520.83541  11.4%     -   37s
     0     0  521.19028    0  283  587.68234  521.19028  11.3%     -   37s
     0     0  521.22055    0  290  587.68234  521.22055  11.3%     -   37s
     0     0  521.22337    0  291  587.68234  521.22337  11.3%     -   37s
     0     0  521.97455    0  299  587.68234  521.97455  11.2%     -   37s
     0     0  522.40295    0  306  587.68234  522.40295  11.1%     -   37s
     0     0  522.42040    0  312  587.68234  522.42040  11.1%     -   37s
     0     0  522.43575    0  311  587.68234  522.43575  11.1%     -   37s
     0     0  522.43575    0  312  587.68234  522.43575  11.1%     -   37s
     0     0  523.13306    0  295  587.68234  523.13306  11.0%     -   38s
H    0     0                     585.3677149  523.13443  10.6%     -   38s
     0     0  523.35675    0  295  585.36771  523.35675  10.6%     -   38s
     0     0  523.36976    0  299  585.36771  523.36976  10.6%     -   38s
     0     0  523.36983    0  300  585.36771  523.36983  10.6%     -   38s
     0     0  523.84498    0  296  585.36771  523.84498  10.5%     -   38s
     0     0  523.94563    0  301  585.36771  523.94563  10.5%     -   39s
     0     0  523.95366    0  300  585.36771  523.95366  10.5%     -   39s
     0     0  523.95431    0  305  585.36771  523.95431  10.5%     -   39s
     0     0  524.09457    0  309  585.36771  524.09457  10.5%     -   39s
     0     0  524.10341    0  313  585.36771  524.10341  10.5%     -   39s
     0     0  524.40925    0  312  585.36771  524.40925  10.4%     -   39s
     0     0  524.42285    0  315  585.36771  524.42285  10.4%     -   39s
     0     0  524.42287    0  318  585.36771  524.42287  10.4%     -   39s
     0     0  524.48596    0  327  585.36771  524.48596  10.4%     -   40s
     0     0  524.49992    0  325  585.36771  524.49992  10.4%     -   40s
     0     0  524.50077    0  329  585.36771  524.50077  10.4%     -   40s
     0     0  525.49553    0  325  585.36771  525.49553  10.2%     -   40s
     0     0  525.55824    0  332  585.36771  525.55824  10.2%     -   40s
     0     0  525.57296    0  334  585.36771  525.57296  10.2%     -   40s
     0     0  525.57296    0  334  585.36771  525.57296  10.2%     -   40s
     0     0  525.64908    0  339  585.36771  525.64908  10.2%     -   40s
     0     0  525.66425    0  340  585.36771  525.66425  10.2%     -   40s
     0     0  525.66588    0  340  585.36771  525.66588  10.2%     -   40s
     0     0  525.76508    0  338  585.36771  525.76508  10.2%     -   41s
     0     0  525.77029    0  325  585.36771  525.77029  10.2%     -   41s
     0     0  525.81410    0  327  585.36771  525.81410  10.2%     -   41s
     0     0  525.82803    0  329  585.36771  525.82803  10.2%     -   41s
     0     0  525.82803    0  329  585.36771  525.82803  10.2%     -   41s
     0     0  525.92201    0  328  585.36771  525.92201  10.2%     -   41s
     0     0  525.92789    0  331  585.36771  525.92789  10.2%     -   42s
     0     0  525.99532    0  324  585.36771  525.99532  10.1%     -   42s
     0     0  526.01927    0  329  585.36771  526.01927  10.1%     -   42s
     0     0  526.01927    0  331  585.36771  526.01927  10.1%     -   42s
     0     0  526.07682    0  330  585.36771  526.07682  10.1%     -   42s
     0     0  526.11197    0  325  585.36771  526.11197  10.1%     -   42s
     0     0  526.11454    0  326  585.36771  526.11454  10.1%     -   42s
     0     0  526.26640    0  319  585.36771  526.26640  10.1%     -   43s
     0     0  526.33387    0  331  585.36771  526.33387  10.1%     -   43s
     0     0  526.33888    0  330  585.36771  526.33888  10.1%     -   43s
     0     0  526.41945    0  324  585.36771  526.41945  10.1%     -   43s
     0     0  526.42768    0  328  585.36771  526.42768  10.1%     -   43s
     0     0  526.43023    0  328  585.36771  526.43023  10.1%     -   43s
     0     0  526.50660    0  324  585.36771  526.50660  10.1%     -   43s
     0     0  526.53952    0  332  585.36771  526.53952  10.0%     -   44s
     0     0  526.54403    0  332  585.36771  526.54403  10.0%     -   44s
     0     0  526.54533    0  336  585.36771  526.54533  10.0%     -   44s
     0     0  526.66674    0  326  585.36771  526.66674  10.0%     -   44s
     0     0  526.78443    0  329  585.36771  526.78443  10.0%     -   44s
     0     0  526.84560    0  316  585.36771  526.84560  10.0%     -   44s
     0     0  526.86016    0  315  585.36771  526.86016  10.0%     -   44s
     0     0  526.86285    0  322  585.36771  526.86285  10.0%     -   44s
     0     0  526.87075    0  319  585.36771  526.87075  10.0%     -   44s
     0     0  526.87143    0  320  585.36771  526.87143  10.0%     -   45s
     0     0  526.92089    0  313  585.36771  526.92089  10.0%     -   45s
     0     0  526.93791    0  323  585.36771  526.93791  10.0%     -   45s
     0     0  526.94373    0  325  585.36771  526.94373  10.0%     -   45s
     0     0  526.96503    0  322  585.36771  526.96503  10.0%     -   45s
     0     0  526.97021    0  322  585.36771  526.97021  10.0%     -   45s
     0     0  526.97021    0  322  585.36771  526.97021  10.0%     -   45s
     0     0  526.97021    0  312  585.36771  526.97021  10.0%     -   45s
     0     0  528.89006    0  207  585.36771  528.89006  9.65%     -   50s
     0     0  528.89006    0  260  585.36771  528.89006  9.65%     -   52s
H    0     0                     584.8771914  528.89006  9.57%     -   52s
     0     0  528.89006    0  261  584.87719  528.89006  9.57%     -   52s
     0     0  528.89006    0  258  584.87719  528.89006  9.57%     -   52s
     0     0  528.89006    0  284  584.87719  528.89006  9.57%     -   53s
     0     0  528.89006    0  297  584.87719  528.89006  9.57%     -   53s
     0     0  528.89006    0  305  584.87719  528.89006  9.57%     -   53s
     0     0  528.89006    0  324  584.87719  528.89006  9.57%     -   53s
     0     0  528.89006    0  319  584.87719  528.89006  9.57%     -   53s
     0     0  528.89006    0  320  584.87719  528.89006  9.57%     -   53s
     0     0  528.89006    0  327  584.87719  528.89006  9.57%     -   53s
     0     0  528.89006    0  324  584.87719  528.89006  9.57%     -   53s
     0     0  528.89006    0  324  584.87719  528.89006  9.57%     -   53s
     0     0  528.89006    0  326  584.87719  528.89006  9.57%     -   53s
     0     0  528.89006    0  335  584.87719  528.89006  9.57%     -   54s
     0     0  528.89006    0  319  584.87719  528.89006  9.57%     -   54s
     0     0  528.89006    0  330  584.87719  528.89006  9.57%     -   55s
     0     0  528.89006    0  321  584.87719  528.89006  9.57%     -   55s
     0     0  528.89006    0  327  584.87719  528.89006  9.57%     -   56s
     0     0  528.89006    0  330  584.87719  528.89006  9.57%     -   56s
     0     0  528.89006    0  328  584.87719  528.89006  9.57%     -   56s
     0     0  528.89006    0  323  584.87719  528.89006  9.57%     -   56s
     0     0  528.89006    0  323  584.87719  528.89006  9.57%     -   56s
     0     0  528.89006    0  328  584.87719  528.89006  9.57%     -   56s
     0     0  528.89006    0  331  584.87719  528.89006  9.57%     -   56s
     0     0  528.89006    0  346  584.87719  528.89006  9.57%     -   57s
     0     0  528.89006    0  346  584.87719  528.89006  9.57%     -   57s
     0     0  528.89006    0  345  584.87719  528.89006  9.57%     -   57s
     0     2  529.87984    0  344  584.87719  529.87984  9.40%     -   57s
    11    17  531.20892    4  306  584.87719  529.87984  9.40%  1922   60s
    75    88  533.03323    8  274  584.87719  529.87984  9.40%  1262   65s
   318   322  549.65057   35  235  584.87719  529.87984  9.40%   546   70s
  1064  1070  574.80387   56  159  584.87719  529.87984  9.40%   292   75s
  1151  1072  546.26245   30  185  584.87719  529.87984  9.40%   277   81s
  1169  1084  555.28930   75  327  584.87719  529.87984  9.40%   273   85s
  1188  1097  560.51858   66  356  584.87719  533.65006  8.76%   268   90s
  1208  1110  569.81139  214  328  584.87719  537.11016  8.17%   264   95s
  1239  1131  554.17990   26  367  584.87719  539.64596  7.73%   257  100s
  1263  1147  540.15107    9  367  584.87719  540.15107  7.65%   252  105s
  1291  1166  565.78846  148  357  584.87719  540.79781  7.54%   247  110s
  1295  1168  559.25470   35  352  584.87719  540.79781  7.54%   246  115s
  1315  1183  554.66534   38  357  584.87719  540.79781  7.54%   303  120s
  1321  1187  541.20415   16  354  584.87719  541.20415  7.47%   302  125s
  1329  1197  541.81015   25  300  584.87719  541.38971  7.44%   337  130s
  1458  1280  551.27505   44  191  584.87719  541.38971  7.44%   344  135s
H 1495  1243                     584.8771762  541.38971  7.44%   344  136s
  1645  1289  568.25963   70  161  584.87718  541.43735  7.43%   341  140s
  1908  1397  558.12723   48  173  584.87718  541.49824  7.42%   348  145s
  2435  1560  551.16147   36  219  584.87718  541.65517  7.39%   325  150s
  3147  1927  544.53240   28  266  584.87718  542.87072  7.18%   300  155s
  3839  2150  554.02926   31  228  584.87718  543.33574  7.10%   283  160s
  4475  2417  576.36822   65  168  584.87718  543.61065  7.06%   271  165s
  5163  2807  549.01607   37  231  584.87718  543.92639  7.00%   265  170s
  6196  3518  567.70736   51  219  584.87718  544.79593  6.85%   252  176s
  7202  4001  565.98442   40  216  584.87718  545.09428  6.80%   240  182s
  7210  4082  567.04442   42  227  584.87718  545.09428  6.80%   240  186s
  7591  4539  562.97898   69  178  584.87718  545.22215  6.78%   239  190s
  8571  5281  569.30595   41  193  584.87718  545.64865  6.71%   236  196s
  9234  5617  558.06767   54  260  584.87718  546.06312  6.64%   236  201s
  9762  6129  549.85357   41  223  584.87718  546.30750  6.59%   238  206s
 10154  6592  551.14962   34  219  584.87718  546.44738  6.57%   236  212s
 10716  6847  559.81183   43  233  584.87718  546.54385  6.55%   232  215s
 11610  7611  561.34350   69  233  584.87718  546.91993  6.49%   232  221s
 12800  8517  582.37717   53  188  584.87718  547.22070  6.44%   230  227s
 13470  8888     cutoff   70       584.87718  547.30663  6.42%   228  230s
 14733  9684  571.94139   50  210  584.87718  547.48950  6.39%   225  237s
 15122 10077  564.40390   39  189  584.87718  547.55494  6.38%   225  240s
 16312 10925  567.02773   51  226  584.87718  547.69221  6.36%   223  246s
 17369 11655  552.15110   37  230  584.87718  547.86234  6.33%   222  252s
 17978 11988  558.62320   50  232  584.87718  548.05698  6.30%   221  255s
 19047 12702  551.55450   36  209  584.87718  548.23669  6.26%   220  261s
 20145 13486  561.42133   54  222  584.87718  548.42369  6.23%   219  267s
 21098 13992  582.01727   46  189  584.87718  548.56224  6.21%   220  272s
 22201 14766  558.68412   50  172  584.87718  548.64401  6.20%   219  277s
 22846 15085  566.53482   62  198  584.87718  548.76945  6.17%   217  280s
 23990 15718  566.85128   44  198  584.87718  548.97021  6.14%   216  285s
 24745 16334  570.90635   68  209  584.87718  549.07797  6.12%   216  290s
 26052 16903  568.44235   46  218  584.87718  549.32355  6.08%   214  295s
 27144 17524  580.78555   42  220  584.87718  549.58298  6.03%   212  300s
 28307 18216  559.44032   40  219  584.87718  549.78843  6.00%   211  305s
 29404 18892  568.73201   41  238  584.87718  550.01336  5.96%   210  311s
 30457 19235  576.45647   32  201  584.87718  550.17464  5.93%   209  316s
 31316 19841  562.92907   38  264  584.87718  550.29685  5.91%   208  322s
 32633 20546  571.48226   42  217  584.87718  550.50535  5.88%   206  327s
 33642 21010  577.43083   40  241  584.87718  550.73904  5.84%   205  332s
 34918 21510     cutoff   37       584.87718  550.95723  5.80%   203  336s
 35957 22006  565.79151   36  211  584.87718  551.12652  5.77%   202  341s
 37062 22508  566.43732   40  178  584.87718  551.37818  5.73%   201  346s
 38112 23097  575.73563   58  203  584.87718  551.52490  5.70%   200  350s
 39324 23603  582.60856   42  194  584.87718  551.73114  5.67%   199  355s
 40384 23975  573.46242   48  227  584.87718  551.93151  5.63%   198  360s

Cutting planes:
  Learned: 1
  Gomory: 13
  Lift-and-project: 1
  Cover: 15
  Implied bound: 226
  Projected implied bound: 14
  Clique: 3
  MIR: 232
  Flow cover: 240
  GUB cover: 4
  Inf proof: 6
  Zero half: 25
  Mod-K: 2
  RLT: 4
  Relax-and-lift: 42
  BQP: 2

Explored 40799 nodes (8245007 simplex iterations) in 360.00 seconds (1231.56 work units)
Thread count was 4 (of 32 available processors)

Solution count 10: 584.877 585.368 587.682 ... 732.884

Time limit reached
Best objective 5.848771761526e+02, best bound 5.519812534181e+02, gap 5.6244%

User-callback calls 141318, time in user-callback 0.01 sec
Cap boundary reject: PORT-593 segment infeasible left=466.574 right=100210.036
Cap boundary reject: PORT-593 real=1000000000000000052504760255204420248704468581108159154915854115511802457988908195786371375080447864043704443832883878176942523235360430575644792184786706982848387200926575803737830233794788090059368953234970799945081119038967640880074652742780142494579258788820056842838115669472196386865459400540160.000 baseline=628.190
Cap boundary debug: PORT-593 -> [578 575 577 527 528 529 530 531 532 533 576 574 573 571 570 569 572 534 535 536 537 538 539 544 545 546 547 548 549 541 540 543 542 568 567 566 565 564 563 562 554 553 550 551 552] -> PORT-591 -> [285 284 555 558 560 561 559 557 556 282 283 287 286 290 291 292 293 294 295 296 297 306 305 298 299 300 301 302 304 303 307 308 309 311 310 289 288 312 313 314 315 316 317 318 319 320 340 343 342 341 281 280 279 278 277 276 346 345 344 334 333 347 363 348 332 331 330 329 328 336 335 337 338 339 321 322 323 324 325 327 326 349 350 351 352 353 354 355 356 357 358 359 360 361 362 364 365 366 367 368 426 369 370 371 372 373 374 375 376 377 378 379 380 381 425 417 424 422 423 421 420 418] -> PORT-582 | load_left=44719 load_right=44433 cap=45000
Set parameter Username
Set parameter LicenseID to value 2738882
Academic license - for non-commercial use only - expires 2026-11-14
Set parameter TimeLimit to value 360
Set parameter Seed to value 313325742
Set parameter Threads to value 4
Set parameter OutputFlag to value 1
Set parameter LogToConsole to value 1
Set parameter LazyConstraints to value 1
Gurobi Optimizer version 13.0.0 build v13.0.0rc1 (linux64 - "Debian GNU/Linux 13 (trixie)")

CPU model: AMD Ryzen 9 5950X 16-Core Processor, instruction set [SSE2|AVX|AVX2]
Thread count: 16 physical cores, 32 logical processors, using up to 4 threads

Non-default parameters:
TimeLimit  360
Seed  313325742
Threads  4
LazyConstraints  1

Optimize a model with 117610 rows, 342732 columns and 685452 nonzeros (Min)
Model fingerprint: 0xe6350f10
Model has 113568 linear objective coefficients
Variable types: 228488 continuous, 114244 integer (114244 binary)
Coefficient statistics:
  Matrix range     [1e+00, 4e+04]
  Objective range  [4e-01, 1e+05]
  Bounds range     [1e+00, 4e+04]
  RHS range        [1e+00, 1e+04]
Presolve removed 3708 rows and 116437 columns
Presolve time: 0.78s
Presolved: 113902 rows, 226295 columns, 679178 nonzeros
Variable types: 112558 continuous, 113737 integer (113737 binary)
Root relaxation presolved: 113902 rows, 226295 columns, 679178 nonzeros

Deterministic concurrent LP optimizer: primal simplex, dual simplex, and barrier
Showing barrier log only...

Root barrier log...

Ordering time: 0.07s

Barrier statistics:
 AA' NZ     : 6.811e+05
 Factor NZ  : 1.470e+06 (roughly 150 MB of memory)
 Factor Ops : 8.101e+08 (less than 1 second per iteration)
 Threads    : 2

                  Objective                Residual
Iter       Primal          Dual         Primal    Dual     Compl     Time
   0   2.24107960e+10 -7.12436705e+13  3.03e+05 1.46e-11  2.12e+08     2s
   1   1.00903943e+10 -4.85342539e+13  1.36e+05 2.75e+04  1.22e+08     2s
   2   7.07505716e+09 -2.44804575e+12  9.56e+04 7.39e-10  2.65e+07     2s
   3   2.57506932e+09 -1.16260114e+12  3.48e+04 1.06e-09  9.93e+06     2s
   4   2.21364894e+09 -1.11446289e+12  2.99e+04 8.44e-10  8.73e+06     2s
   5   1.11788456e+09 -1.01720230e+12  1.51e+04 7.87e-10  5.20e+06     2s
   6   1.34161208e+08 -5.99683921e+11  1.78e+03 6.31e-10  1.45e+06     2s
   7   9.74691335e+06 -4.08581560e+10  1.02e+02 8.75e-10  8.97e+04     2s
   8   4.24556803e+06 -9.53698116e+09  2.76e+01 5.41e-10  2.02e+04     2s
   9   4.10848921e+06 -8.53200857e+09  2.58e+01 5.89e-10  1.80e+04     2s
  10   3.56105362e+06 -7.50349036e+09  1.85e+01 1.48e-09  1.51e+04     2s
  11   3.43811426e+06 -4.31951538e+09  1.69e+01 1.94e-09  8.74e+03     2s
  12   3.01886843e+06 -2.07719333e+09  1.12e+01 6.48e-09  3.92e+03     2s
  13   2.47496290e+06 -9.39895387e+08  3.64e+00 6.14e-09  1.72e+03     2s
  14   2.20057966e+06 -7.51230493e+07  3.21e-01 5.59e-09  1.38e+02     3s
  15   1.95497519e+06 -4.47311287e+07  9.55e-02 6.55e-09  8.27e+01     3s
  16   1.71491000e+06 -3.09085946e+07  4.47e-02 7.01e-09  5.78e+01     3s
  17   1.45954027e+06 -2.72548954e+07  2.53e-02 5.88e-09  5.08e+01     3s
  18   8.50025350e+05 -9.38107548e+06  2.44e-03 6.23e-09  1.81e+01     3s
  19   2.03892572e+05 -3.50494322e+06  1.36e-04 9.96e-09  6.56e+00     3s
  20   2.28594432e+04 -9.74328875e+04  1.50e-06 7.11e-09  2.13e-01     3s
  21   1.43516169e+04 -6.00610654e+04  7.72e-08 8.93e-09  1.32e-01     3s
  22   1.21772270e+04 -2.70558769e+04  1.48e-08 1.28e-08  6.94e-02     3s
  23   9.15145777e+03 -5.75632772e+03  4.15e-10 9.07e-09  2.64e-02     3s
  24   6.28789695e+03 -3.73867883e+03  5.87e-11 9.35e-09  1.77e-02     3s
  25   5.26568642e+03 -1.46033128e+03  3.94e-11 9.15e-09  1.19e-02     3s
  26   4.50679600e+03 -9.19879038e+02  2.99e-11 1.22e-08  9.60e-03     3s
  27   2.34834469e+03 -6.16427920e+01  8.09e-11 1.32e-08  4.26e-03     3s
  28   1.68574712e+03  8.32592275e+02  2.26e-09 9.42e-09  1.51e-03     3s
  29   1.42571401e+03  1.07709845e+03  5.68e-10 7.78e-09  6.17e-04     4s
  30   1.38180016e+03  1.16226371e+03  3.37e-10 1.00e-08  3.88e-04     4s
  31   1.33358885e+03  1.22386282e+03  9.55e-11 8.65e-09  1.94e-04     4s
  32   1.32552116e+03  1.27165073e+03  5.58e-11 7.16e-09  9.53e-05     4s
  33   1.31466294e+03  1.29837937e+03  9.21e-10 3.25e-09  2.88e-05     4s
  34   1.31238476e+03  1.30901049e+03  4.92e-09 5.03e-09  5.97e-06     4s
  35   1.31183345e+03  1.31126256e+03  1.21e-09 6.70e-09  1.01e-06     4s
  36   1.31175204e+03  1.31160320e+03  2.10e-09 5.16e-09  2.63e-07     4s
  37   1.31172557e+03  1.31169078e+03  6.17e-10 6.12e-09  6.16e-08     4s
  38   1.31171446e+03  1.31170736e+03  1.98e-10 5.52e-09  1.26e-08     4s
  39   1.31171089e+03  1.31171081e+03  1.06e-09 7.07e-09  1.41e-10     4s
  40   1.31171084e+03  1.31171084e+03  2.08e-10 6.48e-09  3.40e-12     4s

Barrier solved model in 40 iterations and 4.45 seconds (6.61 work units)
Optimal objective 1.31171084e+03

Crossover time: 0.28 seconds (0.51 work units)
Concurrent spin time: 0.00s

Solved with barrier

Root relaxation: objective 1.311711e+03, 47588 iterations, 3.58 seconds (4.52 work units)

    Nodes    |    Current Node    |     Objective Bounds      |     Work
 Expl Unexpl |  Obj  Depth IntInf | Incumbent    BestBd   Gap | It/Node Time

     0     0 1311.71084    0  517          - 1311.71084      -     -   15s
     0     0 1311.71084    0  517          - 1311.71084      -     -   23s
H    0     0                    1946.1132316 1311.71084  32.6%     -   25s
H    0     0                    1880.8460667 1311.71084  30.3%     -   26s
H    0     0                    1825.7512669 1311.71084  28.2%     -   26s
H    0     0                    1682.3967907 1311.71084  22.0%     -   33s
H    0     0                    1663.1466339 1311.71084  21.1%     -   34s
H    0     0                    1628.9230915 1311.71084  19.5%     -   41s
H    0     0                    1615.9930444 1311.71084  18.8%     -   41s
H    0     0                    1615.1356756 1311.71084  18.8%     -   41s
     0     0 1312.93749    0  479 1615.13568 1312.93749  18.7%     -   53s
     0     0 1314.28501    0  587 1615.13568 1314.28501  18.6%     -   72s
     0     0 1316.35080    0  572 1615.13568 1316.35080  18.5%     -   90s
     0     0 1316.35080    0  572 1615.13568 1316.35080  18.5%     -   90s
     0     0 1318.27324    0  598 1615.13568 1318.27324  18.4%     -  119s
     0     0 1318.92521    0  606 1615.13568 1318.92521  18.3%     -  124s
     0     0 1318.92521    0  606 1615.13568 1318.92521  18.3%     -  124s
     0     0 1320.37866    0  600 1615.13568 1320.37866  18.2%     -  174s
     0     0 1322.30691    0  596 1615.13568 1322.30691  18.1%     -  176s
     0     0 1322.30692    0  608 1615.13568 1322.30692  18.1%     -  177s
     0     0 1322.83973    0  660 1615.13568 1322.83973  18.1%     -  205s
     0     0 1323.35720    0  650 1615.13568 1323.35720  18.1%     -  214s
     0     0 1323.46838    0  652 1615.13568 1323.46838  18.1%     -  217s
     0     0 1323.46838    0  654 1615.13568 1323.46838  18.1%     -  218s
     0     0 1324.46731    0  649 1615.13568 1324.46731  18.0%     -  246s
H    0     0                    1613.1871230 1324.46731  17.9%     -  248s
H    0     0                    1602.3853024 1324.46731  17.3%     -  249s
H    0     0                    1582.9708533 1324.46731  16.3%     -  250s
H    0     0                    1571.7868075 1324.46731  15.7%     -  251s
H    0     0                    1564.3096051 1324.46731  15.3%     -  253s
H    0     0                    1547.7654191 1324.46731  14.4%     -  255s
     0     0 1324.48341    0  654 1547.76542 1324.48341  14.4%     -  260s
     0     0 1324.48341    0  655 1547.76542 1324.48341  14.4%     -  260s
     0     0 1325.06271    0  647 1547.76542 1325.06271  14.4%     -  279s
     0     0 1325.10714    0  646 1547.76542 1325.10714  14.4%     -  291s
     0     0 1325.10714    0  643 1547.76542 1325.10714  14.4%     -  292s
     0     0 1326.92505    0  602 1547.76542 1326.92505  14.3%     -  318s
     0     0 1326.92655    0  640 1547.76542 1326.92655  14.3%     -  329s
     0     0 1327.16145    0  660 1547.76542 1327.16145  14.3%     -  355s
H    0     0                    1532.6788848 1327.16145  13.4%     -  358s
H    0     0                    1522.7114198 1327.16145  12.8%     -  359s

Cutting planes:
  Gomory: 1
  Cover: 3
  Implied bound: 128
  MIR: 13
  Flow cover: 55
  Zero half: 58
  RLT: 2
  Relax-and-lift: 151
  BQP: 1
  Lazy constraints: 2

Explored 1 nodes (328450 simplex iterations) in 360.00 seconds (940.93 work units)
Thread count was 4 (of 32 available processors)

Solution count 10: 1522.71 1532.68 1547.77 ... 1615.99

Time limit reached
Best objective 1.522711419845e+03, best bound 1.327161452454e+03, gap 12.8422%

User-callback calls 15361, time in user-callback 0.02 sec
Cap boundary reject: PORT-591 real=1864.294 baseline=1442.326
Set parameter Username
Set parameter LicenseID to value 2738882
Academic license - for non-commercial use only - expires 2026-11-14
Segment 1 eval: start=BOAT-0 end=PORT-588 stations=19 (optimize)
  Segment 1 order: -501 502 -488 -487 -486 -485 -461 460 464 465 474 -473 -475 -478 -476 -115 116 117 -118
Segment 2 eval: start=PORT-588 end=PORT-584 stations=19 (optimize)
  Segment 2 order: 119 -120 121 122 -472 471 -470 -469 -468 -467 -466 -479 481 480 -477 493 -492 -491 -490
Segment 3 eval: start=PORT-584 end=PORT-584 stations=18 (optimize)
  Segment 3 order: 503 450 451 452 453 454 455 456 457 458 459 -463 -484 462 -483 -482 -489 -500
Segment 4 eval: start=PORT-584 end=PORT-593 stations=31 (optimize)
  Segment 4 order: 504 -505 -449 -448 -447 -446 -445 439 -440 441 442 443 444 -506 507 508 509 510 511 514 -513 -512 435 436 437 438 434 -433 -432 -431 -430
Segment 5 eval: start=PORT-593 end=PORT-593 stations=17 (optimize)
  Segment 5 order: -429 -428 427 517 518 519 520 521 -580 -579 -525 -524 526 -523 -522 -516 -515
Segment 6 eval: start=PORT-593 end=PORT-591 stations=45 (optimize)
  Segment 6 order: -575 577 578 527 528 529 530 531 532 -533 -576 -574 -573 -571 -570 -569 572 534 535 -536 537 538 539 544 545 546 547 -548 -549 -541 -540 -543 542 -568 -567 -566 -565 -564 -563 -562 -554 553 550 551 552
Segment 7 eval: start=PORT-591 end=PORT-582 stations=123 (optimize)
  Segment 7 order: -346 276 277 278 279 280 281 557 -556 282 283 -284 555 558 559 -561 560 285 286 287 288 289 290 291 292 293 294 -295 296 297 306 -305 -298 299 300 301 302 304 -303 307 308 309 -310 311 312 -313 314 315 316 317 318 319 320 340 341 342 343 344 345 334 335 336 337 338 339 321 322 323 324 325 -327 328 330 -332 -331 -329 -326 349 350 351 352 353 -354 355 356 357 358 359 360 361 362 -348 333 347 363 -364 365 366 367 368 -425 417 -424 422 423 -421 420 -418 -416 381 426 369 370 371 372 373 -374 375 376 377 378 379 380
Segment 8 eval: start=PORT-582 end=PORT-581 stations=52 (optimize)
  Segment 8 order: 57 59 -58 60 -64 65 -63 61 62 -386 -385 -384 -383 -419 -382 414 415 413 -412 -411 410 -408 -409 404 407 -406 -405 -403 -402 387 388 389 390 391 392 393 394 395 401 400 -399 -398 -397 -396 -47 -46 -45 -44 -43 -42 -41 -40
Segment 9 eval: start=PORT-581 end=PORT-583 stations=87 (optimize)
  Segment 9 order: 56 55 -54 -53 -52 -51 -50 -49 -48 -39 -38 -37 66 67 68 69 70 77 -76 71 74 -73 -72 -75 -78 -79 27 29 30 -33 34 35 36 32 31 -28 -26 93 -92 94 91 80 81 82 83 84 85 -86 87 -88 89 -90 95 96 2 1 3 4 -25 -24 -23 -22 -21 20 -19 -18 -17 -16 -15 -14 -13 -12 -11 -10 -5 6 7 8 9 143 -142 -144 145 146 147 148 149
Segment 10 eval: start=PORT-583 end=PORT-583 stations=63 (optimize)
  Segment 10 order: -132 -181 -180 -229 -228 -179 -135 136 137 152 -151 139 -138 -141 -140 150 -158 157 153 154 155 156 -159 160 161 162 163 164 165 166 167 168 169 170 171 172 173 174 175 176 177 182 183 184 185 186 187 188 189 -190 223 224 226 178 227 -231 235 -234 -233 -232 -230 -134 -133
Segment 11 eval: start=PORT-583 end=PORT-588 stations=53 (optimize)
  Segment 11 order: -225 -222 -221 -220 -219 191 -218 192 193 194 195 196 197 198 203 204 -202 199 -200 201 205 206 207 208 209 210 211 212 213 -217 -216 214 215 -237 238 243 244 250 -251 249 -248 -245 247 -246 -242 241 -240 -239 -236 97 98 99 100
Segment 12 eval: start=PORT-588 end=PORT-588 stations=33 (optimize)
  Segment 12 order: 110 -270 -269 -268 264 265 267 266 123 124 125 -126 127 -263 -262 -261 -260 -259 258 128 129 130 131 -256 257 -255 -254 -252 -253 -271 272 273 -109
Segment 13 eval: start=PORT-588 end=BOAT-END stations=20 (optimize)
  Segment 13 order: -107 -106 -105 104 -103 -102 -101 108 274 111 275 -114 494 -113 -112 495 496 497 498 499
Cap boundary debug: PORT-591 -> [285 284 555 558 560 561 559 557 556 282 283 287 286 290 291 292 293 294 295 296 297 306 305 298 299 300 301 302 304 303 307 308 309 311 310 289 288 312 313 314 315 316 317 318 319 320 340 343 342 341 281 280 279 278 277 276 346 345 344 334 333 347 363 348 332 331 330 329 328 336 335 337 338 339 321 322 323 324 325 327 326 349 350 351 352 353 354 355 356 357 358 359 360 361 362 364 365 366 367 368 426 369 370 371 372 373 374 375 376 377 378 379 380 381 425 417 424 422 423 421 420 418 416] -> PORT-582 -> [419 415 413 412 411 410 409 408 407 406 405 404 414 382 383 384 403 402 385 386 387 388 389 390 391 62 61 60 58 59 57 64 65 63 392 393 394 395 401 400 399 398 397 396 47 46 45 44 43 42 41 40] -> PORT-581 | load_left=44548 load_right=44851 cap=45000
Set parameter Username
Set parameter LicenseID to value 2738882
Academic license - for non-commercial use only - expires 2026-11-14
Set parameter TimeLimit to value 360
Set parameter Seed to value 1982079063
Set parameter Threads to value 4
Set parameter OutputFlag to value 1
Set parameter LogToConsole to value 1
Set parameter LazyConstraints to value 1
Gurobi Optimizer version 13.0.0 build v13.0.0rc1 (linux64 - "Debian GNU/Linux 13 (trixie)")

CPU model: AMD Ryzen 9 5950X 16-Core Processor, instruction set [SSE2|AVX|AVX2]
Thread count: 16 physical cores, 32 logical processors, using up to 4 threads

Non-default parameters:
TimeLimit  360
Seed  1982079063
Threads  4
LazyConstraints  1

Optimize a model with 128842 rows, 375948 columns and 751884 nonzeros (Min)
Model fingerprint: 0x760c6e9b
Model has 124608 linear objective coefficients
Variable types: 250632 continuous, 125316 integer (125316 binary)
Coefficient statistics:
  Matrix range     [1e+00, 4e+04]
  Objective range  [4e-01, 1e+05]
  Bounds range     [1e+00, 4e+04]
  RHS range        [1e+00, 1e+04]
Presolve removed 3884 rows and 127613 columns
Presolve time: 0.87s
Presolved: 124958 rows, 248335 columns, 745252 nonzeros
Variable types: 123550 continuous, 124785 integer (124785 binary)
Root relaxation presolved: 124958 rows, 248335 columns, 745252 nonzeros

Deterministic concurrent LP optimizer: primal simplex, dual simplex, and barrier
Showing barrier log only...

Root barrier log...

Ordering time: 0.08s

Barrier statistics:
 AA' NZ     : 7.472e+05
 Factor NZ  : 1.614e+06 (roughly 160 MB of memory)
 Factor Ops : 9.332e+08 (less than 1 second per iteration)
 Threads    : 2

                  Objective                Residual
Iter       Primal          Dual         Primal    Dual     Compl     Time
   0   3.38946517e+10 -7.82415361e+13  3.17e+05 1.46e-11  2.12e+08     2s
   1   1.62511753e+10 -5.34322919e+13  1.52e+05 2.80e+04  1.24e+08     2s
   2   1.14262656e+10 -3.06547410e+12  1.07e+05 6.53e-10  2.83e+07     2s
   3   6.40886048e+09 -1.29756796e+12  6.00e+04 5.38e-10  1.48e+07     2s
   4   5.40913000e+09 -1.27754376e+12  5.06e+04 5.63e-10  1.28e+07     2s
   5   2.93852968e+09 -8.92175547e+11  2.75e+04 7.77e-10  7.23e+06     2s
   6   2.71008083e+08 -4.59470775e+11  2.51e+03 8.97e-10  1.26e+06     2s
   7   1.87118275e+07 -3.03871202e+11  1.45e+02 6.57e-10  5.19e+05     2s
   8   4.79807670e+06 -2.61210983e+10  1.52e+01 7.23e-10  4.39e+04     2s
   9   4.41521483e+06 -2.25913930e+10  1.15e+01 6.14e-10  3.78e+04     2s
  10   4.33105455e+06 -1.98272872e+10  1.08e+01 5.35e-10  3.32e+04     3s
  11   4.04270470e+06 -1.34065205e+10  7.98e+00 4.31e-08  2.22e+04     3s
  12   3.83557574e+06 -7.86764674e+09  6.04e+00 3.43e-08  1.30e+04     3s
  13   3.59000716e+06 -2.25581970e+09  3.56e+00 1.74e-08  3.71e+03     3s
  14   3.25861717e+06 -4.04638351e+08  7.19e-01 2.44e-08  6.61e+02     3s
  15   2.99738526e+06 -5.89463202e+07  1.03e-01 3.05e-08  1.00e+02     3s
  16   1.65104289e+06 -3.32997500e+07  1.70e-02 3.42e-08  5.64e+01     3s
  17   7.50142402e+05 -1.78290200e+07  2.54e-03 4.34e-08  3.00e+01     3s
  18   1.19052799e+05 -9.17256700e+05  4.38e-08 2.07e-08  1.67e+00     3s
  19   2.64184692e+04 -1.69598708e+05  1.18e-08 1.54e-08  3.16e-01     3s
  20   1.59506890e+04 -5.70151983e+04  8.57e-11 3.00e-08  1.18e-01     3s
  21   1.32434460e+04 -3.85975472e+04  3.82e-11 4.43e-08  8.36e-02     3s
  22   1.07989135e+04 -1.98652483e+04  1.65e-10 3.70e-08  4.94e-02     3s
  23   8.34381983e+03 -1.40470748e+04  3.47e-10 5.13e-08  3.61e-02     4s
  24   5.28302013e+03 -6.86857936e+03  2.21e-10 5.15e-08  1.96e-02     4s
  25   3.27055585e+03 -3.82510990e+03  1.48e-10 4.70e-08  1.14e-02     4s
  26   2.33232835e+03 -1.80933403e+03  3.12e-10 3.41e-08  6.68e-03     4s
  27   1.75242355e+03 -6.17810417e+02  1.24e-10 3.32e-08  3.82e-03     4s
  28   1.37564062e+03  4.42758373e+02  2.75e-11 3.56e-08  1.50e-03     4s
  29   1.26808918e+03  8.64289325e+02  7.05e-12 2.34e-08  6.51e-04     4s
  30   1.22708465e+03  1.13002643e+03  2.13e-09 1.20e-08  1.56e-04     4s
  31   1.21075038e+03  1.18233564e+03  2.53e-09 2.90e-08  4.58e-05     4s
  32   1.20717151e+03  1.19214884e+03  1.32e-09 2.96e-08  2.42e-05     4s
  33   1.20498152e+03  1.19857144e+03  5.73e-10 2.20e-08  1.03e-05     4s
  34   1.20348129e+03  1.20045337e+03  7.58e-11 2.73e-08  4.88e-06     5s
  35   1.20313366e+03  1.20271380e+03  1.24e-11 2.56e-08  6.77e-07     5s
  36   1.20305086e+03  1.20296112e+03  1.41e-10 1.75e-08  1.45e-07     5s
  37   1.20302057e+03  1.20300175e+03  3.18e-11 2.08e-08  3.04e-08     5s
  38   1.20301631e+03  1.20301288e+03  1.17e-08 2.23e-08  5.52e-09     5s
  39   1.20301618e+03  1.20301553e+03  4.61e-08 1.86e-08  1.05e-09     5s
  40   1.20301593e+03  1.20301590e+03  3.21e-09 9.63e-09  5.29e-11     5s
  41   1.20301593e+03  1.20301593e+03  2.39e-09 2.98e-08  8.61e-12     5s

Barrier solved model in 41 iterations and 5.15 seconds (7.51 work units)
Optimal objective 1.20301593e+03


Root crossover log...

  122924 DPushes remaining with DInf 2.9320444e-03                 5s
       0 DPushes remaining with DInf 9.5261609e-04                 5s

     308 PPushes remaining with PInf 2.6701457e-05                 5s
       0 PPushes remaining with PInf 0.0000000e+00                 5s

  Push phase complete: Pinf 0.0000000e+00, Dinf 1.8148328e-01      5s


Root simplex log...

Iteration    Objective       Primal Inf.    Dual Inf.      Time
   45347    1.2030159e+03   0.000000e+00   1.814833e-01      5s
   47293    1.2030159e+03   0.000000e+00   0.000000e+00      5s
Crossover time: 0.30 seconds (0.54 work units)
Concurrent spin time: 0.00s

Solved with barrier

Root relaxation: objective 1.203016e+03, 47293 iterations, 4.19 seconds (5.13 work units)

    Nodes    |    Current Node    |     Objective Bounds      |     Work
 Expl Unexpl |  Obj  Depth IntInf | Incumbent    BestBd   Gap | It/Node Time

     0     0 1203.01593    0  658          - 1203.01593      -     -   17s
H    0     0                    1734.6295644 1203.01593  30.6%     -   27s
H    0     0                    1712.3591859 1203.01593  29.7%     -   28s
H    0     0                    1553.6117465 1203.01593  22.6%     -   28s
     0     0 1212.60624    0  630 1553.61175 1212.60624  21.9%     -   85s
     0     0 1212.60624    0  640 1553.61175 1212.60624  21.9%     -  100s
H    0     0                    1510.1387730 1212.60624  19.7%     -  103s
H    0     0                    1509.7240694 1212.60624  19.7%     -  105s
H    0     0                    1509.4334642 1212.60624  19.7%     -  107s
H    0     0                    1506.0173578 1212.60624  19.5%     -  107s
     0     0 1212.95236    0  662 1506.01736 1212.95236  19.5%     -  148s
H    0     0                    1477.3552505 1213.06248  17.9%     -  153s
H    0     0                    1452.6867846 1213.06248  16.5%     -  156s
H    0     0                    1452.6867636 1213.06248  16.5%     -  161s
     0     0 1213.06248    0  666 1452.68676 1213.06248  16.5%     -  177s
     0     0 1213.06248    0  666 1452.68676 1213.06248  16.5%     -  177s
     0     0 1216.86996    0  681 1452.68676 1216.86996  16.2%     -  190s
     0     0 1216.88655    0  680 1452.68676 1216.88655  16.2%     -  191s
     0     0 1216.88657    0  685 1452.68676 1216.88657  16.2%     -  191s
     0     0 1220.22810    0  683 1452.68676 1220.22810  16.0%     -  210s
     0     0 1220.55915    0  691 1452.68676 1220.55915  16.0%     -  211s
     0     0 1220.56569    0  696 1452.68676 1220.56569  16.0%     -  216s
     0     0 1220.56769    0  692 1452.68676 1220.56769  16.0%     -  217s
     0     0 1221.27456    0  681 1452.68676 1221.27456  15.9%     -  241s
H    0     0                    1430.6106683 1221.27456  14.6%     -  243s
     0     0 1221.32548    0  682 1430.61067 1221.32548  14.6%     -  250s
     0     0 1221.32584    0  682 1430.61067 1221.32584  14.6%     -  255s
     0     0 1223.76684    0  680 1430.61067 1223.76684  14.5%     -  335s
     0     0 1223.80301    0  675 1430.61067 1223.80301  14.5%     -  336s
     0     0 1223.80301    0  676 1430.61067 1223.80301  14.5%     -  336s
     0     0          -    0      1430.61067 1223.80301  14.5%     -  360s

Cutting planes:
  Gomory: 3
  Cover: 1
  Implied bound: 136
  MIR: 52
  Flow cover: 95
  Zero half: 68
  Network: 1
  RLT: 5
  Relax-and-lift: 194

Explored 1 nodes (501535 simplex iterations) in 360.01 seconds (988.04 work units)
Thread count was 4 (of 32 available processors)

Solution count 10: 1430.61 1452.69 1477.36 ... 1734.63

Time limit reached
Best objective 1.430610668329e+03, best bound 1.223803014763e+03, gap 14.4559%

User-callback calls 12942, time in user-callback 0.01 sec
Cap boundary reject: PORT-582 real=1512.193 baseline=1395.022
Cap boundary debug: PORT-582 -> [419 415 413 412 411 410 409 408 407 406 405 404 414 382 383 384 403 402 385 386 387 388 389 390 391 62 61 60 58 59 57 64 65 63 392 393 394 395 401 400 399 398 397 396 47 46 45 44 43 42 41 40] -> PORT-581 -> [39 48 49 50 38 37 51 52 53 54 55 56 66 67 68 69 70 77 76 71 74 73 72 75 78 79 27 29 30 33 34 35 36 32 31 28 26 93 92 94 91 80 81 82 83 84 85 86 87 88 89 90 95 96 2 1 3 4 25 24 23 22 21 20 19 18 17 16 15 14 13 12 11 10 5 6 7 8 9 143 142 144 145 146 147 148 149] -> PORT-583 | load_left=44851 load_right=44584 cap=45000
Set parameter Username
Set parameter LicenseID to value 2738882
Academic license - for non-commercial use only - expires 2026-11-14
Set parameter TimeLimit to value 360
Set parameter Seed to value 431423114
Set parameter Threads to value 4
Set parameter OutputFlag to value 1
Set parameter LogToConsole to value 1
Set parameter LazyConstraints to value 1
Gurobi Optimizer version 13.0.0 build v13.0.0rc1 (linux64 - "Debian GNU/Linux 13 (trixie)")

CPU model: AMD Ryzen 9 5950X 16-Core Processor, instruction set [SSE2|AVX|AVX2]
Thread count: 16 physical cores, 32 logical processors, using up to 4 threads

Non-default parameters:
TimeLimit  360
Seed  431423114
Threads  4
LazyConstraints  1

Optimize a model with 82330 rows, 238572 columns and 477132 nonzeros (Min)
Model fingerprint: 0x2945828a
Model has 78960 linear objective coefficients
Variable types: 159048 continuous, 79524 integer (79524 binary)
Coefficient statistics:
  Matrix range     [1e+00, 4e+04]
  Objective range  [1e+00, 3e+02]
  Bounds range     [1e+00, 4e+04]
  RHS range        [1e+00, 1e+04]
Presolve removed 3092 rows and 81353 columns
Presolve time: 0.53s
Presolved: 79238 rows, 157219 columns, 472102 nonzeros
Variable types: 78118 continuous, 79101 integer (79101 binary)
Root relaxation presolved: 79238 rows, 157219 columns, 472102 nonzeros

Deterministic concurrent LP optimizer: primal and dual simplex
Showing primal log only...


Root simplex log...

Iteration    Objective       Primal Inf.    Dual Inf.      Time
   57440    9.0972926e+02   0.000000e+00   1.683072e+03      5s
  117359    8.8139885e+02   0.000000e+00   1.181670e+01     10s
  135054    8.8123238e+02   0.000000e+00   0.000000e+00     13s
Concurrent spin time: 0.00s

Solved with primal simplex

Root relaxation: objective 8.812324e+02, 135054 iterations, 12.35 seconds (30.75 work units)

    Nodes    |    Current Node    |     Objective Bounds      |     Work
 Expl Unexpl |  Obj  Depth IntInf | Incumbent    BestBd   Gap | It/Node Time

     0     0  881.23238    0  478          -  881.23238      -     -   14s
H    0     0                    1447.6174117  881.23238  39.1%     -   17s
H    0     0                    1442.4148524  881.23238  38.9%     -   20s
H    0     0                    1339.8979575  881.23238  34.2%     -   30s
H    0     0                    1247.3244655  881.23238  29.4%     -   31s
H    0     0                    1245.2503940  881.23238  29.2%     -   37s
     0     0  881.23238    0  474 1245.25039  881.23238  29.2%     -   39s
     0     0  882.42346    0  556 1245.25039  882.42346  29.1%     -   52s
H    0     0                    1174.5972978  882.46773  24.9%     -   54s
H    0     0                    1132.5068444  882.46773  22.1%     -   55s
H    0     0                    1124.3575754  882.46773  21.5%     -   56s
H    0     0                    1122.3546407  882.46773  21.4%     -   59s
H    0     0                    1116.7512368  882.46773  21.0%     -   63s
H    0     0                    1112.2579928  882.46773  20.7%     -   64s
H    0     0                    1061.5672579  882.46773  16.9%     -   64s
H    0     0                    1060.6430612  882.46773  16.8%     -   65s
H    0     0                    1057.9915005  882.46773  16.6%     -   68s
H    0     0                    1055.5300597  882.46773  16.4%     -   68s
H    0     0                    1052.7617859  882.46773  16.2%     -   69s
H    0     0                    1050.9142154  882.46773  16.0%     -   72s
     0     0  886.53105    0  564 1050.91422  886.53105  15.6%     -   75s
     0     0  886.53116    0  565 1050.91422  886.53116  15.6%     -   75s
     0     0  891.09292    0  611 1050.91422  891.09292  15.2%     -  103s
     0     0  891.45952    0  585 1050.91422  891.45952  15.2%     -  111s
     0     0  891.45952    0  591 1050.91422  891.45952  15.2%     -  121s
     0     0  894.77188    0  614 1050.91422  894.77188  14.9%     -  163s
     0     0  894.98264    0  619 1050.91422  894.98264  14.8%     -  164s
     0     0  894.98492    0  610 1050.91422  894.98492  14.8%     -  164s
     0     0  894.98493    0  619 1050.91422  894.98493  14.8%     -  164s
     0     0  896.92431    0  601 1050.91422  896.92431  14.7%     -  186s
     0     0  897.17316    0  599 1050.91422  897.17316  14.6%     -  190s
     0     0  897.17572    0  607 1050.91422  897.17572  14.6%     -  190s
     0     0  897.17572    0  607 1050.91422  897.17572  14.6%     -  190s
     0     0  901.63577    0  584 1050.91422  901.63577  14.2%     -  207s
     0     0  901.97195    0  627 1050.91422  901.97195  14.2%     -  211s
     0     0  901.99729    0  636 1050.91422  901.99729  14.2%     -  212s
     0     0  901.99729    0  634 1050.91422  901.99729  14.2%     -  213s
     0     0  902.25104    0  627 1050.91422  902.25104  14.1%     -  222s
     0     0  902.37489    0  648 1050.91422  902.37489  14.1%     -  223s
     0     0  902.37604    0  653 1050.91422  902.37604  14.1%     -  223s
     0     0  902.57273    0  641 1050.91422  902.57273  14.1%     -  236s
H    0     0                    1048.6957415  902.57273  13.9%     -  237s
H    0     0                    1045.5302644  902.57273  13.7%     -  238s
H    0     0                    1044.6469359  902.57273  13.6%     -  239s
H    0     0                    1042.1114062  902.57273  13.4%     -  240s
H    0     0                    1042.0522825  902.57273  13.4%     -  242s
H    0     0                    1040.1499043  902.57273  13.2%     -  242s
H    0     0                    1034.2830727  902.57273  12.7%     -  244s
     0     0  902.64720    0  623 1034.28307  902.64720  12.7%     -  248s
     0     0  902.66444    0  638 1034.28307  902.66444  12.7%     -  251s
     0     0  902.66453    0  645 1034.28307  902.66453  12.7%     -  254s
     0     0  902.66926    0  627 1034.28307  902.66926  12.7%     -  264s
H    0     0                    1034.2239491  902.66926  12.7%     -  265s
     0     0  902.68371    0  619 1034.22395  902.68371  12.7%     -  267s
     0     0  902.68371    0  621 1034.22395  902.68371  12.7%     -  268s
     0     0  902.73010    0  612 1034.22395  902.73010  12.7%     -  275s
     0     0  902.90651    0  620 1034.22395  902.90651  12.7%     -  279s
     0     0  902.90651    0  616 1034.22395  902.90651  12.7%     -  280s
     0     0  903.50368    0  627 1034.22395  903.50368  12.6%     -  290s
     0     0  903.54644    0  628 1034.22395  903.54644  12.6%     -  293s
     0     0  903.54644    0  631 1034.22395  903.54644  12.6%     -  293s
     0     0  903.82027    0  621 1034.22395  903.82027  12.6%     -  304s
     0     0  903.82224    0  626 1034.22395  903.82224  12.6%     -  304s
     0     0  903.87739    0  611 1034.22395  903.87739  12.6%     -  313s
     0     0  903.87757    0  611 1034.22395  903.87757  12.6%     -  314s
     0     0  904.11294    0  613 1034.22395  904.11294  12.6%     -  323s
     0     0  904.12257    0  624 1034.22395  904.12257  12.6%     -  324s
     0     0  904.12489    0  632 1034.22395  904.12489  12.6%     -  324s
     0     0  904.48867    0  634 1034.22395  904.48867  12.5%     -  338s
H    0     0                    1032.8833488  904.59197  12.4%     -  339s
H    0     0                    1032.7620289  904.59197  12.4%     -  339s
     0     0  904.59197    0  634 1032.76203  904.59197  12.4%     -  339s
     0     0  904.62571    0  639 1032.76203  904.62571  12.4%     -  347s
     0     0  904.65150    0  643 1032.76203  904.65150  12.4%     -  347s
     0     0  904.65150    0  642 1032.76203  904.65150  12.4%     -  347s
     0     0  904.66756    0  641 1032.76203  904.66756  12.4%     -  355s
     0     0  904.69267    0  639 1032.76203  904.69267  12.4%     -  355s
     0     0  904.69267    0  640 1032.76203  904.69267  12.4%     -  355s

Cutting planes:
  Gomory: 2
  Lift-and-project: 1
  Cover: 8
  Implied bound: 203
  MIR: 55
  Flow cover: 102
  Zero half: 40
  RLT: 7
  Relax-and-lift: 209
  BQP: 2
  Lazy constraints: 1

Explored 1 nodes (365895 simplex iterations) in 360.03 seconds (756.24 work units)
Thread count was 4 (of 32 available processors)

Solution count 10: 1032.76 1032.88 1034.22 ... 1048.7

Time limit reached
Best objective 1.032762028875e+03, best bound 9.046926700679e+02, gap 12.4007%

User-callback calls 15755, time in user-callback 0.01 sec
Cap boundary reject: PORT-581 real=1101.326 baseline=1035.977
Cap boundary debug: PORT-588 -> [131 130 129 257 256 255 254 252 253 260 261 262 263 259 258 128 127 126 125 124 123 266 267 265 264 268 269 270 110 273 272 271 109] -> PORT-588 -> [108 101 102 103 104 105 106 107 274 111 275 114 494 113 112 495 496 497 498 499] -> BOAT-END | load_left=44937 load_right=18638 cap=45000
Set parameter Username
Set parameter LicenseID to value 2738882
Academic license - for non-commercial use only - expires 2026-11-14
Set parameter TimeLimit to value 360
Set parameter Seed to value 198540914
Set parameter Threads to value 4
Set parameter OutputFlag to value 1
Set parameter LogToConsole to value 1
Set parameter LazyConstraints to value 1
Gurobi Optimizer version 13.0.0 build v13.0.0rc1 (linux64 - "Debian GNU/Linux 13 (trixie)")

CPU model: AMD Ryzen 9 5950X 16-Core Processor, instruction set [SSE2|AVX|AVX2]
Thread count: 16 physical cores, 32 logical processors, using up to 4 threads

Non-default parameters:
TimeLimit  360
Seed  198540914
Threads  4
LazyConstraints  1

Optimize a model with 13186 rows, 36300 columns and 72588 nonzeros (Min)
Model fingerprint: 0x4872c7e0
Model has 11876 linear objective coefficients
Variable types: 24200 continuous, 12100 integer (12100 binary)
Coefficient statistics:
  Matrix range     [1e+00, 4e+04]
  Objective range  [3e-01, 2e+02]
  Bounds range     [1e+00, 4e+04]
  RHS range        [1e+00, 9e+03]
Presolve removed 1200 rows and 12811 columns
Presolve time: 0.11s
Presolved: 11986 rows, 23489 columns, 70331 nonzeros
Variable types: 11554 continuous, 11935 integer (11935 binary)

Root relaxation: objective 3.773507e+02, 30579 iterations, 2.72 seconds (8.20 work units)

    Nodes    |    Current Node    |     Objective Bounds      |     Work
 Expl Unexpl |  Obj  Depth IntInf | Incumbent    BestBd   Gap | It/Node Time

     0     0  377.35074    0  224          -  377.35074      -     -    2s
H    0     0                     545.0526156  377.35074  30.8%     -    3s
H    0     0                     536.9133319  377.35074  29.7%     -    3s
H    0     0                     535.9401928  377.35074  29.6%     -    4s
H    0     0                     525.2321307  377.35074  28.2%     -    4s
H    0     0                     523.3812826  377.35074  27.9%     -    4s
H    0     0                     509.5519543  377.35074  25.9%     -    4s
H    0     0                     475.3113191  377.35074  20.6%     -    4s
H    0     0                     474.6979078  377.35074  20.5%     -    4s
     0     0  377.35074    0  222  474.69791  377.35074  20.5%     -    5s
     0     0  385.25031    0  248  474.69791  385.25031  18.8%     -    6s
H    0     0                     471.9040459  385.25031  18.4%     -    6s
H    0     0                     470.1888015  385.25031  18.1%     -    6s
H    0     0                     464.6484484  385.25031  17.1%     -    6s
H    0     0                     461.5077394  385.25031  16.5%     -    6s
H    0     0                     457.2022991  385.25031  15.7%     -    6s
H    0     0                     451.6619460  385.25031  14.7%     -    7s
     0     0  385.88225    0  247  451.66195  385.88225  14.6%     -    7s
     0     0  386.46216    0  236  451.66195  386.46216  14.4%     -    8s
     0     0  386.46236    0  233  451.66195  386.46236  14.4%     -    8s
     0     0  386.52393    0  245  451.66195  386.52393  14.4%     -    9s
     0     0  386.52663    0  247  451.66195  386.52663  14.4%     -    9s
     0     0  387.42963    0  250  451.66195  387.42963  14.2%     -   11s
     0     0  387.60267    0  245  451.66195  387.60267  14.2%     -   11s
     0     0  387.65153    0  250  451.66195  387.65153  14.2%     -   11s
     0     0  387.65260    0  251  451.66195  387.65260  14.2%     -   11s
     0     0  389.14895    0  242  451.66195  389.14895  13.8%     -   11s
     0     0  389.14895    0  226  451.66195  389.14895  13.8%     -   14s
H    0     0                     449.4341098  389.14895  13.4%     -   14s
     0     0  389.14895    0  239  449.43411  389.14895  13.4%     -   15s
     0     0  389.14895    0  246  449.43411  389.14895  13.4%     -   16s
H    0     0                     446.2385046  389.14895  12.8%     -   17s
H    0     0                     445.8729220  389.14895  12.7%     -   17s
     0     0  389.20966    0  236  445.87292  389.20966  12.7%     -   18s
     0     0  389.29864    0  240  445.87292  389.29864  12.7%     -   18s
     0     0  389.29879    0  244  445.87292  389.29879  12.7%     -   18s
     0     0  389.29879    0  246  445.87292  389.29879  12.7%     -   18s
     0     0  389.48981    0  253  445.87292  389.48981  12.6%     -   20s
     0     0  389.49236    0  250  445.87292  389.49236  12.6%     -   20s
     0     0  389.49236    0  251  445.87292  389.49236  12.6%     -   20s
     0     0  389.79085    0  248  445.87292  389.79085  12.6%     -   21s
     0     0  389.79662    0  248  445.87292  389.79662  12.6%     -   21s
     0     0  389.79676    0  244  445.87292  389.79676  12.6%     -   21s
     0     0  389.91336    0  248  445.87292  389.91336  12.6%     -   22s
     0     0  389.91978    0  248  445.87292  389.91978  12.5%     -   22s
     0     0  389.91978    0  250  445.87292  389.91978  12.5%     -   22s
     0     0  389.93477    0  245  445.87292  389.93477  12.5%     -   22s
     0     0  389.93477    0  247  445.87292  389.93477  12.5%     -   22s
     0     0  389.98992    0  248  445.87292  389.98992  12.5%     -   23s
     0     0  389.98992    0  247  445.87292  389.98992  12.5%     -   23s
     0     0  389.99171    0  246  445.87292  389.99171  12.5%     -   23s
     0     0  390.01038    0  250  445.87292  390.01038  12.5%     -   23s
     0     0  390.01038    0  247  445.87292  390.01038  12.5%     -   24s
     0     0  390.01038    0  246  445.87292  390.01038  12.5%     -   24s
     0     0  390.01038    0  245  445.87292  390.01038  12.5%     -   24s
     0     0  390.01041    0  245  445.87292  390.01041  12.5%     -   24s
     0     0  390.01041    0  245  445.87292  390.01041  12.5%     -   24s
     0     0  390.01041    0  237  445.87292  390.01041  12.5%     -   25s
     0     2  392.75974    0  234  445.87292  392.75974  11.9%     -   27s
    79    86  392.75974   19  174  445.87292  392.75974  11.9%   456   30s
H  271   274                     445.4074741  392.75974  11.8%   337   34s
H  272   274                     427.6793152  392.75974  8.16%   336   34s
   273   315  404.08555   68  159  427.67932  392.75974  8.16%   335   35s
  1055  1007  396.86521   22  242  427.67932  392.75974  8.16%   189   43s
  1057  1008  400.75550   52  226  427.67932  392.75974  8.16%   189   45s
  1078  1023  397.04183   15  224  427.67932  397.04183  7.16%   210   50s
  1106  1042  399.73704   10  224  427.67932  399.73704  6.53%   205   55s
  1137  1063  410.80639  110  269  427.67932  402.17453  5.96%   199   60s
H 1138  1008                     426.8802643  402.17453  5.79%   199   60s
  1164  1026  402.32064   20  279  426.88026  402.32064  5.75%   194   66s
H 1168   977                     426.8590404  402.32064  5.75%   241   67s
  1182   987  409.33351  104  286  426.85904  402.36965  5.74%   238   70s
  1204  1006  403.21018   35  236  426.85904  402.43369  5.72%   279   75s
  1309  1054  409.78119   43  206  426.85904  402.43369  5.72%   315   80s
  1601  1077  411.16560   77  158  426.85904  402.48110  5.71%   325   85s
  1856  1122  403.89800   35  216  426.85904  402.63204  5.68%   333   90s
  2435  1294  413.71825   40  174  426.85904  402.96695  5.60%   321   95s
  3253  1453  408.31842   41  166  426.85904  404.18563  5.31%   314  100s
  3941  1599  410.63688   47  191  426.85904  404.51895  5.23%   311  105s
  4723  1973  423.04162   45   85  426.85904  405.07243  5.10%   304  111s
H 4764  1973                     426.8590399  405.07243  5.10%   303  111s
  5457  2447  415.35598   42  200  426.85904  405.61761  4.98%   298  116s
H 5816  2584                     426.8590391  405.88869  4.91%   304  119s
  5904  2652  410.70669   50  107  426.85904  405.92040  4.91%   305  121s
  6647  3031  418.62093   47  219  426.85904  406.23980  4.83%   301  125s
  7545  3544  410.23084   40  198  426.85904  406.53579  4.76%   296  130s
  8067  3804  411.36382   46  176  426.85904  406.73648  4.71%   296  135s
  9127  4512  425.26673   64  155  426.85904  407.03210  4.64%   293  141s
  9924  4871  411.74331   48  198  426.85904  407.24659  4.59%   292  145s
 10772  5262     cutoff   53       426.85904  407.38727  4.56%   292  152s
 11148  5493     cutoff   48       426.85904  407.49728  4.54%   293  155s
 12112  5937  413.25622   46  177  426.85904  407.75860  4.47%   292  161s
 13149  6377  422.49856   50  148  426.85904  407.99475  4.42%   292  166s
 14155  6920  418.27700  106  143  426.85904  408.18893  4.37%   292  172s
 14796  7281  412.17488   43  216  426.85904  408.26904  4.36%   290  175s
 16107  7836  412.65962   45  197  426.85904  408.53692  4.29%   284  180s
 17083  8330  424.28022   56  175  426.85904  408.66466  4.26%   284  185s
 18131  8771     cutoff   64       426.85904  408.84831  4.22%   281  191s
 19356  9105  419.05122   76  126  426.85904  409.03221  4.18%   276  197s
 19388  9359  413.21536   41  202  426.85904  409.04841  4.17%   276  200s
 20680 10029  413.02065   70   98  426.85904  409.16119  4.15%   273  205s
 21764 10562  415.49252   79  131  426.85904  409.30839  4.11%   271  210s
 22796 10914  421.25919   48  197  426.85904  409.45011  4.08%   269  215s
 23856 11440  415.15744   43  172  426.85904  409.60309  4.04%   269  220s
 25025 12007  415.27434   60  194  426.85904  409.74692  4.01%   265  225s
 26004 12540 infeasible   62       426.85904  409.85547  3.98%   265  230s
 27310 13058  413.26434   44  212  426.85904  409.97811  3.95%   261  235s
 28326 13646     cutoff   55       426.85904  410.11674  3.92%   261  240s
 29399 14024  423.47864   45  190  426.85904  410.19763  3.90%   259  245s
 31008 14688  419.95507   65  155  426.85904  410.34968  3.87%   257  251s
 32126 15198  416.92794   47  182  426.85904  410.43889  3.85%   255  256s
 33242 15691  424.10618   44  164  426.85904  410.56453  3.82%   254  260s
 34443 16159  418.04259   44  212  426.85904  410.67342  3.79%   252  265s
 36090 16805  415.01602   74  172  426.85904  410.76850  3.77%   250  271s
 37121 17320  415.35071   46  213  426.85904  410.85859  3.75%   250  276s
 38295 17707  419.32121   50  202  426.85904  410.93582  3.73%   248  281s
 38861 18038  411.90496   50  172  426.85904  410.97284  3.72%   248  285s
 40571 18531  421.32352   46  205  426.85904  411.12217  3.69%   246  291s
 41660 18926     cutoff   44       426.85904  411.21572  3.66%   245  296s
 42738 19305  413.60482   44  203  426.85904  411.29653  3.65%   244  300s
 44362 19998  423.28005   56  157  426.85904  411.40252  3.62%   243  306s
 45489 20499     cutoff   60       426.85904  411.49234  3.60%   242  311s
H46508 20921                     426.8590391  411.58018  3.58%   241  315s
 47159 21025  423.46377   64  177  426.85904  411.61265  3.57%   241  320s
 47787 21336  416.83808   46  191  426.85904  411.65088  3.56%   241  325s
 49151 21855  422.32177   49  171  426.85904  411.76429  3.54%   241  331s
 50206 22207  418.47689   50  181  426.85904  411.84192  3.52%   240  336s
 51128 22589  424.52220   47  177  426.85904  411.90197  3.50%   240  340s
 52739 23145  412.90091   51  206  426.85904  411.99231  3.48%   239  346s
 53705 23451  425.02288   50  179  426.85904  412.06392  3.47%   239  350s
 55236 23936  424.60727   51  162  426.85904  412.18225  3.44%   239  356s
 56292 24265  425.33729   48  104  426.85904  412.25949  3.42%   238  360s

Cutting planes:
  Gomory: 2
  Cover: 55
  Implied bound: 196
  Projected implied bound: 17
  Clique: 1
  MIR: 311
  Mixing: 7
  Flow cover: 436
  Inf proof: 8
  Zero half: 31
  RLT: 12
  Relax-and-lift: 24
  BQP: 7

Explored 56698 nodes (13593719 simplex iterations) in 360.00 seconds (1314.46 work units)
Thread count was 4 (of 32 available processors)

Solution count 10: 426.859 426.859 426.88 ... 457.202

Time limit reached
Best objective 4.268590390780e+02, best bound 4.122925222067e+02, gap 3.4125%

User-callback calls 155895, time in user-callback 0.01 sec
Cap boundary reject: PORT-588 real=426.859 baseline=426.859
Set parameter Username
Set parameter LicenseID to value 2738882
Academic license - for non-commercial use only - expires 2026-11-14
Segment 1 eval: start=BOAT-0 end=PORT-588 stations=19 (optimize)
  Segment 1 order: -501 502 -488 -487 -486 -485 -461 460 464 465 474 -473 -475 -478 -476 -115 116 117 -118
Segment 2 eval: start=PORT-588 end=PORT-584 stations=19 (optimize)
  Segment 2 order: 119 -120 121 122 -472 471 -470 -469 -468 -467 -466 -479 481 480 -477 493 -492 -491 -490
Segment 3 eval: start=PORT-584 end=PORT-584 stations=18 (optimize)
  Segment 3 order: 503 450 451 452 453 454 455 456 457 458 459 -463 -484 462 -483 -482 -489 -500
Segment 4 eval: start=PORT-584 end=PORT-593 stations=31 (optimize)
  Segment 4 order: 504 -505 -449 -448 -447 -446 -445 439 -440 441 442 443 444 -506 507 508 509 510 511 514 -513 -512 435 436 437 438 434 -433 -432 -431 -430
Segment 5 eval: start=PORT-593 end=PORT-593 stations=17 (optimize)
  Segment 5 order: -429 -428 427 517 518 519 520 521 -580 -579 -525 -524 526 -523 -522 -516 -515
Segment 6 eval: start=PORT-593 end=PORT-591 stations=45 (optimize)
  Segment 6 order: -575 577 578 527 528 529 530 531 532 -533 -576 -574 -573 -571 -570 -569 572 534 535 -536 537 538 539 544 545 546 547 -548 -549 -541 -540 -543 542 -568 -567 -566 -565 -564 -563 -562 -554 553 550 551 552
Segment 7 eval: start=PORT-591 end=PORT-582 stations=123 (optimize)
  Segment 7 order: -346 276 277 278 279 280 281 557 -556 282 283 -284 555 558 559 -561 560 285 286 287 288 289 290 291 292 293 294 -295 296 297 306 -305 -298 299 300 301 302 304 -303 307 308 309 -310 311 312 -313 314 315 316 317 318 319 320 340 341 342 343 344 345 334 335 336 337 338 339 321 322 323 324 325 -327 328 330 -332 -331 -329 -326 349 350 351 352 353 -354 355 356 357 358 359 360 361 362 -348 333 347 363 -364 365 366 367 368 -425 417 -424 422 423 -421 420 -418 -416 381 426 369 370 371 372 373 -374 375 376 377 378 379 380
Segment 8 eval: start=PORT-582 end=PORT-581 stations=52 (optimize)
  Segment 8 order: 57 59 -58 60 -64 65 -63 61 62 -386 -385 -384 -383 -419 -382 414 415 413 -412 -411 410 -408 -409 404 407 -406 -405 -403 -402 387 388 389 390 391 392 393 394 395 401 400 -399 -398 -397 -396 -47 -46 -45 -44 -43 -42 -41 -40
Segment 9 eval: start=PORT-581 end=PORT-583 stations=87 (optimize)
  Segment 9 order: 56 55 -54 -53 -52 -51 -50 -49 -48 -39 -38 -37 66 67 68 69 70 77 -76 71 74 -73 -72 -75 -78 -79 27 29 30 -33 34 35 36 32 31 -28 -26 93 -92 94 91 80 81 82 83 84 85 -86 87 -88 89 -90 95 96 2 1 3 4 -25 -24 -23 -22 -21 20 -19 -18 -17 -16 -15 -14 -13 -12 -11 -10 -5 6 7 8 9 143 -142 -144 145 146 147 148 149
Segment 10 eval: start=PORT-583 end=PORT-583 stations=63 (optimize)
  Segment 10 order: -132 -181 -180 -229 -228 -179 -135 136 137 152 -151 139 -138 -141 -140 150 -158 157 153 154 155 156 -159 160 161 162 163 164 165 166 167 168 169 170 171 172 173 174 175 176 177 182 183 184 185 186 187 188 189 -190 223 224 226 178 227 -231 235 -234 -233 -232 -230 -134 -133
Segment 11 eval: start=PORT-583 end=PORT-588 stations=53 (optimize)
  Segment 11 order: -225 -222 -221 -220 -219 191 -218 192 193 194 195 196 197 198 203 204 -202 199 -200 201 205 206 207 208 209 210 211 212 213 -217 -216 214 215 -237 238 243 244 250 -251 249 -248 -245 247 -246 -242 241 -240 -239 -236 97 98 99 100
Segment 12 eval: start=PORT-588 end=PORT-588 stations=33 (optimize)
  Segment 12 order: 110 -270 -269 -268 264 265 267 266 123 124 125 -126 127 -263 -262 -261 -260 -259 258 128 129 130 131 -256 257 -255 -254 -252 -253 -271 272 273 -109
Segment 13 eval: start=PORT-588 end=BOAT-END stations=20 (optimize)
  Segment 13 order: -107 -106 -105 104 -103 -102 -101 108 274 111 275 -114 494 -113 -112 495 496 497 498 499
PROGRESS pass=2 changed=1 total=4575.450 best=4575.450 nseg=13 stall=0 mut=1/7 mut=STAT-416 src=8 dst=7 delta=-9.840
Capacity boundary sweep pass 3
Cap boundary debug: BOAT -> [501 502 488 487 486 485 461 460 464 465 474 473 475 478 476 115 116 117 118] -> PORT-588 -> [119 120 121 122 472 471 470 469 468 467 466 479 481 480 477 493 492 491 490] -> PORT-584 | load_left=33678 load_right=40860 cap=45000
Set parameter Username
Set parameter LicenseID to value 2738882
Academic license - for non-commercial use only - expires 2026-11-14
Set parameter TimeLimit to value 360
Set parameter Seed to value 1014764372
Set parameter Threads to value 4
Set parameter OutputFlag to value 1
Set parameter LogToConsole to value 1
Set parameter LazyConstraints to value 1
Gurobi Optimizer version 13.0.0 build v13.0.0rc1 (linux64 - "Debian GNU/Linux 13 (trixie)")

CPU model: AMD Ryzen 9 5950X 16-Core Processor, instruction set [SSE2|AVX|AVX2]
Thread count: 16 physical cores, 32 logical processors, using up to 4 threads

Non-default parameters:
TimeLimit  360
Seed  1014764372
Threads  4
LazyConstraints  1

Optimize a model with 7186 rows, 19200 columns and 38388 nonzeros (Min)
Model fingerprint: 0x6e622db6
Model has 6240 linear objective coefficients
Variable types: 12800 continuous, 6400 integer (6400 binary)
Coefficient statistics:
  Matrix range     [1e+00, 4e+04]
  Objective range  [8e-01, 2e+02]
  Bounds range     [1e+00, 4e+04]
  RHS range        [1e+00, 2e+04]
Presolve removed 870 rows and 6916 columns
Presolve time: 0.06s
Presolved: 6316 rows, 12284 columns, 36808 nonzeros
Variable types: 6004 continuous, 6280 integer (6280 binary)

Root relaxation: objective 4.051789e+02, 13723 iterations, 0.69 seconds (2.07 work units)

    Nodes    |    Current Node    |     Objective Bounds      |     Work
 Expl Unexpl |  Obj  Depth IntInf | Incumbent    BestBd   Gap | It/Node Time

     0     0  405.17886    0  147          -  405.17886      -     -    0s
H    0     0                     593.9820637  405.17886  31.8%     -    0s
H    0     0                     551.5624291  405.17886  26.5%     -    0s
H    0     0                     541.5507170  405.17886  25.2%     -    1s
H    0     0                     525.9885782  405.17886  23.0%     -    1s
H    0     0                     522.5023450  405.17886  22.5%     -    1s
H    0     0                     520.4078122  405.17886  22.1%     -    1s
H    0     0                     519.8170366  405.17886  22.1%     -    1s
     0     0  405.52455    0  150  519.81704  405.52455  22.0%     -    3s
     0     0  407.98390    0  177  519.81704  407.98390  21.5%     -    3s
H    0     0                     519.5861323  407.98390  21.5%     -    4s
H    0     0                     509.7541060  407.98390  20.0%     -    4s
H    0     0                     507.9752402  407.98390  19.7%     -    4s
H    0     0                     495.1149095  407.98390  17.6%     -    4s
H    0     0                     465.5549539  407.98390  12.4%     -    4s
     0     0  408.88347    0  171  465.55495  408.88347  12.2%     -    4s
     0     0  408.88347    0  171  465.55495  408.88347  12.2%     -    4s
     0     0  409.46736    0  174  465.55495  409.46736  12.0%     -    4s
     0     0  409.46791    0  175  465.55495  409.46791  12.0%     -    4s
     0     0  411.01811    0  183  465.55495  411.01811  11.7%     -    5s
     0     0  411.07327    0  186  465.55495  411.07327  11.7%     -    5s
     0     0  411.07327    0  191  465.55495  411.07327  11.7%     -    5s
     0     0  411.07327    0  191  465.55495  411.07327  11.7%     -    5s
     0     0  411.07327    0  191  465.55495  411.07327  11.7%     -    5s
     0     0  411.07327    0  176  465.55495  411.07327  11.7%     -    5s
     0     0  414.48378    0  149  465.55495  414.48378  11.0%     -    6s
H    0     0                     452.0083149  414.48378  8.30%     -    6s
H    0     0                     445.7168887  414.48378  7.01%     -    6s
     0     0  414.48378    0  168  445.71689  414.48378  7.01%     -    7s
     0     0  414.48378    0  157  445.71689  414.48378  7.01%     -    7s
H    0     0                     445.0625705  414.48378  6.87%     -    7s
     0     0  414.48378    0  162  445.06257  414.48378  6.87%     -    7s
H    0     0                     443.2837047  414.48378  6.50%     -    7s
     0     0  414.48378    0  180  443.28370  414.48378  6.50%     -    7s
     0     0  414.48378    0  179  443.28370  414.48378  6.50%     -    7s
     0     0  414.48378    0  179  443.28370  414.48378  6.50%     -    8s
     0     0  414.48378    0  183  443.28370  414.48378  6.50%     -    8s
     0     0  414.48378    0  191  443.28370  414.48378  6.50%     -    8s
     0     0  414.48378    0  191  443.28370  414.48378  6.50%     -    8s
     0     0  414.48378    0  185  443.28370  414.48378  6.50%     -    8s
     0     0  414.48378    0  177  443.28370  414.48378  6.50%     -    8s
     0     0  414.49056    0  185  443.28370  414.49056  6.50%     -    8s
     0     0  414.49287    0  182  443.28370  414.49287  6.49%     -    9s
     0     0  414.49662    0  182  443.28370  414.49662  6.49%     -    9s
     0     0  414.49693    0  190  443.28370  414.49693  6.49%     -    9s
     0     0  414.50379    0  186  443.28370  414.50379  6.49%     -    9s
     0     0  414.50422    0  186  443.28370  414.50422  6.49%     -    9s
     0     0  414.50422    0  186  443.28370  414.50422  6.49%     -    9s
     0     0  414.50422    0  180  443.28370  414.50422  6.49%     -    9s
     0     0  415.22828    0  150  443.28370  415.22828  6.33%     -    9s
     0     0  415.22828    0  169  443.28370  415.22828  6.33%     -   10s
     0     0  415.22828    0  187  443.28370  415.22828  6.33%     -   10s
     0     0  415.22828    0  189  443.28370  415.22828  6.33%     -   10s
     0     0  415.22828    0  186  443.28370  415.22828  6.33%     -   10s
     0     0  415.22828    0  193  443.28370  415.22828  6.33%     -   10s
     0     0  415.22828    0  192  443.28370  415.22828  6.33%     -   10s
     0     0  415.22828    0  196  443.28370  415.22828  6.33%     -   10s
     0     0  415.22828    0  184  443.28370  415.22828  6.33%     -   10s
     0     0  415.22828    0  193  443.28370  415.22828  6.33%     -   10s
     0     0  415.22828    0  196  443.28370  415.22828  6.33%     -   10s
     0     0  415.22828    0  191  443.28370  415.22828  6.33%     -   10s
     0     0  415.22828    0  188  443.28370  415.22828  6.33%     -   11s
     0     0  415.22828    0  193  443.28370  415.22828  6.33%     -   11s
     0     0  415.22828    0  192  443.28370  415.22828  6.33%     -   11s
     0     0  415.22828    0  189  443.28370  415.22828  6.33%     -   11s
     0     0  415.22828    0  184  443.28370  415.22828  6.33%     -   11s
     0     0  415.22828    0  185  443.28370  415.22828  6.33%     -   11s
     0     0  415.22828    0  185  443.28370  415.22828  6.33%     -   11s
     0     0  415.22828    0  185  443.28370  415.22828  6.33%     -   11s
     0     0  415.22828    0  180  443.28370  415.22828  6.33%     -   11s
     0     2  415.78831    0  180  443.28370  415.78831  6.20%     -   11s
H  405   360                     443.2223560  416.81897  5.96%   167   13s
H  548   446                     443.2223547  419.45638  5.36%   178   14s
   713   599  428.35204   17  131  443.22235  420.08383  5.22%   190   15s
  1647   994  437.69067   19  176  443.22235  423.57732  4.43%   198   20s
  1787  1053  440.69237   41   80  443.22235  423.62931  4.42%   221   25s
  3387   954 infeasible   34       443.22235  432.50090  2.42%   215   30s
  6898   147  439.86715   47   53  443.22235  439.33979  0.88%   169   35s

Cutting planes:
  Gomory: 5
  Cover: 12
  Implied bound: 71
  Projected implied bound: 4
  MIR: 22
  Flow cover: 60
  Inf proof: 13
  Zero half: 25
  RLT: 6
  Relax-and-lift: 16
  BQP: 3

Explored 7474 nodes (1271967 simplex iterations) in 35.43 seconds (96.53 work units)
Thread count was 4 (of 32 available processors)

Solution count 10: 443.222 443.222 443.284 ... 509.754

Optimal solution found (tolerance 1.00e-04)
Best objective 4.432223546925e+02, best bound 4.432223546925e+02, gap 0.0000%

User-callback calls 24459, time in user-callback 0.00 sec
Cap boundary reject: PORT-588 real=443.222 baseline=443.222
Cap boundary debug: PORT-584 -> [503 450 451 452 453 454 455 456 457 458 459 463 484 462 483 482 489 500] -> PORT-584 -> [504 505 449 448 447 446 445 439 440 441 442 443 444 506 507 508 509 510 511 514 513 512 435 436 437 438 434 433 432 431 430] -> PORT-593 | load_left=44376 load_right=38472 cap=45000
Set parameter Username
Set parameter LicenseID to value 2738882
Academic license - for non-commercial use only - expires 2026-11-14
Set parameter TimeLimit to value 360
Set parameter Seed to value 484595186
Set parameter Threads to value 4
Set parameter OutputFlag to value 1
Set parameter LogToConsole to value 1
Set parameter LazyConstraints to value 1
Gurobi Optimizer version 13.0.0 build v13.0.0rc1 (linux64 - "Debian GNU/Linux 13 (trixie)")

CPU model: AMD Ryzen 9 5950X 16-Core Processor, instruction set [SSE2|AVX|AVX2]
Thread count: 16 physical cores, 32 logical processors, using up to 4 threads

Non-default parameters:
TimeLimit  360
Seed  484595186
Threads  4
LazyConstraints  1

Optimize a model with 11410 rows, 31212 columns and 62412 nonzeros (Min)
Model fingerprint: 0xf1fb2611
Model has 10196 linear objective coefficients
Variable types: 20808 continuous, 10404 integer (10404 binary)
Coefficient statistics:
  Matrix range     [1e+00, 4e+04]
  Objective range  [8e-01, 1e+02]
  Bounds range     [1e+00, 4e+04]
  RHS range        [1e+00, 1e+04]
Presolve removed 1112 rows and 11063 columns
Presolve time: 0.09s
Presolved: 10298 rows, 20149 columns, 60338 nonzeros
Variable types: 9898 continuous, 10251 integer (10251 binary)

Root relaxation: objective 3.784282e+02, 23275 iterations, 1.90 seconds (5.66 work units)

    Nodes    |    Current Node    |     Objective Bounds      |     Work
 Expl Unexpl |  Obj  Depth IntInf | Incumbent    BestBd   Gap | It/Node Time

     0     0  378.42817    0  158          -  378.42817      -     -    2s
H    0     0                     719.0347723  378.42817  47.4%     -    2s
H    0     0                     566.7840612  378.42817  33.2%     -    3s
H    0     0                     565.3734413  378.42817  33.1%     -    3s
H    0     0                     561.2826948  378.42817  32.6%     -    3s
H    0     0                     546.4687558  378.42817  30.8%     -    4s
H    0     0                     540.7186237  378.42817  30.0%     -    4s
H    0     0                     539.2740367  378.42817  29.8%     -    4s
H    0     0                     537.1600273  378.42817  29.6%     -    4s
H    0     0                     506.7538001  378.42817  25.3%     -    4s
     0     0  378.42817    0  156  506.75380  378.42817  25.3%     -    5s
     0     0  384.49401    0  197  506.75380  384.49401  24.1%     -    6s
H    0     0                     439.5671073  384.73018  12.5%     -    6s
H    0     0                     435.7907691  384.73018  11.7%     -    6s
H    0     0                     428.6366275  384.73018  10.2%     -    7s
H    0     0                     427.2960992  384.73018  10.0%     -    7s
H    0     0                     425.4686435  384.73018  9.57%     -    7s
H    0     0                     424.4784573  384.73018  9.36%     -    7s
     0     0  387.35241    0  210  424.47846  387.35241  8.75%     -    9s
     0     0  387.35241    0  210  424.47846  387.35241  8.75%     -    9s
     0     0  389.31297    0  207  424.47846  389.31297  8.28%     -    9s
     0     0  389.31297    0  162  424.47846  389.31297  8.28%     -   10s
     0     0  389.31297    0  186  424.47846  389.31297  8.28%     -   11s
     0     0  389.91571    0  194  424.47846  389.91571  8.14%     -   11s
     0     0  389.97217    0  192  424.47846  389.97217  8.13%     -   11s
     0     0  389.97217    0  193  424.47846  389.97217  8.13%     -   11s
     0     0  391.71867    0  213  424.47846  391.71867  7.72%     -   11s
     0     0  392.17352    0  215  424.47846  392.17352  7.61%     -   11s
     0     0  392.18902    0  218  424.47846  392.18902  7.61%     -   11s
     0     0  395.24719    0  223  424.47846  395.24719  6.89%     -   12s
     0     0  396.24000    0  224  424.47846  396.24000  6.65%     -   12s
     0     0  396.24283    0  224  424.47846  396.24283  6.65%     -   12s
     0     0  396.77492    0  244  424.47846  396.77492  6.53%     -   13s
     0     0  396.81840    0  244  424.47846  396.81840  6.52%     -   13s
     0     0  396.83816    0  245  424.47846  396.83816  6.51%     -   13s
     0     0  396.83816    0  241  424.47846  396.83816  6.51%     -   13s
     0     0  397.67253    0  248  424.47846  397.67253  6.32%     -   13s
     0     0  397.82236    0  250  424.47846  397.82236  6.28%     -   13s
     0     0  397.82613    0  247  424.47846  397.82613  6.28%     -   13s
     0     0  398.40141    0  233  424.47846  398.40141  6.14%     -   13s
     0     0  398.40141    0  177  424.47846  398.40141  6.14%     -   14s
     0     0  398.40141    0  214  424.47846  398.40141  6.14%     -   14s
     0     0  398.40141    0  231  424.47846  398.40141  6.14%     -   14s
     0     0  398.40141    0  237  424.47846  398.40141  6.14%     -   14s
     0     0  398.45168    0  217  424.47846  398.45168  6.13%     -   14s
     0     0  398.45220    0  239  424.47846  398.45220  6.13%     -   14s
     0     0  398.76203    0  246  424.47846  398.76203  6.06%     -   15s
     0     0  398.78369    0  243  424.47846  398.78369  6.05%     -   15s
     0     0  398.78791    0  244  424.47846  398.78791  6.05%     -   15s
     0     0  399.22354    0  240  424.47846  399.22354  5.95%     -   15s
     0     0  399.23465    0  249  424.47846  399.23465  5.95%     -   15s
     0     0  399.23473    0  252  424.47846  399.23473  5.95%     -   15s
     0     0  399.44050    0  245  424.47846  399.44050  5.90%     -   16s
     0     0  399.46678    0  247  424.47846  399.46678  5.89%     -   16s
     0     0  399.46721    0  250  424.47846  399.46721  5.89%     -   16s
     0     0  399.49157    0  242  424.47846  399.49157  5.89%     -   16s
     0     0  399.49159    0  241  424.47846  399.49159  5.89%     -   16s
     0     0  399.51563    0  239  424.47846  399.51563  5.88%     -   16s
     0     0  399.51563    0  239  424.47846  399.51563  5.88%     -   16s
     0     0  399.51563    0  232  424.47846  399.51563  5.88%     -   16s
     0     2  399.51563    0  232  424.47846  399.51563  5.88%     -   16s
   248   201  413.10566    8  177  424.47846  400.29076  5.70%   344   20s
H  448   373                     424.4784522  400.48228  5.65%   321   22s
   844   620  420.32501   17  182  424.47845  402.98204  5.06%   333   25s
  1776   986  415.78177   29  207  424.47845  406.14841  4.32%   286   30s
  1795   999  407.55160   16  229  424.47845  406.14841  4.32%   283   35s
  2027  1019     cutoff   39       424.47845  406.14841  4.32%   311   40s
  2371  1049  420.63128   33   64  424.47845  406.14841  4.32%   316   45s
  3013  1126  410.57156   23  225  424.47845  406.14841  4.32%   318   50s
  3815  1086  416.76299   36  135  424.47845  407.39376  4.02%   312   55s
  4584  1031  423.77950   24  212  424.47845  408.88743  3.67%   309   60s
  5633  1134  421.95224   28  175  424.47845  410.82628  3.22%   297   65s
  6397  1224  415.17680   25  223  424.47845  412.24086  2.88%   296   70s
  7593  1224  419.98910   30  221  424.47845  414.18140  2.43%   291   75s
  8869  1162     cutoff   27       424.47845  415.87444  2.03%   286   81s
 10017   932  421.12588   30  106  424.47845  417.38970  1.67%   281   86s
 11735   263     cutoff   39       424.47845  420.07617  1.04%   270   91s

Cutting planes:
  Gomory: 11
  Cover: 9
  Implied bound: 109
  Projected implied bound: 7
  Clique: 1
  MIR: 58
  Flow cover: 87
  Inf proof: 16
  Zero half: 23
  Mod-K: 1
  RLT: 15
  Relax-and-lift: 71
  BQP: 5

Explored 12645 nodes (3447495 simplex iterations) in 91.99 seconds (324.33 work units)
Thread count was 4 (of 32 available processors)

Solution count 10: 424.478 424.478 425.469 ... 539.274

Optimal solution found (tolerance 1.00e-04)
Best objective 4.244784522294e+02, best bound 4.244784522294e+02, gap 0.0000%

User-callback calls 41965, time in user-callback 0.00 sec
Cap boundary debug: PORT-584 -> [504 505 449 448 447 446 445 439 440 441 442 443 444 506 507 508 509 510 511 514 513 512 435 436 437 438 434 433 432 431 430] -> PORT-593 -> [429 428 427 517 518 519 520 521 580 579 525 524 526 523 522 516 515] -> PORT-593 | load_left=38472 load_right=41515 cap=45000
Set parameter Username
Set parameter LicenseID to value 2738882
Academic license - for non-commercial use only - expires 2026-11-14
Set parameter TimeLimit to value 360
Set parameter Seed to value 2000000000
Set parameter Threads to value 4
Set parameter OutputFlag to value 1
Set parameter LogToConsole to value 1
Set parameter LazyConstraints to value 1
Gurobi Optimizer version 13.0.0 build v13.0.0rc1 (linux64 - "Debian GNU/Linux 13 (trixie)")

CPU model: AMD Ryzen 9 5950X 16-Core Processor, instruction set [SSE2|AVX|AVX2]
Thread count: 16 physical cores, 32 logical processors, using up to 4 threads

Non-default parameters:
TimeLimit  360
Seed  2000000000
Threads  4
LazyConstraints  1

Optimize a model with 10986 rows, 30000 columns and 59988 nonzeros (Min)
Model fingerprint: 0x3b1dfcab
Model has 9800 linear objective coefficients
Variable types: 20000 continuous, 10000 integer (10000 binary)
Coefficient statistics:
  Matrix range     [1e+00, 4e+04]
  Objective range  [5e-05, 1e+05]
  Bounds range     [1e+00, 4e+04]
  RHS range        [1e+00, 1e+04]
Presolve removed 1090 rows and 10646 columns
Presolve time: 0.09s
Presolved: 9896 rows, 19354 columns, 57960 nonzeros
Variable types: 9504 continuous, 9850 integer (9850 binary)

Root relaxation: objective 3.383579e+02, 19652 iterations, 1.36 seconds (4.02 work units)

    Nodes    |    Current Node    |     Objective Bounds      |     Work
 Expl Unexpl |  Obj  Depth IntInf | Incumbent    BestBd   Gap | It/Node Time

     0     0  338.35793    0  203          -  338.35793      -     -    1s
H    0     0                    202065.45391  338.35793   100%     -    1s
H    0     0                     571.4128119  338.35793  40.8%     -    1s
H    0     0                     527.2470452  338.35793  35.8%     -    2s
     0     0  338.35793    0  203  527.24705  338.35793  35.8%     -    2s
     0     0  343.08441    0  217  527.24705  343.08441  34.9%     -    3s
H    0     0                     506.5873220  343.40057  32.2%     -    4s
H    0     0                     494.7090276  343.40057  30.6%     -    4s
H    0     0                     494.4255041  343.40057  30.5%     -    5s
H    0     0                     491.9755176  343.40057  30.2%     -    5s
H    0     0                     467.9299042  343.40057  26.6%     -    5s
H    0     0                     464.9647105  343.40057  26.1%     -    5s
H    0     0                     462.7322464  343.40057  25.8%     -    5s
H    0     0                     420.8710106  343.40057  18.4%     -    5s
H    0     0                     412.0800177  343.40057  16.7%     -    5s
H    0     0                     411.0921529  343.40057  16.5%     -    5s
H    0     0                     409.8031212  343.40057  16.2%     -    5s
     0     0  343.40057    0  218  409.80312  343.40057  16.2%     -    6s
     0     0  343.88327    0  218  409.80312  343.88327  16.1%     -    6s
     0     0  343.88327    0  208  409.80312  343.88327  16.1%     -    7s
     0     0  343.88327    0  206  409.80312  343.88327  16.1%     -    8s
H    0     0                     409.3595975  343.88327  16.0%     -    9s
     0     0  344.03464    0  202  409.35960  344.03464  16.0%     -    9s
     0     0  344.03856    0  203  409.35960  344.03856  16.0%     -    9s
     0     0  344.03896    0  205  409.35960  344.03896  16.0%     -    9s
     0     0  344.89488    0  233  409.35960  344.89488  15.7%     -   10s
     0     0  345.12100    0  229  409.35960  345.12100  15.7%     -   10s
     0     0  345.14456    0  231  409.35960  345.14456  15.7%     -   10s
     0     0  345.14456    0  233  409.35960  345.14456  15.7%     -   10s
     0     0  349.07911    0  240  409.35960  349.07911  14.7%     -   11s
     0     0  349.83588    0  249  409.35960  349.83588  14.5%     -   11s
     0     0  349.92434    0  249  409.35960  349.92434  14.5%     -   11s
     0     0  349.92679    0  252  409.35960  349.92679  14.5%     -   11s
     0     0  350.44060    0  248  409.35960  350.44060  14.4%     -   11s
     0     0  350.45486    0  247  409.35960  350.45486  14.4%     -   11s
     0     0  350.46031    0  249  409.35960  350.46031  14.4%     -   11s
     0     0  350.48298    0  248  409.35960  350.48298  14.4%     -   11s
     0     0  350.48298    0  246  409.35960  350.48298  14.4%     -   11s
     0     0  355.94071    0  252  409.35960  355.94071  13.0%     -   12s
H    0     0                     402.0462031  355.94298  11.5%     -   13s
     0     0  355.97270    0  257  402.04620  355.97270  11.5%     -   13s
     0     0  355.98046    0  259  402.04620  355.98046  11.5%     -   13s
     0     0  355.98233    0  260  402.04620  355.98233  11.5%     -   13s
     0     0  367.97456    0  228  402.04620  367.97456  8.47%     -   13s
     0     0  368.01021    0  226  402.04620  368.01021  8.47%     -   13s
     0     0  368.01021    0  225  402.04620  368.01021  8.47%     -   13s
     0     0  368.23154    0  237  402.04620  368.23154  8.41%     -   13s
     0     0  368.23154    0  203  402.04620  368.23154  8.41%     -   14s
     0     0  368.23154    0  227  402.04620  368.23154  8.41%     -   15s
     0     0  368.23154    0  217  402.04620  368.23154  8.41%     -   15s
     0     0  368.66839    0  230  402.04620  368.66839  8.30%     -   15s
     0     0  368.82330    0  239  402.04620  368.82330  8.26%     -   15s
     0     0  368.87142    0  239  402.04620  368.87142  8.25%     -   15s
     0     0  368.87568    0  239  402.04620  368.87568  8.25%     -   15s
     0     0  369.24686    0  229  402.04620  369.24686  8.16%     -   16s
     0     0  369.26387    0  233  402.04620  369.26387  8.15%     -   16s
     0     0  369.26387    0  233  402.04620  369.26387  8.15%     -   16s
     0     0  371.19860    0  231  402.04620  371.19860  7.67%     -   16s
     0     0  371.26702    0  231  402.04620  371.26702  7.66%     -   16s
     0     0  371.26731    0  234  402.04620  371.26731  7.66%     -   16s
     0     0  371.65026    0  230  402.04620  371.65026  7.56%     -   17s
     0     0  371.67080    0  243  402.04620  371.67080  7.56%     -   17s
     0     0  371.67080    0  241  402.04620  371.67080  7.56%     -   17s
     0     0  371.76333    0  254  402.04620  371.76333  7.53%     -   17s
     0     0  371.77350    0  253  402.04620  371.77350  7.53%     -   17s
     0     0  371.93890    0  246  402.04620  371.93890  7.49%     -   18s
     0     0  372.00363    0  244  402.04620  372.00363  7.47%     -   18s
     0     0  372.00894    0  247  402.04620  372.00894  7.47%     -   18s
     0     0  372.14041    0  239  402.04620  372.14041  7.44%     -   18s
     0     0  372.17746    0  243  402.04620  372.17746  7.43%     -   18s
     0     0  372.18054    0  242  402.04620  372.18054  7.43%     -   18s
     0     0  372.31960    0  230  402.04620  372.31960  7.39%     -   18s
     0     0  372.33835    0  232  402.04620  372.33835  7.39%     -   18s
     0     0  372.33852    0  231  402.04620  372.33852  7.39%     -   18s
     0     0  372.60424    0  220  402.04620  372.60424  7.32%     -   18s
     0     0  372.67865    0  224  402.04620  372.67865  7.30%     -   18s
     0     0  372.69232    0  217  402.04620  372.69232  7.30%     -   18s
     0     0  372.69246    0  218  402.04620  372.69246  7.30%     -   18s
     0     0  372.78987    0  227  402.04620  372.78987  7.28%     -   19s
     0     0  372.83582    0  230  402.04620  372.83582  7.27%     -   19s
     0     0  372.85163    0  227  402.04620  372.85163  7.26%     -   19s
     0     0  372.94071    0  222  402.04620  372.94071  7.24%     -   19s
     0     0  372.94396    0  224  402.04620  372.94396  7.24%     -   19s
     0     0  373.02164    0  228  402.04620  373.02164  7.22%     -   19s
     0     0  373.02632    0  224  402.04620  373.02632  7.22%     -   19s
     0     0  373.05226    0  230  402.04620  373.05226  7.21%     -   19s
     0     0  373.06384    0  229  402.04620  373.06384  7.21%     -   19s
     0     0  373.07275    0  233  402.04620  373.07275  7.21%     -   20s
     0     0  373.07275    0  233  402.04620  373.07275  7.21%     -   20s
     0     0  373.07275    0  233  402.04620  373.07275  7.21%     -   20s
     0     0  373.07275    0  228  402.04620  373.07275  7.21%     -   20s
H    0     0                     401.9657302  373.07275  7.19%     -   20s
H    0     0                     401.9132580  373.07275  7.18%     -   20s
     0     0  374.38494    0  204  401.91326  374.38494  6.85%     -   21s
     0     0  374.38494    0  210  401.91326  374.38494  6.85%     -   21s
     0     0  374.38494    0  236  401.91326  374.38494  6.85%     -   22s
     0     0  374.38494    0  228  401.91326  374.38494  6.85%     -   22s
     0     0  374.38494    0  193  401.91326  374.38494  6.85%     -   22s
     0     0  374.38494    0  226  401.91326  374.38494  6.85%     -   22s
     0     0  374.38494    0  225  401.91326  374.38494  6.85%     -   22s
     0     0  374.38494    0  224  401.91326  374.38494  6.85%     -   22s
     0     0  374.38494    0  224  401.91326  374.38494  6.85%     -   22s
     0     0  374.38494    0  226  401.91326  374.38494  6.85%     -   22s
     0     0  374.38494    0  226  401.91326  374.38494  6.85%     -   22s
     0     0  374.38494    0  224  401.91326  374.38494  6.85%     -   23s
     0     0  374.38494    0  221  401.91326  374.38494  6.85%     -   23s
     0     0  374.38494    0  222  401.91326  374.38494  6.85%     -   23s
     0     0  374.38494    0  222  401.91326  374.38494  6.85%     -   23s
     0     0  374.38494    0  233  401.91326  374.38494  6.85%     -   23s
     0     0  374.38494    0  233  401.91326  374.38494  6.85%     -   23s
     0     0  374.38494    0  233  401.91326  374.38494  6.85%     -   23s
     0     0  374.38494    0  228  401.91326  374.38494  6.85%     -   23s
     0     2  374.79547    0  226  401.91326  374.79547  6.75%     -   24s
   103   103  392.89144   22  181  401.91326  374.79547  6.75%   148   25s
  1475   862  389.93170   10  218  401.91326  379.78285  5.51%   104   30s
  1493   874  396.40032   24  231  401.91326  379.78285  5.51%   103   36s
  1603   902  386.99598   30  209  401.91326  379.78285  5.51%   123   40s
  2240   893  391.67975   40  185  401.91326  382.44597  4.84%   133   45s
  3362   658  398.38947   44  113  401.91326  391.23801  2.66%   150   50s
  5255  1172  397.70477   66  139  401.91326  395.24317  1.66%   136   55s
  7065  1578     cutoff   41       401.91326  396.02515  1.47%   132   60s
  9124  1932  398.71934   39  109  401.91326  396.84751  1.26%   133   65s
H10274  1883                     401.9132554  397.11058  1.19%   134   68s
 10994  1778     cutoff   45       401.91326  397.33053  1.14%   135   70s
 12772  1406  400.96660   31  156  401.91326  398.03599  0.96%   139   75s
 14781   598 infeasible   30       401.91326  399.06057  0.71%   142   80s

Cutting planes:
  Gomory: 15
  Cover: 10
  Implied bound: 95
  Projected implied bound: 6
  MIR: 143
  Mixing: 1
  Flow cover: 160
  GUB cover: 1
  Inf proof: 19
  Zero half: 11
  RLT: 4
  Relax-and-lift: 28
  BQP: 7

Explored 16121 nodes (2385064 simplex iterations) in 83.25 seconds (257.10 work units)
Thread count was 4 (of 32 available processors)

Solution count 10: 401.913 401.966 402.046 ... 464.965

Optimal solution found (tolerance 1.00e-04)
Best objective 4.019132554230e+02, best bound 4.019132554230e+02, gap 0.0000%

User-callback calls 48033, time in user-callback 0.00 sec
Cap boundary reject: PORT-593 real=499.970 baseline=401.913
Cap boundary debug: PORT-593 -> [429 428 427 517 518 519 520 521 580 579 525 524 526 523 522 516 515] -> PORT-593 -> [578 575 577 527 528 529 530 531 532 533 576 574 573 571 570 569 572 534 535 536 537 538 539 544 545 546 547 548 549 541 540 543 542 568 567 566 565 564 563 562 554 553 550 551 552] -> PORT-591 | load_left=41515 load_right=44719 cap=45000
Set parameter Username
Set parameter LicenseID to value 2738882
Academic license - for non-commercial use only - expires 2026-11-14
Set parameter TimeLimit to value 360
Set parameter Seed to value 1482369283
Set parameter Threads to value 4
Set parameter OutputFlag to value 1
Set parameter LogToConsole to value 1
Set parameter LazyConstraints to value 1
Gurobi Optimizer version 13.0.0 build v13.0.0rc1 (linux64 - "Debian GNU/Linux 13 (trixie)")

CPU model: AMD Ryzen 9 5950X 16-Core Processor, instruction set [SSE2|AVX|AVX2]
Thread count: 16 physical cores, 32 logical processors, using up to 4 threads

Non-default parameters:
TimeLimit  360
Seed  1482369283
Threads  4
LazyConstraints  1

Optimize a model with 17650 rows, 49152 columns and 98292 nonzeros (Min)
Model fingerprint: 0x4b1c81bf
Model has 16128 linear objective coefficients
Variable types: 32768 continuous, 16384 integer (16384 binary)
Coefficient statistics:
  Matrix range     [1e+00, 4e+04]
  Objective range  [5e-05, 1e+05]
  Bounds range     [1e+00, 4e+04]
  RHS range        [1e+00, 1e+04]
Presolve removed 1398 rows and 17212 columns
Presolve time: 0.16s
Presolved: 16252 rows, 31940 columns, 95625 nonzeros
Variable types: 15748 continuous, 16192 integer (16192 binary)

Root relaxation: objective 4.976233e+02, 41392 iterations, 4.39 seconds (13.44 work units)

    Nodes    |    Current Node    |     Objective Bounds      |     Work
 Expl Unexpl |  Obj  Depth IntInf | Incumbent    BestBd   Gap | It/Node Time

     0     0  497.62331    0  202          -  497.62331      -     -    4s
H    0     0                     823.8638951  497.62331  39.6%     -    8s
H    0     0                     758.0494268  497.62331  34.4%     -   10s
     0     0  505.16553    0  256  758.04943  505.16553  33.4%     -   12s
H    0     0                     748.6583890  505.18693  32.5%     -   13s
H    0     0                     706.0954016  505.18693  28.5%     -   13s
H    0     0                     678.6795918  505.18693  25.6%     -   13s
H    0     0                     674.6910340  505.18693  25.1%     -   13s
     0     0  507.26380    0  262  674.69103  507.26380  24.8%     -   14s
     0     0  507.26380    0  262  674.69103  507.26380  24.8%     -   14s
     0     0  512.68876    0  274  674.69103  512.68876  24.0%     -   16s
     0     0  513.25510    0  279  674.69103  513.25510  23.9%     -   16s
     0     0  513.25510    0  280  674.69103  513.25510  23.9%     -   16s
     0     0  517.77512    0  272  674.69103  517.77512  23.3%     -   18s
     0     0  517.94894    0  287  674.69103  517.94894  23.2%     -   18s
     0     0  517.95288    0  287  674.69103  517.95288  23.2%     -   18s
     0     0  517.96181    0  285  674.69103  517.96181  23.2%     -   19s
     0     0  517.96181    0  285  674.69103  517.96181  23.2%     -   19s
     0     0  519.97198    0  307  674.69103  519.97198  22.9%     -   21s
     0     0  520.04672    0  314  674.69103  520.04672  22.9%     -   21s
     0     0  520.06656    0  314  674.69103  520.06656  22.9%     -   21s
     0     0  520.06681    0  315  674.69103  520.06681  22.9%     -   21s
     0     0  520.95012    0  305  674.69103  520.95012  22.8%     -   22s
     0     0  521.04634    0  308  674.69103  521.04634  22.8%     -   22s
     0     0  521.05262    0  308  674.69103  521.05262  22.8%     -   22s
     0     0  521.05380    0  309  674.69103  521.05380  22.8%     -   22s
     0     0  521.89686    0  293  674.69103  521.89686  22.6%     -   23s
     0     0  521.93983    0  298  674.69103  521.93983  22.6%     -   23s
     0     0  521.94532    0  300  674.69103  521.94532  22.6%     -   23s
     0     0  522.29433    0  306  674.69103  522.29433  22.6%     -   24s
     0     0  522.36895    0  304  674.69103  522.36895  22.6%     -   24s
     0     0  522.38293    0  313  674.69103  522.38293  22.6%     -   24s
     0     0  522.38383    0  321  674.69103  522.38383  22.6%     -   24s
     0     0  522.88556    0  304  674.69103  522.88556  22.5%     -   25s
     0     0  523.32363    0  314  674.69103  523.32363  22.4%     -   25s
     0     0  523.32865    0  314  674.69103  523.32865  22.4%     -   25s
     0     0  523.56740    0  311  674.69103  523.56740  22.4%     -   26s
     0     0  523.57335    0  305  674.69103  523.57335  22.4%     -   26s
     0     0  523.57337    0  312  674.69103  523.57337  22.4%     -   26s
     0     0  523.62395    0  308  674.69103  523.62395  22.4%     -   27s
     0     0  523.63565    0  308  674.69103  523.63565  22.4%     -   27s
     0     0  523.63584    0  309  674.69103  523.63584  22.4%     -   27s
     0     0  523.83053    0  305  674.69103  523.83053  22.4%     -   28s
     0     0  523.83722    0  313  674.69103  523.83722  22.4%     -   28s
     0     0  523.83860    0  306  674.69103  523.83860  22.4%     -   28s
     0     0  523.93538    0  313  674.69103  523.93538  22.3%     -   28s
     0     0  523.96964    0  305  674.69103  523.96964  22.3%     -   28s
     0     0  523.97046    0  306  674.69103  523.97046  22.3%     -   28s
     0     0  524.03906    0  296  674.69103  524.03906  22.3%     -   29s
     0     0  524.05803    0  296  674.69103  524.05803  22.3%     -   29s
     0     0  524.05969    0  299  674.69103  524.05969  22.3%     -   29s
     0     0  524.09396    0  314  674.69103  524.09396  22.3%     -   29s
     0     0  524.11070    0  326  674.69103  524.11070  22.3%     -   29s
     0     0  524.11120    0  327  674.69103  524.11120  22.3%     -   30s
     0     0  524.16377    0  295  674.69103  524.16377  22.3%     -   30s
     0     0  524.16613    0  317  674.69103  524.16613  22.3%     -   30s
     0     0  524.19025    0  325  674.69103  524.19025  22.3%     -   31s
     0     0  524.19529    0  322  674.69103  524.19529  22.3%     -   31s
     0     0  524.32623    0  321  674.69103  524.32623  22.3%     -   31s
     0     0  524.37160    0  296  674.69103  524.37160  22.3%     -   31s
     0     0  524.37580    0  300  674.69103  524.37580  22.3%     -   31s
     0     0  524.43124    0  299  674.69103  524.43124  22.3%     -   32s
     0     0  524.46615    0  294  674.69103  524.46615  22.3%     -   32s
     0     0  524.47022    0  294  674.69103  524.47022  22.3%     -   32s
     0     0  524.49554    0  292  674.69103  524.49554  22.3%     -   33s
H    0     0                     674.6647956  524.49587  22.3%     -   33s
H    0     0                     667.9117233  524.49587  21.5%     -   33s
H    0     0                     667.5978741  524.49587  21.4%     -   35s
H    0     0                     666.6004099  524.49587  21.3%     -   35s
H    0     0                     665.9194332  524.49587  21.2%     -   35s
H    0     0                     664.1387147  524.49587  21.0%     -   36s
H    0     0                     663.7346513  524.49587  21.0%     -   36s
H    0     0                     663.5374862  524.49587  21.0%     -   36s
H    0     0                     630.5599112  524.49587  16.8%     -   37s
H    0     0                     620.4869811  524.49587  15.5%     -   37s
     0     0  524.50318    0  290  620.48698  524.50318  15.5%     -   37s
     0     0  524.52842    0  311  620.48698  524.52842  15.5%     -   38s
     0     0  524.53311    0  301  620.48698  524.53311  15.5%     -   38s
     0     0  524.53640    0  294  620.48698  524.53640  15.5%     -   39s
     0     0  524.53640    0  189  620.48698  524.53640  15.5%     -   42s
H    0     0                     620.4802693  524.53640  15.5%     -   42s
     0     0  524.53640    0  246  620.48027  524.53640  15.5%     -   44s
H    0     0                     620.4607428  524.53640  15.5%     -   45s
     0     0  524.53640    0  285  620.46074  524.53640  15.5%     -   45s
     0     0  524.53640    0  293  620.46074  524.53640  15.5%     -   45s
     0     0  524.53640    0  298  620.46074  524.53640  15.5%     -   45s
     0     0  524.53640    0  291  620.46074  524.53640  15.5%     -   46s
     0     0  524.53640    0  289  620.46074  524.53640  15.5%     -   46s
     0     0  524.53640    0  275  620.46074  524.53640  15.5%     -   46s
     0     0  524.53640    0  292  620.46074  524.53640  15.5%     -   46s
     0     0  524.53640    0  290  620.46074  524.53640  15.5%     -   46s
     0     0  524.53640    0  289  620.46074  524.53640  15.5%     -   46s
     0     0  524.53640    0  289  620.46074  524.53640  15.5%     -   46s
     0     0  524.53640    0  293  620.46074  524.53640  15.5%     -   46s
     0     0  524.53640    0  296  620.46074  524.53640  15.5%     -   46s
     0     0  524.53640    0  294  620.46074  524.53640  15.5%     -   46s
     0     0  524.53640    0  296  620.46074  524.53640  15.5%     -   46s
     0     0  524.53640    0  298  620.46074  524.53640  15.5%     -   46s
     0     0  524.53640    0  293  620.46074  524.53640  15.5%     -   46s
     0     0  524.53640    0  294  620.46074  524.53640  15.5%     -   46s
     0     0  524.54062    0  295  620.46074  524.54062  15.5%     -   46s
     0     0  524.54282    0  298  620.46074  524.54282  15.5%     -   46s
     0     0  524.70329    0  290  620.46074  524.70329  15.4%     -   48s
H    0     0                     601.0926070  524.70329  12.7%     -   49s
H    0     0                     600.6517549  524.70329  12.6%     -   49s
H    0     0                     597.9259324  524.70329  12.2%     -   49s
H    0     0                     597.8552155  524.70329  12.2%     -   49s
     0     0  524.76491    0  283  597.85522  524.76491  12.2%     -   49s
     0     0  524.84148    0  289  597.85522  524.84148  12.2%     -   49s
     0     0  524.89024    0  281  597.85522  524.89024  12.2%     -   49s
     0     0  524.89060    0  278  597.85522  524.89060  12.2%     -   49s
     0     0  525.03644    0  277  597.85522  525.03644  12.2%     -   50s
     0     0  525.08276    0  281  597.85522  525.08276  12.2%     -   50s
     0     0  525.16872    0  281  597.85522  525.16872  12.2%     -   50s
     0     0  525.17476    0  280  597.85522  525.17476  12.2%     -   50s
     0     0  525.17532    0  285  597.85522  525.17532  12.2%     -   51s
     0     0  525.20691    0  287  597.85522  525.20691  12.2%     -   51s
     0     0  525.21251    0  288  597.85522  525.21251  12.2%     -   51s
     0     0  525.24727    0  284  597.85522  525.24727  12.1%     -   51s
     0     0  525.24904    0  285  597.85522  525.24904  12.1%     -   52s
     0     0  525.34879    0  288  597.85522  525.34879  12.1%     -   52s
     0     0  525.36820    0  308  597.85522  525.36820  12.1%     -   52s
     0     0  525.36833    0  308  597.85522  525.36833  12.1%     -   52s
     0     0  525.37673    0  305  597.85522  525.37673  12.1%     -   52s
     0     0  525.37917    0  293  597.85522  525.37917  12.1%     -   52s
     0     0  525.40164    0  292  597.85522  525.40164  12.1%     -   53s
     0     0  525.40392    0  296  597.85522  525.40392  12.1%     -   53s
     0     0  525.45467    0  318  597.85522  525.45467  12.1%     -   53s
     0     0  525.45503    0  318  597.85522  525.45503  12.1%     -   53s
     0     0  525.45503    0  315  597.85522  525.45503  12.1%     -   53s
     0     0  525.45503    0  195  597.85522  525.45503  12.1%     -   56s
     0     0  525.45503    0  283  597.85522  525.45503  12.1%     -   58s
     0     0  525.45503    0  285  597.85522  525.45503  12.1%     -   60s
     0     0  525.45503    0  296  597.85522  525.45503  12.1%     -   60s
     0     0  525.45503    0  305  597.85522  525.45503  12.1%     -   60s
     0     0  525.45503    0  302  597.85522  525.45503  12.1%     -   60s
     0     0  525.45503    0  308  597.85522  525.45503  12.1%     -   61s
     0     0  525.45503    0  302  597.85522  525.45503  12.1%     -   61s
     0     0  525.45503    0  293  597.85522  525.45503  12.1%     -   61s
     0     0  525.45503    0  314  597.85522  525.45503  12.1%     -   61s
     0     0  525.45503    0  314  597.85522  525.45503  12.1%     -   61s
     0     0  525.45503    0  301  597.85522  525.45503  12.1%     -   61s
     0     0  525.45503    0  306  597.85522  525.45503  12.1%     -   61s
     0     0  525.45503    0  306  597.85522  525.45503  12.1%     -   61s
     0     0  525.45789    0  300  597.85522  525.45789  12.1%     -   61s
     0     0  525.47132    0  305  597.85522  525.47132  12.1%     -   62s
     0     0  525.47939    0  304  597.85522  525.47939  12.1%     -   62s
     0     0  525.47944    0  305  597.85522  525.47944  12.1%     -   62s
     0     0  525.62816    0  297  597.85522  525.62816  12.1%     -   62s
     0     0  525.66857    0  295  597.85522  525.66857  12.1%     -   62s
     0     0  525.67320    0  298  597.85522  525.67320  12.1%     -   62s
     0     0  525.88764    0  294  597.85522  525.88764  12.0%     -   63s
     0     0  525.90466    0  292  597.85522  525.90466  12.0%     -   63s
     0     0  525.90839    0  295  597.85522  525.90839  12.0%     -   63s
     0     0  525.93930    0  300  597.85522  525.93930  12.0%     -   63s
     0     0  525.96882    0  300  597.85522  525.96882  12.0%     -   64s
     0     0  525.97522    0  304  597.85522  525.97522  12.0%     -   64s
     0     0  526.02934    0  309  597.85522  526.02934  12.0%     -   64s
     0     0  526.03965    0  309  597.85522  526.03965  12.0%     -   64s
     0     0  526.05121    0  311  597.85522  526.05121  12.0%     -   64s
     0     0  526.06302    0  314  597.85522  526.06302  12.0%     -   64s
     0     0  526.06352    0  313  597.85522  526.06352  12.0%     -   64s
     0     0  526.10329    0  304  597.85522  526.10329  12.0%     -   65s
     0     0  526.10459    0  307  597.85522  526.10459  12.0%     -   65s
     0     0  526.16673    0  306  597.85522  526.16673  12.0%     -   65s
     0     0  526.17025    0  310  597.85522  526.17025  12.0%     -   65s
     0     0  526.24498    0  300  597.85522  526.24498  12.0%     -   65s
     0     0  526.25152    0  302  597.85522  526.25152  12.0%     -   65s
     0     0  526.28745    0  301  597.85522  526.28745  12.0%     -   66s
     0     0  526.30418    0  300  597.85522  526.30418  12.0%     -   66s
     0     0  526.31578    0  305  597.85522  526.31578  12.0%     -   66s
     0     0  526.32087    0  312  597.85522  526.32087  12.0%     -   66s
     0     0  526.39948    0  309  597.85522  526.39948  12.0%     -   66s
     0     0  526.40590    0  316  597.85522  526.40590  12.0%     -   66s
     0     0  526.45969    0  315  597.85522  526.45969  11.9%     -   67s
     0     0  526.46301    0  314  597.85522  526.46301  11.9%     -   67s
     0     0  526.52826    0  309  597.85522  526.52826  11.9%     -   67s
     0     0  526.53413    0  313  597.85522  526.53413  11.9%     -   67s
     0     0  526.56492    0  303  597.85522  526.56492  11.9%     -   67s
     0     0  526.56697    0  304  597.85522  526.56697  11.9%     -   67s
     0     0  526.59233    0  308  597.85522  526.59233  11.9%     -   68s
     0     0  526.59694    0  308  597.85522  526.59694  11.9%     -   68s
     0     0  526.59694    0  308  597.85522  526.59694  11.9%     -   68s
     0     0  526.59694    0  302  597.85522  526.59694  11.9%     -   68s
     0     2  526.60397    0  301  597.85522  526.60397  11.9%     -   69s
     3     8  530.21333    2  261  597.85522  526.64022  11.9%  1239   70s
    66    77  535.37013   22  224  597.85522  526.74397  11.9%   784   75s
   199   222  543.39986   59  185  597.85522  526.74397  11.9%   437   80s
H  279   297                     595.4572604  526.74397  11.5%   344   81s
   835   885  578.20660  233  123  595.45726  526.74397  11.5%   230   85s
  1102  1024  587.84744  181  294  595.45726  528.24296  11.3%   241   92s
  1104  1025  548.21463   96  195  595.45726  528.24296  11.3%   241   95s
  1120  1036  548.21107   78  311  595.45726  533.28893  10.4%   238  100s
  1129  1042  546.19614   70  341  595.45726  537.47633  9.74%   236  105s
  1154  1059  554.31803  109  353  595.45726  538.99732  9.48%   231  110s
  1183  1078  561.06152  119  376  595.45726  539.18697  9.45%   225  115s
  1206  1093  539.91554   34  376  595.45726  539.91554  9.33%   221  120s
  1236  1113  577.79889  169  344  595.45726  540.28189  9.27%   215  125s
  1278  1141  559.72968  111  361  595.45726  540.58978  9.21%   208  130s
  1309  1162  591.76028  233  364  595.45726  540.76055  9.19%   203  135s
  1342  1184  540.87807    5  364  595.45726  540.87807  9.17%   198  140s
  1372  1204  574.55874  225  367  595.45726  541.11615  9.13%   194  145s
  1407  1227  541.22168   13  367  595.45726  541.22168  9.11%   189  150s
  1432  1244  573.07395  196  357  595.45726  541.43687  9.07%   186  155s
  1441  1251  541.43687   10  205  595.45726  541.43687  9.07%   272  160s
H 1441  1188                     593.5008673  541.43687  8.77%   272  161s
H 1456  1138                     591.1552234  541.45338  8.41%   269  164s
H 1456  1080                     591.0943372  541.45338  8.40%   269  164s
  1458  1082  560.63427  124  335  591.09434  541.45338  8.40%   269  165s
  1474  1092  541.46601   67  328  591.09434  541.46601  8.40%   266  170s
  1503  1112  541.99398   36  324  591.09434  541.99398  8.31%   261  175s
  1538  1135  577.79889  169  344  591.09434  542.37932  8.24%   255  180s
  1550  1143  585.70730  163  345  591.09434  542.40705  8.24%   253  187s
  1558  1153  542.54978   29  292  591.09434  542.54978  8.21%   295  190s
  1637  1211  553.46442   41  176  591.09434  542.55635  8.21%   310  195s
  1721  1269  547.45634   48  181  591.09434  542.55635  8.21%   312  200s
H 1764  1234                     589.1607440  542.55635  7.91%   310  202s
H 1779  1185                     587.6847643  542.55635  7.68%   311  202s
  1850  1219  580.08881   60  156  587.68476  542.55635  7.68%   314  205s
  2075  1252  570.01658   89  179  587.68476  542.92199  7.62%   301  210s
  2685  1514  566.26475   49  169  587.68476  543.56550  7.51%   281  215s
  3299  1762     cutoff  118       587.68476  543.64650  7.49%   262  220s
  3896  1935  548.02226   42  225  587.68476  544.13193  7.41%   260  225s
  4507  2173  568.97612   48  202  587.68476  544.43383  7.36%   254  230s
  5062  2556  553.95712   31  212  587.68476  544.73318  7.31%   248  236s
  5608  2982  552.59433   45  251  587.68476  544.85106  7.29%   247  241s
  6175  3379  581.42078   54  170  587.68476  545.06442  7.25%   249  246s
  6706  3764  550.54862   37  222  587.68476  545.22467  7.22%   246  250s
  7520  4484  580.02558   65  181  587.68476  545.45260  7.19%   243  256s
  8222  4943  573.91912   56  191  587.68476  545.59921  7.16%   239  261s
  8894  5360  571.51885   61  194  587.68476  545.72519  7.14%   237  266s
  9408  5780  560.63227   54  233  587.68476  545.79991  7.13%   238  271s
  9904  6313  565.96490   61  238  587.68476  545.99487  7.09%   241  277s
 10406  6647  582.43132  106  146  587.68476  546.09096  7.08%   237  281s
 11405  7428  564.97296   50  204  587.68476  546.34737  7.03%   234  288s
H11936  7678                     587.3995578  546.41430  6.98%   233  292s
H12360  7672                     587.2113381  546.42813  6.95%   231  292s
 12465  8110  547.33687   42  224  587.21134  546.55782  6.92%   231  296s
 13036  8510  571.40313   42  211  587.21134  546.71590  6.90%   230  300s
 14056  9214  575.07120   50  165  587.21134  546.90657  6.86%   229  307s
 14545  9691  548.99560   48  185  587.21134  546.97456  6.85%   228  310s
H14924  9511                     584.8967179  546.99016  6.48%   225  310s
H15574  9886                     584.8771914  547.15404  6.45%   225  314s
 15742 10114  570.75860  111  216  584.87719  547.15404  6.45%   224  318s
 16125 10487  571.92941   60  205  584.87719  547.27058  6.43%   223  321s
 16627 10795  551.74016   46  243  584.87719  547.30647  6.42%   223  325s
 17201 11158  563.99836   74  164  584.87719  547.35285  6.42%   220  332s
 17567 11331  560.35987   56  206  584.87719  547.39380  6.41%   221  336s
 18512 12017  581.66189   46  202  584.87719  547.47395  6.40%   221  343s
 19076 12331     cutoff   89       584.87719  547.47776  6.39%   221  346s
 19611 12649  552.17052   55  208  584.87719  547.61498  6.37%   220  350s
H19854 12649                     584.8771905  547.61498  6.37%   220  350s
 20588 13404  548.46072   42  208  584.87719  547.67205  6.36%   221  357s
 21204 13647  573.59209   51  163  584.87719  547.67205  6.36%   220  360s

Cutting planes:
  Gomory: 12
  Cover: 23
  Implied bound: 205
  Projected implied bound: 18
  Clique: 4
  MIR: 259
  Mixing: 1
  Flow cover: 271
  Zero half: 21
  Mod-K: 3
  RLT: 15
  Relax-and-lift: 39
  BQP: 4

Explored 21435 nodes (4934325 simplex iterations) in 360.00 seconds (1080.47 work units)
Thread count was 4 (of 32 available processors)

Solution count 10: 584.877 584.897 587.211 ... 595.457

Time limit reached
Best objective 5.848771904628e+02, best bound 5.477709835005e+02, gap 6.3443%

User-callback calls 98370, time in user-callback 0.01 sec
Cap boundary opt: PORT-593 stations=62 obj=584.877 real=584.877 baseline=628.190
Set parameter Username
Set parameter LicenseID to value 2738882
Academic license - for non-commercial use only - expires 2026-11-14
Segment 1 eval: start=BOAT-0 end=PORT-588 stations=19 (optimize)
  Segment 1 order: -501 502 -488 -487 -486 -485 -461 460 464 465 474 -473 -475 -478 -476 -115 116 117 -118
Segment 2 eval: start=PORT-588 end=PORT-584 stations=19 (optimize)
  Segment 2 order: 119 -120 121 122 -472 471 -470 -469 -468 -467 -466 -479 481 480 -477 493 -492 -491 -490
Segment 3 eval: start=PORT-584 end=PORT-584 stations=18 (optimize)
  Segment 3 order: 503 450 451 452 453 454 455 456 457 458 459 -463 -484 462 -483 -482 -489 -500
Segment 4 eval: start=PORT-584 end=PORT-593 stations=31 (optimize)
  Segment 4 order: 504 -505 -449 -448 -447 -446 -445 439 -440 441 442 443 444 -506 507 508 509 510 511 514 -513 -512 435 436 437 438 434 -433 -432 -431 -430
Segment 5 eval: start=PORT-593 end=PORT-593 stations=13 (optimize)
  Segment 5 order: 427 517 519 520 521 524 525 578 579 580 -518 428 429
Segment 6 eval: start=PORT-593 end=PORT-591 stations=49 (optimize)
  Segment 6 order: 515 516 522 523 526 -575 -577 527 528 529 530 531 532 -533 -576 -574 -573 -571 -570 -569 572 534 535 -536 537 538 539 544 545 546 547 -548 -549 -541 -540 -543 542 -568 -567 -566 -565 -564 -563 -562 -554 553 550 551 552
Segment 7 eval: start=PORT-591 end=PORT-582 stations=123 (optimize)
  Segment 7 order: -346 276 277 278 279 280 281 557 -556 282 283 -284 555 558 559 -561 560 285 286 287 288 289 290 291 292 293 294 -295 296 297 306 -305 -298 299 300 301 302 304 -303 307 308 309 -310 311 312 -313 314 315 316 317 318 319 320 340 341 342 343 344 345 334 335 336 337 338 339 321 322 323 324 325 -327 328 330 -332 -331 -329 -326 349 350 351 352 353 -354 355 356 357 358 359 360 361 362 -348 333 347 363 -364 365 366 367 368 -425 417 -424 422 423 -421 420 -418 -416 381 426 369 370 371 372 373 -374 375 376 377 378 379 380
Segment 8 eval: start=PORT-582 end=PORT-581 stations=52 (optimize)
  Segment 8 order: 57 59 -58 60 -64 65 -63 61 62 -386 -385 -384 -383 -419 -382 414 415 413 -412 -411 410 -408 -409 404 407 -406 -405 -403 -402 387 388 389 390 391 392 393 394 395 401 400 -399 -398 -397 -396 -47 -46 -45 -44 -43 -42 -41 -40
Segment 9 eval: start=PORT-581 end=PORT-583 stations=87 (optimize)
  Segment 9 order: 56 55 -54 -53 -52 -51 -50 -49 -48 -39 -38 -37 66 67 68 69 70 77 -76 71 74 -73 -72 -75 -78 -79 27 29 30 -33 34 35 36 32 31 -28 -26 93 -92 94 91 80 81 82 83 84 85 -86 87 -88 89 -90 95 96 2 1 3 4 -25 -24 -23 -22 -21 20 -19 -18 -17 -16 -15 -14 -13 -12 -11 -10 -5 6 7 8 9 143 -142 -144 145 146 147 148 149
Segment 10 eval: start=PORT-583 end=PORT-583 stations=63 (optimize)
  Segment 10 order: -132 -181 -180 -229 -228 -179 -135 136 137 152 -151 139 -138 -141 -140 150 -158 157 153 154 155 156 -159 160 161 162 163 164 165 166 167 168 169 170 171 172 173 174 175 176 177 182 183 184 185 186 187 188 189 -190 223 224 226 178 227 -231 235 -234 -233 -232 -230 -134 -133
Segment 11 eval: start=PORT-583 end=PORT-588 stations=53 (optimize)
  Segment 11 order: -225 -222 -221 -220 -219 191 -218 192 193 194 195 196 197 198 203 204 -202 199 -200 201 205 206 207 208 209 210 211 212 213 -217 -216 214 215 -237 238 243 244 250 -251 249 -248 -245 247 -246 -242 241 -240 -239 -236 97 98 99 100
Segment 12 eval: start=PORT-588 end=PORT-588 stations=33 (optimize)
  Segment 12 order: 110 -270 -269 -268 264 265 267 266 123 124 125 -126 127 -263 -262 -261 -260 -259 258 128 129 130 131 -256 257 -255 -254 -252 -253 -271 272 273 -109
Segment 13 eval: start=PORT-588 end=BOAT-END stations=20 (optimize)
  Segment 13 order: -107 -106 -105 104 -103 -102 -101 108 274 111 275 -114 494 -113 -112 495 496 497 498 499
Cap boundary debug: PORT-593 -> [515 516 522 523 526 575 577 527 528 529 530 531 532 533 576 574 573 571 570 569 572 534 535 536 537 538 539 544 545 546 547 548 549 541 540 543 542 568 567 566 565 564 563 562 554 553 550 551 552] -> PORT-591 -> [285 284 555 558 560 561 559 557 556 282 283 287 286 290 291 292 293 294 295 296 297 306 305 298 299 300 301 302 304 303 307 308 309 311 310 289 288 312 313 314 315 316 317 318 319 320 340 343 342 341 281 280 279 278 277 276 346 345 344 334 333 347 363 348 332 331 330 329 328 336 335 337 338 339 321 322 323 324 325 327 326 349 350 351 352 353 354 355 356 357 358 359 360 361 362 364 365 366 367 368 426 369 370 371 372 373 374 375 376 377 378 379 380 381 425 417 424 422 423 421 420 418 416] -> PORT-582 | load_left=42043 load_right=44548 cap=45000
Set parameter Username
Set parameter LicenseID to value 2738882
Academic license - for non-commercial use only - expires 2026-11-14
Set parameter TimeLimit to value 360
Set parameter Seed to value 1771000118
Set parameter Threads to value 4
Set parameter OutputFlag to value 1
Set parameter LogToConsole to value 1
Set parameter LazyConstraints to value 1
Gurobi Optimizer version 13.0.0 build v13.0.0rc1 (linux64 - "Debian GNU/Linux 13 (trixie)")

CPU model: AMD Ryzen 9 5950X 16-Core Processor, instruction set [SSE2|AVX|AVX2]
Thread count: 16 physical cores, 32 logical processors, using up to 4 threads

Non-default parameters:
TimeLimit  360
Seed  1771000118
Threads  4
LazyConstraints  1

Optimize a model with 124570 rows, 363312 columns and 726612 nonzeros (Min)
Model fingerprint: 0xe20a278c
Model has 120408 linear objective coefficients
Variable types: 242208 continuous, 121104 integer (121104 binary)
Coefficient statistics:
  Matrix range     [1e+00, 4e+04]
  Objective range  [4e-01, 1e+05]
  Bounds range     [1e+00, 4e+04]
  RHS range        [1e+00, 3e+03]
Presolve removed 3818 rows and 123362 columns
Presolve time: 0.84s
Presolved: 120752 rows, 239950 columns, 720116 nonzeros
Variable types: 119368 continuous, 120582 integer (120582 binary)
Root relaxation presolved: 120752 rows, 239950 columns, 720116 nonzeros

Deterministic concurrent LP optimizer: primal simplex, dual simplex, and barrier
Showing barrier log only...

Root barrier log...

Ordering time: 0.07s

Barrier statistics:
 AA' NZ     : 7.220e+05
 Factor NZ  : 1.556e+06 (roughly 160 MB of memory)
 Factor Ops : 8.796e+08 (less than 1 second per iteration)
 Threads    : 2

                  Objective                Residual
Iter       Primal          Dual         Primal    Dual     Compl     Time
   0   2.56392534e+10 -7.56071980e+13  3.12e+05 1.46e-11  2.12e+08     2s
   1   1.22340633e+10 -4.99564470e+13  1.49e+05 2.21e+04  1.21e+08     2s
   2   8.34588914e+09 -2.58255200e+12  1.02e+05 9.31e-10  2.70e+07     2s
   3   4.43093538e+09 -1.23333297e+12  5.39e+04 7.15e-10  1.38e+07     2s
   4   3.53987176e+09 -1.10856848e+12  4.31e+04 8.15e-10  1.12e+07     2s
   5   1.46495122e+09 -8.31638545e+11  1.78e+04 7.42e-10  5.24e+06     2s
   6   1.00446985e+08 -4.29662584e+11  1.19e+03 8.63e-10  9.68e+05     2s
   7   7.14479597e+06 -1.15341530e+11  5.85e+01 6.62e-10  2.02e+05     2s
   8   4.89272457e+06 -3.63482031e+10  3.12e+01 2.88e-10  6.44e+04     2s
   9   4.70065255e+06 -3.30603551e+10  2.89e+01 3.06e-10  5.86e+04     2s
  10   3.25554960e+06 -2.32527202e+10  1.14e+01 7.38e-09  4.01e+04     2s
  11   3.10457447e+06 -1.81219928e+10  9.28e+00 6.53e-09  3.11e+04     2s
  12   2.83091650e+06 -8.86539352e+09  5.79e+00 4.01e-08  1.51e+04     3s
  13   2.59618058e+06 -1.79134042e+09  2.65e+00 3.53e-08  3.03e+03     3s
  14   2.33475853e+06 -2.17951984e+08  6.99e-02 2.55e-08  3.68e+02     3s
  15   2.06162705e+06 -5.12331622e+07  8.49e-03 2.92e-08  8.89e+01     3s
  16   1.31750126e+06 -3.65592713e+07  3.87e-04 2.97e-08  6.32e+01     3s
  17   4.31072113e+05 -5.08297114e+06  3.54e-07 2.77e-08  9.20e+00     3s
  18   4.52494395e+04 -6.49938992e+05  1.79e-08 2.81e-08  1.16e+00     3s
  19   1.74075065e+04 -3.09831469e+05  1.85e-09 3.14e-08  5.46e-01     3s
  20   1.54501558e+04 -1.36130812e+05  1.78e-09 2.96e-08  2.53e-01     3s
  21   1.33954063e+04 -4.10949925e+04  1.90e-09 2.45e-08  9.09e-02     3s
  22   1.20050065e+04 -1.80372976e+04  2.77e-09 3.54e-08  5.01e-02     3s
  23   1.04474423e+04 -1.15770719e+04  1.81e-09 4.17e-08  3.68e-02     3s
  24   7.76082390e+03 -6.17552412e+03  6.20e-09 3.88e-08  2.33e-02     3s
  25   5.36338437e+03 -3.96633459e+03  7.94e-09 3.56e-08  1.56e-02     3s
  26   3.26912505e+03 -2.37592770e+03  2.09e-09 3.31e-08  9.42e-03     4s
  27   1.89389913e+03 -3.19288157e+02  1.54e-09 3.90e-08  3.69e-03     4s
  28   1.40630016e+03  7.70017124e+02  6.21e-10 3.55e-08  1.06e-03     4s
  29   1.33375877e+03  1.04627970e+03  4.64e-10 1.96e-08  4.80e-04     4s
  30   1.30572686e+03  1.15297329e+03  2.32e-10 2.31e-08  2.55e-04     4s
  31   1.28315795e+03  1.20863392e+03  3.49e-09 3.20e-08  1.24e-04     4s
  32   1.27615128e+03  1.22986298e+03  6.34e-09 4.27e-08  7.72e-05     4s
  33   1.27354411e+03  1.24801425e+03  2.84e-09 4.23e-08  4.26e-05     4s
  34   1.27240457e+03  1.25896422e+03  1.58e-09 4.32e-08  2.24e-05     4s
  35   1.27146729e+03  1.26333255e+03  8.10e-09 4.09e-08  1.36e-05     4s
  36   1.27103369e+03  1.26758539e+03  8.40e-09 2.57e-08  5.75e-06     4s
  37   1.27077938e+03  1.27032616e+03  3.66e-09 2.75e-08  7.56e-07     4s
  38   1.27069421e+03  1.27039638e+03  1.36e-09 1.90e-08  4.97e-07     5s
  39   1.27068721e+03  1.27048220e+03  1.16e-09 3.54e-08  3.42e-07     5s
  40   1.27064824e+03  1.27056898e+03  2.56e-10 2.86e-08  1.32e-07     5s
  41   1.27064084e+03  1.27060210e+03  2.61e-09 3.45e-08  6.46e-08     5s
  42   1.27063746e+03  1.27062259e+03  3.55e-09 3.11e-08  2.48e-08     5s
  43   1.27063630e+03  1.27062321e+03  6.03e-09 4.79e-08  2.19e-08     5s
  44   1.27063593e+03  1.27062915e+03  6.20e-09 3.07e-08  1.13e-08     5s
  45   1.27063473e+03  1.27062997e+03  3.82e-09 3.55e-08  7.95e-09     5s
  46   1.27063300e+03  1.27063283e+03  1.72e-08 2.62e-08  2.83e-10     5s
  47   1.27063290e+03  1.27063286e+03  6.12e-09 1.32e-08  7.03e-11     5s
  48   1.27063287e+03  1.27063286e+03  3.25e-09 2.98e-08  8.14e-12     5s

Barrier solved model in 48 iterations and 5.49 seconds (7.91 work units)
Optimal objective 1.27063287e+03


Root crossover log...

  118759 DPushes remaining with DInf 2.6229277e-03                 6s
       0 DPushes remaining with DInf 9.3687334e-04                 6s

     330 PPushes remaining with PInf 1.0668370e-05                 6s
       0 PPushes remaining with PInf 0.0000000e+00                 6s

  Push phase complete: Pinf 0.0000000e+00, Dinf 2.2057453e-01      6s


Root simplex log...

Iteration    Objective       Primal Inf.    Dual Inf.      Time
   51201    1.2706329e+03   0.000000e+00   2.205745e-01      6s
   53968    1.2706329e+03   0.000000e+00   0.000000e+00      6s
Crossover time: 0.31 seconds (0.58 work units)
Concurrent spin time: 0.00s

Solved with barrier

Root relaxation: objective 1.270633e+03, 53968 iterations, 4.57 seconds (5.71 work units)

    Nodes    |    Current Node    |     Objective Bounds      |     Work
 Expl Unexpl |  Obj  Depth IntInf | Incumbent    BestBd   Gap | It/Node Time

     0     0 1270.63287    0  527          - 1270.63287      -     -   15s
H    0     0                    1828.6975964 1270.63287  30.5%     -   20s
H    0     0                    1821.2682593 1270.63287  30.2%     -   21s
H    0     0                    1810.1905882 1270.63287  29.8%     -   24s
H    0     0                    1704.7018794 1270.63287  25.5%     -   25s
H    0     0                    1685.3490827 1270.63287  24.6%     -   26s
H    0     0                    1678.3715263 1270.63287  24.3%     -   31s
H    0     0                    1651.5371279 1270.63287  23.1%     -   32s
H    0     0                    1645.4748088 1270.63287  22.8%     -   33s
     0     0 1276.40062    0  636 1645.47481 1276.40062  22.4%     -   58s
H    0     0                    1642.8714812 1276.41412  22.3%     -   60s
H    0     0                    1601.9011249 1276.41412  20.3%     -   62s
H    0     0                    1595.6877913 1276.41412  20.0%     -   65s
     0     0 1276.41412    0  636 1595.68779 1276.41412  20.0%     -  108s
H    0     0                    1592.0307858 1276.41412  19.8%     -  124s
H    0     0                    1574.3603645 1276.41412  18.9%     -  126s
     0     0 1276.41412    0  636 1574.36036 1276.41412  18.9%     -  156s
     0     0 1276.41412    0  636 1574.36036 1276.41412  18.9%     -  156s
     0     0 1280.15216    0  632 1574.36036 1280.15216  18.7%     -  179s
     0     0 1280.16154    0  638 1574.36036 1280.16154  18.7%     -  180s
     0     0 1280.16542    0  639 1574.36036 1280.16542  18.7%     -  181s
     0     0 1280.16542    0  639 1574.36036 1280.16542  18.7%     -  181s
     0     0 1281.86163    0  577 1574.36036 1281.86163  18.6%     -  212s
     0     0 1283.26279    0  557 1574.36036 1283.26279  18.5%     -  215s
     0     0 1283.26279    0  562 1574.36036 1283.26279  18.5%     -  216s
     0     0 1285.55641    0  628 1574.36036 1285.55641  18.3%     -  244s
     0     0 1285.65889    0  643 1574.36036 1285.65889  18.3%     -  244s
     0     0 1285.65889    0  643 1574.36036 1285.65889  18.3%     -  244s
     0     0 1287.28880    0  614 1574.36036 1287.28880  18.2%     -  266s
     0     0 1287.28890    0  610 1574.36036 1287.28890  18.2%     -  268s
     0     0 1288.78770    0  554 1574.36036 1288.78770  18.1%     -  285s
H    0     0                    1567.9182098 1290.30153  17.7%     -  287s
H    0     0                    1563.0904728 1290.30153  17.5%     -  287s
H    0     0                    1561.1217109 1290.30153  17.3%     -  287s
H    0     0                    1561.1217010 1290.30153  17.3%     -  288s
     0     0 1290.30153    0  565 1561.12170 1290.30153  17.3%     -  295s
     0     0 1290.30153    0  560 1561.12170 1290.30153  17.3%     -  295s
     0     0 1290.30153    0  648 1561.12170 1290.30153  17.3%     -  302s
     0     0 1290.30153    0  648 1561.12170 1290.30153  17.3%     -  303s
     0     0 1290.30153    0  648 1561.12170 1290.30153  17.3%     -  323s
     0     0 1290.30153    0  647 1561.12170 1290.30153  17.3%     -  324s
     0     0 1290.30153    0  652 1561.12170 1290.30153  17.3%     -  329s
     0     0 1290.30153    0  652 1561.12170 1290.30153  17.3%     -  330s
     0     0 1290.30153    0  631 1561.12170 1290.30153  17.3%     -  342s
     0     0 1290.30153    0  635 1561.12170 1290.30153  17.3%     -  356s
     0     0 1290.30153    0  641 1561.12170 1290.30153  17.3%     -  358s
     0     0          -    0      1561.12170 1290.30153  17.3%     -  360s

Cutting planes:
  Cover: 6
  Implied bound: 176
  Clique: 2
  MIR: 45
  Flow cover: 98
  Zero half: 66
  RLT: 3
  Relax-and-lift: 244
  BQP: 3
  Lazy constraints: 1

Explored 1 nodes (274433 simplex iterations) in 360.01 seconds (1073.56 work units)
Thread count was 4 (of 32 available processors)

Solution count 10: 1561.12 1563.09 1567.92 ... 1651.54

Time limit reached
Best objective 1.561121701010e+03, best bound 1.290301534048e+03, gap 17.3478%

User-callback calls 25370, time in user-callback 0.01 sec
Cap boundary opt: PORT-591 stations=172 obj=1561.122 real=1391.118 baseline=1409.380
Set parameter Username
Set parameter LicenseID to value 2738882
Academic license - for non-commercial use only - expires 2026-11-14
Segment 1 eval: start=BOAT-0 end=PORT-588 stations=19 (optimize)
  Segment 1 order: -501 502 -488 -487 -486 -485 -461 460 464 465 474 -473 -475 -478 -476 -115 116 117 -118
Segment 2 eval: start=PORT-588 end=PORT-584 stations=19 (optimize)
  Segment 2 order: 119 -120 121 122 -472 471 -470 -469 -468 -467 -466 -479 481 480 -477 493 -492 -491 -490
Segment 3 eval: start=PORT-584 end=PORT-584 stations=18 (optimize)
  Segment 3 order: 503 450 451 452 453 454 455 456 457 458 459 -463 -484 462 -483 -482 -489 -500
Segment 4 eval: start=PORT-584 end=PORT-593 stations=31 (optimize)
  Segment 4 order: 504 -505 -449 -448 -447 -446 -445 439 -440 441 442 443 444 -506 507 508 509 510 511 514 -513 -512 435 436 437 438 434 -433 -432 -431 -430
Segment 5 eval: start=PORT-593 end=PORT-593 stations=13 (optimize)
  Segment 5 order: 427 517 519 520 521 524 525 578 579 580 -518 428 429
Segment 6 eval: start=PORT-593 end=PORT-591 stations=52 (optimize)
  Segment 6 order: 515 516 522 523 526 -575 -577 527 528 529 530 531 532 -533 -576 -574 -573 -571 -570 -569 572 534 535 -536 537 538 539 544 -540 -543 -568 -567 -566 -565 -564 -563 -561 560 -559 -558 -555 284 -283 -282 556 -557 -281 -280 -279 -278 -277 -276
Segment 7 eval: start=PORT-591 end=PORT-582 stations=120 (optimize)
  Segment 7 order: -346 -345 -344 -343 -342 -341 -316 -287 -286 -285 -552 -551 -550 -553 554 562 -542 -541 545 546 -548 -549 547 297 298 299 300 301 302 303 304 305 306 -296 295 293 294 307 308 309 311 310 -292 -291 -290 -289 288 312 -313 314 315 317 318 319 320 340 339 321 322 -324 -323 338 -337 -336 -335 -334 -333 347 363 -348 -332 -331 -330 -329 -328 325 -327 326 349 350 351 352 353 -354 355 356 357 358 359 360 361 -362 -364 365 366 367 368 -425 417 -424 422 423 -421 420 -418 -416 381 426 369 370 371 372 373 -374 375 376 377 378 379 380
Segment 8 eval: start=PORT-582 end=PORT-581 stations=52 (optimize)
  Segment 8 order: 57 59 -58 60 -64 65 -63 61 62 -386 -385 -384 -383 -419 -382 414 415 413 -412 -411 410 -408 -409 404 407 -406 -405 -403 -402 387 388 389 390 391 392 393 394 395 401 400 -399 -398 -397 -396 -47 -46 -45 -44 -43 -42 -41 -40
Segment 9 eval: start=PORT-581 end=PORT-583 stations=87 (optimize)
  Segment 9 order: 56 55 -54 -53 -52 -51 -50 -49 -48 -39 -38 -37 66 67 68 69 70 77 -76 71 74 -73 -72 -75 -78 -79 27 29 30 -33 34 35 36 32 31 -28 -26 93 -92 94 91 80 81 82 83 84 85 -86 87 -88 89 -90 95 96 2 1 3 4 -25 -24 -23 -22 -21 20 -19 -18 -17 -16 -15 -14 -13 -12 -11 -10 -5 6 7 8 9 143 -142 -144 145 146 147 148 149
Segment 10 eval: start=PORT-583 end=PORT-583 stations=63 (optimize)
  Segment 10 order: -132 -181 -180 -229 -228 -179 -135 136 137 152 -151 139 -138 -141 -140 150 -158 157 153 154 155 156 -159 160 161 162 163 164 165 166 167 168 169 170 171 172 173 174 175 176 177 182 183 184 185 186 187 188 189 -190 223 224 226 178 227 -231 235 -234 -233 -232 -230 -134 -133
Segment 11 eval: start=PORT-583 end=PORT-588 stations=53 (optimize)
  Segment 11 order: -225 -222 -221 -220 -219 191 -218 192 193 194 195 196 197 198 203 204 -202 199 -200 201 205 206 207 208 209 210 211 212 213 -217 -216 214 215 -237 238 243 244 250 -251 249 -248 -245 247 -246 -242 241 -240 -239 -236 97 98 99 100
Segment 12 eval: start=PORT-588 end=PORT-588 stations=33 (optimize)
  Segment 12 order: 110 -270 -269 -268 264 265 267 266 123 124 125 -126 127 -263 -262 -261 -260 -259 258 128 129 130 131 -256 257 -255 -254 -252 -253 -271 272 273 -109
Segment 13 eval: start=PORT-588 end=BOAT-END stations=20 (optimize)
  Segment 13 order: -107 -106 -105 104 -103 -102 -101 108 274 111 275 -114 494 -113 -112 495 496 497 498 499
Cap boundary debug: PORT-591 -> [346 345 344 343 342 341 340 320 319 318 317 316 315 287 286 285 552 551 553 550 548 549 554 562 542 541 545 546 547 297 306 296 295 293 294 301 300 299 298 305 304 303 302 307 308 309 311 310 292 291 290 289 288 314 313 312 339 338 337 328 329 330 331 332 348 362 361 360 359 358 357 356 355 354 353 352 351 350 349 326 327 325 324 323 322 321 336 335 334 333 347 363 364 365 366 367 368 426 381 416 417 425 424 418 422 423 421 420 369 370 371 372 373 374 375 376 377 378 379 380] -> PORT-582 -> [419 415 413 412 411 410 409 408 407 406 405 404 414 382 383 384 403 402 385 386 387 388 389 390 391 62 61 60 58 59 57 64 65 63 392 393 394 395 401 400 399 398 397 396 47 46 45 44 43 42 41 40] -> PORT-581 | load_left=43701 load_right=44851 cap=45000
Set parameter Username
Set parameter LicenseID to value 2738882
Academic license - for non-commercial use only - expires 2026-11-14
Set parameter TimeLimit to value 360
Set parameter Seed to value 1516535256
Set parameter Threads to value 4
Set parameter OutputFlag to value 1
Set parameter LogToConsole to value 1
Set parameter LazyConstraints to value 1
Gurobi Optimizer version 13.0.0 build v13.0.0rc1 (linux64 - "Debian GNU/Linux 13 (trixie)")

CPU model: AMD Ryzen 9 5950X 16-Core Processor, instruction set [SSE2|AVX|AVX2]
Thread count: 16 physical cores, 32 logical processors, using up to 4 threads

Non-default parameters:
TimeLimit  360
Seed  1516535256
Threads  4
LazyConstraints  1

Optimize a model with 124570 rows, 363312 columns and 726612 nonzeros (Min)
Model fingerprint: 0x73864e93
Model has 120408 linear objective coefficients
Variable types: 242208 continuous, 121104 integer (121104 binary)
Coefficient statistics:
  Matrix range     [1e+00, 4e+04]
  Objective range  [4e-01, 1e+05]
  Bounds range     [1e+00, 4e+04]
  RHS range        [1e+00, 1e+04]
Presolve removed 3818 rows and 123362 columns
Presolve time: 0.84s
Presolved: 120752 rows, 239950 columns, 720116 nonzeros
Variable types: 119368 continuous, 120582 integer (120582 binary)
Root relaxation presolved: 120752 rows, 239950 columns, 720116 nonzeros

Deterministic concurrent LP optimizer: primal simplex, dual simplex, and barrier
Showing barrier log only...

Root barrier log...

Ordering time: 0.07s

Barrier statistics:
 AA' NZ     : 7.220e+05
 Factor NZ  : 1.557e+06 (roughly 160 MB of memory)
 Factor Ops : 8.811e+08 (less than 1 second per iteration)
 Threads    : 2

                  Objective                Residual
Iter       Primal          Dual         Primal    Dual     Compl     Time
   0   3.00546509e+10 -7.55650973e+13  3.12e+05 1.46e-11  2.12e+08     2s
   1   1.42352728e+10 -5.15460656e+13  1.48e+05 2.79e+04  1.24e+08     2s
   2   9.97982135e+09 -2.92606183e+12  1.04e+05 5.82e-10  2.78e+07     2s
   3   5.63921098e+09 -1.29424276e+12  5.85e+04 6.98e-10  1.48e+07     2s
   4   4.71564900e+09 -1.27458142e+12  4.89e+04 8.44e-10  1.27e+07     2s
   5   2.60301886e+09 -9.14216779e+11  2.70e+04 1.81e-09  7.31e+06     2s
   6   2.56375683e+08 -4.45277644e+11  2.63e+03 9.02e-10  1.29e+06     2s
   7   1.45879702e+07 -2.96412121e+11  1.22e+02 7.66e-10  5.19e+05     2s
   8   4.24306727e+06 -2.53800253e+10  1.46e+01 7.71e-10  4.41e+04     2s
   9   3.89855138e+06 -2.16047898e+10  1.10e+01 6.61e-10  3.73e+04     2s
  10   3.78855637e+06 -1.96761751e+10  9.91e+00 1.14e-09  3.39e+04     2s
  11   3.59607842e+06 -1.71534145e+10  7.88e+00 1.01e-09  2.94e+04     2s
  12   3.42953555e+06 -1.11320173e+10  6.09e+00 2.47e-09  1.90e+04     3s
  13   3.11169589e+06 -3.79596926e+09  2.85e+00 6.83e-09  6.42e+03     3s
  14   2.91686605e+06 -8.13974114e+08  8.66e-01 1.17e-08  1.37e+03     3s
  15   2.75090037e+06 -9.78959706e+07  7.32e-02 4.73e-09  1.68e+02     3s
  16   2.13453200e+06 -4.23622703e+07  1.59e-02 3.04e-09  7.43e+01     3s
  17   1.32266342e+06 -1.80674668e+07  2.14e-03 3.57e-09  3.24e+01     3s
  18   3.66846595e+05 -1.09782580e+07  1.28e-04 3.77e-09  1.89e+01     3s
  19   5.29699813e+04 -1.05128496e+05  1.29e-06 2.31e-09  2.64e-01     3s
  20   1.41445233e+04 -3.41824385e+04  4.89e-08 3.16e-09  8.06e-02     3s
  21   8.45108570e+03 -1.33617084e+04  2.18e-10 3.84e-09  3.64e-02     3s
  22   5.83405378e+03 -1.02707290e+04  4.37e-11 6.01e-09  2.69e-02     3s
  23   4.49787821e+03 -5.67077060e+03  1.78e-11 3.81e-09  1.70e-02     3s
  24   2.74182867e+03 -3.66105960e+03  7.46e-11 4.51e-09  1.07e-02     3s
  25   1.58781766e+03 -3.22329784e+02  8.78e-10 4.44e-09  3.19e-03     4s
  26   1.31657533e+03  4.96846303e+02  1.95e-10 3.02e-09  1.37e-03     4s
  27   1.24353426e+03  8.09580839e+02  6.93e-11 3.71e-09  7.24e-04     4s
  28   1.21201320e+03  1.01588787e+03  2.73e-11 4.49e-09  3.27e-04     4s
  29   1.19562328e+03  1.11586865e+03  8.95e-12 4.86e-09  1.33e-04     4s
  30   1.19070188e+03  1.16219149e+03  6.56e-12 4.81e-09  4.76e-05     4s
  31   1.18790013e+03  1.17384694e+03  1.26e-09 3.60e-09  2.35e-05     4s
  32   1.18429277e+03  1.17866418e+03  3.86e-10 4.53e-09  9.39e-06     4s
  33   1.18361510e+03  1.18070620e+03  2.26e-10 4.42e-09  4.85e-06     4s
  34   1.18321931e+03  1.18162848e+03  1.49e-10 3.23e-09  2.65e-06     4s
  35   1.18248228e+03  1.18237535e+03  1.11e-11 1.52e-09  1.78e-07     4s
  36   1.18244844e+03  1.18242939e+03  2.91e-10 3.18e-09  3.18e-08     5s
  37   1.18244561e+03  1.18243966e+03  1.44e-10 1.65e-09  9.93e-09     5s
  38   1.18244295e+03  1.18244264e+03  2.71e-09 3.10e-09  5.18e-10     5s
  39   1.18244290e+03  1.18244290e+03  4.55e-08 3.72e-09  1.05e-11     5s

Barrier solved model in 39 iterations and 4.83 seconds (7.03 work units)
Optimal objective 1.18244290e+03


Root simplex log...

Iteration    Objective       Primal Inf.    Dual Inf.      Time
   45306    1.1824429e+03   0.000000e+00   1.247687e-01      5s
   47205    1.1824429e+03   0.000000e+00   0.000000e+00      5s
Crossover time: 0.31 seconds (0.60 work units)
Concurrent spin time: 0.01s

Solved with barrier

Root relaxation: objective 1.182443e+03, 47205 iterations, 3.91 seconds (4.87 work units)

    Nodes    |    Current Node    |     Objective Bounds      |     Work
 Expl Unexpl |  Obj  Depth IntInf | Incumbent    BestBd   Gap | It/Node Time

     0     0 1182.44290    0  612          - 1182.44290      -     -   16s
H    0     0                    3452.0029037 1182.44290  65.7%     -   20s
H    0     0                    3052.2771026 1182.44290  61.3%     -   20s
     0     0 1182.44290    0  612 3052.27710 1182.44290  61.3%     -   30s
H    0     0                    1896.8951957 1182.44290  37.7%     -   35s
H    0     0                    1887.0443159 1182.44290  37.3%     -   37s
H    0     0                    1695.8820492 1182.44290  30.3%     -   39s
H    0     0                    1678.8567009 1182.44290  29.6%     -   40s
H    0     0                    1662.1434685 1182.44290  28.9%     -   41s
H    0     0                    1660.9375926 1182.44290  28.8%     -   41s
     0     0 1182.44290    0  612 1660.93759 1182.44290  28.8%     -   54s
     0     0 1187.77518    0  665 1660.93759 1187.77518  28.5%     -   90s
     0     0 1187.77518    0  632 1660.93759 1187.77518  28.5%     -  103s
H    0     0                    1637.7220806 1187.77518  27.5%     -  105s
H    0     0                    1559.0649344 1187.77518  23.8%     -  106s
H    0     0                    1551.3357311 1187.77518  23.4%     -  109s
     0     0 1189.56053    0  650 1551.33573 1189.56053  23.3%     -  151s
H    0     0                    1532.6920507 1189.71427  22.4%     -  154s
H    0     0                    1511.1872635 1189.71427  21.3%     -  156s
H    0     0                    1488.7244759 1189.71427  20.1%     -  158s
H    0     0                    1466.4894961 1189.71427  18.9%     -  161s
H    0     0                    1456.9366466 1189.71427  18.3%     -  163s
H    0     0                    1456.9366151 1189.71427  18.3%     -  167s
H    0     0                    1456.9366143 1189.71427  18.3%     -  167s
H    0     0                    1446.0447080 1189.71427  17.7%     -  169s
H    0     0                    1446.0446844 1189.71427  17.7%     -  176s
     0     0 1189.71427    0  644 1446.04468 1189.71427  17.7%     -  181s
     0     0 1189.71427    0  651 1446.04468 1189.71427  17.7%     -  181s
     0     0 1189.74778    0  654 1446.04468 1189.74778  17.7%     -  182s
     0     0 1190.32955    0  641 1446.04468 1190.32955  17.7%     -  190s
     0     0 1190.33239    0  645 1446.04468 1190.33239  17.7%     -  190s
     0     0 1191.66255    0  648 1446.04468 1191.66255  17.6%     -  197s
     0     0 1191.86539    0  648 1446.04468 1191.86539  17.6%     -  200s
     0     0 1191.87600    0  640 1446.04468 1191.87600  17.6%     -  201s
     0     0 1191.87600    0  640 1446.04468 1191.87600  17.6%     -  201s
     0     0 1195.75628    0  677 1446.04468 1195.75628  17.3%     -  230s
     0     0 1196.48296    0  675 1446.04468 1196.48296  17.3%     -  245s
     0     0 1196.49710    0  682 1446.04468 1196.49710  17.3%     -  245s
     0     0 1196.49748    0  682 1446.04468 1196.49748  17.3%     -  245s
     0     0 1197.88277    0  727 1446.04468 1197.88277  17.2%     -  272s
     0     0 1197.89528    0  735 1446.04468 1197.89528  17.2%     -  280s
     0     0 1197.89862    0  735 1446.04468 1197.89862  17.2%     -  280s
     0     0 1197.89862    0  734 1446.04468 1197.89862  17.2%     -  280s
     0     0 1198.03904    0  730 1446.04468 1198.03904  17.2%     -  295s
     0     0 1198.03983    0  727 1446.04468 1198.03983  17.2%     -  304s
     0     0 1198.39382    0  726 1446.04468 1198.39382  17.1%     -  320s
     0     0 1198.39945    0  750 1446.04468 1198.39945  17.1%     -  329s
     0     0 1198.40151    0  749 1446.04468 1198.40151  17.1%     -  330s
     0     0 1198.40166    0  747 1446.04468 1198.40166  17.1%     -  330s
     0     0 1198.98959    0  718 1446.04468 1198.98959  17.1%     -  345s
     0     0 1199.01547    0  734 1446.04468 1199.01547  17.1%     -  348s
     0     0 1199.01595    0  738 1446.04468 1199.01595  17.1%     -  348s
     0     0          -    0      1446.04468 1199.01595  17.1%     -  360s

Cutting planes:
  Gomory: 2
  Cover: 2
  Implied bound: 148
  MIR: 56
  Flow cover: 95
  Zero half: 59
  RLT: 6
  Relax-and-lift: 225
  BQP: 1

Explored 1 nodes (475945 simplex iterations) in 360.01 seconds (987.65 work units)
Thread count was 4 (of 32 available processors)

Solution count 10: 1446.04 1456.94 1466.49 ... 1660.94

Time limit reached
Best objective 1.446044684403e+03, best bound 1.199015954918e+03, gap 17.0831%

User-callback calls 17293, time in user-callback 0.02 sec
Cap boundary reject: PORT-582 real=1548.398 baseline=1394.215
Set parameter Username
Set parameter LicenseID to value 2738882
Academic license - for non-commercial use only - expires 2026-11-14
Segment 1 eval: start=BOAT-0 end=PORT-588 stations=19 (optimize)
  Segment 1 order: -501 502 -488 -487 -486 -485 -461 460 464 465 474 -473 -475 -478 -476 -115 116 117 -118
Segment 2 eval: start=PORT-588 end=PORT-584 stations=19 (optimize)
  Segment 2 order: 119 -120 121 122 -472 471 -470 -469 -468 -467 -466 -479 481 480 -477 493 -492 -491 -490
Segment 3 eval: start=PORT-584 end=PORT-584 stations=18 (optimize)
  Segment 3 order: 503 450 451 452 453 454 455 456 457 458 459 -463 -484 462 -483 -482 -489 -500
Segment 4 eval: start=PORT-584 end=PORT-593 stations=31 (optimize)
  Segment 4 order: 504 -505 -449 -448 -447 -446 -445 439 -440 441 442 443 444 -506 507 508 509 510 511 514 -513 -512 435 436 437 438 434 -433 -432 -431 -430
Segment 5 eval: start=PORT-593 end=PORT-593 stations=13 (optimize)
  Segment 5 order: 427 517 519 520 521 524 525 578 579 580 -518 428 429
Segment 6 eval: start=PORT-593 end=PORT-591 stations=52 (optimize)
  Segment 6 order: 515 516 522 523 526 -575 -577 527 528 529 530 531 532 -533 -576 -574 -573 -571 -570 -569 572 534 535 -536 537 538 539 544 -540 -543 -568 -567 -566 -565 -564 -563 -561 560 -559 -558 -555 284 -283 -282 556 -557 -281 -280 -279 -278 -277 -276
Segment 7 eval: start=PORT-591 end=PORT-582 stations=120 (optimize)
  Segment 7 order: -346 -345 -344 -343 -342 -341 -316 -287 -286 -285 -552 -551 -550 -553 554 562 -542 -541 545 546 -548 -549 547 297 298 299 300 301 302 303 304 305 306 -296 295 293 294 307 308 309 311 310 -292 -291 -290 -289 288 312 -313 314 315 317 318 319 320 340 339 321 322 -324 -323 338 -337 -336 -335 -334 -333 347 363 -348 -332 -331 -330 -329 -328 325 -327 326 349 350 351 352 353 -354 355 356 357 358 359 360 361 -362 -364 365 366 367 368 -425 417 -424 422 423 -421 420 -418 -416 381 426 369 370 371 372 373 -374 375 376 377 378 379 380
Segment 8 eval: start=PORT-582 end=PORT-581 stations=52 (optimize)
  Segment 8 order: 57 59 -58 60 -64 65 -63 61 62 -386 -385 -384 -383 -419 -382 414 415 413 -412 -411 410 -408 -409 404 407 -406 -405 -403 -402 387 388 389 390 391 392 393 394 395 401 400 -399 -398 -397 -396 -47 -46 -45 -44 -43 -42 -41 -40
Segment 9 eval: start=PORT-581 end=PORT-583 stations=87 (optimize)
  Segment 9 order: 56 55 -54 -53 -52 -51 -50 -49 -48 -39 -38 -37 66 67 68 69 70 77 -76 71 74 -73 -72 -75 -78 -79 27 29 30 -33 34 35 36 32 31 -28 -26 93 -92 94 91 80 81 82 83 84 85 -86 87 -88 89 -90 95 96 2 1 3 4 -25 -24 -23 -22 -21 20 -19 -18 -17 -16 -15 -14 -13 -12 -11 -10 -5 6 7 8 9 143 -142 -144 145 146 147 148 149
Segment 10 eval: start=PORT-583 end=PORT-583 stations=63 (optimize)
  Segment 10 order: -132 -181 -180 -229 -228 -179 -135 136 137 152 -151 139 -138 -141 -140 150 -158 157 153 154 155 156 -159 160 161 162 163 164 165 166 167 168 169 170 171 172 173 174 175 176 177 182 183 184 185 186 187 188 189 -190 223 224 226 178 227 -231 235 -234 -233 -232 -230 -134 -133
Segment 11 eval: start=PORT-583 end=PORT-588 stations=53 (optimize)
  Segment 11 order: -225 -222 -221 -220 -219 191 -218 192 193 194 195 196 197 198 203 204 -202 199 -200 201 205 206 207 208 209 210 211 212 213 -217 -216 214 215 -237 238 243 244 250 -251 249 -248 -245 247 -246 -242 241 -240 -239 -236 97 98 99 100
Segment 12 eval: start=PORT-588 end=PORT-588 stations=33 (optimize)
  Segment 12 order: 110 -270 -269 -268 264 265 267 266 123 124 125 -126 127 -263 -262 -261 -260 -259 258 128 129 130 131 -256 257 -255 -254 -252 -253 -271 272 273 -109
Segment 13 eval: start=PORT-588 end=BOAT-END stations=20 (optimize)
  Segment 13 order: -107 -106 -105 104 -103 -102 -101 108 274 111 275 -114 494 -113 -112 495 496 497 498 499
PROGRESS pass=3 changed=1 total=4513.875 best=4513.875 nseg=13 stall=0 mut=0/4
Capacity boundary sweep pass 4
Cap boundary debug: PORT-584 -> [504 505 449 448 447 446 445 439 440 441 442 443 444 506 507 508 509 510 511 514 513 512 435 436 437 438 434 433 432 431 430] -> PORT-593 -> [429 428 518 580 579 578 525 524 521 520 519 517 427] -> PORT-593 | load_left=38472 load_right=44191 cap=45000
Set parameter Username
Set parameter LicenseID to value 2738882
Academic license - for non-commercial use only - expires 2026-11-14
Set parameter TimeLimit to value 360
Set parameter Seed to value 1755481631
Set parameter Threads to value 4
Set parameter OutputFlag to value 1
Set parameter LogToConsole to value 1
Set parameter LazyConstraints to value 1
Gurobi Optimizer version 13.0.0 build v13.0.0rc1 (linux64 - "Debian GNU/Linux 13 (trixie)")

CPU model: AMD Ryzen 9 5950X 16-Core Processor, instruction set [SSE2|AVX|AVX2]
Thread count: 16 physical cores, 32 logical processors, using up to 4 threads

Non-default parameters:
TimeLimit  360
Seed  1755481631
Threads  4
LazyConstraints  1

Optimize a model with 9370 rows, 25392 columns and 50772 nonzeros (Min)
Model fingerprint: 0x509a3d50
Model has 8280 linear objective coefficients
Variable types: 16928 continuous, 8464 integer (8464 binary)
Coefficient statistics:
  Matrix range     [1e+00, 4e+04]
  Objective range  [5e-05, 1e+05]
  Bounds range     [1e+00, 4e+04]
  RHS range        [1e+00, 1e+04]
Presolve removed 1002 rows and 9058 columns
Presolve time: 0.08s
Presolved: 8368 rows, 16334 columns, 48926 nonzeros
Variable types: 8008 continuous, 8326 integer (8326 binary)

Root relaxation: objective 3.428004e+02, 16618 iterations, 1.00 seconds (2.99 work units)

    Nodes    |    Current Node    |     Objective Bounds      |     Work
 Expl Unexpl |  Obj  Depth IntInf | Incumbent    BestBd   Gap | It/Node Time

     0     0  342.80038    0  174          -  342.80038      -     -    1s
H    0     0                    401903.69646  342.80038   100%     -    1s
H    0     0                    300966.60247  342.80038   100%     -    1s
H    0     0                    100581.82908  342.80038   100%     -    1s
H    0     0                     513.0592091  342.80038  33.2%     -    1s
H    0     0                     504.1825262  342.80038  32.0%     -    1s
H    0     0                     503.6212259  342.80038  31.9%     -    1s
H    0     0                     493.3885640  342.80038  30.5%     -    1s
     0     0  342.80038    0  169  493.38856  342.80038  30.5%     -    2s
     0     0  347.33033    0  198  493.38856  347.33033  29.6%     -    2s
H    0     0                     484.1185082  347.41242  28.2%     -    2s
H    0     0                     478.9426683  347.41242  27.5%     -    2s
H    0     0                     463.2218975  347.41242  25.0%     -    2s
H    0     0                     449.1261111  347.41242  22.6%     -    2s
H    0     0                     441.5467750  347.41242  21.3%     -    2s
H    0     0                     436.1461658  347.41242  20.3%     -    2s
H    0     0                     432.9181901  347.41242  19.8%     -    3s
H    0     0                     428.9229205  347.41242  19.0%     -    3s
H    0     0                     398.0829195  347.41242  12.7%     -    3s
H    0     0                     395.2735105  347.41242  12.1%     -    3s
H    0     0                     394.2076723  347.41242  11.9%     -    3s
H    0     0                     391.9857565  347.41242  11.4%     -    3s
     0     0  347.41242    0  199  391.98576  347.41242  11.4%     -    3s
     0     0  347.41242    0  200  391.98576  347.41242  11.4%     -    3s
     0     0  350.71711    0  184  391.98576  350.71711  10.5%     -    4s
     0     0  350.71711    0  172  391.98576  350.71711  10.5%     -    4s
     0     0  350.71711    0  171  391.98576  350.71711  10.5%     -    5s
     0     0  350.71711    0  182  391.98576  350.71711  10.5%     -    5s
     0     0  350.90719    0  191  391.98576  350.90719  10.5%     -    5s
     0     0  350.90719    0  189  391.98576  350.90719  10.5%     -    5s
     0     0  353.53062    0  208  391.98576  353.53062  9.81%     -    5s
     0     0  353.75963    0  214  391.98576  353.75963  9.75%     -    5s
     0     0  353.76312    0  211  391.98576  353.76312  9.75%     -    5s
     0     0  354.84574    0  225  391.98576  354.84574  9.47%     -    6s
     0     0  354.93397    0  227  391.98576  354.93397  9.45%     -    6s
     0     0  354.93861    0  230  391.98576  354.93861  9.45%     -    6s
     0     0  354.93929    0  232  391.98576  354.93929  9.45%     -    6s
     0     0  357.83071    0  230  391.98576  357.83071  8.71%     -    7s
     0     0  357.94688    0  234  391.98576  357.94688  8.68%     -    7s
     0     0  358.01757    0  233  391.98576  358.01757  8.67%     -    7s
     0     0  358.01940    0  234  391.98576  358.01940  8.67%     -    7s
     0     0  360.69774    0  231  391.98576  360.69774  7.98%     -    7s
     0     0  360.71965    0  235  391.98576  360.71965  7.98%     -    7s
     0     0  360.72240    0  234  391.98576  360.72240  7.98%     -    7s
     0     0  361.17997    0  229  391.98576  361.17997  7.86%     -    7s
     0     0  361.19428    0  234  391.98576  361.19428  7.86%     -    7s
     0     0  361.19874    0  236  391.98576  361.19874  7.85%     -    7s
     0     0  361.72970    0  238  391.98576  361.72970  7.72%     -    7s
     0     0  362.13488    0  234  391.98576  362.13488  7.62%     -    7s
     0     0  362.13583    0  235  391.98576  362.13583  7.62%     -    7s
     0     0  362.27963    0  236  391.98576  362.27963  7.58%     -    8s
     0     0  362.27963    0  173  391.98576  362.27963  7.58%     -    8s
     0     0  362.27963    0  215  391.98576  362.27963  7.58%     -    8s
     0     0  362.27963    0  228  391.98576  362.27963  7.58%     -    9s
     0     0  362.27963    0  230  391.98576  362.27963  7.58%     -    9s
     0     0  362.27963    0  226  391.98576  362.27963  7.58%     -    9s
     0     0  362.27963    0  227  391.98576  362.27963  7.58%     -    9s
     0     0  362.27963    0  236  391.98576  362.27963  7.58%     -    9s
     0     0  362.27963    0  241  391.98576  362.27963  7.58%     -    9s
     0     0  362.28589    0  241  391.98576  362.28589  7.58%     -    9s
     0     0  362.28589    0  241  391.98576  362.28589  7.58%     -    9s
     0     0  362.33969    0  239  391.98576  362.33969  7.56%     -    9s
     0     0  362.34154    0  238  391.98576  362.34154  7.56%     -    9s
     0     0  366.84311    0  240  391.98576  366.84311  6.41%     -   10s
     0     0  366.85839    0  235  391.98576  366.85839  6.41%     -   10s
     0     0  366.85986    0  238  391.98576  366.85986  6.41%     -   10s
     0     0  367.71629    0  212  391.98576  367.71629  6.19%     -   10s
     0     0  367.72159    0  213  391.98576  367.72159  6.19%     -   10s
     0     0  367.83188    0  153  391.98576  367.83188  6.16%     -   11s
     0     0  367.85539    0  218  391.98576  367.85539  6.16%     -   11s
     0     0  367.85543    0  217  391.98576  367.85543  6.16%     -   11s
     0     0  367.87597    0  153  391.98576  367.87597  6.15%     -   11s
     0     0  367.89259    0  155  391.98576  367.89259  6.15%     -   11s
     0     0  367.90851    0  158  391.98576  367.90851  6.14%     -   11s
     0     0  367.91221    0  158  391.98576  367.91221  6.14%     -   11s
     0     0  367.91221    0  158  391.98576  367.91221  6.14%     -   11s
     0     0  367.91221    0  155  391.98576  367.91221  6.14%     -   11s
     0     0  367.91977    0  168  391.98576  367.91977  6.14%     -   11s
     0     0  367.91977    0  216  391.98576  367.91977  6.14%     -   12s
     0     0  367.91977    0  203  391.98576  367.91977  6.14%     -   12s
     0     0  367.91977    0  210  391.98576  367.91977  6.14%     -   12s
     0     0  367.91977    0  216  391.98576  367.91977  6.14%     -   12s
     0     0  367.91977    0  154  391.98576  367.91977  6.14%     -   12s
     0     0  367.91977    0  160  391.98576  367.91977  6.14%     -   12s
     0     0  367.91977    0  160  391.98576  367.91977  6.14%     -   12s
     0     0  367.91977    0  161  391.98576  367.91977  6.14%     -   12s
     0     0  367.91977    0  156  391.98576  367.91977  6.14%     -   12s
     0     0  367.91977    0  159  391.98576  367.91977  6.14%     -   12s
     0     0  367.91977    0  156  391.98576  367.91977  6.14%     -   12s
     0     0  367.91977    0  156  391.98576  367.91977  6.14%     -   12s
     0     0  367.91977    0  156  391.98576  367.91977  6.14%     -   12s
     0     0  367.98769    0  226  391.98576  367.98769  6.12%     -   12s
     0     0  368.01050    0  227  391.98576  368.01050  6.12%     -   12s
     0     0  368.01365    0  226  391.98576  368.01365  6.12%     -   12s
     0     0  368.32284    0  224  391.98576  368.32284  6.04%     -   13s
     0     0  368.35131    0  204  391.98576  368.35131  6.03%     -   13s
     0     0  368.37164    0  211  391.98576  368.37164  6.02%     -   13s
     0     0  368.37907    0  207  391.98576  368.37907  6.02%     -   13s
     0     0  368.37907    0  208  391.98576  368.37907  6.02%     -   13s
     0     0  368.37960    0  209  391.98576  368.37960  6.02%     -   13s
     0     0  368.38279    0  210  391.98576  368.38279  6.02%     -   13s
     0     0  368.39127    0  213  391.98576  368.39127  6.02%     -   13s
     0     0  368.39127    0  213  391.98576  368.39127  6.02%     -   13s
     0     0  368.39127    0  213  391.98576  368.39127  6.02%     -   13s
     0     2  368.39127    0  213  391.98576  368.39127  6.02%     -   13s
   141   114 infeasible   19       391.98576  369.23611  5.80%   211   15s
  1367   757  379.28059   18  165  391.98576  373.42382  4.74%   137   20s
  2980   878  385.53832   11  148  391.98576  380.86714  2.84%   151   25s
  3713   965  386.84454   18  192  391.98576  384.73648  1.85%   150   30s
H 3734   932                     391.9857439  384.73648  1.85%   153   32s
  4057   943  391.31471   43  141  391.98574  384.73648  1.85%   152   35s
  5832   800  389.24903   44  121  391.98574  385.80612  1.58%   134   40s
  9707  1349  390.16317   38  125  391.98574  387.42877  1.16%   115   45s
 12534   636     cutoff   49       391.98574  389.09430  0.74%   120   50s

Cutting planes:
  Gomory: 8
  Cover: 8
  Implied bound: 111
  Projected implied bound: 3
  Clique: 3
  MIR: 50
  Flow cover: 72
  GUB cover: 1
  Inf proof: 20
  Zero half: 10
  Mod-K: 1
  RLT: 9
  Relax-and-lift: 12
  BQP: 5

Explored 13532 nodes (1722476 simplex iterations) in 51.71 seconds (152.33 work units)
Thread count was 4 (of 32 available processors)

Solution count 10: 391.986 394.208 395.274 ... 463.222

Optimal solution found (tolerance 1.00e-04)
Best objective 3.919857439231e+02, best bound 3.919857439231e+02, gap 0.0000%

User-callback calls 37082, time in user-callback 0.00 sec
Cap boundary reject: PORT-593 real=391.986 baseline=391.986
Cap boundary debug: PORT-593 -> [429 428 518 580 579 578 525 524 521 520 519 517 427] -> PORT-593 -> [515 516 522 523 526 528 529 530 527 577 575 574 576 531 532 533 573 571 570 569 572 534 535 536 537 538 539 544 540 543 568 567 566 565 564 563 561 560 559 558 555 284 283 282 556 557 281 280 279 278 277 276] -> PORT-591 | load_left=44191 load_right=42890 cap=45000
Set parameter Username
Set parameter LicenseID to value 2738882
Academic license - for non-commercial use only - expires 2026-11-14
Set parameter TimeLimit to value 360
Set parameter Seed to value 1098111849
Set parameter Threads to value 4
Set parameter OutputFlag to value 1
Set parameter LogToConsole to value 1
Set parameter LazyConstraints to value 1
Gurobi Optimizer version 13.0.0 build v13.0.0rc1 (linux64 - "Debian GNU/Linux 13 (trixie)")

CPU model: AMD Ryzen 9 5950X 16-Core Processor, instruction set [SSE2|AVX|AVX2]
Thread count: 16 physical cores, 32 logical processors, using up to 4 threads

Non-default parameters:
TimeLimit  360
Seed  1098111849
Threads  4
LazyConstraints  1

Optimize a model with 19282 rows, 53868 columns and 107724 nonzeros (Min)
Model fingerprint: 0xe5e4e712
Model has 17688 linear objective coefficients
Variable types: 35912 continuous, 17956 integer (17956 binary)
Coefficient statistics:
  Matrix range     [1e+00, 4e+04]
  Objective range  [5e-05, 1e+05]
  Bounds range     [1e+00, 4e+04]
  RHS range        [1e+00, 1e+04]
Presolve removed 1464 rows and 18823 columns
Presolve time: 0.16s
Presolved: 17818 rows, 35045 columns, 104921 nonzeros
Variable types: 17290 continuous, 17755 integer (17755 binary)
Root relaxation presolved: 17818 rows, 35045 columns, 104921 nonzeros

Deterministic concurrent LP optimizer: primal and dual simplex
Showing primal log only...

Concurrent spin time: 0.00s

Solved with primal simplex

Root relaxation: objective 4.859761e+02, 30135 iterations, 0.87 seconds (1.70 work units)

    Nodes    |    Current Node    |     Objective Bounds      |     Work
 Expl Unexpl |  Obj  Depth IntInf | Incumbent    BestBd   Gap | It/Node Time

     0     0  485.97610    0  228          -  485.97610      -     -    1s
H    0     0                    100710.71377  485.97610   100%     -    1s
H    0     0                     990.0442460  485.97610  50.9%     -    1s
H    0     0                     981.7217024  485.97610  50.5%     -    1s
H    0     0                     973.0428268  485.97610  50.1%     -    1s
H    0     0                     931.8584792  485.97610  47.8%     -    1s
H    0     0                     925.3427404  485.97610  47.5%     -    2s
H    0     0                     915.0469461  485.97610  46.9%     -    2s
H    0     0                     887.9302184  485.97610  45.3%     -    4s
H    0     0                     850.4757104  485.97610  42.9%     -    4s
     0     0  485.97610    0  227  850.47571  485.97610  42.9%     -    5s
     0     0  490.52018    0  270  850.47571  490.52018  42.3%     -    6s
H    0     0                     850.4040613  490.64645  42.3%     -    6s
H    0     0                     847.6400181  490.64645  42.1%     -    6s
H    0     0                     596.9178248  490.64645  17.8%     -    7s
H    0     0                     594.8249546  490.64645  17.5%     -    7s
H    0     0                     592.4094877  490.64645  17.2%     -    8s
H    0     0                     586.8536395  490.64645  16.4%     -    8s
H    0     0                     579.2170624  490.64645  15.3%     -    8s
H    0     0                     578.6201502  490.64645  15.2%     -    8s
H    0     0                     578.4011600  490.64645  15.2%     -    8s
H    0     0                     571.7219931  490.64645  14.2%     -    9s
H    0     0                     567.4417369  490.64645  13.5%     -    9s
H    0     0                     567.4222104  490.64645  13.5%     -    9s
     0     0  490.64645    0  266  567.42221  490.64645  13.5%     -   12s
     0     0  497.62836    0  306  567.42221  497.62836  12.3%     -   12s
     0     0  497.62836    0  226  567.42221  497.62836  12.3%     -   15s
     0     0  497.62836    0  268  567.42221  497.62836  12.3%     -   16s
     0     0  497.62836    0  297  567.42221  497.62836  12.3%     -   18s
     0     0  497.84036    0  303  567.42221  497.84036  12.3%     -   18s
     0     0  498.29008    0  299  567.42221  498.29008  12.2%     -   18s
     0     0  498.29015    0  299  567.42221  498.29015  12.2%     -   18s
     0     0  500.07677    0  310  567.42221  500.07677  11.9%     -   18s
     0     0  500.11182    0  310  567.42221  500.11182  11.9%     -   18s
     0     0  500.12303    0  314  567.42221  500.12303  11.9%     -   18s
     0     0  500.12363    0  315  567.42221  500.12363  11.9%     -   18s
     0     0  505.71699    0  292  567.42221  505.71699  10.9%     -   19s
     0     0  505.87782    0  288  567.42221  505.87782  10.8%     -   19s
     0     0  505.91939    0  289  567.42221  505.91939  10.8%     -   19s
     0     0  505.96509    0  290  567.42221  505.96509  10.8%     -   19s
     0     0  505.96747    0  291  567.42221  505.96747  10.8%     -   19s
     0     0  507.37849    0  304  567.42221  507.37849  10.6%     -   20s
     0     0  507.49127    0  314  567.42221  507.49127  10.6%     -   20s
     0     0  507.49229    0  314  567.42221  507.49229  10.6%     -   20s
     0     0  507.93354    0  297  567.42221  507.93354  10.5%     -   21s
     0     0  507.97364    0  301  567.42221  507.97364  10.5%     -   21s
     0     0  507.99864    0  301  567.42221  507.99864  10.5%     -   21s
     0     0  508.82266    0  312  567.42221  508.82266  10.3%     -   21s
     0     0  508.86894    0  321  567.42221  508.86894  10.3%     -   21s
     0     0  508.87525    0  327  567.42221  508.87525  10.3%     -   21s
     0     0  508.87525    0  327  567.42221  508.87525  10.3%     -   21s
     0     0  509.34930    0  319  567.42221  509.34930  10.2%     -   22s
     0     0  509.39416    0  321  567.42221  509.39416  10.2%     -   22s
     0     0  509.39858    0  321  567.42221  509.39858  10.2%     -   22s
     0     0  509.57198    0  316  567.42221  509.57198  10.2%     -   22s
     0     0  509.64096    0  320  567.42221  509.64096  10.2%     -   22s
     0     0  509.64096    0  320  567.42221  509.64096  10.2%     -   22s
     0     0  511.23810    0  314  567.42221  511.23810  9.90%     -   23s
     0     0  511.52739    0  308  567.42221  511.52739  9.85%     -   23s
     0     0  511.52751    0  303  567.42221  511.52751  9.85%     -   23s
     0     0  511.79843    0  312  567.42221  511.79843  9.80%     -   23s
     0     0  511.85945    0  292  567.42221  511.85945  9.79%     -   23s
     0     0  511.88731    0  310  567.42221  511.88731  9.79%     -   23s
     0     0  511.89025    0  314  567.42221  511.89025  9.79%     -   23s
     0     0  511.98276    0  301  567.42221  511.98276  9.77%     -   23s
     0     0  512.05625    0  296  567.42221  512.05625  9.76%     -   23s
     0     0  512.05669    0  293  567.42221  512.05669  9.76%     -   23s
     0     0  512.11975    0  316  567.42221  512.11975  9.75%     -   24s
     0     0  512.32197    0  311  567.42221  512.32197  9.71%     -   24s
     0     0  512.39982    0  310  567.42221  512.39982  9.70%     -   24s
     0     0  512.40025    0  312  567.42221  512.40025  9.70%     -   24s
     0     0  512.58626    0  300  567.42221  512.58626  9.66%     -   24s
     0     0  512.59899    0  313  567.42221  512.59899  9.66%     -   24s
     0     0  512.60230    0  314  567.42221  512.60230  9.66%     -   24s
     0     0  512.62801    0  315  567.42221  512.62801  9.66%     -   25s
     0     0  512.63814    0  318  567.42221  512.63814  9.65%     -   25s
     0     0  512.63818    0  318  567.42221  512.63818  9.65%     -   25s
     0     0  512.65643    0  308  567.42221  512.65643  9.65%     -   25s
     0     0  512.66576    0  308  567.42221  512.66576  9.65%     -   25s
     0     0  512.66576    0  308  567.42221  512.66576  9.65%     -   25s
     0     0  512.66576    0  303  567.42221  512.66576  9.65%     -   25s
     0     0  514.53520    0  225  567.42221  514.53520  9.32%     -   28s
     0     0  514.53520    0  283  567.42221  514.53520  9.32%     -   29s
     0     0  514.53520    0  308  567.42221  514.53520  9.32%     -   29s
     0     0  514.53520    0  300  567.42221  514.53520  9.32%     -   29s
     0     0  514.53520    0  317  567.42221  514.53520  9.32%     -   29s
     0     0  514.53520    0  313  567.42221  514.53520  9.32%     -   30s
     0     0  514.53520    0  335  567.42221  514.53520  9.32%     -   30s
     0     0  514.53520    0  329  567.42221  514.53520  9.32%     -   30s
     0     0  514.53520    0  316  567.42221  514.53520  9.32%     -   30s
     0     0  514.53520    0  340  567.42221  514.53520  9.32%     -   30s
     0     0  514.53520    0  333  567.42221  514.53520  9.32%     -   30s
     0     0  514.53520    0  323  567.42221  514.53520  9.32%     -   30s
     0     0  514.53520    0  332  567.42221  514.53520  9.32%     -   30s
     0     0  514.53520    0  328  567.42221  514.53520  9.32%     -   30s
     0     0  514.53520    0  329  567.42221  514.53520  9.32%     -   30s
     0     0  514.53520    0  329  567.42221  514.53520  9.32%     -   30s
     0     0  514.53520    0  326  567.42221  514.53520  9.32%     -   30s
     0     0  514.76479    0  327  567.42221  514.76479  9.28%     -   30s
     0     0  514.77941    0  318  567.42221  514.77941  9.28%     -   31s
     0     0  514.77970    0  327  567.42221  514.77970  9.28%     -   31s
     0     0  518.18473    0  338  567.42221  518.18473  8.68%     -   31s
     0     0  518.40046    0  322  567.42221  518.40046  8.64%     -   32s
     0     0  518.42878    0  326  567.42221  518.42878  8.63%     -   32s
     0     0  518.42878    0  326  567.42221  518.42878  8.63%     -   32s
     0     0  518.62545    0  343  567.42221  518.62545  8.60%     -   32s
     0     0  518.68168    0  325  567.42221  518.68168  8.59%     -   32s
     0     0  518.69977    0  333  567.42221  518.69977  8.59%     -   32s
     0     0  518.70609    0  330  567.42221  518.70609  8.59%     -   32s
     0     0  518.76253    0  326  567.42221  518.76253  8.58%     -   33s
     0     0  518.76877    0  330  567.42221  518.76877  8.57%     -   33s
     0     0  519.04609    0  304  567.42221  519.04609  8.53%     -   33s
     0     0  519.06912    0  305  567.42221  519.06912  8.52%     -   33s
     0     0  519.07913    0  304  567.42221  519.07913  8.52%     -   33s
     0     0  519.08045    0  305  567.42221  519.08045  8.52%     -   33s
     0     0  519.11921    0  307  567.42221  519.11921  8.51%     -   33s
     0     0  519.15588    0  307  567.42221  519.15588  8.51%     -   34s
     0     0  519.16249    0  312  567.42221  519.16249  8.51%     -   34s
     0     0  519.29601    0  317  567.42221  519.29601  8.48%     -   34s
     0     0  519.31754    0  316  567.42221  519.31754  8.48%     -   34s
     0     0  519.31810    0  317  567.42221  519.31810  8.48%     -   34s
     0     0  519.50541    0  320  567.42221  519.50541  8.44%     -   34s
     0     0  519.51088    0  321  567.42221  519.51088  8.44%     -   35s
     0     0  519.93917    0  320  567.42221  519.93917  8.37%     -   35s
     0     0  519.94529    0  325  567.42221  519.94529  8.37%     -   35s
     0     0  519.96931    0  331  567.42221  519.96931  8.36%     -   35s
     0     0  519.97200    0  334  567.42221  519.97200  8.36%     -   35s
     0     0  520.20152    0  340  567.42221  520.20152  8.32%     -   35s
     0     0  520.20531    0  344  567.42221  520.20531  8.32%     -   35s
     0     0  520.24055    0  334  567.42221  520.24055  8.32%     -   36s
     0     0  520.26051    0  327  567.42221  520.26051  8.31%     -   36s
     0     0  520.26587    0  326  567.42221  520.26587  8.31%     -   36s
     0     0  520.29627    0  341  567.42221  520.29627  8.31%     -   36s
     0     0  520.29792    0  341  567.42221  520.29792  8.30%     -   36s
     0     0  520.29792    0  341  567.42221  520.29792  8.30%     -   36s
     0     0  520.29792    0  324  567.42221  520.29792  8.30%     -   36s
     0     0  521.45653    0  233  567.42221  521.45653  8.10%     -   39s
     0     0  521.45653    0  289  567.42221  521.45653  8.10%     -   40s
     0     0  521.45653    0  285  567.42221  521.45653  8.10%     -   41s
     0     0  521.45653    0  301  567.42221  521.45653  8.10%     -   41s
     0     0  521.45653    0  322  567.42221  521.45653  8.10%     -   41s
     0     0  521.45653    0  314  567.42221  521.45653  8.10%     -   41s
     0     0  521.45653    0  314  567.42221  521.45653  8.10%     -   41s
     0     0  521.45653    0  314  567.42221  521.45653  8.10%     -   41s
     0     0  521.45653    0  323  567.42221  521.45653  8.10%     -   41s
     0     0  521.45653    0  332  567.42221  521.45653  8.10%     -   41s
     0     0  521.45653    0  329  567.42221  521.45653  8.10%     -   41s
     0     0  521.45653    0  335  567.42221  521.45653  8.10%     -   42s
     0     0  521.45653    0  334  567.42221  521.45653  8.10%     -   42s
     0     0  521.45653    0  335  567.42221  521.45653  8.10%     -   42s
     0     0  521.45653    0  334  567.42221  521.45653  8.10%     -   42s
     0     0  521.45653    0  341  567.42221  521.45653  8.10%     -   43s
     0     0  521.45653    0  331  567.42221  521.45653  8.10%     -   43s
     0     0  521.45653    0  337  567.42221  521.45653  8.10%     -   43s
     0     0  521.45653    0  341  567.42221  521.45653  8.10%     -   43s
     0     0  521.45653    0  352  567.42221  521.45653  8.10%     -   44s
     0     0  521.45653    0  345  567.42221  521.45653  8.10%     -   44s
     0     0  521.45653    0  354  567.42221  521.45653  8.10%     -   44s
     0     0  521.45653    0  348  567.42221  521.45653  8.10%     -   44s
     0     0  521.45653    0  354  567.42221  521.45653  8.10%     -   44s
     0     0  521.45653    0  353  567.42221  521.45653  8.10%     -   44s
     0     0  521.45653    0  359  567.42221  521.45653  8.10%     -   44s
     0     0  521.45653    0  363  567.42221  521.45653  8.10%     -   44s
     0     0  521.45653    0  352  567.42221  521.45653  8.10%     -   45s
     0     0  521.45653    0  356  567.42221  521.45653  8.10%     -   45s
     0     0  521.45653    0  359  567.42221  521.45653  8.10%     -   45s
     0     0  521.45653    0  356  567.42221  521.45653  8.10%     -   45s
     0     0  521.45653    0  362  567.42221  521.45653  8.10%     -   45s
     0     0  521.45653    0  357  567.42221  521.45653  8.10%     -   45s
     0     0  521.45653    0  359  567.42221  521.45653  8.10%     -   45s
     0     0  521.45653    0  338  567.42221  521.45653  8.10%     -   46s
     0     0  521.45653    0  338  567.42221  521.45653  8.10%     -   46s
     0     0  521.45653    0  338  567.42221  521.45653  8.10%     -   46s
     0     0  521.45653    0  326  567.42221  521.45653  8.10%     -   46s
     0     2  522.41821    0  325  567.42221  522.41821  7.93%     -   49s
    11    18  525.60320    4  143  567.42221  522.41821  7.93%   247   50s
  1121  1012  538.72283   24  306  567.42221  522.41821  7.93%  93.4   56s
  1128  1017  536.90251   57  313  567.42221  522.41821  7.93%  92.8   60s
  1156  1035  528.42694   32  345  567.42221  524.45339  7.57%  90.5   65s
  1177  1049  537.65004   61  224  567.42221  524.94549  7.49%  88.9   70s
  1192  1059  534.69261   16  348  567.42221  525.09784  7.46%  87.8   75s
  1204  1067  541.39043   71  353  567.42221  525.23347  7.44%  86.9   80s
  1247  1104  526.57724   18  196  567.42221  526.05908  7.29%   188   85s
  1342  1154  535.84019   28  140  567.42221  526.05908  7.29%   230   90s
  1493  1190  543.85521   42  113  567.42221  526.05908  7.29%   277   95s
  1603  1234  548.27645   56  108  567.42221  526.05908  7.29%   296  100s
  2045  1358  539.82459   40  130  567.42221  526.40558  7.23%   285  105s
  2829  1697  530.12375   23  160  567.42221  526.98779  7.13%   253  110s
  3311  1805  542.55383   37  115  567.42221  528.12170  6.93%   252  115s
  3941  2111  534.83837   20  188  567.42221  528.59279  6.84%   248  121s
  4606  2433  545.50971   24  137  567.42221  529.11550  6.75%   244  126s
  5497  2974  531.39717   24  179  567.42221  529.73190  6.64%   230  130s
  6035  3429  551.52686   35  132  567.42221  530.06531  6.58%   228  135s
  6593  3863  537.29341   29  171  567.42221  530.50647  6.51%   230  141s
  7519  4544 infeasible   28       567.42221  530.96874  6.42%   225  146s
  8335  4907  534.48672   29  174  567.42221  531.44817  6.34%   219  151s
  8826  5131  544.55771   32  134  567.42221  531.56102  6.32%   222  156s
  9207  5297  542.48686   27  137  567.42221  531.79625  6.28%   228  161s
  9714  5748  557.49700   52   91  567.42221  532.00157  6.24%   235  165s
H10075  5880                     567.4222089  532.14199  6.22%   237  168s
 10302  5999  542.85208   18  197  567.42221  532.29591  6.19%   241  172s
 10503  6243  545.52260   28  126  567.42221  532.30753  6.19%   246  175s
 11285  6657  541.76645   18  306  567.42221  532.73158  6.11%   256  183s
 11590  6909  549.70036   24  258  567.42221  532.73158  6.11%   262  187s
 12050  7132  553.06624   38  141  567.42221  533.18173  6.03%   266  190s
 12919  7545  551.00778   38  150  567.42221  533.72060  5.94%   271  196s
 13798  7979  553.80740   30  136  567.42221  534.02561  5.89%   274  203s
 14354  8180  566.48594   72  108  567.42221  534.20081  5.85%   275  206s
 15143  8560  542.64220   31  155  567.42221  534.48545  5.80%   280  212s
 15564  8813  560.30640   34  145  567.42221  534.75550  5.76%   282  216s
 16459  9282  561.77424   42  123  567.42221  535.10651  5.70%   285  223s
H16548  9282                     567.4222083  535.10651  5.70%   285  223s
H16675  9282                     567.4221913  535.15324  5.69%   285  223s
 16723  9474  543.39640   29  161  567.42219  535.18796  5.68%   285  226s
 17100  9724  548.14977   31  164  567.42219  535.34239  5.65%   286  230s
 17779  9846  550.75086   57  119  567.42219  535.62395  5.60%   287  237s
 17989 10033  552.84836   25  137  567.42219  535.71051  5.59%   289  240s
 18897 10477  550.34449   32  162  567.42219  536.12557  5.52%   291  247s
 19343 10715  549.52820   25  171  567.42219  536.24463  5.49%   292  250s
 20288 11282  548.66348   37  131  567.42219  536.54177  5.44%   295  257s
 20916 11449  547.42555   25  180  567.42219  536.82632  5.39%   294  260s
 21816 11881     cutoff   32       567.42219  537.15881  5.33%   295  267s
 22328 12133  560.26347   42  148  567.42219  537.29845  5.31%   295  270s
 23200 12444  540.82152   27  264  567.42219  537.60890  5.25%   296  277s
 23569 12542  563.82175   34  144  567.42219  537.84732  5.21%   298  281s
 23828 12648  557.15296   35  144  567.42219  537.86682  5.21%   298  287s
 24047 12804  552.36614   53  237  567.42219  537.88985  5.20%   299  290s
 24731 13177  545.40660   30  174  567.42219  538.24250  5.14%   300  297s
 25319 13463  558.94846   50  131  567.42219  538.46504  5.10%   300  301s
 26392 13902  559.39621   53  118  567.42219  538.76541  5.05%   300  307s
 26898 14074  563.34009   53  159  567.42219  539.04376  5.00%   299  310s
 27841 14444  558.61020   22  132  567.42219  539.36813  4.94%   301  317s
 28382 14607  564.83940   31   81  567.42219  539.61417  4.90%   300  321s
 28869 14709  561.40618   56  121  567.42219  539.73701  4.88%   300  325s
 29631 14857  556.69737   26  139  567.42219  540.06050  4.82%   303  332s
 29683 14960  551.23923   38  141  567.42219  540.06050  4.82%   303  336s
 30458 15115  554.25298   34  139  567.42219  540.34134  4.77%   306  342s
 30798 15237  556.96667   41  159  567.42219  540.49280  4.75%   308  346s
 31556 15443  560.27572   42  160  567.42219  540.80635  4.69%   310  352s
 31915 15514  561.73498   37  139  567.42219  540.91222  4.67%   312  355s

Cutting planes:
  Gomory: 4
  Cover: 15
  Implied bound: 170
  Projected implied bound: 10
  Clique: 4
  MIR: 332
  Mixing: 1
  Flow cover: 189
  Inf proof: 9
  Zero half: 23
  Network: 1
  RLT: 9
  Relax-and-lift: 58
  BQP: 3

Explored 32643 nodes (10520820 simplex iterations) in 360.00 seconds (1253.12 work units)
Thread count was 4 (of 32 available processors)

Solution count 10: 567.422 567.442 571.722 ... 596.918

Time limit reached
Best objective 5.674221913108e+02, best bound 5.412165029978e+02, gap 4.6184%

User-callback calls 117698, time in user-callback 0.01 sec
Cap boundary reject: PORT-593 segment infeasible left=541.373 right=100210.036
Cap boundary reject: PORT-593 real=1000000000000000052504760255204420248704468581108159154915854115511802457988908195786371375080447864043704443832883878176942523235360430575644792184786706982848387200926575803737830233794788090059368953234970799945081119038967640880074652742780142494579258788820056842838115669472196386865459400540160.000 baseline=567.422
Cap boundary debug: PORT-593 -> [515 516 522 523 526 528 529 530 527 577 575 574 576 531 532 533 573 571 570 569 572 534 535 536 537 538 539 544 540 543 568 567 566 565 564 563 561 560 559 558 555 284 283 282 556 557 281 280 279 278 277 276] -> PORT-591 -> [346 345 344 343 342 341 340 320 319 318 317 316 315 287 286 285 552 551 553 550 548 549 554 562 542 541 545 546 547 297 306 296 295 293 294 301 300 299 298 305 304 303 302 307 308 309 311 310 292 291 290 289 288 314 313 312 339 338 337 328 329 330 331 332 348 362 361 360 359 358 357 356 355 354 353 352 351 350 349 326 327 325 324 323 322 321 336 335 334 333 347 363 364 365 366 367 368 426 381 416 417 425 424 418 422 423 421 420 369 370 371 372 373 374 375 376 377 378 379 380] -> PORT-582 | load_left=42890 load_right=43701 cap=45000
Set parameter Username
Set parameter LicenseID to value 2738882
Academic license - for non-commercial use only - expires 2026-11-14
Set parameter TimeLimit to value 360
Set parameter Seed to value 1195714562
Set parameter Threads to value 4
Set parameter OutputFlag to value 1
Set parameter LogToConsole to value 1
Set parameter LazyConstraints to value 1
Gurobi Optimizer version 13.0.0 build v13.0.0rc1 (linux64 - "Debian GNU/Linux 13 (trixie)")

CPU model: AMD Ryzen 9 5950X 16-Core Processor, instruction set [SSE2|AVX|AVX2]
Thread count: 16 physical cores, 32 logical processors, using up to 4 threads

Non-default parameters:
TimeLimit  360
Seed  1195714562
Threads  4
LazyConstraints  1

Optimize a model with 124570 rows, 363312 columns and 726612 nonzeros (Min)
Model fingerprint: 0xbda0eb02
Model has 120408 linear objective coefficients
Variable types: 242208 continuous, 121104 integer (121104 binary)
Coefficient statistics:
  Matrix range     [1e+00, 4e+04]
  Objective range  [4e-01, 1e+05]
  Bounds range     [1e+00, 4e+04]
  RHS range        [1e+00, 3e+03]
Presolve removed 3818 rows and 123362 columns
Presolve time: 0.84s
Presolved: 120752 rows, 239950 columns, 720116 nonzeros
Variable types: 119368 continuous, 120582 integer (120582 binary)
Root relaxation presolved: 120752 rows, 239950 columns, 720116 nonzeros

Deterministic concurrent LP optimizer: primal simplex, dual simplex, and barrier
Showing barrier log only...

Root barrier log...

Ordering time: 0.07s

Barrier statistics:
 AA' NZ     : 7.220e+05
 Factor NZ  : 1.556e+06 (roughly 160 MB of memory)
 Factor Ops : 8.796e+08 (less than 1 second per iteration)
 Threads    : 2

                  Objective                Residual
Iter       Primal          Dual         Primal    Dual     Compl     Time
   0   2.56402148e+10 -7.56071981e+13  3.12e+05 1.46e-11  2.12e+08     2s
   1   1.22213077e+10 -4.99550988e+13  1.49e+05 2.21e+04  1.21e+08     2s
   2   8.33415378e+09 -2.57906314e+12  1.02e+05 1.16e-09  2.70e+07     2s
   3   4.39789265e+09 -1.25181091e+12  5.35e+04 8.15e-10  1.38e+07     2s
   4   3.50340054e+09 -1.12017675e+12  4.26e+04 1.16e-09  1.12e+07     2s
   5   1.41708519e+09 -8.36626195e+11  1.72e+04 1.06e-09  5.12e+06     2s
   6   6.90571337e+07 -3.74907061e+11  8.11e+02 7.99e-10  7.95e+05     2s
   7   6.45083369e+06 -4.63503283e+10  4.99e+01 7.40e-10  8.49e+04     2s
   8   4.91244743e+06 -2.49307152e+10  3.13e+01 5.15e-10  4.56e+04     2s
   9   4.65029055e+06 -1.89191735e+10  2.82e+01 4.83e-09  3.49e+04     2s
  10   3.14337200e+06 -1.44713471e+10  1.01e+01 4.54e-09  2.52e+04     2s
  11   3.02379521e+06 -9.77713970e+09  8.60e+00 5.92e-09  1.69e+04     2s
  12   2.76109117e+06 -4.60919755e+09  4.98e+00 3.54e-09  7.88e+03     3s
  13   2.67137661e+06 -7.17461503e+08  3.78e+00 3.23e-09  1.23e+03     3s
  14   2.32274801e+06 -9.29218536e+07  2.28e-01 1.99e-09  1.59e+02     3s
  15   1.73945621e+06 -5.72053152e+07  3.67e-02 2.33e-09  9.84e+01     3s
  16   1.15365376e+06 -2.79106906e+07  1.41e-04 1.89e-09  4.85e+01     3s
  17   4.04735221e+05 -8.08425852e+06  1.98e-06 1.61e-09  1.42e+01     3s
  18   5.88620207e+04 -5.22409726e+05  8.07e-08 1.34e-09  9.70e-01     3s
  19   1.78287456e+04 -2.47446031e+05  1.45e-09 2.11e-09  4.43e-01     3s
  20   1.56293560e+04 -1.44536761e+05  2.00e-09 1.92e-09  2.67e-01     3s
  21   1.33755021e+04 -5.04777899e+04  1.17e-10 1.80e-09  1.07e-01     3s
  22   1.19050313e+04 -3.16742583e+04  3.63e-11 1.80e-09  7.27e-02     3s
  23   1.01697486e+04 -1.32246678e+04  2.26e-10 1.91e-09  3.90e-02     3s
  24   6.31716798e+03 -6.19662903e+03  5.49e-10 1.44e-09  2.09e-02     3s
  25   3.47013848e+03 -2.37947252e+03  1.37e-09 2.31e-09  9.76e-03     3s
  26   1.95185957e+03 -6.86345241e+02  3.15e-10 1.43e-09  4.40e-03     4s
  27   1.58661558e+03  2.52985545e+02  3.17e-10 1.91e-09  2.23e-03     4s
  28   1.37395151e+03  9.73271625e+02  5.06e-10 1.70e-09  6.69e-04     4s
  29   1.32103803e+03  1.16291193e+03  2.15e-10 1.75e-09  2.64e-04     4s
  30   1.28742666e+03  1.22942208e+03  1.84e-09 2.08e-09  9.68e-05     4s
  31   1.28412218e+03  1.23638051e+03  1.47e-09 2.33e-09  7.97e-05     4s
  32   1.27670084e+03  1.24544589e+03  5.16e-10 1.67e-09  5.22e-05     4s
  33   1.27413677e+03  1.25277914e+03  2.72e-10 2.47e-09  3.56e-05     4s
  34   1.27265595e+03  1.26155757e+03  1.17e-10 2.11e-09  1.85e-05     4s
  35   1.27116019e+03  1.26844421e+03  8.39e-10 1.56e-09  4.53e-06     4s
  36   1.27079155e+03  1.27022973e+03  1.95e-10 1.81e-09  9.38e-07     4s
  37   1.27076816e+03  1.27038192e+03  1.56e-10 2.59e-09  6.45e-07     5s
  38   1.27075280e+03  1.27039211e+03  1.48e-10 2.40e-09  6.02e-07     5s
  39   1.27073885e+03  1.27056381e+03  2.20e-10 3.12e-09  2.92e-07     5s
  40   1.27064354e+03  1.27061980e+03  2.15e-09 1.55e-09  3.96e-08     5s
  41   1.27063491e+03  1.27062496e+03  7.93e-10 2.27e-09  1.66e-08     5s
  42   1.27063396e+03  1.27062928e+03  4.30e-10 2.06e-09  7.81e-09     5s
  43   1.27063362e+03  1.27063103e+03  1.85e-09 1.78e-09  4.32e-09     5s
  44   1.27063324e+03  1.27063261e+03  1.73e-09 1.59e-09  1.05e-09     5s
  45   1.27063318e+03  1.27063276e+03  1.47e-09 2.47e-09  7.06e-10     5s
  46   1.27063287e+03  1.27063286e+03  7.72e-10 1.47e-09  9.34e-12     5s

Barrier solved model in 46 iterations and 5.41 seconds (7.84 work units)
Optimal objective 1.27063287e+03


Root crossover log...

  118763 DPushes remaining with DInf 1.7450081e-02                 5s
       0 DPushes remaining with DInf 9.4228175e-02                 6s

     385 PPushes remaining with PInf 1.8664259e-04                 6s
       0 PPushes remaining with PInf 0.0000000e+00                 6s

  Push phase complete: Pinf 0.0000000e+00, Dinf 4.2521759e-01      6s


Root simplex log...

Iteration    Objective       Primal Inf.    Dual Inf.      Time
   53188    1.2706329e+03   0.000000e+00   4.252176e-01      6s
   55081    1.2706329e+03   0.000000e+00   0.000000e+00      6s
Crossover time: 0.33 seconds (0.51 work units)
Concurrent spin time: 0.00s

Solved with barrier

Root relaxation: objective 1.270633e+03, 55081 iterations, 4.52 seconds (5.59 work units)

    Nodes    |    Current Node    |     Objective Bounds      |     Work
 Expl Unexpl |  Obj  Depth IntInf | Incumbent    BestBd   Gap | It/Node Time

     0     0 1270.63287    0  520          - 1270.63287      -     -   20s
H    0     0                    1725.3184978 1270.63287  26.4%     -   23s
H    0     0                    1709.8423151 1270.63287  25.7%     -   25s
H    0     0                    1705.2818564 1270.63287  25.5%     -   27s
H    0     0                    1689.7673982 1270.63287  24.8%     -   29s
H    0     0                    1634.1324421 1270.63287  22.2%     -   30s
H    0     0                    1607.2682643 1270.63287  20.9%     -   31s
H    0     0                    1604.7447050 1270.63287  20.8%     -   32s
H    0     0                    1597.5180521 1270.63287  20.5%     -   34s
H    0     0                    1597.5180504 1270.63287  20.5%     -   38s
     0     0 1275.89862    0  627 1597.51805 1275.89862  20.1%     -   63s
H    0     0                    1593.5233902 1275.89862  19.9%     -   66s
H    0     0                    1575.4695189 1275.89862  19.0%     -   68s
H    0     0                    1562.8110084 1275.89862  18.4%     -   76s
H    0     0                    1550.2513167 1275.89862  17.7%     -   93s
     0     0 1275.89989    0  628 1550.25132 1275.89989  17.7%     -  114s
     0     0 1282.91879    0  549 1550.25132 1282.91879  17.2%     -  154s
     0     0 1282.92149    0  548 1550.25132 1282.92149  17.2%     -  154s
     0     0 1282.92177    0  550 1550.25132 1282.92177  17.2%     -  154s
     0     0 1286.81598    0  604 1550.25132 1286.81598  17.0%     -  171s
     0     0 1286.81599    0  604 1550.25132 1286.81599  17.0%     -  172s
     0     0 1288.21586    0  663 1550.25132 1288.21586  16.9%     -  202s
     0     0 1288.47399    0  664 1550.25132 1288.47399  16.9%     -  203s
     0     0 1288.47399    0  665 1550.25132 1288.47399  16.9%     -  203s
     0     0 1289.59728    0  660 1550.25132 1289.59728  16.8%     -  214s
     0     0 1289.59728    0  665 1550.25132 1289.59728  16.8%     -  215s
     0     0 1292.74664    0  636 1550.25132 1292.74664  16.6%     -  233s
     0     0 1292.80347    0  602 1550.25132 1292.80347  16.6%     -  261s
     0     0 1292.80938    0  591 1550.25132 1292.80938  16.6%     -  262s
     0     0 1292.80939    0  602 1550.25132 1292.80939  16.6%     -  263s
     0     0 1293.70043    0  659 1550.25132 1293.70043  16.5%     -  269s
     0     0 1293.70213    0  673 1550.25132 1293.70213  16.5%     -  270s
     0     0 1293.88456    0  611 1550.25132 1293.88456  16.5%     -  276s
H    0     0                    1527.3428704 1293.88456  15.3%     -  278s
H    0     0                    1519.8711157 1293.88456  14.9%     -  279s
     0     0 1293.88847    0  618 1519.87112 1293.88847  14.9%     -  282s
     0     0 1293.88901    0  617 1519.87112 1293.88901  14.9%     -  282s
     0     0 1294.38406    0  618 1519.87112 1294.38406  14.8%     -  304s
     0     0 1294.38409    0  615 1519.87112 1294.38409  14.8%     -  304s
     0     0 1294.54435    0  668 1519.87112 1294.54435  14.8%     -  318s
     0     0 1294.54461    0  664 1519.87112 1294.54461  14.8%     -  318s
     0     0 1294.78209    0  653 1519.87112 1294.78209  14.8%     -  328s
     0     0 1294.78212    0  649 1519.87112 1294.78212  14.8%     -  329s
     0     0 1294.83308    0  662 1519.87112 1294.83308  14.8%     -  353s
H    0     0                    1519.8444581 1294.83308  14.8%     -  354s
     0     0 1294.83308    0  663 1519.84446 1294.83308  14.8%     -  354s
     0     0          -    0      1519.84446 1294.83308  14.8%     -  360s

Cutting planes:
  Cover: 7
  Implied bound: 177
  Clique: 2
  MIR: 46
  Flow cover: 78
  Zero half: 58
  Relax-and-lift: 250
  BQP: 3

Explored 1 nodes (297135 simplex iterations) in 360.01 seconds (993.30 work units)
Thread count was 4 (of 32 available processors)

Solution count 10: 1519.84 1519.87 1527.34 ... 1607.27

Time limit reached
Best objective 1.519844458120e+03, best bound 1.294833075790e+03, gap 14.8049%

User-callback calls 17364, time in user-callback 0.01 sec
Cap boundary opt: PORT-591 stations=172 obj=1519.844 real=1377.541 baseline=1391.118
Set parameter Username
Set parameter LicenseID to value 2738882
Academic license - for non-commercial use only - expires 2026-11-14
Segment 1 eval: start=BOAT-0 end=PORT-588 stations=19 (optimize)
  Segment 1 order: -501 502 -488 -487 -486 -485 -461 460 464 465 474 -473 -475 -478 -476 -115 116 117 -118
Segment 2 eval: start=PORT-588 end=PORT-584 stations=19 (optimize)
  Segment 2 order: 119 -120 121 122 -472 471 -470 -469 -468 -467 -466 -479 481 480 -477 493 -492 -491 -490
Segment 3 eval: start=PORT-584 end=PORT-584 stations=18 (optimize)
  Segment 3 order: 503 450 451 452 453 454 455 456 457 458 459 -463 -484 462 -483 -482 -489 -500
Segment 4 eval: start=PORT-584 end=PORT-593 stations=31 (optimize)
  Segment 4 order: 504 -505 -449 -448 -447 -446 -445 439 -440 441 442 443 444 -506 507 508 509 510 511 514 -513 -512 435 436 437 438 434 -433 -432 -431 -430
Segment 5 eval: start=PORT-593 end=PORT-593 stations=13 (optimize)
  Segment 5 order: 427 517 519 520 521 524 525 578 579 580 -518 428 429
Segment 6 eval: start=PORT-593 end=PORT-591 stations=54 (optimize)
  Segment 6 order: 515 516 522 523 526 -575 -577 527 528 529 530 531 532 -533 -576 -574 -573 -571 -570 -569 572 534 535 -536 537 538 539 544 -540 -543 542 -568 -567 -566 -565 -564 -563 -562 -561 560 -559 -558 -555 284 -283 -282 556 -557 -281 -280 -279 -278 -277 -276
Segment 7 eval: start=PORT-591 end=PORT-582 stations=118 (optimize)
  Segment 7 order: -346 -345 -344 -343 -342 -341 -316 -287 -286 -285 -552 -551 -550 -553 554 -549 -541 545 546 -548 -547 297 298 299 300 301 302 303 304 305 306 -296 295 293 294 307 308 309 311 310 -292 -291 -290 -289 288 312 -313 314 315 317 318 319 320 340 339 321 322 -324 -323 338 -337 -336 -335 -334 -333 347 363 -348 -332 -331 -330 -329 -328 325 -327 326 349 350 351 352 353 -354 355 356 357 358 359 360 361 -362 -364 365 366 367 368 -425 417 -424 422 423 -421 420 -418 -416 381 426 369 370 371 372 373 -374 375 376 377 378 379 380
Segment 8 eval: start=PORT-582 end=PORT-581 stations=52 (optimize)
  Segment 8 order: 57 59 -58 60 -64 65 -63 61 62 -386 -385 -384 -383 -419 -382 414 415 413 -412 -411 410 -408 -409 404 407 -406 -405 -403 -402 387 388 389 390 391 392 393 394 395 401 400 -399 -398 -397 -396 -47 -46 -45 -44 -43 -42 -41 -40
Segment 9 eval: start=PORT-581 end=PORT-583 stations=87 (optimize)
  Segment 9 order: 56 55 -54 -53 -52 -51 -50 -49 -48 -39 -38 -37 66 67 68 69 70 77 -76 71 74 -73 -72 -75 -78 -79 27 29 30 -33 34 35 36 32 31 -28 -26 93 -92 94 91 80 81 82 83 84 85 -86 87 -88 89 -90 95 96 2 1 3 4 -25 -24 -23 -22 -21 20 -19 -18 -17 -16 -15 -14 -13 -12 -11 -10 -5 6 7 8 9 143 -142 -144 145 146 147 148 149
Segment 10 eval: start=PORT-583 end=PORT-583 stations=63 (optimize)
  Segment 10 order: -132 -181 -180 -229 -228 -179 -135 136 137 152 -151 139 -138 -141 -140 150 -158 157 153 154 155 156 -159 160 161 162 163 164 165 166 167 168 169 170 171 172 173 174 175 176 177 182 183 184 185 186 187 188 189 -190 223 224 226 178 227 -231 235 -234 -233 -232 -230 -134 -133
Segment 11 eval: start=PORT-583 end=PORT-588 stations=53 (optimize)
  Segment 11 order: -225 -222 -221 -220 -219 191 -218 192 193 194 195 196 197 198 203 204 -202 199 -200 201 205 206 207 208 209 210 211 212 213 -217 -216 214 215 -237 238 243 244 250 -251 249 -248 -245 247 -246 -242 241 -240 -239 -236 97 98 99 100
Segment 12 eval: start=PORT-588 end=PORT-588 stations=33 (optimize)
  Segment 12 order: 110 -270 -269 -268 264 265 267 266 123 124 125 -126 127 -263 -262 -261 -260 -259 258 128 129 130 131 -256 257 -255 -254 -252 -253 -271 272 273 -109
Segment 13 eval: start=PORT-588 end=BOAT-END stations=20 (optimize)
  Segment 13 order: -107 -106 -105 104 -103 -102 -101 108 274 111 275 -114 494 -113 -112 495 496 497 498 499
Cap boundary debug: PORT-591 -> [346 345 344 343 342 341 340 320 319 318 317 316 315 314 313 287 286 285 552 551 550 553 554 549 541 545 546 547 548 296 297 305 304 303 302 301 300 299 298 306 295 293 294 307 308 309 311 310 292 291 290 289 288 312 321 322 324 323 339 338 337 336 335 334 333 347 332 331 330 329 328 325 327 326 349 350 351 352 353 354 355 356 357 358 426 381 416 417 425 422 423 421 420 418 424 368 367 366 365 364 363 348 362 361 360 359 369 370 371 372 373 374 375 376 377 378 379 380] -> PORT-582 -> [419 415 413 412 411 410 409 408 407 406 405 404 414 382 383 384 403 402 385 386 387 388 389 390 391 62 61 60 58 59 57 64 65 63 392 393 394 395 401 400 399 398 397 396 47 46 45 44 43 42 41 40] -> PORT-581 | load_left=42809 load_right=44851 cap=45000
Set parameter Username
Set parameter LicenseID to value 2738882
Academic license - for non-commercial use only - expires 2026-11-14
Set parameter TimeLimit to value 360
Set parameter Seed to value 680484582
Set parameter Threads to value 4
Set parameter OutputFlag to value 1
Set parameter LogToConsole to value 1
Set parameter LazyConstraints to value 1
Gurobi Optimizer version 13.0.0 build v13.0.0rc1 (linux64 - "Debian GNU/Linux 13 (trixie)")

CPU model: AMD Ryzen 9 5950X 16-Core Processor, instruction set [SSE2|AVX|AVX2]
Thread count: 16 physical cores, 32 logical processors, using up to 4 threads

Non-default parameters:
TimeLimit  360
Seed  680484582
Threads  4
LazyConstraints  1

Optimize a model with 121762 rows, 355008 columns and 710004 nonzeros (Min)
Model fingerprint: 0xf106f998
Model has 117648 linear objective coefficients
Variable types: 236672 continuous, 118336 integer (118336 binary)
Coefficient statistics:
  Matrix range     [1e+00, 4e+04]
  Objective range  [4e-01, 1e+05]
  Bounds range     [1e+00, 4e+04]
  RHS range        [1e+00, 1e+04]
Presolve removed 3774 rows and 120568 columns
Presolve time: 0.83s
Presolved: 117988 rows, 234440 columns, 703597 nonzeros
Variable types: 116620 continuous, 117820 integer (117820 binary)
Root relaxation presolved: 117988 rows, 234440 columns, 703597 nonzeros

Deterministic concurrent LP optimizer: primal simplex, dual simplex, and barrier
Showing barrier log only...

Root barrier log...

Ordering time: 0.07s

Barrier statistics:
 AA' NZ     : 7.055e+05
 Factor NZ  : 1.519e+06 (roughly 160 MB of memory)
 Factor Ops : 8.460e+08 (less than 1 second per iteration)
 Threads    : 2

                  Objective                Residual
Iter       Primal          Dual         Primal    Dual     Compl     Time
   0   2.96194501e+10 -6.29858540e+13  3.05e+05 4.10e+04  1.80e+08     2s
   1   1.39807241e+10 -4.29390289e+13  1.44e+05 2.38e+04  1.05e+08     2s
   2   9.92922434e+09 -2.41981865e+12  1.02e+05 7.10e-09  2.36e+07     2s
   3   3.66057318e+09 -8.43900855e+11  3.76e+04 4.03e-09  8.40e+06     2s
   4   1.42327054e+09 -5.53606515e+11  1.46e+04 5.18e-09  3.61e+06     2s
   5   1.87231840e+08 -3.43287776e+11  1.90e+03 5.31e-09  9.23e+05     2s
   6   8.41081865e+06 -1.26784672e+11  5.69e+01 3.98e-09  2.25e+05     2s
   7   3.98412916e+06 -2.11046388e+10  1.14e+01 3.93e-09  3.71e+04     2s
   8   3.72183251e+06 -1.68592081e+10  8.85e+00 4.63e-09  2.96e+04     2s
   9   3.64160334e+06 -1.28719839e+10  7.95e+00 5.01e-09  2.27e+04     2s
  10   3.36862732e+06 -1.05840254e+10  5.02e+00 5.51e-09  1.84e+04     2s
  11   3.26505754e+06 -6.03255029e+09  3.91e+00 5.33e-09  1.05e+04     3s
  12   3.09520220e+06 -1.38926068e+09  2.18e+00 4.86e-09  2.40e+03     3s
  13   2.79067961e+06 -1.14853401e+08  6.61e-02 4.25e-09  2.01e+02     3s
  14   2.18661403e+06 -3.75474306e+07  8.27e-03 4.05e-09  6.79e+01     3s
  15   1.39992703e+06 -3.41299104e+07  1.33e-03 6.14e-09  6.07e+01     3s
  16   4.93612531e+05 -1.44949046e+07  1.16e-04 3.70e-09  2.56e+01     3s
  17   8.06353941e+04 -5.48939348e+05  7.34e-09 3.13e-09  1.08e+00     3s
  18   2.55703218e+04 -8.46757535e+04  1.83e-10 2.99e-09  1.88e-01     3s
  19   1.74227420e+04 -5.87157612e+04  5.86e-11 4.10e-09  1.30e-01     3s
  20   1.10495719e+04 -1.99242456e+04  7.44e-11 3.14e-09  5.29e-02     3s
  21   7.40377016e+03 -1.32482141e+04  5.71e-11 4.52e-09  3.53e-02     3s
  22   6.28113148e+03 -6.47265835e+03  4.59e-11 5.37e-09  2.18e-02     3s
  23   4.39442188e+03 -4.60297434e+03  5.87e-11 5.47e-09  1.54e-02     3s
  24   2.44699293e+03 -2.16846992e+03  2.19e-10 5.55e-09  7.88e-03     4s
  25   1.50781762e+03 -2.60092639e+02  4.08e-10 4.02e-09  3.02e-03     4s
  26   1.26792183e+03  5.54340998e+02  3.75e-10 4.66e-09  1.22e-03     4s
  27   1.21130890e+03  9.33122956e+02  6.25e-10 3.79e-09  4.75e-04     4s
  28   1.18994481e+03  1.05059125e+03  2.37e-10 2.16e-09  2.38e-04     4s
  29   1.17346548e+03  1.13121270e+03  1.79e-09 1.62e-09  7.22e-05     4s
  30   1.16816882e+03  1.15249884e+03  3.66e-10 1.02e-09  2.68e-05     4s
  31   1.16683966e+03  1.16257353e+03  7.50e-11 1.92e-09  7.29e-06     4s
  32   1.16659853e+03  1.16488608e+03  4.79e-11 2.53e-09  2.92e-06     4s
  33   1.16623307e+03  1.16600793e+03  2.42e-09 3.76e-09  3.85e-07     4s
  34   1.16618927e+03  1.16616614e+03  1.68e-10 2.36e-09  3.95e-08     4s
  35   1.16618056e+03  1.16617768e+03  3.51e-09 1.85e-09  4.92e-09     4s
  36   1.16618002e+03  1.16617975e+03  2.37e-08 2.53e-09  4.55e-10     5s
  37   1.16618000e+03  1.16617997e+03  4.55e-08 1.79e-09  5.45e-11     5s
  38   1.16617999e+03  1.16617998e+03  1.48e-09 3.46e-09  4.64e-12     5s

Barrier solved model in 38 iterations and 4.70 seconds (6.69 work units)
Optimal objective 1.16617999e+03

Crossover time: 0.26 seconds (0.42 work units)
Concurrent spin time: 0.00s

Solved with barrier

Root relaxation: objective 1.166180e+03, 46621 iterations, 3.72 seconds (4.36 work units)

    Nodes    |    Current Node    |     Objective Bounds      |     Work
 Expl Unexpl |  Obj  Depth IntInf | Incumbent    BestBd   Gap | It/Node Time

     0     0 1166.17999    0  610          - 1166.17999      -     -   15s
H    0     0                    3015.0182055 1166.17999  61.3%     -   19s
     0     0 1166.17999    0  610 3015.01821 1166.17999  61.3%     -   21s
H    0     0                    2821.4367375 1166.17999  58.7%     -   28s
H    0     0                    2110.7213261 1166.17999  44.7%     -   29s
H    0     0                    2110.3420156 1166.17999  44.7%     -   29s
H    0     0                    2044.6500263 1166.17999  43.0%     -   32s
     0     0 1166.17999    0  610 2044.65003 1166.17999  43.0%     -   46s
     0     0 1172.28369    0  578 2044.65003 1172.28369  42.7%     -   99s
H    0     0                    2035.3040589 1172.33129  42.4%     -  102s
H    0     0                    1992.5215835 1172.33129  41.2%     -  104s
H    0     0                    1971.3746803 1172.33129  40.5%     -  105s
H    0     0                    1953.0130823 1172.33129  40.0%     -  107s
H    0     0                    1939.6622475 1172.33129  39.6%     -  112s
H    0     0                    1926.4410843 1172.33129  39.1%     -  112s
H    0     0                    1924.7283259 1172.33129  39.1%     -  113s
H    0     0                    1921.6477423 1172.33129  39.0%     -  113s
H    0     0                    1921.4736769 1172.33129  39.0%     -  120s
H    0     0                    1914.0850508 1172.33129  38.8%     -  122s
H    0     0                    1914.0639748 1172.33129  38.8%     -  127s
H    0     0                    1911.2439063 1172.33129  38.7%     -  127s
H    0     0                    1899.8649805 1172.33129  38.3%     -  128s
H    0     0                    1899.8649800 1172.33129  38.3%     -  130s
H    0     0                    1898.2279353 1172.33129  38.2%     -  130s
     0     0 1172.33129    0  578 1898.22794 1172.33129  38.2%     -  131s
     0     0 1174.16003    0  661 1898.22794 1174.16003  38.1%     -  168s
H    0     0                    1828.9406313 1174.17526  35.8%     -  171s
H    0     0                    1724.0469632 1174.17526  31.9%     -  173s
H    0     0                    1717.5450789 1174.17526  31.6%     -  175s
H    0     0                    1699.8377497 1174.17526  30.9%     -  175s
H    0     0                    1696.8288508 1174.17526  30.8%     -  177s
H    0     0                    1695.9813666 1174.17526  30.8%     -  177s
H    0     0                    1694.9740576 1174.17526  30.7%     -  178s
H    0     0                    1685.8796512 1174.17526  30.4%     -  178s
H    0     0                    1680.0059454 1174.17526  30.1%     -  178s
     0     0 1174.17526    0  661 1680.00595 1174.17526  30.1%     -  186s
H    0     0                    1596.4514071 1174.17526  26.5%     -  188s
     0     0 1174.17526    0  661 1596.45141 1174.17526  26.5%     -  194s
     0     0 1174.17526    0  661 1596.45141 1174.17526  26.5%     -  202s
     0     0 1174.17526    0  661 1596.45141 1174.17526  26.5%     -  210s
     0     0 1174.17526    0  661 1596.45141 1174.17526  26.5%     -  220s
     0     0 1175.28131    0  664 1596.45141 1175.28131  26.4%     -  220s
     0     0 1175.28131    0  666 1596.45141 1175.28131  26.4%     -  220s
     0     0 1181.44145    0  687 1596.45141 1181.44145  26.0%     -  259s
     0     0 1181.44145    0  649 1596.45141 1181.44145  26.0%     -  273s
H    0     0                    1580.7012628 1181.44145  25.3%     -  274s
     0     0 1181.44145    0  649 1580.70126 1181.44145  25.3%     -  281s
H    0     0                    1531.3566783 1181.44145  22.9%     -  283s
     0     0 1181.44145    0  649 1531.35668 1181.44145  22.9%     -  290s
H    0     0                    1504.8694957 1181.44145  21.5%     -  292s
H    0     0                    1474.2431229 1181.44145  19.9%     -  292s
H    0     0                    1459.6450198 1181.44145  19.1%     -  295s
H    0     0                    1457.0721619 1181.44145  18.9%     -  296s
H    0     0                    1454.2689328 1181.44145  18.8%     -  296s
H    0     0                    1454.1569831 1181.44145  18.8%     -  296s
     0     0 1181.44145    0  555 1454.15698 1181.44145  18.8%     -  347s
     0     0          -    0      1454.15698 1181.44145  18.8%     -  360s

Cutting planes:
  Gomory: 1
  Implied bound: 48
  Clique: 1
  MIR: 16
  Flow cover: 39
  Zero half: 33
  Relax-and-lift: 84
  BQP: 1
  Lazy constraints: 3

Explored 1 nodes (406740 simplex iterations) in 360.01 seconds (1000.17 work units)
Thread count was 4 (of 32 available processors)

Solution count 10: 1454.16 1454.27 1457.07 ... 1680.01

Time limit reached
Best objective 1.454156983057e+03, best bound 1.181441452758e+03, gap 18.7542%

User-callback calls 34850, time in user-callback 0.05 sec
Cap boundary reject: PORT-582 real=1424.465 baseline=1379.552
Set parameter Username
Set parameter LicenseID to value 2738882
Academic license - for non-commercial use only - expires 2026-11-14
Segment 1 eval: start=BOAT-0 end=PORT-588 stations=19 (optimize)
  Segment 1 order: -501 502 -488 -487 -486 -485 -461 460 464 465 474 -473 -475 -478 -476 -115 116 117 -118
Segment 2 eval: start=PORT-588 end=PORT-584 stations=19 (optimize)
  Segment 2 order: 119 -120 121 122 -472 471 -470 -469 -468 -467 -466 -479 481 480 -477 493 -492 -491 -490
Segment 3 eval: start=PORT-584 end=PORT-584 stations=18 (optimize)
  Segment 3 order: 503 450 451 452 453 454 455 456 457 458 459 -463 -484 462 -483 -482 -489 -500
Segment 4 eval: start=PORT-584 end=PORT-593 stations=31 (optimize)
  Segment 4 order: 504 -505 -449 -448 -447 -446 -445 439 -440 441 442 443 444 -506 507 508 509 510 511 514 -513 -512 435 436 437 438 434 -433 -432 -431 -430
Segment 5 eval: start=PORT-593 end=PORT-593 stations=13 (optimize)
  Segment 5 order: 427 517 519 520 521 524 525 578 579 580 -518 428 429
Segment 6 eval: start=PORT-593 end=PORT-591 stations=54 (optimize)
  Segment 6 order: 515 516 522 523 526 -575 -577 527 528 529 530 531 532 -533 -576 -574 -573 -571 -570 -569 572 534 535 -536 537 538 539 544 -540 -543 542 -568 -567 -566 -565 -564 -563 -562 -561 560 -559 -558 -555 284 -283 -282 556 -557 -281 -280 -279 -278 -277 -276
Segment 7 eval: start=PORT-591 end=PORT-582 stations=118 (optimize)
  Segment 7 order: -346 -345 -344 -343 -342 -341 -316 -287 -286 -285 -552 -551 -550 -553 554 -549 -541 545 546 -548 -547 297 298 299 300 301 302 303 304 305 306 -296 295 293 294 307 308 309 311 310 -292 -291 -290 -289 288 312 -313 314 315 317 318 319 320 340 339 321 322 -324 -323 338 -337 -336 -335 -334 -333 347 363 -348 -332 -331 -330 -329 -328 325 -327 326 349 350 351 352 353 -354 355 356 357 358 359 360 361 -362 -364 365 366 367 368 -425 417 -424 422 423 -421 420 -418 -416 381 426 369 370 371 372 373 -374 375 376 377 378 379 380
Segment 8 eval: start=PORT-582 end=PORT-581 stations=52 (optimize)
  Segment 8 order: 57 59 -58 60 -64 65 -63 61 62 -386 -385 -384 -383 -419 -382 414 415 413 -412 -411 410 -408 -409 404 407 -406 -405 -403 -402 387 388 389 390 391 392 393 394 395 401 400 -399 -398 -397 -396 -47 -46 -45 -44 -43 -42 -41 -40
Segment 9 eval: start=PORT-581 end=PORT-583 stations=87 (optimize)
  Segment 9 order: 56 55 -54 -53 -52 -51 -50 -49 -48 -39 -38 -37 66 67 68 69 70 77 -76 71 74 -73 -72 -75 -78 -79 27 29 30 -33 34 35 36 32 31 -28 -26 93 -92 94 91 80 81 82 83 84 85 -86 87 -88 89 -90 95 96 2 1 3 4 -25 -24 -23 -22 -21 20 -19 -18 -17 -16 -15 -14 -13 -12 -11 -10 -5 6 7 8 9 143 -142 -144 145 146 147 148 149
Segment 10 eval: start=PORT-583 end=PORT-583 stations=63 (optimize)
  Segment 10 order: -132 -181 -180 -229 -228 -179 -135 136 137 152 -151 139 -138 -141 -140 150 -158 157 153 154 155 156 -159 160 161 162 163 164 165 166 167 168 169 170 171 172 173 174 175 176 177 182 183 184 185 186 187 188 189 -190 223 224 226 178 227 -231 235 -234 -233 -232 -230 -134 -133
Segment 11 eval: start=PORT-583 end=PORT-588 stations=53 (optimize)
  Segment 11 order: -225 -222 -221 -220 -219 191 -218 192 193 194 195 196 197 198 203 204 -202 199 -200 201 205 206 207 208 209 210 211 212 213 -217 -216 214 215 -237 238 243 244 250 -251 249 -248 -245 247 -246 -242 241 -240 -239 -236 97 98 99 100
Segment 12 eval: start=PORT-588 end=PORT-588 stations=33 (optimize)
  Segment 12 order: 110 -270 -269 -268 264 265 267 266 123 124 125 -126 127 -263 -262 -261 -260 -259 258 128 129 130 131 -256 257 -255 -254 -252 -253 -271 272 273 -109
Segment 13 eval: start=PORT-588 end=BOAT-END stations=20 (optimize)
  Segment 13 order: -107 -106 -105 104 -103 -102 -101 108 274 111 275 -114 494 -113 -112 495 496 497 498 499
PROGRESS pass=4 changed=1 total=4500.298 best=4500.298 nseg=13 stall=0 mut=0/3
Capacity boundary sweep pass 5
Cap boundary debug: PORT-593 -> [429 428 518 580 579 578 525 524 521 520 519 517 427] -> PORT-593 -> [515 516 522 523 526 527 528 529 530 531 532 533 572 569 570 571 573 574 576 577 575 534 535 536 537 538 539 544 540 543 542 568 567 566 565 564 563 562 561 560 559 558 555 284 283 282 556 557 281 280 279 278 277 276] -> PORT-591 | load_left=44191 load_right=43782 cap=45000
Set parameter Username
Set parameter LicenseID to value 2738882
Academic license - for non-commercial use only - expires 2026-11-14
Set parameter TimeLimit to value 360
Set parameter Seed to value 2000000000
Set parameter Threads to value 4
Set parameter OutputFlag to value 1
Set parameter LogToConsole to value 1
Set parameter LazyConstraints to value 1
Gurobi Optimizer version 13.0.0 build v13.0.0rc1 (linux64 - "Debian GNU/Linux 13 (trixie)")

CPU model: AMD Ryzen 9 5950X 16-Core Processor, instruction set [SSE2|AVX|AVX2]
Thread count: 16 physical cores, 32 logical processors, using up to 4 threads

Non-default parameters:
TimeLimit  360
Seed  2000000000
Threads  4
LazyConstraints  1

Optimize a model with 20410 rows, 57132 columns and 114252 nonzeros (Min)
Model fingerprint: 0x18a48a7a
Model has 18768 linear objective coefficients
Variable types: 38088 continuous, 19044 integer (19044 binary)
Coefficient statistics:
  Matrix range     [1e+00, 4e+04]
  Objective range  [5e-05, 1e+05]
  Bounds range     [1e+00, 4e+04]
  RHS range        [1e+00, 1e+04]
Presolve removed 1508 rows and 19937 columns
Presolve time: 0.17s
Presolved: 18902 rows, 37195 columns, 111354 nonzeros
Variable types: 18358 continuous, 18837 integer (18837 binary)
Root relaxation presolved: 18902 rows, 37195 columns, 111354 nonzeros

Deterministic concurrent LP optimizer: primal and dual simplex
Showing primal log only...

Concurrent spin time: 0.00s

Solved with primal simplex

Root relaxation: objective 4.924845e+02, 35114 iterations, 1.01 seconds (2.01 work units)

    Nodes    |    Current Node    |     Objective Bounds      |     Work
 Expl Unexpl |  Obj  Depth IntInf | Incumbent    BestBd   Gap | It/Node Time

     0     0  492.48450    0  240          -  492.48450      -     -    1s
H    0     0                    101084.28001  492.48450   100%     -    5s
H    0     0                     827.7123881  492.48450  40.5%     -    5s
H    0     0                     826.4219849  492.48450  40.4%     -    7s
     0     0  492.48450    0  235  826.42198  492.48450  40.4%     -    8s
     0     0  496.80469    0  263  826.42198  496.80469  39.9%     -   10s
H    0     0                     814.3551171  497.03297  39.0%     -   10s
H    0     0                     812.1122406  497.03297  38.8%     -   10s
H    0     0                     803.1707419  497.03297  38.1%     -   10s
H    0     0                     792.6082471  497.03297  37.3%     -   11s
H    0     0                     765.3628530  497.03297  35.1%     -   11s
H    0     0                     765.1042986  497.03297  35.0%     -   11s
H    0     0                     762.3448312  497.03297  34.8%     -   11s
H    0     0                     590.8592090  497.03297  15.9%     -   11s
H    0     0                     590.7457611  497.03297  15.9%     -   11s
H    0     0                     590.0626671  497.03297  15.8%     -   12s
H    0     0                     581.9611930  497.03297  14.6%     -   14s
H    0     0                     578.9949028  497.03297  14.2%     -   14s
H    0     0                     568.5730301  497.03297  12.6%     -   14s
     0     0  497.03297    0  263  568.57303  497.03297  12.6%     -   15s
     0     0  497.03297    0  265  568.57303  497.03297  12.6%     -   17s
     0     0  504.44627    0  300  568.57303  504.44627  11.3%     -   18s
     0     0  504.44627    0  223  568.57303  504.44627  11.3%     -   21s
     0     0  504.44627    0  270  568.57303  504.44627  11.3%     -   22s
H    0     0                     568.5078184  504.44627  11.3%     -   23s
     0     0  504.61270    0  306  568.50782  504.61270  11.2%     -   23s
     0     0  504.62743    0  307  568.50782  504.62743  11.2%     -   23s
     0     0  504.65375    0  306  568.50782  504.65375  11.2%     -   23s
     0     0  505.11701    0  305  568.50782  505.11701  11.2%     -   23s
     0     0  505.11701    0  305  568.50782  505.11701  11.2%     -   23s
     0     0  506.55850    0  310  568.50782  506.55850  10.9%     -   24s
     0     0  506.57495    0  308  568.50782  506.57495  10.9%     -   24s
     0     0  506.58116    0  317  568.50782  506.58116  10.9%     -   24s
     0     0  506.58170    0  319  568.50782  506.58170  10.9%     -   24s
     0     0  511.26015    0  302  568.50782  511.26015  10.1%     -   25s
     0     0  511.59843    0  308  568.50782  511.59843  10.0%     -   25s
     0     0  511.63183    0  308  568.50782  511.63183  10.0%     -   25s
     0     0  511.63183    0  309  568.50782  511.63183  10.0%     -   25s
     0     0  512.31278    0  330  568.50782  512.31278  9.88%     -   26s
     0     0  512.46054    0  335  568.50782  512.46054  9.86%     -   26s
     0     0  512.46054    0  337  568.50782  512.46054  9.86%     -   26s
     0     0  513.17128    0  312  568.50782  513.17128  9.73%     -   26s
     0     0  513.30202    0  302  568.50782  513.30202  9.71%     -   27s
     0     0  513.30880    0  308  568.50782  513.30880  9.71%     -   27s
     0     0  514.70601    0  310  568.50782  514.70601  9.46%     -   27s
     0     0  514.73176    0  304  568.50782  514.73176  9.46%     -   27s
     0     0  514.73258    0  306  568.50782  514.73258  9.46%     -   27s
     0     0  516.06585    0  300  568.50782  516.06585  9.22%     -   27s
     0     0  516.09717    0  295  568.50782  516.09717  9.22%     -   27s
     0     0  516.09730    0  298  568.50782  516.09730  9.22%     -   27s
     0     0  516.33528    0  306  568.50782  516.33528  9.18%     -   28s
     0     0  516.39549    0  315  568.50782  516.39549  9.17%     -   28s
     0     0  516.39954    0  317  568.50782  516.39954  9.17%     -   28s
     0     0  516.52901    0  304  568.50782  516.52901  9.14%     -   28s
     0     0  516.55224    0  314  568.50782  516.55224  9.14%     -   28s
     0     0  516.55264    0  311  568.50782  516.55264  9.14%     -   28s
     0     0  516.79961    0  322  568.50782  516.79961  9.10%     -   28s
     0     0  516.82327    0  319  568.50782  516.82327  9.09%     -   28s
     0     0  516.83097    0  315  568.50782  516.83097  9.09%     -   29s
     0     0  516.83648    0  316  568.50782  516.83648  9.09%     -   29s
     0     0  516.84002    0  318  568.50782  516.84002  9.09%     -   29s
     0     0  517.81307    0  304  568.50782  517.81307  8.92%     -   29s
     0     0  517.83334    0  310  568.50782  517.83334  8.91%     -   29s
     0     0  517.86525    0  311  568.50782  517.86525  8.91%     -   29s
     0     0  517.87674    0  313  568.50782  517.87674  8.91%     -   29s
     0     0  517.88365    0  313  568.50782  517.88365  8.90%     -   29s
     0     0  517.88563    0  314  568.50782  517.88563  8.90%     -   29s
     0     0  518.02521    0  306  568.50782  518.02521  8.88%     -   30s
     0     0  518.04400    0  314  568.50782  518.04400  8.88%     -   30s
     0     0  518.05280    0  315  568.50782  518.05280  8.87%     -   30s
     0     0  518.05322    0  317  568.50782  518.05322  8.87%     -   30s
     0     0  518.05725    0  313  568.50782  518.05725  8.87%     -   30s
     0     0  518.06154    0  321  568.50782  518.06154  8.87%     -   30s
     0     0  518.09620    0  314  568.50782  518.09620  8.87%     -   31s
     0     0  518.09697    0  314  568.50782  518.09697  8.87%     -   31s
     0     0  518.09697    0  311  568.50782  518.09697  8.87%     -   31s
     0     0  519.81390    0  226  568.50782  519.81390  8.57%     -   33s
     0     0  519.81390    0  263  568.50782  519.81390  8.57%     -   35s
     0     0  519.81390    0  289  568.50782  519.81390  8.57%     -   35s
     0     0  519.81390    0  291  568.50782  519.81390  8.57%     -   35s
     0     0  519.81390    0  308  568.50782  519.81390  8.57%     -   35s
     0     0  519.81390    0  303  568.50782  519.81390  8.57%     -   35s
     0     0  519.81390    0  305  568.50782  519.81390  8.57%     -   35s
     0     0  519.81390    0  307  568.50782  519.81390  8.57%     -   35s
     0     0  519.81390    0  305  568.50782  519.81390  8.57%     -   35s
     0     0  519.81390    0  305  568.50782  519.81390  8.57%     -   35s
     0     0  519.81390    0  311  568.50782  519.81390  8.57%     -   36s
     0     0  519.81390    0  311  568.50782  519.81390  8.57%     -   36s
     0     0  519.81390    0  312  568.50782  519.81390  8.57%     -   36s
     0     0  519.81390    0  312  568.50782  519.81390  8.57%     -   36s
     0     0  519.81390    0  314  568.50782  519.81390  8.57%     -   36s
     0     0  519.81390    0  312  568.50782  519.81390  8.57%     -   36s
     0     0  519.81390    0  311  568.50782  519.81390  8.57%     -   36s
     0     0  519.81390    0  311  568.50782  519.81390  8.57%     -   36s
     0     0  519.81390    0  311  568.50782  519.81390  8.57%     -   36s
     0     0  519.81390    0  322  568.50782  519.81390  8.57%     -   37s
     0     0  519.81390    0  307  568.50782  519.81390  8.57%     -   37s
     0     0  519.81390    0  320  568.50782  519.81390  8.57%     -   37s
     0     0  519.81390    0  323  568.50782  519.81390  8.57%     -   37s
     0     0  519.81390    0  318  568.50782  519.81390  8.57%     -   37s
     0     0  519.81390    0  317  568.50782  519.81390  8.57%     -   38s
     0     0  519.81390    0  323  568.50782  519.81390  8.57%     -   38s
     0     0  519.81390    0  322  568.50782  519.81390  8.57%     -   38s
     0     0  519.81390    0  316  568.50782  519.81390  8.57%     -   38s
     0     0  519.81390    0  322  568.50782  519.81390  8.57%     -   38s
     0     0  519.81390    0  317  568.50782  519.81390  8.57%     -   38s
     0     0  519.81390    0  322  568.50782  519.81390  8.57%     -   38s
     0     0  519.81390    0  315  568.50782  519.81390  8.57%     -   39s
     0     0  519.81390    0  311  568.50782  519.81390  8.57%     -   39s
     0     0  519.81390    0  312  568.50782  519.81390  8.57%     -   39s
     0     0  519.81390    0  312  568.50782  519.81390  8.57%     -   39s
     0     0  519.81390    0  312  568.50782  519.81390  8.57%     -   39s
     0     0  519.81390    0  304  568.50782  519.81390  8.57%     -   39s
     0     2  521.66785    0  304  568.50782  521.66785  8.24%     -   39s
     1     5  521.66785    1  187  568.50782  521.66785  8.24%   957   40s
   330   363  536.66102   75   83  568.50782  521.66785  8.24%   181   45s
  1144  1030  528.64097   41  300  568.50782  521.66785  8.24%   131   51s
  1159  1040  565.13471  142  325  568.50782  521.66785  8.24%   130   55s
  1190  1061  559.99247  165  320  568.50782  528.59506  7.02%   126   60s
  1224  1083  552.58577    8  359  568.50782  531.26882  6.55%   123   65s
  1248  1099  560.87214   53  342  568.50782  532.15209  6.39%   120   70s
  1280  1121  545.92768  103  359  568.50782  532.76493  6.29%   117   75s
  1314  1143  548.37367   45  351  568.50782  534.27691  6.02%   114   80s
H 1323  1093                     568.5078140  534.57132  5.97%   171   81s
  1340  1104  539.26113   69  340  568.50781  534.58791  5.97%   169   85s
H 1363  1062                     568.5078139  535.36271  5.83%   166   88s
  1375  1070  545.92768  103  349  568.50781  535.43666  5.82%   164   91s
  1461  1134  539.15036   35  116  568.50781  535.49944  5.81%   206   95s
  1731  1199  544.63321   26  129  568.50781  535.68345  5.77%   198  100s
  2554  1496  550.17085   69  123  568.50781  536.03249  5.71%   177  105s
  3637  1743  562.90219   64  100  568.50781  536.56881  5.62%   163  110s
  4764  2246  539.70068   42  139  568.50781  536.75971  5.58%   152  115s
  5329  2546  565.54469   54  112  568.50781  536.96747  5.55%   149  120s
  6237  3205  562.03002   59   89  568.50781  537.27615  5.49%   144  125s
  7288  3830  542.75979   30  109  568.50781  537.71818  5.42%   144  130s
  8259  4439  542.18916   39  142  568.50781  538.21227  5.33%   149  135s
  9717  5355  544.15397   37  123  568.50781  538.82239  5.22%   151  140s
 10921  5925  568.10210   39  140  568.50781  539.33500  5.13%   155  146s
 12345  6707  565.07877   36  121  568.50781  539.86559  5.04%   154  151s
 13449  7261  546.00949   43  100  568.50781  540.20559  4.98%   154  155s
 14677  7852  560.22457   86  114  568.50781  540.60439  4.91%   155  161s
 15726  8378  547.70589   43  123  568.50781  540.97673  4.84%   155  165s
 16919  8732  562.54199   53  138  568.50781  541.28760  4.79%   156  171s
 17216  9164  557.42350   45  121  568.50781  541.36026  4.78%   156  175s
 18953 10006  560.76189   42  101  568.50781  541.66672  4.72%   156  181s
 20724 10720  546.54448   41  100  568.50781  542.19712  4.63%   155  186s
 22179 11245  558.66469   55   87  568.50781  542.56176  4.56%   156  191s
 23878 11831  560.04432   33   82  568.50781  543.22838  4.45%   155  196s
 24947 12165  551.10577   45  123  568.50781  543.56532  4.39%   156  200s
 26568 12642  563.80731   37  122  568.50781  543.97708  4.31%   156  205s
 28292 13116  551.35137   41  116  568.50781  544.60051  4.21%   158  211s
 29685 13488  562.67678   35   95  568.50781  545.08865  4.12%   158  216s
 31034 13961  556.92206   41  115  568.50781  545.50179  4.05%   159  221s
 32505 14360  554.34402   44  111  568.50781  546.01685  3.96%   160  226s
 33751 14679  553.01150   42  116  568.50781  546.31414  3.90%   160  231s
 35202 15079  565.69742   41   76  568.50781  546.69362  3.84%   161  235s
 36699 15582  561.17033   45  120  568.50781  547.14072  3.76%   161  240s
 38209 15659  556.08031   40   99  568.50781  547.64337  3.67%   161  245s
 39310 15699  561.42080   41   87  568.50781  548.20992  3.57%   162  250s
 40768 15771  565.69589   54   68  568.50781  548.89058  3.45%   164  256s
 41891 15821     cutoff   39       568.50781  549.36525  3.37%   165  260s
 43009 15766  563.47628   40  125  568.50781  550.01982  3.25%   167  266s
 44386 15796     cutoff   38       568.50781  550.64253  3.14%   169  271s
 44910 15660     cutoff   37       568.50781  550.90411  3.10%   170  275s
 45719 15435     cutoff   49       568.50781  551.44380  3.00%   174  280s
 46546 15246     cutoff   46       568.50781  552.03369  2.90%   178  285s
 47380 15038  567.39737   36   65  568.50781  552.54219  2.81%   181  290s
 48257 14838  568.25293   60  127  568.50781  553.13124  2.70%   184  295s
 49143 14639     cutoff   68       568.50781  553.57886  2.63%   187  300s
 50062 14396     cutoff   45       568.50781  554.10283  2.53%   190  305s
 51042 14159  566.55465   46  110  568.50781  554.58325  2.45%   192  310s
 52022 13975     cutoff   39       568.50781  555.05407  2.37%   193  315s
 53060 13841  565.95650   34  119  568.50781  555.49683  2.29%   195  320s
 53994 13621     cutoff   53       568.50781  555.89814  2.22%   196  325s
 55473 13217  560.25427   33   94  568.50781  556.52430  2.11%   198  331s
 56396 12940  565.37763   34   90  568.50781  556.80769  2.06%   199  336s
 57482 12631  565.58465   54  104  568.50781  557.31589  1.97%   200  340s
 58354 12330     cutoff   36       568.50781  557.72112  1.90%   202  345s
 59982 12030  565.17443   47  105  568.50781  558.28329  1.80%   203  351s
 60919 11740     cutoff   43       568.50781  558.65900  1.73%   204  355s

Cutting planes:
  Gomory: 10
  Cover: 7
  Implied bound: 179
  Projected implied bound: 9
  Clique: 1
  MIR: 199
  Mixing: 1
  Flow cover: 199
  GUB cover: 2
  Inf proof: 16
  Zero half: 21
  RLT: 8
  Relax-and-lift: 28
  BQP: 1

Explored 62416 nodes (12965452 simplex iterations) in 360.00 seconds (1236.87 work units)
Thread count was 4 (of 32 available processors)

Solution count 10: 568.508 568.573 578.995 ... 765.363

Time limit reached
Best objective 5.685078139405e+02, best bound 5.592456705419e+02, gap 1.6292%

User-callback calls 170477, time in user-callback 0.01 sec
Cap boundary reject: PORT-593 real=568.508 baseline=568.508
Cap boundary debug: PORT-593 -> [515 516 522 523 526 527 528 529 530 531 532 533 572 569 570 571 573 574 576 577 575 534 535 536 537 538 539 544 540 543 542 568 567 566 565 564 563 562 561 560 559 558 555 284 283 282 556 557 281 280 279 278 277 276] -> PORT-591 -> [346 345 344 343 342 341 340 320 319 318 317 316 315 314 313 287 286 285 552 551 550 553 554 549 541 545 546 547 548 296 297 305 304 303 302 301 300 299 298 306 295 293 294 307 308 309 311 310 292 291 290 289 288 312 321 322 324 323 339 338 337 336 335 334 333 347 332 331 330 329 328 325 327 326 349 350 351 352 353 354 355 356 357 358 426 381 416 417 425 422 423 421 420 418 424 368 367 366 365 364 363 348 362 361 360 359 369 370 371 372 373 374 375 376 377 378 379 380] -> PORT-582 | load_left=43782 load_right=42809 cap=45000
Set parameter Username
Set parameter LicenseID to value 2738882
Academic license - for non-commercial use only - expires 2026-11-14
Set parameter TimeLimit to value 360
Set parameter Seed to value 1203820621
Set parameter Threads to value 4
Set parameter OutputFlag to value 1
Set parameter LogToConsole to value 1
Set parameter LazyConstraints to value 1
Gurobi Optimizer version 13.0.0 build v13.0.0rc1 (linux64 - "Debian GNU/Linux 13 (trixie)")

CPU model: AMD Ryzen 9 5950X 16-Core Processor, instruction set [SSE2|AVX|AVX2]
Thread count: 16 physical cores, 32 logical processors, using up to 4 threads

Non-default parameters:
TimeLimit  360
Seed  1203820621
Threads  4
LazyConstraints  1

Optimize a model with 124570 rows, 363312 columns and 726612 nonzeros (Min)
Model fingerprint: 0x0bc77d22
Model has 120408 linear objective coefficients
Variable types: 242208 continuous, 121104 integer (121104 binary)
Coefficient statistics:
  Matrix range     [1e+00, 4e+04]
  Objective range  [4e-01, 1e+05]
  Bounds range     [1e+00, 4e+04]
  RHS range        [1e+00, 3e+03]
Presolve removed 3818 rows and 123362 columns
Presolve time: 0.84s
Presolved: 120752 rows, 239950 columns, 720114 nonzeros
Variable types: 119368 continuous, 120582 integer (120582 binary)
Root relaxation presolved: 120752 rows, 239950 columns, 720114 nonzeros

Deterministic concurrent LP optimizer: primal simplex, dual simplex, and barrier
Showing barrier log only...

Root barrier log...

Ordering time: 0.08s

Barrier statistics:
 AA' NZ     : 7.220e+05
 Factor NZ  : 1.556e+06 (roughly 160 MB of memory)
 Factor Ops : 8.796e+08 (less than 1 second per iteration)
 Threads    : 2

                  Objective                Residual
Iter       Primal          Dual         Primal    Dual     Compl     Time
   0   2.56168273e+10 -7.56071937e+13  3.12e+05 1.46e-11  2.12e+08     2s
   1   1.22146933e+10 -4.99496747e+13  1.49e+05 2.21e+04  1.21e+08     2s
   2   8.32876462e+09 -2.57693947e+12  1.01e+05 9.31e-10  2.70e+07     2s
   3   4.40176547e+09 -1.24765133e+12  5.36e+04 9.90e-10  1.38e+07     2s
   4   3.50726662e+09 -1.11657906e+12  4.27e+04 1.16e-09  1.12e+07     2s
   5   1.44027391e+09 -8.33434173e+11  1.75e+04 1.09e-09  5.18e+06     2s
   6   6.40678154e+07 -3.79512211e+11  7.50e+02 9.29e-10  7.90e+05     2s
   7   6.30299338e+06 -3.70267539e+10  4.82e+01 9.79e-10  6.87e+04     2s
   8   5.12133078e+06 -3.06434332e+10  3.39e+01 8.27e-10  5.58e+04     2s
   9   4.70166577e+06 -2.20672813e+10  2.89e+01 9.46e-10  4.06e+04     2s
  10   3.27450358e+06 -1.70100979e+10  1.15e+01 2.48e-09  2.96e+04     2s
  11   3.08750155e+06 -1.03958431e+10  9.34e+00 5.41e-09  1.80e+04     2s
  12   2.95826599e+06 -5.25672342e+09  7.63e+00 1.05e-08  9.11e+03     3s
  13   2.64231462e+06 -1.77265250e+09  3.40e+00 2.64e-09  3.02e+03     3s
  14   2.40961720e+06 -2.52041473e+08  5.83e-01 1.94e-09  4.27e+02     3s
  15   2.23177599e+06 -5.25121965e+07  1.41e-01 1.00e-09  9.15e+01     3s
  16   1.79340879e+06 -4.51524316e+07  4.70e-02 8.88e-10  7.84e+01     3s
  17   1.26833782e+06 -2.50144116e+07  1.22e-02 1.14e-09  4.39e+01     3s
  18   3.86078961e+05 -4.71658813e+06  9.40e-09 1.09e-09  8.51e+00     3s
  19   4.83719685e+04 -4.40894102e+05  1.75e-09 8.05e-10  8.16e-01     3s
  20   1.71376908e+04 -1.28487374e+05  7.51e-10 5.31e-10  2.43e-01     3s
  21   1.39324651e+04 -4.76135264e+04  8.20e-11 5.23e-10  1.03e-01     3s
  22   1.26020450e+04 -2.07583518e+04  5.58e-11 9.62e-10  5.57e-02     3s
  23   1.05985026e+04 -1.17658909e+04  5.30e-11 1.15e-09  3.73e-02     3s
  24   7.13633367e+03 -6.43593846e+03  3.55e-11 1.52e-09  2.26e-02     3s
  25   4.09629932e+03 -2.14898222e+03  1.03e-09 1.34e-09  1.04e-02     3s
  26   2.23057206e+03 -8.92738667e+02  6.87e-10 1.17e-09  5.21e-03     4s
  27   1.81228207e+03 -3.82013821e+02  3.06e-10 9.60e-10  3.66e-03     4s
  28   1.48420992e+03  4.08143642e+02  2.75e-10 1.11e-09  1.80e-03     4s
  29   1.35329858e+03  1.01489966e+03  1.08e-10 9.02e-10  5.65e-04     4s
  30   1.30305561e+03  1.13302094e+03  3.16e-11 1.11e-09  2.84e-04     4s
  31   1.28481530e+03  1.18242422e+03  1.33e-11 9.43e-10  1.71e-04     4s
  32   1.28131828e+03  1.18880272e+03  1.03e-11 1.17e-09  1.54e-04     4s
  33   1.27644133e+03  1.22767211e+03  6.19e-10 1.16e-09  8.14e-05     4s
  34   1.27281693e+03  1.26214278e+03  2.96e-09 1.05e-09  1.78e-05     4s
  35   1.27176254e+03  1.26774574e+03  1.36e-09 9.51e-10  6.70e-06     4s
  36   1.27113190e+03  1.26908658e+03  5.59e-10 1.26e-09  3.41e-06     4s
  37   1.27087919e+03  1.27016507e+03  2.58e-10 1.00e-09  1.19e-06     5s
  38   1.27075578e+03  1.27024615e+03  6.05e-10 1.54e-09  8.50e-07     5s
  39   1.27071918e+03  1.27034489e+03  5.82e-10 1.73e-09  6.25e-07     5s
  40   1.27067278e+03  1.27060978e+03  1.19e-09 8.59e-10  1.05e-07     5s
  41   1.27064020e+03  1.27061124e+03  2.74e-10 1.31e-09  4.83e-08     5s
  42   1.27063672e+03  1.27062421e+03  7.73e-10 8.00e-10  2.09e-08     5s
  43   1.27063486e+03  1.27063145e+03  3.53e-10 1.75e-10  5.70e-09     5s
  44   1.27063318e+03  1.27063283e+03  4.76e-09 5.93e-10  5.88e-10     5s
  45   1.27063287e+03  1.27063286e+03  1.21e-08 8.03e-10  2.76e-11     5s

Barrier solved model in 45 iterations and 5.35 seconds (7.73 work units)
Optimal objective 1.27063287e+03


Root crossover log...

  118768 DPushes remaining with DInf 8.1761145e-03                 5s
       0 DPushes remaining with DInf 1.2931830e-01                 6s

     346 PPushes remaining with PInf 8.9176130e-05                 6s
       0 PPushes remaining with PInf 0.0000000e+00                 6s

  Push phase complete: Pinf 0.0000000e+00, Dinf 5.0656778e-01      6s


Root simplex log...

Iteration    Objective       Primal Inf.    Dual Inf.      Time
   53029    1.2706329e+03   0.000000e+00   5.065678e-01      6s
   54659    1.2706329e+03   0.000000e+00   0.000000e+00      6s
Crossover time: 0.28 seconds (0.43 work units)
Concurrent spin time: 0.01s

Solved with barrier

Root relaxation: objective 1.270633e+03, 54659 iterations, 4.43 seconds (5.39 work units)

    Nodes    |    Current Node    |     Objective Bounds      |     Work
 Expl Unexpl |  Obj  Depth IntInf | Incumbent    BestBd   Gap | It/Node Time

     0     0 1270.63287    0  505          - 1270.63287      -     -   10s
H    0     0                    1907.1646645 1270.63287  33.4%     -   15s
H    0     0                    1874.2560945 1270.63287  32.2%     -   18s
H    0     0                    1846.1926275 1270.63287  31.2%     -   19s
H    0     0                    1731.3490353 1270.63287  26.6%     -   25s
H    0     0                    1664.9571892 1270.63287  23.7%     -   26s
H    0     0                    1664.1684276 1270.63287  23.6%     -   27s
H    0     0                    1663.1938425 1270.63287  23.6%     -   28s
     0     0 1270.63287    0  505 1663.19384 1270.63287  23.6%     -   34s
     0     0 1272.60683    0  612 1663.19384 1272.60683  23.5%     -   55s
H    0     0                    1624.5540254 1272.62357  21.7%     -   58s
H    0     0                    1547.4751693 1272.62357  17.8%     -   59s
H    0     0                    1533.3939140 1272.62357  17.0%     -   65s
H    0     0                    1533.3939121 1272.62357  17.0%     -   80s
     0     0 1272.62357    0  610 1533.39391 1272.62357  17.0%     -   97s
     0     0 1272.62357    0  610 1533.39391 1272.62357  17.0%     -   97s
     0     0 1279.51297    0  602 1533.39391 1279.51297  16.6%     -  116s
     0     0 1279.54259    0  608 1533.39391 1279.54259  16.6%     -  121s
     0     0 1279.54259    0  606 1533.39391 1279.54259  16.6%     -  121s
     0     0 1284.30325    0  600 1533.39391 1284.30325  16.2%     -  174s
     0     0 1284.32433    0  597 1533.39391 1284.32433  16.2%     -  176s
     0     0 1284.32433    0  603 1533.39391 1284.32433  16.2%     -  176s
     0     0 1286.87536    0  603 1533.39391 1286.87536  16.1%     -  196s
     0     0 1286.99038    0  602 1533.39391 1286.99038  16.1%     -  196s
     0     0 1286.99086    0  602 1533.39391 1286.99086  16.1%     -  196s
     0     0 1287.06659    0  623 1533.39391 1287.06659  16.1%     -  211s
     0     0 1287.46058    0  616 1533.39391 1287.46058  16.0%     -  211s
     0     0 1287.52566    0  612 1533.39391 1287.52566  16.0%     -  212s
     0     0 1287.52779    0  617 1533.39391 1287.52779  16.0%     -  213s
     0     0 1287.80475    0  605 1533.39391 1287.80475  16.0%     -  246s
H    0     0                    1527.3762434 1287.80475  15.7%     -  249s
H    0     0                    1519.6018431 1287.80475  15.3%     -  251s
H    0     0                    1507.3587684 1287.80475  14.6%     -  251s
     0     0 1287.82458    0  616 1507.35877 1287.82458  14.6%     -  257s
     0     0 1287.83505    0  614 1507.35877 1287.83505  14.6%     -  257s
     0     0 1287.83505    0  614 1507.35877 1287.83505  14.6%     -  257s
     0     0 1287.88215    0  639 1507.35877 1287.88215  14.6%     -  265s
     0     0 1287.88488    0  643 1507.35877 1287.88488  14.6%     -  265s
     0     0 1287.88488    0  646 1507.35877 1287.88488  14.6%     -  265s
     0     0 1288.10666    0  646 1507.35877 1288.10666  14.5%     -  277s
     0     0 1288.14000    0  640 1507.35877 1288.14000  14.5%     -  278s
     0     0 1288.14000    0  632 1507.35877 1288.14000  14.5%     -  278s
     0     0 1288.23768    0  639 1507.35877 1288.23768  14.5%     -  290s
     0     0 1288.65314    0  615 1507.35877 1288.65314  14.5%     -  291s
     0     0 1288.65314    0  611 1507.35877 1288.65314  14.5%     -  291s
     0     0 1288.65411    0  637 1507.35877 1288.65411  14.5%     -  299s
     0     0 1288.66888    0  648 1507.35877 1288.66888  14.5%     -  300s
     0     0 1288.66888    0  648 1507.35877 1288.66888  14.5%     -  301s
     0     0 1289.05893    0  648 1507.35877 1289.05893  14.5%     -  312s
     0     0 1289.06619    0  643 1507.35877 1289.06619  14.5%     -  314s
     0     0 1289.06619    0  644 1507.35877 1289.06619  14.5%     -  315s
     0     0 1289.17405    0  636 1507.35877 1289.17405  14.5%     -  335s
H    0     0                    1498.2416129 1289.17405  14.0%     -  336s
     0     0 1289.17405    0  631 1498.24161 1289.17405  14.0%     -  336s
     0     0 1289.22698    0  643 1498.24161 1289.22698  14.0%     -  343s
     0     0 1289.23527    0  642 1498.24161 1289.23527  14.0%     -  343s
     0     0          -    0      1498.24161 1289.23527  14.0%     -  360s

Cutting planes:
  Gomory: 2
  Cover: 4
  Implied bound: 142
  Clique: 2
  MIR: 48
  Flow cover: 111
  Zero half: 81
  RLT: 5
  Relax-and-lift: 202
  BQP: 2
  Lazy constraints: 1

Explored 1 nodes (255856 simplex iterations) in 360.01 seconds (851.00 work units)
Thread count was 4 (of 32 available processors)

Solution count 10: 1498.24 1507.36 1519.6 ... 1664.96

Time limit reached
Best objective 1.498241612923e+03, best bound 1.289235270096e+03, gap 13.9501%

User-callback calls 18073, time in user-callback 0.01 sec
Cap boundary reject: PORT-591 real=1392.355 baseline=1377.541
Set parameter Username
Set parameter LicenseID to value 2738882
Academic license - for non-commercial use only - expires 2026-11-14
Segment 1 eval: start=BOAT-0 end=PORT-588 stations=19 (optimize)
  Segment 1 order: -501 502 -488 -487 -486 -485 -461 460 464 465 474 -473 -475 -478 -476 -115 116 117 -118
Segment 2 eval: start=PORT-588 end=PORT-584 stations=19 (optimize)
  Segment 2 order: 119 -120 121 122 -472 471 -470 -469 -468 -467 -466 -479 481 480 -477 493 -492 -491 -490
Segment 3 eval: start=PORT-584 end=PORT-584 stations=18 (optimize)
  Segment 3 order: 503 450 451 452 453 454 455 456 457 458 459 -463 -484 462 -483 -482 -489 -500
Segment 4 eval: start=PORT-584 end=PORT-593 stations=31 (optimize)
  Segment 4 order: 504 -505 -449 -448 -447 -446 -445 439 -440 441 442 443 444 -506 507 508 509 510 511 514 -513 -512 435 436 437 438 434 -433 -432 -431 -430
Segment 5 eval: start=PORT-593 end=PORT-593 stations=13 (optimize)
  Segment 5 order: 427 517 519 520 521 524 525 578 579 580 -518 428 429
Segment 6 eval: start=PORT-593 end=PORT-591 stations=54 (optimize)
  Segment 6 order: 515 516 522 523 526 -575 -577 527 528 529 530 531 532 -533 -576 -574 -573 -571 -570 -569 572 534 535 -536 537 538 539 544 -540 -543 542 -568 -567 -566 -565 -564 -563 -562 -561 560 -559 -558 -555 284 -283 -282 556 -557 -281 -280 -279 -278 -277 -276
Segment 7 eval: start=PORT-591 end=PORT-582 stations=118 (optimize)
  Segment 7 order: -346 -345 -344 -343 -342 -341 -316 -287 -286 -285 -552 -551 -550 -553 554 -549 -541 545 546 -548 -547 297 298 299 300 301 302 303 304 305 306 -296 295 293 294 307 308 309 311 310 -292 -291 -290 -289 288 312 -313 314 315 317 318 319 320 340 339 321 322 -324 -323 338 -337 -336 -335 -334 -333 347 363 -348 -332 -331 -330 -329 -328 325 -327 326 349 350 351 352 353 -354 355 356 357 358 359 360 361 -362 -364 365 366 367 368 -425 417 -424 422 423 -421 420 -418 -416 381 426 369 370 371 372 373 -374 375 376 377 378 379 380
Segment 8 eval: start=PORT-582 end=PORT-581 stations=52 (optimize)
  Segment 8 order: 57 59 -58 60 -64 65 -63 61 62 -386 -385 -384 -383 -419 -382 414 415 413 -412 -411 410 -408 -409 404 407 -406 -405 -403 -402 387 388 389 390 391 392 393 394 395 401 400 -399 -398 -397 -396 -47 -46 -45 -44 -43 -42 -41 -40
Segment 9 eval: start=PORT-581 end=PORT-583 stations=87 (optimize)
  Segment 9 order: 56 55 -54 -53 -52 -51 -50 -49 -48 -39 -38 -37 66 67 68 69 70 77 -76 71 74 -73 -72 -75 -78 -79 27 29 30 -33 34 35 36 32 31 -28 -26 93 -92 94 91 80 81 82 83 84 85 -86 87 -88 89 -90 95 96 2 1 3 4 -25 -24 -23 -22 -21 20 -19 -18 -17 -16 -15 -14 -13 -12 -11 -10 -5 6 7 8 9 143 -142 -144 145 146 147 148 149
Segment 10 eval: start=PORT-583 end=PORT-583 stations=63 (optimize)
  Segment 10 order: -132 -181 -180 -229 -228 -179 -135 136 137 152 -151 139 -138 -141 -140 150 -158 157 153 154 155 156 -159 160 161 162 163 164 165 166 167 168 169 170 171 172 173 174 175 176 177 182 183 184 185 186 187 188 189 -190 223 224 226 178 227 -231 235 -234 -233 -232 -230 -134 -133
Segment 11 eval: start=PORT-583 end=PORT-588 stations=53 (optimize)
  Segment 11 order: -225 -222 -221 -220 -219 191 -218 192 193 194 195 196 197 198 203 204 -202 199 -200 201 205 206 207 208 209 210 211 212 213 -217 -216 214 215 -237 238 243 244 250 -251 249 -248 -245 247 -246 -242 241 -240 -239 -236 97 98 99 100
Segment 12 eval: start=PORT-588 end=PORT-588 stations=33 (optimize)
  Segment 12 order: 110 -270 -269 -268 264 265 267 266 123 124 125 -126 127 -263 -262 -261 -260 -259 258 128 129 130 131 -256 257 -255 -254 -252 -253 -271 272 273 -109
Segment 13 eval: start=PORT-588 end=BOAT-END stations=20 (optimize)
  Segment 13 order: -107 -106 -105 104 -103 -102 -101 108 274 111 275 -114 494 -113 -112 495 496 497 498 499
PROGRESS pass=5 changed=0 total=4500.298 best=4500.298 nseg=13 stall=1 mut=0/2
Capacity boundary sweep completed with changes.
Best pass 4 total distance: 4500.298
Updated segment plan:
Segment plan:
  Segment 1 -> START
    stations: 501 502 488 487 486 485 461 460 464 465 474 473 475 478 476 115 116 117 118
    end: PORT-588("Ólafsvík")
  Segment 2 -> PORT-588
    stations: 119 120 121 122 472 471 470 469 468 467 466 479 481 480 477 493 492 491 490
    end: PORT-584("Hafnarfjörður")
  Segment 3 -> PORT-584
    stations: 503 450 451 452 453 454 455 456 457 458 459 463 484 462 483 482 489 500
    end: PORT-584("Hafnarfjörður")
  Segment 4 -> PORT-584
    stations: 504 505 449 448 447 446 445 439 440 441 442 443 444 506 507 508 509 510 511 514 513 512 435 436 437 438 434 433 432 431 430
    end: PORT-593("Vestmannaeyjar")
  Segment 5 -> PORT-593
    stations: 429 428 518 580 579 578 525 524 521 520 519 517 427
    end: PORT-593("Vestmannaeyjar")
  Segment 6 -> PORT-593
    stations: 515 516 522 523 526 527 528 529 530 531 532 533 572 569 570 571 573 574 576 577 575 534 535 536 537 538 539 544 540 543 542 568 567 566 565 564 563 562 561 560 559 558 555 284 283 282 556 557 281 280 279 278 277 276
    end: PORT-591("Seyðisfjörður")
  Segment 7 -> PORT-591
    stations: 346 345 344 343 342 341 340 320 319 318 317 316 315 314 313 287 286 285 552 551 550 553 554 549 541 545 546 547 548 296 297 305 304 303 302 301 300 299 298 306 295 293 294 307 308 309 311 310 292 291 290 289 288 312 321 322 324 323 339 338 337 336 335 334 333 347 332 331 330 329 328 325 327 326 349 350 351 352 353 354 355 356 357 358 426 381 416 417 425 422 423 421 420 418 424 368 367 366 365 364 363 348 362 361 360 359 369 370 371 372 373 374 375 376 377 378 379 380
    end: PORT-582("Akureyri")
  Segment 8 -> PORT-582
    stations: 419 415 413 412 411 410 409 408 407 406 405 404 414 382 383 384 403 402 385 386 387 388 389 390 391 62 61 60 58 59 57 64 65 63 392 393 394 395 401 400 399 398 397 396 47 46 45 44 43 42 41 40
    end: PORT-581("Siglufjörður")
  Segment 9 -> PORT-581
    stations: 39 48 49 50 38 37 51 52 53 54 55 56 66 67 68 69 70 77 76 71 74 73 72 75 78 79 27 29 30 33 34 35 36 32 31 28 26 93 92 94 91 80 81 82 83 84 85 86 87 88 89 90 95 96 2 1 3 4 25 24 23 22 21 20 19 18 17 16 15 14 13 12 11 10 5 6 7 8 9 143 142 144 145 146 147 148 149
    end: PORT-583("Ísafjörður")
  Segment 10 -> PORT-583
    stations: 150 158 157 156 155 173 172 167 163 159 160 161 162 164 166 165 168 169 170 171 177 176 175 174 154 153 152 151 139 140 141 138 137 136 135 179 228 229 180 181 132 133 134 230 232 233 234 235 231 227 178 226 182 183 184 185 186 187 188 189 190 223 224
    end: PORT-583("Ísafjörður")
  Segment 11 -> PORT-583
    stations: 225 222 221 236 97 98 99 100 246 247 245 248 249 251 250 244 243 242 241 240 239 238 237 215 214 213 217 216 220 219 191 218 192 193 194 195 196 197 212 211 210 209 208 207 206 205 201 200 198 199 202 203 204
    end: PORT-588("Ólafsvík")
  Segment 12 -> PORT-588
    stations: 131 130 129 257 256 255 254 252 253 260 261 262 263 259 258 128 127 126 125 124 123 266 267 265 264 268 269 270 110 273 272 271 109
    end: PORT-588("Ólafsvík")
  Segment 13 -> PORT-588
    stations: 108 101 102 103 104 105 106 107 274 111 275 114 494 113 112 495 496 497 498 499
    end: BOAT-END
Segment 1: "Árni Friðriksson" -> "Ólafsvík" | stations=19 distance=216.970 amount=33678
Segment 2: "Ólafsvík" -> "Hafnarfjörður" | stations=19 distance=226.252 amount=40860
Segment 3: "Hafnarfjörður" -> "Hafnarfjörður" | stations=18 distance=194.373 amount=44376
Segment 4: "Hafnarfjörður" -> "Vestmannaeyjar" | stations=31 distance=230.105 amount=38472
Segment 5: "Vestmannaeyjar" -> "Vestmannaeyjar" | stations=13 distance=161.881 amount=44191
Segment 6: "Vestmannaeyjar" -> "Seyðisfjörður" | stations=54 distance=406.627 amount=43782
Segment 7: "Seyðisfjörður" -> "Akureyri" | stations=118 distance=970.913 amount=42809
Segment 8: "Akureyri" -> "Siglufjörður" | stations=52 distance=408.639 amount=44851
Segment 9: "Siglufjörður" -> "Ísafjörður" | stations=87 distance=627.338 amount=44584
Segment 10: "Ísafjörður" -> "Ísafjörður" | stations=63 distance=286.267 amount=44747
Segment 11: "Ísafjörður" -> "Ólafsvík" | stations=53 distance=344.073 amount=42140
Segment 12: "Ólafsvík" -> "Ólafsvík" | stations=33 distance=282.520 amount=44937
Segment 13: "Ólafsvík" -> "Árni Friðriksson"-END | stations=20 distance=144.339 amount=18638
Segmented total distance: 4500.298
SelectedSize=622  Size=595
