Ship: Árni Friðriksson
ShipCap: 45000
Init strategy: greedy nearest-neighbor with capacity resets.
Init segments min: 13 (total=528065.0, init_cap=44000.0, ship_cap=45000.0)
Init strategy: nearest (capacity-aware)
Insert port (greedy): PORT-583("Ísafjörður") load=43996 dist=37.845
Insert port (greedy): PORT-581("Siglufjörður") load=43989 dist=59.091
Insert port (greedy): PORT-591("Seyðisfjörður") load=43988 dist=50.133
Insert port (greedy): PORT-593("Vestmannaeyjar") load=43986 dist=185.646
Insert port (greedy): PORT-591("Seyðisfjörður") load=43992 dist=117.318
Insert port (greedy): PORT-583("Ísafjörður") load=43998 dist=59.922
Insert port (greedy): PORT-588("Ólafsvík") load=43988 dist=57.936
Insert port (greedy): PORT-581("Siglufjörður") load=43976 dist=65.176
Insert port (greedy): PORT-591("Seyðisfjörður") load=43983 dist=112.555
Insert port (greedy): PORT-593("Vestmannaeyjar") load=43948 dist=22.745
Insert port (greedy): PORT-584("Hafnarfjörður") load=43908 dist=55.395
Insert port (greedy): PORT-584("Hafnarfjörður") load=34748 dist=83.425
Heuristic no-port order length (min-pair): 107255.497
Init segments built: 13 (min=13)
Visit order (592): STAT-500 STAT-501 STAT-499 STAT-497 STAT-498 STAT-496 STAT-495 STAT-494 STAT-113 STAT-112 STAT-114 STAT-275 STAT-111 STAT-274 STAT-107 STAT-106 STAT-105 STAT-104 STAT-103 STAT-102 STAT-101 STAT-108 STAT-109 STAT-110 STAT-273 STAT-272 STAT-271 STAT-253 STAT-252 STAT-249 STAT-248 STAT-247 STAT-245 STAT-244 STAT-243 STAT-238 STAT-237 STAT-215 STAT-214 STAT-213 STAT-218 STAT-192 STAT-191 STAT-190 STAT-219 STAT-223 STAT-222 STAT-135 PORT-583("Ísafjörður") STAT-134 STAT-133 STAT-132 STAT-181 STAT-230 STAT-232 STAT-231 STAT-233 STAT-234 STAT-235 STAT-227 STAT-228 STAT-229 STAT-180 STAT-179 STAT-154 STAT-153 STAT-152 STAT-151 STAT-139 STAT-140 STAT-148 STAT-149 STAT-150 STAT-158 STAT-157 STAT-156 STAT-155 STAT-174 STAT-175 STAT-176 STAT-177 STAT-171 STAT-170 STAT-168 STAT-172 STAT-173 STAT-167 STAT-166 STAT-165 STAT-164 STAT-163 STAT-159 STAT-162 STAT-160 STAT-161 STAT-147 STAT-145 STAT-146 STAT-144 STAT-142 STAT-9 STAT-8 STAT-141 STAT-138 STAT-137 STAT-136 STAT-2 STAT-94 STAT-92 STAT-90 PORT-581("Siglufjörður") STAT-68 STAT-69 STAT-67 STAT-66 STAT-53 STAT-54 STAT-56 STAT-55 STAT-52 STAT-51 STAT-38 STAT-48 STAT-39 STAT-40 STAT-47 STAT-46 STAT-43 STAT-45 STAT-44 STAT-42 STAT-41 STAT-34 STAT-33 STAT-30 STAT-29 STAT-27 STAT-26 STAT-28 STAT-31 STAT-32 STAT-36 STAT-35 STAT-37 STAT-50 STAT-49 STAT-396 STAT-397 STAT-398 STAT-395 STAT-394 STAT-393 STAT-392 STAT-391 STAT-390 STAT-389 STAT-388 STAT-387 STAT-402 STAT-385 STAT-403 STAT-384 STAT-383 STAT-382 STAT-414 STAT-413 STAT-412 STAT-409 STAT-408 STAT-410 STAT-411 STAT-380 STAT-378 STAT-379 STAT-377 STAT-376 STAT-375 STAT-374 STAT-373 STAT-372 STAT-371 STAT-370 STAT-369 STAT-359 STAT-360 STAT-358 STAT-353 STAT-349 STAT-350 STAT-326 STAT-328 PORT-591("Seyðisfjörður") STAT-346 STAT-276 STAT-277 STAT-278 STAT-279 STAT-280 STAT-281 STAT-341 STAT-342 STAT-343 STAT-344 STAT-345 STAT-334 STAT-335 STAT-336 STAT-337 STAT-338 STAT-339 STAT-321 STAT-323 STAT-324 STAT-325 STAT-327 STAT-329 STAT-331 STAT-332 STAT-330 STAT-333 STAT-347 STAT-363 STAT-364 STAT-362 STAT-361 STAT-348 STAT-365 STAT-367 STAT-368 STAT-426 STAT-381 STAT-425 STAT-417 STAT-416 STAT-415 STAT-418 STAT-419 STAT-420 STAT-421 STAT-423 STAT-422 STAT-424 STAT-404 STAT-405 STAT-406 STAT-407 STAT-399 STAT-400 STAT-401 STAT-386 STAT-62 STAT-61 STAT-60 STAT-58 STAT-64 STAT-65 STAT-63 STAT-57 STAT-59 STAT-76 STAT-70 STAT-77 STAT-78 STAT-75 STAT-71 STAT-72 STAT-73 STAT-74 STAT-79 STAT-80 STAT-91 STAT-96 STAT-95 STAT-89 STAT-88 STAT-81 STAT-82 STAT-83 STAT-84 STAT-87 STAT-86 STAT-85 STAT-24 STAT-23 STAT-22 STAT-567 PORT-593("Vestmannaeyjar") STAT-514 STAT-513 STAT-512 STAT-436 STAT-435 STAT-438 STAT-437 STAT-440 STAT-441 STAT-442 STAT-443 STAT-444 STAT-506 STAT-505 STAT-449 STAT-448 STAT-450 STAT-451 STAT-452 STAT-453 STAT-454 STAT-455 STAT-456 STAT-457 STAT-458 STAT-464 STAT-465 STAT-480 STAT-307 PORT-591("Seyðisfjörður") STAT-340 STAT-320 STAT-319 STAT-318 STAT-317 STAT-316 STAT-315 STAT-314 STAT-313 STAT-312 STAT-288 STAT-287 STAT-286 STAT-285 STAT-552 STAT-551 STAT-550 STAT-553 STAT-554 STAT-562 STAT-563 STAT-564 STAT-565 STAT-568 STAT-566 STAT-542 STAT-543 STAT-540 STAT-539 STAT-544 STAT-541 STAT-545 STAT-546 STAT-547 STAT-548 STAT-549 STAT-560 STAT-559 STAT-558 STAT-555 STAT-556 STAT-282 STAT-283 STAT-284 STAT-557 STAT-561 STAT-291 STAT-290 STAT-289 STAT-310 STAT-309 STAT-311 STAT-292 STAT-293 STAT-294 STAT-295 STAT-296 STAT-297 STAT-306 STAT-305 STAT-304 STAT-303 STAT-302 STAT-301 STAT-300 STAT-299 STAT-298 STAT-538 STAT-537 STAT-536 STAT-535 STAT-534 STAT-572 STAT-570 STAT-569 STAT-571 STAT-573 STAT-574 STAT-576 STAT-577 STAT-527 STAT-528 STAT-169 PORT-583("Ísafjörður") STAT-178 STAT-226 STAT-182 STAT-183 STAT-184 STAT-185 STAT-186 STAT-187 STAT-188 STAT-189 STAT-224 STAT-225 STAT-221 STAT-220 STAT-216 STAT-217 STAT-193 STAT-194 STAT-195 STAT-196 STAT-197 STAT-198 STAT-199 STAT-200 STAT-201 STAT-209 STAT-210 STAT-211 STAT-212 STAT-208 STAT-207 STAT-206 STAT-205 STAT-256 STAT-257 STAT-259 STAT-258 STAT-128 STAT-127 STAT-126 STAT-125 STAT-124 STAT-264 STAT-265 STAT-267 STAT-266 STAT-123 STAT-122 STAT-472 STAT-471 STAT-99 PORT-588("Ólafsvík") STAT-118 STAT-119 STAT-120 STAT-121 STAT-270 STAT-269 STAT-268 STAT-262 STAT-261 STAT-260 STAT-254 STAT-255 STAT-251 STAT-250 STAT-246 STAT-242 STAT-241 STAT-240 STAT-239 STAT-236 STAT-97 STAT-98 STAT-100 STAT-130 STAT-129 STAT-131 STAT-204 STAT-203 STAT-202 STAT-263 STAT-470 STAT-469 STAT-473 STAT-481 STAT-13 PORT-581("Siglufjörður") STAT-93 STAT-25 STAT-4 STAT-3 STAT-1 STAT-7 STAT-6 STAT-5 STAT-10 STAT-11 STAT-12 STAT-14 STAT-15 STAT-16 STAT-17 STAT-18 STAT-21 STAT-19 STAT-20 STAT-143 STAT-117 STAT-116 STAT-115 STAT-476 STAT-477 STAT-478 STAT-479 STAT-474 STAT-475 STAT-466 STAT-467 STAT-483 STAT-308 PORT-591("Seyðisfjörður") STAT-322 STAT-351 STAT-352 STAT-354 STAT-355 STAT-356 STAT-357 STAT-366 STAT-533 STAT-532 STAT-531 STAT-530 STAT-529 STAT-526 STAT-525 STAT-524 STAT-580 STAT-579 STAT-521 STAT-522 STAT-523 STAT-578 STAT-575 STAT-518 STAT-517 PORT-593("Vestmannaeyjar") STAT-430 STAT-431 STAT-432 STAT-433 STAT-434 STAT-445 STAT-446 STAT-447 STAT-439 STAT-508 STAT-507 STAT-509 STAT-510 STAT-511 STAT-427 STAT-428 STAT-429 STAT-515 STAT-516 STAT-519 STAT-520 STAT-504 STAT-503 STAT-502 STAT-488 STAT-487 STAT-489 STAT-490 STAT-491 STAT-492 STAT-493 STAT-482 PORT-584("Hafnarfjörður") STAT-486 STAT-485 STAT-461 STAT-462 STAT-484 STAT-463 STAT-460 STAT-459 PORT-584("Hafnarfjörður") STAT-468
Initial segment plan:
Segment plan:
  Segment 1 -> START
    stations: 500 501 499 497 498 496 495 494 113 112 114 275 111 274 107 106 105 104 103 102 101 108 109 110 273 272 271 253 252 249 248 247 245 244 243 238 237 215 214 213 218 192 191 190 219 223 222 135
    end: PORT-583("Ísafjörður")
  Segment 2 -> PORT-583
    stations: 134 133 132 181 230 232 231 233 234 235 227 228 229 180 179 154 153 152 151 139 140 148 149 150 158 157 156 155 174 175 176 177 171 170 168 172 173 167 166 165 164 163 159 162 160 161 147 145 146 144 142 9 8 141 138 137 136 2 94 92 90
    end: PORT-581("Siglufjörður")
  Segment 3 -> PORT-581
    stations: 68 69 67 66 53 54 56 55 52 51 38 48 39 40 47 46 43 45 44 42 41 34 33 30 29 27 26 28 31 32 36 35 37 50 49 396 397 398 395 394 393 392 391 390 389 388 387 402 385 403 384 383 382 414 413 412 409 408 410 411 380 378 379 377 376 375 374 373 372 371 370 369 359 360 358 353 349 350 326 328
    end: PORT-591("Seyðisfjörður")
  Segment 4 -> PORT-591
    stations: 346 276 277 278 279 280 281 341 342 343 344 345 334 335 336 337 338 339 321 323 324 325 327 329 331 332 330 333 347 363 364 362 361 348 365 367 368 426 381 425 417 416 415 418 419 420 421 423 422 424 404 405 406 407 399 400 401 386 62 61 60 58 64 65 63 57 59 76 70 77 78 75 71 72 73 74 79 80 91 96 95 89 88 81 82 83 84 87 86 85 24 23 22 567
    end: PORT-593("Vestmannaeyjar")
  Segment 5 -> PORT-593
    stations: 514 513 512 436 435 438 437 440 441 442 443 444 506 505 449 448 450 451 452 453 454 455 456 457 458 464 465 480 307
    end: PORT-591("Seyðisfjörður")
  Segment 6 -> PORT-591
    stations: 340 320 319 318 317 316 315 314 313 312 288 287 286 285 552 551 550 553 554 562 563 564 565 568 566 542 543 540 539 544 541 545 546 547 548 549 560 559 558 555 556 282 283 284 557 561 291 290 289 310 309 311 292 293 294 295 296 297 306 305 304 303 302 301 300 299 298 538 537 536 535 534 572 570 569 571 573 574 576 577 527 528 169
    end: PORT-583("Ísafjörður")
  Segment 7 -> PORT-583
    stations: 178 226 182 183 184 185 186 187 188 189 224 225 221 220 216 217 193 194 195 196 197 198 199 200 201 209 210 211 212 208 207 206 205 256 257 259 258 128 127 126 125 124 264 265 267 266 123 122 472 471 99
    end: PORT-588("Ólafsvík")
  Segment 8 -> PORT-588
    stations: 118 119 120 121 270 269 268 262 261 260 254 255 251 250 246 242 241 240 239 236 97 98 100 130 129 131 204 203 202 263 470 469 473 481 13
    end: PORT-581("Siglufjörður")
  Segment 9 -> PORT-581
    stations: 93 25 4 3 1 7 6 5 10 11 12 14 15 16 17 18 21 19 20 143 117 116 115 476 477 478 479 474 475 466 467 483 308
    end: PORT-591("Seyðisfjörður")
  Segment 10 -> PORT-591
    stations: 322 351 352 354 355 356 357 366 533 532 531 530 529 526 525 524 580 579 521 522 523 578 575 518 517
    end: PORT-593("Vestmannaeyjar")
  Segment 11 -> PORT-593
    stations: 430 431 432 433 434 445 446 447 439 508 507 509 510 511 427 428 429 515 516 519 520 504 503 502 488 487 489 490 491 492 493 482
    end: PORT-584("Hafnarfjörður")
  Segment 12 -> PORT-584
    stations: 486 485 461 462 484 463 460 459
    end: PORT-584("Hafnarfjörður")
  Segment 13 -> PORT-584
    stations: 468
    end: BOAT-END
Set parameter Username
Set parameter LicenseID to value 2738882
Academic license - for non-commercial use only - expires 2026-11-14
Segment 1 eval: start=BOAT-0 end=PORT-583 stations=48 (optimize)
  Segment 1 order: -501 -500 -499 -498 -497 -496 -495 112 113 -494 114 -275 -111 -274 -107 -106 -105 104 -103 -102 -101 108 109 110 -273 -272 271 253 252 249 -248 -247 -245 -244 -243 -238 237 -215 -214 213 -192 218 -191 219 -190 -223 222 -135
Segment 2 eval: start=PORT-583 end=PORT-581 stations=61 (optimize)
  Segment 2 order: 133 134 -132 -181 230 232 233 234 -235 231 -227 228 229 -180 -179 -154 -153 -157 -156 -155 174 175 -176 -177 171 -170 168 -165 166 167 172 173 -164 -163 -162 -161 -160 159 158 -150 -149 -148 -147 -146 -145 -144 -142 -9 -8 -141 -140 -139 151 -152 -138 -137 -136 -2 90 -94 -92
Segment 3 eval: start=PORT-581 end=PORT-591 stations=80 (optimize)
  Segment 3 order: 56 55 -54 -53 -52 -51 -50 -49 -48 -39 -38 -37 66 67 68 69 -36 -35 -32 -31 -29 -27 26 28 30 -33 -34 41 42 43 44 45 46 -40 47 396 397 -398 -395 -394 -393 -392 -391 -390 -389 -388 -387 402 -403 385 -384 -383 -382 -414 -413 412 -409 408 -410 411 380 378 -379 -377 -376 -375 374 -373 -372 -371 -370 369 359 360 -358 -353 -350 -349 -326 328
Segment 4 eval: start=PORT-591 end=PORT-593 stations=94 (optimize)
  Segment 4 order: -346 -345 -344 -334 -333 347 363 -364 365 367 368 -425 417 -424 422 423 -421 420 -418 419 386 -62 -61 -60 58 -59 -57 -64 63 -65 71 74 -73 -72 -75 76 70 77 78 -79 80 81 82 83 84 85 -86 87 -88 89 -91 95 96 -24 -23 -22 401 400 399 407 -406 -405 -404 -415 -416 381 426 361 362 -348 -332 -331 -330 -329 327 -325 -324 -323 -321 -339 -338 -337 -336 335 -343 -342 341 281 -280 -278 -277 -276 279 567
Segment 5 eval: start=PORT-593 end=PORT-591 stations=29 (optimize)
  Segment 5 order: -514 -513 -512 -436 -437 -440 441 442 443 444 -506 -505 -480 -465 -464 -458 -457 -456 -455 -454 -453 -452 -451 -450 -449 -448 -438 -435 307
Segment 6 eval: start=PORT-591 end=PORT-583 stations=83 (optimize)
  Segment 6 order: -340 -320 -319 -318 -317 -316 -315 -314 313 -312 -311 309 310 -292 293 294 -295 -306 -305 -304 -303 -302 -301 -300 -299 -298 -297 -296 291 -290 -289 -288 -287 -286 -285 -552 -551 -550 -553 554 -560 -559 -558 -555 284 -283 -282 556 557 561 562 -563 -566 564 565 568 -542 543 540 541 549 548 -547 -546 -545 -544 -539 -538 -537 536 -535 -534 -572 569 570 571 573 574 -577 576 -527 528 -169
Segment 7 eval: start=PORT-583 end=PORT-588 stations=51 (optimize)
  Segment 7 order: -178 -226 -182 -183 184 185 186 187 188 189 224 225 -221 220 217 -216 -99 -208 -207 -206 209 210 211 -212 -195 -193 194 196 197 198 199 -200 201 205 256 257 259 258 -128 -127 126 -125 -124 -265 -264 -267 266 -123 -471 472 -122
Segment 8 eval: start=PORT-588 end=PORT-581 stations=35 (optimize)
  Segment 8 order: 118 473 481 469 470 -121 120 -119 -270 -269 -268 -263 -262 -261 260 254 255 129 130 131 -204 -203 -202 -251 -250 -246 -100 -98 -242 241 -240 -239 -236 -97 13
Segment 9 eval: start=PORT-581 end=PORT-591 stations=33 (optimize)
  Segment 9 order: -93 25 5 10 11 12 -14 18 -21 20 -19 -17 -16 -15 -143 6 -7 4 -3 -1 117 -116 115 -475 -474 466 -467 -479 -478 -476 477 483 308
Segment 10 eval: start=PORT-591 end=PORT-593 stations=25 (optimize)
  Segment 10 order: 366 -357 -356 -355 354 -352 -351 -322 -533 -532 -531 -530 -529 575 578 579 580 524 525 526 -523 -522 -521 -518 -517
Segment 11 eval: start=PORT-593 end=PORT-584 stations=32 (optimize)
  Segment 11 order: 515 516 -520 -519 -427 428 429 430 431 432 433 -434 447 -446 -445 439 -511 -510 -509 -508 -507 -504 -503 -488 -487 489 -482 493 -492 -491 -490 -502
Segment 12 eval: start=PORT-584 end=PORT-584 stations=8 (optimize)
  Segment 12 order: -485 -461 -459 460 -463 -484 462 -486
Segment 13 eval: start=PORT-584 end=BOAT-END stations=1 (optimize)
  Segment 13 order: 468
PROGRESS pass=0 changed=0 total=7153.905 best=7153.905 nseg=13 stall=0
Set parameter Username
Set parameter LicenseID to value 2738882
Academic license - for non-commercial use only - expires 2026-11-14
Capacity boundary sweep pass 1
Cap boundary debug: BOAT -> [500 501 499 497 498 496 495 494 113 112 114 275 111 274 107 106 105 104 103 102 101 108 109 110 273 272 271 253 252 249 248 247 245 244 243 238 237 215 214 213 218 192 191 190 219 223 222 135] -> PORT-583 -> [134 133 132 181 230 232 231 233 234 235 227 228 229 180 179 154 153 152 151 139 140 148 149 150 158 157 156 155 174 175 176 177 171 170 168 172 173 167 166 165 164 163 159 162 160 161 147 145 146 144 142 9 8 141 138 137 136 2 94 92 90] -> PORT-581 | load_left=43996 load_right=43989 cap=45000
Set parameter Username
Set parameter LicenseID to value 2738882
Academic license - for non-commercial use only - expires 2026-11-14
Set parameter TimeLimit to value 300
Set parameter Seed to value 716158161
Set parameter Threads to value 4
Set parameter OutputFlag to value 1
Set parameter LogToConsole to value 1
Set parameter LazyConstraints to value 1
Gurobi Optimizer version 13.0.0 build v13.0.0rc1 (linux64 - "Debian GNU/Linux 13 (trixie)")

CPU model: AMD Ryzen 9 5950X 16-Core Processor, instruction set [SSE2|AVX|AVX2]
Thread count: 16 physical cores, 32 logical processors, using up to 4 threads

Non-default parameters:
TimeLimit  300
Seed  716158161
Threads  4
LazyConstraints  1

Optimize a model with 51490 rows, 147852 columns and 295692 nonzeros (Min)
Model fingerprint: 0x80f302f1
Model has 48840 linear objective coefficients
Variable types: 98568 continuous, 49284 integer (49284 binary)
Coefficient statistics:
  Matrix range     [1e+00, 4e+04]
  Objective range  [4e-01, 3e+02]
  Bounds range     [1e+00, 4e+04]
  RHS range        [1e+00, 9e+03]
Presolve removed 2432 rows and 50723 columns
Presolve time: 0.37s
Presolved: 49058 rows, 97129 columns, 291967 nonzeros
Variable types: 48178 continuous, 48951 integer (48951 binary)
Root relaxation presolved: 49058 rows, 97129 columns, 291967 nonzeros

Deterministic concurrent LP optimizer: primal and dual simplex
Showing primal log only...


Root simplex log...

Iteration    Objective       Primal Inf.    Dual Inf.      Time
   75300    6.2315313e+02   3.793021e+01   0.000000e+00      5s
   75637    6.2315892e+02   0.000000e+00   0.000000e+00      5s
Concurrent spin time: 0.00s

Solved with primal simplex

Root relaxation: objective 6.231589e+02, 75637 iterations, 4.65 seconds (10.01 work units)

    Nodes    |    Current Node    |     Objective Bounds      |     Work
 Expl Unexpl |  Obj  Depth IntInf | Incumbent    BestBd   Gap | It/Node Time

     0     0  623.15892    0  371          -  623.15892      -     -    5s
H    0     0                     796.1865141  623.15892  21.7%     -   24s
H    0     0                     774.8012800  623.15892  19.6%     -   37s
     0     0  626.52395    0  394  774.80128  626.52395  19.1%     -   43s
H    0     0                     737.7017408  626.60504  15.1%     -   44s
H    0     0                     732.9282099  626.60504  14.5%     -   44s
H    0     0                     730.0489577  626.60504  14.2%     -   45s
H    0     0                     722.3197725  626.60504  13.3%     -   45s
H    0     0                     710.4660629  626.60504  11.8%     -   46s
H    0     0                     682.8182668  626.60504  8.23%     -   46s
H    0     0                     670.5524925  626.60504  6.55%     -   46s
H    0     0                     670.5467713  626.60504  6.55%     -   46s
H    0     0                     664.0298832  626.60504  5.64%     -   47s
H    0     0                     664.0241620  626.60504  5.64%     -   48s
     0     0  627.15837    0  391  664.02416  627.15837  5.55%     -   51s
     0     0  628.32891    0  430  664.02416  628.32891  5.38%     -   57s
     0     0  628.32891    0  369  664.02416  628.32891  5.38%     -   59s
     0     0  628.32891    0  419  664.02416  628.32891  5.38%     -   62s
H    0     0                     663.8900842  628.32891  5.36%     -   64s
H    0     0                     663.2345970  628.32891  5.26%     -   64s
     0     0  628.32891    0  408  663.23460  628.32891  5.26%     -   66s
     0     0  628.36324    0  391  663.23460  628.36324  5.26%     -   66s
     0     0  628.36372    0  392  663.23460  628.36372  5.26%     -   67s
     0     0  631.70893    0  380  663.23460  631.70893  4.75%     -   68s
     0     0  632.31572    0  385  663.23460  632.31572  4.66%     -   70s
     0     0  632.31573    0  386  663.23460  632.31573  4.66%     -   70s
     0     0  635.00061    0  382  663.23460  635.00061  4.26%     -   73s
     0     0  635.00137    0  384  663.23460  635.00137  4.26%     -   74s
     0     0  636.03970    0  428  663.23460  636.03970  4.10%     -   75s
     0     0  636.03970    0  374  663.23460  636.03970  4.10%     -   78s
     0     0  636.03970    0  413  663.23460  636.03970  4.10%     -   79s
H    0     0                     662.5257503  636.03970  4.00%     -   80s
     0     0  637.57650    0  437  662.52575  637.57650  3.77%     -   81s
     0     0  637.92295    0  434  662.52575  637.92295  3.71%     -   81s
     0     0  637.92379    0  436  662.52575  637.92379  3.71%     -   81s
     0     0  638.50972    0  442  662.52575  638.50972  3.62%     -   82s
     0     0  638.74940    0  447  662.52575  638.74940  3.59%     -   82s
     0     0  638.76729    0  447  662.52575  638.76729  3.59%     -   82s
     0     0  639.93813    0  408  662.52575  639.93813  3.41%     -   83s
     0     0  639.99064    0  408  662.52575  639.99064  3.40%     -   83s
     0     0  639.99492    0  406  662.52575  639.99492  3.40%     -   83s
     0     0  639.99492    0  407  662.52575  639.99492  3.40%     -   83s
     0     0  640.03166    0  412  662.52575  640.03166  3.40%     -   84s
     0     0  640.03555    0  412  662.52575  640.03555  3.39%     -   84s
     0     0  640.03556    0  413  662.52575  640.03556  3.39%     -   84s
     0     0  640.03696    0  414  662.52575  640.03696  3.39%     -   85s
     0     0  640.03712    0  417  662.52575  640.03712  3.39%     -   85s
     0     0  640.05393    0  406  662.52575  640.05393  3.39%     -   85s
H    0     0                     662.0210582  640.05393  3.32%     -   86s
     0     0  640.05445    0  413  662.02106  640.05445  3.32%     -   86s
     0     0  640.05506    0  414  662.02106  640.05506  3.32%     -   86s
     0     0  640.05506    0  414  662.02106  640.05506  3.32%     -   86s
     0     0  640.05506    0  414  662.02106  640.05506  3.32%     -   86s
     0     0  640.05506    0  413  662.02106  640.05506  3.32%     -   86s
     0     0  640.05506    0  369  662.02106  640.05506  3.32%     -   90s
     0     0  640.05506    0  424  662.02106  640.05506  3.32%     -   91s
     0     0  640.05506    0  457  662.02106  640.05506  3.32%     -   92s
     0     0  640.05506    0  451  662.02106  640.05506  3.32%     -   92s
     0     0  640.05506    0  458  662.02106  640.05506  3.32%     -   92s
     0     0  640.05506    0  460  662.02106  640.05506  3.32%     -   92s
     0     0  640.05506    0  471  662.02106  640.05506  3.32%     -   92s
     0     0  640.05511    0  471  662.02106  640.05511  3.32%     -   92s
     0     0  640.05512    0  455  662.02106  640.05512  3.32%     -   92s
     0     0  640.05675    0  455  662.02106  640.05675  3.32%     -   92s
     0     0  640.07082    0  428  662.02106  640.07082  3.32%     -   93s
     0     0  640.07896    0  419  662.02106  640.07896  3.31%     -   93s
     0     0  640.07897    0  418  662.02106  640.07897  3.31%     -   93s
     0     0  640.08236    0  417  662.02106  640.08236  3.31%     -   94s
     0     0  640.08458    0  413  662.02106  640.08458  3.31%     -   94s
     0     0  640.09184    0  416  662.02106  640.09184  3.31%     -   94s
     0     0  640.09442    0  416  662.02106  640.09442  3.31%     -   94s
     0     0  640.09442    0  414  662.02106  640.09442  3.31%     -   94s
     0     2  641.45714    0  412  662.02106  641.45714  3.11%     -   95s
    85    93  646.15543   20  216  662.02106  641.45714  3.11%   761  100s
H  154   165                     662.0210575  641.45714  3.11%   596  102s
   397   401  648.15088   82  166  662.02106  641.45714  3.11%   354  105s
   909   830  642.36666   23  172  662.02106  641.45714  3.11%   294  110s
  1185  1024  647.86557   37  430  662.02106  641.45714  3.11%   272  115s
H 1187   973                     662.0210574  641.45714  3.11%   271  118s
H 1187   924                     660.8456633  641.45714  2.93%   271  118s
  1194   929  642.74112    9  425  660.84566  641.45714  2.93%   269  120s
  1217   944  652.51195   78  364  660.84566  641.93813  2.86%   264  125s
  1231   954  646.77780   45  352  660.84566  641.94466  2.86%   261  131s
  1237   959  642.58067   48  436  660.84566  642.51389  2.77%   293  135s
  1248   966  645.83939   32  370  660.84566  642.51389  2.77%   290  140s
  1281   995  642.63216   27  192  660.84566  642.51389  2.77%   328  145s
H 1322   967                     660.8456625  642.51389  2.77%   347  148s
  1379   979  645.07356   39  157  660.84566  642.51389  2.77%   360  150s
  1535   995  648.71942   36  110  660.84566  642.51389  2.77%   365  155s
  1676   997  645.30271   24  183  660.84566  642.51389  2.77%   378  160s
  1836  1052  654.10273   51  135  660.84566  642.52283  2.77%   375  165s
  2292  1158  651.51431   43  160  660.84566  643.06582  2.69%   356  170s
  2785  1239 infeasible   60       660.84566  643.29017  2.66%   347  175s
  3106  1327  644.54833   29  240  660.84566  643.68621  2.60%   343  180s
  3575  1403  644.83864   37  140  660.84566  643.89522  2.56%   341  185s
H 3665  1367                     660.8456614  643.91749  2.56%   343  187s
  3887  1443  649.08476   35  158  660.84566  643.91902  2.56%   339  191s
  4330  1709  651.08952   39  153  660.84566  644.17730  2.52%   337  196s
  4676  1915  648.06498   37  169  660.84566  644.31903  2.50%   336  200s
  5023  2072     cutoff   40       660.84566  644.44762  2.48%   337  205s
  5318  2150     cutoff   48       660.84566  644.46204  2.48%   334  210s
  5600  2362  651.55656   52  180  660.84566  644.54308  2.47%   329  215s
  6063  2650  647.76211   30  184  660.84566  644.70728  2.44%   324  220s
  6559  2852  649.48447   35  214  660.84566  644.88431  2.42%   321  226s
  7073  3204  655.50778   31  128  660.84566  645.05504  2.39%   319  233s
  7486  3442  647.76003   30  222  660.84566  645.11585  2.38%   314  236s
  8264  3782  651.59883   35  195  660.84566  645.34165  2.35%   307  243s
  8678  3972  647.81429   28  201  660.84566  645.46536  2.33%   305  246s
  9163  4344  651.32538   32  209  660.84566  645.58197  2.31%   299  250s
 10196  4910  652.33453   42  207  660.84566  645.80801  2.28%   291  258s
H10332  4910                     660.8456540  645.80801  2.28%   290  258s
 10735  5277  657.53614   48  213  660.84565  645.88605  2.26%   287  263s
 11451  5676  647.84413   58  164  660.84565  646.02318  2.24%   281  268s
 12251  6116  646.95615   32  225  660.84565  646.18478  2.22%   275  272s
 13011  6378  652.80881   31  129  660.84565  646.26497  2.21%   270  276s
 13572  6576  653.03236   38  160  660.84565  646.34422  2.19%   267  281s
 14147  6972  651.01370   35  205  660.84565  646.45952  2.18%   266  285s
 15379  7443  650.58164   37  215  660.84565  646.60403  2.16%   263  293s
 16027  7777  658.37966   45  227  660.84565  646.72101  2.14%   260  297s
 16780  7896  659.68586   71  166  660.84565  646.81026  2.12%   258  300s

Cutting planes:
  Gomory: 6
  Cover: 23
  Implied bound: 132
  Projected implied bound: 8
  MIR: 146
  Flow cover: 290
  GUB cover: 2
  Inf proof: 4
  Zero half: 29
  Mod-K: 1
  Network: 1
  RLT: 9
  Relax-and-lift: 47
  BQP: 3

Explored 16978 nodes (4672251 simplex iterations) in 300.01 seconds (866.39 work units)
Thread count was 4 (of 32 available processors)

Solution count 10: 660.846 660.846 662.021 ... 670.552

Time limit reached
Best objective 6.608456540475e+02, best bound 6.468511928595e+02, gap 2.1177%

User-callback calls 96144, time in user-callback 0.01 sec
Cap boundary opt: PORT-583 stations=109 obj=660.846 real=660.846 baseline=686.241
Set parameter Username
Set parameter LicenseID to value 2738882
Academic license - for non-commercial use only - expires 2026-11-14
Segment 1 eval: start=BOAT-0 end=PORT-583 stations=50 (optimize)
  Segment 1 order: -501 -500 -499 -498 -497 -496 -495 112 113 -494 114 -275 -111 -274 -107 -106 -105 104 -103 -102 -101 108 109 110 -273 -272 271 253 252 249 -248 -247 -245 -244 -243 -238 237 -215 -214 213 -192 218 -191 219 -190 -223 222 -230 -134 -133
Segment 2 eval: start=PORT-583 end=PORT-581 stations=59 (optimize)
  Segment 2 order: -132 -181 -180 -229 -231 232 233 234 -235 -227 228 -179 -135 136 152 153 154 174 175 -176 -177 171 -170 168 -165 166 -164 -162 -161 -160 159 163 167 172 173 155 156 157 158 -150 -149 -148 -147 -146 -145 -144 -142 -9 -8 -141 -140 -139 151 -138 -137 -2 90 -94 -92
Segment 3 eval: start=PORT-581 end=PORT-591 stations=80 (optimize)
  Segment 3 order: 56 55 -54 -53 -52 -51 -50 -49 -48 -39 -38 -37 66 67 68 69 -36 -35 -32 -31 -29 -27 26 28 30 -33 -34 41 42 43 44 45 46 -40 47 396 397 -398 -395 -394 -393 -392 -391 -390 -389 -388 -387 402 -403 385 -384 -383 -382 -414 -413 412 -409 408 -410 411 380 378 -379 -377 -376 -375 374 -373 -372 -371 -370 369 359 360 -358 -353 -350 -349 -326 328
Segment 4 eval: start=PORT-591 end=PORT-593 stations=94 (optimize)
  Segment 4 order: -346 -345 -344 -334 -333 347 363 -364 365 367 368 -425 417 -424 422 423 -421 420 -418 419 386 -62 -61 -60 58 -59 -57 -64 63 -65 71 74 -73 -72 -75 76 70 77 78 -79 80 81 82 83 84 85 -86 87 -88 89 -91 95 96 -24 -23 -22 401 400 399 407 -406 -405 -404 -415 -416 381 426 361 362 -348 -332 -331 -330 -329 327 -325 -324 -323 -321 -339 -338 -337 -336 335 -343 -342 341 281 -280 -278 -277 -276 279 567
Segment 5 eval: start=PORT-593 end=PORT-591 stations=29 (optimize)
  Segment 5 order: -514 -513 -512 -436 -437 -440 441 442 443 444 -506 -505 -480 -465 -464 -458 -457 -456 -455 -454 -453 -452 -451 -450 -449 -448 -438 -435 307
Segment 6 eval: start=PORT-591 end=PORT-583 stations=83 (optimize)
  Segment 6 order: -340 -320 -319 -318 -317 -316 -315 -314 313 -312 -311 309 310 -292 293 294 -295 -306 -305 -304 -303 -302 -301 -300 -299 -298 -297 -296 291 -290 -289 -288 -287 -286 -285 -552 -551 -550 -553 554 -560 -559 -558 -555 284 -283 -282 556 557 561 562 -563 -566 564 565 568 -542 543 540 541 549 548 -547 -546 -545 -544 -539 -538 -537 536 -535 -534 -572 569 570 571 573 574 -577 576 -527 528 -169
Segment 7 eval: start=PORT-583 end=PORT-588 stations=51 (optimize)
  Segment 7 order: -178 -226 -182 -183 184 185 186 187 188 189 224 225 -221 220 217 -216 -99 -208 -207 -206 209 210 211 -212 -195 -193 194 196 197 198 199 -200 201 205 256 257 259 258 -128 -127 126 -125 -124 -265 -264 -267 266 -123 -471 472 -122
Segment 8 eval: start=PORT-588 end=PORT-581 stations=35 (optimize)
  Segment 8 order: 118 473 481 469 470 -121 120 -119 -270 -269 -268 -263 -262 -261 260 254 255 129 130 131 -204 -203 -202 -251 -250 -246 -100 -98 -242 241 -240 -239 -236 -97 13
Segment 9 eval: start=PORT-581 end=PORT-591 stations=33 (optimize)
  Segment 9 order: -93 25 5 10 11 12 -14 18 -21 20 -19 -17 -16 -15 -143 6 -7 4 -3 -1 117 -116 115 -475 -474 466 -467 -479 -478 -476 477 483 308
Segment 10 eval: start=PORT-591 end=PORT-593 stations=25 (optimize)
  Segment 10 order: 366 -357 -356 -355 354 -352 -351 -322 -533 -532 -531 -530 -529 575 578 579 580 524 525 526 -523 -522 -521 -518 -517
Segment 11 eval: start=PORT-593 end=PORT-584 stations=32 (optimize)
  Segment 11 order: 515 516 -520 -519 -427 428 429 430 431 432 433 -434 447 -446 -445 439 -511 -510 -509 -508 -507 -504 -503 -488 -487 489 -482 493 -492 -491 -490 -502
Segment 12 eval: start=PORT-584 end=PORT-584 stations=8 (optimize)
  Segment 12 order: -485 -461 -459 460 -463 -484 462 -486
Segment 13 eval: start=PORT-584 end=BOAT-END stations=1 (optimize)
  Segment 13 order: 468
Cap boundary debug: PORT-583 -> [132 181 180 229 231 232 233 234 235 227 228 179 135 136 152 153 154 174 175 176 177 171 170 168 165 166 164 162 161 160 159 163 167 172 173 155 156 157 158 150 149 148 147 146 145 144 142 9 8 141 140 139 151 138 137 2 90 94 92] -> PORT-581 -> [68 69 67 66 53 54 56 55 52 51 38 48 39 40 47 46 43 45 44 42 41 34 33 30 29 27 26 28 31 32 36 35 37 50 49 396 397 398 395 394 393 392 391 390 389 388 387 402 385 403 384 383 382 414 413 412 409 408 410 411 380 378 379 377 376 375 374 373 372 371 370 369 359 360 358 353 349 350 326 328] -> PORT-591 | load_left=43029 load_right=43988 cap=45000
Set parameter Username
Set parameter LicenseID to value 2738882
Academic license - for non-commercial use only - expires 2026-11-14
Set parameter TimeLimit to value 300
Set parameter Seed to value 166277130
Set parameter Threads to value 4
Set parameter OutputFlag to value 1
Set parameter LogToConsole to value 1
Set parameter LazyConstraints to value 1
Gurobi Optimizer version 13.0.0 build v13.0.0rc1 (linux64 - "Debian GNU/Linux 13 (trixie)")

CPU model: AMD Ryzen 9 5950X 16-Core Processor, instruction set [SSE2|AVX|AVX2]
Thread count: 16 physical cores, 32 logical processors, using up to 4 threads

Non-default parameters:
TimeLimit  300
Seed  166277130
Threads  4
LazyConstraints  1

Optimize a model with 82330 rows, 238572 columns and 477132 nonzeros (Min)
Model fingerprint: 0xed04aa05
Model has 78960 linear objective coefficients
Variable types: 159048 continuous, 79524 integer (79524 binary)
Coefficient statistics:
  Matrix range     [1e+00, 4e+04]
  Objective range  [4e-01, 1e+05]
  Bounds range     [1e+00, 4e+04]
  RHS range        [1e+00, 9e+03]
Presolve removed 3092 rows and 81353 columns
Presolve time: 0.65s
Presolved: 79238 rows, 157219 columns, 472103 nonzeros
Variable types: 78118 continuous, 79101 integer (79101 binary)
Root relaxation presolved: 79238 rows, 157219 columns, 472103 nonzeros

Deterministic concurrent LP optimizer: primal and dual simplex
Showing primal log only...


Root simplex log...

Iteration    Objective       Primal Inf.    Dual Inf.      Time
   52446    6.9560541e+02   0.000000e+00   1.271740e+04      5s
  101529    6.4849389e+02   0.000000e+00   1.463077e+01     10s
  135774    7.9747551e+02   0.000000e+00   0.000000e+00     13s
Concurrent spin time: 0.00s

Solved with primal simplex

Root relaxation: objective 7.974755e+02, 135774 iterations, 12.32 seconds (23.83 work units)

    Nodes    |    Current Node    |     Objective Bounds      |     Work
 Expl Unexpl |  Obj  Depth IntInf | Incumbent    BestBd   Gap | It/Node Time

     0     0  797.47551    0  485          -  797.47551      -     -   16s
H    0     0                    1705.0786188  797.47551  53.2%     -   18s
H    0     0                    1167.7454034  797.47551  31.7%     -   19s
H    0     0                    1150.1630156  797.47551  30.7%     -   20s
H    0     0                    1124.9301946  797.47551  29.1%     -   21s
H    0     0                    1123.2097788  797.47551  29.0%     -   21s
H    0     0                    1121.7048902  797.47551  28.9%     -   21s
H    0     0                    1113.1438530  797.47551  28.4%     -   23s
H    0     0                    1111.6299325  797.47551  28.3%     -   24s
H    0     0                    1103.4808552  797.47551  27.7%     -   25s
H    0     0                    1041.7052384  797.47551  23.4%     -   26s
H    0     0                     999.1505548  797.47551  20.2%     -   27s
H    0     0                     998.8802431  797.47551  20.2%     -   27s
H    0     0                     996.2791091  797.47551  20.0%     -   28s
     0     0  797.47551    0  485  996.27911  797.47551  20.0%     -   31s
     0     0  800.55731    0  489  996.27911  800.55731  19.6%     -   46s
H    0     0                     995.6005644  800.56296  19.6%     -   47s
H    0     0                     990.3845822  800.56296  19.2%     -   48s
H    0     0                     971.6538534  800.56296  17.6%     -   49s
H    0     0                     967.7721820  800.56296  17.3%     -   52s
H    0     0                     965.4338354  800.56296  17.1%     -   54s
H    0     0                     965.1837258  800.56296  17.1%     -   54s
H    0     0                     945.5813528  800.56296  15.3%     -   54s
H    0     0                     945.4936615  800.56296  15.3%     -   54s
H    0     0                     942.5020500  800.56296  15.1%     -   55s
H    0     0                     927.3621652  800.56296  13.7%     -   55s
H    0     0                     898.3826922  800.56296  10.9%     -   56s
     0     0  802.59908    0  495  898.38269  802.59908  10.7%     -   61s
     0     0  806.21666    0  552  898.38269  806.21666  10.3%     -   69s
     0     0  806.21666    0  480  898.38269  806.21666  10.3%     -   77s
     0     0  806.21666    0  539  898.38269  806.21666  10.3%     -   89s
H    0     0                     896.6210336  806.21666  10.1%     -   89s
H    0     0                     893.6093902  806.21666  9.78%     -   90s
H    0     0                     893.2988385  806.21666  9.75%     -   91s
H    0     0                     892.2613784  806.21666  9.64%     -   92s
H    0     0                     892.2613778  806.21666  9.64%     -   94s
     0     0  808.24101    0  527  892.26138  808.24101  9.42%     -   96s
     0     0  808.34820    0  534  892.26138  808.34820  9.40%     -   98s
     0     0  808.34820    0  534  892.26138  808.34820  9.40%     -   98s
     0     0  812.50390    0  499  892.26138  812.50390  8.94%     -  107s
     0     0  812.58743    0  538  892.26138  812.58743  8.93%     -  107s
     0     0  812.58743    0  538  892.26138  812.58743  8.93%     -  107s
     0     0  815.64224    0  539  892.26138  815.64224  8.59%     -  122s
     0     0  816.82896    0  526  892.26138  816.82896  8.45%     -  123s
     0     0  816.84077    0  521  892.26138  816.84077  8.45%     -  124s
     0     0  816.84084    0  523  892.26138  816.84084  8.45%     -  124s
     0     0  818.03464    0  528  892.26138  818.03464  8.32%     -  129s
H    0     0                     879.2633208  818.03776  6.96%     -  129s
     0     0  818.03776    0  531  879.26332  818.03776  6.96%     -  129s
     0     0  818.98683    0  532  879.26332  818.98683  6.86%     -  133s
     0     0  818.98683    0  484  879.26332  818.98683  6.86%     -  139s
H    0     0                     879.2633200  818.98683  6.86%     -  140s
     0     0  818.98683    0  514  879.26332  818.98683  6.86%     -  145s
H    0     0                     878.0879259  818.98683  6.73%     -  148s
H    0     0                     871.2741709  818.98683  6.00%     -  149s
     0     0  818.98683    0  533  871.27417  818.98683  6.00%     -  155s
     0     0  818.98683    0  534  871.27417  818.98683  6.00%     -  156s
     0     0  818.98683    0  495  871.27417  818.98683  6.00%     -  158s
     0     0  819.00318    0  535  871.27417  819.00318  6.00%     -  162s
     0     0  819.00320    0  526  871.27417  819.00320  6.00%     -  162s
     0     0  819.00602    0  514  871.27417  819.00602  6.00%     -  163s
H    0     0                     870.0198175  819.00602  5.86%     -  164s
     0     0  819.01405    0  524  870.01982  819.01405  5.86%     -  164s
     0     0  819.01412    0  524  870.01982  819.01412  5.86%     -  164s
     0     0  819.75197    0  523  870.01982  819.75197  5.78%     -  169s
     0     0  819.75414    0  517  870.01982  819.75414  5.78%     -  169s
     0     0  819.99324    0  526  870.01982  819.99324  5.75%     -  171s
     0     0  820.00075    0  527  870.01982  820.00075  5.75%     -  173s
     0     0  820.00075    0  525  870.01982  820.00075  5.75%     -  173s
     0     0  820.08804    0  519  870.01982  820.08804  5.74%     -  175s
     0     0  820.08954    0  521  870.01982  820.08954  5.74%     -  175s
     0     0  820.08954    0  521  870.01982  820.08954  5.74%     -  176s
H    0     0                     868.7742053  820.08954  5.60%     -  177s
H    0     0                     868.0210025  820.08954  5.52%     -  177s
     0     0  820.08954    0  519  868.02100  820.08954  5.52%     -  180s
     0     0  820.09020    0  518  868.02100  820.09020  5.52%     -  180s
     0     0  820.09495    0  522  868.02100  820.09495  5.52%     -  181s
     0     0  820.09535    0  521  868.02100  820.09535  5.52%     -  181s
     0     0  820.10374    0  526  868.02100  820.10374  5.52%     -  182s
     0     0  820.10374    0  526  868.02100  820.10374  5.52%     -  182s
     0     0  820.10374    0  526  868.02100  820.10374  5.52%     -  182s
     0     0  820.10374    0  513  868.02100  820.10374  5.52%     -  183s
H    0     0                     867.5522036  820.10574  5.47%     -  187s
     0     0  824.83833    0  490  867.55220  824.83833  4.92%     -  194s
     0     0  824.83833    0  473  867.55220  824.83833  4.92%     -  198s
     0     0  824.83833    0  501  867.55220  824.83833  4.92%     -  205s
     0     0  824.83833    0  532  867.55220  824.83833  4.92%     -  206s
     0     0  824.83833    0  527  867.55220  824.83833  4.92%     -  206s
     0     0  824.83833    0  539  867.55220  824.83833  4.92%     -  206s
     0     0  824.83833    0  539  867.55220  824.83833  4.92%     -  206s
     0     0  824.83833    0  538  867.55220  824.83833  4.92%     -  208s
     0     0  824.83833    0  538  867.55220  824.83833  4.92%     -  209s
     0     0  824.83833    0  550  867.55220  824.83833  4.92%     -  214s
     0     0  824.83833    0  550  867.55220  824.83833  4.92%     -  215s
     0     0  824.83833    0  555  867.55220  824.83833  4.92%     -  217s
     0     0  824.83833    0  552  867.55220  824.83833  4.92%     -  218s
     0     0  824.83833    0  548  867.55220  824.83833  4.92%     -  218s
     0     0  824.83833    0  546  867.55220  824.83833  4.92%     -  218s
     0     0  824.83833    0  545  867.55220  824.83833  4.92%     -  218s
     0     0  824.83833    0  547  867.55220  824.83833  4.92%     -  219s
     0     0  824.83833    0  547  867.55220  824.83833  4.92%     -  221s
     0     0  824.83833    0  542  867.55220  824.83833  4.92%     -  221s
     0     0  824.83833    0  542  867.55220  824.83833  4.92%     -  222s
     0     0  824.83833    0  517  867.55220  824.83833  4.92%     -  222s
     0     2  825.52363    0  517  867.55220  825.52363  4.84%     -  227s
     7    12  825.52363    3  340  867.55220  825.52363  4.84%  1965  230s
    36    47  825.98971    9  346  867.55220  825.52363  4.84%  1515  235s
    57    67  826.57405   10  338  867.55220  825.52363  4.84%  1676  240s
    77    88  827.02543   15  292  867.55220  825.52363  4.84%  1671  246s
   144   172  828.92960   26  279  867.55220  825.52363  4.84%  1270  250s
   215   220  830.13122   46  253  867.55220  825.52363  4.84%   964  255s
   235   251  830.29273   51  239  867.55220  825.52363  4.84%   888  260s
H  268   284                     867.5521988  825.52363  4.84%   789  262s
   335   388  831.19616   69  238  867.55220  825.52363  4.84%   658  266s
   563   615  834.92707  141  217  867.55220  825.52363  4.84%   453  271s
   663   731  836.67276  171  193  867.55220  825.52363  4.84%   436  276s
   789   870  837.58249  212  192  867.55220  825.52363  4.84%   425  281s
  1026  1076  840.99269  306  162  867.55220  825.52363  4.84%   379  287s
  1119  1133  825.52363    7  293  867.55220  825.52363  4.84%   395  290s
  1249  1260  825.52363   33  251  867.55220  825.52363  4.84%   381  295s

Cutting planes:
  Gomory: 26
  Cover: 2
  Implied bound: 140
  Clique: 7
  MIR: 62
  Flow cover: 72
  Zero half: 28
  Mod-K: 1
  Network: 4
  RLT: 6
  Relax-and-lift: 133
  BQP: 3

Explored 1535 nodes (1271315 simplex iterations) in 300.01 seconds (713.62 work units)
Thread count was 4 (of 32 available processors)

Solution count 10: 867.552 868.021 868.774 ... 893.609

Time limit reached
Best objective 8.675521987949e+02, best bound 8.255236337575e+02, gap 4.8445%

User-callback calls 48680, time in user-callback 0.02 sec
Cap boundary reject: PORT-581 segment infeasible left=658.746 right=100545.438
Cap boundary reject: PORT-581 real=1000000000000000052504760255204420248704468581108159154915854115511802457988908195786371375080447864043704443832883878176942523235360430575644792184786706982848387200926575803737830233794788090059368953234970799945081119038967640880074652742780142494579258788820056842838115669472196386865459400540160.000 baseline=881.974
Cap boundary debug: PORT-581 -> [68 69 67 66 53 54 56 55 52 51 38 48 39 40 47 46 43 45 44 42 41 34 33 30 29 27 26 28 31 32 36 35 37 50 49 396 397 398 395 394 393 392 391 390 389 388 387 402 385 403 384 383 382 414 413 412 409 408 410 411 380 378 379 377 376 375 374 373 372 371 370 369 359 360 358 353 349 350 326 328] -> PORT-591 -> [346 276 277 278 279 280 281 341 342 343 344 345 334 335 336 337 338 339 321 323 324 325 327 329 331 332 330 333 347 363 364 362 361 348 365 367 368 426 381 425 417 416 415 418 419 420 421 423 422 424 404 405 406 407 399 400 401 386 62 61 60 58 64 65 63 57 59 76 70 77 78 75 71 72 73 74 79 80 91 96 95 89 88 81 82 83 84 87 86 85 24 23 22 567] -> PORT-593 | load_left=43988 load_right=43986 cap=45000
Set parameter Username
Set parameter LicenseID to value 2738882
Academic license - for non-commercial use only - expires 2026-11-14
Set parameter TimeLimit to value 300
Set parameter Seed to value 653928070
Set parameter Threads to value 4
Set parameter OutputFlag to value 1
Set parameter LogToConsole to value 1
Set parameter LazyConstraints to value 1
Gurobi Optimizer version 13.0.0 build v13.0.0rc1 (linux64 - "Debian GNU/Linux 13 (trixie)")

CPU model: AMD Ryzen 9 5950X 16-Core Processor, instruction set [SSE2|AVX|AVX2]
Thread count: 16 physical cores, 32 logical processors, using up to 4 threads

Non-default parameters:
TimeLimit  300
Seed  653928070
Threads  4
LazyConstraints  1

Optimize a model with 127410 rows, 371712 columns and 743412 nonzeros (Min)
Model fingerprint: 0x0b801aa2
Model has 123200 linear objective coefficients
Variable types: 247808 continuous, 123904 integer (123904 binary)
Coefficient statistics:
  Matrix range     [1e+00, 4e+04]
  Objective range  [1e+00, 1e+05]
  Bounds range     [1e+00, 4e+04]
  RHS range        [1e+00, 1e+04]
Presolve removed 3862 rows and 126188 columns
Presolve time: 0.94s
Presolved: 123548 rows, 245524 columns, 736827 nonzeros
Variable types: 122148 continuous, 123376 integer (123376 binary)
Root relaxation presolved: 123548 rows, 245524 columns, 736827 nonzeros

Deterministic concurrent LP optimizer: primal simplex, dual simplex, and barrier
Showing barrier log only...

Root barrier log...

Ordering time: 0.07s

Barrier statistics:
 AA' NZ     : 7.387e+05
 Factor NZ  : 1.591e+06 (roughly 160 MB of memory)
 Factor Ops : 9.063e+08 (less than 1 second per iteration)
 Threads    : 2

                  Objective                Residual
Iter       Primal          Dual         Primal    Dual     Compl     Time
   0   5.15604683e+10 -7.73924375e+13  3.12e+05 1.46e-11  2.11e+08     2s
   1   2.45975510e+10 -5.28343991e+13  1.49e+05 2.79e+04  1.24e+08     2s
   2   1.74862061e+10 -2.99576952e+12  1.06e+05 5.21e-10  2.81e+07     2s
   3   7.05859363e+09 -1.18283872e+12  4.28e+04 6.69e-10  1.10e+07     2s
   4   4.91451685e+09 -9.27018710e+11  2.98e+04 8.04e-10  7.80e+06     2s
   5   2.48504745e+09 -4.53291450e+11  1.51e+04 7.66e-10  3.83e+06     2s
   6   3.33807500e+08 -3.37819207e+11  1.99e+03 2.08e-09  9.59e+05     2s
   7   1.46110275e+07 -1.58845933e+11  5.49e+01 7.98e-10  2.69e+05     2s
   8   6.66987246e+06 -2.65197716e+10  6.22e+00 4.37e-10  4.40e+04     2s
   9   6.49798955e+06 -2.31025122e+10  5.09e+00 1.19e-09  3.82e+04     3s
  10   6.44194843e+06 -2.14313365e+10  4.72e+00 1.33e-09  3.55e+04     3s
  11   6.27049931e+06 -1.75898293e+10  3.54e+00 1.90e-09  2.90e+04     3s
  12   6.19412156e+06 -1.43454425e+10  3.06e+00 1.54e-09  2.36e+04     3s
  13   5.92896071e+06 -8.66749263e+09  1.65e+00 1.48e-09  1.42e+04     3s
  14   5.77939850e+06 -4.10655100e+09  9.44e-01 1.12e-09  6.73e+03     3s
  15   5.61601500e+06 -2.82027492e+08  2.41e-01 2.87e-09  4.70e+02     3s
  16   5.16860564e+06 -6.74802899e+07  3.11e-02 1.06e-09  1.19e+02     3s
  17   4.53409715e+06 -3.74629847e+07  2.25e-02 5.97e-10  6.85e+01     3s
  18   3.03251926e+06 -3.35637059e+07  4.24e-03 5.97e-10  5.97e+01     3s
  19   1.86213436e+06 -2.21071864e+07  9.65e-04 1.52e-09  3.91e+01     3s
  20   3.98468771e+05 -2.96339469e+06  3.94e-08 5.24e-10  5.48e+00     3s
  21   2.70804563e+04 -4.06650811e+05  1.07e-09 2.93e-10  7.07e-01     3s
  22   1.35337628e+04 -1.90717116e+05  4.60e-10 4.80e-10  3.33e-01     4s
  23   1.17496803e+04 -1.00278934e+05  1.74e-09 5.97e-10  1.83e-01     4s
  24   1.06283127e+04 -2.42294805e+04  1.27e-09 5.32e-10  5.68e-02     4s
  25   8.38015996e+03 -1.50000825e+04  2.67e-10 5.38e-10  3.81e-02     4s
  26   6.01391885e+03 -1.00679556e+04  1.23e-10 6.26e-10  2.62e-02     4s
  27   4.04435929e+03 -5.44944214e+03  2.84e-10 5.82e-10  1.55e-02     4s
  28   3.02313516e+03 -3.03384932e+03  3.27e-10 4.80e-10  9.88e-03     4s
  29   2.44125043e+03 -1.74341351e+03  1.93e-10 6.56e-10  6.82e-03     4s
  30   2.07205174e+03 -3.02807593e+02  1.21e-10 6.69e-10  3.87e-03     4s
  31   1.51924071e+03  6.62875898e+02  2.87e-11 5.69e-10  1.40e-03     4s
  32   1.32537697e+03  1.11641074e+03  8.19e-10 3.81e-10  3.41e-04     5s
  33   1.30455535e+03  1.23319152e+03  2.30e-10 4.97e-10  1.16e-04     5s
  34   1.29931664e+03  1.26169643e+03  1.16e-10 4.76e-10  6.14e-05     5s
  35   1.29649682e+03  1.27495538e+03  5.45e-10 4.95e-10  3.51e-05     5s
  36   1.29380069e+03  1.28600214e+03  4.83e-10 2.96e-10  1.27e-05     5s
  37   1.29209578e+03  1.28965918e+03  5.62e-09 4.24e-10  3.97e-06     5s
  38   1.29183749e+03  1.29080151e+03  1.56e-09 5.27e-10  1.69e-06     5s
  39   1.29174463e+03  1.29140467e+03  4.52e-10 5.35e-10  5.54e-07     5s
  40   1.29172212e+03  1.29148854e+03  2.36e-10 6.59e-10  3.81e-07     5s
  41   1.29171220e+03  1.29162474e+03  1.51e-10 4.55e-10  1.43e-07     5s
  42   1.29169582e+03  1.29168446e+03  8.48e-11 3.47e-10  1.85e-08     6s
  43   1.29169220e+03  1.29168939e+03  5.05e-09 4.77e-10  4.59e-09     6s
  44   1.29169171e+03  1.29169151e+03  8.20e-09 4.31e-10  3.21e-10     6s
  45   1.29169161e+03  1.29169156e+03  9.13e-09 5.38e-10  7.61e-11     6s
  46   1.29169161e+03  1.29169160e+03  3.77e-09 2.97e-10  1.83e-12     6s

Barrier solved model in 46 iterations and 5.90 seconds (7.92 work units)
Optimal objective 1.29169161e+03


Root crossover log...

  121421 DPushes remaining with DInf 2.2809696e-02                 6s
       0 DPushes remaining with DInf 1.5341419e-02                 6s

     415 PPushes remaining with PInf 6.3007065e-05                 6s
       0 PPushes remaining with PInf 0.0000000e+00                 6s

  Push phase complete: Pinf 0.0000000e+00, Dinf 3.8903429e-01      6s


Root simplex log...

Iteration    Objective       Primal Inf.    Dual Inf.      Time
   60431    1.2916916e+03   0.000000e+00   3.890343e-01      6s
   62225    1.2916916e+03   0.000000e+00   0.000000e+00      6s
Crossover time: 0.47 seconds (0.65 work units)
Concurrent spin time: 0.00s

Solved with barrier

Root relaxation: objective 1.291692e+03, 62225 iterations, 5.04 seconds (5.74 work units)

    Nodes    |    Current Node    |     Objective Bounds      |     Work
 Expl Unexpl |  Obj  Depth IntInf | Incumbent    BestBd   Gap | It/Node Time

     0     0 1291.69161    0  612          - 1291.69161      -     -    7s
H    0     0                    1921.1113858 1291.69161  32.8%     -   13s
H    0     0                    1910.3493242 1291.69161  32.4%     -   15s
H    0     0                    1884.8883776 1291.69161  31.5%     -   16s
     0     0 1296.65866    0  710 1884.88838 1296.65866  31.2%     -   27s
     0     0 1296.65866    0  616 1884.88838 1296.65866  31.2%     -   33s
H    0     0                    1856.6381868 1296.65866  30.2%     -   35s
H    0     0                    1801.8030882 1296.65866  28.0%     -   36s
     0     0 1297.59284    0  700 1801.80309 1297.59284  28.0%     -   45s
H    0     0                    1728.3128562 1297.60371  24.9%     -   50s
H    0     0                    1727.7428052 1297.60371  24.9%     -   51s
H    0     0                    1707.1521129 1297.60371  24.0%     -   52s
     0     0 1297.60371    0  700 1707.15211 1297.60371  24.0%     -   61s
     0     0 1297.60371    0  700 1707.15211 1297.60371  24.0%     -   79s
     0     0 1297.60371    0  700 1707.15211 1297.60371  24.0%     -   95s
H    0     0                    1688.4667968 1297.60371  23.1%     -  107s
     0     0 1298.59729    0  708 1688.46680 1298.59729  23.1%     -  113s
     0     0 1298.66312    0  698 1688.46680 1298.66312  23.1%     -  114s
     0     0 1298.66317    0  698 1688.46680 1298.66317  23.1%     -  114s
     0     0 1305.79288    0  756 1688.46680 1305.79288  22.7%     -  122s
H    0     0                    1681.1729283 1305.84301  22.3%     -  124s
H    0     0                    1677.6501084 1305.84301  22.2%     -  124s
H    0     0                    1677.6501076 1305.84301  22.2%     -  125s
H    0     0                    1677.6501058 1305.84301  22.2%     -  126s
     0     0 1312.91105    0  770 1677.65011 1312.91105  21.7%     -  130s
     0     0 1313.20801    0  764 1677.65011 1313.20801  21.7%     -  130s
     0     0 1313.21084    0  769 1677.65011 1313.21084  21.7%     -  130s
     0     0 1313.21157    0  771 1677.65011 1313.21157  21.7%     -  130s
     0     0 1319.18425    0  784 1677.65011 1319.18425  21.4%     -  135s
     0     0 1319.19778    0  791 1677.65011 1319.19778  21.4%     -  136s
     0     0 1319.19851    0  796 1677.65011 1319.19851  21.4%     -  136s
     0     0 1320.65649    0  798 1677.65011 1320.65649  21.3%     -  142s
     0     0 1320.65724    0  807 1677.65011 1320.65724  21.3%     -  143s
     0     0 1324.16670    0  790 1677.65011 1324.16670  21.1%     -  147s
     0     0 1324.20009    0  776 1677.65011 1324.20009  21.1%     -  148s
     0     0 1324.20305    0  784 1677.65011 1324.20305  21.1%     -  148s
     0     0 1324.94377    0  794 1677.65011 1324.94377  21.0%     -  151s
     0     0 1324.94603    0  807 1677.65011 1324.94603  21.0%     -  155s
     0     0 1326.00400    0  818 1677.65011 1326.00400  21.0%     -  158s
     0     0 1326.85859    0  808 1677.65011 1326.85859  20.9%     -  159s
     0     0 1326.85859    0  808 1677.65011 1326.85859  20.9%     -  159s
     0     0 1328.62711    0  786 1677.65011 1328.62711  20.8%     -  164s
     0     0 1328.64519    0  795 1677.65011 1328.64519  20.8%     -  166s
     0     0 1328.64538    0  815 1677.65011 1328.64538  20.8%     -  167s
     0     0 1329.53829    0  810 1677.65011 1329.53829  20.7%     -  170s
     0     0 1329.54432    0  791 1677.65011 1329.54432  20.7%     -  171s
     0     0 1329.81009    0  810 1677.65011 1329.81009  20.7%     -  175s
     0     0 1329.82515    0  820 1677.65011 1329.82515  20.7%     -  179s
     0     0 1329.82660    0  819 1677.65011 1329.82660  20.7%     -  180s
     0     0 1329.83428    0  803 1677.65011 1329.83428  20.7%     -  185s
     0     0 1329.86544    0  798 1677.65011 1329.86544  20.7%     -  186s
     0     0 1329.86564    0  800 1677.65011 1329.86564  20.7%     -  186s
     0     0 1329.90252    0  805 1677.65011 1329.90252  20.7%     -  189s
     0     0 1329.90252    0  805 1677.65011 1329.90252  20.7%     -  189s
     0     0 1329.90252    0  788 1677.65011 1329.90252  20.7%     -  191s
     0     2 1329.90252    0  788 1677.65011 1329.90252  20.7%     -  214s
     1     3 1330.62929    1  756 1677.65011 1329.97104  20.7%  6476  220s
     2     5 1330.83195    2  763 1677.65011 1329.97104  20.7%  3855  229s
     4     9 1330.84304    3  761 1677.65011 1330.62929  20.7%  4354  237s
     8    13 1331.56827    4  752 1677.65011 1330.62929  20.7%  3288  243s
    12    22 1331.67349    5  748 1677.65011 1330.62929  20.7%  2753  247s
    21    28 1334.46701    9  739 1677.65011 1330.62929  20.7%  1789  251s
    27    36 1333.78331   10  722 1677.65011 1330.62929  20.7%  1530  256s
    35    40 1332.61211   10  695 1677.65011 1330.62929  20.7%  1421  261s
    39    48 1332.61243   11  690 1677.65011 1330.62929  20.7%  1354  265s
    47    52 1333.75632   14  705 1677.65011 1330.62929  20.7%  1291  272s
    51    60 1337.20038   15  720 1677.65011 1330.62929  20.7%  1292  275s
    65    73 1333.95170   16  675 1677.65011 1330.62929  20.7%  1169  284s
    72    78 1335.91295   17  672 1677.65011 1330.62929  20.7%  1162  287s
    77    82 1336.77148   12  679 1677.65011 1330.62929  20.7%  1171  294s
    81    88 1336.14301   19  663 1677.65011 1330.62929  20.7%  1148  300s

Cutting planes:
  Gomory: 1
  Cover: 6
  Implied bound: 365
  MIR: 83
  Flow cover: 191
  Zero half: 59
  Network: 4
  RLT: 3
  Relax-and-lift: 387
  Lazy constraints: 3

Explored 87 nodes (271466 simplex iterations) in 300.02 seconds (743.82 work units)
Thread count was 4 (of 32 available processors)

Solution count 10: 1677.65 1677.65 1681.17 ... 1884.89

Time limit reached
Best objective 1.677650105842e+03, best bound 1.330629291575e+03, gap 20.6849%

User-callback calls 48140, time in user-callback 0.02 sec
Cap boundary reject: PORT-591 real=1695.477 baseline=1586.646
Cap boundary debug: PORT-591 -> [346 276 277 278 279 280 281 341 342 343 344 345 334 335 336 337 338 339 321 323 324 325 327 329 331 332 330 333 347 363 364 362 361 348 365 367 368 426 381 425 417 416 415 418 419 420 421 423 422 424 404 405 406 407 399 400 401 386 62 61 60 58 64 65 63 57 59 76 70 77 78 75 71 72 73 74 79 80 91 96 95 89 88 81 82 83 84 87 86 85 24 23 22 567] -> PORT-593 -> [514 513 512 436 435 438 437 440 441 442 443 444 506 505 449 448 450 451 452 453 454 455 456 457 458 464 465 480 307] -> PORT-591 | load_left=43986 load_right=43992 cap=45000
Set parameter Username
Set parameter LicenseID to value 2738882
Academic license - for non-commercial use only - expires 2026-11-14
Set parameter TimeLimit to value 300
Set parameter Seed to value 2000000000
Set parameter Threads to value 4
Set parameter OutputFlag to value 1
Set parameter LogToConsole to value 1
Set parameter LazyConstraints to value 1
Gurobi Optimizer version 13.0.0 build v13.0.0rc1 (linux64 - "Debian GNU/Linux 13 (trixie)")

CPU model: AMD Ryzen 9 5950X 16-Core Processor, instruction set [SSE2|AVX|AVX2]
Thread count: 16 physical cores, 32 logical processors, using up to 4 threads

Non-default parameters:
TimeLimit  300
Seed  2000000000
Threads  4
LazyConstraints  1

Optimize a model with 64986 rows, 187500 columns and 374988 nonzeros (Min)
Model fingerprint: 0x092072f1
Model has 62000 linear objective coefficients
Variable types: 125000 continuous, 62500 integer (62500 binary)
Coefficient statistics:
  Matrix range     [1e+00, 4e+04]
  Objective range  [8e-01, 1e+05]
  Bounds range     [1e+00, 4e+04]
  RHS range        [1e+00, 1e+04]
Presolve removed 2740 rows and 64121 columns
Presolve time: 0.44s
Presolved: 62246 rows, 123379 columns, 370655 nonzeros
Variable types: 61254 continuous, 62125 integer (62125 binary)
Root relaxation presolved: 62246 rows, 123379 columns, 370655 nonzeros

Deterministic concurrent LP optimizer: primal and dual simplex
Showing primal log only...


Root simplex log...

Iteration    Objective       Primal Inf.    Dual Inf.      Time
   68972    1.0500523e+03   0.000000e+00   8.676301e+02      5s
   72394    1.0528733e+03   0.000000e+00   0.000000e+00      5s
Concurrent spin time: 0.00s

Solved with primal simplex

Root relaxation: objective 1.052873e+03, 72394 iterations, 4.64 seconds (9.30 work units)

    Nodes    |    Current Node    |     Objective Bounds      |     Work
 Expl Unexpl |  Obj  Depth IntInf | Incumbent    BestBd   Gap | It/Node Time

     0     0 1052.87333    0  474          - 1052.87333      -     -    5s
H    0     0                    2651.7380379 1052.87333  60.3%     -    7s
H    0     0                    2541.3115231 1052.87333  58.6%     -    8s
H    0     0                    2014.6666670 1052.87333  47.7%     -   11s
H    0     0                    2014.5161169 1052.87333  47.7%     -   12s
H    0     0                    1980.4901945 1052.87333  46.8%     -   12s
H    0     0                    1970.1009451 1052.87333  46.6%     -   12s
H    0     0                    1969.1847362 1052.87333  46.5%     -   12s
H    0     0                    1967.5189731 1052.87333  46.5%     -   12s
H    0     0                    1960.3053871 1052.87333  46.3%     -   12s
H    0     0                    1947.0972769 1052.87333  45.9%     -   13s
H    0     0                    1901.8591344 1052.87333  44.6%     -   14s
H    0     0                    1882.2711395 1052.87333  44.1%     -   14s
H    0     0                    1880.2917279 1052.87333  44.0%     -   14s
H    0     0                    1876.5476997 1052.87333  43.9%     -   14s
     0     0 1052.87333    0  474 1876.54770 1052.87333  43.9%     -   15s
H    0     0                    1868.9116384 1052.87333  43.7%     -   15s
H    0     0                    1864.8652025 1052.87333  43.5%     -   15s
H    0     0                    1859.3345900 1052.87333  43.4%     -   16s
H    0     0                    1858.5380096 1052.87333  43.3%     -   16s
H    0     0                    1858.1853226 1052.87333  43.3%     -   19s
     0     0 1079.35946    0  463 1858.18532 1079.35946  41.9%     -   20s
     0     0 1085.09496    0  552 1858.18532 1085.09496  41.6%     -   23s
     0     0 1085.09496    0  467 1858.18532 1085.09496  41.6%     -   27s
H    0     0                    1856.9634719 1085.09496  41.6%     -   27s
H    0     0                    1833.8779688 1085.09496  40.8%     -   28s
     0     0 1085.09496    0  467 1833.87797 1085.09496  40.8%     -   30s
H    0     0                    1833.5468463 1085.09496  40.8%     -   30s
H    0     0                    1833.4355683 1085.09496  40.8%     -   30s
H    0     0                    1831.7772302 1085.09496  40.8%     -   32s
     0     0 1399.90203    0  526 1831.77723 1399.90203  23.6%     -   36s
     0     0 1399.90209    0  526 1831.77723 1399.90209  23.6%     -   36s
     0     0 1402.91719    0  580 1831.77723 1402.91719  23.4%     -   41s
H    0     0                    1821.3244974 1402.91732  23.0%     -   41s
H    0     0                    1796.4095820 1402.91732  21.9%     -   41s
H    0     0                    1796.1405745 1402.91732  21.9%     -   41s
H    0     0                    1790.0365319 1402.91732  21.6%     -   41s
H    0     0                    1788.6476737 1402.91732  21.6%     -   41s
H    0     0                    1787.9371457 1402.91732  21.5%     -   41s
H    0     0                    1783.5017228 1402.91732  21.3%     -   41s
H    0     0                    1778.8986001 1402.91732  21.1%     -   42s
H    0     0                    1776.9461016 1402.91732  21.0%     -   42s
H    0     0                    1765.7105268 1402.91732  20.5%     -   42s
H    0     0                    1761.5034735 1402.91732  20.4%     -   42s
H    0     0                    1756.7419746 1402.91732  20.1%     -   42s
     0     0 1403.19717    0  578 1756.74197 1403.19717  20.1%     -   43s
     0     0 1403.19717    0  578 1756.74197 1403.19717  20.1%     -   43s
     0     0 1411.52340    0  576 1756.74197 1411.52340  19.7%     -   48s
     0     0 1412.02552    0  576 1756.74197 1412.02552  19.6%     -   48s
     0     0 1412.04289    0  588 1756.74197 1412.04289  19.6%     -   48s
     0     0 1412.04827    0  591 1756.74197 1412.04827  19.6%     -   49s
     0     0 1412.04827    0  590 1756.74197 1412.04827  19.6%     -   49s
     0     0 1415.95275    0  583 1756.74197 1415.95275  19.4%     -   58s
H    0     0                    1756.3723362 1415.95492  19.4%     -   59s
     0     0 1416.55811    0  599 1756.37234 1416.55811  19.3%     -   62s
     0     0 1416.57714    0  604 1756.37234 1416.57714  19.3%     -   62s
     0     0 1416.57906    0  606 1756.37234 1416.57906  19.3%     -   62s
     0     0 1418.36391    0  622 1756.37234 1418.36391  19.2%     -   70s
     0     0 1418.69158    0  622 1756.37234 1418.69158  19.2%     -   71s
     0     0 1418.71398    0  626 1756.37234 1418.71398  19.2%     -   71s
     0     0 1418.71925    0  627 1756.37234 1418.71925  19.2%     -   71s
     0     0 1418.71925    0  626 1756.37234 1418.71925  19.2%     -   71s
     0     0 1419.68351    0  619 1756.37234 1419.68351  19.2%     -   75s
     0     0 1420.63826    0  629 1756.37234 1420.63826  19.1%     -   75s
     0     0 1420.63826    0  626 1756.37234 1420.63826  19.1%     -   75s
     0     0 1420.63826    0  631 1756.37234 1420.63826  19.1%     -   78s
     0     0 1420.63826    0  631 1756.37234 1420.63826  19.1%     -   78s
     0     0 1420.63826    0  634 1756.37234 1420.63826  19.1%     -   79s
     0     0 1420.63826    0  631 1756.37234 1420.63826  19.1%     -   79s
     0     0 1420.63826    0  621 1756.37234 1420.63826  19.1%     -   80s
     0     0 1420.63826    0  609 1756.37234 1420.63826  19.1%     -   81s
     0     0 1420.63826    0  621 1756.37234 1420.63826  19.1%     -   81s
     0     0 1420.63826    0  624 1756.37234 1420.63826  19.1%     -   81s
     0     0 1421.30493    0  614 1756.37234 1421.30493  19.1%     -   83s
     0     0 1421.34698    0  622 1756.37234 1421.34698  19.1%     -   83s
     0     0 1421.35792    0  619 1756.37234 1421.35792  19.1%     -   83s
     0     0 1421.36797    0  620 1756.37234 1421.36797  19.1%     -   84s
     0     0 1421.36810    0  620 1756.37234 1421.36810  19.1%     -   84s
     0     0 1421.83288    0  627 1756.37234 1421.83288  19.0%     -   85s
     0     0 1421.86636    0  632 1756.37234 1421.86636  19.0%     -   85s
     0     0 1421.86636    0  635 1756.37234 1421.86636  19.0%     -   85s
     0     0 1421.87900    0  623 1756.37234 1421.87900  19.0%     -   86s
     0     0 1421.88376    0  641 1756.37234 1421.88376  19.0%     -   86s
     0     0 1421.88601    0  635 1756.37234 1421.88601  19.0%     -   86s
     0     0 1421.90276    0  642 1756.37234 1421.90276  19.0%     -   87s
     0     0 1421.91512    0  644 1756.37234 1421.91512  19.0%     -   87s
     0     0 1424.22274    0  625 1756.37234 1424.22274  18.9%     -   89s
     0     0 1424.22843    0  633 1756.37234 1424.22843  18.9%     -   89s
     0     0 1424.22885    0  629 1756.37234 1424.22885  18.9%     -   89s
     0     0 1425.08753    0  613 1756.37234 1425.08753  18.9%     -   91s
     0     0 1425.77233    0  611 1756.37234 1425.77233  18.8%     -   92s
     0     0 1425.98024    0  615 1756.37234 1425.98024  18.8%     -   93s
     0     0 1425.99927    0  626 1756.37234 1425.99927  18.8%     -   93s
     0     0 1426.00822    0  631 1756.37234 1426.00822  18.8%     -   93s
     0     0 1426.00858    0  630 1756.37234 1426.00858  18.8%     -   93s
     0     0 1426.86565    0  607 1756.37234 1426.86565  18.8%     -   95s
H    0     0                    1756.1120937 1426.86565  18.7%     -   96s
H    0     0                    1755.5059124 1426.86565  18.7%     -   96s
H    0     0                    1753.5534138 1426.86565  18.6%     -   97s
     0     0 1427.00784    0  616 1753.55341 1427.00784  18.6%     -   98s
     0     0 1427.01526    0  619 1753.55341 1427.01526  18.6%     -   99s
     0     0 1427.01687    0  612 1753.55341 1427.01687  18.6%     -   99s
     0     0 1427.25442    0  608 1753.55341 1427.25442  18.6%     -  100s
     0     0 1427.62744    0  619 1753.55341 1427.62744  18.6%     -  100s
     0     0 1427.63270    0  621 1753.55341 1427.63270  18.6%     -  100s
     0     0 1428.02528    0  619 1753.55341 1428.02528  18.6%     -  101s
     0     0 1428.12893    0  625 1753.55341 1428.12893  18.6%     -  102s
     0     0 1428.15890    0  630 1753.55341 1428.15890  18.6%     -  103s
     0     0 1428.15941    0  631 1753.55341 1428.15941  18.6%     -  103s
     0     0 1428.47800    0  643 1753.55341 1428.47800  18.5%     -  104s
     0     0 1428.61416    0  639 1753.55341 1428.61416  18.5%     -  105s
     0     0 1428.61834    0  644 1753.55341 1428.61834  18.5%     -  105s
     0     0 1428.79322    0  634 1753.55341 1428.79322  18.5%     -  106s
     0     0 1428.82499    0  644 1753.55341 1428.82499  18.5%     -  107s
     0     0 1428.82764    0  649 1753.55341 1428.82764  18.5%     -  107s
     0     0 1428.94730    0  628 1753.55341 1428.94730  18.5%     -  108s
     0     0 1429.02529    0  635 1753.55341 1429.02529  18.5%     -  109s
     0     0 1429.02774    0  640 1753.55341 1429.02774  18.5%     -  109s
     0     0 1429.04398    0  646 1753.55341 1429.04398  18.5%     -  110s
     0     0 1429.05178    0  648 1753.55341 1429.05178  18.5%     -  110s
     0     0 1429.05606    0  655 1753.55341 1429.05606  18.5%     -  111s
     0     0 1429.11684    0  638 1753.55341 1429.11684  18.5%     -  111s
     0     0 1429.11910    0  641 1753.55341 1429.11910  18.5%     -  113s
     0     0 1429.14209    0  643 1753.55341 1429.14209  18.5%     -  114s
     0     0 1429.14497    0  648 1753.55341 1429.14497  18.5%     -  114s
     0     0 1429.14937    0  651 1753.55341 1429.14937  18.5%     -  114s
     0     0 1429.14937    0  651 1753.55341 1429.14937  18.5%     -  114s
     0     0 1429.14937    0  622 1753.55341 1429.14937  18.5%     -  115s
     0     2 1429.14937    0  622 1753.55341 1429.14937  18.5%     -  146s
     3     8 1431.34492    2  605 1753.55341 1430.10539  18.4%  1697  150s
H   10    12                    1752.6700854 1430.52871  18.4%  1741  151s
    15    20 1438.15663    5  627 1752.67009 1430.52871  18.4%  2484  157s
    19    24 1437.71041    5  618 1752.67009 1430.52871  18.4%  2786  160s
H   26    28                    1749.4890651 1430.52871  18.2%  2620  163s
    27    33 1440.88341    7  615 1749.48907 1430.52871  18.2%  2584  165s
H   29    33                    1745.5372898 1430.52871  18.0%  2447  165s
    36    41 1441.54706    9  600 1745.53729 1430.52871  18.0%  2311  171s
H   43    46                    1745.5372605 1430.52871  18.0%  2177  173s
    45    52 1445.64243   11  597 1745.53726 1430.52871  18.0%  2203  177s
H   46    52                    1731.9725117 1430.52871  17.4%  2155  177s
H   50    52                    1715.8317881 1430.52871  16.6%  2191  177s
    51    60 1452.65552   13  578 1715.83179 1430.52871  16.6%  2279  180s
H   52    60                    1703.2537822 1430.52871  16.0%  2235  180s
H   59    64                    1695.4141502 1430.52871  15.6%  2069  182s
    63    72 1452.76361   14  577 1695.41415 1430.52871  15.6%  2174  185s
H   65    72                    1690.2397487 1430.52871  15.4%  2109  185s
H   70    72                    1688.6287626 1430.52871  15.3%  2030  185s
H   72    78                    1686.3968680 1430.52871  15.2%  2005  187s
H   79    85                    1680.9586993 1430.52871  14.9%  1980  189s
    84    91 1457.26729   18  574 1680.95870 1430.52871  14.9%  1976  193s
H   88    91                    1679.0742071 1430.52871  14.8%  1961  193s
    90    97 1457.67450   19  574 1679.07421 1430.52871  14.8%  2030  197s
   100   109 1457.95950   20  570 1679.07421 1430.52871  14.8%  2037  202s
   108   113 1458.03432   21  570 1679.07421 1430.52871  14.8%  2011  205s
H  109   113                    1678.0438921 1430.52871  14.8%  1993  205s
   125   138 1459.95847   25  545 1678.04389 1430.52871  14.8%  1830  211s
   152   161 1461.15892   29  536 1678.04389 1430.52871  14.8%  1684  217s
H  159   161                    1677.2271011 1430.52871  14.7%  1676  217s
   160   172 1462.27300   30  540 1677.22710 1430.52871  14.7%  1673  222s
H  162   172                    1675.1025518 1430.52871  14.6%  1652  222s
   171   182 1462.66270   32  538 1675.10255 1430.52871  14.6%  1616  226s
H  176   182                    1673.4039174 1430.52871  14.5%  1570  226s
   181   210 1464.65896   37  564 1673.40392 1430.52871  14.5%  1558  230s
   223   232 1472.30076   49  544 1673.40392 1430.52871  14.5%  1461  238s
H  225   232                    1673.4039169 1430.52871  14.5%  1449  238s
H  226   232                    1672.6213882 1430.52871  14.5%  1445  238s
   231   242 1476.23546   50  512 1672.62139 1430.52871  14.5%  1431  243s
   241   256 1476.10582   52  521 1672.62139 1430.52871  14.5%  1501  248s
   255   260 1481.53849   54  531 1672.62139 1430.52871  14.5%  1539  252s
   259   273 1477.96590   55  534 1672.62139 1430.52871  14.5%  1558  258s
H  270   273                    1671.9966773 1430.52871  14.4%  1535  258s
   272   291 1479.59202   62  542 1671.99668 1430.52871  14.4%  1529  265s
   308   313 1482.80369   72  539 1671.99668 1430.52871  14.4%  1497  273s
H  311   313                    1671.7099764 1430.52871  14.4%  1507  273s
H  312   322                    1670.8966372 1430.52871  14.4%  1503  279s
H  319   322                    1668.6251835 1430.52871  14.3%  1481  279s
H  320   322                    1665.8553420 1430.52871  14.1%  1482  279s
   321   352 1482.97244   74  532 1665.85534 1430.52871  14.1%  1485  284s
   351   375 1488.10883   75  513 1665.85534 1430.52871  14.1%  1455  290s
   374   388 1489.03913   77  529 1665.85534 1430.52871  14.1%  1461  295s
   387   392 1489.50091   78  533 1665.85534 1430.52871  14.1%  1486  300s
H  388   392                    1665.8324777 1430.52871  14.1%  1482  300s

Cutting planes:
  Lift-and-project: 2
  Cover: 12
  Implied bound: 310
  MIR: 107
  StrongCG: 2
  Flow cover: 130
  Zero half: 43
  Network: 23
  RLT: 18
  Relax-and-lift: 287
  BQP: 5
  Lazy constraints: 1

Explored 391 nodes (809837 simplex iterations) in 300.01 seconds (928.49 work units)
Thread count was 4 (of 32 available processors)

Solution count 10: 1665.83 1665.86 1668.63 ... 1675.1

Time limit reached
Best objective 1.665832477705e+03, best bound 1.430528713102e+03, gap 14.1253%

User-callback calls 67142, time in user-callback 0.03 sec
Cap boundary opt: PORT-593 stations=123 obj=1665.832 real=1664.507 baseline=1710.959
Set parameter Username
Set parameter LicenseID to value 2738882
Academic license - for non-commercial use only - expires 2026-11-14
Segment 1 eval: start=BOAT-0 end=PORT-583 stations=50 (optimize)
  Segment 1 order: -501 -500 -499 -498 -497 -496 -495 112 113 -494 114 -275 -111 -274 -107 -106 -105 104 -103 -102 -101 108 109 110 -273 -272 271 253 252 249 -248 -247 -245 -244 -243 -238 237 -215 -214 213 -192 218 -191 219 -190 -223 222 -230 -134 -133
Segment 2 eval: start=PORT-583 end=PORT-581 stations=59 (optimize)
  Segment 2 order: -132 -181 -180 -229 -231 232 233 234 -235 -227 228 -179 -135 136 152 153 154 174 175 -176 -177 171 -170 168 -165 166 -164 -162 -161 -160 159 163 167 172 173 155 156 157 158 -150 -149 -148 -147 -146 -145 -144 -142 -9 -8 -141 -140 -139 151 -138 -137 -2 90 -94 -92
Segment 3 eval: start=PORT-581 end=PORT-591 stations=80 (optimize)
  Segment 3 order: 56 55 -54 -53 -52 -51 -50 -49 -48 -39 -38 -37 66 67 68 69 -36 -35 -32 -31 -29 -27 26 28 30 -33 -34 41 42 43 44 45 46 -40 47 396 397 -398 -395 -394 -393 -392 -391 -390 -389 -388 -387 402 -403 385 -384 -383 -382 -414 -413 412 -409 408 -410 411 380 378 -379 -377 -376 -375 374 -373 -372 -371 -370 369 359 360 -358 -353 -350 -349 -326 328
Segment 4 eval: start=PORT-591 end=PORT-593 stations=31 (optimize)
  Segment 4 order: 276 -344 -343 -342 -277 278 279 280 -341 281 -307 567 435 438 448 453 456 457 458 -455 -454 -452 -451 -450 -449 -444 -443 -442 -441 513 514
Segment 5 eval: start=PORT-593 end=PORT-591 stations=92 (optimize)
  Segment 5 order: -512 -436 -437 -440 -506 -505 464 465 480 -96 -95 91 -89 88 -87 86 -85 -84 -83 -82 -81 -80 78 75 72 73 -74 -71 76 70 77 -79 -24 -23 -22 -65 -63 64 57 59 -58 60 61 62 -386 -401 400 399 407 -406 -405 -404 -415 416 418 419 420 421 -423 -422 424 -417 425 381 426 -368 -367 -365 364 362 -361 348 -363 -347 333 -332 -331 -330 -329 327 -325 -324 -323 -321 -339 -338 -337 -336 -335 -334 345 346
Segment 6 eval: start=PORT-591 end=PORT-583 stations=83 (optimize)
  Segment 6 order: -340 -320 -319 -318 -317 -316 -315 -314 313 -312 -311 309 310 -292 293 294 -295 -306 -305 -304 -303 -302 -301 -300 -299 -298 -297 -296 291 -290 -289 -288 -287 -286 -285 -552 -551 -550 -553 554 -560 -559 -558 -555 284 -283 -282 556 557 561 562 -563 -566 564 565 568 -542 543 540 541 549 548 -547 -546 -545 -544 -539 -538 -537 536 -535 -534 -572 569 570 571 573 574 -577 576 -527 528 -169
Segment 7 eval: start=PORT-583 end=PORT-588 stations=51 (optimize)
  Segment 7 order: -178 -226 -182 -183 184 185 186 187 188 189 224 225 -221 220 217 -216 -99 -208 -207 -206 209 210 211 -212 -195 -193 194 196 197 198 199 -200 201 205 256 257 259 258 -128 -127 126 -125 -124 -265 -264 -267 266 -123 -471 472 -122
Segment 8 eval: start=PORT-588 end=PORT-581 stations=35 (optimize)
  Segment 8 order: 118 473 481 469 470 -121 120 -119 -270 -269 -268 -263 -262 -261 260 254 255 129 130 131 -204 -203 -202 -251 -250 -246 -100 -98 -242 241 -240 -239 -236 -97 13
Segment 9 eval: start=PORT-581 end=PORT-591 stations=33 (optimize)
  Segment 9 order: -93 25 5 10 11 12 -14 18 -21 20 -19 -17 -16 -15 -143 6 -7 4 -3 -1 117 -116 115 -475 -474 466 -467 -479 -478 -476 477 483 308
Segment 10 eval: start=PORT-591 end=PORT-593 stations=25 (optimize)
  Segment 10 order: 366 -357 -356 -355 354 -352 -351 -322 -533 -532 -531 -530 -529 575 578 579 580 524 525 526 -523 -522 -521 -518 -517
Segment 11 eval: start=PORT-593 end=PORT-584 stations=32 (optimize)
  Segment 11 order: 515 516 -520 -519 -427 428 429 430 431 432 433 -434 447 -446 -445 439 -511 -510 -509 -508 -507 -504 -503 -488 -487 489 -482 493 -492 -491 -490 -502
Segment 12 eval: start=PORT-584 end=PORT-584 stations=8 (optimize)
  Segment 12 order: -485 -461 -459 460 -463 -484 462 -486
Segment 13 eval: start=PORT-584 end=BOAT-END stations=1 (optimize)
  Segment 13 order: 468
Cap boundary debug: PORT-593 -> [512 436 437 440 506 505 464 465 480 22 23 24 96 95 91 89 88 87 86 85 84 83 82 81 80 79 78 77 70 76 75 72 73 74 71 65 63 64 57 59 58 60 61 62 386 401 400 399 407 406 405 404 415 416 418 419 420 421 423 422 424 417 425 381 426 368 367 365 364 362 361 348 363 347 333 332 331 330 329 327 325 324 323 321 339 338 337 336 335 334 345 346] -> PORT-591 -> [340 320 319 318 317 316 315 314 313 312 288 287 286 285 552 551 550 553 554 562 563 564 565 568 566 542 543 540 539 544 541 545 546 547 548 549 560 559 558 555 556 282 283 284 557 561 291 290 289 310 309 311 292 293 294 295 296 297 306 305 304 303 302 301 300 299 298 538 537 536 535 534 572 570 569 571 573 574 576 577 527 528 169] -> PORT-583 | load_left=44990 load_right=43998 cap=45000
Set parameter Username
Set parameter LicenseID to value 2738882
Academic license - for non-commercial use only - expires 2026-11-14
Set parameter TimeLimit to value 300
Set parameter Seed to value 1645306454
Set parameter Threads to value 4
Set parameter OutputFlag to value 1
Set parameter LogToConsole to value 1
Set parameter LazyConstraints to value 1
Gurobi Optimizer version 13.0.0 build v13.0.0rc1 (linux64 - "Debian GNU/Linux 13 (trixie)")

CPU model: AMD Ryzen 9 5950X 16-Core Processor, instruction set [SSE2|AVX|AVX2]
Thread count: 16 physical cores, 32 logical processors, using up to 4 threads

Non-default parameters:
TimeLimit  300
Seed  1645306454
Threads  4
LazyConstraints  1

Optimize a model with 128842 rows, 375948 columns and 751884 nonzeros (Min)
Model fingerprint: 0x5ac7bec5
Model has 124608 linear objective coefficients
Variable types: 250632 continuous, 125316 integer (125316 binary)
Coefficient statistics:
  Matrix range     [1e+00, 4e+04]
  Objective range  [4e-01, 1e+05]
  Bounds range     [1e+00, 4e+04]
  RHS range        [1e+00, 1e+04]
Presolve removed 3884 rows and 127613 columns
Presolve time: 1.07s
Presolved: 124958 rows, 248335 columns, 745250 nonzeros
Variable types: 123550 continuous, 124785 integer (124785 binary)
Root relaxation presolved: 124958 rows, 248335 columns, 745250 nonzeros

Deterministic concurrent LP optimizer: primal simplex, dual simplex, and barrier
Showing barrier log only...

Root barrier log...

Ordering time: 0.08s

Barrier statistics:
 AA' NZ     : 7.472e+05
 Factor NZ  : 1.614e+06 (roughly 160 MB of memory)
 Factor Ops : 9.332e+08 (less than 1 second per iteration)
 Threads    : 2

                  Objective                Residual
Iter       Primal          Dual         Primal    Dual     Compl     Time
   0   4.00593943e+10 -7.83317621e+13  3.17e+05 1.46e-11  2.12e+08     2s
   1   1.89048550e+10 -5.33674278e+13  1.50e+05 2.79e+04  1.24e+08     2s
   2   1.32032847e+10 -2.79189354e+12  1.04e+05 9.31e-10  2.77e+07     2s
   3   6.91479228e+09 -1.14533974e+12  5.47e+04 1.02e-09  1.37e+07     2s
   4   5.68157454e+09 -1.04591731e+12  4.50e+04 1.04e-09  1.14e+07     2s
   5   2.67488297e+09 -8.45342827e+11  2.11e+04 1.27e-09  5.90e+06     2s
   6   6.96724889e+08 -6.64170648e+11  5.49e+03 7.42e-10  2.23e+06     3s
   7   2.75230033e+08 -4.80173744e+11  2.15e+03 9.68e-10  1.21e+06     3s
   8   1.18074371e+07 -1.19645284e+11  6.36e+01 1.11e-09  2.04e+05     3s
   9   7.60897664e+06 -1.37007721e+10  3.03e+01 3.82e-10  2.52e+04     3s
  10   7.17267237e+06 -1.16579050e+10  2.67e+01 1.94e-09  2.13e+04     3s
  11   6.47168723e+06 -9.91412579e+09  2.09e+01 7.28e-10  1.75e+04     3s
  12   5.77791350e+06 -4.15172512e+09  1.57e+01 3.55e-09  7.31e+03     3s
  13   4.60490395e+06 -6.23982903e+08  6.38e+00 5.25e-09  1.07e+03     3s
  14   3.77604667e+06 -6.22466489e+07  6.99e-01 7.12e-09  1.09e+02     3s
  15   2.20059924e+06 -3.56927888e+07  4.84e-03 5.25e-09  6.11e+01     3s
  16   1.10896185e+06 -1.01607747e+07  5.12e-06 4.35e-09  1.82e+01     3s
  17   2.19389091e+05 -6.90312952e+06  1.53e-07 2.92e-09  1.15e+01     3s
  18   7.23374372e+04 -2.32828694e+05  2.11e-08 1.76e-09  4.92e-01     4s
  19   2.51909694e+04 -7.84441156e+04  2.36e-09 1.22e-09  1.67e-01     4s
  20   1.63289560e+04 -3.46610858e+04  1.45e-10 8.59e-10  8.22e-02     4s
  21   9.35902852e+03 -1.26516006e+04  8.93e-11 4.80e-10  3.55e-02     4s
  22   6.26850936e+03 -5.24826226e+03  2.61e-11 8.20e-10  1.86e-02     4s
  23   4.20443650e+03 -2.56977284e+03  9.32e-12 2.19e-09  1.09e-02     4s
  24   3.35173555e+03 -1.40253551e+03  5.68e-12 1.93e-09  7.67e-03     4s
  25   2.27329591e+03  7.21051007e+01  7.42e-10 2.18e-09  3.55e-03     4s
  26   1.61864711e+03  7.26294467e+02  8.45e-11 2.46e-09  1.44e-03     5s
  27   1.52475757e+03  1.09129036e+03  3.08e-11 1.85e-09  6.99e-04     5s
  28   1.50042273e+03  1.27175256e+03  1.97e-11 2.27e-09  3.69e-04     5s
  29   1.47700093e+03  1.35027949e+03  9.32e-12 2.97e-09  2.04e-04     5s
  30   1.46254598e+03  1.40662322e+03  4.80e-12 2.46e-09  9.02e-05     5s
  31   1.45693589e+03  1.43058502e+03  4.46e-12 1.95e-09  4.25e-05     5s
  32   1.45303684e+03  1.44612426e+03  6.08e-10 1.43e-09  1.11e-05     5s
  33   1.45165105e+03  1.45055644e+03  5.28e-09 1.27e-09  1.76e-06     5s
  34   1.45126911e+03  1.45097426e+03  1.51e-09 1.81e-09  4.75e-07     5s
  35   1.45121109e+03  1.45107359e+03  9.62e-10 1.65e-09  2.22e-07     5s
  36   1.45114910e+03  1.45110168e+03  4.16e-10 1.45e-09  7.65e-08     6s
  37   1.45110735e+03  1.45110166e+03  2.26e-09 2.29e-09  9.16e-09     6s
  38   1.45110214e+03  1.45110211e+03  3.65e-09 1.78e-09  5.51e-11     6s
  39   1.45110212e+03  1.45110212e+03  2.58e-09 9.19e-10  9.57e-13     6s

Barrier solved model in 39 iterations and 5.84 seconds (7.33 work units)
Optimal objective 1.45110212e+03


Root crossover log...

  122821 DPushes remaining with DInf 7.6353245e-03                 6s
       0 DPushes remaining with DInf 2.5834537e-03                 6s

     400 PPushes remaining with PInf 3.0048080e-06                 6s
       0 PPushes remaining with PInf 0.0000000e+00                 6s

  Push phase complete: Pinf 0.0000000e+00, Dinf 1.6475489e-01      6s


Root simplex log...

Iteration    Objective       Primal Inf.    Dual Inf.      Time
   60411    1.4511021e+03   0.000000e+00   1.647549e-01      6s
   61886    1.4511021e+03   0.000000e+00   0.000000e+00      6s
Crossover time: 0.34 seconds (0.53 work units)
Concurrent spin time: 0.01s

Solved with barrier

Root relaxation: objective 1.451102e+03, 61886 iterations, 4.68 seconds (4.98 work units)

    Nodes    |    Current Node    |     Objective Bounds      |     Work
 Expl Unexpl |  Obj  Depth IntInf | Incumbent    BestBd   Gap | It/Node Time

     0     0 1451.10212    0  579          - 1451.10212      -     -    8s
     0     0 1453.89778    0  684          - 1453.89778      -     -   19s
     0     0 1453.91775    0  683          - 1453.91775      -     -   34s
     0     0 1453.91778    0  685          - 1453.91778      -     -   34s
     0     0 1456.60368    0  716          - 1456.60368      -     -   45s
H    0     0                    5207.3929682 1456.60368  72.0%     -   48s
H    0     0                    2546.4450658 1456.60368  42.8%     -   48s
H    0     0                    2540.4960363 1456.60368  42.7%     -   49s
H    0     0                    2523.8348507 1456.60368  42.3%     -   49s
H    0     0                    2517.0093603 1456.60368  42.1%     -   50s
H    0     0                    2510.0376095 1456.60368  42.0%     -   50s
H    0     0                    2508.5590240 1456.60368  41.9%     -   50s
H    0     0                    2500.6063623 1456.60368  41.7%     -   50s
H    0     0                    2496.7792483 1456.60368  41.7%     -   51s
H    0     0                    2493.5234295 1456.60368  41.6%     -   51s
H    0     0                    2460.6829169 1456.60368  40.8%     -   57s
H    0     0                    2436.7006476 1456.60368  40.2%     -   57s
H    0     0                    2428.9381240 1456.60368  40.0%     -   58s
H    0     0                    2424.5327620 1456.60368  39.9%     -   59s
H    0     0                    2420.4150510 1456.60368  39.8%     -   62s
     0     0 1456.60918    0  708 2420.41505 1456.60918  39.8%     -   67s
     0     0 1456.60926    0  707 2420.41505 1456.60926  39.8%     -   67s
     0     0 1488.92745    0  740 2420.41505 1488.92745  38.5%     -   89s
     0     0 1488.92745    0  565 2420.41505 1488.92745  38.5%     -   95s
H    0     0                    2401.0596136 1488.92745  38.0%     -   97s
H    0     0                    2357.4476291 1488.92745  36.8%     -   98s
     0     0 1488.92745    0  649 2357.44763 1488.92745  36.8%     -  110s
H    0     0                    2350.0548927 1488.92745  36.6%     -  114s
H    0     0                    2228.2450301 1488.92745  33.2%     -  115s
H    0     0                    2215.6097170 1488.92745  32.8%     -  116s
H    0     0                    2195.3384005 1488.92745  32.2%     -  118s
H    0     0                    2193.0118087 1488.92745  32.1%     -  119s
H    0     0                    2179.7002561 1488.92745  31.7%     -  123s
H    0     0                    2170.1534922 1488.92745  31.4%     -  125s
H    0     0                    2170.1534817 1488.92745  31.4%     -  127s
     0     0 1488.92745    0  721 2170.15348 1488.92745  31.4%     -  133s
     0     0 1488.92745    0  713 2170.15348 1488.92745  31.4%     -  133s
     0     0 1488.92745    0  716 2170.15348 1488.92745  31.4%     -  134s
     0     0 1488.97271    0  716 2170.15348 1488.97271  31.4%     -  134s
     0     0 1489.21179    0  713 2170.15348 1489.21179  31.4%     -  135s
     0     0 1494.42189    0  735 2170.15348 1494.42189  31.1%     -  143s
     0     0 1494.61498    0  733 2170.15348 1494.61498  31.1%     -  144s
     0     0 1494.61498    0  735 2170.15348 1494.61498  31.1%     -  144s
     0     0 1496.83127    0  729 2170.15348 1496.83127  31.0%     -  155s
     0     0 1496.84638    0  734 2170.15348 1496.84638  31.0%     -  156s
     0     0 1497.93786    0  737 2170.15348 1497.93786  31.0%     -  156s
     0     0 1497.93786    0  731 2170.15348 1497.93786  31.0%     -  156s
     0     0 1499.13391    0  749 2170.15348 1499.13391  30.9%     -  170s
     0     0 1499.90798    0  752 2170.15348 1499.90798  30.9%     -  193s
     0     0 1499.93409    0  750 2170.15348 1499.93409  30.9%     -  193s
     0     0 1499.97994    0  754 2170.15348 1499.97994  30.9%     -  193s
     0     0 1500.01434    0  752 2170.15348 1500.01434  30.9%     -  194s
     0     0 1500.01434    0  748 2170.15348 1500.01434  30.9%     -  194s
     0     0 1500.63315    0  748 2170.15348 1500.63315  30.9%     -  200s
     0     0 1500.66222    0  754 2170.15348 1500.66222  30.8%     -  201s
     0     0 1500.66787    0  755 2170.15348 1500.66787  30.8%     -  201s
     0     0 1501.03780    0  740 2170.15348 1501.03780  30.8%     -  205s
     0     0 1501.03780    0  738 2170.15348 1501.03780  30.8%     -  206s
     0     0 1501.28173    0  751 2170.15348 1501.28173  30.8%     -  209s
     0     0 1501.28525    0  755 2170.15348 1501.28525  30.8%     -  209s
     0     0 1501.81916    0  763 2170.15348 1501.81916  30.8%     -  212s
     0     0 1501.90928    0  760 2170.15348 1501.90928  30.8%     -  213s
     0     0 1502.25981    0  748 2170.15348 1502.25981  30.8%     -  217s
     0     0 1502.28080    0  758 2170.15348 1502.28080  30.8%     -  218s
     0     0 1502.28080    0  759 2170.15348 1502.28080  30.8%     -  218s
     0     0 1502.28286    0  757 2170.15348 1502.28286  30.8%     -  220s
     0     0 1502.28290    0  755 2170.15348 1502.28290  30.8%     -  221s
     0     0 1564.29901    0  730 2170.15348 1564.29901  27.9%     -  223s
     0     0 1564.30460    0  738 2170.15348 1564.30460  27.9%     -  224s
     0     0 1564.47429    0  718 2170.15348 1564.47429  27.9%     -  226s
     0     0 1564.47495    0  716 2170.15348 1564.47495  27.9%     -  227s
     0     0 1564.85506    0  723 2170.15348 1564.85506  27.9%     -  231s
     0     0 1564.86401    0  719 2170.15348 1564.86401  27.9%     -  232s
     0     0 1564.86401    0  722 2170.15348 1564.86401  27.9%     -  234s
     0     0 1564.86401    0  721 2170.15348 1564.86401  27.9%     -  235s
     0     0 1565.05429    0  716 2170.15348 1565.05429  27.9%     -  237s
     0     0 1565.05429    0  712 2170.15348 1565.05429  27.9%     -  237s
     0     0 1565.05429    0  715 2170.15348 1565.05429  27.9%     -  240s
     0     0 1565.05429    0  716 2170.15348 1565.05429  27.9%     -  241s
     0     0 1565.05429    0  717 2170.15348 1565.05429  27.9%     -  243s
     0     0 1565.05429    0  674 2170.15348 1565.05429  27.9%     -  245s
     0     0 1565.05429    0  690 2170.15348 1565.05429  27.9%     -  245s
     0     0 1565.07632    0  691 2170.15348 1565.07632  27.9%     -  248s
     0     0 1565.07632    0  691 2170.15348 1565.07632  27.9%     -  248s
     0     0 1565.07632    0  686 2170.15348 1565.07632  27.9%     -  250s
     0     0 1565.07632    0  686 2170.15348 1565.07632  27.9%     -  250s
     0     0 1565.07632    0  682 2170.15348 1565.07632  27.9%     -  251s
H    0     0                    2167.0184674 1565.07632  27.8%     -  267s
     0     2 1582.39815    0  682 2167.01847 1582.39815  27.0%     -  298s

Cutting planes:
  Cover: 5
  Implied bound: 161
  MIR: 41
  Flow cover: 126
  Zero half: 58
  Network: 5
  RLT: 3
  Relax-and-lift: 211
  BQP: 1

Explored 1 nodes (179526 simplex iterations) in 300.01 seconds (602.44 work units)
Thread count was 4 (of 32 available processors)

Solution count 10: 2167.02 2170.15 2179.7 ... 2401.06

Time limit reached
Best objective 2.167018467424e+03, best bound 1.582398146971e+03, gap 26.9781%

User-callback calls 27532, time in user-callback 0.02 sec
Cap boundary reject: PORT-591 real=2553.216 baseline=2080.390
Set parameter Username
Set parameter LicenseID to value 2738882
Academic license - for non-commercial use only - expires 2026-11-14
Segment 1 eval: start=BOAT-0 end=PORT-583 stations=50 (optimize)
  Segment 1 order: -501 -500 -499 -498 -497 -496 -495 112 113 -494 114 -275 -111 -274 -107 -106 -105 104 -103 -102 -101 108 109 110 -273 -272 271 253 252 249 -248 -247 -245 -244 -243 -238 237 -215 -214 213 -192 218 -191 219 -190 -223 222 -230 -134 -133
Segment 2 eval: start=PORT-583 end=PORT-581 stations=58 (optimize)
  Segment 2 order: -132 -181 -180 -229 -231 232 233 234 -235 -227 228 -179 -135 136 152 153 154 174 175 -176 -177 171 168 -165 166 -164 -162 -161 -160 159 163 167 172 173 155 156 157 158 -150 -149 -148 -147 -146 -145 -144 -142 -9 -8 -141 -140 -139 151 -138 -137 -2 90 -94 -92
Segment 3 eval: start=PORT-581 end=PORT-591 stations=80 (optimize)
  Segment 3 order: 56 55 -54 -53 -52 -51 -50 -49 -48 -39 -38 -37 66 67 68 69 -36 -35 -32 -31 -29 -27 26 28 30 -33 -34 41 42 43 44 45 46 -40 47 396 397 -398 -395 -394 -393 -392 -391 -390 -389 -388 -387 402 -403 385 -384 -383 -382 -414 -413 412 -409 408 -410 411 380 378 -379 -377 -376 -375 374 -373 -372 -371 -370 369 359 360 -358 -353 -350 -349 -326 328
Segment 4 eval: start=PORT-591 end=PORT-593 stations=31 (optimize)
  Segment 4 order: 276 -344 -343 -342 -277 278 279 280 -341 281 -307 567 435 438 448 453 456 457 458 -455 -454 -452 -451 -450 -449 -444 -443 -442 -441 513 514
Segment 5 eval: start=PORT-593 end=PORT-591 stations=92 (optimize)
  Segment 5 order: -512 -436 -437 -440 -506 -505 464 465 480 -96 -95 91 -89 88 -87 86 -85 -84 -83 -82 -81 -80 78 75 72 73 -74 -71 76 70 77 -79 -24 -23 -22 -65 -63 64 57 59 -58 60 61 62 -386 -401 400 399 407 -406 -405 -404 -415 416 418 419 420 421 -423 -422 424 -417 425 381 426 -368 -367 -365 364 362 -361 348 -363 -347 333 -332 -331 -330 -329 327 -325 -324 -323 -321 -339 -338 -337 -336 -335 -334 345 346
Segment 6 eval: start=PORT-591 end=PORT-583 stations=84 (optimize)
  Segment 6 order: -340 -320 -319 -318 -317 -316 -315 -314 313 -312 -311 309 310 -292 293 294 -295 -306 -305 -304 -303 -302 -301 -300 -299 -298 -297 -296 291 -290 -289 -288 -287 -286 -285 -552 -551 -550 -553 554 -560 -559 -558 -555 284 -283 -282 556 557 561 562 -563 -566 564 565 568 -542 543 540 541 549 548 -547 -546 -545 -544 -539 -538 -537 536 -535 -534 -572 569 570 571 573 574 -577 576 -527 528 -170 169
Segment 7 eval: start=PORT-583 end=PORT-588 stations=51 (optimize)
  Segment 7 order: -178 -226 -182 -183 184 185 186 187 188 189 224 225 -221 220 217 -216 -99 -208 -207 -206 209 210 211 -212 -195 -193 194 196 197 198 199 -200 201 205 256 257 259 258 -128 -127 126 -125 -124 -265 -264 -267 266 -123 -471 472 -122
Segment 8 eval: start=PORT-588 end=PORT-581 stations=35 (optimize)
  Segment 8 order: 118 473 481 469 470 -121 120 -119 -270 -269 -268 -263 -262 -261 260 254 255 129 130 131 -204 -203 -202 -251 -250 -246 -100 -98 -242 241 -240 -239 -236 -97 13
Segment 9 eval: start=PORT-581 end=PORT-591 stations=33 (optimize)
  Segment 9 order: -93 25 5 10 11 12 -14 18 -21 20 -19 -17 -16 -15 -143 6 -7 4 -3 -1 117 -116 115 -475 -474 466 -467 -479 -478 -476 477 483 308
Segment 10 eval: start=PORT-591 end=PORT-593 stations=25 (optimize)
  Segment 10 order: 366 -357 -356 -355 354 -352 -351 -322 -533 -532 -531 -530 -529 575 578 579 580 524 525 526 -523 -522 -521 -518 -517
Segment 11 eval: start=PORT-593 end=PORT-584 stations=32 (optimize)
  Segment 11 order: 515 516 -520 -519 -427 428 429 430 431 432 433 -434 447 -446 -445 439 -511 -510 -509 -508 -507 -504 -503 -488 -487 489 -482 493 -492 -491 -490 -502
Segment 12 eval: start=PORT-584 end=PORT-584 stations=8 (optimize)
  Segment 12 order: -485 -461 -459 460 -463 -484 462 -486
Segment 13 eval: start=PORT-584 end=BOAT-END stations=1 (optimize)
  Segment 13 order: 468
Cap boundary debug: PORT-591 -> [340 320 319 318 317 316 315 314 313 312 288 287 286 285 552 551 550 553 554 562 563 564 565 568 566 542 543 540 539 544 541 545 546 547 548 549 560 559 558 555 556 282 283 284 557 561 291 290 289 310 309 311 292 293 294 295 296 297 306 305 304 303 302 301 300 299 298 538 537 536 535 534 572 570 569 571 573 574 576 577 527 528 169 170] -> PORT-583 -> [178 226 182 183 184 185 186 187 188 189 224 225 221 220 216 217 193 194 195 196 197 198 199 200 201 209 210 211 212 208 207 206 205 256 257 259 258 128 127 126 125 124 264 265 267 266 123 122 472 471 99] -> PORT-588 | load_left=44047 load_right=43988 cap=45000
Set parameter Username
Set parameter LicenseID to value 2738882
Academic license - for non-commercial use only - expires 2026-11-14
Set parameter TimeLimit to value 300
Set parameter Seed to value 1918794538
Set parameter Threads to value 4
Set parameter OutputFlag to value 1
Set parameter LogToConsole to value 1
Set parameter LazyConstraints to value 1
Gurobi Optimizer version 13.0.0 build v13.0.0rc1 (linux64 - "Debian GNU/Linux 13 (trixie)")

CPU model: AMD Ryzen 9 5950X 16-Core Processor, instruction set [SSE2|AVX|AVX2]
Thread count: 16 physical cores, 32 logical processors, using up to 4 threads

Non-default parameters:
TimeLimit  300
Seed  1918794538
Threads  4
LazyConstraints  1

Optimize a model with 77802 rows, 225228 columns and 450444 nonzeros (Min)
Model fingerprint: 0xcc7c0201
Model has 74528 linear objective coefficients
Variable types: 150152 continuous, 75076 integer (75076 binary)
Coefficient statistics:
  Matrix range     [1e+00, 4e+04]
  Objective range  [3e-01, 1e+05]
  Bounds range     [1e+00, 4e+04]
  RHS range        [1e+00, 5e+03]
Presolve removed 3004 rows and 76853 columns
Presolve time: 0.55s
Presolved: 74798 rows, 148375 columns, 445587 nonzeros
Variable types: 73710 continuous, 74665 integer (74665 binary)
Root relaxation presolved: 74798 rows, 148375 columns, 445587 nonzeros

Deterministic concurrent LP optimizer: primal and dual simplex
Showing primal log only...


Root simplex log...

Iteration    Objective       Primal Inf.    Dual Inf.      Time
   56303    1.1295716e+03   0.000000e+00   1.034603e+05      5s
   90028    1.2425276e+03   0.000000e+00   0.000000e+00      8s
Concurrent spin time: 0.00s

Solved with primal simplex

Root relaxation: objective 1.242528e+03, 90028 iterations, 7.01 seconds (14.45 work units)

    Nodes    |    Current Node    |     Objective Bounds      |     Work
 Expl Unexpl |  Obj  Depth IntInf | Incumbent    BestBd   Gap | It/Node Time

     0     0 1242.52761    0  462          - 1242.52761      -     -    8s
H    0     0                    1901.9468369 1242.52761  34.7%     -   10s
H    0     0                    1886.3619382 1242.52761  34.1%     -   10s
H    0     0                    1793.4597372 1242.52761  30.7%     -   12s
H    0     0                    1776.2707557 1242.52761  30.0%     -   17s
H    0     0                    1669.4520723 1242.52761  25.6%     -   17s
H    0     0                    1669.2815213 1242.52761  25.6%     -   18s
H    0     0                    1652.9075254 1242.52761  24.8%     -   18s
H    0     0                    1575.6136525 1242.52761  21.1%     -   19s
H    0     0                    1574.0632226 1242.52761  21.1%     -   19s
     0     0 1245.62563    0  525 1574.06322 1245.62563  20.9%     -   29s
H    0     0                    1548.5728142 1245.62563  19.6%     -   30s
H    0     0                    1518.5641575 1245.62563  18.0%     -   30s
H    0     0                    1489.9695628 1245.62563  16.4%     -   31s
H    0     0                    1462.7275775 1245.62563  14.8%     -   32s
H    0     0                    1462.7217990 1245.62563  14.8%     -   33s
H    0     0                    1460.3281762 1245.62563  14.7%     -   34s
H    0     0                    1447.8878622 1245.62563  14.0%     -   34s
H    0     0                    1447.4440830 1245.62563  13.9%     -   35s
H    0     0                    1441.6945595 1245.62563  13.6%     -   35s
H    0     0                    1440.9990795 1245.62563  13.6%     -   36s
H    0     0                    1437.1553503 1245.62563  13.3%     -   36s
H    0     0                    1414.1642444 1245.62563  11.9%     -   36s
H    0     0                    1411.7107133 1245.62563  11.8%     -   37s
H    0     0                    1409.9272024 1245.62563  11.7%     -   37s
H    0     0                    1406.3115517 1245.62563  11.4%     -   38s
H    0     0                    1404.0027173 1245.62563  11.3%     -   39s
H    0     0                    1403.5631963 1245.62563  11.3%     -   41s
H    0     0                    1397.3374443 1245.62563  10.9%     -   42s
     0     0 1247.29273    0  515 1397.33744 1247.29273  10.7%     -   46s
     0     0 1247.29282    0  515 1397.33744 1247.29282  10.7%     -   46s
     0     0 1251.25582    0  531 1397.33744 1251.25582  10.5%     -   58s
     0     0 1251.25582    0  452 1397.33744 1251.25582  10.5%     -   67s
H    0     0                    1392.7576461 1251.25582  10.2%     -   68s
     0     0 1251.25582    0  525 1392.75765 1251.25582  10.2%     -   74s
H    0     0                    1390.3041150 1251.25582  10.0%     -   75s
H    0     0                    1383.5551524 1251.25582  9.56%     -   76s
H    0     0                    1382.0768413 1251.25582  9.47%     -   78s
H    0     0                    1381.9271221 1251.25582  9.46%     -   78s
H    0     0                    1379.5917093 1251.25582  9.30%     -   78s
H    0     0                    1379.5917082 1251.25582  9.30%     -   80s
     0     0 1252.68908    0  558 1379.59171 1252.68908  9.20%     -   85s
     0     0 1252.68909    0  559 1379.59171 1252.68909  9.20%     -   85s
     0     0 1256.03129    0  561 1379.59171 1256.03129  8.96%     -   89s
     0     0 1256.13394    0  563 1379.59171 1256.13394  8.95%     -   89s
     0     0 1256.13394    0  564 1379.59171 1256.13394  8.95%     -   90s
     0     0 1257.75219    0  569 1379.59171 1257.75219  8.83%     -   95s
     0     0 1257.79120    0  568 1379.59171 1257.79120  8.83%     -   95s
     0     0 1257.79861    0  568 1379.59171 1257.79861  8.83%     -   95s
     0     0 1257.79863    0  569 1379.59171 1257.79863  8.83%     -   95s
     0     0 1260.89353    0  573 1379.59171 1260.89353  8.60%     -  100s
     0     0 1261.25057    0  551 1379.59171 1261.25057  8.58%     -  100s
     0     0 1261.25057    0  549 1379.59171 1261.25057  8.58%     -  101s
     0     0 1261.70078    0  552 1379.59171 1261.70078  8.55%     -  102s
     0     0 1261.70343    0  556 1379.59171 1261.70343  8.55%     -  102s
     0     0 1261.73478    0  562 1379.59171 1261.73478  8.54%     -  103s
     0     0 1261.73478    0  559 1379.59171 1261.73478  8.54%     -  103s
     0     0 1261.93610    0  574 1379.59171 1261.93610  8.53%     -  105s
     0     0 1261.94232    0  570 1379.59171 1261.94232  8.53%     -  105s
     0     0 1261.95958    0  575 1379.59171 1261.95958  8.53%     -  106s
     0     0 1261.96062    0  577 1379.59171 1261.96062  8.53%     -  106s
     0     0 1263.10230    0  539 1379.59171 1263.10230  8.44%     -  108s
     0     0 1263.10261    0  547 1379.59171 1263.10261  8.44%     -  108s
     0     0 1263.16287    0  571 1379.59171 1263.16287  8.44%     -  110s
     0     0 1263.16317    0  569 1379.59171 1263.16317  8.44%     -  110s
     0     0 1263.42049    0  564 1379.59171 1263.42049  8.42%     -  113s
     0     0 1263.42049    0  571 1379.59171 1263.42049  8.42%     -  113s
     0     0 1263.77457    0  568 1379.59171 1263.77457  8.40%     -  115s
     0     0 1263.77461    0  567 1379.59171 1263.77461  8.40%     -  115s
     0     0 1263.78186    0  586 1379.59171 1263.78186  8.39%     -  116s
     0     0 1264.94670    0  580 1379.59171 1264.94670  8.31%     -  118s
     0     0 1264.94803    0  583 1379.59171 1264.94803  8.31%     -  118s
     0     0 1265.59889    0  585 1379.59171 1265.59889  8.26%     -  122s
     0     0 1265.61304    0  595 1379.59171 1265.61304  8.26%     -  123s
     0     0 1265.61539    0  593 1379.59171 1265.61539  8.26%     -  124s
     0     0 1265.70559    0  579 1379.59171 1265.70559  8.26%     -  125s
     0     0 1265.70697    0  584 1379.59171 1265.70697  8.25%     -  125s
     0     0 1266.08814    0  575 1379.59171 1266.08814  8.23%     -  127s
     0     0 1266.09027    0  583 1379.59171 1266.09027  8.23%     -  130s
     0     0 1266.09027    0  579 1379.59171 1266.09027  8.23%     -  131s
     0     0 1266.09027    0  578 1379.59171 1266.09027  8.23%     -  131s
     0     0 1266.09185    0  574 1379.59171 1266.09185  8.23%     -  133s
     0     0 1266.09185    0  574 1379.59171 1266.09185  8.23%     -  134s
     0     0 1266.09185    0  548 1379.59171 1266.09185  8.23%     -  135s
     0     0 1275.53841    0  453 1379.59171 1275.53841  7.54%     -  161s
     0     0 1275.53841    0  528 1379.59171 1275.53841  7.54%     -  167s
H    0     0                    1378.4685152 1275.53841  7.47%     -  171s
H    0     0                    1376.1505796 1275.53841  7.31%     -  172s
H    0     0                    1375.4599417 1275.53841  7.26%     -  172s
H    0     0                    1373.9004387 1275.53841  7.16%     -  172s
H    0     0                    1373.7889432 1275.53841  7.15%     -  174s
H    0     0                    1373.7889409 1275.53841  7.15%     -  175s
     0     0 1275.53841    0  549 1373.78894 1275.53841  7.15%     -  181s
     0     0 1275.53841    0  565 1373.78894 1275.53841  7.15%     -  184s
     0     0 1275.53841    0  572 1373.78894 1275.53841  7.15%     -  186s
     0     0 1275.53841    0  573 1373.78894 1275.53841  7.15%     -  187s
     0     0 1275.53841    0  579 1373.78894 1275.53841  7.15%     -  189s
     0     0 1275.53841    0  581 1373.78894 1275.53841  7.15%     -  189s
     0     0 1275.53841    0  572 1373.78894 1275.53841  7.15%     -  192s
     0     0 1275.53841    0  564 1373.78894 1275.53841  7.15%     -  192s
     0     0 1275.53841    0  563 1373.78894 1275.53841  7.15%     -  192s
     0     0 1275.53841    0  580 1373.78894 1275.53841  7.15%     -  194s
     0     0 1275.53841    0  578 1373.78894 1275.53841  7.15%     -  195s
     0     0 1275.53841    0  578 1373.78894 1275.53841  7.15%     -  200s
     0     0 1275.53841    0  553 1373.78894 1275.53841  7.15%     -  201s
     0     0 1275.53841    0  578 1373.78894 1275.53841  7.15%     -  202s
     0     0 1275.53841    0  595 1373.78894 1275.53841  7.15%     -  217s
     0     0 1275.53841    0  592 1373.78894 1275.53841  7.15%     -  219s
     0     0 1275.53841    0  601 1373.78894 1275.53841  7.15%     -  220s
     0     0 1275.53841    0  600 1373.78894 1275.53841  7.15%     -  222s
     0     0 1275.53841    0  571 1373.78894 1275.53841  7.15%     -  225s
     0     0 1275.53841    0  595 1373.78894 1275.53841  7.15%     -  227s
     0     0 1275.53841    0  578 1373.78894 1275.53841  7.15%     -  232s
     0     0 1275.53841    0  584 1373.78894 1275.53841  7.15%     -  234s
     0     0 1275.53841    0  594 1373.78894 1275.53841  7.15%     -  235s
     0     0 1275.53841    0  597 1373.78894 1275.53841  7.15%     -  238s
     0     0 1275.53841    0  592 1373.78894 1275.53841  7.15%     -  238s
     0     0 1275.53841    0  595 1373.78894 1275.53841  7.15%     -  240s
     0     0 1275.53841    0  598 1373.78894 1275.53841  7.15%     -  242s
     0     0 1275.53841    0  603 1373.78894 1275.53841  7.15%     -  243s
     0     0 1275.53841    0  603 1373.78894 1275.53841  7.15%     -  243s
     0     0 1275.53841    0  569 1373.78894 1275.53841  7.15%     -  245s
     0     0 1275.53841    0  571 1373.78894 1275.53841  7.15%     -  246s
     0     0 1275.53841    0  596 1373.78894 1275.53841  7.15%     -  248s
     0     0 1275.53841    0  596 1373.78894 1275.53841  7.15%     -  248s
     0     0 1275.53841    0  572 1373.78894 1275.53841  7.15%     -  250s
     0     0 1275.53841    0  572 1373.78894 1275.53841  7.15%     -  250s
     0     0 1275.53841    0  572 1373.78894 1275.53841  7.15%     -  251s
     0     2 1275.53841    0  571 1373.78894 1275.53841  7.15%     -  270s
     3     8 1275.53841    2  565 1373.78894 1275.53841  7.15%  6516  280s
     7    12 1277.41252    3  564 1373.78894 1275.53841  7.15%  8033  286s
    11    17 1275.53841    3  553 1373.78894 1275.53841  7.15%  9607  300s

Cutting planes:
  Gomory: 10
  Cover: 6
  Implied bound: 269
  Clique: 4
  MIR: 63
  Flow cover: 112
  GUB cover: 1
  Zero half: 68
  RLT: 6
  Relax-and-lift: 281
  BQP: 2

Explored 16 nodes (717233 simplex iterations) in 300.02 seconds (725.70 work units)
Thread count was 4 (of 32 available processors)

Solution count 10: 1373.79 1373.9 1375.46 ... 1383.56

Time limit reached
Best objective 1.373788940936e+03, best bound 1.275538409402e+03, gap 7.1518%

User-callback calls 39360, time in user-callback 0.02 sec
Cap boundary reject: PORT-583 segment infeasible left=100624.526 right=1312.464
Cap boundary reject: PORT-583 real=1000000000000000052504760255204420248704468581108159154915854115511802457988908195786371375080447864043704443832883878176942523235360430575644792184786706982848387200926575803737830233794788090059368953234970799945081119038967640880074652742780142494579258788820056842838115669472196386865459400540160.000 baseline=1470.712
Set parameter Username
Set parameter LicenseID to value 2738882
Academic license - for non-commercial use only - expires 2026-11-14
Segment 1 eval: start=BOAT-0 end=PORT-583 stations=50 (optimize)
  Segment 1 order: -501 -500 -499 -498 -497 -496 -495 112 113 -494 114 -275 -111 -274 -107 -106 -105 104 -103 -102 -101 108 109 110 -273 -272 271 253 252 249 -248 -247 -245 -244 -243 -238 237 -215 -214 213 -192 218 -191 219 -190 -223 222 -230 -134 -133
Segment 2 eval: start=PORT-583 end=PORT-581 stations=58 (optimize)
  Segment 2 order: -132 -181 -180 -229 -231 232 233 234 -235 -227 228 -179 -135 136 152 153 154 174 175 -176 -177 171 168 -165 166 -164 -162 -161 -160 159 163 167 172 173 155 156 157 158 -150 -149 -148 -147 -146 -145 -144 -142 -9 -8 -141 -140 -139 151 -138 -137 -2 90 -94 -92
Segment 3 eval: start=PORT-581 end=PORT-591 stations=80 (optimize)
  Segment 3 order: 56 55 -54 -53 -52 -51 -50 -49 -48 -39 -38 -37 66 67 68 69 -36 -35 -32 -31 -29 -27 26 28 30 -33 -34 41 42 43 44 45 46 -40 47 396 397 -398 -395 -394 -393 -392 -391 -390 -389 -388 -387 402 -403 385 -384 -383 -382 -414 -413 412 -409 408 -410 411 380 378 -379 -377 -376 -375 374 -373 -372 -371 -370 369 359 360 -358 -353 -350 -349 -326 328
Segment 4 eval: start=PORT-591 end=PORT-593 stations=31 (optimize)
  Segment 4 order: 276 -344 -343 -342 -277 278 279 280 -341 281 -307 567 435 438 448 453 456 457 458 -455 -454 -452 -451 -450 -449 -444 -443 -442 -441 513 514
Segment 5 eval: start=PORT-593 end=PORT-591 stations=92 (optimize)
  Segment 5 order: -512 -436 -437 -440 -506 -505 464 465 480 -96 -95 91 -89 88 -87 86 -85 -84 -83 -82 -81 -80 78 75 72 73 -74 -71 76 70 77 -79 -24 -23 -22 -65 -63 64 57 59 -58 60 61 62 -386 -401 400 399 407 -406 -405 -404 -415 416 418 419 420 421 -423 -422 424 -417 425 381 426 -368 -367 -365 364 362 -361 348 -363 -347 333 -332 -331 -330 -329 327 -325 -324 -323 -321 -339 -338 -337 -336 -335 -334 345 346
Segment 6 eval: start=PORT-591 end=PORT-583 stations=84 (optimize)
  Segment 6 order: -340 -320 -319 -318 -317 -316 -315 -314 313 -312 -311 309 310 -292 293 294 -295 -306 -305 -304 -303 -302 -301 -300 -299 -298 -297 -296 291 -290 -289 -288 -287 -286 -285 -552 -551 -550 -553 554 -560 -559 -558 -555 284 -283 -282 556 557 561 562 -563 -566 564 565 568 -542 543 540 541 549 548 -547 -546 -545 -544 -539 -538 -537 536 -535 -534 -572 569 570 571 573 574 -577 576 -527 528 -170 169
Segment 7 eval: start=PORT-583 end=PORT-588 stations=52 (optimize)
  Segment 7 order: -178 -226 -182 -183 184 185 186 187 188 189 224 225 -221 220 217 -216 -100 -99 -208 -207 -206 209 210 211 -212 -195 -193 194 196 197 198 199 -200 201 205 256 257 259 258 -128 -127 126 -125 -124 -265 -264 -267 266 -123 -471 472 -122
Segment 8 eval: start=PORT-588 end=PORT-581 stations=34 (optimize)
  Segment 8 order: 118 473 481 469 470 -121 120 -119 -270 -269 -268 -263 -262 -261 260 254 255 129 130 131 -204 -203 -202 -251 -250 -246 98 -242 241 -240 -239 -236 -97 13
Segment 9 eval: start=PORT-581 end=PORT-591 stations=33 (optimize)
  Segment 9 order: -93 25 5 10 11 12 -14 18 -21 20 -19 -17 -16 -15 -143 6 -7 4 -3 -1 117 -116 115 -475 -474 466 -467 -479 -478 -476 477 483 308
Segment 10 eval: start=PORT-591 end=PORT-593 stations=25 (optimize)
  Segment 10 order: 366 -357 -356 -355 354 -352 -351 -322 -533 -532 -531 -530 -529 575 578 579 580 524 525 526 -523 -522 -521 -518 -517
Segment 11 eval: start=PORT-593 end=PORT-584 stations=32 (optimize)
  Segment 11 order: 515 516 -520 -519 -427 428 429 430 431 432 433 -434 447 -446 -445 439 -511 -510 -509 -508 -507 -504 -503 -488 -487 489 -482 493 -492 -491 -490 -502
Segment 12 eval: start=PORT-584 end=PORT-584 stations=8 (optimize)
  Segment 12 order: -485 -461 -459 460 -463 -484 462 -486
Segment 13 eval: start=PORT-584 end=BOAT-END stations=1 (optimize)
  Segment 13 order: 468
Cap boundary debug: PORT-583 -> [178 226 182 183 184 185 186 187 188 189 224 225 221 220 216 217 193 194 195 196 197 198 199 200 201 209 210 211 212 208 207 206 205 256 257 259 258 128 127 126 125 124 264 265 267 266 123 122 472 471 99 100] -> PORT-588 -> [118 119 120 121 270 269 268 262 261 260 254 255 251 250 246 242 241 240 239 236 97 98 130 129 131 204 203 202 263 470 469 473 481 13] -> PORT-581 | load_left=44179 load_right=43785 cap=45000
Set parameter Username
Set parameter LicenseID to value 2738882
Academic license - for non-commercial use only - expires 2026-11-14
Set parameter TimeLimit to value 300
Set parameter Seed to value 1588278948
Set parameter Threads to value 4
Set parameter OutputFlag to value 1
Set parameter LogToConsole to value 1
Set parameter LazyConstraints to value 1
Gurobi Optimizer version 13.0.0 build v13.0.0rc1 (linux64 - "Debian GNU/Linux 13 (trixie)")

CPU model: AMD Ryzen 9 5950X 16-Core Processor, instruction set [SSE2|AVX|AVX2]
Thread count: 16 physical cores, 32 logical processors, using up to 4 threads

Non-default parameters:
TimeLimit  300
Seed  1588278948
Threads  4
LazyConstraints  1

Optimize a model with 32722 rows, 92928 columns and 185844 nonzeros (Min)
Model fingerprint: 0x11c50f7c
Model has 30624 linear objective coefficients
Variable types: 61952 continuous, 30976 integer (30976 binary)
Coefficient statistics:
  Matrix range     [1e+00, 4e+04]
  Objective range  [3e-01, 1e+05]
  Bounds range     [1e+00, 4e+04]
  RHS range        [1e+00, 9e+03]
Presolve removed 1926 rows and 32116 columns
Presolve time: 0.29s
Presolved: 30796 rows, 60812 columns, 182043 nonzeros
Variable types: 30100 continuous, 30712 integer (30712 binary)
Root relaxation presolved: 30797 rows, 60812 columns, 187667 nonzeros

Deterministic concurrent LP optimizer: primal and dual simplex
Showing primal log only...

Concurrent spin time: 0.00s

Solved with primal simplex

Root relaxation: objective 7.554869e+02, 73470 iterations, 3.20 seconds (6.24 work units)

    Nodes    |    Current Node    |     Objective Bounds      |     Work
 Expl Unexpl |  Obj  Depth IntInf | Incumbent    BestBd   Gap | It/Node Time

     0     0  755.48689    0  261          -  755.48689      -     -    4s
H    0     0                    1821.5739083  755.48689  58.5%     -    4s
H    0     0                    1268.9433687  755.48689  40.5%     -    4s
H    0     0                    1225.0691120  755.48689  38.3%     -    4s
H    0     0                    1190.3880184  755.48689  36.5%     -    4s
H    0     0                    1189.9832317  755.48689  36.5%     -    5s
H    0     0                    1189.5792652  755.48689  36.5%     -    5s
H    0     0                     963.2904559  755.48689  21.6%     -    7s
     0     0  755.48689    0  258  963.29046  755.48689  21.6%     -    9s
     0     0  756.12569    0  330  963.29046  756.12569  21.5%     -   13s
H    0     0                     962.7953323  756.70767  21.4%     -   14s
H    0     0                     955.8580768  756.70767  20.8%     -   14s
H    0     0                     946.1645401  756.70767  20.0%     -   14s
H    0     0                     933.9045701  756.70767  19.0%     -   14s
H    0     0                     929.3496783  756.70767  18.6%     -   14s
H    0     0                     922.1145940  756.70767  17.9%     -   15s
H    0     0                     917.4676112  756.70767  17.5%     -   15s
H    0     0                     917.2445543  756.70767  17.5%     -   16s
H    0     0                     915.7418416  756.70767  17.4%     -   16s
     0     0  756.70767    0  330  915.74184  756.70767  17.4%     -   17s
     0     0  758.35047    0  354  915.74184  758.35047  17.2%     -   21s
     0     0  758.35288    0  354  915.74184  758.35288  17.2%     -   21s
     0     0  759.80266    0  385  915.74184  759.80266  17.0%     -   28s
     0     0  759.81530    0  381  915.74184  759.81530  17.0%     -   29s
     0     0  759.92960    0  382  915.74184  759.92960  17.0%     -   29s
     0     0  759.92960    0  384  915.74184  759.92960  17.0%     -   29s
     0     0  761.32470    0  383  915.74184  761.32470  16.9%     -   37s
     0     0  761.38981    0  377  915.74184  761.38981  16.9%     -   38s
     0     0  761.39020    0  383  915.74184  761.39020  16.9%     -   38s
     0     0  761.42799    0  382  915.74184  761.42799  16.9%     -   40s
     0     0  761.43065    0  384  915.74184  761.43065  16.9%     -   40s
     0     0  761.43184    0  383  915.74184  761.43184  16.9%     -   40s
     0     0  761.50477    0  387  915.74184  761.50477  16.8%     -   46s
     0     0  761.50556    0  388  915.74184  761.50556  16.8%     -   47s
     0     0  761.62197    0  367  915.74184  761.62197  16.8%     -   49s
H    0     0                     913.0491242  761.62197  16.6%     -   50s
H    0     0                     912.8260674  761.62197  16.6%     -   50s
H    0     0                     911.8975709  761.62197  16.5%     -   51s
H    0     0                     910.0348605  761.62197  16.3%     -   51s
H    0     0                     898.3693033  761.62197  15.2%     -   51s
H    0     0                     893.4757329  761.62197  14.8%     -   51s
H    0     0                     887.9327308  761.62197  14.2%     -   51s
H    0     0                     884.3062631  761.62197  13.9%     -   52s
H    0     0                     877.2673049  761.62197  13.2%     -   52s
H    0     0                     876.2222516  761.62197  13.1%     -   52s
     0     0  761.62197    0  373  876.22225  761.62197  13.1%     -   54s
     0     0  761.72314    0  378  876.22225  761.72314  13.1%     -   57s
     0     0  761.74993    0  388  876.22225  761.74993  13.1%     -   57s
     0     0  761.75334    0  391  876.22225  761.75334  13.1%     -   58s
     0     0  761.75334    0  392  876.22225  761.75334  13.1%     -   58s
     0     0  762.17279    0  389  876.22225  762.17279  13.0%     -   62s
     0     0  762.17560    0  382  876.22225  762.17560  13.0%     -   63s
     0     0  762.17900    0  385  876.22225  762.17900  13.0%     -   63s
     0     0  762.17907    0  389  876.22225  762.17907  13.0%     -   63s
     0     0  762.56736    0  390  876.22225  762.56736  13.0%     -   67s
     0     0  762.56754    0  396  876.22225  762.56754  13.0%     -   68s
     0     0  762.60391    0  375  876.22225  762.60391  13.0%     -   70s
     0     0  762.60530    0  380  876.22225  762.60530  13.0%     -   71s
     0     0  762.97830    0  389  876.22225  762.97830  12.9%     -   76s
     0     0  762.98503    0  398  876.22225  762.98503  12.9%     -   77s
     0     0  762.98504    0  398  876.22225  762.98504  12.9%     -   77s
     0     0  763.70235    0  396  876.22225  763.70235  12.8%     -   82s
     0     0  763.70634    0  396  876.22225  763.70634  12.8%     -   82s
     0     0  763.70730    0  401  876.22225  763.70730  12.8%     -   83s
     0     0  765.05152    0  373  876.22225  765.05152  12.7%     -   87s
H    0     0                     874.6401042  765.05152  12.5%     -   87s
     0     0  765.05410    0  383  874.64010  765.05410  12.5%     -   87s
     0     0  765.06429    0  379  874.64010  765.06429  12.5%     -   88s
     0     0  765.06455    0  380  874.64010  765.06455  12.5%     -   88s
     0     0  765.36392    0  379  874.64010  765.36392  12.5%     -   90s
     0     0  765.36489    0  379  874.64010  765.36489  12.5%     -   91s
     0     0  765.37232    0  370  874.64010  765.37232  12.5%     -   92s
     0     0  765.37232    0  372  874.64010  765.37232  12.5%     -   94s
     0     0  765.39753    0  389  874.64010  765.39753  12.5%     -   96s
H    0     0                     873.7426842  765.43436  12.4%     -   97s
     0     0  765.43436    0  381  873.74268  765.43436  12.4%     -   99s
     0     0  765.44900    0  386  873.74268  765.44900  12.4%     -  101s
     0     0  765.46529    0  397  873.74268  765.46529  12.4%     -  101s
     0     0  765.46529    0  397  873.74268  765.46529  12.4%     -  101s
     0     0  765.47816    0  405  873.74268  765.47816  12.4%     -  104s
     0     0  765.47816    0  406  873.74268  765.47816  12.4%     -  105s
     0     0  765.57827    0  385  873.74268  765.57827  12.4%     -  107s
     0     0  765.59417    0  396  873.74268  765.59417  12.4%     -  107s
     0     0  765.59631    0  398  873.74268  765.59631  12.4%     -  108s
     0     0  765.59631    0  396  873.74268  765.59631  12.4%     -  108s
     0     0  765.59684    0  397  873.74268  765.59684  12.4%     -  109s
     0     0  765.59751    0  398  873.74268  765.59751  12.4%     -  111s
     0     0  765.62373    0  395  873.74268  765.62373  12.4%     -  113s
     0     0  765.62921    0  398  873.74268  765.62921  12.4%     -  114s
     0     0  765.62921    0  395  873.74268  765.62921  12.4%     -  114s
     0     0  765.63230    0  392  873.74268  765.63230  12.4%     -  116s
     0     0  765.63230    0  392  873.74268  765.63230  12.4%     -  116s
     0     0  765.63265    0  395  873.74268  765.63265  12.4%     -  117s
     0     0  765.63265    0  395  873.74268  765.63265  12.4%     -  117s
     0     0  765.63265    0  388  873.74268  765.63265  12.4%     -  120s
H    0     0                     868.3157092  765.63265  11.8%     -  126s
H    0     0                     862.2109137  765.63265  11.2%     -  126s
H    0     0                     858.9793011  765.63265  10.9%     -  126s
H    0     0                     858.7288910  765.63265  10.8%     -  127s
H    0     0                     856.5099182  765.63265  10.6%     -  131s
     0     0  774.59360    0  306  856.50992  774.59360  9.56%     -  147s
H    0     0                     853.7635953  774.59360  9.27%     -  151s
     0     0  774.59360    0  354  853.76360  774.59360  9.27%     -  154s
H    0     0                     852.7070416  774.59360  9.16%     -  154s
H    0     0                     840.0665404  774.59360  7.79%     -  156s
H    0     0                     839.9943384  774.59360  7.79%     -  157s
H    0     0                     839.4045441  774.59360  7.72%     -  157s
H    0     0                     838.9094205  774.59360  7.67%     -  158s
H    0     0                     837.3456131  774.59360  7.49%     -  162s
     0     0  774.59360    0  374  837.34561  774.59360  7.49%     -  167s
     0     0  774.59360    0  391  837.34561  774.59360  7.49%     -  168s
     0     0  774.59360    0  391  837.34561  774.59360  7.49%     -  170s
     0     0  774.59360    0  401  837.34561  774.59360  7.49%     -  171s
     0     0  774.59360    0  390  837.34561  774.59360  7.49%     -  177s
     0     0  774.59360    0  393  837.34561  774.59360  7.49%     -  178s
     0     0  774.59360    0  385  837.34561  774.59360  7.49%     -  183s
     0     0  774.59360    0  393  837.34561  774.59360  7.49%     -  184s
     0     0  776.53583    0  395  837.34561  776.53583  7.26%     -  190s
     0     0  780.31953    0  389  837.34561  780.31953  6.81%     -  191s
     0     0  780.32520    0  395  837.34561  780.32520  6.81%     -  191s
     0     0  796.00391    0  391  837.34561  796.00391  4.94%     -  193s
     0     0  796.00391    0  260  837.34561  796.00391  4.94%     -  197s
     0     0  796.00391    0  261  837.34561  796.00391  4.94%     -  197s
H    0     0                     832.7369207  796.00391  4.41%     -  197s
     0     0  796.00391    0  355  832.73692  796.00391  4.41%     -  200s
     0     0  796.00391    0  357  832.73692  796.00391  4.41%     -  200s
H    0     0                     831.8654023  796.00391  4.31%     -  200s
H    0     0                     830.6010685  796.00391  4.17%     -  200s
     0     0  796.00391    0  365  830.60107  796.00391  4.17%     -  202s
     0     0  796.00391    0  379  830.60107  796.00391  4.17%     -  203s
     0     0  797.03596    0  382  830.60107  797.03596  4.04%     -  204s
     0     0  797.04409    0  383  830.60107  797.04409  4.04%     -  205s
     0     0  797.68058    0  402  830.60107  797.68058  3.96%     -  206s
     0     0  800.54163    0  402  830.60107  800.54163  3.62%     -  206s
     0     0  800.54163    0  401  830.60107  800.54163  3.62%     -  206s
     0     0  806.01413    0  394  830.60107  806.01413  2.96%     -  209s
     0     0  806.01413    0  311  830.60107  806.01413  2.96%     -  211s
     0     0  806.01413    0  361  830.60107  806.01413  2.96%     -  212s
     0     0  806.01413    0  361  830.60107  806.01413  2.96%     -  214s
     0     0  806.01413    0  386  830.60107  806.01413  2.96%     -  214s
     0     0  806.01413    0  379  830.60107  806.01413  2.96%     -  214s
     0     0  806.01413    0  365  830.60107  806.01413  2.96%     -  215s
     0     0  806.27978    0  381  830.60107  806.27978  2.93%     -  215s
     0     0  806.62142    0  377  830.60107  806.62142  2.89%     -  215s
     0     0  806.62157    0  378  830.60107  806.62157  2.89%     -  215s
     0     0  806.97748    0  393  830.60107  806.97748  2.84%     -  216s
     0     0  807.00464    0  388  830.60107  807.00464  2.84%     -  216s
     0     0  812.87221    0  385  830.60107  812.87221  2.13%     -  217s
     0     0  812.88675    0  384  830.60107  812.88675  2.13%     -  217s
     0     0  813.28770    0  377  830.60107  813.28770  2.08%     -  218s
     0     0  813.28770    0  256  830.60107  813.28770  2.08%     -  218s
     0     0  813.28770    0  354  830.60107  813.28770  2.08%     -  219s
     0     0  813.28770    0  352  830.60107  813.28770  2.08%     -  219s
     0     0  813.28770    0  398  830.60107  813.28770  2.08%     -  220s
     0     0  813.28770    0  378  830.60107  813.28770  2.08%     -  220s
     0     0  813.28770    0  382  830.60107  813.28770  2.08%     -  220s
     0     0  813.35080    0  385  830.60107  813.35080  2.08%     -  220s
     0     0  813.35167    0  386  830.60107  813.35167  2.08%     -  220s
     0     0  814.38294    0  368  830.60107  814.38294  1.95%     -  221s
     0     0  814.38321    0  366  830.60107  814.38321  1.95%     -  221s
     0     0  814.53365    0  384  830.60107  814.53365  1.93%     -  222s
     0     0  814.54334    0  378  830.60107  814.54334  1.93%     -  222s
     0     0  814.54386    0  377  830.60107  814.54386  1.93%     -  222s
     0     0  814.54386    0  377  830.60107  814.54386  1.93%     -  222s
     0     0  814.54386    0  358  830.60107  814.54386  1.93%     -  222s
     0     2  814.54424    0  358  830.60107  814.54424  1.93%     -  223s
    16    22  816.72808    5  363  830.60107  814.92234  1.89%  1516  225s
    83    91  817.27791   17  284  830.60107  814.92234  1.89%  1561  230s
   348   396  819.10707   63  195  830.60107  814.92992  1.89%   714  235s
   799   723  816.91832    4  366  830.60107  815.21099  1.85%   535  240s
H  809   723                     830.6010682  815.21099  1.85%   543  240s
   974   901  818.40841    9  284  830.60107  815.25655  1.85%   598  245s
  1135  1002  820.46623   62  307  830.60107  815.34777  1.84%   593  250s
  1148  1011  819.26903   15  330  830.60107  815.39335  1.83%   586  256s
  1197  1049  822.27246   19  305  830.60107  815.61977  1.80%   632  260s
  1355  1090  828.74646   39  211  830.60107  815.61977  1.80%   614  265s
  1576  1149  823.73947   32  204  830.60107  816.34217  1.72%   597  270s
  1826  1222  823.13548   32  240  830.60107  817.34830  1.60%   579  275s
  1999  1266  821.06022   18  307  830.60107  817.57385  1.57%   575  280s
  2280  1271  825.39321   22  277  830.60107  817.57385  1.57%   559  285s
  2486  1283  829.24301   19  238  830.60107  818.52780  1.45%   561  290s
  2740  1333  823.01089   22  343  830.60107  818.78798  1.42%   564  295s

Cutting planes:
  Gomory: 5
  Cover: 16
  Implied bound: 142
  Projected implied bound: 9
  Clique: 9
  MIR: 71
  Mixing: 1
  Flow cover: 171
  GUB cover: 2
  Inf proof: 1
  Zero half: 54
  Network: 3
  RLT: 7
  Relax-and-lift: 84
  BQP: 2

Explored 3125 nodes (2348345 simplex iterations) in 300.00 seconds (694.68 work units)
Thread count was 4 (of 32 available processors)

Solution count 10: 830.601 831.865 832.737 ... 853.764

Time limit reached
Best objective 8.306010681851e+02, best bound 8.194012204665e+02, gap 1.3484%

User-callback calls 46329, time in user-callback 0.01 sec
Cap boundary opt: PORT-588 stations=86 obj=830.601 real=967.539 baseline=972.294
Set parameter Username
Set parameter LicenseID to value 2738882
Academic license - for non-commercial use only - expires 2026-11-14
Segment 1 eval: start=BOAT-0 end=PORT-583 stations=50 (optimize)
  Segment 1 order: -501 -500 -499 -498 -497 -496 -495 112 113 -494 114 -275 -111 -274 -107 -106 -105 104 -103 -102 -101 108 109 110 -273 -272 271 253 252 249 -248 -247 -245 -244 -243 -238 237 -215 -214 213 -192 218 -191 219 -190 -223 222 -230 -134 -133
Segment 2 eval: start=PORT-583 end=PORT-581 stations=58 (optimize)
  Segment 2 order: -132 -181 -180 -229 -231 232 233 234 -235 -227 228 -179 -135 136 152 153 154 174 175 -176 -177 171 168 -165 166 -164 -162 -161 -160 159 163 167 172 173 155 156 157 158 -150 -149 -148 -147 -146 -145 -144 -142 -9 -8 -141 -140 -139 151 -138 -137 -2 90 -94 -92
Segment 3 eval: start=PORT-581 end=PORT-591 stations=80 (optimize)
  Segment 3 order: 56 55 -54 -53 -52 -51 -50 -49 -48 -39 -38 -37 66 67 68 69 -36 -35 -32 -31 -29 -27 26 28 30 -33 -34 41 42 43 44 45 46 -40 47 396 397 -398 -395 -394 -393 -392 -391 -390 -389 -388 -387 402 -403 385 -384 -383 -382 -414 -413 412 -409 408 -410 411 380 378 -379 -377 -376 -375 374 -373 -372 -371 -370 369 359 360 -358 -353 -350 -349 -326 328
Segment 4 eval: start=PORT-591 end=PORT-593 stations=31 (optimize)
  Segment 4 order: 276 -344 -343 -342 -277 278 279 280 -341 281 -307 567 435 438 448 453 456 457 458 -455 -454 -452 -451 -450 -449 -444 -443 -442 -441 513 514
Segment 5 eval: start=PORT-593 end=PORT-591 stations=92 (optimize)
  Segment 5 order: -512 -436 -437 -440 -506 -505 464 465 480 -96 -95 91 -89 88 -87 86 -85 -84 -83 -82 -81 -80 78 75 72 73 -74 -71 76 70 77 -79 -24 -23 -22 -65 -63 64 57 59 -58 60 61 62 -386 -401 400 399 407 -406 -405 -404 -415 416 418 419 420 421 -423 -422 424 -417 425 381 426 -368 -367 -365 364 362 -361 348 -363 -347 333 -332 -331 -330 -329 327 -325 -324 -323 -321 -339 -338 -337 -336 -335 -334 345 346
Segment 6 eval: start=PORT-591 end=PORT-583 stations=84 (optimize)
  Segment 6 order: -340 -320 -319 -318 -317 -316 -315 -314 313 -312 -311 309 310 -292 293 294 -295 -306 -305 -304 -303 -302 -301 -300 -299 -298 -297 -296 291 -290 -289 -288 -287 -286 -285 -552 -551 -550 -553 554 -560 -559 -558 -555 284 -283 -282 556 557 561 562 -563 -566 564 565 568 -542 543 540 541 549 548 -547 -546 -545 -544 -539 -538 -537 536 -535 -534 -572 569 570 571 573 574 -577 576 -527 528 -170 169
Segment 7 eval: start=PORT-583 end=PORT-588 stations=46 (optimize)
  Segment 7 order: 13 -178 -226 -182 -183 184 185 186 187 188 189 224 225 -221 220 216 217 193 194 195 196 -197 212 -211 -210 -209 -208 -207 -255 -254 -260 261 262 263 265 267 266 -123 122 -472 471 -470 -469 -481 -473 -118
Segment 8 eval: start=PORT-588 end=PORT-581 stations=40 (optimize)
  Segment 8 order: 119 121 120 270 -269 -268 264 124 125 -126 127 128 -258 -259 -257 256 -130 129 131 -204 -203 -202 -199 -198 -200 201 205 -206 -251 -250 -246 -100 -99 -98 -242 241 -240 -239 -236 -97
Segment 9 eval: start=PORT-581 end=PORT-591 stations=33 (optimize)
  Segment 9 order: -93 25 5 10 11 12 -14 18 -21 20 -19 -17 -16 -15 -143 6 -7 4 -3 -1 117 -116 115 -475 -474 466 -467 -479 -478 -476 477 483 308
Segment 10 eval: start=PORT-591 end=PORT-593 stations=25 (optimize)
  Segment 10 order: 366 -357 -356 -355 354 -352 -351 -322 -533 -532 -531 -530 -529 575 578 579 580 524 525 526 -523 -522 -521 -518 -517
Segment 11 eval: start=PORT-593 end=PORT-584 stations=32 (optimize)
  Segment 11 order: 515 516 -520 -519 -427 428 429 430 431 432 433 -434 447 -446 -445 439 -511 -510 -509 -508 -507 -504 -503 -488 -487 489 -482 493 -492 -491 -490 -502
Segment 12 eval: start=PORT-584 end=PORT-584 stations=8 (optimize)
  Segment 12 order: -485 -461 -459 460 -463 -484 462 -486
Segment 13 eval: start=PORT-584 end=BOAT-END stations=1 (optimize)
  Segment 13 order: 468
Cap boundary debug: PORT-588 -> [119 121 120 270 269 268 264 124 125 126 127 128 258 259 257 256 130 129 131 204 203 202 199 198 200 201 205 206 251 250 246 100 99 98 242 241 240 239 236 97] -> PORT-581 -> [93 25 4 3 1 7 6 5 10 11 12 14 15 16 17 18 21 19 20 143 117 116 115 476 477 478 479 474 475 466 467 483 308] -> PORT-591 | load_left=43788 load_right=43983 cap=45000
Set parameter Username
Set parameter LicenseID to value 2738882
Academic license - for non-commercial use only - expires 2026-11-14
Set parameter TimeLimit to value 300
Set parameter Seed to value 827168437
Set parameter Threads to value 4
Set parameter OutputFlag to value 1
Set parameter LogToConsole to value 1
Set parameter LazyConstraints to value 1
Gurobi Optimizer version 13.0.0 build v13.0.0rc1 (linux64 - "Debian GNU/Linux 13 (trixie)")

CPU model: AMD Ryzen 9 5950X 16-Core Processor, instruction set [SSE2|AVX|AVX2]
Thread count: 16 physical cores, 32 logical processors, using up to 4 threads

Non-default parameters:
TimeLimit  300
Seed  827168437
Threads  4
LazyConstraints  1

Optimize a model with 23986 rows, 67500 columns and 134988 nonzeros (Min)
Model fingerprint: 0x69c3c253
Model has 22200 linear objective coefficients
Variable types: 45000 continuous, 22500 integer (22500 binary)
Coefficient statistics:
  Matrix range     [1e+00, 4e+04]
  Objective range  [4e-01, 1e+05]
  Bounds range     [1e+00, 4e+04]
  RHS range        [1e+00, 1e+04]
Presolve removed 1640 rows and 23471 columns
Presolve time: 0.23s
Presolved: 22346 rows, 44029 columns, 131805 nonzeros
Variable types: 21754 continuous, 22275 integer (22275 binary)
Root relaxation presolved: 22346 rows, 44029 columns, 131805 nonzeros

Deterministic concurrent LP optimizer: primal and dual simplex
Showing primal log only...

Concurrent spin time: 0.00s

Solved with primal simplex

Root relaxation: objective 1.163175e+03, 30250 iterations, 1.01 seconds (1.82 work units)

    Nodes    |    Current Node    |     Objective Bounds      |     Work
 Expl Unexpl |  Obj  Depth IntInf | Incumbent    BestBd   Gap | It/Node Time

     0     0 1163.17477    0  265          - 1163.17477      -     -    1s
     0     0 1163.17477    0  265          - 1163.17477      -     -    5s
     0     0 1165.30950    0  265          - 1165.30950      -     -    9s
     0     0 1168.84660    0  290          - 1168.84660      -     -   12s
H    0     0                    1973.1268927 1168.84660  40.8%     -   14s
H    0     0                    1942.3589634 1168.84660  39.8%     -   15s
H    0     0                    1941.5820563 1168.84660  39.8%     -   15s
H    0     0                    1688.8952833 1168.84660  30.8%     -   19s
H    0     0                    1670.3253540 1168.84660  30.0%     -   19s
H    0     0                    1658.3783874 1168.84660  29.5%     -   19s
H    0     0                    1654.7027112 1168.84660  29.4%     -   20s
H    0     0                    1653.7591034 1168.84660  29.3%     -   20s
H    0     0                    1643.0770737 1168.84660  28.9%     -   20s
H    0     0                    1643.0180085 1168.84660  28.9%     -   20s
H    0     0                    1642.2774781 1168.84660  28.8%     -   20s
H    0     0                    1642.2184129 1168.84660  28.8%     -   20s
H    0     0                    1556.6771384 1168.84660  24.9%     -   20s
H    0     0                    1543.6931219 1168.84660  24.3%     -   20s
H    0     0                    1466.0813905 1168.84660  20.3%     -   21s
H    0     0                    1463.6989608 1168.84660  20.1%     -   21s
H    0     0                    1458.9349220 1168.84660  19.9%     -   21s
H    0     0                    1458.5309555 1168.84660  19.9%     -   21s
H    0     0                    1453.8839726 1168.84660  19.6%     -   21s
H    0     0                    1451.1362722 1168.84660  19.5%     -   22s
H    0     0                    1449.6797402 1168.84660  19.4%     -   22s
H    0     0                    1446.9417340 1168.84660  19.2%     -   23s
     0     0 1169.23305    0  289 1446.94173 1169.23305  19.2%     -   27s
     0     0 1169.23395    0  277 1446.94173 1169.23395  19.2%     -   27s
     0     0 1172.24473    0  316 1446.94173 1172.24473  19.0%     -   29s
     0     0 1172.25880    0  316 1446.94173 1172.25880  19.0%     -   30s
H    0     0                    1430.3599455 1172.25880  18.0%     -   34s
H    0     0                    1429.0437941 1172.25880  18.0%     -   34s
     0     0 1172.29191    0  316 1429.04379 1172.29191  18.0%     -   35s
     0     0 1172.29191    0  316 1429.04379 1172.29191  18.0%     -   35s
     0     0 1177.72098    0  318 1429.04379 1177.72098  17.6%     -   38s
     0     0 1178.13253    0  335 1429.04379 1178.13253  17.6%     -   38s
     0     0 1178.13554    0  334 1429.04379 1178.13554  17.6%     -   38s
     0     0 1180.67376    0  336 1429.04379 1180.67376  17.4%     -   42s
     0     0 1180.69154    0  339 1429.04379 1180.69154  17.4%     -   42s
     0     0 1180.70818    0  338 1429.04379 1180.70818  17.4%     -   42s
     0     0 1180.70818    0  338 1429.04379 1180.70818  17.4%     -   42s
     0     0 1181.59935    0  349 1429.04379 1181.59935  17.3%     -   43s
     0     0 1181.71193    0  336 1429.04379 1181.71193  17.3%     -   44s
     0     0 1181.71345    0  341 1429.04379 1181.71345  17.3%     -   44s
     0     0 1182.53516    0  335 1429.04379 1182.53516  17.2%     -   45s
     0     0 1182.54367    0  337 1429.04379 1182.54367  17.2%     -   45s
     0     0 1182.66712    0  343 1429.04379 1182.66712  17.2%     -   46s
     0     0 1184.43566    0  343 1429.04379 1184.43566  17.1%     -   46s
     0     0 1184.43566    0  319 1429.04379 1184.43566  17.1%     -   47s
     0     2 1193.27848    0  317 1429.04379 1193.27848  16.5%     -   50s
    26    37 1193.27848    6  300 1429.04379 1193.27848  16.5%  1422   55s
    86    93 1203.37197   13  289 1429.04379 1193.27848  16.5%   921   60s
   134   139 1211.69936   20  279 1429.04379 1193.27848  16.5%   989   65s
   161   160 1225.95434   26  254 1429.04379 1193.27848  16.5%  1149   71s
   176   182 1232.88174   28  231 1429.04379 1193.27848  16.5%  1319   75s
   248   271 1244.15226   39  213 1429.04379 1193.27848  16.5%  1199   81s
   420   445 1264.92955   81  214 1429.04379 1193.27848  16.5%   862   85s
   575   591 1276.39287  121  212 1429.04379 1193.27848  16.5%   755   91s
H  576   591                    1416.3116376 1193.27848  15.7%   754   91s
   677   700 1338.85207  140  196 1416.31164 1193.27848  15.7%   702   95s
H  698   700                    1412.3557160 1193.27848  15.5%   689   95s
   818   818 1296.82273  177  187 1412.35572 1193.27848  15.5%   656  102s
H  831   850                    1409.9960794 1193.27848  15.4%   659  104s
   863   910 1297.19041  179  183 1409.99608 1193.27848  15.4%   650  106s
H  923   946                    1388.4627296 1193.27848  14.1%   630  109s
   959  1098 1303.04610  199  169 1388.46273 1193.27848  14.1%   619  111s
  1118  1202 1311.18946  247  189 1388.46273 1193.27848  14.1%   554  115s
  1328  1332 1354.59398  329  190 1388.46273 1193.27848  14.1%   530  121s
  1370  1342 1193.27848    5  300 1388.46273 1193.27848  14.1%   535  125s
  1398  1355 1280.53263   99  319 1388.46273 1193.27848  14.1%   561  145s
H 1399  1288                    1381.2544587 1193.27848  13.6%   561  157s
  1402  1290 1274.29031   89  324 1381.25446 1193.27848  13.6%   560  160s
  1406  1292 1233.12144   29  311 1381.25446 1193.27848  13.6%   558  166s
H 1406  1227                    1373.4351850 1193.27848  13.1%   558  173s
H 1406  1165                    1373.0638950 1193.27848  13.1%   558  174s
H 1406  1107                    1368.6758786 1193.27848  12.8%   558  174s
H 1406  1051                    1368.6758662 1193.27848  12.8%   558  175s
  1410  1054 1215.01419   25  320 1368.67587 1193.27848  12.8%   557  182s
  1412  1055 1324.39244  223  321 1368.67587 1193.27848  12.8%   556  188s
  1413  1056 1350.20253  213  317 1368.67587 1193.27848  12.8%   556  192s
  1414  1057 1268.22745   86  317 1368.67587 1193.27848  12.8%   555  197s
  1417  1064 1199.13552   16  300 1368.67587 1199.13552  12.4%   638  202s
  1431  1075 1209.90996   19  338 1368.67587 1199.13552  12.4%   652  206s
  1443  1082 1213.38698   20  294 1368.67587 1199.13552  12.4%   662  210s
  1456  1090 1216.93139   22  287 1368.67587 1199.13552  12.4%   684  215s
  1470  1102 1229.48062   23  268 1368.67587 1199.13552  12.4%   707  221s
  1493  1120 1224.77682   26  295 1368.67587 1199.13552  12.4%   714  226s
  1519  1134 1235.60659   29  274 1368.67587 1199.13552  12.4%   725  231s
  1547  1148 1233.56744   32  271 1368.67587 1199.13552  12.4%   732  235s
  1570  1164 1232.30600   34  269 1368.67587 1199.13552  12.4%   738  241s
  1592  1181 1235.11001   38  273 1368.67587 1199.13552  12.4%   746  245s
  1628  1203 1236.75344   42  276 1368.67587 1199.13552  12.4%   759  251s
  1654  1218 1238.24731   45  267 1368.67587 1199.13552  12.4%   770  256s
  1676  1236 1240.12552   47  260 1368.67587 1199.13552  12.4%   791  262s
  1691  1241 1240.55359   48  251 1368.67587 1199.13552  12.4%   800  265s
  1719  1259 1241.88317   52  244 1368.67587 1199.13552  12.4%   813  271s
  1746  1284 1244.55734   57  238 1368.67587 1199.13552  12.4%   826  276s
  1766  1297 1247.41297   61  237 1368.67587 1199.13552  12.4%   832  280s
  1804  1320 1251.70635   67  229 1368.67587 1199.13552  12.4%   850  286s
  1823  1332 1257.90892   70  238 1368.67587 1199.13552  12.4%   857  290s
  1843  1346 1258.14832   72  229 1368.67587 1199.13552  12.4%   870  296s
  1886  1355 1260.02322   76  231 1368.67587 1199.13552  12.4%   896  300s

Cutting planes:
  Gomory: 1
  Cover: 5
  Implied bound: 73
  Projected implied bound: 4
  MIR: 38
  StrongCG: 1
  Flow cover: 47
  Zero half: 25
  Mod-K: 1
  RLT: 9
  Relax-and-lift: 62
  BQP: 5
  Lazy constraints: 4

Explored 1889 nodes (1750083 simplex iterations) in 300.01 seconds (1151.60 work units)
Thread count was 4 (of 32 available processors)

Solution count 10: 1368.68 1373.06 1373.44 ... 1430.36

Time limit reached
Best objective 1.368675866173e+03, best bound 1.199135522772e+03, gap 12.3872%

User-callback calls 56598, time in user-callback 0.02 sec
Cap boundary reject: PORT-581 segment infeasible left=1245.645 right=100633.848
Cap boundary reject: PORT-581 real=1000000000000000052504760255204420248704468581108159154915854115511802457988908195786371375080447864043704443832883878176942523235360430575644792184786706982848387200926575803737830233794788090059368953234970799945081119038967640880074652742780142494579258788820056842838115669472196386865459400540160.000 baseline=1367.164
Cap boundary debug: PORT-581 -> [93 25 4 3 1 7 6 5 10 11 12 14 15 16 17 18 21 19 20 143 117 116 115 476 477 478 479 474 475 466 467 483 308] -> PORT-591 -> [322 351 352 354 355 356 357 366 533 532 531 530 529 526 525 524 580 579 521 522 523 578 575 518 517] -> PORT-593 | load_left=43983 load_right=43948 cap=45000
Set parameter Username
Set parameter LicenseID to value 2738882
Academic license - for non-commercial use only - expires 2026-11-14
Set parameter TimeLimit to value 300
Set parameter Seed to value 1835982289
Set parameter Threads to value 4
Set parameter OutputFlag to value 1
Set parameter LogToConsole to value 1
Set parameter LazyConstraints to value 1
Gurobi Optimizer version 13.0.0 build v13.0.0rc1 (linux64 - "Debian GNU/Linux 13 (trixie)")

CPU model: AMD Ryzen 9 5950X 16-Core Processor, instruction set [SSE2|AVX|AVX2]
Thread count: 16 physical cores, 32 logical processors, using up to 4 threads

Non-default parameters:
TimeLimit  300
Seed  1835982289
Threads  4
LazyConstraints  1

Optimize a model with 15586 rows, 43200 columns and 86388 nonzeros (Min)
Model fingerprint: 0xa4afb468
Model has 14160 linear objective coefficients
Variable types: 28800 continuous, 14400 integer (14400 binary)
Coefficient statistics:
  Matrix range     [1e+00, 4e+04]
  Objective range  [5e-01, 1e+05]
  Bounds range     [1e+00, 4e+04]
  RHS range        [1e+00, 1e+04]
Presolve removed 1310 rows and 15176 columns
Presolve time: 0.13s
Presolved: 14276 rows, 28024 columns, 83903 nonzeros
Variable types: 13804 continuous, 14220 integer (14220 binary)

Root relaxation: objective 1.065556e+03, 35072 iterations, 3.19 seconds (9.21 work units)

    Nodes    |    Current Node    |     Objective Bounds      |     Work
 Expl Unexpl |  Obj  Depth IntInf | Incumbent    BestBd   Gap | It/Node Time

     0     0 1065.55556    0  196          - 1065.55556      -     -    3s
H    0     0                    203328.46040 1065.55556  99.5%     -    3s
H    0     0                    1723.1209049 1065.55556  38.2%     -    3s
H    0     0                    1697.0582648 1065.55556  37.2%     -    4s
H    0     0                    1692.8718769 1065.55556  37.1%     -    4s
H    0     0                    1672.5669475 1065.55556  36.3%     -    4s
H    0     0                    1649.8418688 1065.55556  35.4%     -    4s
H    0     0                    1639.0570610 1065.55556  35.0%     -    5s
H    0     0                    1567.3096695 1065.55556  32.0%     -    5s
     0     0 1114.35084    0  195 1567.30967 1114.35084  28.9%     -    5s
     0     0 1118.04014    0  259 1567.30967 1118.04014  28.7%     -    5s
     0     0 1118.04014    0  174 1567.30967 1118.04014  28.7%     -    7s
H    0     0                    1566.1828121 1118.04014  28.6%     -    8s
H    0     0                    1556.6809253 1118.04014  28.2%     -    8s
H    0     0                    1549.5419537 1118.04014  27.8%     -    8s
     0     0 1118.60378    0  250 1549.54195 1118.60378  27.8%     -    9s
H    0     0                    1548.7149847 1118.62751  27.8%     -    9s
H    0     0                    1540.2881735 1118.62751  27.4%     -    9s
H    0     0                    1538.6006330 1118.62751  27.3%     -    9s
H    0     0                    1535.0895431 1118.62751  27.1%     -    9s
H    0     0                    1532.3329118 1118.62751  27.0%     -    9s
H    0     0                    1519.0640192 1118.62751  26.4%     -    9s
H    0     0                    1518.3357458 1118.62751  26.3%     -    9s
H    0     0                    1498.2464306 1118.62751  25.3%     -    9s
H    0     0                    1497.8672721 1118.62751  25.3%     -    9s
H    0     0                    1492.9071575 1118.62751  25.1%     -    9s
H    0     0                    1485.4949993 1118.62751  24.7%     -    9s
H    0     0                    1482.8479597 1118.62751  24.6%     -    9s
H    0     0                    1480.7577159 1118.62751  24.5%     -    9s
H    0     0                    1475.8583559 1118.62751  24.2%     -    9s
     0     0 1119.42152    0  253 1475.85836 1119.42152  24.2%     -   10s
     0     0 1124.52527    0  275 1475.85836 1124.52527  23.8%     -   10s
     0     0 1124.67431    0  284 1475.85836 1124.67431  23.8%     -   10s
     0     0 1124.67431    0  282 1475.85836 1124.67431  23.8%     -   10s
     0     0 1125.83716    0  286 1475.85836 1125.83716  23.7%     -   12s
     0     0 1126.36066    0  295 1475.85836 1126.36066  23.7%     -   12s
     0     0 1126.36109    0  284 1475.85836 1126.36109  23.7%     -   12s
     0     0 1127.37504    0  296 1475.85836 1127.37504  23.6%     -   13s
     0     0 1127.50071    0  291 1475.85836 1127.50071  23.6%     -   14s
     0     0 1127.50157    0  294 1475.85836 1127.50157  23.6%     -   14s
     0     0 1127.64523    0  283 1475.85836 1127.64523  23.6%     -   14s
     0     0 1127.66705    0  293 1475.85836 1127.66705  23.6%     -   14s
     0     0 1127.68161    0  294 1475.85836 1127.68161  23.6%     -   14s
     0     0 1127.68370    0  291 1475.85836 1127.68370  23.6%     -   14s
     0     0 1127.73512    0  301 1475.85836 1127.73512  23.6%     -   15s
     0     0 1127.82021    0  301 1475.85836 1127.82021  23.6%     -   15s
     0     0 1127.82021    0  306 1475.85836 1127.82021  23.6%     -   15s
     0     0 1127.99662    0  308 1475.85836 1127.99662  23.6%     -   15s
H    0     0                    1474.4461955 1128.06724  23.5%     -   15s
H    0     0                    1470.2396864 1128.06724  23.3%     -   15s
H    0     0                    1450.9353929 1128.06724  22.3%     -   16s
H    0     0                    1449.4351301 1128.06724  22.2%     -   16s
H    0     0                    1448.1918678 1128.06724  22.1%     -   16s
H    0     0                    1444.4159502 1128.06724  21.9%     -   16s
     0     0 1128.06724    0  305 1444.41595 1128.06724  21.9%     -   16s
     0     0 1128.10050    0  297 1444.41595 1128.10050  21.9%     -   16s
     0     0 1128.13795    0  305 1444.41595 1128.13795  21.9%     -   16s
     0     0 1128.15172    0  305 1444.41595 1128.15172  21.9%     -   16s
     0     0 1128.15172    0  305 1444.41595 1128.15172  21.9%     -   16s
     0     0 1128.60166    0  299 1444.41595 1128.60166  21.9%     -   17s
     0     0 1128.60851    0  305 1444.41595 1128.60851  21.9%     -   17s
     0     0 1128.61854    0  306 1444.41595 1128.61854  21.9%     -   17s
     0     0 1128.62331    0  307 1444.41595 1128.62331  21.9%     -   17s
     0     0 1128.90423    0  308 1444.41595 1128.90423  21.8%     -   18s
     0     0 1128.91992    0  302 1444.41595 1128.91992  21.8%     -   18s
     0     0 1128.91992    0  303 1444.41595 1128.91992  21.8%     -   18s
     0     0 1128.99526    0  302 1444.41595 1128.99526  21.8%     -   18s
     0     0 1129.04957    0  302 1444.41595 1129.04957  21.8%     -   18s
     0     0 1129.08839    0  312 1444.41595 1129.08839  21.8%     -   18s
     0     0 1129.14328    0  314 1444.41595 1129.14328  21.8%     -   18s
     0     0 1129.14328    0  314 1444.41595 1129.14328  21.8%     -   19s
     0     0 1129.28587    0  312 1444.41595 1129.28587  21.8%     -   19s
     0     0 1129.29102    0  313 1444.41595 1129.29102  21.8%     -   19s
     0     0 1129.29102    0  313 1444.41595 1129.29102  21.8%     -   19s
     0     0 1129.36680    0  315 1444.41595 1129.36680  21.8%     -   19s
     0     0 1129.42110    0  313 1444.41595 1129.42110  21.8%     -   19s
     0     0 1129.42110    0  305 1444.41595 1129.42110  21.8%     -   20s
     0     0 1129.48437    0  307 1444.41595 1129.48437  21.8%     -   20s
     0     0 1129.48565    0  308 1444.41595 1129.48565  21.8%     -   20s
     0     0 1129.64852    0  293 1444.41595 1129.64852  21.8%     -   20s
     0     0 1129.65748    0  297 1444.41595 1129.65748  21.8%     -   21s
     0     0 1129.65756    0  301 1444.41595 1129.65756  21.8%     -   21s
     0     0 1129.70949    0  303 1444.41595 1129.70949  21.8%     -   21s
     0     0 1129.75084    0  307 1444.41595 1129.75084  21.8%     -   21s
     0     0 1129.75084    0  307 1444.41595 1129.75084  21.8%     -   21s
     0     0 1129.78139    0  305 1444.41595 1129.78139  21.8%     -   21s
     0     0 1129.78399    0  303 1444.41595 1129.78399  21.8%     -   21s
     0     0 1129.79271    0  304 1444.41595 1129.79271  21.8%     -   21s
     0     0 1129.79271    0  304 1444.41595 1129.79271  21.8%     -   21s
     0     0 1129.79271    0  304 1444.41595 1129.79271  21.8%     -   21s
     0     0 1129.79271    0  304 1444.41595 1129.79271  21.8%     -   22s
     0     2 1129.79271    0  296 1444.41595 1129.79271  21.8%     -   22s
H   28    38                    1439.5956877 1130.37317  21.5%  1151   24s
    37    47 1157.33841    7  212 1439.59569 1130.37317  21.5%   995   25s
H   47    52                    1436.0904033 1130.37317  21.3%   888   25s
H   52    60                    1435.1789579 1130.37317  21.2%   850   25s
H   80    83                    1434.7833289 1130.37317  21.2%   798   26s
H  107   109                    1432.6857638 1130.37317  21.1%   715   27s
   172   187 1172.63687   31  216 1432.68576 1130.37317  21.1%   634   30s
   260   272 1181.04704   52  207 1432.68576 1130.37317  21.1%   579   35s
H  340   349                    1430.6164890 1130.37317  21.0%   576   38s
H  414   420                    1425.1412808 1130.37317  20.7%   541   39s
   421   439 1197.05158   89  199 1425.14128 1130.37317  20.7%   540   40s
H  455   458                    1421.9792229 1130.37317  20.5%   539   41s
   494   528 1209.61969  103  185 1421.97922 1130.37317  20.5%   550   45s
   694   717 1238.11429  168  196 1421.97922 1130.37317  20.5%   515   50s
H  729   744                    1421.3595660 1130.37317  20.5%   505   51s
   996  1052 1344.53415  226  167 1421.35957 1130.37317  20.5%   453   55s
  1394  1316 1177.77790   33  259 1421.35957 1131.01219  20.4%   428   63s
  1396  1317 1312.30325  186  192 1421.35957 1131.01219  20.4%   427   66s
  1416  1331 1222.04883  123  306 1421.35957 1133.02403  20.3%   421   70s
  1431  1341 1186.87410   52  305 1421.35957 1136.98841  20.0%   417   75s
  1445  1350 1174.25666   14  304 1421.35957 1141.72758  19.7%   413   80s
  1459  1359 1224.26224   38  300 1421.35957 1144.78128  19.5%   409   85s
  1475  1370 1202.94488   60  305 1421.35957 1145.76090  19.4%   405   90s
  1486  1379 1332.77693  236  269 1421.35957 1145.93744  19.4%   433   95s
  1504  1391 1178.35068    6  294 1421.35957 1145.93744  19.4%   428  103s
  1505  1391 1166.54104   21  294 1421.35957 1150.62386  19.0%   428  105s
  1532  1416 1212.96369   26  210 1421.35957 1165.31438  18.0%   467  110s
  1569  1442 1243.16385   30  187 1421.35957 1165.31438  18.0%   501  115s
  1604  1466 1182.21189   34  182 1421.35957 1165.31438  18.0%   531  120s
  1661  1501 1186.34992   39  173 1421.35957 1165.31438  18.0%   555  125s
  1718  1544 1195.41763   47  173 1421.35957 1165.31438  18.0%   585  130s
  1764  1578 1198.61766   54  169 1421.35957 1165.31438  18.0%   613  135s
  1819  1617 1201.06477   58  153 1421.35957 1165.31438  18.0%   645  141s
  1854  1643 1262.53638   61  163 1421.35957 1165.31438  18.0%   672  146s
  1898  1662 1221.53679   66  137 1421.35957 1165.31438  18.0%   705  151s
  1955  1689 1228.47017   71  127 1421.35957 1165.31438  18.0%   748  156s
H 1975  1617                    1421.3594530 1165.31438  18.0%   767  159s
  1979  1647 1328.19071   73  183 1421.35945 1165.31438  18.0%   768  161s
  2059  1707 1291.12060   78  207 1421.35945 1165.31438  18.0%   782  165s
  2246  1807 1342.89856   86  157 1421.35945 1165.31438  18.0%   776  171s
  2438  1858 1241.27976   93  133 1421.35945 1165.85682  18.0%   740  175s
  2625  1909 1275.95923  102  132 1421.35945 1168.07812  17.8%   720  180s
  2766  1919     cutoff  104      1421.35945 1170.69825  17.6%   715  185s
  2886  1970 1292.22079  115  178 1421.35945 1171.73137  17.6%   726  191s
  2972  2000 1336.49721  123  192 1421.35945 1171.73137  17.6%   755  196s
  3065  2037 1401.54072  146  210 1421.35945 1171.85897  17.6%   783  201s
  3149  2099 1189.71692   35  221 1421.35945 1172.60300  17.5%   802  207s
  3225  2159 1201.67479   44  211 1421.35945 1172.60300  17.5%   813  210s
  3446  2239 1207.70675   52  213 1421.35945 1172.60300  17.5%   820  216s
  3603  2269 1228.41074   62  211 1421.35945 1172.81944  17.5%   817  220s
  3873  2389 1255.18868   79  177 1421.35945 1172.81944  17.5%   820  226s
  3986  2482 1258.49112   87  153 1421.35945 1172.81944  17.5%   827  230s
  4424  2635 1343.76175  124   66 1421.35945 1172.81944  17.5%   802  238s
  4596  2703 1325.17664  156   83 1421.35945 1172.88696  17.5%   795  241s
  4753  2858 1326.88393  190   79 1421.35945 1172.88696  17.5%   798  245s
  5492  3320 1226.33723   60  208 1421.35945 1172.88696  17.5%   736  254s
  5904  3500 infeasible   98      1421.35945 1172.88696  17.5%   701  259s
  6221  3714 infeasible  202      1421.35945 1173.09078  17.5%   681  264s
  6587  3900 1247.48291   68  216 1421.35945 1173.09078  17.5%   660  269s
  6897  4021 1366.09230  120  122 1421.35945 1173.09078  17.5%   649  274s
  7149  4234 1375.67426  164  118 1421.35945 1173.50033  17.4%   637  278s
  7449  4367 1311.99714  108  162 1421.35945 1173.58606  17.4%   630  282s
  7649  4467 1229.32937   36  211 1421.35945 1173.58606  17.4%   635  287s
  7798  4591 1210.14227   41  200 1421.35945 1173.58606  17.4%   645  293s
  8007  4691 1211.12524   45  203 1421.35945 1173.58606  17.4%   652  298s
  8168  4709 1220.81310   51  217 1421.35945 1173.58606  17.4%   662  300s

Cutting planes:
  Gomory: 6
  Cover: 9
  Implied bound: 117
  Projected implied bound: 9
  MIR: 74
  Flow cover: 97
  GUB cover: 3
  Zero half: 30
  Mod-K: 3
  RLT: 5
  Relax-and-lift: 25
  BQP: 2

Explored 8200 nodes (5514666 simplex iterations) in 300.00 seconds (1165.59 work units)
Thread count was 4 (of 32 available processors)

Solution count 10: 1421.36 1421.98 1425.14 ... 1444.42

Time limit reached
Best objective 1.421359453033e+03, best bound 1.173586064242e+03, gap 17.4321%

User-callback calls 66812, time in user-callback 0.01 sec
Cap boundary opt: PORT-591 stations=58 obj=1421.359 real=1418.802 baseline=1430.665
Set parameter Username
Set parameter LicenseID to value 2738882
Academic license - for non-commercial use only - expires 2026-11-14
Segment 1 eval: start=BOAT-0 end=PORT-583 stations=50 (optimize)
  Segment 1 order: -501 -500 -499 -498 -497 -496 -495 112 113 -494 114 -275 -111 -274 -107 -106 -105 104 -103 -102 -101 108 109 110 -273 -272 271 253 252 249 -248 -247 -245 -244 -243 -238 237 -215 -214 213 -192 218 -191 219 -190 -223 222 -230 -134 -133
Segment 2 eval: start=PORT-583 end=PORT-581 stations=58 (optimize)
  Segment 2 order: -132 -181 -180 -229 -231 232 233 234 -235 -227 228 -179 -135 136 152 153 154 174 175 -176 -177 171 168 -165 166 -164 -162 -161 -160 159 163 167 172 173 155 156 157 158 -150 -149 -148 -147 -146 -145 -144 -142 -9 -8 -141 -140 -139 151 -138 -137 -2 90 -94 -92
Segment 3 eval: start=PORT-581 end=PORT-591 stations=80 (optimize)
  Segment 3 order: 56 55 -54 -53 -52 -51 -50 -49 -48 -39 -38 -37 66 67 68 69 -36 -35 -32 -31 -29 -27 26 28 30 -33 -34 41 42 43 44 45 46 -40 47 396 397 -398 -395 -394 -393 -392 -391 -390 -389 -388 -387 402 -403 385 -384 -383 -382 -414 -413 412 -409 408 -410 411 380 378 -379 -377 -376 -375 374 -373 -372 -371 -370 369 359 360 -358 -353 -350 -349 -326 328
Segment 4 eval: start=PORT-591 end=PORT-593 stations=31 (optimize)
  Segment 4 order: 276 -344 -343 -342 -277 278 279 280 -341 281 -307 567 435 438 448 453 456 457 458 -455 -454 -452 -451 -450 -449 -444 -443 -442 -441 513 514
Segment 5 eval: start=PORT-593 end=PORT-591 stations=92 (optimize)
  Segment 5 order: -512 -436 -437 -440 -506 -505 464 465 480 -96 -95 91 -89 88 -87 86 -85 -84 -83 -82 -81 -80 78 75 72 73 -74 -71 76 70 77 -79 -24 -23 -22 -65 -63 64 57 59 -58 60 61 62 -386 -401 400 399 407 -406 -405 -404 -415 416 418 419 420 421 -423 -422 424 -417 425 381 426 -368 -367 -365 364 362 -361 348 -363 -347 333 -332 -331 -330 -329 327 -325 -324 -323 -321 -339 -338 -337 -336 -335 -334 345 346
Segment 6 eval: start=PORT-591 end=PORT-583 stations=84 (optimize)
  Segment 6 order: -340 -320 -319 -318 -317 -316 -315 -314 313 -312 -311 309 310 -292 293 294 -295 -306 -305 -304 -303 -302 -301 -300 -299 -298 -297 -296 291 -290 -289 -288 -287 -286 -285 -552 -551 -550 -553 554 -560 -559 -558 -555 284 -283 -282 556 557 561 562 -563 -566 564 565 568 -542 543 540 541 549 548 -547 -546 -545 -544 -539 -538 -537 536 -535 -534 -572 569 570 571 573 574 -577 576 -527 528 -170 169
Segment 7 eval: start=PORT-583 end=PORT-588 stations=46 (optimize)
  Segment 7 order: 13 -178 -226 -182 -183 184 185 186 187 188 189 224 225 -221 220 216 217 193 194 195 196 -197 212 -211 -210 -209 -208 -207 -255 -254 -260 261 262 263 265 267 266 -123 122 -472 471 -470 -469 -481 -473 -118
Segment 8 eval: start=PORT-588 end=PORT-581 stations=40 (optimize)
  Segment 8 order: 119 121 120 270 -269 -268 264 124 125 -126 127 128 -258 -259 -257 256 -130 129 131 -204 -203 -202 -199 -198 -200 201 205 -206 -251 -250 -246 -100 -99 -98 -242 241 -240 -239 -236 -97
Segment 9 eval: start=PORT-581 end=PORT-591 stations=35 (optimize)
  Segment 9 order: -93 25 5 10 11 12 -14 18 -21 20 -19 -17 -16 -15 -143 6 -7 4 -3 -1 117 -116 115 -475 -474 466 -467 -479 -478 -476 477 483 524 533 308
Segment 10 eval: start=PORT-591 end=PORT-593 stations=23 (optimize)
  Segment 10 order: 366 -357 -356 -355 354 -352 -351 -322 -532 -531 -530 -529 575 -526 525 578 579 580 -523 -522 -521 -518 -517
Segment 11 eval: start=PORT-593 end=PORT-584 stations=32 (optimize)
  Segment 11 order: 515 516 -520 -519 -427 428 429 430 431 432 433 -434 447 -446 -445 439 -511 -510 -509 -508 -507 -504 -503 -488 -487 489 -482 493 -492 -491 -490 -502
Segment 12 eval: start=PORT-584 end=PORT-584 stations=8 (optimize)
  Segment 12 order: -485 -461 -459 460 -463 -484 462 -486
Segment 13 eval: start=PORT-584 end=BOAT-END stations=1 (optimize)
  Segment 13 order: 468
Cap boundary debug: PORT-591 -> [366 357 356 355 354 352 351 322 532 531 530 529 575 578 579 580 525 526 523 522 521 518 517] -> PORT-593 -> [430 431 432 433 434 445 446 447 439 508 507 509 510 511 427 428 429 515 516 519 520 504 503 502 488 487 489 490 491 492 493 482] -> PORT-584 | load_left=43229 load_right=43908 cap=45000
Set parameter Username
Set parameter LicenseID to value 2738882
Academic license - for non-commercial use only - expires 2026-11-14
Set parameter TimeLimit to value 300
Set parameter Seed to value 1124321764
Set parameter Threads to value 4
Set parameter OutputFlag to value 1
Set parameter LogToConsole to value 1
Set parameter LazyConstraints to value 1
Gurobi Optimizer version 13.0.0 build v13.0.0rc1 (linux64 - "Debian GNU/Linux 13 (trixie)")

CPU model: AMD Ryzen 9 5950X 16-Core Processor, instruction set [SSE2|AVX|AVX2]
Thread count: 16 physical cores, 32 logical processors, using up to 4 threads

Non-default parameters:
TimeLimit  300
Seed  1124321764
Threads  4
LazyConstraints  1

Optimize a model with 14122 rows, 38988 columns and 77964 nonzeros (Min)
Model fingerprint: 0xf0bb1e07
Model has 12768 linear objective coefficients
Variable types: 25992 continuous, 12996 integer (12996 binary)
Coefficient statistics:
  Matrix range     [1e+00, 4e+04]
  Objective range  [8e-01, 1e+05]
  Bounds range     [1e+00, 4e+04]
  RHS range        [1e+00, 1e+04]
Presolve removed 1244 rows and 13733 columns
Presolve time: 0.13s
Presolved: 12878 rows, 25255 columns, 75617 nonzeros
Variable types: 12430 continuous, 12825 integer (12825 binary)

Root relaxation: objective 6.717883e+02, 31433 iterations, 2.44 seconds (6.91 work units)

    Nodes    |    Current Node    |     Objective Bounds      |     Work
 Expl Unexpl |  Obj  Depth IntInf | Incumbent    BestBd   Gap | It/Node Time

     0     0  671.78826    0  181          -  671.78826      -     -    2s
     0     0  671.78826    0  181          -  671.78826      -     -    6s
     0     0  671.78826    0  181          -  671.78826      -     -   11s
H    0     0                    603115.14545  671.78826   100%     -   12s
     0     0  671.78826    0  179 603115.145  671.78826   100%     -   12s
     0     0  677.42325    0  208 603115.145  677.42325   100%     -   13s
     0     0  677.55810    0  208 603115.145  677.55810   100%     -   15s
H    0     0                    101839.03177  677.55810  99.3%     -   15s
H    0     0                    101831.82714  677.55810  99.3%     -   16s
H    0     0                    101793.55614  677.55810  99.3%     -   16s
H    0     0                    101446.51215  677.55810  99.3%     -   16s
H    0     0                    101443.65082  677.55810  99.3%     -   16s
H    0     0                    101439.22823  677.55810  99.3%     -   16s
H    0     0                    101435.11108  677.55810  99.3%     -   16s
H    0     0                    101384.96011  677.55810  99.3%     -   16s
H    0     0                    101380.17407  677.55810  99.3%     -   16s
H    0     0                    101376.75608  677.55810  99.3%     -   16s
H    0     0                    101354.15722  677.55810  99.3%     -   16s
H    0     0                    101310.00154  677.55810  99.3%     -   16s
H    0     0                    101308.49864  677.55810  99.3%     -   16s
H    0     0                    101305.39131  677.55810  99.3%     -   16s
H    0     0                    101305.05851  677.55810  99.3%     -   16s
H    0     0                    101303.55561  677.55810  99.3%     -   16s
H    0     0                    101292.12426  677.55810  99.3%     -   16s
H    0     0                    101287.97902  677.55810  99.3%     -   17s
H    0     0                    1213.0337511  677.55810  44.1%     -   17s
     0     0  677.55810    0  215 1213.03375  677.55810  44.1%     -   17s
     0     0  680.11121    0  262 1213.03375  680.11121  43.9%     -   17s
     0     0  680.11121    0  182 1213.03375  680.11121  43.9%     -   19s
     0     0  680.11121    0  182 1213.03375  680.11121  43.9%     -   20s
H    0     0                    1173.2843933  680.11121  42.0%     -   21s
H    0     0                    1047.7926324  680.11121  35.1%     -   22s
H    0     0                    1042.8929472  680.11121  34.8%     -   22s
H    0     0                    1030.9101694  680.11121  34.0%     -   22s
H    0     0                    1024.5476882  680.11121  33.6%     -   22s
H    0     0                     964.8472856  680.11121  29.5%     -   23s
H    0     0                     962.5998936  680.11121  29.3%     -   23s
H    0     0                     952.6254181  680.11121  28.6%     -   23s
H    0     0                     952.6254149  680.11121  28.6%     -   23s
H    0     0                     946.2860958  680.11121  28.1%     -   23s
     0     0  680.11121    0  222  946.28610  680.11121  28.1%     -   23s
     0     0  682.69137    0  252  946.28610  682.69137  27.9%     -   24s
H    0     0                     940.2172221  682.70271  27.4%     -   24s
H    0     0                     913.4840119  682.70271  25.3%     -   24s
H    0     0                     883.1605350  682.70271  22.7%     -   24s
H    0     0                     875.2008268  682.70271  22.0%     -   24s
H    0     0                     861.2281580  682.70271  20.7%     -   24s
     0     0  682.80662    0  241  861.22816  682.80662  20.7%     -   24s
     0     0  682.80892    0  241  861.22816  682.80892  20.7%     -   25s
     0     0  682.80923    0  244  861.22816  682.80923  20.7%     -   25s
     0     0  684.99972    0  261  861.22816  684.99972  20.5%     -   25s
     0     0  685.03864    0  261  861.22816  685.03864  20.5%     -   25s
     0     0  685.04004    0  264  861.22816  685.04004  20.5%     -   25s
     0     0  687.65653    0  283  861.22816  687.65653  20.2%     -   26s
     0     0  687.80468    0  289  861.22816  687.80468  20.1%     -   27s
     0     0  687.80974    0  291  861.22816  687.80974  20.1%     -   27s
     0     0  687.81048    0  291  861.22816  687.81048  20.1%     -   27s
     0     0  692.45739    0  276  861.22816  692.45739  19.6%     -   28s
     0     0  692.57990    0  276  861.22816  692.57990  19.6%     -   28s
     0     0  692.62652    0  275  861.22816  692.62652  19.6%     -   28s
     0     0  692.62652    0  275  861.22816  692.62652  19.6%     -   28s
     0     0  693.08196    0  280  861.22816  693.08196  19.5%     -   29s
H    0     0                     860.2383350  693.08196  19.4%     -   29s
H    0     0                     857.3579145  693.08196  19.2%     -   29s
     0     0  693.91189    0  281  857.35791  693.91189  19.1%     -   29s
     0     0  693.92261    0  288  857.35791  693.92261  19.1%     -   29s
     0     0  693.92334    0  285  857.35791  693.92334  19.1%     -   29s
     0     0  694.21460    0  284  857.35791  694.21460  19.0%     -   29s
     0     0  694.25920    0  294  857.35791  694.25920  19.0%     -   29s
     0     0  694.25920    0  291  857.35791  694.25920  19.0%     -   29s
     0     0  694.41983    0  310  857.35791  694.41983  19.0%     -   30s
     0     0  694.43248    0  307  857.35791  694.43248  19.0%     -   30s
     0     0  694.43467    0  309  857.35791  694.43467  19.0%     -   30s
     0     0  694.51968    0  304  857.35791  694.51968  19.0%     -   30s
     0     0  694.61180    0  309  857.35791  694.61180  19.0%     -   30s
     0     0  694.62008    0  310  857.35791  694.62008  19.0%     -   30s
     0     0  694.62172    0  311  857.35791  694.62172  19.0%     -   30s
     0     0  694.84544    0  292  857.35791  694.84544  19.0%     -   31s
     0     0  694.87915    0  294  857.35791  694.87915  19.0%     -   31s
     0     0  694.88729    0  293  857.35791  694.88729  19.0%     -   31s
     0     0  694.88948    0  294  857.35791  694.88948  18.9%     -   31s
     0     0  694.99870    0  294  857.35791  694.99870  18.9%     -   32s
     0     0  695.02903    0  299  857.35791  695.02903  18.9%     -   32s
     0     0  695.03480    0  298  857.35791  695.03480  18.9%     -   32s
     0     0  695.22537    0  296  857.35791  695.22537  18.9%     -   32s
     0     0  695.23579    0  295  857.35791  695.23579  18.9%     -   33s
     0     0  695.23785    0  295  857.35791  695.23785  18.9%     -   33s
     0     0  695.28479    0  292  857.35791  695.28479  18.9%     -   33s
     0     0  695.30113    0  292  857.35791  695.30113  18.9%     -   33s
     0     0  695.30113    0  278  857.35791  695.30113  18.9%     -   33s
     0     2  698.86352    0  276  857.35791  698.86352  18.5%     -   33s
    43    59  748.53147    7  182  857.35791  735.15869  14.3%   406   35s
H  289   304                     856.0674295  735.15869  14.1%   138   36s
H  292   304                     851.2776085  735.15869  13.6%   138   36s
H  459   460                     846.2496080  735.15869  13.1%   120   37s
H  460   460                     842.9368914  735.15869  12.8%   120   37s
H  917   902                     833.3180437  735.44546  11.7%  94.1   38s
  1329  1402  756.14291   93  140  833.31804  735.44546  11.7%  78.6   40s
H 1908  1923                     830.7412738  735.44546  11.5%  73.1   41s
  2441  2480  765.40726  354  120  830.74127  735.44546  11.5%  70.8   45s
  2616  2530  786.31930  571  189  830.74127  735.44546  11.5%  73.6   50s
  2629  2539  778.04180   55  283  830.74127  735.44546  11.5%  73.3   55s
  2752  2622  744.87588   27  128  830.74127  735.44546  11.5%  91.1   60s
  3059  2672  761.37097   71  141  830.74127  735.44546  11.5%  97.8   65s
  3570  2750  776.78344  143  134  830.74127  735.80783  11.4%   111   70s
  4282  2761  757.54868   28  150  830.74127  736.89338  11.3%   123   75s
  5371  2832  797.08452  332   99  830.74127  737.62893  11.2%   120   80s
H 5966  2795                     830.7412679  737.62893  11.2%   120   83s
  6333  3077  784.37772   50  122  830.74127  737.76115  11.2%   120   85s
  7211  3420  769.06396   57  136  830.74127  739.22082  11.0%   124   91s
H 7753  3369                     829.2327044  739.74906  10.8%   128   93s
  8014  3578  810.89354   86  105  829.23270  740.53486  10.7%   130   96s
  8800  3943  767.36397   42  104  829.23270  740.84304  10.7%   132  100s
H 9054  3976                     829.2326936  740.93807  10.6%   134  102s
H 9364  4131                     829.2326859  740.93807  10.6%   134  104s
  9616  4424  807.64512   31   86  829.23269  740.93807  10.6%   135  105s
 10953  5735  801.77023   29  156  829.23269  742.66062  10.4%   135  111s
 12171  6746  792.14558   65  122  829.23269  743.27090  10.4%   133  115s
 13136  7636  759.97207   32  162  829.23269  743.77746  10.3%   133  120s
 14274  7969  824.52957  145   86  829.23269  744.37500  10.2%   131  125s
 14982  9131  787.09170  171  137  829.23269  744.60875  10.2%   129  130s
 16829 10294     cutoff   87       829.23269  744.94088  10.2%   127  136s
 17877 11066  795.45236   50  125  829.23269  745.22572  10.1%   126  140s
 19447 12000  817.09093   31  135  829.23269  745.51015  10.1%   128  146s
 20535 12553  793.65221  179  112  829.23269  745.57593  10.1%   130  150s
 22028 13337  765.87612   51  133  829.23269  745.94796  10.0%   131  156s
H22467 13514                     829.2326828  745.94796  10.0%   132  159s
 22658 13766  789.24774   64  133  829.23268  746.00841  10.0%   133  161s
 23526 14502  787.77434  168  109  829.23268  746.34990  10.0%   134  165s
 24977 15396  754.21481   31  137  829.23268  746.74964  9.95%   134  171s
 25840 16031  754.32200   34  122  829.23268  746.88595  9.93%   134  175s
 27072 17024  764.83493   52  126  829.23268  747.09464  9.91%   135  180s
 28448 17985  794.28385  101  141  829.23268  747.18344  9.89%   136  186s
 29169 18656  787.12996   25  148  829.23268  747.33021  9.88%   135  190s
 30842 19804 infeasible   42       829.23268  747.53594  9.85%   134  196s
 31807 20563  827.81288  150  117  829.23268  747.70159  9.83%   135  200s
 33732 22015  782.43870   44  136  829.23268  747.85380  9.81%   132  205s
 35242 23438  771.67673   81  138  829.23268  747.97754  9.80%   132  211s
 36093 24009  767.33276   31  144  829.23268  748.00648  9.80%   131  215s
 37364 24913  783.50943   81  123  829.23268  748.11935  9.78%   133  221s
 38921 26166  792.56576  171  130  829.23268  748.27077  9.76%   132  226s
 40649 27604  787.90673   54  160  829.23268  748.44018  9.74%   132  231s
 41578 28389 infeasible   44       829.23268  748.51631  9.73%   132  235s
 43323 29602  770.99560   36  137  829.23268  748.60571  9.72%   131  240s
 44781 30806  772.00823  147  131  829.23268  748.76699  9.70%   131  245s
 46367 31947  776.45409   47  122  829.23268  748.96869  9.68%   130  250s
 47890 33129  772.60724  368  148  829.23268  749.06504  9.67%   129  255s
 49372 34052  778.73441   38  158  829.23268  749.15977  9.66%   128  260s
 50771 35133  820.37507  117  136  829.23268  749.26271  9.64%   129  265s
 52051 35805  755.96585   29  147  829.23268  749.34573  9.63%   129  270s
 53138 36651  796.43537  206   67  829.23268  749.45564  9.62%   130  276s
 54484 37706  762.08341   29  178  829.23268  749.45564  9.62%   130  281s
 56165 38841  757.85832   49  156  829.23268  749.64230  9.60%   130  285s
 57334 39860  796.15197   70  113  829.23268  749.73843  9.59%   130  290s
 58988 40834  788.94616   95  139  829.23268  749.87496  9.57%   130  295s
 60217 41628  789.07077   86  116  829.23268  749.90783  9.57%   131  300s

Cutting planes:
  Gomory: 1
  Cover: 2
  Implied bound: 84
  MIR: 42
  Flow cover: 47
  Zero half: 19
  RLT: 7
  Relax-and-lift: 51
  BQP: 1

Explored 60435 nodes (7990628 simplex iterations) in 300.00 seconds (1187.87 work units)
Thread count was 4 (of 32 available processors)

Solution count 10: 829.233 830.741 833.318 ... 861.228

Time limit reached
Best objective 8.292326827927e+02, best bound 7.499078347357e+02, gap 9.5661%

User-callback calls 166989, time in user-callback 0.01 sec
Cap boundary reject: PORT-593 segment infeasible left=100465.887 right=853.897
Cap boundary reject: PORT-593 real=1000000000000000052504760255204420248704468581108159154915854115511802457988908195786371375080447864043704443832883878176942523235360430575644792184786706982848387200926575803737830233794788090059368953234970799945081119038967640880074652742780142494579258788820056842838115669472196386865459400540160.000 baseline=833.143
Cap boundary debug: PORT-593 -> [430 431 432 433 434 445 446 447 439 508 507 509 510 511 427 428 429 515 516 519 520 504 503 502 488 487 489 490 491 492 493 482] -> PORT-584 -> [486 485 461 462 484 463 460 459] -> PORT-584 | load_left=43908 load_right=34748 cap=45000
Set parameter Username
Set parameter LicenseID to value 2738882
Academic license - for non-commercial use only - expires 2026-11-14
Set parameter TimeLimit to value 300
Set parameter Seed to value 1878758567
Set parameter Threads to value 4
Set parameter OutputFlag to value 1
Set parameter LogToConsole to value 1
Set parameter LazyConstraints to value 1
Gurobi Optimizer version 13.0.0 build v13.0.0rc1 (linux64 - "Debian GNU/Linux 13 (trixie)")

CPU model: AMD Ryzen 9 5950X 16-Core Processor, instruction set [SSE2|AVX|AVX2]
Thread count: 16 physical cores, 32 logical processors, using up to 4 threads

Non-default parameters:
TimeLimit  300
Seed  1878758567
Threads  4
LazyConstraints  1

Optimize a model with 7882 rows, 21168 columns and 42324 nonzeros (Min)
Model fingerprint: 0xeed20914
Model has 6884 linear objective coefficients
Variable types: 14112 continuous, 7056 integer (7056 binary)
Coefficient statistics:
  Matrix range     [1e+00, 4e+04]
  Objective range  [4e-01, 2e+02]
  Bounds range     [1e+00, 4e+04]
  RHS range        [1e+00, 2e+04]
Presolve removed 914 rows and 7598 columns
Presolve time: 0.07s
Presolved: 6968 rows, 13570 columns, 40654 nonzeros
Variable types: 6640 continuous, 6930 integer (6930 binary)

Root relaxation: objective 3.729209e+02, 20162 iterations, 1.06 seconds (3.11 work units)

    Nodes    |    Current Node    |     Objective Bounds      |     Work
 Expl Unexpl |  Obj  Depth IntInf | Incumbent    BestBd   Gap | It/Node Time

     0     0  372.92087    0  157          -  372.92087      -     -    1s
H    0     0                     848.5763079  372.92087  56.1%     -    1s
H    0     0                     653.4923705  372.92087  42.9%     -    2s
H    0     0                     616.6118936  372.92087  39.5%     -    2s
H    0     0                     606.1099218  372.92087  38.5%     -    2s
H    0     0                     605.9931176  372.92087  38.5%     -    2s
H    0     0                     601.8277855  372.92087  38.0%     -    2s
H    0     0                     600.2418106  372.92087  37.9%     -    2s
H    0     0                     580.1337233  372.92087  35.7%     -    2s
H    0     0                     580.1297813  372.92087  35.7%     -    2s
H    0     0                     563.8285762  372.92087  33.9%     -    2s
     0     0  373.33350    0  160  563.82858  373.33350  33.8%     -    2s
     0     0  389.88443    0  184  563.82858  389.88443  30.9%     -    3s
H    0     0                     475.6388516  389.89754  18.0%     -    3s
H    0     0                     473.3364380  389.89754  17.6%     -    3s
H    0     0                     471.8183390  389.89754  17.4%     -    3s
H    0     0                     460.4892041  389.89754  15.3%     -    3s
H    0     0                     457.4025997  389.89754  14.8%     -    3s
H    0     0                     457.2946260  389.89754  14.7%     -    3s
     0     0  394.28724    0  188  457.29463  394.28724  13.8%     -    3s
     0     0  394.30973    0  190  457.29463  394.30973  13.8%     -    3s
     0     0  394.30973    0  191  457.29463  394.30973  13.8%     -    3s
     0     0  395.74124    0  195  457.29463  395.74124  13.5%     -    3s
     0     0  395.74124    0  158  457.29463  395.74124  13.5%     -    4s
H    0     0                     454.7178561  395.74124  13.0%     -    4s
     0     0  395.74124    0  204  454.71786  395.74124  13.0%     -    4s
     0     0  397.02557    0  208  454.71786  397.02557  12.7%     -    4s
     0     0  397.02635    0  205  454.71786  397.02635  12.7%     -    4s
     0     0  397.49804    0  205  454.71786  397.49804  12.6%     -    5s
     0     0  397.50401    0  210  454.71786  397.50401  12.6%     -    5s
     0     0  397.50433    0  209  454.71786  397.50433  12.6%     -    5s
     0     0  405.71543    0  221  454.71786  405.71543  10.8%     -    5s
     0     0  408.08122    0  208  454.71786  408.08122  10.3%     -    5s
     0     0  408.08122    0  208  454.71786  408.08122  10.3%     -    5s
     0     0  408.93012    0  230  454.71786  408.93012  10.1%     -    5s
     0     0  409.17606    0  231  454.71786  409.17606  10.0%     -    5s
     0     0  409.17619    0  235  454.71786  409.17619  10.0%     -    5s
     0     0  411.33361    0  220  454.71786  411.33361  9.54%     -    6s
H    0     0                     449.0701877  411.33625  8.40%     -    6s
H    0     0                     449.0269445  411.33625  8.39%     -    6s
H    0     0                     448.9130400  411.33625  8.37%     -    6s
     0     0  411.92684    0  229  448.91304  411.92684  8.24%     -    6s
     0     0  411.92746    0  228  448.91304  411.92746  8.24%     -    6s
     0     0  412.99987    0  220  448.91304  412.99987  8.00%     -    6s
     0     0  412.99987    0  157  448.91304  412.99987  8.00%     -    6s
     0     0  412.99987    0  204  448.91304  412.99987  8.00%     -    6s
     0     0  412.99987    0  215  448.91304  412.99987  8.00%     -    6s
     0     0  412.99987    0  220  448.91304  412.99987  8.00%     -    6s
     0     0  412.99987    0  222  448.91304  412.99987  8.00%     -    6s
     0     0  413.22134    0  221  448.91304  413.22134  7.95%     -    6s
     0     0  413.31416    0  217  448.91304  413.31416  7.93%     -    6s
     0     0  416.39417    0  210  448.91304  416.39417  7.24%     -    6s
     0     0  416.39417    0  215  448.91304  416.39417  7.24%     -    6s
     0     0  416.85767    0  206  448.91304  416.85767  7.14%     -    7s
     0     0  416.85965    0  206  448.91304  416.85965  7.14%     -    7s
     0     0  421.54112    0  206  448.91304  421.54112  6.10%     -    7s
     0     0  424.88517    0  205  448.91304  424.88517  5.35%     -    7s
     0     0  424.88517    0  206  448.91304  424.88517  5.35%     -    7s
     0     0  425.47698    0  193  448.91304  425.47698  5.22%     -    7s
     0     0  425.49586    0  199  448.91304  425.49586  5.22%     -    7s
     0     0  425.49586    0  200  448.91304  425.49586  5.22%     -    7s
     0     0  425.49586    0  158  448.91304  425.49586  5.22%     -    8s
     0     0  425.49586    0  202  448.91304  425.49586  5.22%     -    8s
     0     0  425.49586    0  208  448.91304  425.49586  5.22%     -    8s
     0     0  425.68511    0  194  448.91304  425.68511  5.17%     -    8s
     0     0  425.73618    0  197  448.91304  425.73618  5.16%     -    8s
     0     0  425.80740    0  206  448.91304  425.80740  5.15%     -    8s
     0     0  425.82387    0  205  448.91304  425.82387  5.14%     -    8s
     0     0  425.83419    0  206  448.91304  425.83419  5.14%     -    8s
     0     0  425.84432    0  192  448.91304  425.84432  5.14%     -    8s
     0     0  425.84670    0  201  448.91304  425.84670  5.14%     -    8s
     0     0  425.88607    0  199  448.91304  425.88607  5.13%     -    8s
     0     0  425.89448    0  210  448.91304  425.89448  5.13%     -    8s
     0     0  425.98622    0  195  448.91304  425.98622  5.11%     -    8s
     0     0  426.01490    0  195  448.91304  426.01490  5.10%     -    8s
     0     0  426.33131    0  193  448.91304  426.33131  5.03%     -    8s
     0     0  426.35456    0  195  448.91304  426.35456  5.03%     -    8s
     0     0  426.35460    0  195  448.91304  426.35460  5.03%     -    8s
     0     0  426.40199    0  192  448.91304  426.40199  5.01%     -    8s
     0     0  426.40430    0  184  448.91304  426.40430  5.01%     -    9s
     0     0  426.41198    0  199  448.91304  426.41198  5.01%     -    9s
     0     0  426.41198    0  199  448.91304  426.41198  5.01%     -    9s
     0     0  426.41198    0  195  448.91304  426.41198  5.01%     -    9s
     0     2  426.41258    0  195  448.91304  426.41258  5.01%     -    9s
   200   198  437.14676   49   55  448.91304  426.87670  4.91%   103   10s
H  562   460                     448.9130395  428.97247  4.44%  88.5   10s
  1661   931  443.60164   40  205  448.91304  436.28637  2.81%  83.6   15s
  1726   975  440.83831   20  208  448.91304  440.83831  1.80%  86.8   30s
  1741   987  441.42025   11  209  448.91304  441.42025  1.67%  90.6   38s

Cutting planes:
  Learned: 1
  Gomory: 7
  Cover: 10
  Implied bound: 60
  Projected implied bound: 5
  MIR: 29
  Flow cover: 40
  GUB cover: 1
  Inf proof: 1
  Zero half: 25
  Mod-K: 1
  RLT: 4
  Relax-and-lift: 9
  BQP: 3

Explored 1785 nodes (231091 simplex iterations) in 39.27 seconds (63.79 work units)
Thread count was 4 (of 32 available processors)

Solution count 10: 448.913 448.913 449.027 ... 473.336

Optimal solution found (tolerance 1.00e-04)
Best objective 4.489130394827e+02, best bound 4.489130394827e+02, gap 0.0000%

User-callback calls 27974, time in user-callback 0.00 sec
Cap boundary reject: PORT-584 real=567.339 baseline=504.471
Set parameter Username
Set parameter LicenseID to value 2738882
Academic license - for non-commercial use only - expires 2026-11-14
Segment 1 eval: start=BOAT-0 end=PORT-583 stations=50 (optimize)
  Segment 1 order: -501 -500 -499 -498 -497 -496 -495 112 113 -494 114 -275 -111 -274 -107 -106 -105 104 -103 -102 -101 108 109 110 -273 -272 271 253 252 249 -248 -247 -245 -244 -243 -238 237 -215 -214 213 -192 218 -191 219 -190 -223 222 -230 -134 -133
Segment 2 eval: start=PORT-583 end=PORT-581 stations=58 (optimize)
  Segment 2 order: -132 -181 -180 -229 -231 232 233 234 -235 -227 228 -179 -135 136 152 153 154 174 175 -176 -177 171 168 -165 166 -164 -162 -161 -160 159 163 167 172 173 155 156 157 158 -150 -149 -148 -147 -146 -145 -144 -142 -9 -8 -141 -140 -139 151 -138 -137 -2 90 -94 -92
Segment 3 eval: start=PORT-581 end=PORT-591 stations=80 (optimize)
  Segment 3 order: 56 55 -54 -53 -52 -51 -50 -49 -48 -39 -38 -37 66 67 68 69 -36 -35 -32 -31 -29 -27 26 28 30 -33 -34 41 42 43 44 45 46 -40 47 396 397 -398 -395 -394 -393 -392 -391 -390 -389 -388 -387 402 -403 385 -384 -383 -382 -414 -413 412 -409 408 -410 411 380 378 -379 -377 -376 -375 374 -373 -372 -371 -370 369 359 360 -358 -353 -350 -349 -326 328
Segment 4 eval: start=PORT-591 end=PORT-593 stations=31 (optimize)
  Segment 4 order: 276 -344 -343 -342 -277 278 279 280 -341 281 -307 567 435 438 448 453 456 457 458 -455 -454 -452 -451 -450 -449 -444 -443 -442 -441 513 514
Segment 5 eval: start=PORT-593 end=PORT-591 stations=92 (optimize)
  Segment 5 order: -512 -436 -437 -440 -506 -505 464 465 480 -96 -95 91 -89 88 -87 86 -85 -84 -83 -82 -81 -80 78 75 72 73 -74 -71 76 70 77 -79 -24 -23 -22 -65 -63 64 57 59 -58 60 61 62 -386 -401 400 399 407 -406 -405 -404 -415 416 418 419 420 421 -423 -422 424 -417 425 381 426 -368 -367 -365 364 362 -361 348 -363 -347 333 -332 -331 -330 -329 327 -325 -324 -323 -321 -339 -338 -337 -336 -335 -334 345 346
Segment 6 eval: start=PORT-591 end=PORT-583 stations=84 (optimize)
  Segment 6 order: -340 -320 -319 -318 -317 -316 -315 -314 313 -312 -311 309 310 -292 293 294 -295 -306 -305 -304 -303 -302 -301 -300 -299 -298 -297 -296 291 -290 -289 -288 -287 -286 -285 -552 -551 -550 -553 554 -560 -559 -558 -555 284 -283 -282 556 557 561 562 -563 -566 564 565 568 -542 543 540 541 549 548 -547 -546 -545 -544 -539 -538 -537 536 -535 -534 -572 569 570 571 573 574 -577 576 -527 528 -170 169
Segment 7 eval: start=PORT-583 end=PORT-588 stations=46 (optimize)
  Segment 7 order: 13 -178 -226 -182 -183 184 185 186 187 188 189 224 225 -221 220 216 217 193 194 195 196 -197 212 -211 -210 -209 -208 -207 -255 -254 -260 261 262 263 265 267 266 -123 122 -472 471 -470 -469 -481 -473 -118
Segment 8 eval: start=PORT-588 end=PORT-581 stations=40 (optimize)
  Segment 8 order: 119 121 120 270 -269 -268 264 124 125 -126 127 128 -258 -259 -257 256 -130 129 131 -204 -203 -202 -199 -198 -200 201 205 -206 -251 -250 -246 -100 -99 -98 -242 241 -240 -239 -236 -97
Segment 9 eval: start=PORT-581 end=PORT-591 stations=35 (optimize)
  Segment 9 order: -93 25 5 10 11 12 -14 18 -21 20 -19 -17 -16 -15 -143 6 -7 4 -3 -1 117 -116 115 -475 -474 466 -467 -479 -478 -476 477 483 524 533 308
Segment 10 eval: start=PORT-591 end=PORT-593 stations=22 (optimize)
  Segment 10 order: 366 -357 -356 -355 354 -352 -351 -322 -532 -531 -530 -529 575 -526 525 578 579 580 -523 -522 -521 -517
Segment 11 eval: start=PORT-593 end=PORT-584 stations=33 (optimize)
  Segment 11 order: 515 516 519 -520 -518 -427 428 429 430 431 432 433 -434 447 -446 -445 439 -511 -510 -509 -508 -507 -504 -503 -488 -487 489 -482 493 -492 -491 -490 -502
Segment 12 eval: start=PORT-584 end=PORT-584 stations=8 (optimize)
  Segment 12 order: -485 -461 -459 460 -463 -484 462 -486
Segment 13 eval: start=PORT-584 end=BOAT-END stations=1 (optimize)
  Segment 13 order: 468
Cap boundary debug: PORT-584 -> [486 485 461 462 484 463 460 459] -> PORT-584 -> [468] -> BOAT-END | load_left=34748 load_right=9565 cap=45000
Set parameter Username
Set parameter LicenseID to value 2738882
Academic license - for non-commercial use only - expires 2026-11-14
Set parameter TimeLimit to value 300
Set parameter Seed to value 594344804
Set parameter Threads to value 4
Set parameter OutputFlag to value 1
Set parameter LogToConsole to value 1
Set parameter LazyConstraints to value 1
Gurobi Optimizer version 13.0.0 build v13.0.0rc1 (linux64 - "Debian GNU/Linux 13 (trixie)")

CPU model: AMD Ryzen 9 5950X 16-Core Processor, instruction set [SSE2|AVX|AVX2]
Thread count: 16 physical cores, 32 logical processors, using up to 4 threads

Non-default parameters:
TimeLimit  300
Seed  594344804
Threads  4
LazyConstraints  1

Optimize a model with 690 rows, 1452 columns and 2892 nonzeros (Min)
Model fingerprint: 0xa9f3e852
Model has 432 linear objective coefficients
Variable types: 968 continuous, 484 integer (484 binary)
Coefficient statistics:
  Matrix range     [1e+00, 4e+04]
  Objective range  [4e-01, 1e+02]
  Bounds range     [1e+00, 4e+04]
  RHS range        [1e+00, 2e+04]
Presolve removed 232 rows and 623 columns
Presolve time: 0.01s
Presolved: 458 rows, 829 columns, 2612 nonzeros
Variable types: 378 continuous, 451 integer (451 binary)
Found heuristic solution: objective 392.6324972
Found heuristic solution: objective 338.6497665

Root relaxation: objective 2.471837e+02, 695 iterations, 0.01 seconds (0.01 work units)

    Nodes    |    Current Node    |     Objective Bounds      |     Work
 Expl Unexpl |  Obj  Depth IntInf | Incumbent    BestBd   Gap | It/Node Time

     0     0  247.18372    0   48  338.64977  247.18372  27.0%     -    0s
H    0     0                     251.4243301  247.18372  1.69%     -    0s
     0     0  249.37286    0   53  251.42433  249.37286  0.82%     -    0s
     0     0  249.37286    0   33  251.42433  249.37286  0.82%     -    0s
     0     0  250.41684    0   42  251.42433  250.41684  0.40%     -    0s
     0     0  250.45224    0   49  251.42433  250.45224  0.39%     -    0s
     0     0     cutoff    0       251.42433  251.42433  0.00%     -    0s

Cutting planes:
  Gomory: 5
  Cover: 2
  Implied bound: 14
  Clique: 1
  MIR: 6
  Flow cover: 16
  RLT: 3
  Relax-and-lift: 4
  BQP: 1

Explored 1 nodes (1162 simplex iterations) in 0.05 seconds (0.06 work units)
Thread count was 4 (of 32 available processors)

Solution count 3: 251.424 338.65 392.632 

Optimal solution found (tolerance 1.00e-04)
Best objective 2.514243301472e+02, best bound 2.514243301472e+02, gap 0.0000%

User-callback calls 294, time in user-callback 0.00 sec
Cap boundary opt: PORT-584 stations=9 obj=251.424 real=251.424 baseline=395.926
Set parameter Username
Set parameter LicenseID to value 2738882
Academic license - for non-commercial use only - expires 2026-11-14
Segment 1 eval: start=BOAT-0 end=PORT-583 stations=50 (optimize)
  Segment 1 order: -501 -500 -499 -498 -497 -496 -495 112 113 -494 114 -275 -111 -274 -107 -106 -105 104 -103 -102 -101 108 109 110 -273 -272 271 253 252 249 -248 -247 -245 -244 -243 -238 237 -215 -214 213 -192 218 -191 219 -190 -223 222 -230 -134 -133
Segment 2 eval: start=PORT-583 end=PORT-581 stations=58 (optimize)
  Segment 2 order: -132 -181 -180 -229 -231 232 233 234 -235 -227 228 -179 -135 136 152 153 154 174 175 -176 -177 171 168 -165 166 -164 -162 -161 -160 159 163 167 172 173 155 156 157 158 -150 -149 -148 -147 -146 -145 -144 -142 -9 -8 -141 -140 -139 151 -138 -137 -2 90 -94 -92
Segment 3 eval: start=PORT-581 end=PORT-591 stations=80 (optimize)
  Segment 3 order: 56 55 -54 -53 -52 -51 -50 -49 -48 -39 -38 -37 66 67 68 69 -36 -35 -32 -31 -29 -27 26 28 30 -33 -34 41 42 43 44 45 46 -40 47 396 397 -398 -395 -394 -393 -392 -391 -390 -389 -388 -387 402 -403 385 -384 -383 -382 -414 -413 412 -409 408 -410 411 380 378 -379 -377 -376 -375 374 -373 -372 -371 -370 369 359 360 -358 -353 -350 -349 -326 328
Segment 4 eval: start=PORT-591 end=PORT-593 stations=31 (optimize)
  Segment 4 order: 276 -344 -343 -342 -277 278 279 280 -341 281 -307 567 435 438 448 453 456 457 458 -455 -454 -452 -451 -450 -449 -444 -443 -442 -441 513 514
Segment 5 eval: start=PORT-593 end=PORT-591 stations=92 (optimize)
  Segment 5 order: -512 -436 -437 -440 -506 -505 464 465 480 -96 -95 91 -89 88 -87 86 -85 -84 -83 -82 -81 -80 78 75 72 73 -74 -71 76 70 77 -79 -24 -23 -22 -65 -63 64 57 59 -58 60 61 62 -386 -401 400 399 407 -406 -405 -404 -415 416 418 419 420 421 -423 -422 424 -417 425 381 426 -368 -367 -365 364 362 -361 348 -363 -347 333 -332 -331 -330 -329 327 -325 -324 -323 -321 -339 -338 -337 -336 -335 -334 345 346
Segment 6 eval: start=PORT-591 end=PORT-583 stations=84 (optimize)
  Segment 6 order: -340 -320 -319 -318 -317 -316 -315 -314 313 -312 -311 309 310 -292 293 294 -295 -306 -305 -304 -303 -302 -301 -300 -299 -298 -297 -296 291 -290 -289 -288 -287 -286 -285 -552 -551 -550 -553 554 -560 -559 -558 -555 284 -283 -282 556 557 561 562 -563 -566 564 565 568 -542 543 540 541 549 548 -547 -546 -545 -544 -539 -538 -537 536 -535 -534 -572 569 570 571 573 574 -577 576 -527 528 -170 169
Segment 7 eval: start=PORT-583 end=PORT-588 stations=46 (optimize)
  Segment 7 order: 13 -178 -226 -182 -183 184 185 186 187 188 189 224 225 -221 220 216 217 193 194 195 196 -197 212 -211 -210 -209 -208 -207 -255 -254 -260 261 262 263 265 267 266 -123 122 -472 471 -470 -469 -481 -473 -118
Segment 8 eval: start=PORT-588 end=PORT-581 stations=40 (optimize)
  Segment 8 order: 119 121 120 270 -269 -268 264 124 125 -126 127 128 -258 -259 -257 256 -130 129 131 -204 -203 -202 -199 -198 -200 201 205 -206 -251 -250 -246 -100 -99 -98 -242 241 -240 -239 -236 -97
Segment 9 eval: start=PORT-581 end=PORT-591 stations=35 (optimize)
  Segment 9 order: -93 25 5 10 11 12 -14 18 -21 20 -19 -17 -16 -15 -143 6 -7 4 -3 -1 117 -116 115 -475 -474 466 -467 -479 -478 -476 477 483 524 533 308
Segment 10 eval: start=PORT-591 end=PORT-593 stations=22 (optimize)
  Segment 10 order: 366 -357 -356 -355 354 -352 -351 -322 -532 -531 -530 -529 575 -526 525 578 579 580 -523 -522 -521 -517
Segment 11 eval: start=PORT-593 end=PORT-584 stations=33 (optimize)
  Segment 11 order: 515 516 519 -520 -518 -427 428 429 430 431 432 433 -434 447 -446 -445 439 -511 -510 -509 -508 -507 -504 -503 -488 -487 489 -482 493 -492 -491 -490 -502
Segment 12 eval: start=PORT-584 end=PORT-584 stations=0 (direct)
Segment 13 eval: start=PORT-584 end=BOAT-END stations=9 (optimize)
  Segment 13 order: 486 -462 484 463 468 459 460 461 485
Set parameter Username
Set parameter LicenseID to value 2738882
Academic license - for non-commercial use only - expires 2026-11-14
Segment 1 eval: start=BOAT-0 end=PORT-583 stations=50 (optimize)
  Segment 1 order: -501 -500 -499 -498 -497 -496 -495 112 113 -494 114 -275 -111 -274 -107 -106 -105 104 -103 -102 -101 108 109 110 -273 -272 271 253 252 249 -248 -247 -245 -244 -243 -238 237 -215 -214 213 -192 218 -191 219 -190 -223 222 -230 -134 -133
Segment 2 eval: start=PORT-583 end=PORT-581 stations=58 (optimize)
  Segment 2 order: -132 -181 -180 -229 -231 232 233 234 -235 -227 228 -179 -135 136 152 153 154 174 175 -176 -177 171 168 -165 166 -164 -162 -161 -160 159 163 167 172 173 155 156 157 158 -150 -149 -148 -147 -146 -145 -144 -142 -9 -8 -141 -140 -139 151 -138 -137 -2 90 -94 -92
Segment 3 eval: start=PORT-581 end=PORT-591 stations=80 (optimize)
  Segment 3 order: 56 55 -54 -53 -52 -51 -50 -49 -48 -39 -38 -37 66 67 68 69 -36 -35 -32 -31 -29 -27 26 28 30 -33 -34 41 42 43 44 45 46 -40 47 396 397 -398 -395 -394 -393 -392 -391 -390 -389 -388 -387 402 -403 385 -384 -383 -382 -414 -413 412 -409 408 -410 411 380 378 -379 -377 -376 -375 374 -373 -372 -371 -370 369 359 360 -358 -353 -350 -349 -326 328
Segment 4 eval: start=PORT-591 end=PORT-593 stations=31 (optimize)
  Segment 4 order: 276 -344 -343 -342 -277 278 279 280 -341 281 -307 567 435 438 448 453 456 457 458 -455 -454 -452 -451 -450 -449 -444 -443 -442 -441 513 514
Segment 5 eval: start=PORT-593 end=PORT-591 stations=92 (optimize)
  Segment 5 order: -512 -436 -437 -440 -506 -505 464 465 480 -96 -95 91 -89 88 -87 86 -85 -84 -83 -82 -81 -80 78 75 72 73 -74 -71 76 70 77 -79 -24 -23 -22 -65 -63 64 57 59 -58 60 61 62 -386 -401 400 399 407 -406 -405 -404 -415 416 418 419 420 421 -423 -422 424 -417 425 381 426 -368 -367 -365 364 362 -361 348 -363 -347 333 -332 -331 -330 -329 327 -325 -324 -323 -321 -339 -338 -337 -336 -335 -334 345 346
Segment 6 eval: start=PORT-591 end=PORT-583 stations=84 (optimize)
  Segment 6 order: -340 -320 -319 -318 -317 -316 -315 -314 313 -312 -311 309 310 -292 293 294 -295 -306 -305 -304 -303 -302 -301 -300 -299 -298 -297 -296 291 -290 -289 -288 -287 -286 -285 -552 -551 -550 -553 554 -560 -559 -558 -555 284 -283 -282 556 557 561 562 -563 -566 564 565 568 -542 543 540 541 549 548 -547 -546 -545 -544 -539 -538 -537 536 -535 -534 -572 569 570 571 573 574 -577 576 -527 528 -170 169
Segment 7 eval: start=PORT-583 end=PORT-588 stations=46 (optimize)
  Segment 7 order: 13 -178 -226 -182 -183 184 185 186 187 188 189 224 225 -221 220 216 217 193 194 195 196 -197 212 -211 -210 -209 -208 -207 -255 -254 -260 261 262 263 265 267 266 -123 122 -472 471 -470 -469 -481 -473 -118
Segment 8 eval: start=PORT-588 end=PORT-581 stations=40 (optimize)
  Segment 8 order: 119 121 120 270 -269 -268 264 124 125 -126 127 128 -258 -259 -257 256 -130 129 131 -204 -203 -202 -199 -198 -200 201 205 -206 -251 -250 -246 -100 -99 -98 -242 241 -240 -239 -236 -97
Segment 9 eval: start=PORT-581 end=PORT-591 stations=35 (optimize)
  Segment 9 order: -93 25 5 10 11 12 -14 18 -21 20 -19 -17 -16 -15 -143 6 -7 4 -3 -1 117 -116 115 -475 -474 466 -467 -479 -478 -476 477 483 524 533 308
Segment 10 eval: start=PORT-591 end=PORT-593 stations=22 (optimize)
  Segment 10 order: 366 -357 -356 -355 354 -352 -351 -322 -532 -531 -530 -529 575 -526 525 578 579 580 -523 -522 -521 -517
Segment 11 eval: start=PORT-593 end=PORT-584 stations=33 (optimize)
  Segment 11 order: 515 516 519 -520 -518 -427 428 429 430 431 432 433 -434 447 -446 -445 439 -511 -510 -509 -508 -507 -504 -503 -488 -487 489 -482 493 -492 -491 -490 -502
Segment 12 eval: start=PORT-584 end=PORT-584 stations=0 (direct)
Segment 13 eval: start=PORT-584 end=BOAT-END stations=9 (optimize)
  Segment 13 order: 486 -462 484 463 468 459 460 461 485
PROGRESS pass=1 changed=1 total=6890.492 best=6890.492 nseg=13 stall=0 mut=3/7 mut=STAT-518 src=10 dst=11 delta=-0.472
Capacity boundary sweep pass 2
Cap boundary debug: BOAT -> [501 500 499 498 497 496 495 112 113 494 114 275 111 274 107 106 105 104 103 102 101 108 109 110 273 272 271 253 252 249 248 247 245 244 243 238 237 215 214 213 192 218 191 219 190 223 222 230 134 133] -> PORT-583 -> [132 181 180 229 231 232 233 234 235 227 228 179 135 136 152 153 154 174 175 176 177 171 168 165 166 164 162 161 160 159 163 167 172 173 155 156 157 158 150 149 148 147 146 145 144 142 9 8 141 140 139 151 138 137 2 90 94 92] -> PORT-581 | load_left=44956 load_right=42980 cap=45000
Set parameter Username
Set parameter LicenseID to value 2738882
Academic license - for non-commercial use only - expires 2026-11-14
Set parameter TimeLimit to value 300
Set parameter Seed to value 2000000000
Set parameter Threads to value 4
Set parameter OutputFlag to value 1
Set parameter LogToConsole to value 1
Set parameter LazyConstraints to value 1
Gurobi Optimizer version 13.0.0 build v13.0.0rc1 (linux64 - "Debian GNU/Linux 13 (trixie)")

CPU model: AMD Ryzen 9 5950X 16-Core Processor, instruction set [SSE2|AVX|AVX2]
Thread count: 16 physical cores, 32 logical processors, using up to 4 threads

Non-default parameters:
TimeLimit  300
Seed  2000000000
Threads  4
LazyConstraints  1

Optimize a model with 50586 rows, 145200 columns and 290388 nonzeros (Min)
Model fingerprint: 0xa71b3308
Model has 47960 linear objective coefficients
Variable types: 96800 continuous, 48400 integer (48400 binary)
Coefficient statistics:
  Matrix range     [1e+00, 4e+04]
  Objective range  [4e-01, 3e+02]
  Bounds range     [1e+00, 4e+04]
  RHS range        [1e+00, 9e+03]
Presolve removed 2410 rows and 49826 columns
Presolve time: 0.35s
Presolved: 48176 rows, 95374 columns, 286707 nonzeros
Variable types: 47304 continuous, 48070 integer (48070 binary)
Root relaxation presolved: 48177 rows, 95374 columns, 294275 nonzeros

Deterministic concurrent LP optimizer: primal and dual simplex
Showing primal log only...

Concurrent spin time: 0.00s

Solved with primal simplex

Root relaxation: objective 6.211190e+02, 70691 iterations, 4.36 seconds (9.08 work units)

    Nodes    |    Current Node    |     Objective Bounds      |     Work
 Expl Unexpl |  Obj  Depth IntInf | Incumbent    BestBd   Gap | It/Node Time

     0     0  621.11898    0  371          -  621.11898      -     -    6s
H    0     0                     773.1047967  621.11898  19.7%     -    7s
H    0     0                     766.6954406  621.11898  19.0%     -    7s
H    0     0                     766.4127650  621.11898  19.0%     -    8s
H    0     0                     766.1333863  621.11898  18.9%     -    8s
H    0     0                     764.9434385  621.11898  18.8%     -    8s
H    0     0                     759.7315617  621.11898  18.2%     -    9s
H    0     0                     754.5781081  621.11898  17.7%     -    9s
H    0     0                     725.5638170  621.11898  14.4%     -    9s
H    0     0                     722.5131835  621.11898  14.0%     -    9s
     0     0  621.11898    0  371  722.51318  621.11898  14.0%     -   11s
     0     0  624.40468    0  374  722.51318  624.40468  13.6%     -   19s
     0     0  624.40468    0  332  722.51318  624.40468  13.6%     -   23s
H    0     0                     718.9374908  624.40468  13.1%     -   34s
     0     0  624.45792    0  344  718.93749  624.45792  13.1%     -   42s
H    0     0                     714.7877179  624.58388  12.6%     -   42s
H    0     0                     707.6503681  624.58388  11.7%     -   42s
H    0     0                     706.2778493  624.58388  11.6%     -   43s
H    0     0                     705.2898025  624.58388  11.4%     -   43s
H    0     0                     704.2518639  624.58388  11.3%     -   44s
H    0     0                     704.2461428  624.58388  11.3%     -   44s
H    0     0                     704.1575151  624.58388  11.3%     -   44s
H    0     0                     704.1517939  624.58388  11.3%     -   44s
H    0     0                     699.9800881  624.58388  10.8%     -   45s
H    0     0                     693.7022054  624.58388  10.0%     -   46s
     0     0  626.63778    0  422  693.70221  626.63778  9.67%     -   49s
     0     0  626.63778    0  418  693.70221  626.63778  9.67%     -   49s
     0     0  627.35139    0  386  693.70221  627.35139  9.56%     -   57s
     0     0  627.35139    0  339  693.70221  627.35139  9.56%     -   61s
     0     0  627.35139    0  390  693.70221  627.35139  9.56%     -   65s
H    0     0                     693.7004914  627.35139  9.56%     -   66s
H    0     0                     683.1382059  627.35139  8.17%     -   68s
H    0     0                     671.3194769  627.35139  6.55%     -   68s
     0     0  627.36842    0  391  671.31948  627.36842  6.55%     -   71s
     0     0  627.36861    0  388  671.31948  627.36861  6.55%     -   72s
     0     0  629.51233    0  401  671.31948  629.51233  6.23%     -   74s
     0     0  629.51233    0  370  671.31948  629.51233  6.23%     -   77s
H    0     0                     670.1294346  629.51233  6.06%     -   77s
H    0     0                     667.6437820  629.51233  5.71%     -   77s
     0     0  629.51233    0  403  667.64378  629.51233  5.71%     -   80s
H    0     0                     666.4472494  629.51233  5.54%     -   80s
H    0     0                     664.7953238  629.51233  5.31%     -   81s
     0     0  629.51233    0  412  664.79532  629.51233  5.31%     -   84s
     0     0  629.51233    0  422  664.79532  629.51233  5.31%     -   85s
     0     0  629.52962    0  423  664.79532  629.52962  5.30%     -   85s
     0     0  629.52962    0  423  664.79532  629.52962  5.30%     -   85s
     0     0  631.11530    0  420  664.79532  631.11530  5.07%     -   89s
     0     0  631.15377    0  418  664.79532  631.15377  5.06%     -   89s
     0     0  631.15378    0  415  664.79532  631.15378  5.06%     -   89s
     0     0  632.62741    0  371  664.79532  632.62741  4.84%     -   90s
     0     0  632.62741    0  343  664.79532  632.62741  4.84%     -   93s
H    0     0                     664.5110039  632.62741  4.80%     -   93s
     0     0  632.62741    0  376  664.51100  632.62741  4.80%     -   96s
     0     0  633.08637    0  416  664.51100  633.08637  4.73%     -   98s
     0     0  634.69660    0  377  664.51100  634.69660  4.49%     -   99s
     0     0  634.69915    0  420  664.51100  634.69915  4.49%     -   99s
     0     0  634.69915    0  419  664.51100  634.69915  4.49%     -   99s
     0     0  636.69434    0  420  664.51100  636.69434  4.19%     -   99s
     0     0  637.10609    0  423  664.51100  637.10609  4.12%     -  100s
     0     0  638.32248    0  436  664.51100  638.32248  3.94%     -  100s
     0     0  638.99400    0  426  664.51100  638.99400  3.84%     -  101s
     0     0  639.03917    0  420  664.51100  639.03917  3.83%     -  101s
     0     0  639.03917    0  425  664.51100  639.03917  3.83%     -  102s
     0     0  639.04105    0  422  664.51100  639.04105  3.83%     -  102s
     0     0  639.04105    0  362  664.51100  639.04105  3.83%     -  104s
     0     0  639.04105    0  393  664.51100  639.04105  3.83%     -  105s
     0     0  639.04105    0  388  664.51100  639.04105  3.83%     -  107s
     0     0  639.04105    0  379  664.51100  639.04105  3.83%     -  107s
     0     0  639.04118    0  367  664.51100  639.04118  3.83%     -  108s
     0     0  639.04778    0  408  664.51100  639.04778  3.83%     -  108s
     0     0  639.05855    0  407  664.51100  639.05855  3.83%     -  108s
     0     0  639.05855    0  377  664.51100  639.05855  3.83%     -  109s
     0     0  639.06002    0  378  664.51100  639.06002  3.83%     -  109s
     0     0  639.06161    0  378  664.51100  639.06161  3.83%     -  110s
     0     0  639.06478    0  380  664.51100  639.06478  3.83%     -  110s
     0     0  639.06478    0  380  664.51100  639.06478  3.83%     -  110s
     0     0  639.06478    0  380  664.51100  639.06478  3.83%     -  110s
     0     0  639.06478    0  380  664.51100  639.06478  3.83%     -  110s
H    0     0                     663.1759743  639.06483  3.64%     -  111s
     0     2  639.06483    0  380  663.17597  639.06483  3.64%     -  113s
    11    25  640.51610    4  152  663.17597  639.28355  3.60%   963  115s
H   41    41                     658.2602322  639.28355  2.88%  1064  116s
   325   311  649.07107   38  148  658.26023  639.28355  2.88%   311  120s
   816   778  646.03438   47  130  658.26023  639.39028  2.87%   222  125s
   940   847  650.01165   44  360  658.26023  639.39028  2.87%   224  131s
   954   857  656.71221   20  401  658.26023  639.39028  2.87%   220  135s
   968   866  648.63421   33  391  658.26023  639.39028  2.87%   217  140s
   977   872  649.78454   53  382  658.26023  640.11820  2.76%   215  145s
  1037   915  642.67873   18  226  658.26023  640.11820  2.76%   310  150s
  1185   943  654.19827   33  197  658.26023  640.11820  2.76%   332  155s
H 1287   888                     658.2602313  640.14635  2.75%   334  158s
  1371   884  644.80212   28  148  658.26023  640.14635  2.75%   330  160s
  1672   941  640.98918   15  201  658.26023  640.90285  2.64%   313  165s
  2115   938  646.09552   17  224  658.26023  641.71106  2.51%   301  170s
  2497   979 infeasible   53       658.26023  642.10342  2.45%   303  175s
  2952  1011  657.51045   18  162  658.26023  642.52223  2.39%   303  180s
  3322  1119  649.57477   22  201  658.26023  642.78774  2.35%   311  185s
  4003  1351     cutoff   31       658.26023  643.44432  2.25%   309  191s
H 4184  1403                     658.2602295  643.55544  2.23%   309  192s
  4449  1527  647.64579   19  177  658.26023  643.90232  2.18%   306  196s
  4800  1691  654.32282   22  194  658.26023  644.17358  2.14%   306  200s
  5523  1958  653.65751   20  212  658.26023  644.42272  2.10%   302  206s
  6101  2066  655.76555   26  192  658.26023  644.73164  2.06%   295  210s
  6373  2250  656.82624   25  190  658.26023  644.94907  2.02%   294  215s
  6929  2505  655.28183   21  199  658.26023  645.24202  1.98%   294  220s
  7663  2795  646.51779   33  178  658.26023  645.65176  1.92%   289  225s
  8502  3121  648.38951   20  212  658.26023  646.00964  1.86%   284  230s
  9212  3354  655.18315   27  148  658.26023  646.26661  1.82%   279  237s
  9651  3512  649.15839   33  191  658.26023  646.44003  1.80%   279  240s
 10636  3895  649.68469   24  197  658.26023  646.76060  1.75%   273  247s
 11180  4109  647.64654   29  189  658.26023  646.83614  1.74%   273  250s
 12354  4496  656.76562   32  178  658.26023  647.09447  1.70%   268  258s
 13043  4680  652.14839   28  221  658.26023  647.23645  1.67%   266  261s
 14194  5029  654.49534   28  198  658.26023  647.57213  1.62%   265  268s
 14677  5142  649.58346   19  181  658.26023  647.70871  1.60%   265  271s
 15727  5493  653.22169   46  173  658.26023  647.91362  1.57%   263  278s
 16270  5709  656.42548   35  183  658.26023  648.03655  1.55%   261  281s
 16868  5839 infeasible   37       658.26023  648.13694  1.54%   260  285s
H17376  5860                     658.2602266  648.21007  1.53%   260  289s
 17437  5960  657.01013   24  185  658.26023  648.26781  1.52%   260  293s
 17851  6172  654.06935   24  228  658.26023  648.33622  1.51%   259  297s

Cutting planes:
  Gomory: 12
  Cover: 15
  Implied bound: 97
  Projected implied bound: 5
  MIR: 130
  Flow cover: 214
  GUB cover: 1
  Inf proof: 12
  Zero half: 27
  Network: 5
  RLT: 15
  Relax-and-lift: 65
  BQP: 6

Explored 18953 nodes (5374220 simplex iterations) in 300.01 seconds (897.38 work units)
Thread count was 4 (of 32 available processors)

Solution count 10: 658.26 658.26 663.176 ... 683.138

Time limit reached
Best objective 6.582602265668e+02, best bound 6.485261008058e+02, gap 1.4788%

User-callback calls 83006, time in user-callback 0.01 sec
Cap boundary reject: PORT-583 real=1047.981 baseline=658.260
Cap boundary debug: PORT-583 -> [132 181 180 229 231 232 233 234 235 227 228 179 135 136 152 153 154 174 175 176 177 171 168 165 166 164 162 161 160 159 163 167 172 173 155 156 157 158 150 149 148 147 146 145 144 142 9 8 141 140 139 151 138 137 2 90 94 92] -> PORT-581 -> [68 69 67 66 53 54 56 55 52 51 38 48 39 40 47 46 43 45 44 42 41 34 33 30 29 27 26 28 31 32 36 35 37 50 49 396 397 398 395 394 393 392 391 390 389 388 387 402 385 403 384 383 382 414 413 412 409 408 410 411 380 378 379 377 376 375 374 373 372 371 370 369 359 360 358 353 349 350 326 328] -> PORT-591 | load_left=42980 load_right=43988 cap=45000
Set parameter Username
Set parameter LicenseID to value 2738882
Academic license - for non-commercial use only - expires 2026-11-14
Set parameter TimeLimit to value 300
Set parameter Seed to value 1206962830
Set parameter Threads to value 4
Set parameter OutputFlag to value 1
Set parameter LogToConsole to value 1
Set parameter LazyConstraints to value 1
Gurobi Optimizer version 13.0.0 build v13.0.0rc1 (linux64 - "Debian GNU/Linux 13 (trixie)")

CPU model: AMD Ryzen 9 5950X 16-Core Processor, instruction set [SSE2|AVX|AVX2]
Thread count: 16 physical cores, 32 logical processors, using up to 4 threads

Non-default parameters:
TimeLimit  300
Seed  1206962830
Threads  4
LazyConstraints  1

Optimize a model with 81186 rows, 235200 columns and 470388 nonzeros (Min)
Model fingerprint: 0xcffb96f7
Model has 77840 linear objective coefficients
Variable types: 156800 continuous, 78400 integer (78400 binary)
Coefficient statistics:
  Matrix range     [1e+00, 4e+04]
  Objective range  [4e-01, 1e+05]
  Bounds range     [1e+00, 4e+04]
  RHS range        [1e+00, 9e+03]
Presolve removed 3070 rows and 80216 columns
Presolve time: 0.63s
Presolved: 78116 rows, 154984 columns, 465397 nonzeros
Variable types: 77004 continuous, 77980 integer (77980 binary)
Root relaxation presolved: 78116 rows, 154984 columns, 465397 nonzeros

Deterministic concurrent LP optimizer: primal and dual simplex
Showing primal log only...


Root simplex log...

Iteration    Objective       Primal Inf.    Dual Inf.      Time
   52666    8.3796771e+02   0.000000e+00   1.128133e+05      5s
  106687    7.9378142e+02   0.000000e+00   1.321758e+03     10s
  136252    7.9542164e+02   0.000000e+00   0.000000e+00     12s
Concurrent spin time: 0.00s

Solved with primal simplex

Root relaxation: objective 7.954216e+02, 136252 iterations, 10.99 seconds (21.56 work units)

    Nodes    |    Current Node    |     Objective Bounds      |     Work
 Expl Unexpl |  Obj  Depth IntInf | Incumbent    BestBd   Gap | It/Node Time

     0     0  795.42164    0  453          -  795.42164      -     -   13s
H    0     0                    2010199.5575  795.42164   100%     -   14s
H    0     0                    1249.9514115  795.42164  36.4%     -   15s
H    0     0                    1218.3609993  795.42164  34.7%     -   15s
H    0     0                    1175.0682625  795.42164  32.3%     -   16s
H    0     0                    1128.2585936  795.42164  29.5%     -   17s
H    0     0                    1127.1490234  795.42164  29.4%     -   18s
H    0     0                    1062.7992011  795.42164  25.2%     -   19s
H    0     0                    1013.7628505  795.42164  21.5%     -   20s
H    0     0                    1009.1297021  795.42164  21.2%     -   21s
     0     0  798.58312    0  494 1009.12970  798.58312  20.9%     -   28s
H    0     0                     998.5427695  798.59617  20.0%     -   29s
H    0     0                     981.5617785  798.59617  18.6%     -   30s
H    0     0                     981.1542969  798.59617  18.6%     -   30s
H    0     0                     950.0168959  798.59617  15.9%     -   31s
H    0     0                     947.6121334  798.59617  15.7%     -   32s
H    0     0                     943.9394880  798.59617  15.4%     -   32s
H    0     0                     932.7249261  798.59617  14.4%     -   35s
H    0     0                     928.4570575  798.59617  14.0%     -   36s
H    0     0                     925.9780022  798.59617  13.8%     -   36s
H    0     0                     925.4802621  798.59617  13.7%     -   36s
H    0     0                     918.9295273  798.59617  13.1%     -   36s
H    0     0                     909.3017962  798.59617  12.2%     -   36s
H    0     0                     903.5475469  798.59617  11.6%     -   36s
H    0     0                     895.9416105  798.59617  10.9%     -   36s
H    0     0                     892.9553581  798.59617  10.6%     -   37s
H    0     0                     888.8100446  798.59617  10.1%     -   37s
H    0     0                     885.5809423  798.59617  9.82%     -   38s
H    0     0                     885.5809413  798.59617  9.82%     -   42s
     0     0  798.59617    0  494  885.58094  798.59617  9.82%     -   44s
     0     0  802.77837    0  527  885.58094  802.77837  9.35%     -   49s
     0     0  802.77837    0  480  885.58094  802.77837  9.35%     -   57s
H    0     0                     885.4630273  802.77837  9.34%     -   57s
     0     0  803.32942    0  486  885.46303  803.32942  9.28%     -   66s
H    0     0                     883.5450384  803.36375  9.07%     -   69s
H    0     0                     876.2073745  803.36375  8.31%     -   70s
H    0     0                     874.3231329  803.36375  8.12%     -   71s
     0     0  805.06726    0  539  874.32313  805.06726  7.92%     -   74s
     0     0  805.06729    0  538  874.32313  805.06729  7.92%     -   74s
     0     0  806.68960    0  547  874.32313  806.68960  7.74%     -   79s
     0     0  807.56378    0  538  874.32313  807.56378  7.64%     -   80s
     0     0  807.78677    0  539  874.32313  807.78677  7.61%     -   80s
     0     0  807.78677    0  544  874.32313  807.78677  7.61%     -   80s
     0     0  810.41066    0  551  874.32313  810.41066  7.31%     -   91s
     0     0  810.72533    0  554  874.32313  810.72533  7.27%     -   92s
     0     0  810.75283    0  559  874.32313  810.75283  7.27%     -   92s
     0     0  810.75283    0  560  874.32313  810.75283  7.27%     -   92s
     0     0  815.86761    0  525  874.32313  815.86761  6.69%     -   98s
     0     0  815.90741    0  527  874.32313  815.90741  6.68%     -  100s
     0     0  815.90775    0  526  874.32313  815.90775  6.68%     -  100s
     0     0  815.95691    0  530  874.32313  815.95691  6.68%     -  102s
     0     0  815.95691    0  446  874.32313  815.95691  6.68%     -  107s
     0     0  815.95691    0  503  874.32313  815.95691  6.68%     -  111s
     0     0  815.95691    0  528  874.32313  815.95691  6.68%     -  120s
     0     0  815.95691    0  523  874.32313  815.95691  6.68%     -  124s
     0     0  815.95691    0  522  874.32313  815.95691  6.68%     -  126s
     0     0  815.95749    0  523  874.32313  815.95749  6.68%     -  126s
     0     0  815.95751    0  523  874.32313  815.95751  6.68%     -  127s
     0     0  815.95815    0  525  874.32313  815.95815  6.68%     -  129s
     0     0  815.95820    0  529  874.32313  815.95820  6.68%     -  129s
     0     0  816.03760    0  528  874.32313  816.03760  6.67%     -  132s
     0     0  816.04452    0  529  874.32313  816.04452  6.67%     -  133s
     0     0  816.04452    0  531  874.32313  816.04452  6.67%     -  133s
     0     0  816.04528    0  528  874.32313  816.04528  6.67%     -  135s
     0     0  816.05043    0  529  874.32313  816.05043  6.66%     -  136s
     0     0  816.05043    0  530  874.32313  816.05043  6.66%     -  137s
     0     0  816.05048    0  530  874.32313  816.05048  6.66%     -  137s
     0     0  816.05048    0  531  874.32313  816.05048  6.66%     -  137s
     0     0  816.06185    0  531  874.32313  816.06185  6.66%     -  138s
     0     0  816.06185    0  537  874.32313  816.06185  6.66%     -  139s
     0     0  816.08338    0  533  874.32313  816.08338  6.66%     -  140s
     0     0  816.08486    0  533  874.32313  816.08486  6.66%     -  140s
     0     0  816.08486    0  513  874.32313  816.08486  6.66%     -  143s
     0     2  822.03735    0  513  874.32313  822.03735  5.98%     -  154s
     1     5  822.03735    1  339  874.32313  822.03735  5.98%  4110  155s
    11    22  822.03735    4  332  874.32313  822.03735  5.98%  1825  160s
    36    43  822.03735    8  314  874.32313  822.03735  5.98%  1862  165s
    76    96  822.03735   14  314  874.32313  822.03735  5.98%  1447  170s
   163   174  822.03735   29  290  874.32313  822.03735  5.98%   840  175s
   266   309  822.03735   57  278  874.32313  822.03735  5.98%   575  180s
   562   567  824.21875  133  250  874.32313  822.03735  5.98%   294  185s
H  578   583                     871.9631143  822.03735  5.73%   296  189s
   643   705  824.36780  141  261  871.96311  822.03735  5.73%   271  190s
  1085  1170  827.67559  251  236  871.96311  822.03735  5.73%   187  195s
  1433  1558  828.89336  307  234  871.96311  822.03735  5.73%   170  200s
  2121  2202  835.00286  483  236  871.96311  822.03735  5.73%   130  205s
  2538  2539  836.69404  529  238  871.96311  822.03735  5.73%   128  213s
  2585  2610  837.34436  546  217  871.96311  822.03735  5.73%   139  215s
  2794  2973  839.53510  620  256  871.96311  822.03735  5.73%   144  220s
  3335  3453  843.87496  781  223  871.96311  822.03735  5.73%   135  226s
  3594  3623  822.95680   13  297  871.96311  822.03735  5.73%   138  231s
  3926  3854  831.94769   80  527  871.96311  822.03735  5.73%   134  258s
H 3927  3662                     871.7364936  822.03735  5.70%   134  263s
  3928  3662  834.83859  280  449  871.73649  822.03735  5.70%   134  266s
H 3928  3479                     871.6488024  822.03735  5.69%   134  272s
  3929  3480  855.07967  698  442  871.64880  822.03735  5.69%   134  276s
  3931  3481  826.52014  142  533  871.64880  822.03735  5.69%   134  280s
  3935  3484  848.96269  228  529  871.64880  822.03735  5.69%   134  285s
  3938  3486  848.51039  515  530  871.64880  822.03735  5.69%   134  291s
  3942  3489  860.08031  791  533  871.64880  822.03735  5.69%   134  296s

Cutting planes:
  Gomory: 31
  Cover: 7
  Implied bound: 68
  Projected implied bound: 5
  Clique: 3
  MIR: 33
  Flow cover: 60
  GUB cover: 4
  Zero half: 32
  Mod-K: 1
  Network: 1
  RLT: 2
  Relax-and-lift: 64

Explored 3943 nodes (1218002 simplex iterations) in 300.01 seconds (745.02 work units)
Thread count was 4 (of 32 available processors)

Solution count 10: 871.649 871.736 871.963 ... 892.955

Time limit reached
Best objective 8.716488023753e+02, best bound 8.240404173016e+02, gap 5.4619%

User-callback calls 41582, time in user-callback 0.02 sec
Cap boundary reject: PORT-581 segment infeasible left=658.746 right=100543.683
Cap boundary reject: PORT-581 real=1000000000000000052504760255204420248704468581108159154915854115511802457988908195786371375080447864043704443832883878176942523235360430575644792184786706982848387200926575803737830233794788090059368953234970799945081119038967640880074652742780142494579258788820056842838115669472196386865459400540160.000 baseline=879.388
Cap boundary debug: PORT-581 -> [68 69 67 66 53 54 56 55 52 51 38 48 39 40 47 46 43 45 44 42 41 34 33 30 29 27 26 28 31 32 36 35 37 50 49 396 397 398 395 394 393 392 391 390 389 388 387 402 385 403 384 383 382 414 413 412 409 408 410 411 380 378 379 377 376 375 374 373 372 371 370 369 359 360 358 353 349 350 326 328] -> PORT-591 -> [276 344 343 342 277 278 279 280 341 281 307 567 435 438 448 453 456 457 458 455 454 452 451 450 449 444 443 442 441 513 514] -> PORT-593 | load_left=43988 load_right=42988 cap=45000
Set parameter Username
Set parameter LicenseID to value 2738882
Academic license - for non-commercial use only - expires 2026-11-14
Set parameter TimeLimit to value 300
Set parameter Seed to value 1441902982
Set parameter Threads to value 4
Set parameter OutputFlag to value 1
Set parameter LogToConsole to value 1
Set parameter LazyConstraints to value 1
Gurobi Optimizer version 13.0.0 build v13.0.0rc1 (linux64 - "Debian GNU/Linux 13 (trixie)")

CPU model: AMD Ryzen 9 5950X 16-Core Processor, instruction set [SSE2|AVX|AVX2]
Thread count: 16 physical cores, 32 logical processors, using up to 4 threads

Non-default parameters:
TimeLimit  300
Seed  1441902982
Threads  4
LazyConstraints  1

Optimize a model with 53322 rows, 153228 columns and 306444 nonzeros (Min)
Model fingerprint: 0x7f06cd79
Model has 50624 linear objective coefficients
Variable types: 102152 continuous, 51076 integer (51076 binary)
Coefficient statistics:
  Matrix range     [1e+00, 4e+04]
  Objective range  [8e-01, 1e+05]
  Bounds range     [1e+00, 4e+04]
  RHS range        [1e+00, 1e+04]
Presolve removed 2476 rows and 52541 columns
Presolve time: 0.39s
Presolved: 50846 rows, 100687 columns, 302635 nonzeros
Variable types: 49950 continuous, 50737 integer (50737 binary)
Root relaxation presolved: 50846 rows, 100687 columns, 302635 nonzeros

Deterministic concurrent LP optimizer: primal and dual simplex
Showing primal log only...

Concurrent spin time: 0.00s

Solved with primal simplex

Root relaxation: objective 1.020165e+03, 71624 iterations, 4.32 seconds (8.49 work units)

    Nodes    |    Current Node    |     Objective Bounds      |     Work
 Expl Unexpl |  Obj  Depth IntInf | Incumbent    BestBd   Gap | It/Node Time

     0     0 1020.16541    0  396          - 1020.16541      -     -    5s
H    0     0                    602845.23775 1020.16541   100%     -    6s
H    0     0                    1404.6832057 1020.16541  27.4%     -    6s
H    0     0                    1398.0135251 1020.16541  27.0%     -    7s
H    0     0                    1389.9042279 1020.16541  26.6%     -    7s
H    0     0                    1388.4800867 1020.16541  26.5%     -    8s
H    0     0                    1379.1378592 1020.16541  26.0%     -    8s
H    0     0                    1378.8753797 1020.16541  26.0%     -    8s
H    0     0                    1378.8083192 1020.16541  26.0%     -    8s
H    0     0                    1375.5279346 1020.16541  25.8%     -    9s
H    0     0                    1362.7130493 1020.16541  25.1%     -    9s
H    0     0                    1362.6931681 1020.16541  25.1%     -    9s
H    0     0                    1357.0250006 1020.16541  24.8%     -    9s
H    0     0                    1357.0122622 1020.16541  24.8%     -   10s
     0     0 1024.64395    0  437 1357.01226 1024.64395  24.5%     -   12s
     0     0 1024.64395    0  400 1357.01226 1024.64395  24.5%     -   16s
H    0     0                    1350.0575764 1024.64395  24.1%     -   17s
     0     0 1025.04881    0  444 1350.05758 1025.04881  24.1%     -   20s
H    0     0                    1344.9352656 1025.04881  23.8%     -   20s
H    0     0                    1235.7262599 1025.04881  17.0%     -   21s
H    0     0                    1229.9352680 1025.04881  16.7%     -   21s
H    0     0                    1229.3186847 1025.04881  16.6%     -   22s
H    0     0                    1222.6327966 1025.04881  16.2%     -   22s
H    0     0                    1219.7124617 1025.04881  16.0%     -   22s
H    0     0                    1218.1965776 1025.04881  15.9%     -   22s
H    0     0                    1217.2723809 1025.04881  15.8%     -   22s
H    0     0                    1210.9530840 1025.04881  15.4%     -   23s
H    0     0                    1206.6957019 1025.04881  15.1%     -   23s
H    0     0                    1202.4261530 1025.04881  14.8%     -   23s
H    0     0                    1199.8315589 1025.04881  14.6%     -   23s
H    0     0                    1196.5113732 1025.04881  14.3%     -   24s
H    0     0                    1195.9149881 1025.04881  14.3%     -   24s
H    0     0                    1194.2508701 1025.04881  14.2%     -   24s
H    0     0                    1193.9213301 1025.04881  14.1%     -   25s
H    0     0                    1188.3889169 1025.04881  13.7%     -   25s
     0     0 1028.95771    0  462 1188.38892 1028.95771  13.4%     -   26s
     0     0 1028.95771    0  463 1188.38892 1028.95771  13.4%     -   26s
     0     0 1033.74244    0  469 1188.38892 1033.74244  13.0%     -   36s
     0     0 1033.75045    0  478 1188.38892 1033.75045  13.0%     -   37s
     0     0 1033.94084    0  477 1188.38892 1033.94084  13.0%     -   37s
     0     0 1033.94702    0  475 1188.38892 1033.94702  13.0%     -   38s
     0     0 1033.94702    0  474 1188.38892 1033.94702  13.0%     -   38s
     0     0 1036.19752    0  476 1188.38892 1036.19752  12.8%     -   46s
     0     0 1036.37415    0  472 1188.38892 1036.37415  12.8%     -   49s
     0     0 1036.81073    0  471 1188.38892 1036.81073  12.8%     -   50s
     0     0 1036.93695    0  472 1188.38892 1036.93695  12.7%     -   50s
     0     0 1036.93695    0  471 1188.38892 1036.93695  12.7%     -   50s
     0     0 1039.05795    0  479 1188.38892 1039.05795  12.6%     -   58s
     0     0 1039.38487    0  482 1188.38892 1039.38487  12.5%     -   61s
     0     0 1039.38741    0  481 1188.38892 1039.38741  12.5%     -   61s
     0     0 1039.76432    0  493 1188.38892 1039.76432  12.5%     -   65s
H    0     0                    1188.1656541 1039.79217  12.5%     -   67s
     0     0 1039.79217    0  484 1188.16565 1039.79217  12.5%     -   68s
     0     0 1039.81536    0  485 1188.16565 1039.81536  12.5%     -   69s
H    0     0                    1185.8056355 1039.82330  12.3%     -   69s
H    0     0                    1185.5142599 1039.82330  12.3%     -   70s
     0     0 1039.82457    0  490 1185.51426 1039.82457  12.3%     -   72s
     0     0 1039.82457    0  488 1185.51426 1039.82457  12.3%     -   72s
     0     0 1039.87174    0  492 1185.51426 1039.87174  12.3%     -   73s
     0     0 1041.17852    0  492 1185.51426 1041.17852  12.2%     -   73s
     0     0 1041.17852    0  491 1185.51426 1041.17852  12.2%     -   74s
     0     0 1041.17852    0  495 1185.51426 1041.17852  12.2%     -   74s
     0     0 1041.17852    0  496 1185.51426 1041.17852  12.2%     -   74s
     0     0 1041.17852    0  496 1185.51426 1041.17852  12.2%     -   74s
     0     0 1055.65270    0  493 1185.51426 1055.65270  11.0%     -   75s
     0     0 1055.85540    0  489 1185.51426 1055.85540  10.9%     -   76s
     0     0 1055.85540    0  496 1185.51426 1055.85540  10.9%     -   76s
     0     0 1057.04005    0  492 1185.51426 1057.04005  10.8%     -   76s
     0     0 1057.04005    0  398 1185.51426 1057.04005  10.8%     -   79s
H    0     0                    1185.4265686 1057.04005  10.8%     -   79s
     0     0 1057.04005    0  445 1185.42657 1057.04005  10.8%     -   82s
H    0     0                    1184.4907360 1057.04005  10.8%     -   85s
H    0     0                    1182.4759454 1057.04005  10.6%     -   87s
     0     0 1057.04005    0  458 1182.47595 1057.04005  10.6%     -   93s
     0     0 1057.04005    0  472 1182.47595 1057.04005  10.6%     -   97s
     0     0 1057.04689    0  479 1182.47595 1057.04689  10.6%     -   97s
     0     0 1057.04694    0  482 1182.47595 1057.04694  10.6%     -   98s
     0     0 1057.16944    0  485 1182.47595 1057.16944  10.6%     -   99s
     0     0 1057.18874    0  485 1182.47595 1057.18874  10.6%     -  100s
     0     0 1059.63404    0  473 1182.47595 1059.63404  10.4%     -  104s
     0     0 1059.72199    0  476 1182.47595 1059.72199  10.4%     -  104s
     0     0 1059.72199    0  477 1182.47595 1059.72199  10.4%     -  104s
     0     0 1059.72199    0  472 1182.47595 1059.72199  10.4%     -  106s
     0     0 1059.72199    0  468 1182.47595 1059.72199  10.4%     -  106s
     0     0 1059.72199    0  468 1182.47595 1059.72199  10.4%     -  106s
     0     0 1059.72199    0  481 1182.47595 1059.72199  10.4%     -  108s
     0     0 1059.72199    0  480 1182.47595 1059.72199  10.4%     -  108s
     0     0 1059.73310    0  470 1182.47595 1059.73310  10.4%     -  109s
     0     0 1059.73310    0  470 1182.47595 1059.73310  10.4%     -  109s
     0     0 1059.73310    0  455 1182.47595 1059.73310  10.4%     -  111s
     0     2 1068.10902    0  455 1182.47595 1068.10902  9.67%     -  117s
     1     4 1068.10902    1  474 1182.47595 1068.10902  9.67%  2845  122s
    11    27 1068.10902    4  468 1182.47595 1068.10902  9.67%  2457  127s
    26    37 1112.47252    7  199 1182.47595 1068.10902  9.67%  1143  130s
    52    63 1114.27537    7  207 1182.47595 1068.10902  9.67%  1277  136s
    75    94 1068.32270   11  435 1182.47595 1068.10902  9.67%  1048  141s
    93   107 1071.21689   14  413 1182.47595 1068.10902  9.67%   856  145s
   120   144 1079.49733   22  406 1182.47595 1068.10902  9.67%   779  150s
   156   174 1089.10325   27  405 1182.47595 1068.10902  9.67%   720  156s
   174   175 1146.02170   33  391 1182.47595 1068.10902  9.67%   732  160s
   179   183 1099.94664   28  421 1182.47595 1068.10902  9.67%   720  167s
   189   193 1105.67761   32  397 1182.47595 1068.10902  9.67%   807  170s
H  193   193                    1182.4759413 1068.10902  9.67%   822  170s
   215   220 1107.74175   35  403 1182.47594 1068.10902  9.67%   784  177s
   221   226 1112.74032   38  398 1182.47594 1068.10902  9.67%   778  181s
   227   235 1116.47161   40  405 1182.47594 1068.10902  9.67%   859  185s
   236   252 1118.18880   44  401 1182.47594 1068.10902  9.67%   872  190s
   300   314 1119.56924   46  401 1182.47594 1068.10902  9.67%   782  197s
   336   327 1121.36390   50  410 1182.47594 1068.10902  9.67%   784  202s
   359   351 1122.63595   55  408 1182.47594 1068.10902  9.67%   823  207s
   385   388 1138.39940   71  406 1182.47594 1068.10902  9.67%   846  212s
   423   417 1147.53015   90  400 1182.47594 1068.10902  9.67%   822  217s
   452   470 1157.87432  111  412 1182.47594 1068.10902  9.67%   842  220s
   509   513 1160.60830  123  363 1182.47594 1068.10902  9.67%   809  225s
   629   665 1170.81046  176  374 1182.47594 1068.10902  9.67%   776  233s
   732   663     cutoff  204      1182.47594 1068.10902  9.67%   730  239s
H  740   668                    1182.4759376 1068.10902  9.67%   728  244s
   747   706 1134.63641   53  357 1182.47594 1068.10902  9.67%   774  249s
   792   734 1068.10902    8  452 1182.47594 1068.10902  9.67%   789  254s
   830   755 1068.10902    9  467 1182.47594 1068.10902  9.67%   813  260s
   879   754 1068.10902   10  465 1182.47594 1068.10902  9.67%   795  267s
   896   787 1073.48839   12  441 1182.47594 1068.10902  9.67%   823  274s
   929   821 1075.95003   14  432 1182.47594 1068.10902  9.67%   832  281s
   963   857 1088.74077   20  391 1182.47594 1068.10902  9.67%   829  287s
   999   891 1128.76527   20  183 1182.47594 1068.10902  9.67%   832  293s
  1033   992 1100.62944   33  373 1182.47594 1068.10902  9.67%   840  297s

Cutting planes:
  Gomory: 6
  Cover: 10
  Implied bound: 188
  Clique: 5
  MIR: 41
  Flow cover: 116
  Zero half: 45
  RLT: 9
  Relax-and-lift: 176
  BQP: 1

Explored 1142 nodes (1278957 simplex iterations) in 300.00 seconds (1047.62 work units)
Thread count was 4 (of 32 available processors)

Solution count 10: 1182.48 1182.48 1184.49 ... 1194.25

Time limit reached
Best objective 1.182475937593e+03, best bound 1.068109018364e+03, gap 9.6718%

User-callback calls 71043, time in user-callback 0.01 sec
Cap boundary reject: PORT-591 real=1710.676 baseline=1179.192
Cap boundary debug: PORT-591 -> [276 344 343 342 277 278 279 280 341 281 307 567 435 438 448 453 456 457 458 455 454 452 451 450 449 444 443 442 441 513 514] -> PORT-593 -> [512 436 437 440 506 505 464 465 480 22 23 24 96 95 91 89 88 87 86 85 84 83 82 81 80 79 78 77 70 76 75 72 73 74 71 65 63 64 57 59 58 60 61 62 386 401 400 399 407 406 405 404 415 416 418 419 420 421 423 422 424 417 425 381 426 368 367 365 364 362 361 348 363 347 333 332 331 330 329 327 325 324 323 321 339 338 337 336 335 334 345 346] -> PORT-591 | load_left=42988 load_right=44990 cap=45000
Set parameter Username
Set parameter LicenseID to value 2738882
Academic license - for non-commercial use only - expires 2026-11-14
Set parameter TimeLimit to value 300
Set parameter Seed to value 10775238
Set parameter Threads to value 4
Set parameter OutputFlag to value 1
Set parameter LogToConsole to value 1
Set parameter LazyConstraints to value 1
Gurobi Optimizer version 13.0.0 build v13.0.0rc1 (linux64 - "Debian GNU/Linux 13 (trixie)")

CPU model: AMD Ryzen 9 5950X 16-Core Processor, instruction set [SSE2|AVX|AVX2]
Thread count: 16 physical cores, 32 logical processors, using up to 4 threads

Non-default parameters:
TimeLimit  300
Seed  10775238
Threads  4
LazyConstraints  1

Optimize a model with 64986 rows, 187500 columns and 374988 nonzeros (Min)
Model fingerprint: 0xf27ebec6
Model has 62000 linear objective coefficients
Variable types: 125000 continuous, 62500 integer (62500 binary)
Coefficient statistics:
  Matrix range     [1e+00, 4e+04]
  Objective range  [8e-01, 1e+05]
  Bounds range     [1e+00, 4e+04]
  RHS range        [1e+00, 1e+04]
Presolve removed 2740 rows and 64121 columns
Presolve time: 0.46s
Presolved: 62246 rows, 123379 columns, 370654 nonzeros
Variable types: 61254 continuous, 62125 integer (62125 binary)
Root relaxation presolved: 62246 rows, 123379 columns, 370654 nonzeros

Deterministic concurrent LP optimizer: primal and dual simplex
Showing primal log only...


Root simplex log...

Iteration    Objective       Primal Inf.    Dual Inf.      Time
   62089    9.9217573e+02   0.000000e+00   2.498009e+03      5s
   68737    1.0528733e+03   0.000000e+00   0.000000e+00      5s
Concurrent spin time: 0.00s

Solved with primal simplex

Root relaxation: objective 1.052873e+03, 68737 iterations, 4.80 seconds (9.10 work units)

    Nodes    |    Current Node    |     Objective Bounds      |     Work
 Expl Unexpl |  Obj  Depth IntInf | Incumbent    BestBd   Gap | It/Node Time

     0     0 1052.87333    0  476          - 1052.87333      -     -    6s
H    0     0                    2893.3900492 1052.87333  63.6%     -    7s
H    0     0                    2815.0997237 1052.87333  62.6%     -    7s
H    0     0                    2753.6290196 1052.87333  61.8%     -    7s
H    0     0                    2748.5630989 1052.87333  61.7%     -    7s
H    0     0                    2726.9180596 1052.87333  61.4%     -    7s
H    0     0                    2725.0779947 1052.87333  61.4%     -    7s
H    0     0                    2269.3109835 1052.87333  53.6%     -   10s
H    0     0                    2168.1230319 1052.87333  51.4%     -   10s
H    0     0                    2127.0211134 1052.87333  50.5%     -   11s
H    0     0                    2112.9218668 1052.87333  50.2%     -   11s
H    0     0                    2105.8617524 1052.87333  50.0%     -   11s
     0     0 1052.87333    0  472 2105.86175 1052.87333  50.0%     -   12s
     0     0 1060.14474    0  547 2105.86175 1060.14474  49.7%     -   16s
     0     0 1060.14474    0  472 2105.86175 1060.14474  49.7%     -   20s
H    0     0                    2085.0150254 1060.14474  49.2%     -   20s
H    0     0                    2073.7954217 1060.14474  48.9%     -   20s
H    0     0                    2057.6185370 1060.14474  48.5%     -   22s
H    0     0                    2037.5771736 1060.14474  48.0%     -   22s
H    0     0                    2024.1672126 1060.14474  47.6%     -   22s
H    0     0                    2019.2055104 1060.14474  47.5%     -   22s
     0     0 1061.18519    0  543 2019.20551 1061.18519  47.4%     -   25s
H    0     0                    2016.9425558 1061.18918  47.4%     -   26s
H    0     0                    2010.4567273 1061.18918  47.2%     -   26s
H    0     0                    1994.4488467 1061.18918  46.8%     -   27s
H    0     0                    1985.5213503 1061.18918  46.6%     -   28s
H    0     0                    1950.9863758 1061.18918  45.6%     -   29s
H    0     0                    1948.5436871 1061.18918  45.5%     -   29s
H    0     0                    1941.7130900 1061.18918  45.3%     -   29s
H    0     0                    1941.3997978 1061.18918  45.3%     -   29s
H    0     0                    1937.5948635 1061.18918  45.2%     -   29s
H    0     0                    1935.9989951 1061.18918  45.2%     -   30s
H    0     0                    1934.5152606 1061.18918  45.1%     -   30s
H    0     0                    1927.4921217 1061.18918  44.9%     -   31s
H    0     0                    1925.8265907 1061.18918  44.9%     -   31s
H    0     0                    1924.2326766 1061.18918  44.9%     -   31s
H    0     0                    1917.1866418 1061.18918  44.6%     -   32s
     0     0 1061.39661    0  539 1917.18664 1061.39661  44.6%     -   33s
     0     0 1061.40494    0  538 1917.18664 1061.40494  44.6%     -   33s
     0     0 1064.74662    0  572 1917.18664 1064.74662  44.5%     -   35s
     0     0 1065.47105    0  569 1917.18664 1065.47105  44.4%     -   35s
     0     0 1065.60002    0  574 1917.18664 1065.60002  44.4%     -   35s
     0     0 1065.60003    0  574 1917.18664 1065.60003  44.4%     -   35s
     0     0 1073.81724    0  599 1917.18664 1073.81724  44.0%     -   41s
     0     0 1076.11233    0  538 1917.18664 1076.11233  43.9%     -   42s
     0     0 1076.19605    0  580 1917.18664 1076.19605  43.9%     -   43s
     0     0 1076.21421    0  579 1917.18664 1076.21421  43.9%     -   43s
     0     0 1076.21421    0  579 1917.18664 1076.21421  43.9%     -   43s
     0     0 1081.71910    0  591 1917.18664 1081.71910  43.6%     -   49s
     0     0 1085.13653    0  584 1917.18664 1085.13653  43.4%     -   51s
     0     0 1085.25134    0  605 1917.18664 1085.25134  43.4%     -   51s
     0     0 1085.25281    0  603 1917.18664 1085.25281  43.4%     -   51s
     0     0 1090.07846    0  614 1917.18664 1090.07846  43.1%     -   52s
     0     0 1090.53059    0  609 1917.18664 1090.53059  43.1%     -   53s
     0     0 1090.55912    0  619 1917.18664 1090.55912  43.1%     -   53s
     0     0 1090.55919    0  616 1917.18664 1090.55919  43.1%     -   53s
     0     0 1091.88770    0  619 1917.18664 1091.88770  43.0%     -   55s
     0     0 1092.01539    0  632 1917.18664 1092.01539  43.0%     -   56s
     0     0 1092.01539    0  628 1917.18664 1092.01539  43.0%     -   57s
     0     0 1092.01539    0  629 1917.18664 1092.01539  43.0%     -   57s
     0     0 1092.51862    0  610 1917.18664 1092.51862  43.0%     -   59s
     0     0 1092.89240    0  622 1917.18664 1092.89240  43.0%     -   60s
     0     0 1092.90351    0  620 1917.18664 1092.90351  43.0%     -   60s
     0     0 1092.91161    0  599 1917.18664 1092.91161  43.0%     -   61s
     0     0 1092.91732    0  607 1917.18664 1092.91732  43.0%     -   61s
     0     0 1116.29105    0  604 1917.18664 1116.29105  41.8%     -   63s
     0     0 1116.43799    0  610 1917.18664 1116.43799  41.8%     -   63s
     0     0 1116.90286    0  617 1917.18664 1116.90286  41.7%     -   64s
     0     0 1116.92183    0  607 1917.18664 1116.92183  41.7%     -   65s
     0     0 1116.92213    0  609 1917.18664 1116.92213  41.7%     -   65s
     0     0 1117.89449    0  603 1917.18664 1117.89449  41.7%     -   66s
     0     0 1117.90937    0  608 1917.18664 1117.90937  41.7%     -   67s
     0     0 1117.92527    0  609 1917.18664 1117.92527  41.7%     -   67s
     0     0 1117.92560    0  611 1917.18664 1117.92560  41.7%     -   67s
     0     0 1122.76357    0  602 1917.18664 1122.76357  41.4%     -   68s
     0     0 1122.79053    0  608 1917.18664 1122.79053  41.4%     -   69s
     0     0 1122.79053    0  610 1917.18664 1122.79053  41.4%     -   69s
     0     0 1131.11103    0  614 1917.18664 1131.11103  41.0%     -   69s
     0     0 1131.12549    0  611 1917.18664 1131.12549  41.0%     -   69s
     0     0 1131.36296    0  615 1917.18664 1131.36296  41.0%     -   70s
     0     0 1131.38942    0  621 1917.18664 1131.38942  41.0%     -   70s
     0     0 1135.84887    0  589 1917.18664 1135.84887  40.8%     -   71s
     0     0 1138.36295    0  636 1917.18664 1138.36295  40.6%     -   71s
     0     0 1138.36295    0  644 1917.18664 1138.36295  40.6%     -   71s
     0     0 1138.36295    0  629 1917.18664 1138.36295  40.6%     -   72s
     0     0 1138.36295    0  635 1917.18664 1138.36295  40.6%     -   72s
     0     0 1138.36295    0  637 1917.18664 1138.36295  40.6%     -   72s
     0     0 1138.36295    0  646 1917.18664 1138.36295  40.6%     -   73s
     0     0 1138.36295    0  648 1917.18664 1138.36295  40.6%     -   73s
     0     0 1138.69873    0  651 1917.18664 1138.69873  40.6%     -   74s
     0     0 1138.70955    0  649 1917.18664 1138.70955  40.6%     -   74s
     0     0 1138.84017    0  634 1917.18664 1138.84017  40.6%     -   74s
     0     0 1138.85083    0  634 1917.18664 1138.85083  40.6%     -   75s
     0     0 1138.90114    0  644 1917.18664 1138.90114  40.6%     -   75s
     0     0 1138.93740    0  644 1917.18664 1138.93740  40.6%     -   75s
     0     0 1138.93740    0  618 1917.18664 1138.93740  40.6%     -   76s
H    0     2                    1900.6455623 1146.70766  39.7%     -  112s
     0     2 1146.70766    0  618 1900.64556 1146.70766  39.7%     -  112s
    11    16 1151.11457    4  589 1900.64556 1146.70766  39.7%   949  115s
H   25    31                    1870.0637381 1146.70766  38.7%   981  118s
    35    45 1155.65631    8  553 1870.06374 1146.70766  38.7%  1127  120s
    54    63 1164.01342   13  520 1870.06374 1146.70766  38.7%  1056  126s
    94   113 1170.38751   23  442 1870.06374 1146.70766  38.7%   957  130s
   203   222 1182.39596   35  456 1870.06374 1146.70766  38.7%   537  135s
   256   272 1186.77983   40  459 1870.06374 1146.70766  38.7%   544  140s
   305   344 1194.48613   47  363 1870.06374 1146.70766  38.7%   556  145s
   551   581 1232.51436   84  354 1870.06374 1146.70766  38.7%   387  150s
H  561   581                    1832.2682569 1146.70766  37.4%   384  150s
   581   583 1528.04363   99  339 1832.26826 1146.70766  37.4%   412  158s
   582   584 1524.18084  100  339 1832.26826 1146.70766  37.4%   418  162s
   583   584 infeasible  100      1832.26826 1146.70766  37.4%   417  166s
H  586   587                    1814.7684398 1146.70766  36.8%   421  173s
   588   589 1527.56669  104  353 1814.76844 1146.70766  36.8%   439  177s
H  589   589                    1810.8003050 1146.70766  36.7%   438  177s
   590   593 1528.47351  106  341 1810.80031 1146.70766  36.7%   439  181s
H  593   593                    1810.0587538 1146.70766  36.6%   445  181s
   600   605 1472.62444   31  479 1810.05875 1146.70766  36.6%   485  186s
H  609   609                    1800.0629255 1146.70766  36.3%   489  188s
H  618   618                    1783.1945988 1146.70766  35.7%   498  189s
   619   625 1480.17899   35  487 1783.19460 1146.70766  35.7%   499  191s
H  625   625                    1738.6974998 1146.70766  34.0%   505  191s
H  628   642                    1735.6232283 1146.70766  33.9%   504  193s
H  642   642                    1731.2368693 1146.70766  33.8%   500  193s
H  647   649                    1729.7194628 1146.70766  33.7%   497  194s
H  650   672                    1724.1645172 1146.70766  33.5%   502  196s
H  677   679                    1719.2503462 1146.70766  33.3%   512  198s
   680   694 1492.20732   41  452 1719.25035 1146.70766  33.3%   524  200s
H  718   721                    1719.0684974 1146.70766  33.3%   538  205s
H  719   721                    1689.2570433 1146.70766  32.1%   539  205s
H  785   794                    1688.3848282 1146.70766  32.1%   518  209s
   795   814 1492.98443   47  479 1688.38483 1146.70766  32.1%   516  211s
H  814   814                    1684.0024862 1146.70766  31.9%   512  211s
   869   896 1503.22956   55  475 1684.00249 1146.70766  31.9%   526  216s
H  896   896                    1683.8724540 1146.70766  31.9%   529  216s
   925   938 1504.95398   61  469 1683.87245 1146.70766  31.9%   538  224s
   950   978 1508.50777   71  471 1683.87245 1146.70766  31.9%   546  227s
   990   982 1520.88831   97  428 1683.87245 1146.70766  31.9%   545  231s
H  995   986                    1683.8724535 1146.70766  31.9%   546  234s
   998   998 1523.09586   97  442 1683.87245 1146.70766  31.9%   549  237s
  1010  1021 1524.19598   98  440 1683.87245 1146.70766  31.9%   553  242s
H 1031  1021                    1681.6106101 1146.70766  31.8%   548  242s
H 1032  1021                    1680.7272816 1146.70766  31.8%   550  242s
  1034  1022 1175.90483   37  547 1680.72728 1146.70766  31.8%   549  292s

Cutting planes:
  Gomory: 6
  Cover: 13
  Implied bound: 99
  Projected implied bound: 2
  MIR: 120
  Flow cover: 105
  Zero half: 35
  Network: 12
  RLT: 9
  Relax-and-lift: 115
  BQP: 11
  PSD: 1

Explored 1035 nodes (806201 simplex iterations) in 300.01 seconds (980.62 work units)
Thread count was 4 (of 32 available processors)

Solution count 10: 1680.73 1681.61 1683.87 ... 1724.16

Time limit reached
Best objective 1.680727281596e+03, best bound 1.392678337085e+03, gap 17.1384%

User-callback calls 45787, time in user-callback 0.02 sec
Cap boundary reject: PORT-593 real=1669.252 baseline=1664.507
Set parameter Username
Set parameter LicenseID to value 2738882
Academic license - for non-commercial use only - expires 2026-11-14
Segment 1 eval: start=BOAT-0 end=PORT-583 stations=50 (optimize)
  Segment 1 order: -501 -500 -499 -498 -497 -496 -495 112 113 -494 114 -275 -111 -274 -107 -106 -105 104 -103 -102 -101 108 109 110 -273 -272 271 253 252 249 -248 -247 -245 -244 -243 -238 237 -215 -214 213 -192 218 -191 219 -190 -223 222 -230 -134 -133
Segment 2 eval: start=PORT-583 end=PORT-581 stations=58 (optimize)
  Segment 2 order: -132 -181 -180 -229 -231 232 233 234 -235 -227 228 -179 -135 136 152 153 154 174 175 -176 -177 171 168 -165 166 -164 -162 -161 -160 159 163 167 172 173 155 156 157 158 -150 -149 -148 -147 -146 -145 -144 -142 -9 -8 -141 -140 -139 151 -138 -137 -2 90 -94 -92
Segment 3 eval: start=PORT-581 end=PORT-591 stations=80 (optimize)
  Segment 3 order: 56 55 -54 -53 -52 -51 -50 -49 -48 -39 -38 -37 66 67 68 69 -36 -35 -32 -31 -29 -27 26 28 30 -33 -34 41 42 43 44 45 46 -40 47 396 397 -398 -395 -394 -393 -392 -391 -390 -389 -388 -387 402 -403 385 -384 -383 -382 -414 -413 412 -409 408 -410 411 380 378 -379 -377 -376 -375 374 -373 -372 -371 -370 369 359 360 -358 -353 -350 -349 -326 328
Segment 4 eval: start=PORT-591 end=PORT-593 stations=32 (optimize)
  Segment 4 order: 276 -344 -343 -342 -277 278 279 280 -341 281 -307 567 568 435 438 448 453 456 457 458 -455 -454 -452 -451 -450 -449 -444 -443 -442 -441 513 514
Segment 5 eval: start=PORT-593 end=PORT-591 stations=92 (optimize)
  Segment 5 order: -512 -436 -437 -440 -506 -505 464 465 480 -96 -95 91 -89 88 -87 86 -85 -84 -83 -82 -81 -80 78 75 72 73 -74 -71 76 70 77 -79 -24 -23 -22 -65 -63 64 57 59 -58 60 61 62 -386 -401 400 399 407 -406 -405 -404 -415 416 418 419 420 421 -423 -422 424 -417 425 381 426 -368 -367 -365 364 362 -361 348 -363 -347 333 -332 -331 -330 -329 327 -325 -324 -323 -321 -339 -338 -337 -336 -335 -334 345 346
Segment 6 eval: start=PORT-591 end=PORT-583 stations=83 (optimize)
  Segment 6 order: -340 -320 -319 -318 -317 -316 -315 -314 313 -312 -311 309 310 -292 293 294 -295 -306 -305 -304 -303 -302 -301 -300 -299 -298 -297 -296 291 -290 -289 -288 -287 -286 -285 -552 -551 -550 -553 554 -560 -559 -558 -555 284 -283 -282 556 557 561 562 564 565 566 563 -549 -548 -547 -546 -545 541 542 543 540 -544 -539 -538 -537 536 -535 -534 -572 569 570 571 573 574 -577 576 -527 528 -170 169
Segment 7 eval: start=PORT-583 end=PORT-588 stations=46 (optimize)
  Segment 7 order: 13 -178 -226 -182 -183 184 185 186 187 188 189 224 225 -221 220 216 217 193 194 195 196 -197 212 -211 -210 -209 -208 -207 -255 -254 -260 261 262 263 265 267 266 -123 122 -472 471 -470 -469 -481 -473 -118
Segment 8 eval: start=PORT-588 end=PORT-581 stations=40 (optimize)
  Segment 8 order: 119 121 120 270 -269 -268 264 124 125 -126 127 128 -258 -259 -257 256 -130 129 131 -204 -203 -202 -199 -198 -200 201 205 -206 -251 -250 -246 -100 -99 -98 -242 241 -240 -239 -236 -97
Segment 9 eval: start=PORT-581 end=PORT-591 stations=35 (optimize)
  Segment 9 order: -93 25 5 10 11 12 -14 18 -21 20 -19 -17 -16 -15 -143 6 -7 4 -3 -1 117 -116 115 -475 -474 466 -467 -479 -478 -476 477 483 524 533 308
Segment 10 eval: start=PORT-591 end=PORT-593 stations=22 (optimize)
  Segment 10 order: 366 -357 -356 -355 354 -352 -351 -322 -532 -531 -530 -529 575 -526 525 578 579 580 -523 -522 -521 -517
Segment 11 eval: start=PORT-593 end=PORT-584 stations=33 (optimize)
  Segment 11 order: 515 516 519 -520 -518 -427 428 429 430 431 432 433 -434 447 -446 -445 439 -511 -510 -509 -508 -507 -504 -503 -488 -487 489 -482 493 -492 -491 -490 -502
Segment 12 eval: start=PORT-584 end=PORT-584 stations=0 (direct)
Segment 13 eval: start=PORT-584 end=BOAT-END stations=9 (optimize)
  Segment 13 order: 486 -462 484 463 468 459 460 461 485
Cap boundary debug: PORT-593 -> [512 436 437 440 506 505 464 465 480 22 23 24 96 95 91 89 88 87 86 85 84 83 82 81 80 79 78 77 70 76 75 72 73 74 71 65 63 64 57 59 58 60 61 62 386 401 400 399 407 406 405 404 415 416 418 419 420 421 423 422 424 417 425 381 426 368 367 365 364 362 361 348 363 347 333 332 331 330 329 327 325 324 323 321 339 338 337 336 335 334 345 346] -> PORT-591 -> [340 320 319 318 317 316 315 314 313 312 288 287 286 285 552 551 550 553 554 562 563 564 565 566 542 543 540 539 544 541 545 546 547 548 549 560 559 558 555 556 282 283 284 557 561 291 290 289 310 309 311 292 293 294 295 296 297 306 305 304 303 302 301 300 299 298 538 537 536 535 534 572 570 569 571 573 574 576 577 527 528 169 170] -> PORT-583 | load_left=44990 load_right=43626 cap=45000
Set parameter Username
Set parameter LicenseID to value 2738882
Academic license - for non-commercial use only - expires 2026-11-14
Set parameter TimeLimit to value 300
Set parameter Seed to value 668046439
Set parameter Threads to value 4
Set parameter OutputFlag to value 1
Set parameter LogToConsole to value 1
Set parameter LazyConstraints to value 1
Gurobi Optimizer version 13.0.0 build v13.0.0rc1 (linux64 - "Debian GNU/Linux 13 (trixie)")

CPU model: AMD Ryzen 9 5950X 16-Core Processor, instruction set [SSE2|AVX|AVX2]
Thread count: 16 physical cores, 32 logical processors, using up to 4 threads

Non-default parameters:
TimeLimit  300
Seed  668046439
Threads  4
LazyConstraints  1

Optimize a model with 128842 rows, 375948 columns and 751884 nonzeros (Min)
Model fingerprint: 0x24cb725e
Model has 124608 linear objective coefficients
Variable types: 250632 continuous, 125316 integer (125316 binary)
Coefficient statistics:
  Matrix range     [1e+00, 4e+04]
  Objective range  [4e-01, 1e+05]
  Bounds range     [1e+00, 4e+04]
  RHS range        [1e+00, 1e+04]
Presolve removed 3884 rows and 127613 columns
Presolve time: 0.94s
Presolved: 124958 rows, 248335 columns, 745250 nonzeros
Variable types: 123550 continuous, 124785 integer (124785 binary)
Root relaxation presolved: 124958 rows, 248335 columns, 745250 nonzeros

Deterministic concurrent LP optimizer: primal simplex, dual simplex, and barrier
Showing barrier log only...

Root barrier log...

Ordering time: 0.08s

Barrier statistics:
 AA' NZ     : 7.472e+05
 Factor NZ  : 1.614e+06 (roughly 160 MB of memory)
 Factor Ops : 9.332e+08 (less than 1 second per iteration)
 Threads    : 2

                  Objective                Residual
Iter       Primal          Dual         Primal    Dual     Compl     Time
   0   3.99398336e+10 -7.83353993e+13  3.17e+05 1.46e-11  2.12e+08     2s
   1   1.90723379e+10 -5.33760065e+13  1.51e+05 2.79e+04  1.24e+08     2s
   2   1.33625458e+10 -2.82938748e+12  1.06e+05 6.22e-08  2.81e+07     2s
   3   6.91067456e+09 -1.10348644e+12  5.49e+04 2.89e-08  1.36e+07     2s
   4   5.67790494e+09 -1.02249035e+12  4.51e+04 3.39e-08  1.13e+07     2s
   5   2.66330035e+09 -8.29739318e+11  2.11e+04 3.97e-08  5.86e+06     2s
   6   7.15285840e+08 -6.51982946e+11  5.65e+03 2.90e-08  2.24e+06     2s
   7   2.77854301e+08 -4.94884982e+11  2.18e+03 4.39e-08  1.25e+06     2s
   8   9.77303188e+06 -8.54262630e+10  4.75e+01 1.86e-08  1.46e+05     2s
   9   7.01501780e+06 -1.41229709e+10  2.55e+01 2.79e-08  2.54e+04     3s
  10   6.64946734e+06 -1.10222292e+10  2.24e+01 4.61e-08  1.98e+04     3s
  11   6.27172786e+06 -9.11675215e+09  1.92e+01 5.55e-08  1.62e+04     3s
  12   5.74290450e+06 -2.17620530e+09  1.49e+01 2.58e-08  3.73e+03     3s
  13   4.03893328e+06 -4.59311868e+08  1.88e+00 2.85e-08  7.63e+02     3s
  14   3.78588739e+06 -1.65476386e+08  6.89e-01 2.61e-08  2.76e+02     3s
  15   3.56979467e+06 -1.00209745e+08  3.15e-01 2.22e-08  1.68e+02     3s
  16   3.00221094e+06 -3.98683867e+07  6.34e-02 2.02e-08  6.92e+01     3s
  17   2.08555799e+06 -3.12575354e+07  7.99e-03 4.17e-08  5.38e+01     3s
  18   1.26301950e+06 -1.28050003e+07  1.25e-03 2.72e-08  2.27e+01     3s
  19   2.99269993e+05 -5.44836591e+05  5.79e-07 2.53e-08  1.36e+00     3s
  20   3.53051971e+04 -9.43012167e+04  2.40e-08 1.30e-08  2.09e-01     3s
  21   2.36702944e+04 -7.27346051e+04  3.09e-09 3.41e-08  1.55e-01     4s
  22   1.72101495e+04 -4.60153477e+04  7.25e-10 3.92e-08  1.02e-01     4s
  23   1.06304358e+04 -1.70726461e+04  4.04e-10 3.12e-08  4.47e-02     4s
  24   6.66078270e+03 -9.35375909e+03  1.75e-09 2.76e-08  2.58e-02     4s
  25   3.95667658e+03 -2.47286958e+03  8.62e-10 2.42e-08  1.04e-02     4s
  26   2.54893454e+03 -7.99604244e+02  1.63e-09 3.22e-08  5.40e-03     4s
  27   2.07251004e+03 -1.22509577e+01  8.12e-10 3.56e-08  3.36e-03     4s
  28   1.87803755e+03  3.05941408e+02  1.29e-09 5.10e-08  2.53e-03     4s
  29   1.55197754e+03  1.03802532e+03  1.46e-09 2.40e-08  8.29e-04     4s
  30   1.46742920e+03  1.17045192e+03  6.03e-10 3.37e-08  4.79e-04     4s
  31   1.43303180e+03  1.27260658e+03  2.93e-10 4.65e-08  2.59e-04     5s
  32   1.41206199e+03  1.32647489e+03  1.24e-10 4.34e-08  1.38e-04     5s
  33   1.40237926e+03  1.36266592e+03  2.09e-09 2.76e-08  6.40e-05     5s
  34   1.39504827e+03  1.37951907e+03  6.29e-09 3.76e-08  2.50e-05     5s
  35   1.39334680e+03  1.39019241e+03  9.64e-09 2.67e-08  5.09e-06     5s
  36   1.39292306e+03  1.39222850e+03  6.12e-09 3.06e-08  1.12e-06     5s
  37   1.39288060e+03  1.39252597e+03  4.00e-09 3.76e-08  5.72e-07     5s
  38   1.39281076e+03  1.39276982e+03  9.25e-10 1.69e-08  6.60e-08     5s
  39   1.39278539e+03  1.39278159e+03  4.22e-09 2.88e-08  6.13e-09     5s
  40   1.39278376e+03  1.39278364e+03  6.09e-09 1.33e-08  2.08e-10     5s
  41   1.39278374e+03  1.39278368e+03  6.92e-09 3.14e-08  8.90e-11     6s
  42   1.39278373e+03  1.39278371e+03  8.50e-09 3.15e-08  3.15e-11     6s
  43   1.39278373e+03  1.39278373e+03  4.98e-09 2.20e-08  9.99e-12     6s

Barrier solved model in 43 iterations and 5.65 seconds (7.69 work units)
Optimal objective 1.39278373e+03


Root crossover log...

  122834 DPushes remaining with DInf 1.0025589e-02                 6s
       0 DPushes remaining with DInf 2.1082272e-02                 6s

     380 PPushes remaining with PInf 0.0000000e+00                 6s
       0 PPushes remaining with PInf 0.0000000e+00                 6s

  Push phase complete: Pinf 0.0000000e+00, Dinf 1.5418994e-01      6s


Root simplex log...

Iteration    Objective       Primal Inf.    Dual Inf.      Time
   60425    1.3927837e+03   0.000000e+00   1.541899e-01      6s
   61804    1.3927837e+03   0.000000e+00   0.000000e+00      6s
Crossover time: 0.32 seconds (0.47 work units)
Concurrent spin time: 0.00s

Solved with barrier

Root relaxation: objective 1.392784e+03, 61804 iterations, 4.61 seconds (5.23 work units)

    Nodes    |    Current Node    |     Objective Bounds      |     Work
 Expl Unexpl |  Obj  Depth IntInf | Incumbent    BestBd   Gap | It/Node Time

     0     0 1392.78373    0  585          - 1392.78373      -     -    7s
     0     0 1395.58944    0  674          - 1395.58944      -     -   18s
     0     0 1395.59188    0  679          - 1395.59188      -     -   34s
     0     0 1400.23990    0  700          - 1400.23990      -     -   47s
     0     0 1400.23990    0  700          - 1400.23990      -     -   65s
H    0     0                    203801.57066 1400.23990  99.3%     -   67s
H    0     0                    103579.04055 1400.23990  98.6%     -   68s
H    0     0                    103419.67545 1400.23990  98.6%     -   69s
     0     0 1400.23990    0  700 103419.675 1400.23990  98.6%     -   91s
H    0     0                    102987.00628 1400.23990  98.6%     -   93s
     0     0 1400.23990    0  700 102987.006 1400.23990  98.6%     -  108s
     0     0 1400.23990    0  700 102987.006 1400.23990  98.6%     -  124s
     0     0 1400.23990    0  700 102987.006 1400.23990  98.6%     -  139s
     0     0 1400.24418    0  697 102987.006 1400.24418  98.6%     -  139s
     0     0 1400.24435    0  700 102987.006 1400.24435  98.6%     -  139s
     0     0 1401.55555    0  715 102987.006 1401.55555  98.6%     -  146s
H    0     0                    2680.9540262 1401.56233  47.7%     -  179s
H    0     0                    2679.9958145 1401.56233  47.7%     -  179s
H    0     0                    2667.8964626 1401.56233  47.5%     -  191s
     0     0 1401.56233    0  723 2667.89646 1401.56233  47.5%     -  208s
     0     0 1405.03851    0  691 2667.89646 1405.03851  47.3%     -  223s
     0     0 1405.03851    0  580 2667.89646 1405.03851  47.3%     -  230s
H    0     0                    2416.0188631 1405.03851  41.8%     -  232s
H    0     0                    2346.4306647 1405.03851  40.1%     -  233s
     0     0 1406.02467    0  671 2346.43066 1406.02467  40.1%     -  243s
H    0     0                    2344.8716816 1406.02467  40.0%     -  246s
H    0     0                    2339.0093435 1406.02467  39.9%     -  248s
H    0     0                    2336.5943975 1406.02467  39.8%     -  249s
H    0     0                    2318.2899759 1406.02467  39.4%     -  250s
H    0     0                    2314.5209407 1406.02467  39.3%     -  251s
H    0     0                    2308.4879260 1406.02467  39.1%     -  253s
H    0     0                    2306.0612170 1406.02467  39.0%     -  254s
     0     0 1410.78489    0  703 2306.06122 1410.78489  38.8%     -  262s
     0     0 1412.47999    0  708 2306.06122 1412.47999  38.7%     -  267s
     0     0 1412.52686    0  716 2306.06122 1412.52686  38.7%     -  267s
     0     0 1412.52692    0  717 2306.06122 1412.52692  38.7%     -  267s
     0     0 1414.97356    0  712 2306.06122 1414.97356  38.6%     -  274s
     0     0 1414.97730    0  727 2306.06122 1414.97730  38.6%     -  275s
     0     0 1414.97730    0  724 2306.06122 1414.97730  38.6%     -  275s
     0     0 1418.31800    0  725 2306.06122 1418.31800  38.5%     -  295s
     0     0 1418.35247    0  724 2306.06122 1418.35247  38.5%     -  297s
     0     0 1418.35247    0  723 2306.06122 1418.35247  38.5%     -  297s
     0     0          -    0      2306.06122 1418.35247  38.5%     -  300s

Cutting planes:
  Cover: 10
  Implied bound: 163
  Clique: 5
  MIR: 50
  StrongCG: 1
  Flow cover: 136
  GUB cover: 1
  Zero half: 85
  Network: 5
  RLT: 7
  Relax-and-lift: 218
  BQP: 1

Explored 1 nodes (161334 simplex iterations) in 300.01 seconds (791.73 work units)
Thread count was 4 (of 32 available processors)

Solution count 10: 2306.06 2308.49 2314.52 ... 2667.9

Time limit reached
Best objective 2.306061217044e+03, best bound 1.418352471844e+03, gap 38.4946%

User-callback calls 49741, time in user-callback 0.06 sec
Cap boundary opt: PORT-591 stations=175 obj=2306.061 real=1999.457 baseline=2072.307
Set parameter Username
Set parameter LicenseID to value 2738882
Academic license - for non-commercial use only - expires 2026-11-14
Segment 1 eval: start=BOAT-0 end=PORT-583 stations=50 (optimize)
  Segment 1 order: -501 -500 -499 -498 -497 -496 -495 112 113 -494 114 -275 -111 -274 -107 -106 -105 104 -103 -102 -101 108 109 110 -273 -272 271 253 252 249 -248 -247 -245 -244 -243 -238 237 -215 -214 213 -192 218 -191 219 -190 -223 222 -230 -134 -133
Segment 2 eval: start=PORT-583 end=PORT-581 stations=58 (optimize)
  Segment 2 order: -132 -181 -180 -229 -231 232 233 234 -235 -227 228 -179 -135 136 152 153 154 174 175 -176 -177 171 168 -165 166 -164 -162 -161 -160 159 163 167 172 173 155 156 157 158 -150 -149 -148 -147 -146 -145 -144 -142 -9 -8 -141 -140 -139 151 -138 -137 -2 90 -94 -92
Segment 3 eval: start=PORT-581 end=PORT-591 stations=80 (optimize)
  Segment 3 order: 56 55 -54 -53 -52 -51 -50 -49 -48 -39 -38 -37 66 67 68 69 -36 -35 -32 -31 -29 -27 26 28 30 -33 -34 41 42 43 44 45 46 -40 47 396 397 -398 -395 -394 -393 -392 -391 -390 -389 -388 -387 402 -403 385 -384 -383 -382 -414 -413 412 -409 408 -410 411 380 378 -379 -377 -376 -375 374 -373 -372 -371 -370 369 359 360 -358 -353 -350 -349 -326 328
Segment 4 eval: start=PORT-591 end=PORT-593 stations=32 (optimize)
  Segment 4 order: 276 -344 -343 -342 -277 278 279 280 -341 281 -307 567 568 435 438 448 453 456 457 458 -455 -454 -452 -451 -450 -449 -444 -443 -442 -441 513 514
Segment 5 eval: start=PORT-593 end=PORT-591 stations=83 (optimize)
  Segment 5 order: -528 527 -576 577 -574 -573 -571 -570 -569 572 534 535 -536 537 538 539 544 -540 -543 -542 -541 545 546 547 548 549 -563 -566 -565 -564 -562 -561 -557 -556 282 283 -284 555 558 559 560 -554 553 550 551 552 285 286 287 288 289 290 -291 296 297 298 299 300 301 302 303 304 305 306 295 -294 -293 292 -310 -309 311 312 -313 314 315 316 317 318 319 320 340 345 346
Segment 6 eval: start=PORT-591 end=PORT-583 stations=92 (optimize)
  Segment 6 order: -347 333 334 335 336 337 338 339 321 323 324 325 -327 329 330 331 332 348 -361 -362 -363 -364 365 367 368 -426 -381 -425 417 -424 422 423 -421 -420 -419 -418 -416 415 404 405 406 -407 -399 -400 401 386 -62 -61 -60 58 -59 -57 -64 63 -65 71 74 -73 -72 -75 76 70 77 78 -79 80 81 82 83 84 85 -86 87 -88 89 -91 95 96 -24 -23 -22 169 170 506 440 -512 -436 -437 -505 464 465 480
Segment 7 eval: start=PORT-583 end=PORT-588 stations=46 (optimize)
  Segment 7 order: 13 -178 -226 -182 -183 184 185 186 187 188 189 224 225 -221 220 216 217 193 194 195 196 -197 212 -211 -210 -209 -208 -207 -255 -254 -260 261 262 263 265 267 266 -123 122 -472 471 -470 -469 -481 -473 -118
Segment 8 eval: start=PORT-588 end=PORT-581 stations=40 (optimize)
  Segment 8 order: 119 121 120 270 -269 -268 264 124 125 -126 127 128 -258 -259 -257 256 -130 129 131 -204 -203 -202 -199 -198 -200 201 205 -206 -251 -250 -246 -100 -99 -98 -242 241 -240 -239 -236 -97
Segment 9 eval: start=PORT-581 end=PORT-591 stations=35 (optimize)
  Segment 9 order: -93 25 5 10 11 12 -14 18 -21 20 -19 -17 -16 -15 -143 6 -7 4 -3 -1 117 -116 115 -475 -474 466 -467 -479 -478 -476 477 483 524 533 308
Segment 10 eval: start=PORT-591 end=PORT-593 stations=22 (optimize)
  Segment 10 order: 366 -357 -356 -355 354 -352 -351 -322 -532 -531 -530 -529 575 -526 525 578 579 580 -523 -522 -521 -517
Segment 11 eval: start=PORT-593 end=PORT-584 stations=33 (optimize)
  Segment 11 order: 515 516 519 -520 -518 -427 428 429 430 431 432 433 -434 447 -446 -445 439 -511 -510 -509 -508 -507 -504 -503 -488 -487 489 -482 493 -492 -491 -490 -502
Segment 12 eval: start=PORT-584 end=PORT-584 stations=0 (direct)
Segment 13 eval: start=PORT-584 end=BOAT-END stations=9 (optimize)
  Segment 13 order: 486 -462 484 463 468 459 460 461 485
Cap boundary debug: PORT-591 -> [347 363 348 333 334 335 336 337 338 339 321 323 324 325 327 329 330 331 332 361 362 364 365 367 368 426 381 416 422 423 421 420 419 418 424 417 425 415 404 405 406 407 399 400 401 386 62 61 60 58 59 57 64 63 65 22 23 24 70 77 76 71 74 73 72 75 78 79 80 82 81 83 84 85 86 87 88 89 91 169 170 512 436 437 440 506 505 464 465 480 95 96] -> PORT-583 -> [13 178 226 182 183 184 185 186 187 188 189 224 225 221 220 216 217 193 194 195 196 197 212 211 210 209 208 207 255 254 260 261 262 263 265 267 266 123 122 472 471 470 469 481 473 118] -> PORT-588 | load_left=44373 load_right=44176 cap=45000
Set parameter Username
Set parameter LicenseID to value 2738882
Academic license - for non-commercial use only - expires 2026-11-14
Set parameter TimeLimit to value 300
Set parameter Seed to value 1653849020
Set parameter Threads to value 4
Set parameter OutputFlag to value 1
Set parameter LogToConsole to value 1
Set parameter LazyConstraints to value 1
Gurobi Optimizer version 13.0.0 build v13.0.0rc1 (linux64 - "Debian GNU/Linux 13 (trixie)")

CPU model: AMD Ryzen 9 5950X 16-Core Processor, instruction set [SSE2|AVX|AVX2]
Thread count: 16 physical cores, 32 logical processors, using up to 4 threads

Non-default parameters:
TimeLimit  300
Seed  1653849020
Threads  4
LazyConstraints  1

Optimize a model with 81186 rows, 235200 columns and 470388 nonzeros (Min)
Model fingerprint: 0x2f11c03f
Model has 77840 linear objective coefficients
Variable types: 156800 continuous, 78400 integer (78400 binary)
Coefficient statistics:
  Matrix range     [1e+00, 4e+04]
  Objective range  [3e-01, 1e+05]
  Bounds range     [1e+00, 4e+04]
  RHS range        [1e+00, 1e+04]
Presolve removed 3070 rows and 80216 columns
Presolve time: 0.57s
Presolved: 78116 rows, 154984 columns, 465398 nonzeros
Variable types: 77004 continuous, 77980 integer (77980 binary)
Root relaxation presolved: 78116 rows, 154984 columns, 465398 nonzeros

Deterministic concurrent LP optimizer: primal and dual simplex
Showing primal log only...


Root simplex log...

Iteration    Objective       Primal Inf.    Dual Inf.      Time
   62262    8.3635703e+02   0.000000e+00   2.693816e+05      5s
   84334    1.0910803e+03   0.000000e+00   0.000000e+00      7s
Concurrent spin time: 0.00s

Solved with primal simplex

Root relaxation: objective 1.091080e+03, 84334 iterations, 6.02 seconds (12.16 work units)

    Nodes    |    Current Node    |     Objective Bounds      |     Work
 Expl Unexpl |  Obj  Depth IntInf | Incumbent    BestBd   Gap | It/Node Time

     0     0 1091.08028    0  446          - 1091.08028      -     -    7s
H    0     0                    3334.9844159 1091.08028  67.3%     -    8s
H    0     0                    3038.1131846 1091.08028  64.1%     -    8s
H    0     0                    2124.7882292 1091.08028  48.6%     -    8s
H    0     0                    2113.8388502 1091.08028  48.4%     -    9s
H    0     0                    2111.5196292 1091.08028  48.3%     -    9s
H    0     0                    1941.7212554 1091.08028  43.8%     -   10s
H    0     0                    1844.1929423 1091.08028  40.8%     -   11s
H    0     0                    1831.7123291 1091.08028  40.4%     -   12s
H    0     0                    1831.0648716 1091.08028  40.4%     -   12s
H    0     0                    1830.4872370 1091.08028  40.4%     -   12s
     0     0 1091.81870    0  497 1830.48724 1091.81870  40.4%     -   15s
     0     0 1091.81870    0  464 1830.48724 1091.81870  40.4%     -   19s
H    0     0                    1797.2885115 1091.81870  39.3%     -   19s
H    0     0                    1789.9672828 1091.81870  39.0%     -   20s
H    0     0                    1788.4078312 1091.81870  39.0%     -   21s
     0     0 1094.12646    0  518 1788.40783 1094.12646  38.8%     -   25s
H    0     0                    1772.0730119 1094.13523  38.3%     -   26s
H    0     0                    1746.7778144 1094.13523  37.4%     -   26s
H    0     0                    1725.7510580 1094.13523  36.6%     -   26s
H    0     0                    1714.5343703 1094.13523  36.2%     -   28s
H    0     0                    1712.6867603 1094.13523  36.1%     -   28s
H    0     0                    1709.8954352 1094.13523  36.0%     -   29s
H    0     0                    1706.5540032 1094.13523  35.9%     -   31s
H    0     0                    1700.4499606 1094.13523  35.7%     -   32s
H    0     0                    1698.6009776 1094.13523  35.6%     -   32s
H    0     0                    1694.0969722 1094.13523  35.4%     -   33s
H    0     0                    1693.9756523 1094.13523  35.4%     -   33s
H    0     0                    1688.1750835 1094.13523  35.2%     -   34s
     0     0 1094.55009    0  524 1688.17508 1094.55009  35.2%     -   35s
     0     0 1097.99664    0  548 1688.17508 1097.99664  35.0%     -   38s
     0     0 1098.38516    0  550 1688.17508 1098.38516  34.9%     -   38s
     0     0 1098.38537    0  552 1688.17508 1098.38537  34.9%     -   38s
     0     0 1104.77228    0  578 1688.17508 1104.77228  34.6%     -   45s
     0     0 1104.82306    0  577 1688.17508 1104.82306  34.6%     -   45s
     0     0 1104.89378    0  576 1688.17508 1104.89378  34.6%     -   45s
     0     0 1104.90347    0  571 1688.17508 1104.90347  34.6%     -   45s
     0     0 1104.90347    0  571 1688.17508 1104.90347  34.6%     -   45s
     0     0 1107.81004    0  550 1688.17508 1107.81004  34.4%     -   52s
     0     0 1108.45630    0  560 1688.17508 1108.45630  34.3%     -   52s
     0     0 1109.40222    0  564 1688.17508 1109.40222  34.3%     -   53s
     0     0 1109.40222    0  565 1688.17508 1109.40222  34.3%     -   53s
     0     0 1122.68162    0  547 1688.17508 1122.68162  33.5%     -   55s
     0     0 1122.77890    0  558 1688.17508 1122.77890  33.5%     -   55s
     0     0 1122.78278    0  559 1688.17508 1122.78278  33.5%     -   56s
     0     0 1122.96021    0  569 1688.17508 1122.96021  33.5%     -   57s
     0     0 1122.96028    0  567 1688.17508 1122.96028  33.5%     -   57s
     0     0 1124.05427    0  565 1688.17508 1124.05427  33.4%     -   59s
     0     0 1124.05429    0  580 1688.17508 1124.05429  33.4%     -   59s
     0     0 1124.57920    0  570 1688.17508 1124.57920  33.4%     -   60s
     0     0 1124.58209    0  570 1688.17508 1124.58209  33.4%     -   60s
     0     0 1124.61425    0  564 1688.17508 1124.61425  33.4%     -   61s
     0     0 1124.65706    0  570 1688.17508 1124.65706  33.4%     -   62s
     0     0 1124.65706    0  569 1688.17508 1124.65706  33.4%     -   62s
     0     0 1124.83344    0  570 1688.17508 1124.83344  33.4%     -   63s
     0     0 1124.87545    0  574 1688.17508 1124.87545  33.4%     -   63s
     0     0 1124.87545    0  572 1688.17508 1124.87545  33.4%     -   64s
     0     0 1124.87545    0  562 1688.17508 1124.87545  33.4%     -   64s
     0     0 1124.90746    0  590 1688.17508 1124.90746  33.4%     -   65s
     0     0 1124.94949    0  592 1688.17508 1124.94949  33.4%     -   65s
     0     0 1124.94949    0  594 1688.17508 1124.94949  33.4%     -   66s
     0     0 1124.94949    0  594 1688.17508 1124.94949  33.4%     -   67s
     0     0 1125.05816    0  579 1688.17508 1125.05816  33.4%     -   68s
     0     0 1125.07792    0  582 1688.17508 1125.07792  33.4%     -   68s
     0     0 1125.12009    0  577 1688.17508 1125.12009  33.4%     -   69s
     0     0 1125.18241    0  580 1688.17508 1125.18241  33.3%     -   69s
     0     0 1125.18241    0  580 1688.17508 1125.18241  33.3%     -   69s
     0     0 1125.52166    0  584 1688.17508 1125.52166  33.3%     -   69s
     0     0 1125.55340    0  584 1688.17508 1125.55340  33.3%     -   70s
     0     0 1125.55340    0  584 1688.17508 1125.55340  33.3%     -   70s
     0     0 1125.56100    0  594 1688.17508 1125.56100  33.3%     -   70s
     0     0 1125.56133    0  593 1688.17508 1125.56133  33.3%     -   70s
     0     0 1125.56163    0  598 1688.17508 1125.56163  33.3%     -   70s
     0     0 1125.56163    0  598 1688.17508 1125.56163  33.3%     -   71s
     0     0 1125.56163    0  575 1688.17508 1125.56163  33.3%     -   71s
H    0     2                    1661.7988456 1125.64181  32.3%     -   85s
     0     2 1125.64181    0  566 1661.79885 1125.64181  32.3%     -   85s
H   20    28                    1645.2330872 1125.70344  31.6%   928   89s
    27    37 1127.15467    7  538 1645.23309 1125.70344  31.6%   966   90s
H   30    37                    1639.9716535 1125.70344  31.4%   873   90s
H   44    49                    1497.0742575 1125.70344  24.8%   822   93s
H   50    53                    1491.0010066 1125.70344  24.5%   846   94s
    52    60 1132.60649   12  470 1491.00101 1125.70344  24.5%   867   95s
H   66    69                    1487.1979449 1125.70344  24.3%   830   96s
H   78    82                    1447.3406832 1125.70344  22.2%   838   98s
    86    92 1137.40773   15  472 1447.34068 1125.70344  22.2%   954  101s
    96   100 1140.71683   16  481 1447.34068 1125.70344  22.2%   980  108s
    99   103 1140.83828   17  470 1447.34068 1125.70344  22.2%  1001  111s
H  103   106                    1446.9580676 1125.70344  22.2%  1042  114s
   105   109 1142.51549   18  469 1446.95807 1125.70344  22.2%  1064  118s
H  107   109                    1445.5577363 1125.70344  22.1%  1044  118s
   108   119 1145.15207   18  478 1445.55774 1125.70344  22.1%  1090  120s
H  163   160                    1444.2836480 1125.70344  22.1%   911  124s
   165   180 1147.72318   29  442 1444.28365 1125.70344  22.1%   903  127s
H  185   183                    1439.1655847 1125.70344  21.8%   850  131s
H  187   183                    1437.7819943 1125.70344  21.7%   846  131s
   188   195 1151.45739   30  445 1437.78199 1125.70344  21.7%   842  135s
H  210   208                    1433.7413539 1125.70344  21.5%   765  137s
   213   227 1152.67525   41  451 1433.74135 1125.70344  21.5%   758  141s
   301   312 1160.07648   46  435 1433.74135 1125.70344  21.5%   630  147s
H  317   315                    1433.2996769 1125.70344  21.5%   625  151s
   320   350 1160.68315   49  429 1433.29968 1125.70344  21.5%   627  155s
   367   367 1180.84218   57  454 1433.29968 1125.70344  21.5%   620  160s
H  368   367                    1431.7408959 1125.70344  21.4%   618  160s
   463   497 1170.52891   68  436 1431.74090 1125.70344  21.4%   574  167s
   502   538 1171.09505   72  443 1431.74090 1125.70344  21.4%   565  171s
   543   541 1172.31160   78  452 1431.74090 1125.70344  21.4%   562  176s
H  550   549                    1430.0125949 1125.70344  21.3%   573  185s
   618   625 1173.40289   84  447 1430.01259 1125.70344  21.3%   561  195s
H  629   625                    1422.9611159 1125.70344  20.9%   556  195s
   677   692 1173.95669   87  412 1422.96112 1125.70344  20.9%   553  200s
   740   804 1174.26177   90  411 1422.96112 1125.70344  20.9%   564  208s
   809   808 1174.52966   95  426 1422.96112 1125.70344  20.9%   547  212s
H  810   808                    1412.4807943 1125.70344  20.3%   547  212s
   813   837 1174.57694   96  424 1412.48079 1125.70344  20.3%   554  218s
   842   842 1174.83564   98  428 1412.48079 1125.70344  20.3%   568  226s
   847   848 1175.08777   99  427 1412.48079 1125.70344  20.3%   584  230s
H  849   848                    1409.4527069 1125.70344  20.1%   583  230s
   853   873 1175.10971  100  431 1409.45271 1125.70344  20.1%   592  237s
   878   886 1175.33766  102  426 1409.45271 1125.70344  20.1%   601  243s
   891   899 1176.01723  105  429 1409.45271 1125.70344  20.1%   614  249s
   904   904 1176.52875  110  425 1409.45271 1125.70344  20.1%   619  255s
H  907   904                    1409.4526471 1125.70344  20.1%   624  255s
H  909   909                    1409.4525806 1125.70344  20.1%   628  260s
   914   927 1177.37370  113  434 1409.45258 1125.70344  20.1%   636  267s
H  932   965                    1409.4525731 1125.70344  20.1%   659  273s
H  933   965                    1409.4167916 1125.70344  20.1%   659  273s
   970  1001 1178.46014  118  425 1409.41679 1125.70344  20.1%   644  280s
  1006  1005 1179.39504  120  422 1409.41679 1125.70344  20.1%   657  286s
H 1010  1010                    1409.4167893 1125.70344  20.1%   655  293s
  1015  1022 1179.89902  123  437 1409.41679 1125.70344  20.1%   655  299s
H 1020  1022                    1408.3928680 1125.70344  20.1%   654  299s

Cutting planes:
  Gomory: 1
  Lift-and-project: 2
  Cover: 9
  Implied bound: 220
  Clique: 4
  MIR: 40
  Flow cover: 138
  Zero half: 48
  Network: 3
  RLT: 4
  Relax-and-lift: 265
  BQP: 2

Explored 1059 nodes (868740 simplex iterations) in 300.00 seconds (1153.22 work units)
Thread count was 4 (of 32 available processors)

Solution count 10: 1408.39 1409.42 1409.42 ... 1433.3

Time limit reached
Best objective 1.408392868037e+03, best bound 1.125703438809e+03, gap 20.0718%

User-callback calls 73215, time in user-callback 0.02 sec
Cap boundary reject: PORT-583 segment infeasible left=100664.113 right=1010.028
Cap boundary reject: PORT-583 real=1000000000000000052504760255204420248704468581108159154915854115511802457988908195786371375080447864043704443832883878176942523235360430575644792184786706982848387200926575803737830233794788090059368953234970799945081119038967640880074652742780142494579258788820056842838115669472196386865459400540160.000 baseline=1829.913
Cap boundary debug: PORT-583 -> [13 178 226 182 183 184 185 186 187 188 189 224 225 221 220 216 217 193 194 195 196 197 212 211 210 209 208 207 255 254 260 261 262 263 265 267 266 123 122 472 471 470 469 481 473 118] -> PORT-588 -> [119 121 120 270 269 268 264 124 125 126 127 128 258 259 257 256 130 129 131 204 203 202 199 198 200 201 205 206 251 250 246 100 99 98 242 241 240 239 236 97] -> PORT-581 | load_left=44176 load_right=43788 cap=45000
Set parameter Username
Set parameter LicenseID to value 2738882
Academic license - for non-commercial use only - expires 2026-11-14
Set parameter TimeLimit to value 300
Set parameter Seed to value 1020384475
Set parameter Threads to value 4
Set parameter OutputFlag to value 1
Set parameter LogToConsole to value 1
Set parameter LazyConstraints to value 1
Gurobi Optimizer version 13.0.0 build v13.0.0rc1 (linux64 - "Debian GNU/Linux 13 (trixie)")

CPU model: AMD Ryzen 9 5950X 16-Core Processor, instruction set [SSE2|AVX|AVX2]
Thread count: 16 physical cores, 32 logical processors, using up to 4 threads

Non-default parameters:
TimeLimit  300
Seed  1020384475
Threads  4
LazyConstraints  1

Optimize a model with 32722 rows, 92928 columns and 185844 nonzeros (Min)
Model fingerprint: 0x9c3e00f0
Model has 30624 linear objective coefficients
Variable types: 61952 continuous, 30976 integer (30976 binary)
Coefficient statistics:
  Matrix range     [1e+00, 4e+04]
  Objective range  [3e-01, 1e+05]
  Bounds range     [1e+00, 4e+04]
  RHS range        [1e+00, 9e+03]
Presolve removed 1926 rows and 32116 columns
Presolve time: 0.29s
Presolved: 30796 rows, 60812 columns, 182044 nonzeros
Variable types: 30100 continuous, 30712 integer (30712 binary)
Root relaxation presolved: 30797 rows, 60812 columns, 187668 nonzeros

Deterministic concurrent LP optimizer: primal and dual simplex
Showing primal log only...

Concurrent spin time: 0.00s

Solved with primal simplex

Root relaxation: objective 7.554869e+02, 58842 iterations, 2.48 seconds (4.88 work units)

    Nodes    |    Current Node    |     Objective Bounds      |     Work
 Expl Unexpl |  Obj  Depth IntInf | Incumbent    BestBd   Gap | It/Node Time

     0     0  755.48689    0  263          -  755.48689      -     -    3s
H    0     0                    102649.51033  755.48689  99.3%     -    3s
H    0     0                    1141.5039720  755.48689  33.8%     -    3s
H    0     0                    1135.8626317  755.48689  33.5%     -    3s
H    0     0                    1103.5656163  755.48689  31.5%     -    4s
H    0     0                    1092.7416670  755.48689  30.9%     -    5s
H    0     0                    1085.2554786  755.48689  30.4%     -    5s
H    0     0                    1067.4261584  755.48689  29.2%     -    5s
     0     0  755.88050    0  334 1067.42616  755.88050  29.2%     -   10s
H    0     0                    1043.8885325  755.88050  27.6%     -   11s
H    0     0                    1029.1369330  755.88050  26.6%     -   11s
H    0     0                    1025.8252445  755.88050  26.3%     -   11s
H    0     0                    1019.7284206  755.88050  25.9%     -   11s
H    0     0                    1016.0254960  755.88050  25.6%     -   12s
H    0     0                    1012.7138076  755.88050  25.4%     -   12s
H    0     0                    1008.7993582  755.88050  25.1%     -   12s
     0     0  755.88050    0  334 1008.79936  755.88050  25.1%     -   15s
H    0     0                    1007.8371149  755.88050  25.0%     -   15s
H    0     0                     998.7748883  755.88050  24.3%     -   15s
H    0     0                     984.4618706  755.88050  23.2%     -   16s
H    0     0                     939.9469415  755.88050  19.6%     -   16s
H    0     0                     939.8155596  755.88050  19.6%     -   16s
H    0     0                     934.0803405  755.88050  19.1%     -   17s
H    0     0                     928.6200210  755.88050  18.6%     -   18s
     0     0  757.35263    0  341  928.62002  757.35263  18.4%     -   20s
     0     0  757.35264    0  340  928.62002  757.35264  18.4%     -   20s
     0     0  759.65885    0  353  928.62002  759.65885  18.2%     -   24s
     0     0  759.66209    0  362  928.62002  759.66209  18.2%     -   24s
     0     0  759.66209    0  361  928.62002  759.66209  18.2%     -   24s
     0     0  760.23479    0  362  928.62002  760.23479  18.1%     -   32s
     0     0  760.38955    0  376  928.62002  760.38955  18.1%     -   33s
     0     0  760.38962    0  382  928.62002  760.38962  18.1%     -   33s
     0     0  779.19367    0  376  928.62002  779.19367  16.1%     -   47s
     0     0  779.20999    0  385  928.62002  779.20999  16.1%     -   48s
     0     0  779.21257    0  375  928.62002  779.21257  16.1%     -   49s
     0     0  781.04238    0  380  928.62002  781.04238  15.9%     -   53s
     0     0  782.13367    0  392  928.62002  782.13367  15.8%     -   55s
     0     0  782.13504    0  393  928.62002  782.13504  15.8%     -   56s
     0     0  782.38597    0  382  928.62002  782.38597  15.7%     -   58s
     0     0  782.49926    0  386  928.62002  782.49926  15.7%     -   59s
     0     0  782.49937    0  387  928.62002  782.49937  15.7%     -   59s
     0     0  782.58055    0  386  928.62002  782.58055  15.7%     -   64s
     0     0  783.11564    0  391  928.62002  783.11564  15.7%     -   65s
     0     0  783.12364    0  392  928.62002  783.12364  15.7%     -   66s
     0     0  783.12382    0  393  928.62002  783.12382  15.7%     -   66s
     0     0  783.32855    0  380  928.62002  783.32855  15.6%     -   70s
H    0     0                     927.7737929  783.32855  15.6%     -   70s
H    0     0                     927.3970150  783.32855  15.5%     -   70s
     0     0  783.32968    0  385  927.39701  783.32968  15.5%     -   71s
     0     0  783.49005    0  375  927.39701  783.49005  15.5%     -   73s
     0     0  783.50236    0  379  927.39701  783.50236  15.5%     -   73s
     0     0  783.50909    0  383  927.39701  783.50909  15.5%     -   73s
     0     0  783.50909    0  382  927.39701  783.50909  15.5%     -   73s
     0     0  784.04103    0  387  927.39701  784.04103  15.5%     -   78s
H    0     0                     920.2797589  784.04103  14.8%     -   84s
     0     0  784.12317    0  380  920.27976  784.12317  14.8%     -   85s
     0     0  784.12774    0  383  920.27976  784.12774  14.8%     -   85s
     0     0  784.30331    0  380  920.27976  784.30331  14.8%     -   89s
     0     0  784.30608    0  387  920.27976  784.30608  14.8%     -   90s
     0     0  784.46656    0  389  920.27976  784.46656  14.8%     -   96s
     0     0  784.54817    0  397  920.27976  784.54817  14.7%     -   96s
     0     0  784.56165    0  398  920.27976  784.56165  14.7%     -   96s
     0     0  784.56168    0  400  920.27976  784.56168  14.7%     -   96s
     0     0  784.79349    0  404  920.27976  784.79349  14.7%     -   99s
H    0     0                     915.1675175  784.79442  14.2%     -   99s
H    0     0                     910.8387813  784.79442  13.8%     -   99s
H    0     0                     906.4371427  784.79442  13.4%     -   99s
H    0     0                     895.4699658  784.79442  12.4%     -  100s
H    0     0                     884.4490095  784.79442  11.3%     -  100s
H    0     0                     882.6147523  784.79442  11.1%     -  100s
H    0     0                     881.6136465  784.79442  11.0%     -  100s
     0     0  784.79442    0  403  881.61365  784.79442  11.0%     -  102s
     0     0  793.09618    0  372  881.61365  793.09618  10.0%     -  107s
     0     0  794.84065    0  381  881.61365  794.84065  9.84%     -  108s
     0     0  794.84065    0  378  881.61365  794.84065  9.84%     -  109s
     0     0  794.84065    0  384  881.61365  794.84065  9.84%     -  110s
     0     0  794.84065    0  388  881.61365  794.84065  9.84%     -  111s
     0     0  794.84065    0  390  881.61365  794.84065  9.84%     -  111s
     0     0  795.17114    0  387  881.61365  795.17114  9.81%     -  114s
     0     0  795.97515    0  389  881.61365  795.97515  9.71%     -  116s
     0     0  796.13166    0  390  881.61365  796.13166  9.70%     -  116s
     0     0  796.13749    0  399  881.61365  796.13749  9.70%     -  117s
     0     0  796.76340    0  389  881.61365  796.76340  9.62%     -  120s
     0     0  796.96402    0  398  881.61365  796.96402  9.60%     -  121s
     0     0  797.03239    0  405  881.61365  797.03239  9.59%     -  122s
     0     0  797.03285    0  403  881.61365  797.03285  9.59%     -  123s
     0     0  797.06679    0  411  881.61365  797.06679  9.59%     -  124s
     0     0  797.10694    0  412  881.61365  797.10694  9.59%     -  125s
     0     0  797.10694    0  411  881.61365  797.10694  9.59%     -  126s
     0     0  798.78660    0  397  881.61365  798.78660  9.39%     -  130s
     0     0  798.80461    0  391  881.61365  798.80461  9.39%     -  130s
     0     0  798.80479    0  392  881.61365  798.80479  9.39%     -  130s
     0     0  800.09871    0  393  881.61365  800.09871  9.25%     -  132s
     0     0  800.10071    0  398  881.61365  800.10071  9.25%     -  132s
     0     0  800.76278    0  393  881.61365  800.76278  9.17%     -  134s
H    0     0                     876.2985794  800.79024  8.62%     -  134s
H    0     0                     872.5282044  800.79024  8.22%     -  135s
     0     0  800.80622    0  396  872.52820  800.80622  8.22%     -  136s
     0     0  800.82137    0  398  872.52820  800.82137  8.22%     -  136s
     0     0  800.82137    0  397  872.52820  800.82137  8.22%     -  136s
     0     0  800.82234    0  393  872.52820  800.82234  8.22%     -  137s
     0     0  800.82234    0  306  872.52820  800.82234  8.22%     -  140s
     0     0  800.82234    0  357  872.52820  800.82234  8.22%     -  149s
H    0     0                     868.5107549  800.82234  7.79%     -  152s
H    0     0                     863.8415476  800.82234  7.30%     -  152s
H    0     0                     863.8277890  800.82234  7.29%     -  153s
     0     0  800.82234    0  345  863.82779  800.82234  7.29%     -  157s
     0     0  800.82234    0  367  863.82779  800.82234  7.29%     -  160s
     0     0  801.32305    0  383  863.82779  801.32305  7.24%     -  160s
     0     0  801.38328    0  395  863.82779  801.38328  7.23%     -  162s
     0     0  801.44554    0  383  863.82779  801.44554  7.22%     -  162s
     0     0  801.44554    0  378  863.82779  801.44554  7.22%     -  162s
     0     0  801.83981    0  376  863.82779  801.83981  7.18%     -  164s
     0     0  801.84671    0  379  863.82779  801.84671  7.18%     -  164s
     0     0  802.10912    0  374  863.82779  802.10912  7.14%     -  167s
     0     0  802.10936    0  365  863.82779  802.10936  7.14%     -  167s
     0     0  802.73152    0  371  863.82779  802.73152  7.07%     -  170s
     0     0  802.73179    0  376  863.82779  802.73179  7.07%     -  170s
     0     0  803.07946    0  364  863.82779  803.07946  7.03%     -  172s
     0     0  803.08668    0  373  863.82779  803.08668  7.03%     -  172s
     0     0  803.08701    0  369  863.82779  803.08701  7.03%     -  173s
H    0     0                     857.3070226  803.08701  6.32%     -  174s
H    0     0                     857.3070199  803.08701  6.32%     -  174s
     0     0  803.08701    0  369  857.30702  803.08701  6.32%     -  175s
H    0     0                     857.3070191  803.08701  6.32%     -  176s
     0     0  803.08701    0  365  857.30702  803.08701  6.32%     -  176s
     0     0  803.09025    0  373  857.30702  803.09025  6.32%     -  177s
     0     0  803.09027    0  373  857.30702  803.09027  6.32%     -  177s
     0     0  803.09042    0  369  857.30702  803.09042  6.32%     -  178s
     0     0  803.09042    0  369  857.30702  803.09042  6.32%     -  178s
     0     0  803.09042    0  353  857.30702  803.09042  6.32%     -  179s
H    0     0                     850.8777444  803.09391  5.62%     -  185s
H    0     0                     850.8155293  803.09391  5.61%     -  186s
     0     0  808.05032    0  313  850.81553  808.05032  5.03%     -  194s
H    0     0                     849.2704460  808.05032  4.85%     -  194s
H    0     0                     849.0131023  808.05032  4.82%     -  194s
     0     0  808.05032    0  377  849.01310  808.05032  4.82%     -  198s
H    0     0                     841.2242941  808.05032  3.94%     -  198s
H    0     0                     841.2242915  808.05032  3.94%     -  200s
H    0     0                     841.0702358  808.05032  3.93%     -  200s
     0     0  808.05032    0  346  841.07024  808.05032  3.93%     -  204s
     0     0  808.05032    0  392  841.07024  808.05032  3.93%     -  205s
     0     0  808.05032    0  373  841.07024  808.05032  3.93%     -  205s
     0     0  808.05032    0  371  841.07024  808.05032  3.93%     -  207s
     0     0  808.05032    0  372  841.07024  808.05032  3.93%     -  207s
     0     0  808.05032    0  375  841.07024  808.05032  3.93%     -  208s
     0     0  808.05032    0  372  841.07024  808.05032  3.93%     -  208s
     0     0  808.05032    0  377  841.07024  808.05032  3.93%     -  210s
     0     0  808.05032    0  383  841.07024  808.05032  3.93%     -  210s
     0     0  808.05032    0  376  841.07024  808.05032  3.93%     -  213s
     0     0  808.05032    0  320  841.07024  808.05032  3.93%     -  216s
     0     0  808.05032    0  371  841.07024  808.05032  3.93%     -  219s
H    0     0                     840.6275670  808.05032  3.88%     -  221s
     0     0  808.05032    0  355  840.62757  808.05032  3.88%     -  222s
     0     0  808.05032    0  371  840.62757  808.05032  3.88%     -  223s
     0     0  808.05032    0  385  840.62757  808.05032  3.88%     -  224s
     0     0  808.05032    0  376  840.62757  808.05032  3.88%     -  224s
     0     0  808.05032    0  370  840.62757  808.05032  3.88%     -  224s
     0     0  808.05032    0  368  840.62757  808.05032  3.88%     -  224s
     0     0  808.05032    0  367  840.62757  808.05032  3.88%     -  225s
     0     0  808.05032    0  365  840.62757  808.05032  3.88%     -  225s
     0     0  808.05032    0  387  840.62757  808.05032  3.88%     -  227s
     0     0  808.05032    0  384  840.62757  808.05032  3.88%     -  227s
     0     0  808.05032    0  397  840.62757  808.05032  3.88%     -  229s
     0     0  808.05032    0  394  840.62757  808.05032  3.88%     -  229s
     0     0  808.05032    0  394  840.62757  808.05032  3.88%     -  229s
     0     0  808.05032    0  364  840.62757  808.05032  3.88%     -  229s
     0     2  808.38193    0  364  840.62757  808.38193  3.84%     -  236s
    17    24  808.38193    5  339  840.62757  808.38193  3.84%  2040  240s
    47    52  808.38193    9  338  840.62757  808.38193  3.84%  2122  245s
H   66    72                     839.6938335  808.38193  3.73%  2336  248s
    82    92  808.64020   13  224  839.69383  808.38193  3.73%  2426  250s
   103   108  809.03195   14  217  839.69383  808.38193  3.73%  2693  255s
   132   138  809.96138   25  238  839.69383  808.38193  3.73%  2653  260s
   169   183  810.58216   32  183  839.69383  808.38193  3.73%  2538  267s
H  235   234                     839.6938334  808.38193  3.73%  2102  269s
   236   251  811.35064   61  196  839.69383  808.38193  3.73%  2093  270s
   311   343  813.03443   95  190  839.69383  808.38193  3.73%  1840  275s
   481   498  808.38193    5  267  839.69383  808.38193  3.73%  1422  280s
   638   653  811.95337   12  237  839.69383  808.38193  3.73%  1229  286s
   710   693  815.52520   28  245  839.69383  808.38193  3.73%  1194  290s
   777   747  823.56068   37  216  839.69383  808.38193  3.73%  1265  295s
   809   785  820.41930   46  234  839.69383  808.38193  3.73%  1265  300s

Cutting planes:
  Learned: 1
  Gomory: 7
  Cover: 11
  Implied bound: 179
  Clique: 10
  MIR: 31
  Flow cover: 79
  Zero half: 52
  Network: 1
  RLT: 14
  Relax-and-lift: 147
  BQP: 1

Explored 819 nodes (1640251 simplex iterations) in 300.00 seconds (742.78 work units)
Thread count was 4 (of 32 available processors)

Solution count 10: 839.694 840.628 841.07 ... 863.828

Time limit reached
Best objective 8.396938333834e+02, best bound 8.083819290546e+02, gap 3.7290%

User-callback calls 39392, time in user-callback 0.01 sec
Cap boundary opt: PORT-588 stations=86 obj=839.694 real=839.694 baseline=967.539
Set parameter Username
Set parameter LicenseID to value 2738882
Academic license - for non-commercial use only - expires 2026-11-14
Segment 1 eval: start=BOAT-0 end=PORT-583 stations=50 (optimize)
  Segment 1 order: -501 -500 -499 -498 -497 -496 -495 112 113 -494 114 -275 -111 -274 -107 -106 -105 104 -103 -102 -101 108 109 110 -273 -272 271 253 252 249 -248 -247 -245 -244 -243 -238 237 -215 -214 213 -192 218 -191 219 -190 -223 222 -230 -134 -133
Segment 2 eval: start=PORT-583 end=PORT-581 stations=58 (optimize)
  Segment 2 order: -132 -181 -180 -229 -231 232 233 234 -235 -227 228 -179 -135 136 152 153 154 174 175 -176 -177 171 168 -165 166 -164 -162 -161 -160 159 163 167 172 173 155 156 157 158 -150 -149 -148 -147 -146 -145 -144 -142 -9 -8 -141 -140 -139 151 -138 -137 -2 90 -94 -92
Segment 3 eval: start=PORT-581 end=PORT-591 stations=80 (optimize)
  Segment 3 order: 56 55 -54 -53 -52 -51 -50 -49 -48 -39 -38 -37 66 67 68 69 -36 -35 -32 -31 -29 -27 26 28 30 -33 -34 41 42 43 44 45 46 -40 47 396 397 -398 -395 -394 -393 -392 -391 -390 -389 -388 -387 402 -403 385 -384 -383 -382 -414 -413 412 -409 408 -410 411 380 378 -379 -377 -376 -375 374 -373 -372 -371 -370 369 359 360 -358 -353 -350 -349 -326 328
Segment 4 eval: start=PORT-591 end=PORT-593 stations=32 (optimize)
  Segment 4 order: 276 -344 -343 -342 -277 278 279 280 -341 281 -307 567 568 435 438 448 453 456 457 458 -455 -454 -452 -451 -450 -449 -444 -443 -442 -441 513 514
Segment 5 eval: start=PORT-593 end=PORT-591 stations=83 (optimize)
  Segment 5 order: -528 527 -576 577 -574 -573 -571 -570 -569 572 534 535 -536 537 538 539 544 -540 -543 -542 -541 545 546 547 548 549 -563 -566 -565 -564 -562 -561 -557 -556 282 283 -284 555 558 559 560 -554 553 550 551 552 285 286 287 288 289 290 -291 296 297 298 299 300 301 302 303 304 305 306 295 -294 -293 292 -310 -309 311 312 -313 314 315 316 317 318 319 320 340 345 346
Segment 6 eval: start=PORT-591 end=PORT-583 stations=92 (optimize)
  Segment 6 order: -347 333 334 335 336 337 338 339 321 323 324 325 -327 329 330 331 332 348 -361 -362 -363 -364 365 367 368 -426 -381 -425 417 -424 422 423 -421 -420 -419 -418 -416 415 404 405 406 -407 -399 -400 401 386 -62 -61 -60 58 -59 -57 -64 63 -65 71 74 -73 -72 -75 76 70 77 78 -79 80 81 82 83 84 85 -86 87 -88 89 -91 95 96 -24 -23 -22 169 170 506 440 -512 -436 -437 -505 464 465 480
Segment 7 eval: start=PORT-583 end=PORT-588 stations=40 (optimize)
  Segment 7 order: 97 98 99 100 -246 -242 241 -240 -239 -236 221 220 -216 -212 -211 210 -208 250 251 -207 -205 -202 203 204 -131 -129 130 -256 257 259 258 -128 -127 126 -125 -124 -264 268 269 270
Segment 8 eval: start=PORT-588 end=PORT-581 stations=46 (optimize)
  Segment 8 order: 118 119 -120 121 122 473 481 469 470 -471 472 123 -266 -267 -265 -263 -262 -261 260 254 255 -206 209 -201 200 -199 -198 -197 -196 -195 -194 -193 -217 -189 -188 224 -225 -187 -186 -185 -184 183 182 226 178 13
Segment 9 eval: start=PORT-581 end=PORT-591 stations=35 (optimize)
  Segment 9 order: -93 25 5 10 11 12 -14 18 -21 20 -19 -17 -16 -15 -143 6 -7 4 -3 -1 117 -116 115 -475 -474 466 -467 -479 -478 -476 477 483 524 533 308
Segment 10 eval: start=PORT-591 end=PORT-593 stations=22 (optimize)
  Segment 10 order: 366 -357 -356 -355 354 -352 -351 -322 -532 -531 -530 -529 575 -526 525 578 579 580 -523 -522 -521 -517
Segment 11 eval: start=PORT-593 end=PORT-584 stations=33 (optimize)
  Segment 11 order: 515 516 519 -520 -518 -427 428 429 430 431 432 433 -434 447 -446 -445 439 -511 -510 -509 -508 -507 -504 -503 -488 -487 489 -482 493 -492 -491 -490 -502
Segment 12 eval: start=PORT-584 end=PORT-584 stations=0 (direct)
Segment 13 eval: start=PORT-584 end=BOAT-END stations=9 (optimize)
  Segment 13 order: 486 -462 484 463 468 459 460 461 485
Cap boundary debug: PORT-588 -> [118 119 120 121 122 473 481 469 470 471 472 123 266 267 265 263 262 261 260 254 255 206 209 201 200 199 198 197 196 195 194 193 217 189 188 224 225 187 186 185 184 183 182 226 178 13] -> PORT-581 -> [93 25 5 143 15 16 17 19 20 21 18 14 12 11 10 6 7 4 3 1 117 116 115 476 477 478 475 474 479 466 467 483 524 533 308] -> PORT-591 | load_left=43951 load_right=44702 cap=45000
Set parameter Username
Set parameter LicenseID to value 2738882
Academic license - for non-commercial use only - expires 2026-11-14
Set parameter TimeLimit to value 300
Set parameter Seed to value 721145272
Set parameter Threads to value 4
Set parameter OutputFlag to value 1
Set parameter LogToConsole to value 1
Set parameter LazyConstraints to value 1
Gurobi Optimizer version 13.0.0 build v13.0.0rc1 (linux64 - "Debian GNU/Linux 13 (trixie)")

CPU model: AMD Ryzen 9 5950X 16-Core Processor, instruction set [SSE2|AVX|AVX2]
Thread count: 16 physical cores, 32 logical processors, using up to 4 threads

Non-default parameters:
TimeLimit  300
Seed  721145272
Threads  4
LazyConstraints  1

Optimize a model with 29202 rows, 82668 columns and 165324 nonzeros (Min)
Model fingerprint: 0x64ef9c83
Model has 27224 linear objective coefficients
Variable types: 55112 continuous, 27556 integer (27556 binary)
Coefficient statistics:
  Matrix range     [1e+00, 4e+04]
  Objective range  [3e-01, 1e+05]
  Bounds range     [1e+00, 4e+04]
  RHS range        [1e+00, 1e+04]
Presolve removed 1816 rows and 28631 columns
Presolve time: 0.28s
Presolved: 27386 rows, 54037 columns, 161761 nonzeros
Variable types: 26730 continuous, 27307 integer (27307 binary)
Root relaxation presolved: 27386 rows, 54037 columns, 161761 nonzeros

Deterministic concurrent LP optimizer: primal and dual simplex
Showing primal log only...

Concurrent spin time: 0.00s

Solved with primal simplex

Root relaxation: objective 1.124647e+03, 39194 iterations, 1.40 seconds (2.54 work units)

    Nodes    |    Current Node    |     Objective Bounds      |     Work
 Expl Unexpl |  Obj  Depth IntInf | Incumbent    BestBd   Gap | It/Node Time

     0     0 1124.64740    0  298          - 1124.64740      -     -    2s
H    0     0                    1811.5379731 1124.64740  37.9%     -    3s
H    0     0                    1798.5624644 1124.64740  37.5%     -    3s
H    0     0                    1792.0174755 1124.64740  37.2%     -    4s
H    0     0                    1791.8542027 1124.64740  37.2%     -    4s
H    0     0                    1765.9075035 1124.64740  36.3%     -    4s
H    0     0                    1765.8005846 1124.64740  36.3%     -    4s
H    0     0                    1763.5529159 1124.64740  36.2%     -    4s
H    0     0                    1754.3334580 1124.64740  35.9%     -    4s
H    0     0                    1744.7533330 1124.64740  35.5%     -    4s
H    0     0                    1552.3730690 1124.64740  27.6%     -    5s
H    0     0                    1540.6041443 1124.64740  27.0%     -    9s
     0     0 1127.85025    0  328 1540.60414 1127.85025  26.8%     -   12s
H    0     0                    1535.7278844 1127.86805  26.6%     -   13s
H    0     0                    1528.7607780 1127.86805  26.2%     -   13s
H    0     0                    1528.3269754 1127.86805  26.2%     -   13s
H    0     0                    1519.9470554 1127.86805  25.8%     -   14s
H    0     0                    1516.6591022 1127.86805  25.6%     -   14s
H    0     0                    1498.0861793 1127.86805  24.7%     -   14s
H    0     0                    1491.7315731 1127.86805  24.4%     -   14s
H    0     0                    1491.1580841 1127.86805  24.4%     -   15s
H    0     0                    1490.4455799 1127.86805  24.3%     -   16s
     0     0 1127.86805    0  331 1490.44558 1127.86805  24.3%     -   17s
     0     0 1128.43708    0  314 1490.44558 1128.43708  24.3%     -   17s
     0     0 1128.43708    0  314 1490.44558 1128.43708  24.3%     -   17s
     0     0 1136.55905    0  307 1490.44558 1136.55905  23.7%     -   24s
     0     0 1137.05631    0  314 1490.44558 1137.05631  23.7%     -   24s
     0     0 1137.05631    0  314 1490.44558 1137.05631  23.7%     -   24s
     0     0 1140.89310    0  333 1490.44558 1140.89310  23.5%     -   28s
     0     0 1142.86140    0  340 1490.44558 1142.86140  23.3%     -   28s
     0     0 1142.86140    0  340 1490.44558 1142.86140  23.3%     -   28s
     0     0 1143.72984    0  349 1490.44558 1143.72984  23.3%     -   33s
     0     0 1146.61725    0  327 1490.44558 1146.61725  23.1%     -   35s
     0     0 1146.61807    0  329 1490.44558 1146.61807  23.1%     -   35s
     0     0 1148.73298    0  338 1490.44558 1148.73298  22.9%     -   37s
     0     0 1149.63006    0  362 1490.44558 1149.63006  22.9%     -   37s
     0     0 1149.63006    0  361 1490.44558 1149.63006  22.9%     -   38s
     0     0 1159.39549    0  340 1490.44558 1159.39549  22.2%     -   48s
     0     0 1160.92442    0  337 1490.44558 1160.92442  22.1%     -   48s
     0     0 1160.92442    0  329 1490.44558 1160.92442  22.1%     -   50s
H    0     0                    1490.4455688 1160.92442  22.1%     -   55s
H    0     0                    1471.1242449 1160.92442  21.1%     -   57s
H    0     0                    1464.6676470 1160.92442  20.7%     -   58s
     0     0 1160.92442    0  324 1464.66765 1160.92442  20.7%     -   58s
     0     0 1160.92442    0  322 1464.66765 1160.92442  20.7%     -   58s
     0     0 1161.12904    0  325 1464.66765 1161.12904  20.7%     -   62s
     0     0 1161.15592    0  346 1464.66765 1161.15592  20.7%     -   65s
     0     0 1161.16012    0  347 1464.66765 1161.16012  20.7%     -   66s
     0     0 1161.27457    0  350 1464.66765 1161.27457  20.7%     -   73s
     0     0 1161.28736    0  348 1464.66765 1161.28736  20.7%     -   74s
     0     0 1161.34180    0  355 1464.66765 1161.34180  20.7%     -   76s
     0     0 1161.35736    0  356 1464.66765 1161.35736  20.7%     -   76s
     0     0 1161.35736    0  356 1464.66765 1161.35736  20.7%     -   77s
     0     0 1161.58636    0  360 1464.66765 1161.58636  20.7%     -   79s
     0     0 1161.62042    0  359 1464.66765 1161.62042  20.7%     -   81s
     0     0 1161.62873    0  360 1464.66765 1161.62873  20.7%     -   83s
     0     0 1161.64439    0  365 1464.66765 1161.64439  20.7%     -   86s
     0     0 1161.64535    0  365 1464.66765 1161.64535  20.7%     -   86s
     0     0 1162.02621    0  361 1464.66765 1162.02621  20.7%     -   87s
     0     0 1162.04799    0  342 1464.66765 1162.04799  20.7%     -   88s
     0     0 1162.04799    0  362 1464.66765 1162.04799  20.7%     -   88s
     0     0 1162.08575    0  372 1464.66765 1162.08575  20.7%     -   89s
     0     0 1162.09685    0  366 1464.66765 1162.09685  20.7%     -   90s
     0     0 1162.09685    0  366 1464.66765 1162.09685  20.7%     -   90s
     0     0 1162.19324    0  364 1464.66765 1162.19324  20.7%     -   91s
     0     0 1162.21754    0  366 1464.66765 1162.21754  20.6%     -   91s
     0     0 1162.21754    0  368 1464.66765 1162.21754  20.6%     -   91s
     0     0 1162.24322    0  361 1464.66765 1162.24322  20.6%     -   93s
     0     0 1162.25155    0  364 1464.66765 1162.25155  20.6%     -   93s
     0     0 1162.25254    0  370 1464.66765 1162.25254  20.6%     -   93s
     0     0 1162.26865    0  382 1464.66765 1162.26865  20.6%     -   95s
     0     0 1162.26865    0  382 1464.66765 1162.26865  20.6%     -   95s
     0     0 1162.26865    0  373 1464.66765 1162.26865  20.6%     -   96s
     0     2 1162.27162    0  372 1464.66765 1162.27162  20.6%     -  101s
     7    12 1166.34909    3  336 1464.66765 1164.07834  20.5%  2846  106s
    15    18 1167.46638    5  299 1464.66765 1164.07834  20.5%  2732  111s
    17    22 1168.20914    5  343 1464.66765 1164.07834  20.5%  2986  115s
H   29    34                    1457.9740037 1164.07834  20.2%  3163  124s
H   31    34                    1414.8348789 1164.07834  17.7%  3172  124s
    33    40 1172.17252    7  307 1414.83488 1164.07834  17.7%  3311  127s
H   37    40                    1414.3014804 1164.07834  17.7%  3185  127s
H   39    53                    1396.2708850 1164.07834  16.6%  3315  130s
    56    61 1175.47520   11  275 1396.27089 1164.07834  16.6%  2660  135s
H   57    61                    1390.1720103 1164.07834  16.3%  2614  135s
H   59    61                    1384.8433947 1164.07834  15.9%  2541  135s
    95   100 1187.77559   22  236 1384.84339 1164.07834  15.9%  1870  140s
H   96   100                    1379.3916043 1164.07834  15.6%  1850  140s
H  119   134                    1378.8318701 1164.07834  15.6%  1539  142s
   149   176 1195.46544   29  150 1378.83187 1164.07834  15.6%  1344  145s
H  443   448                    1365.8003665 1164.07834  14.8%   520  149s
   533   538 1214.64205   85  180 1365.80037 1164.07834  14.8%   450  150s
H  543   546                    1361.6845120 1164.07834  14.5%   443  151s
H  891   911                    1357.9815937 1164.07834  14.3%   299  154s
   910   975 1221.06891  177  177 1357.98159 1164.07834  14.3%   294  155s
  1352  1357 1229.09057  286  191 1357.98159 1164.07834  14.3%   226  160s
H 1353  1357                    1356.7779756 1164.07834  14.2%   226  160s
H 1354  1357                    1351.7295239 1164.07834  13.9%   226  160s
  1742  1745 1242.56935  384  189 1351.72952 1164.07834  13.9%   196  165s
H 1743  1745                    1350.5259058 1164.07834  13.8%   196  165s
  1931  1999 1248.02212  421  160 1350.52591 1164.07834  13.8%   194  170s
H 2075  2075                    1350.4050463 1164.07834  13.8%   188  173s
  2117  2164 1251.38766  477  162 1350.40505 1164.07834  13.8%   190  175s
  2267  2268 1253.95128  524  157 1350.40505 1164.07834  13.8%   199  181s
  2334  2391 1254.75267  551  154 1350.40505 1164.08565  13.8%   201  186s
H 2440  2426                    1349.8015039 1164.08565  13.8%   212  190s
H 2443  2426                    1349.3448495 1164.08565  13.7%   215  190s
  2593  2733 1258.55653  648  198 1349.34485 1164.08565  13.7%   217  195s
  2901  2906 1259.65842  701  162 1349.34485 1164.08565  13.7%   209  200s
H 2906  2904                    1346.3196164 1164.08565  13.5%   209  200s
H 3033  3004                    1344.3378254 1164.08565  13.4%   214  204s
  3034  3066 1276.20914  734  147 1344.33783 1164.08565  13.4%   214  206s
H 3041  3065                    1343.2553224 1164.08565  13.3%   214  206s
  3201  3231 1278.25708  772  149 1343.25532 1164.08565  13.3%   215  210s
  3601  3679 1293.64731  899  142 1343.25532 1164.08565  13.3%   213  216s
  3945  4102 1315.35875 1012  139 1343.25532 1164.11906  13.3%   210  223s
  4140  4189 1166.61354    4  322 1343.25532 1164.11906  13.3%   208  225s
  4304  4276 1174.66763    7  313 1343.25532 1164.11906  13.3%   214  232s
H 4324  4275                    1342.6955883 1164.11906  13.3%   221  233s
  4325  4276 1248.73651  387  373 1342.69559 1164.11906  13.3%   221  258s
  4327  4277 1229.61960  295  295 1342.69559 1164.11906  13.3%   221  263s
H 4327  4063                    1342.2776446 1164.11906  13.3%   221  272s
  4328  4064 1239.66165  223  334 1342.27764 1164.11906  13.3%   220  275s
  4329  4065 1269.69463  478  359 1342.27764 1164.11906  13.3%   220  281s
  4336  4069 1226.44638  248  377 1342.27764 1164.11906  13.3%   220  286s
  4337  4070 1243.20444  371  365 1342.27764 1164.11906  13.3%   220  292s
  4339  4071 1257.01083  468  374 1342.27764 1164.11906  13.3%   220  295s

Cutting planes:
  Gomory: 1
  Cover: 12
  Implied bound: 113
  Projected implied bound: 9
  MIR: 59
  Flow cover: 74
  GUB cover: 1
  Zero half: 42
  RLT: 7
  Relax-and-lift: 107
  BQP: 3

Explored 4339 nodes (1254921 simplex iterations) in 300.02 seconds (973.90 work units)
Thread count was 4 (of 32 available processors)

Solution count 10: 1342.28 1342.7 1343.26 ... 1351.73

Time limit reached
Best objective 1.342277644649e+03, best bound 1.164119064803e+03, gap 13.2729%

User-callback calls 55478, time in user-callback 0.01 sec
Cap boundary reject: PORT-581 segment infeasible left=1156.720 right=100732.542
Cap boundary reject: PORT-581 real=1000000000000000052504760255204420248704468581108159154915854115511802457988908195786371375080447864043704443832883878176942523235360430575644792184786706982848387200926575803737830233794788090059368953234970799945081119038967640880074652742780142494579258788820056842838115669472196386865459400540160.000 baseline=1415.262
Set parameter Username
Set parameter LicenseID to value 2738882
Academic license - for non-commercial use only - expires 2026-11-14
Segment 1 eval: start=BOAT-0 end=PORT-583 stations=50 (optimize)
  Segment 1 order: -501 -500 -499 -498 -497 -496 -495 112 113 -494 114 -275 -111 -274 -107 -106 -105 104 -103 -102 -101 108 109 110 -273 -272 271 253 252 249 -248 -247 -245 -244 -243 -238 237 -215 -214 213 -192 218 -191 219 -190 -223 222 -230 -134 -133
Segment 2 eval: start=PORT-583 end=PORT-581 stations=58 (optimize)
  Segment 2 order: -132 -181 -180 -229 -231 232 233 234 -235 -227 228 -179 -135 136 152 153 154 174 175 -176 -177 171 168 -165 166 -164 -162 -161 -160 159 163 167 172 173 155 156 157 158 -150 -149 -148 -147 -146 -145 -144 -142 -9 -8 -141 -140 -139 151 -138 -137 -2 90 -94 -92
Segment 3 eval: start=PORT-581 end=PORT-591 stations=80 (optimize)
  Segment 3 order: 56 55 -54 -53 -52 -51 -50 -49 -48 -39 -38 -37 66 67 68 69 -36 -35 -32 -31 -29 -27 26 28 30 -33 -34 41 42 43 44 45 46 -40 47 396 397 -398 -395 -394 -393 -392 -391 -390 -389 -388 -387 402 -403 385 -384 -383 -382 -414 -413 412 -409 408 -410 411 380 378 -379 -377 -376 -375 374 -373 -372 -371 -370 369 359 360 -358 -353 -350 -349 -326 328
Segment 4 eval: start=PORT-591 end=PORT-593 stations=32 (optimize)
  Segment 4 order: 276 -344 -343 -342 -277 278 279 280 -341 281 -307 567 568 435 438 448 453 456 457 458 -455 -454 -452 -451 -450 -449 -444 -443 -442 -441 513 514
Segment 5 eval: start=PORT-593 end=PORT-591 stations=83 (optimize)
  Segment 5 order: -528 527 -576 577 -574 -573 -571 -570 -569 572 534 535 -536 537 538 539 544 -540 -543 -542 -541 545 546 547 548 549 -563 -566 -565 -564 -562 -561 -557 -556 282 283 -284 555 558 559 560 -554 553 550 551 552 285 286 287 288 289 290 -291 296 297 298 299 300 301 302 303 304 305 306 295 -294 -293 292 -310 -309 311 312 -313 314 315 316 317 318 319 320 340 345 346
Segment 6 eval: start=PORT-591 end=PORT-583 stations=91 (optimize)
  Segment 6 order: -347 333 334 335 336 337 338 339 321 323 324 325 -327 329 330 331 332 348 -361 -362 -363 -364 365 367 368 -426 -381 -425 417 -424 422 423 -421 -420 -419 -418 -416 415 404 405 406 -407 -399 -400 401 386 -62 -61 -60 58 -59 -57 -64 63 -65 71 74 -73 -72 -75 76 70 77 78 -79 80 81 82 83 84 85 -86 87 -88 89 -91 95 96 -24 -23 -22 169 170 506 440 -512 -436 -437 -505 464 465
Segment 7 eval: start=PORT-583 end=PORT-588 stations=40 (optimize)
  Segment 7 order: 97 98 99 100 -246 -242 241 -240 -239 -236 221 220 -216 -212 -211 210 -208 250 251 -207 -205 -202 203 204 -131 -129 130 -256 257 259 258 -128 -127 126 -125 -124 -264 268 269 270
Segment 8 eval: start=PORT-588 end=PORT-581 stations=47 (optimize)
  Segment 8 order: 118 119 -120 121 122 473 481 -480 469 470 -471 472 123 -266 -267 -265 -263 -262 -261 260 254 255 -206 209 -201 200 -199 -198 -197 -196 -195 -194 -193 -217 -189 -188 224 -225 -187 -186 -185 -184 183 182 226 178 13
Segment 9 eval: start=PORT-581 end=PORT-591 stations=35 (optimize)
  Segment 9 order: -93 25 5 10 11 12 -14 18 -21 20 -19 -17 -16 -15 -143 6 -7 4 -3 -1 117 -116 115 -475 -474 466 -467 -479 -478 -476 477 483 524 533 308
Segment 10 eval: start=PORT-591 end=PORT-593 stations=22 (optimize)
  Segment 10 order: 366 -357 -356 -355 354 -352 -351 -322 -532 -531 -530 -529 575 -526 525 578 579 580 -523 -522 -521 -517
Segment 11 eval: start=PORT-593 end=PORT-584 stations=33 (optimize)
  Segment 11 order: 515 516 519 -520 -518 -427 428 429 430 431 432 433 -434 447 -446 -445 439 -511 -510 -509 -508 -507 -504 -503 -488 -487 489 -482 493 -492 -491 -490 -502
Segment 12 eval: start=PORT-584 end=PORT-584 stations=0 (direct)
Segment 13 eval: start=PORT-584 end=BOAT-END stations=9 (optimize)
  Segment 13 order: 486 -462 484 463 468 459 460 461 485
Cap boundary debug: PORT-581 -> [93 25 5 143 15 16 17 19 20 21 18 14 12 11 10 6 7 4 3 1 117 116 115 476 477 478 475 474 479 466 467 483 524 533 308] -> PORT-591 -> [366 357 356 355 354 352 351 322 532 531 530 529 575 578 579 580 525 526 523 522 521 517] -> PORT-593 | load_left=44702 load_right=42512 cap=45000
Set parameter Username
Set parameter LicenseID to value 2738882
Academic license - for non-commercial use only - expires 2026-11-14
Set parameter TimeLimit to value 300
Set parameter Seed to value 2000000000
Set parameter Threads to value 4
Set parameter OutputFlag to value 1
Set parameter LogToConsole to value 1
Set parameter LazyConstraints to value 1
Gurobi Optimizer version 13.0.0 build v13.0.0rc1 (linux64 - "Debian GNU/Linux 13 (trixie)")

CPU model: AMD Ryzen 9 5950X 16-Core Processor, instruction set [SSE2|AVX|AVX2]
Thread count: 16 physical cores, 32 logical processors, using up to 4 threads

Non-default parameters:
TimeLimit  300
Seed  2000000000
Threads  4
LazyConstraints  1

Optimize a model with 15090 rows, 41772 columns and 83532 nonzeros (Min)
Model fingerprint: 0xdfa37a56
Model has 13688 linear objective coefficients
Variable types: 27848 continuous, 13924 integer (13924 binary)
Coefficient statistics:
  Matrix range     [1e+00, 4e+04]
  Objective range  [5e-01, 1e+05]
  Bounds range     [1e+00, 4e+04]
  RHS range        [1e+00, 1e+04]
Presolve removed 1288 rows and 14687 columns
Presolve time: 0.13s
Presolved: 13802 rows, 27085 columns, 81093 nonzeros
Variable types: 13338 continuous, 13747 integer (13747 binary)

Root relaxation: objective 1.098662e+03, 30562 iterations, 2.87 seconds (8.36 work units)

    Nodes    |    Current Node    |     Objective Bounds      |     Work
 Expl Unexpl |  Obj  Depth IntInf | Incumbent    BestBd   Gap | It/Node Time

     0     0 1098.66241    0  189          - 1098.66241      -     -    3s
H    0     0                    1828.2983302 1098.66241  39.9%     -    3s
H    0     0                    1823.9461915 1098.66241  39.8%     -    3s
H    0     0                    1633.3838547 1098.66241  32.7%     -    3s
H    0     0                    1625.2718011 1098.66241  32.4%     -    3s
H    0     0                    1615.4759760 1098.66241  32.0%     -    3s
H    0     0                    1592.0285943 1098.66241  31.0%     -    4s
H    0     0                    1586.5763449 1098.66241  30.8%     -    4s
H    0     0                    1558.1399112 1098.66241  29.5%     -    4s
H    0     0                    1556.2412583 1098.66241  29.4%     -    4s
     0     0 1169.39478    0  186 1556.24126 1169.39478  24.9%     -    4s
     0     0 1174.09844    0  260 1556.24126 1174.09844  24.6%     -    5s
     0     0 1174.09844    0  195 1556.24126 1174.09844  24.6%     -    7s
H    0     0                    1548.1657963 1174.09844  24.2%     -    7s
H    0     0                    1543.0663743 1174.09844  23.9%     -    7s
H    0     0                    1539.9043164 1174.09844  23.8%     -    7s
H    0     0                    1539.2008703 1174.09844  23.7%     -    8s
     0     0 1175.26531    0  262 1539.20087 1175.26531  23.6%     -    9s
H    0     0                    1525.2861890 1175.26994  22.9%     -    9s
H    0     0                    1515.2619311 1175.26994  22.4%     -    9s
H    0     0                    1511.6748511 1175.26994  22.3%     -    9s
H    0     0                    1500.5372375 1175.26994  21.7%     -    9s
H    0     0                    1487.3007869 1175.26994  21.0%     -    9s
H    0     0                    1485.6451265 1175.26994  20.9%     -    9s
H    0     0                    1484.7317814 1175.26994  20.8%     -   10s
     0     0 1175.37863    0  262 1484.73178 1175.37863  20.8%     -   10s
     0     0 1175.40086    0  265 1484.73178 1175.40086  20.8%     -   10s
     0     0 1179.10158    0  296 1484.73178 1179.10158  20.6%     -   10s
     0     0 1179.14656    0  299 1484.73178 1179.14656  20.6%     -   11s
     0     0 1179.14656    0  299 1484.73178 1179.14656  20.6%     -   11s
     0     0 1182.27776    0  290 1484.73178 1182.27776  20.4%     -   12s
     0     0 1182.35638    0  291 1484.73178 1182.35638  20.4%     -   12s
     0     0 1182.36068    0  295 1484.73178 1182.36068  20.4%     -   12s
     0     0 1183.22089    0  286 1484.73178 1183.22089  20.3%     -   14s
     0     0 1183.48876    0  280 1484.73178 1183.48876  20.3%     -   14s
     0     0 1183.51878    0  290 1484.73178 1183.51878  20.3%     -   14s
     0     0 1183.51974    0  290 1484.73178 1183.51974  20.3%     -   14s
     0     0 1183.80904    0  295 1484.73178 1183.80904  20.3%     -   15s
     0     0 1183.85927    0  291 1484.73178 1183.85927  20.3%     -   15s
     0     0 1183.88035    0  297 1484.73178 1183.88035  20.3%     -   15s
     0     0 1183.88597    0  297 1484.73178 1183.88597  20.3%     -   15s
     0     0 1183.88597    0  296 1484.73178 1183.88597  20.3%     -   15s
     0     0 1184.11296    0  299 1484.73178 1184.11296  20.2%     -   15s
     0     0 1184.11649    0  298 1484.73178 1184.11649  20.2%     -   15s
     0     0 1184.55914    0  291 1484.73178 1184.55914  20.2%     -   16s
H    0     0                    1484.7112390 1184.55914  20.2%     -   16s
H    0     0                    1472.6130096 1184.55914  19.6%     -   16s
     0     0 1184.59307    0  305 1472.61301 1184.59307  19.6%     -   16s
     0     0 1184.59307    0  307 1472.61301 1184.59307  19.6%     -   16s
     0     0 1185.02784    0  297 1472.61301 1185.02784  19.5%     -   17s
     0     0 1185.06625    0  311 1472.61301 1185.06625  19.5%     -   17s
     0     0 1185.06648    0  310 1472.61301 1185.06648  19.5%     -   17s
     0     0 1185.38088    0  304 1472.61301 1185.38088  19.5%     -   18s
     0     0 1185.39898    0  310 1472.61301 1185.39898  19.5%     -   18s
     0     0 1185.39903    0  311 1472.61301 1185.39903  19.5%     -   18s
     0     0 1186.07541    0  310 1472.61301 1186.07541  19.5%     -   18s
     0     0 1186.09856    0  316 1472.61301 1186.09856  19.5%     -   18s
     0     0 1186.10085    0  308 1472.61301 1186.10085  19.5%     -   18s
     0     0 1186.21955    0  322 1472.61301 1186.21955  19.4%     -   19s
     0     0 1186.21999    0  322 1472.61301 1186.21999  19.4%     -   19s
     0     0 1186.23745    0  325 1472.61301 1186.23745  19.4%     -   19s
     0     0 1186.23745    0  324 1472.61301 1186.23745  19.4%     -   20s
     0     0 1186.24348    0  322 1472.61301 1186.24348  19.4%     -   20s
     0     0 1186.26024    0  322 1472.61301 1186.26024  19.4%     -   20s
     0     0 1186.26024    0  322 1472.61301 1186.26024  19.4%     -   20s
     0     0 1186.26024    0  302 1472.61301 1186.26024  19.4%     -   20s
     0     2 1191.03759    0  302 1472.61301 1191.03759  19.1%     -   22s
    48    54 1193.87982   11  263 1472.61301 1191.03759  19.1%   854   25s
H   49    54                    1463.5855158 1191.03759  18.6%   837   25s
H   79    81                    1463.3468029 1191.03759  18.6%   661   25s
H   83    85                    1462.9869305 1191.03759  18.6%   633   25s
H  130   134                    1462.7447380 1191.03759  18.6%   539   27s
H  143   148                    1462.6987906 1191.03759  18.6%   499   27s
H  146   148                    1452.4696032 1191.03759  18.0%   491   27s
H  214   225                    1445.5274426 1191.03759  17.6%   405   28s
   272   277 1218.90196   60  211 1445.52744 1191.03759  17.6%   442   30s
   585   613 1237.03855  144  169 1445.52744 1191.03759  17.6%   376   35s
H  612   618                    1442.8278898 1191.03759  17.5%   369   35s
  1221  1312 1288.54512  303  165 1442.82789 1191.03759  17.5%   273   40s
H 2155  2126                    1428.4380612 1191.03759  16.6%   193   43s
  2320  2368 1397.39367  571  133 1428.43806 1191.03759  16.6%   184   45s
  2628  2525 1288.34034  397  260 1428.43806 1191.03759  16.6%   199   52s
  2630  2526 1279.46258  338  190 1428.43806 1191.03759  16.6%   199   55s
  2650  2540 1274.00030  238  307 1428.43806 1191.03759  16.6%   197   60s
  2665  2550 1334.92442  624  310 1428.43806 1191.03759  16.6%   196   65s
  2672  2554 1282.20361  257  294 1428.43806 1191.03759  16.6%   196   72s
  2676  2562 1192.10360   12  291 1428.43806 1192.10360  16.5%   219   75s
H 2685  2443                    1427.0501381 1192.10360  16.5%   223   77s
  2721  2463 1195.93077   18  220 1427.05014 1192.10360  16.5%   237   80s
  2779  2492 1206.65789   25  221 1427.05014 1192.10360  16.5%   256   85s
  2864  2527 1219.32583   34  206 1427.05014 1192.10360  16.5%   278   90s
  2952  2576 1218.81498   47  193 1427.05014 1192.10360  16.5%   301   95s
  3026  2614 1224.57142   58  192 1427.05014 1192.10360  16.5%   327  100s
  3049  2640 1225.95421   61  193 1427.05014 1192.10360  16.5%   345  105s
  3120  2668 1229.27634   71  185 1427.05014 1192.10360  16.5%   379  110s
  3238  2696 1353.77007   80  180 1427.05014 1192.10360  16.5%   402  116s
  3294  2721 1247.94662   86  192 1427.05014 1192.10360  16.5%   427  120s
H 3295  2597                    1425.2512131 1192.10360  16.4%   426  120s
  3407  2645 1266.21415   96  162 1425.25121 1192.10360  16.4%   460  125s
H 3514  2548                    1424.7141012 1192.10360  16.3%   491  129s
  3557  2550 1385.54806  103  157 1424.71410 1192.10360  16.3%   501  130s
  3632  2574 1269.29344  108  199 1424.71410 1192.10360  16.3%   526  135s
  3845  2619 1270.26335  115  196 1424.71410 1192.10360  16.3%   562  142s
  3940  2592 1270.68743  117  197 1424.71410 1192.10360  16.3%   569  145s
H 3950  2478                    1424.7140460 1192.10360  16.3%   571  145s
  4041  2511 1271.93181  121  177 1424.71405 1192.10360  16.3%   585  151s
  4246  2506 1273.70781  128  181 1424.71405 1192.10360  16.3%   600  157s
  4359  2540 1274.61058  136  195 1424.71405 1192.10360  16.3%   629  162s
  4431  2564 1274.74505  139  178 1424.71405 1192.10360  16.3%   645  166s
  4678  2599 1305.75594  170  126 1424.71405 1192.10360  16.3%   650  172s
  4827  2578 1310.56693  198  125 1424.71405 1192.10360  16.3%   657  175s
  5072  2585     cutoff  243      1424.71405 1192.10360  16.3%   667  184s
  5189  2594 1327.65632  298  110 1424.71405 1192.10360  16.3%   677  187s
  5360  2575 1333.49976  394  121 1424.71405 1194.01336  16.2%   681  191s
  5501  2539 1198.14908   16  289 1424.71405 1194.01336  16.2%   687  197s
  5512  2647 1208.62111   22  263 1424.71405 1194.01336  16.2%   688  201s
  5677  2705 1237.21560   86  198 1424.71405 1194.01336  16.2%   692  205s
  5855  2762 1258.38931  152  195 1424.71405 1194.01336  16.2%   696  210s
  6311  3048 1311.63285  307  157 1424.71405 1194.36311  16.2%   695  219s
  6652  3205 1336.08160  456  118 1424.71405 1194.56155  16.2%   685  224s
  6982  3429 1376.09396  580   83 1424.71405 1194.56155  16.2%   671  229s
  7362  3628 1262.80433   47  184 1424.71405 1194.56155  16.2%   658  233s
  7762  3819 1293.62474  112  185 1424.71405 1194.56155  16.2%   644  238s
  8098  4065 1360.14608  181  159 1424.71405 1194.56155  16.2%   639  244s
  8528  4313 1376.10146  305  153 1424.71405 1194.74816  16.1%   626  249s
  9058  4453 1208.88395   26  234 1424.71405 1194.74816  16.1%   608  254s
  9325  4706 1213.53488   34  209 1424.71405 1194.74816  16.1%   608  260s
  9593  4911 1243.12056   43  191 1424.71405 1194.74816  16.1%   612  267s
  9869  5165 1241.86647   51  228 1424.71405 1194.74816  16.1%   614  274s
H10024  5154                    1423.3629909 1194.74816  16.1%   623  274s
 10209  5374 1247.89931   64  199 1423.36299 1196.18449  16.0%   616  281s
 10429  5752 1254.77462   76  201 1423.36299 1196.18449  16.0%   629  289s
 10855  6093 1266.21198   94  204 1423.36299 1196.54171  15.9%   632  298s
 11251  6097 1272.13442  109  212 1423.36299 1197.36800  15.9%   634  300s

Cutting planes:
  Gomory: 3
  Cover: 8
  Implied bound: 130
  Projected implied bound: 5
  MIR: 59
  Flow cover: 111
  GUB cover: 2
  Zero half: 52
  RLT: 8
  Relax-and-lift: 94
  BQP: 4

Explored 11255 nodes (7227930 simplex iterations) in 300.00 seconds (1295.75 work units)
Thread count was 4 (of 32 available processors)

Solution count 10: 1423.36 1424.71 1424.71 ... 1462.7

Time limit reached
Best objective 1.423362990880e+03, best bound 1.197367996059e+03, gap 15.8775%

User-callback calls 68431, time in user-callback 0.01 sec
Cap boundary reject: PORT-591 real=1422.647 baseline=1422.647
Cap boundary debug: PORT-591 -> [366 357 356 355 354 352 351 322 532 531 530 529 575 578 579 580 525 526 523 522 521 517] -> PORT-593 -> [430 431 432 433 434 445 446 447 439 508 507 509 510 511 427 428 429 515 516 519 520 504 503 502 488 487 489 490 491 492 493 482 518] -> PORT-584 | load_left=42512 load_right=44625 cap=45000
Set parameter Username
Set parameter LicenseID to value 2738882
Academic license - for non-commercial use only - expires 2026-11-14
Set parameter TimeLimit to value 300
Set parameter Seed to value 1208637518
Set parameter Threads to value 4
Set parameter OutputFlag to value 1
Set parameter LogToConsole to value 1
Set parameter LazyConstraints to value 1
Gurobi Optimizer version 13.0.0 build v13.0.0rc1 (linux64 - "Debian GNU/Linux 13 (trixie)")

CPU model: AMD Ryzen 9 5950X 16-Core Processor, instruction set [SSE2|AVX|AVX2]
Thread count: 16 physical cores, 32 logical processors, using up to 4 threads

Non-default parameters:
TimeLimit  300
Seed  1208637518
Threads  4
LazyConstraints  1

Optimize a model with 14122 rows, 38988 columns and 77964 nonzeros (Min)
Model fingerprint: 0xcf9f87a3
Model has 12768 linear objective coefficients
Variable types: 25992 continuous, 12996 integer (12996 binary)
Coefficient statistics:
  Matrix range     [1e+00, 4e+04]
  Objective range  [8e-01, 1e+05]
  Bounds range     [1e+00, 4e+04]
  RHS range        [1e+00, 1e+04]
Presolve removed 1244 rows and 13733 columns
Presolve time: 0.13s
Presolved: 12878 rows, 25255 columns, 75617 nonzeros
Variable types: 12430 continuous, 12825 integer (12825 binary)

Root relaxation: objective 6.717882e+02, 34247 iterations, 3.10 seconds (8.39 work units)

    Nodes    |    Current Node    |     Objective Bounds      |     Work
 Expl Unexpl |  Obj  Depth IntInf | Incumbent    BestBd   Gap | It/Node Time

     0     0  671.78821    0  177          -  671.78821      -     -    3s
H    0     0                    201377.58442  671.78821   100%     -    4s
     0     0  671.78821    0  177 201377.584  671.78821   100%     -    5s
H    0     0                    201274.93868  671.78821   100%     -    5s
H    0     0                    101100.83880  671.78821  99.3%     -    5s
H    0     0                    101086.28623  671.78821  99.3%     -    5s
H    0     0                    101074.50293  671.78821  99.3%     -    5s
H    0     0                    101061.51059  671.78821  99.3%     -    5s
H    0     0                    101053.18249  671.78821  99.3%     -    5s
H    0     0                    101044.60655  671.78821  99.3%     -    5s
H    0     0                    101041.26569  671.78821  99.3%     -    5s
H    0     0                    101034.82427  671.78821  99.3%     -    5s
H    0     0                    101033.41265  671.78821  99.3%     -    5s
H    0     0                    1059.8641078  671.78821  36.6%     -    6s
H    0     0                    1059.3310358  671.78821  36.6%     -    6s
H    0     0                    1058.7666838  671.78821  36.5%     -    6s
H    0     0                    1054.4272618  671.78821  36.3%     -    6s
H    0     0                    1054.3001907  671.78821  36.3%     -    6s
H    0     0                     982.1491881  671.78821  31.6%     -    7s
     0     0  671.78821    0  177  982.14919  671.78821  31.6%     -    8s
     0     0  677.45015    0  219  982.14919  677.45015  31.0%     -    8s
     0     0  677.45015    0  190  982.14919  677.45015  31.0%     -   10s
H    0     0                     975.5700975  677.45015  30.6%     -   10s
H    0     0                     970.3540953  677.45015  30.2%     -   10s
H    0     0                     970.2335323  677.45015  30.2%     -   10s
H    0     0                     969.6212928  677.45015  30.1%     -   10s
H    0     0                     969.2992692  677.45015  30.1%     -   11s
H    0     0                     969.1347491  677.45015  30.1%     -   11s
     0     0  678.35235    0  219  969.13475  678.35235  30.0%     -   11s
H    0     0                     961.8096070  678.48277  29.5%     -   12s
H    0     0                     958.0058457  678.48277  29.2%     -   12s
H    0     0                     957.7020954  678.48277  29.2%     -   12s
     0     0  682.59285    0  238  957.70210  682.59285  28.7%     -   12s
     0     0  682.59285    0  237  957.70210  682.59285  28.7%     -   12s
     0     0  683.94159    0  259  957.70210  683.94159  28.6%     -   13s
     0     0  683.96521    0  261  957.70210  683.96521  28.6%     -   13s
     0     0  683.96521    0  261  957.70210  683.96521  28.6%     -   13s
     0     0  688.25839    0  281  957.70210  688.25839  28.1%     -   14s
     0     0  688.59899    0  280  957.70210  688.59899  28.1%     -   14s
     0     0  688.59899    0  281  957.70210  688.59899  28.1%     -   14s
     0     0  688.59899    0  280  957.70210  688.59899  28.1%     -   14s
     0     0  690.03338    0  280  957.70210  690.03338  27.9%     -   16s
     0     0  690.34654    0  270  957.70210  690.34654  27.9%     -   16s
     0     0  690.34703    0  269  957.70210  690.34703  27.9%     -   16s
     0     0  690.96903    0  286  957.70210  690.96903  27.9%     -   16s
     0     0  690.98545    0  287  957.70210  690.98545  27.8%     -   16s
     0     0  690.98882    0  290  957.70210  690.98882  27.8%     -   16s
     0     0  691.15355    0  284  957.70210  691.15355  27.8%     -   17s
     0     0  691.17523    0  292  957.70210  691.17523  27.8%     -   17s
     0     0  691.17523    0  294  957.70210  691.17523  27.8%     -   17s
     0     0  691.17523    0  294  957.70210  691.17523  27.8%     -   17s
     0     0  691.44838    0  288  957.70210  691.44838  27.8%     -   17s
     0     0  691.47069    0  291  957.70210  691.47069  27.8%     -   17s
     0     0  691.47074    0  292  957.70210  691.47074  27.8%     -   17s
     0     0  691.64435    0  280  957.70210  691.64435  27.8%     -   18s
     0     0  691.68493    0  287  957.70210  691.68493  27.8%     -   18s
     0     0  691.68643    0  291  957.70210  691.68643  27.8%     -   18s
     0     0  691.92025    0  295  957.70210  691.92025  27.8%     -   18s
     0     0  691.94230    0  290  957.70210  691.94230  27.7%     -   18s
     0     0  691.94640    0  294  957.70210  691.94640  27.7%     -   18s
     0     0  692.12878    0  295  957.70210  692.12878  27.7%     -   19s
     0     0  692.14621    0  296  957.70210  692.14621  27.7%     -   19s
     0     0  692.34014    0  289  957.70210  692.34014  27.7%     -   19s
     0     0  692.38206    0  290  957.70210  692.38206  27.7%     -   19s
     0     0  692.38962    0  293  957.70210  692.38962  27.7%     -   19s
     0     0  692.39300    0  291  957.70210  692.39300  27.7%     -   19s
     0     0  692.44128    0  295  957.70210  692.44128  27.7%     -   20s
     0     0  692.45179    0  298  957.70210  692.45179  27.7%     -   20s
     0     0  692.45497    0  297  957.70210  692.45497  27.7%     -   20s
     0     0  692.59506    0  295  957.70210  692.59506  27.7%     -   20s
     0     0  692.60451    0  292  957.70210  692.60451  27.7%     -   20s
     0     0  692.60503    0  292  957.70210  692.60503  27.7%     -   20s
     0     0  692.63989    0  293  957.70210  692.63989  27.7%     -   21s
     0     0  692.67012    0  298  957.70210  692.67012  27.7%     -   21s
     0     0  692.67792    0  292  957.70210  692.67792  27.7%     -   21s
     0     0  692.67855    0  293  957.70210  692.67855  27.7%     -   21s
     0     0  692.68819    0  294  957.70210  692.68819  27.7%     -   21s
     0     0  692.68819    0  294  957.70210  692.68819  27.7%     -   21s
     0     0  692.68819    0  294  957.70210  692.68819  27.7%     -   21s
     0     0  692.68819    0  283  957.70210  692.68819  27.7%     -   21s
     0     2  697.60191    0  283  957.70210  697.60191  27.2%     -   21s
H   53    58                     957.4440281  733.96953  23.3%   398   23s
H   80    85                     951.2218950  733.96953  22.8%   350   23s
H  261   262                     947.3010450  733.96953  22.5%   160   24s
   405   436  787.44051   86  108  947.30104  733.96953  22.5%   122   25s
H 1230  1173                     946.7712409  735.64210  22.3%   110   29s
  1236  1174  803.12954   62  219  946.77124  735.64210  22.3%   110   32s
H 1237  1116                     943.2320144  735.64210  22.0%   110   34s
H 1237  1060                     940.4749639  735.64210  21.8%   110   34s
H 1237  1007                     933.1319279  735.64210  21.2%   110   34s
H 1237   957                     924.3537492  735.64210  20.4%   110   34s
  1238   957  857.04890  106  183  924.35375  735.64210  20.4%   110   35s
H 1239   910                     921.6101015  735.64210  20.2%   109   35s
H 1239   864                     921.4838408  735.64210  20.2%   109   35s
H 1239   821                     887.1474582  735.64210  17.1%   109   36s
H 1239   780                     882.1784379  735.64210  16.6%   109   36s
H 1246   745                     879.9893594  735.64210  16.4%   109   39s
H 1246   708                     879.3209943  735.64210  16.3%   109   39s
H 1246   672                     877.6046611  735.64210  16.2%   109   39s
H 1246   638                     877.5138102  735.64210  16.2%   109   39s
H 1246   606                     875.9797722  735.64210  16.0%   109   39s
H 1246   576                     875.0371259  735.64210  15.9%   109   39s
  1250   583  735.64210   17  262  875.03713  735.64210  15.9%   131   40s
H 1266   563                     872.6608753  735.64210  15.7%   143   42s
  1389   640  804.97027   35  103  872.66088  735.64210  15.7%   148   45s
H 1487   658                     865.3589001  735.64210  15.0%   155   48s
H 1644   619                     865.2784272  735.64210  15.0%   158   49s
  1721   601  785.72832   70  117  865.27843  735.64210  15.0%   156   50s
H 1909   561                     864.2844596  735.64210  14.9%   159   51s
H 1915   489                     838.8356656  735.64210  12.3%   159   51s
H 2004   457                     837.7927679  735.64210  12.2%   161   52s
  2223   487  791.98101  145  114  837.79277  735.64210  12.2%   165   55s
H 2425   433                     837.4327015  735.64210  12.2%   167   56s
H 2462   414                     834.0070989  735.64210  11.8%   168   56s
H 2487   431                     833.6948734  735.64210  11.8%   166   57s
H 2529   430                     833.6324083  735.64210  11.8%   165   57s
H 2548   428                     829.8745492  735.64210  11.4%   166   57s
H 2585   429                     829.4998585  735.64210  11.3%   169   58s
  2759   505  746.99437   20  172  829.49986  735.64210  11.3%   171   60s
H 3219   740                     829.2336584  735.64210  11.3%   169   64s
  3277   860  791.42680   69   76  829.23366  735.64210  11.3%   168   65s
H 3540   983                     829.2327044  735.64210  11.3%   161   66s
  3966  1260  780.97304   68  101  829.23270  735.64210  11.3%   157   70s
  5112  2197  825.37705   60   81  829.23270  743.81290  10.3%   142   75s
  6316  3166     cutoff  109       829.23270  747.42755  9.87%   127   81s
  7674  4270  821.03639  180  100  829.23270  748.21045  9.77%   120   86s
  9125  5180  790.89486  119  111  829.23270  751.32193  9.40%   115   90s
H 9754  5634                     829.2326999  751.40096  9.39%   113   91s
 11344  6612     cutoff   95       829.23270  752.03166  9.31%   109   96s
 12195  7053  794.27208  164  118  829.23270  752.05794  9.31%   111  100s
 13689  8050  823.23490   59   99  829.23270  753.11923  9.18%   111  106s
 14734  9035  772.24752   42  125  829.23270  753.55854  9.13%   107  110s
 16704 10317  765.42053   38  126  829.23270  754.05157  9.07%   104  115s
 18836 11922  780.59340   59  123  829.23270  754.62890  9.00%   100  120s
 20789 13439  804.70691   49  137  829.23270  754.99013  8.95%  97.6  125s
 22742 14390  766.49995   27  127  829.23270  755.28179  8.92%  95.9  130s
 24543 16058  777.12277   34  137  829.23270  755.67419  8.87%  95.1  136s
 26496 17639  804.97786   68  107  829.23270  756.03816  8.83%  93.6  141s
 28414 19150  813.25231   72   89  829.23270  756.35855  8.79%  92.2  146s
 30063 19965  781.47145   61  120  829.23270  756.50232  8.77%  91.0  150s
 31244 20559  761.18216   29  113  829.23270  756.50232  8.77%  91.6  155s
 33111 22153  793.29699   81  116  829.23270  756.73942  8.74%  91.6  161s
 34719 23115  769.87097   50  119  829.23270  756.88705  8.72%  90.4  165s
 36432 24234  780.70156  106  122  829.23270  757.01102  8.71%  91.3  170s
 38081 25335  790.27204   62  144  829.23270  757.27727  8.68%  91.1  175s
 40340 26951  826.01313   98  104  829.23270  757.49024  8.65%  90.6  180s
 42453 28697  784.80948  105   99  829.23270  757.61093  8.64%  90.1  186s
 44406 29815  791.17826  129  126  829.23270  757.75185  8.62%  90.1  191s
 46111 31140  791.63385   71  130  829.23270  757.89348  8.60%  89.4  195s
 47972 32526  769.20647   39  150  829.23270  758.05529  8.58%  89.2  200s
 49874 34022  795.32311  135  124  829.23270  758.21306  8.56%  89.0  205s
 51782 35329  797.92298   59  165  829.23270  758.34578  8.55%  88.6  210s
 53250 36007  822.24029  133   54  829.23270  758.46109  8.53%  89.0  216s
 54797 37598  811.03917  122  114  829.23270  758.57649  8.52%  89.2  220s
 56711 38770  796.79022   31  142  829.23270  758.75172  8.50%  89.0  225s
 58706 40279  822.89688   41  113  829.23270  758.84071  8.49%  88.9  230s
 60838 42020  765.93441   33  134  829.23270  758.92952  8.48%  88.5  235s
 63469 43931  808.26350   43  110  829.23270  759.02667  8.47%  88.2  241s
 65254 44978  804.50532   41  120  829.23270  759.12694  8.45%  88.5  245s
 67301 46532     cutoff  141       829.23270  759.30061  8.43%  88.4  250s
 69179 47934  805.91551   91   68  829.23270  759.42790  8.42%  88.2  255s
H70160 48707                     829.2326866  759.44654  8.42%  88.2  257s
 71119 49166  816.67079   85  101  829.23269  759.50894  8.41%  88.0  260s
 72101 50185  786.28734   62  162  829.23269  759.56488  8.40%  88.4  265s
 73365 51125  778.68943   57  115  829.23269  759.59605  8.40%  88.2  270s
 74993 52061 infeasible   40       829.23269  759.67603  8.39%  88.5  275s
 77699 53745  781.49838   46  120  829.23269  759.87710  8.36%  87.9  281s
 79566 54897     cutoff  125       829.23269  759.95707  8.35%  87.8  286s
 81541 56379  789.06348   65   74  829.23269  760.09156  8.34%  87.6  290s
 83573 57690  823.77136  162  138  829.23269  760.15396  8.33%  87.2  295s
 85345 58863     cutoff   35       829.23269  760.27368  8.32%  87.3  300s

Cutting planes:
  Lift-and-project: 1
  Cover: 1
  Implied bound: 61
  MIR: 29
  Flow cover: 49
  Zero half: 20
  RLT: 9
  Relax-and-lift: 32
  Lazy constraints: 3

Explored 85577 nodes (7530143 simplex iterations) in 300.00 seconds (1141.60 work units)
Thread count was 4 (of 32 available processors)

Solution count 10: 829.233 829.234 829.5 ... 838.836

Time limit reached
Warning: max constraint violation (4.1962e-02) exceeds tolerance
         (model may be infeasible or unbounded - try turning presolve off)
Best objective 8.292326866397e+02, best bound 7.602928154832e+02, gap 8.3137%

User-callback calls 211805, time in user-callback 0.01 sec
Cap boundary reject: PORT-593 segment infeasible left=100465.887 right=853.897
Cap boundary reject: PORT-593 real=1000000000000000052504760255204420248704468581108159154915854115511802457988908195786371375080447864043704443832883878176942523235360430575644792184786706982848387200926575803737830233794788090059368953234970799945081119038967640880074652742780142494579258788820056842838115669472196386865459400540160.000 baseline=832.671
Set parameter Username
Set parameter LicenseID to value 2738882
Academic license - for non-commercial use only - expires 2026-11-14
Segment 1 eval: start=BOAT-0 end=PORT-583 stations=50 (optimize)
  Segment 1 order: -501 -500 -499 -498 -497 -496 -495 112 113 -494 114 -275 -111 -274 -107 -106 -105 104 -103 -102 -101 108 109 110 -273 -272 271 253 252 249 -248 -247 -245 -244 -243 -238 237 -215 -214 213 -192 218 -191 219 -190 -223 222 -230 -134 -133
Segment 2 eval: start=PORT-583 end=PORT-581 stations=58 (optimize)
  Segment 2 order: -132 -181 -180 -229 -231 232 233 234 -235 -227 228 -179 -135 136 152 153 154 174 175 -176 -177 171 168 -165 166 -164 -162 -161 -160 159 163 167 172 173 155 156 157 158 -150 -149 -148 -147 -146 -145 -144 -142 -9 -8 -141 -140 -139 151 -138 -137 -2 90 -94 -92
Segment 3 eval: start=PORT-581 end=PORT-591 stations=80 (optimize)
  Segment 3 order: 56 55 -54 -53 -52 -51 -50 -49 -48 -39 -38 -37 66 67 68 69 -36 -35 -32 -31 -29 -27 26 28 30 -33 -34 41 42 43 44 45 46 -40 47 396 397 -398 -395 -394 -393 -392 -391 -390 -389 -388 -387 402 -403 385 -384 -383 -382 -414 -413 412 -409 408 -410 411 380 378 -379 -377 -376 -375 374 -373 -372 -371 -370 369 359 360 -358 -353 -350 -349 -326 328
Segment 4 eval: start=PORT-591 end=PORT-593 stations=32 (optimize)
  Segment 4 order: 276 -344 -343 -342 -277 278 279 280 -341 281 -307 567 568 435 438 448 453 456 457 458 -455 -454 -452 -451 -450 -449 -444 -443 -442 -441 513 514
Segment 5 eval: start=PORT-593 end=PORT-591 stations=83 (optimize)
  Segment 5 order: -528 527 -576 577 -574 -573 -571 -570 -569 572 534 535 -536 537 538 539 544 -540 -543 -542 -541 545 546 547 548 549 -563 -566 -565 -564 -562 -561 -557 -556 282 283 -284 555 558 559 560 -554 553 550 551 552 285 286 287 288 289 290 -291 296 297 298 299 300 301 302 303 304 305 306 295 -294 -293 292 -310 -309 311 312 -313 314 315 316 317 318 319 320 340 345 346
Segment 6 eval: start=PORT-591 end=PORT-583 stations=90 (optimize)
  Segment 6 order: -347 333 334 335 336 337 338 339 321 323 324 325 -327 329 330 331 332 348 -361 -362 -363 -364 365 367 368 -426 -381 -425 417 -424 422 423 -421 -420 -419 -418 -416 415 404 405 406 -407 -399 -400 401 386 -62 -61 -60 58 -59 -57 -64 63 -65 71 74 -73 -72 -75 76 70 77 78 -79 80 81 82 83 84 85 -86 87 -88 89 -91 95 96 -24 -23 -22 169 170 506 440 -512 -436 -437 -505 465
Segment 7 eval: start=PORT-583 end=PORT-588 stations=40 (optimize)
  Segment 7 order: 97 98 99 100 -246 -242 241 -240 -239 -236 221 220 -216 -212 -211 210 -208 250 251 -207 -205 -202 203 204 -131 -129 130 -256 257 259 258 -128 -127 126 -125 -124 -264 268 269 270
Segment 8 eval: start=PORT-588 end=PORT-581 stations=47 (optimize)
  Segment 8 order: 118 119 -120 121 122 473 481 -480 469 470 -471 472 123 -266 -267 -265 -263 -262 -261 260 254 255 -206 209 -201 200 -199 -198 -197 -196 -195 -194 -193 -217 -189 -188 224 -225 -187 -186 -185 -184 183 182 226 178 13
Segment 9 eval: start=PORT-581 end=PORT-591 stations=35 (optimize)
  Segment 9 order: -93 25 5 10 11 12 -14 18 -21 20 -19 -17 -16 -15 -143 6 -7 4 -3 -1 117 -116 115 -475 -474 466 -467 -479 -478 -476 477 483 524 533 308
Segment 10 eval: start=PORT-591 end=PORT-593 stations=22 (optimize)
  Segment 10 order: 366 -357 -356 -355 354 -352 -351 -322 -532 -531 -530 -529 575 -526 525 578 579 580 -523 -522 -521 -517
Segment 11 eval: start=PORT-593 end=PORT-584 stations=33 (optimize)
  Segment 11 order: 515 516 519 -520 -518 -427 428 429 430 431 432 433 -434 447 -446 -445 439 -511 -510 -509 -508 -507 -504 -503 -488 -487 489 -482 493 -492 -491 -490 -502
Segment 12 eval: start=PORT-584 end=PORT-584 stations=0 (direct)
Segment 13 eval: start=PORT-584 end=BOAT-END stations=10 (optimize)
  Segment 13 order: -485 -461 -460 -459 -468 -464 -463 -484 462 -486
Set parameter Username
Set parameter LicenseID to value 2738882
Academic license - for non-commercial use only - expires 2026-11-14
Segment 1 eval: start=BOAT-0 end=PORT-583 stations=50 (optimize)
  Segment 1 order: -501 -500 -499 -498 -497 -496 -495 112 113 -494 114 -275 -111 -274 -107 -106 -105 104 -103 -102 -101 108 109 110 -273 -272 271 253 252 249 -248 -247 -245 -244 -243 -238 237 -215 -214 213 -192 218 -191 219 -190 -223 222 -230 -134 -133
Segment 2 eval: start=PORT-583 end=PORT-581 stations=58 (optimize)
  Segment 2 order: -132 -181 -180 -229 -231 232 233 234 -235 -227 228 -179 -135 136 152 153 154 174 175 -176 -177 171 168 -165 166 -164 -162 -161 -160 159 163 167 172 173 155 156 157 158 -150 -149 -148 -147 -146 -145 -144 -142 -9 -8 -141 -140 -139 151 -138 -137 -2 90 -94 -92
Segment 3 eval: start=PORT-581 end=PORT-591 stations=80 (optimize)
  Segment 3 order: 56 55 -54 -53 -52 -51 -50 -49 -48 -39 -38 -37 66 67 68 69 -36 -35 -32 -31 -29 -27 26 28 30 -33 -34 41 42 43 44 45 46 -40 47 396 397 -398 -395 -394 -393 -392 -391 -390 -389 -388 -387 402 -403 385 -384 -383 -382 -414 -413 412 -409 408 -410 411 380 378 -379 -377 -376 -375 374 -373 -372 -371 -370 369 359 360 -358 -353 -350 -349 -326 328
Segment 4 eval: start=PORT-591 end=PORT-593 stations=32 (optimize)
  Segment 4 order: 276 -344 -343 -342 -277 278 279 280 -341 281 -307 567 568 435 438 448 453 456 457 458 -455 -454 -452 -451 -450 -449 -444 -443 -442 -441 513 514
Segment 5 eval: start=PORT-593 end=PORT-591 stations=83 (optimize)
  Segment 5 order: -528 527 -576 577 -574 -573 -571 -570 -569 572 534 535 -536 537 538 539 544 -540 -543 -542 -541 545 546 547 548 549 -563 -566 -565 -564 -562 -561 -557 -556 282 283 -284 555 558 559 560 -554 553 550 551 552 285 286 287 288 289 290 -291 296 297 298 299 300 301 302 303 304 305 306 295 -294 -293 292 -310 -309 311 312 -313 314 315 316 317 318 319 320 340 345 346
Segment 6 eval: start=PORT-591 end=PORT-583 stations=90 (optimize)
  Segment 6 order: -347 333 334 335 336 337 338 339 321 323 324 325 -327 329 330 331 332 348 -361 -362 -363 -364 365 367 368 -426 -381 -425 417 -424 422 423 -421 -420 -419 -418 -416 415 404 405 406 -407 -399 -400 401 386 -62 -61 -60 58 -59 -57 -64 63 -65 71 74 -73 -72 -75 76 70 77 78 -79 80 81 82 83 84 85 -86 87 -88 89 -91 95 96 -24 -23 -22 169 170 506 440 -512 -436 -437 -505 465
Segment 7 eval: start=PORT-583 end=PORT-588 stations=40 (optimize)
  Segment 7 order: 97 98 99 100 -246 -242 241 -240 -239 -236 221 220 -216 -212 -211 210 -208 250 251 -207 -205 -202 203 204 -131 -129 130 -256 257 259 258 -128 -127 126 -125 -124 -264 268 269 270
Segment 8 eval: start=PORT-588 end=PORT-581 stations=47 (optimize)
  Segment 8 order: 118 119 -120 121 122 473 481 -480 469 470 -471 472 123 -266 -267 -265 -263 -262 -261 260 254 255 -206 209 -201 200 -199 -198 -197 -196 -195 -194 -193 -217 -189 -188 224 -225 -187 -186 -185 -184 183 182 226 178 13
Segment 9 eval: start=PORT-581 end=PORT-591 stations=35 (optimize)
  Segment 9 order: -93 25 5 10 11 12 -14 18 -21 20 -19 -17 -16 -15 -143 6 -7 4 -3 -1 117 -116 115 -475 -474 466 -467 -479 -478 -476 477 483 524 533 308
Segment 10 eval: start=PORT-591 end=PORT-593 stations=22 (optimize)
  Segment 10 order: 366 -357 -356 -355 354 -352 -351 -322 -532 -531 -530 -529 575 -526 525 578 579 580 -523 -522 -521 -517
Segment 11 eval: start=PORT-593 end=PORT-584 stations=33 (optimize)
  Segment 11 order: 515 516 519 -520 -518 -427 428 429 430 431 432 433 -434 447 -446 -445 439 -511 -510 -509 -508 -507 -504 -503 -488 -487 489 -482 493 -492 -491 -490 -502
Segment 12 eval: start=PORT-584 end=PORT-584 stations=0 (direct)
Segment 13 eval: start=PORT-584 end=BOAT-END stations=10 (optimize)
  Segment 13 order: -485 -461 -460 -459 -468 -464 -463 -484 462 -486
PROGRESS pass=2 changed=1 total=6680.517 best=6680.517 nseg=13 stall=0 mut=3/10 mut=STAT-464 src=6 dst=13 delta=-1.378
Capacity boundary sweep pass 3
Cap boundary debug: PORT-581 -> [68 69 67 66 53 54 56 55 52 51 38 48 39 40 47 46 43 45 44 42 41 34 33 30 29 27 26 28 31 32 36 35 37 50 49 396 397 398 395 394 393 392 391 390 389 388 387 402 385 403 384 383 382 414 413 412 409 408 410 411 380 378 379 377 376 375 374 373 372 371 370 369 359 360 358 353 349 350 326 328] -> PORT-591 -> [276 344 343 342 277 278 279 280 341 281 307 567 435 438 448 453 456 457 458 455 454 452 451 450 449 444 443 442 441 513 514 568] -> PORT-593 | load_left=43988 load_right=43409 cap=45000
Set parameter Username
Set parameter LicenseID to value 2738882
Academic license - for non-commercial use only - expires 2026-11-14
Set parameter TimeLimit to value 300
Set parameter Seed to value 1750786417
Set parameter Threads to value 4
Set parameter OutputFlag to value 1
Set parameter LogToConsole to value 1
Set parameter LazyConstraints to value 1
Gurobi Optimizer version 13.0.0 build v13.0.0rc1 (linux64 - "Debian GNU/Linux 13 (trixie)")

CPU model: AMD Ryzen 9 5950X 16-Core Processor, instruction set [SSE2|AVX|AVX2]
Thread count: 16 physical cores, 32 logical processors, using up to 4 threads

Non-default parameters:
TimeLimit  300
Seed  1750786417
Threads  4
LazyConstraints  1

Optimize a model with 54250 rows, 155952 columns and 311892 nonzeros (Min)
Model fingerprint: 0x5046462f
Model has 51528 linear objective coefficients
Variable types: 103968 continuous, 51984 integer (51984 binary)
Coefficient statistics:
  Matrix range     [1e+00, 4e+04]
  Objective range  [8e-01, 1e+05]
  Bounds range     [1e+00, 4e+04]
  RHS range        [1e+00, 1e+04]
Presolve removed 2498 rows and 53462 columns
Presolve time: 0.39s
Presolved: 51752 rows, 102490 columns, 308042 nonzeros
Variable types: 50848 continuous, 51642 integer (51642 binary)
Root relaxation presolved: 51752 rows, 102490 columns, 308042 nonzeros

Deterministic concurrent LP optimizer: primal and dual simplex
Showing primal log only...

Concurrent spin time: 0.00s

Solved with primal simplex

Root relaxation: objective 1.014455e+03, 66877 iterations, 3.87 seconds (7.00 work units)

    Nodes    |    Current Node    |     Objective Bounds      |     Work
 Expl Unexpl |  Obj  Depth IntInf | Incumbent    BestBd   Gap | It/Node Time

     0     0 1014.45468    0  394          - 1014.45468      -     -    5s
H    0     0                    1552.9764698 1014.45468  34.7%     -   22s
H    0     0                    1511.6093691 1014.45468  32.9%     -   22s
H    0     0                    1503.3099612 1014.45468  32.5%     -   23s
H    0     0                    1497.7039734 1014.45468  32.3%     -   24s
H    0     0                    1489.8161336 1014.45468  31.9%     -   25s
     0     0 1018.34477    0  448 1489.81613 1018.34477  31.6%     -   29s
     0     0 1018.34477    0  395 1489.81613 1018.34477  31.6%     -   34s
H    0     0                    1471.5660020 1018.34477  30.8%     -   34s
H    0     0                    1471.0104627 1018.34477  30.8%     -   35s
H    0     0                    1465.6636651 1018.34477  30.5%     -   35s
     0     0 1022.11559    0  441 1465.66367 1022.11559  30.3%     -   40s
H    0     0                    1391.3207786 1022.11851  26.5%     -   41s
H    0     0                    1382.4542884 1022.11851  26.1%     -   41s
H    0     0                    1378.5393747 1022.11851  25.9%     -   41s
H    0     0                    1372.8917115 1022.11851  25.5%     -   43s
H    0     0                    1226.2903626 1022.11851  16.6%     -   44s
H    0     0                    1225.9028071 1022.11851  16.6%     -   44s
H    0     0                    1219.9703255 1022.11851  16.2%     -   45s
H    0     0                    1219.4382375 1022.11851  16.2%     -   45s
H    0     0                    1217.8285512 1022.11851  16.1%     -   46s
H    0     0                    1217.8285374 1022.11851  16.1%     -   46s
H    0     0                    1215.8880711 1022.11851  15.9%     -   47s
H    0     0                    1215.3168167 1022.11851  15.9%     -   47s
H    0     0                    1215.0062650 1022.11851  15.9%     -   47s
H    0     0                    1213.5821239 1022.11851  15.8%     -   48s
H    0     0                    1213.5821234 1022.11851  15.8%     -   49s
     0     0 1022.30972    0  463 1213.58212 1022.30972  15.8%     -   49s
     0     0 1022.30972    0  450 1213.58212 1022.30972  15.8%     -   49s
     0     0 1028.20489    0  478 1213.58212 1028.20489  15.3%     -   56s
     0     0 1028.20556    0  478 1213.58212 1028.20556  15.3%     -   56s
     0     0 1033.05988    0  471 1213.58212 1033.05988  14.9%     -   66s
     0     0 1033.10017    0  479 1213.58212 1033.10017  14.9%     -   66s
     0     0 1033.10053    0  477 1213.58212 1033.10053  14.9%     -   68s
     0     0 1036.09146    0  471 1213.58212 1036.09146  14.6%     -   84s
     0     0 1036.14330    0  488 1213.58212 1036.14330  14.6%     -   89s
     0     0 1036.18378    0  489 1213.58212 1036.18378  14.6%     -   89s
     0     0 1036.19226    0  492 1213.58212 1036.19226  14.6%     -   89s
     0     0 1036.19227    0  492 1213.58212 1036.19227  14.6%     -   89s
     0     0 1036.85506    0  488 1213.58212 1036.85506  14.6%     -   97s
     0     0 1037.12399    0  496 1213.58212 1037.12399  14.5%     -   97s
     0     0 1037.12399    0  495 1213.58212 1037.12399  14.5%     -   97s
     0     0 1037.12399    0  489 1213.58212 1037.12399  14.5%     -   99s
     0     0 1037.12399    0  484 1213.58212 1037.12399  14.5%     -  100s
     0     0 1037.12399    0  491 1213.58212 1037.12399  14.5%     -  100s
     0     0 1037.16252    0  478 1213.58212 1037.16252  14.5%     -  103s
     0     0 1037.23975    0  487 1213.58212 1037.23975  14.5%     -  103s
     0     0 1037.23975    0  487 1213.58212 1037.23975  14.5%     -  104s
H    0     0                    1208.3716247 1037.46413  14.1%     -  105s
     0     0 1037.46413    0  494 1208.37162 1037.46413  14.1%     -  106s
     0     0 1040.91480    0  487 1208.37162 1040.91480  13.9%     -  108s
     0     0 1042.75298    0  501 1208.37162 1042.75298  13.7%     -  121s
     0     0 1042.84366    0  498 1208.37162 1042.84366  13.7%     -  121s
     0     0 1042.84664    0  501 1208.37162 1042.84664  13.7%     -  122s
     0     0 1043.06079    0  510 1208.37162 1043.06079  13.7%     -  123s
     0     0 1043.09857    0  513 1208.37162 1043.09857  13.7%     -  125s
     0     0 1043.10819    0  509 1208.37162 1043.10819  13.7%     -  125s
     0     0 1043.10819    0  509 1208.37162 1043.10819  13.7%     -  125s
     0     0 1044.68599    0  474 1208.37162 1044.68599  13.5%     -  127s
H    0     0                    1195.9745442 1044.68599  12.6%     -  129s
H    0     0                    1194.9843581 1044.68599  12.6%     -  130s
H    0     0                    1193.5877052 1044.68599  12.5%     -  131s
H    0     0                    1192.4297006 1044.68599  12.4%     -  132s
     0     0 1044.81057    0  482 1192.42970 1044.81057  12.4%     -  136s
     0     0 1044.83480    0  483 1192.42970 1044.83480  12.4%     -  136s
     0     0 1044.84088    0  496 1192.42970 1044.84088  12.4%     -  136s
     0     0 1044.84088    0  493 1192.42970 1044.84088  12.4%     -  136s
     0     0 1044.97679    0  481 1192.42970 1044.97679  12.4%     -  137s
     0     0 1045.16350    0  484 1192.42970 1045.16350  12.4%     -  138s
     0     0 1045.16350    0  485 1192.42970 1045.16350  12.4%     -  138s
     0     0 1045.16350    0  486 1192.42970 1045.16350  12.4%     -  138s
     0     0 1045.16350    0  490 1192.42970 1045.16350  12.4%     -  139s
     0     0 1045.16350    0  498 1192.42970 1045.16350  12.4%     -  139s
     0     0 1045.16350    0  500 1192.42970 1045.16350  12.4%     -  139s
     0     0 1046.27743    0  494 1192.42970 1046.27743  12.3%     -  140s
     0     0 1046.30908    0  498 1192.42970 1046.30908  12.3%     -  141s
     0     0 1046.31014    0  499 1192.42970 1046.31014  12.3%     -  141s
     0     0 1046.36785    0  498 1192.42970 1046.36785  12.2%     -  142s
     0     0 1046.36945    0  496 1192.42970 1046.36945  12.2%     -  142s
     0     0 1046.39333    0  494 1192.42970 1046.39333  12.2%     -  143s
     0     0 1046.39497    0  494 1192.42970 1046.39497  12.2%     -  143s
     0     0 1046.39666    0  494 1192.42970 1046.39666  12.2%     -  145s
     0     0 1046.39666    0  494 1192.42970 1046.39666  12.2%     -  145s
     0     0 1046.39666    0  494 1192.42970 1046.39666  12.2%     -  145s
     0     0 1046.39666    0  478 1192.42970 1046.39666  12.2%     -  148s
H    0     0                    1185.2690215 1046.39666  11.7%     -  154s
     0     0 1055.66512    0  400 1185.26902 1055.66512  10.9%     -  165s
H    0     0                    1183.6108220 1055.66512  10.8%     -  165s
     0     0 1055.66512    0  460 1183.61082 1055.66512  10.8%     -  168s
H    0     0                    1181.6305883 1055.66512  10.7%     -  169s
H    0     0                    1181.1617893 1055.66512  10.6%     -  171s
H    0     0                    1181.1617841 1055.66512  10.6%     -  172s
     0     0 1055.66512    0  462 1181.16178 1055.66512  10.6%     -  180s
     0     0 1055.66512    0  483 1181.16178 1055.66512  10.6%     -  181s
     0     0 1055.66512    0  484 1181.16178 1055.66512  10.6%     -  182s
     0     0 1055.66512    0  482 1181.16178 1055.66512  10.6%     -  182s
     0     0 1055.66512    0  483 1181.16178 1055.66512  10.6%     -  183s
     0     0 1055.66512    0  484 1181.16178 1055.66512  10.6%     -  183s
     0     0 1055.66512    0  497 1181.16178 1055.66512  10.6%     -  184s
     0     0 1055.66512    0  493 1181.16178 1055.66512  10.6%     -  185s
     0     0 1055.66512    0  493 1181.16178 1055.66512  10.6%     -  185s
     0     0 1055.66512    0  493 1181.16178 1055.66512  10.6%     -  188s
     0     0 1055.66512    0  496 1181.16178 1055.66512  10.6%     -  188s
     0     0 1055.66512    0  497 1181.16178 1055.66512  10.6%     -  188s
     0     0 1055.66512    0  496 1181.16178 1055.66512  10.6%     -  193s
     0     0 1055.66512    0  498 1181.16178 1055.66512  10.6%     -  193s
     0     0 1055.66512    0  497 1181.16178 1055.66512  10.6%     -  193s
     0     0 1055.66512    0  477 1181.16178 1055.66512  10.6%     -  194s
     0     0 1055.66512    0  495 1181.16178 1055.66512  10.6%     -  195s
     0     0 1055.66512    0  491 1181.16178 1055.66512  10.6%     -  195s
     0     0 1055.66512    0  490 1181.16178 1055.66512  10.6%     -  196s
     0     0 1055.66512    0  495 1181.16178 1055.66512  10.6%     -  198s
     0     0 1055.66512    0  497 1181.16178 1055.66512  10.6%     -  199s
     0     0 1055.66512    0  492 1181.16178 1055.66512  10.6%     -  200s
     0     0 1055.66512    0  492 1181.16178 1055.66512  10.6%     -  200s
     0     0 1055.66512    0  492 1181.16178 1055.66512  10.6%     -  200s
     0     0 1055.66512    0  504 1181.16178 1055.66512  10.6%     -  201s
     0     0 1055.66512    0  501 1181.16178 1055.66512  10.6%     -  201s
     0     0 1055.66512    0  503 1181.16178 1055.66512  10.6%     -  201s
     0     0 1055.66512    0  494 1181.16178 1055.66512  10.6%     -  202s
     0     0 1055.66512    0  501 1181.16178 1055.66512  10.6%     -  203s
     0     0 1055.70015    0  506 1181.16178 1055.70015  10.6%     -  204s
     0     0 1055.70505    0  511 1181.16178 1055.70505  10.6%     -  204s
     0     0 1055.86707    0  498 1181.16178 1055.86707  10.6%     -  205s
     0     0 1055.92637    0  484 1181.16178 1055.92637  10.6%     -  207s
     0     0 1055.92637    0  492 1181.16178 1055.92637  10.6%     -  207s
     0     0 1055.95298    0  497 1181.16178 1055.95298  10.6%     -  208s
     0     0 1055.96450    0  494 1181.16178 1055.96450  10.6%     -  208s
     0     0 1055.96451    0  495 1181.16178 1055.96451  10.6%     -  208s
     0     0 1056.06468    0  493 1181.16178 1056.06468  10.6%     -  210s
     0     0 1056.06542    0  499 1181.16178 1056.06542  10.6%     -  210s
     0     0 1057.84922    0  489 1181.16178 1057.84922  10.4%     -  211s
     0     0 1057.85674    0  492 1181.16178 1057.85674  10.4%     -  212s
     0     0 1057.86502    0  487 1181.16178 1057.86502  10.4%     -  212s
     0     0 1057.86670    0  493 1181.16178 1057.86670  10.4%     -  213s
     0     0 1058.01876    0  482 1181.16178 1058.01876  10.4%     -  214s
     0     0 1058.02212    0  482 1181.16178 1058.02212  10.4%     -  215s
     0     0 1058.22808    0  481 1181.16178 1058.22808  10.4%     -  217s
     0     0 1058.25952    0  481 1181.16178 1058.25952  10.4%     -  217s
     0     0 1058.25952    0  482 1181.16178 1058.25952  10.4%     -  217s
     0     0 1058.38283    0  497 1181.16178 1058.38283  10.4%     -  219s
     0     0 1058.42020    0  502 1181.16178 1058.42020  10.4%     -  220s
     0     0 1058.42449    0  502 1181.16178 1058.42449  10.4%     -  220s
     0     0 1058.65172    0  493 1181.16178 1058.65172  10.4%     -  221s
     0     0 1058.66052    0  490 1181.16178 1058.66052  10.4%     -  222s
     0     0 1058.66707    0  501 1181.16178 1058.66707  10.4%     -  223s
     0     0 1058.78925    0  500 1181.16178 1058.78925  10.4%     -  224s
     0     0 1058.84485    0  508 1181.16178 1058.84485  10.4%     -  231s
     0     0 1058.84485    0  509 1181.16178 1058.84485  10.4%     -  231s
     0     0 1059.09274    0  507 1181.16178 1059.09274  10.3%     -  232s
     0     0 1059.09375    0  508 1181.16178 1059.09375  10.3%     -  234s
     0     0 1059.19311    0  507 1181.16178 1059.19311  10.3%     -  235s
     0     0 1059.22632    0  506 1181.16178 1059.22632  10.3%     -  236s
     0     0 1059.22632    0  495 1181.16178 1059.22632  10.3%     -  237s
     0     0 1059.22632    0  500 1181.16178 1059.22632  10.3%     -  237s
     0     0 1059.22632    0  500 1181.16178 1059.22632  10.3%     -  237s
     0     0 1059.25486    0  499 1181.16178 1059.25486  10.3%     -  238s
     0     0 1059.25486    0  499 1181.16178 1059.25486  10.3%     -  239s
     0     0 1059.25486    0  494 1181.16178 1059.25486  10.3%     -  239s
     0     2 1059.26206    0  494 1181.16178 1059.26206  10.3%     -  245s
    49    56 1063.65904   12  419 1181.16178 1059.32440  10.3%   330  250s
    83    91 1072.45031   25  409 1181.16178 1059.32440  10.3%   297  256s
    98   104 1077.19319   34  408 1181.16178 1059.32440  10.3%   571  262s
   107   112 1077.97654   37  436 1181.16178 1059.32440  10.3%   853  267s
   119   124 1078.25367   40  432 1181.16178 1059.32440  10.3%   938  272s
   130   136 1078.80802   42  436 1181.16178 1059.32440  10.3%  1080  275s
   143   148 1080.34830   44  440 1181.16178 1059.32440  10.3%  1163  282s
   147   151 1080.14014   45  428 1181.16178 1059.32440  10.3%  1292  285s
   171   176 1081.26926   47  425 1181.16178 1059.32440  10.3%  1231  290s
   181   188 1082.54125   49  421 1181.16178 1059.32440  10.3%  1261  295s
   203   207 1083.20213   52  425 1181.16178 1059.32440  10.3%  1377  300s

Cutting planes:
  Gomory: 13
  Cover: 5
  Implied bound: 143
  Clique: 2
  MIR: 48
  Flow cover: 114
  Zero half: 31
  Mod-K: 1
  Network: 1
  RLT: 7
  Relax-and-lift: 139
  BQP: 1

Explored 206 nodes (753166 simplex iterations) in 300.01 seconds (696.83 work units)
Thread count was 4 (of 32 available processors)

Solution count 10: 1181.16 1181.16 1181.63 ... 1208.37

Time limit reached
Best objective 1.181161784084e+03, best bound 1.059324401366e+03, gap 10.3150%

User-callback calls 62016, time in user-callback 0.01 sec
Cap boundary reject: PORT-591 real=1711.896 baseline=1180.412
Cap boundary debug: PORT-591 -> [276 344 343 342 277 278 279 280 341 281 307 567 435 438 448 453 456 457 458 455 454 452 451 450 449 444 443 442 441 513 514 568] -> PORT-593 -> [528 527 577 576 574 573 571 570 569 572 534 535 536 537 538 539 544 540 543 554 549 553 315 314 313 312 288 289 290 293 294 295 296 297 306 303 304 305 298 299 300 301 302 291 292 310 309 311 287 286 285 552 551 550 548 547 546 545 541 542 563 566 565 564 562 561 560 559 558 555 284 283 282 556 557 316 317 318 319 320 340 345 346] -> PORT-591 | load_left=43409 load_right=44243 cap=45000
Set parameter Username
Set parameter LicenseID to value 2738882
Academic license - for non-commercial use only - expires 2026-11-14
Set parameter TimeLimit to value 300
Set parameter Seed to value 1866690009
Set parameter Threads to value 4
Set parameter OutputFlag to value 1
Set parameter LogToConsole to value 1
Set parameter LazyConstraints to value 1
Gurobi Optimizer version 13.0.0 build v13.0.0rc1 (linux64 - "Debian GNU/Linux 13 (trixie)")

CPU model: AMD Ryzen 9 5950X 16-Core Processor, instruction set [SSE2|AVX|AVX2]
Thread count: 16 physical cores, 32 logical processors, using up to 4 threads

Non-default parameters:
TimeLimit  300
Seed  1866690009
Threads  4
LazyConstraints  1

Optimize a model with 57082 rows, 164268 columns and 328524 nonzeros (Min)
Model fingerprint: 0x336d4d5a
Model has 54288 linear objective coefficients
Variable types: 109512 continuous, 54756 integer (54756 binary)
Coefficient statistics:
  Matrix range     [1e+00, 4e+04]
  Objective range  [4e-01, 1e+05]
  Bounds range     [1e+00, 4e+04]
  RHS range        [1e+00, 1e+04]
Presolve removed 2564 rows and 56273 columns
Presolve time: 0.38s
Presolved: 54518 rows, 107995 columns, 324540 nonzeros
Variable types: 53590 continuous, 54405 integer (54405 binary)
Root relaxation presolved: 54518 rows, 107995 columns, 324540 nonzeros

Deterministic concurrent LP optimizer: primal and dual simplex
Showing primal log only...

Warning: Markowitz tolerance tightened to 0.0625

Root simplex log...

Iteration    Objective       Primal Inf.    Dual Inf.      Time
   67481    8.0544211e+02   0.000000e+00   1.427653e+02      5s
   83413    7.9955647e+02   0.000000e+00   0.000000e+00      6s
Concurrent spin time: 0.00s

Solved with primal simplex

Root relaxation: objective 7.995565e+02, 83413 iterations, 5.64 seconds (11.45 work units)

    Nodes    |    Current Node    |     Objective Bounds      |     Work
 Expl Unexpl |  Obj  Depth IntInf | Incumbent    BestBd   Gap | It/Node Time

     0     0  799.55647    0  384          -  799.55647      -     -    6s
     0     0  799.55647    0  384          -  799.55647      -     -   32s
H    0     0                    1828.2998882  799.55647  56.3%     -   53s
     0     0  799.55647    0  384 1828.29989  799.55647  56.3%     -   76s
H    0     0                    1445.9700251  799.55647  44.7%     -  101s
     0     0  820.65588    0  359 1445.97003  820.65588  43.2%     -  102s
     0     0  823.40103    0  442 1445.97003  823.40103  43.1%     -  108s
H    0     0                    1413.4714241  824.34476  41.7%     -  109s
H    0     0                    1409.0337097  824.34476  41.5%     -  110s
H    0     0                    1407.3350753  824.34476  41.4%     -  110s
H    0     0                    1397.4740222  824.34476  41.0%     -  111s
H    0     0                    1393.7272818  824.34476  40.9%     -  113s
H    0     0                    1392.9865320  824.34476  40.8%     -  114s
H    0     0                    1388.9095080  824.34476  40.6%     -  116s
H    0     0                    1388.0481917  824.34476  40.6%     -  116s
     0     0  824.34476    0  442 1388.04819  824.34476  40.6%     -  120s
H    0     0                    1380.2866572  824.34476  40.3%     -  120s
H    0     0                    1378.8212873  824.34476  40.2%     -  123s
H    0     0                    1374.8475712  824.34476  40.0%     -  123s
H    0     0                    1366.4994805  824.34476  39.7%     -  123s
H    0     0                    1366.2491087  824.34476  39.7%     -  123s
H    0     0                    1353.2163641  824.34476  39.1%     -  124s
H    0     0                    1345.9285128  824.34476  38.8%     -  124s
H    0     0                    1341.9875552  824.34476  38.6%     -  125s
H    0     0                    1341.3406480  824.34476  38.5%     -  126s
H    0     0                    1340.8433662  824.34476  38.5%     -  126s
H    0     0                    1340.1365183  824.34476  38.5%     -  126s
H    0     0                    1337.7442616  824.34476  38.4%     -  127s
H    0     0                    1306.2543388  824.34476  36.9%     -  128s
H    0     0                    1305.6658170  824.34476  36.9%     -  138s
H    0     0                    1291.4082465  824.34476  36.2%     -  139s
H    0     0                    1291.1575061  824.34476  36.2%     -  140s
     0     0  824.34476    0  442 1291.15751  824.34476  36.2%     -  151s
H    0     0                    1290.6915961  824.34476  36.1%     -  155s
H    0     0                    1289.9374305  824.34476  36.1%     -  156s
H    0     0                    1289.9374115  824.34476  36.1%     -  161s
     0     0  827.00457    0  452 1289.93741  827.00457  35.9%     -  162s
     0     0  827.00457    0  452 1289.93741  827.00457  35.9%     -  163s
     0     0  829.28651    0  454 1289.93741  829.28651  35.7%     -  170s
     0     0  831.93515    0  438 1289.93741  831.93515  35.5%     -  170s
     0     0  831.94580    0  438 1289.93741  831.94580  35.5%     -  170s
     0     0  833.63144    0  455 1289.93741  833.63144  35.4%     -  180s
     0     0  833.95011    0  463 1289.93741  833.95011  35.3%     -  181s
     0     0  833.95011    0  464 1289.93741  833.95011  35.3%     -  181s
     0     0  833.95011    0  465 1289.93741  833.95011  35.3%     -  181s
     0     0  835.27545    0  465 1289.93741  835.27545  35.2%     -  190s
     0     0  835.41854    0  478 1289.93741  835.41854  35.2%     -  191s
     0     0  835.41857    0  477 1289.93741  835.41857  35.2%     -  191s
     0     0  835.82772    0  485 1289.93741  835.82772  35.2%     -  195s
     0     0  835.84875    0  488 1289.93741  835.84875  35.2%     -  196s
     0     0  835.84971    0  488 1289.93741  835.84971  35.2%     -  197s
     0     0  836.11829    0  473 1289.93741  836.11829  35.2%     -  201s
     0     0  836.22240    0  489 1289.93741  836.22240  35.2%     -  201s
     0     0  836.23474    0  490 1289.93741  836.23474  35.2%     -  201s
     0     0  836.23618    0  492 1289.93741  836.23618  35.2%     -  201s
     0     0  841.81352    0  489 1289.93741  841.81352  34.7%     -  205s
     0     0  844.17640    0  489 1289.93741  844.17640  34.6%     -  206s
     0     0  844.17640    0  499 1289.93741  844.17640  34.6%     -  206s
     0     0  844.17640    0  487 1289.93741  844.17640  34.6%     -  209s
     0     0  844.17640    0  496 1289.93741  844.17640  34.6%     -  210s
     0     0  844.17640    0  497 1289.93741  844.17640  34.6%     -  210s
     0     0  844.17640    0  499 1289.93741  844.17640  34.6%     -  210s
     0     0  844.17640    0  514 1289.93741  844.17640  34.6%     -  214s
     0     0  844.17640    0  514 1289.93741  844.17640  34.6%     -  214s
     0     0  844.17640    0  517 1289.93741  844.17640  34.6%     -  214s
     0     0  844.17640    0  508 1289.93741  844.17640  34.6%     -  218s
     0     0  844.17640    0  509 1289.93741  844.17640  34.6%     -  218s
     0     0  844.17640    0  514 1289.93741  844.17640  34.6%     -  218s
     0     0  844.17640    0  514 1289.93741  844.17640  34.6%     -  218s
     0     0  844.17640    0  516 1289.93741  844.17640  34.6%     -  221s
     0     0  844.17640    0  501 1289.93741  844.17640  34.6%     -  222s
     0     0  844.17640    0  493 1289.93741  844.17640  34.6%     -  222s
     0     0  844.17640    0  501 1289.93741  844.17640  34.6%     -  222s
     0     0  844.17640    0  502 1289.93741  844.17640  34.6%     -  226s
     0     0  844.17640    0  498 1289.93741  844.17640  34.6%     -  226s
     0     0  844.17640    0  498 1289.93741  844.17640  34.6%     -  230s
     0     0  844.17640    0  497 1289.93741  844.17640  34.6%     -  231s
     0     0  844.17640    0  500 1289.93741  844.17640  34.6%     -  231s
     0     0  844.17640    0  513 1289.93741  844.17640  34.6%     -  235s
     0     0  844.17806    0  520 1289.93741  844.17806  34.6%     -  236s
     0     0  844.18343    0  521 1289.93741  844.18343  34.6%     -  236s
     0     0  844.71781    0  515 1289.93741  844.71781  34.5%     -  240s
     0     0  844.72162    0  518 1289.93741  844.72162  34.5%     -  240s
     0     0  844.78616    0  521 1289.93741  844.78616  34.5%     -  244s
     0     0  844.85753    0  514 1289.93741  844.85753  34.5%     -  244s
     0     0  844.88451    0  516 1289.93741  844.88451  34.5%     -  244s
     0     0  844.88452    0  516 1289.93741  844.88452  34.5%     -  244s
     0     0  844.97105    0  513 1289.93741  844.97105  34.5%     -  248s
     0     0  845.01266    0  505 1289.93741  845.01266  34.5%     -  248s
     0     0  845.05104    0  503 1289.93741  845.05104  34.5%     -  248s
     0     0  845.05199    0  505 1289.93741  845.05199  34.5%     -  248s
     0     0  845.05446    0  511 1289.93741  845.05446  34.5%     -  252s
     0     0  845.06511    0  525 1289.93741  845.06511  34.5%     -  252s
     0     0  845.06640    0  528 1289.93741  845.06640  34.5%     -  252s
     0     0  846.04711    0  505 1289.93741  846.04711  34.4%     -  256s
     0     0  846.07228    0  515 1289.93741  846.07228  34.4%     -  256s
     0     0  846.10505    0  508 1289.93741  846.10505  34.4%     -  257s
     0     0  846.10695    0  508 1289.93741  846.10695  34.4%     -  257s
     0     0  846.34036    0  520 1289.93741  846.34036  34.4%     -  260s
     0     0  846.36927    0  512 1289.93741  846.36927  34.4%     -  260s
     0     0  846.37035    0  526 1289.93741  846.37035  34.4%     -  260s
     0     0  846.54287    0  500 1289.93741  846.54287  34.4%     -  264s
     0     0  846.54397    0  504 1289.93741  846.54397  34.4%     -  264s
     0     0  847.25202    0  506 1289.93741  847.25202  34.3%     -  268s
     0     0  847.32699    0  524 1289.93741  847.32699  34.3%     -  268s
     0     0  847.36265    0  522 1289.93741  847.36265  34.3%     -  268s
     0     0  847.36715    0  527 1289.93741  847.36715  34.3%     -  268s
     0     0  848.81624    0  508 1289.93741  848.81624  34.2%     -  272s
     0     0  848.92741    0  496 1289.93741  848.92741  34.2%     -  272s
     0     0  848.94768    0  506 1289.93741  848.94768  34.2%     -  272s
     0     0  848.94869    0  524 1289.93741  848.94869  34.2%     -  272s
     0     0  848.97046    0  502 1289.93741  848.97046  34.2%     -  279s
     0     0  849.05769    0  500 1289.93741  849.05769  34.2%     -  279s
     0     0  849.06394    0  516 1289.93741  849.06394  34.2%     -  280s
     0     0  849.37459    0  514 1289.93741  849.37459  34.2%     -  284s
     0     0  849.40577    0  521 1289.93741  849.40577  34.2%     -  284s
     0     0  849.40739    0  520 1289.93741  849.40739  34.2%     -  284s
     0     0  849.49320    0  502 1289.93741  849.49320  34.1%     -  288s
     0     0  849.51714    0  510 1289.93741  849.51714  34.1%     -  288s
     0     0  849.66440    0  502 1289.93741  849.66440  34.1%     -  292s
     0     0  849.70140    0  499 1289.93741  849.70140  34.1%     -  293s
     0     0  849.72516    0  500 1289.93741  849.72516  34.1%     -  293s
     0     0  849.72797    0  504 1289.93741  849.72797  34.1%     -  293s
     0     0  849.96150    0  531 1289.93741  849.96150  34.1%     -  297s
     0     0  849.96693    0  538 1289.93741  849.96693  34.1%     -  297s

Cutting planes:
  Gomory: 2
  Cover: 8
  Implied bound: 177
  MIR: 43
  Flow cover: 79
  Zero half: 54
  RLT: 10
  Relax-and-lift: 187
  BQP: 1
  Lazy constraints: 8

Explored 1 nodes (154819 simplex iterations) in 300.01 seconds (550.56 work units)
Thread count was 4 (of 32 available processors)

Solution count 10: 1289.94 1290.69 1291.16 ... 1341.34

Time limit reached
Best objective 1.289937411477e+03, best bound 8.499669267739e+02, gap 34.1079%

User-callback calls 81230, time in user-callback 0.02 sec
Cap boundary opt: PORT-593 stations=115 obj=1289.937 real=1262.713 baseline=1334.682
Set parameter Username
Set parameter LicenseID to value 2738882
Academic license - for non-commercial use only - expires 2026-11-14
Segment 1 eval: start=BOAT-0 end=PORT-583 stations=50 (optimize)
  Segment 1 order: -501 -500 -499 -498 -497 -496 -495 112 113 -494 114 -275 -111 -274 -107 -106 -105 104 -103 -102 -101 108 109 110 -273 -272 271 253 252 249 -248 -247 -245 -244 -243 -238 237 -215 -214 213 -192 218 -191 219 -190 -223 222 -230 -134 -133
Segment 2 eval: start=PORT-583 end=PORT-581 stations=58 (optimize)
  Segment 2 order: -132 -181 -180 -229 -231 232 233 234 -235 -227 228 -179 -135 136 152 153 154 174 175 -176 -177 171 168 -165 166 -164 -162 -161 -160 159 163 167 172 173 155 156 157 158 -150 -149 -148 -147 -146 -145 -144 -142 -9 -8 -141 -140 -139 151 -138 -137 -2 90 -94 -92
Segment 3 eval: start=PORT-581 end=PORT-591 stations=80 (optimize)
  Segment 3 order: 56 55 -54 -53 -52 -51 -50 -49 -48 -39 -38 -37 66 67 68 69 -36 -35 -32 -31 -29 -27 26 28 30 -33 -34 41 42 43 44 45 46 -40 47 396 397 -398 -395 -394 -393 -392 -391 -390 -389 -388 -387 402 -403 385 -384 -383 -382 -414 -413 412 -409 408 -410 411 380 378 -379 -377 -376 -375 374 -373 -372 -371 -370 369 359 360 -358 -353 -350 -349 -326 328
Segment 4 eval: start=PORT-591 end=PORT-593 stations=45 (optimize)
  Segment 4 order: 276 277 278 279 280 281 557 -556 282 283 -284 555 558 559 -560 561 563 564 565 566 567 568 570 571 573 574 -577 576 -527 528 435 438 448 453 456 457 458 -455 -454 -452 -451 -450 -449 -444 513
Segment 5 eval: start=PORT-593 end=PORT-591 stations=70 (optimize)
  Segment 5 order: -443 -442 -441 514 -535 -534 -572 -569 537 -536 538 539 544 -540 -543 -542 -541 545 546 547 548 549 -562 -554 553 550 551 552 285 286 287 288 289 290 291 -295 296 297 306 -305 -298 299 300 301 302 304 -303 307 -294 -293 292 -310 -309 311 312 -313 314 315 316 317 318 319 320 340 341 342 343 344 345 346
Segment 6 eval: start=PORT-591 end=PORT-583 stations=90 (optimize)
  Segment 6 order: -347 333 334 335 336 337 338 339 321 323 324 325 -327 329 330 331 332 348 -361 -362 -363 -364 365 367 368 -426 -381 -425 417 -424 422 423 -421 -420 -419 -418 -416 415 404 405 406 -407 -399 -400 401 386 -62 -61 -60 58 -59 -57 -64 63 -65 71 74 -73 -72 -75 76 70 77 78 -79 80 81 82 83 84 85 -86 87 -88 89 -91 95 96 -24 -23 -22 169 170 506 440 -512 -436 -437 -505 465
Segment 7 eval: start=PORT-583 end=PORT-588 stations=40 (optimize)
  Segment 7 order: 97 98 99 100 -246 -242 241 -240 -239 -236 221 220 -216 -212 -211 210 -208 250 251 -207 -205 -202 203 204 -131 -129 130 -256 257 259 258 -128 -127 126 -125 -124 -264 268 269 270
Segment 8 eval: start=PORT-588 end=PORT-581 stations=47 (optimize)
  Segment 8 order: 118 119 -120 121 122 473 481 -480 469 470 -471 472 123 -266 -267 -265 -263 -262 -261 260 254 255 -206 209 -201 200 -199 -198 -197 -196 -195 -194 -193 -217 -189 -188 224 -225 -187 -186 -185 -184 183 182 226 178 13
Segment 9 eval: start=PORT-581 end=PORT-591 stations=35 (optimize)
  Segment 9 order: -93 25 5 10 11 12 -14 18 -21 20 -19 -17 -16 -15 -143 6 -7 4 -3 -1 117 -116 115 -475 -474 466 -467 -479 -478 -476 477 483 524 533 308
Segment 10 eval: start=PORT-591 end=PORT-593 stations=22 (optimize)
  Segment 10 order: 366 -357 -356 -355 354 -352 -351 -322 -532 -531 -530 -529 575 -526 525 578 579 580 -523 -522 -521 -517
Segment 11 eval: start=PORT-593 end=PORT-584 stations=33 (optimize)
  Segment 11 order: 515 516 519 -520 -518 -427 428 429 430 431 432 433 -434 447 -446 -445 439 -511 -510 -509 -508 -507 -504 -503 -488 -487 489 -482 493 -492 -491 -490 -502
Segment 12 eval: start=PORT-584 end=PORT-584 stations=0 (direct)
Segment 13 eval: start=PORT-584 end=BOAT-END stations=10 (optimize)
  Segment 13 order: -485 -461 -460 -459 -468 -464 -463 -484 462 -486
Cap boundary debug: PORT-593 -> [514 441 442 443 536 535 534 572 569 537 538 539 544 540 543 542 541 545 546 547 548 549 562 554 553 550 551 552 285 286 287 288 311 309 310 292 293 294 307 303 304 302 301 300 299 298 305 306 297 296 295 291 290 289 312 313 314 315 316 317 318 319 320 340 341 342 343 344 345 346] -> PORT-591 -> [347 363 348 333 334 335 336 337 338 339 321 323 324 325 327 329 330 331 332 361 362 364 365 367 368 426 381 416 422 423 421 420 419 418 424 417 425 415 404 405 406 407 399 400 401 386 62 61 60 58 59 57 64 63 65 22 23 24 70 77 76 71 74 73 72 75 78 79 80 82 81 83 84 85 86 87 88 89 91 169 170 512 436 437 440 506 505 465 95 96] -> PORT-583 | load_left=42725 load_right=43524 cap=45000
Set parameter Username
Set parameter LicenseID to value 2738882
Academic license - for non-commercial use only - expires 2026-11-14
Set parameter TimeLimit to value 300
Set parameter Seed to value 52938627
Set parameter Threads to value 4
Set parameter OutputFlag to value 1
Set parameter LogToConsole to value 1
Set parameter LazyConstraints to value 1
Gurobi Optimizer version 13.0.0 build v13.0.0rc1 (linux64 - "Debian GNU/Linux 13 (trixie)")

CPU model: AMD Ryzen 9 5950X 16-Core Processor, instruction set [SSE2|AVX|AVX2]
Thread count: 16 physical cores, 32 logical processors, using up to 4 threads

Non-default parameters:
TimeLimit  300
Seed  52938627
Threads  4
LazyConstraints  1

Optimize a model with 108202 rows, 314928 columns and 629844 nonzeros (Min)
Model fingerprint: 0x34e46b60
Model has 104328 linear objective coefficients
Variable types: 209952 continuous, 104976 integer (104976 binary)
Coefficient statistics:
  Matrix range     [1e+00, 4e+04]
  Objective range  [4e-01, 1e+05]
  Bounds range     [1e+00, 4e+04]
  RHS range        [1e+00, 1e+04]
Presolve removed 3554 rows and 107078 columns
Presolve time: 0.88s
Presolved: 104648 rows, 207850 columns, 623886 nonzeros
Variable types: 103360 continuous, 104490 integer (104490 binary)
Root relaxation presolved: 104648 rows, 207850 columns, 623886 nonzeros

Deterministic concurrent LP optimizer: primal simplex, dual simplex, and barrier
Showing barrier log only...

Root barrier log...

Ordering time: 0.07s

Barrier statistics:
 AA' NZ     : 6.257e+05
 Factor NZ  : 1.349e+06 (roughly 140 MB of memory)
 Factor Ops : 7.103e+08 (less than 1 second per iteration)
 Threads    : 2

                  Objective                Residual
Iter       Primal          Dual         Primal    Dual     Compl     Time
   0   3.50115979e+10 -6.54802318e+13  2.90e+05 1.46e-11  2.12e+08     2s
   1   1.64490447e+10 -4.45763976e+13  1.36e+05 2.79e+04  1.23e+08     2s
   2   1.16088033e+10 -2.56406837e+12  9.61e+04 5.82e-10  2.77e+07     2s
   3   4.63592946e+09 -9.49635581e+11  3.84e+04 6.55e-10  1.06e+07     2s
   4   1.81312882e+09 -7.98807537e+11  1.50e+04 5.57e-10  4.96e+06     2s
   5   6.39646407e+08 -4.75354076e+11  5.28e+03 6.12e-10  2.09e+06     2s
   6   9.24757447e+07 -3.14221146e+11  7.37e+02 6.12e-10  7.64e+05     2s
   7   9.19090129e+06 -4.68355464e+10  4.44e+01 9.68e-10  9.74e+04     2s
   8   6.86760756e+06 -2.12095383e+10  2.50e+01 2.65e-09  4.45e+04     2s
   9   6.73350032e+06 -1.82855257e+10  2.36e+01 2.71e-09  3.83e+04     2s
  10   5.97271427e+06 -1.59778613e+10  1.64e+01 3.06e-09  3.27e+04     2s
  11   5.25670878e+06 -1.29612403e+10  1.22e+01 6.51e-09  2.62e+04     3s
  12   4.61785856e+06 -3.41659717e+09  7.07e+00 5.21e-09  6.83e+03     3s
  13   4.23045694e+06 -4.93463628e+08  4.17e+00 2.79e-09  9.90e+02     3s
  14   3.62834017e+06 -5.82259668e+07  5.71e-01 2.87e-09  1.20e+02     3s
  15   2.34559274e+06 -3.30894326e+07  1.20e-03 5.58e-09  6.83e+01     3s
  16   1.18171616e+06 -1.49006148e+07  6.45e-08 3.18e-09  3.10e+01     3s
  17   1.28043735e+05 -2.77276672e+05  1.51e-09 2.82e-09  7.81e-01     3s
  18   2.68258210e+04 -8.29773107e+04  6.01e-11 2.76e-09  2.12e-01     3s
  19   1.74469199e+04 -7.61159217e+04  4.26e-11 3.80e-09  1.80e-01     3s
  20   1.20297013e+04 -2.89528404e+04  1.18e-10 4.41e-09  7.90e-02     3s
  21   7.46809100e+03 -1.01256816e+04  5.11e-11 4.99e-09  3.39e-02     3s
  22   4.26300796e+03 -5.84573433e+03  8.97e-12 5.00e-09  1.95e-02     3s
  23   2.56226562e+03 -2.58245125e+03  5.09e-09 5.02e-09  9.91e-03     4s
  24   1.89127906e+03 -1.27124002e+03  1.56e-09 3.90e-09  6.09e-03     4s
  25   1.71116426e+03 -4.19951359e+02  9.36e-10 4.79e-09  4.11e-03     4s
  26   1.47279855e+03  6.61688263e+02  1.52e-09 3.71e-09  1.56e-03     4s
  27   1.38707874e+03  1.18971288e+03  4.55e-10 4.13e-09  3.80e-04     4s
  28   1.34160766e+03  1.26870338e+03  1.27e-10 4.87e-09  1.40e-04     4s
  29   1.33305232e+03  1.29404606e+03  6.52e-11 4.38e-09  7.51e-05     4s
  30   1.32734767e+03  1.30673777e+03  2.58e-11 3.61e-09  3.97e-05     4s
  31   1.32471867e+03  1.31443489e+03  9.95e-12 4.51e-09  1.98e-05     4s
  32   1.32332746e+03  1.32116329e+03  7.48e-12 3.33e-09  4.17e-06     4s
  33   1.32275069e+03  1.32253094e+03  7.96e-12 5.41e-09  4.23e-07     4s
  34   1.32266291e+03  1.32263671e+03  6.20e-11 3.01e-09  5.05e-08     5s
  35   1.32265161e+03  1.32264704e+03  1.08e-09 2.66e-09  8.81e-09     5s
  36   1.32265106e+03  1.32265092e+03  1.70e-09 2.93e-09  2.78e-10     5s
  37   1.32265095e+03  1.32265095e+03  1.83e-10 3.57e-09  1.62e-12     5s

Barrier solved model in 37 iterations and 4.77 seconds (5.90 work units)
Optimal objective 1.32265095e+03


Root simplex log...

Iteration    Objective       Primal Inf.    Dual Inf.      Time
   48467    1.3226509e+03   0.000000e+00   0.000000e+00      5s
Crossover time: 0.23 seconds (0.30 work units)
Concurrent spin time: 0.00s

Solved with barrier

Root relaxation: objective 1.322651e+03, 48467 iterations, 3.70 seconds (3.80 work units)

    Nodes    |    Current Node    |     Objective Bounds      |     Work
 Expl Unexpl |  Obj  Depth IntInf | Incumbent    BestBd   Gap | It/Node Time

     0     0 1322.65095    0  510          - 1322.65095      -     -    9s
H    0     0                    2703.0583957 1322.65095  51.1%     -   13s
H    0     0                    2646.3808221 1322.65095  50.0%     -   13s
H    0     0                    2610.7172051 1322.65095  49.3%     -   15s
H    0     0                    2501.5022563 1322.65095  47.1%     -   17s
H    0     0                    2289.5980591 1322.65095  42.2%     -   18s
H    0     0                    2287.5746498 1322.65095  42.2%     -   19s
H    0     0                    2284.3998139 1322.65095  42.1%     -   19s
H    0     0                    2280.0056194 1322.65095  42.0%     -   20s
H    0     0                    2276.0701179 1322.65095  41.9%     -   20s
H    0     0                    2184.2711891 1322.65095  39.4%     -   21s
H    0     0                    2130.9733560 1322.65095  37.9%     -   21s
     0     0 1324.56802    0  596 2130.97336 1324.56802  37.8%     -   30s
     0     0 1324.56802    0  508 2130.97336 1324.56802  37.8%     -   42s
H    0     0                    2063.7113913 1324.56802  35.8%     -   43s
H    0     0                    2034.3889575 1324.56802  34.9%     -   44s
H    0     0                    2015.3099483 1324.56802  34.3%     -   45s
H    0     0                    2010.3291726 1324.56802  34.1%     -   45s
H    0     0                    1995.5409386 1324.56802  33.6%     -   45s
H    0     0                    1993.8308006 1324.56802  33.6%     -   48s
H    0     0                    1985.8184756 1324.56802  33.3%     -   50s
     0     0 1327.84471    0  605 1985.81848 1327.84471  33.1%     -   56s
H    0     0                    1975.1284576 1330.77901  32.6%     -   58s
H    0     0                    1927.4205328 1330.77901  31.0%     -   59s
H    0     0                    1904.5276269 1330.77901  30.1%     -   60s
H    0     0                    1876.8150069 1330.77901  29.1%     -   61s
H    0     0                    1876.6849747 1330.77901  29.1%     -   63s
H    0     0                    1870.8890826 1330.77901  28.9%     -   64s
H    0     0                    1840.8796557 1330.77901  27.7%     -   65s
H    0     0                    1827.4263115 1330.77901  27.2%     -   67s
H    0     0                    1826.0803032 1330.77901  27.1%     -   69s
     0     0 1331.00655    0  613 1826.08030 1331.00655  27.1%     -   70s
     0     0 1331.47546    0  617 1826.08030 1331.47546  27.1%     -   71s
     0     0 1331.47546    0  617 1826.08030 1331.47546  27.1%     -   71s
     0     0 1335.93939    0  637 1826.08030 1335.93939  26.8%     -   76s
     0     0 1336.04873    0  650 1826.08030 1336.04873  26.8%     -   76s
     0     0 1336.04873    0  650 1826.08030 1336.04873  26.8%     -   76s
     0     0 1349.52981    0  641 1826.08030 1349.52981  26.1%     -   88s
     0     0 1350.62906    0  654 1826.08030 1350.62906  26.0%     -   89s
     0     0 1350.62906    0  654 1826.08030 1350.62906  26.0%     -   89s
     0     0 1352.61635    0  643 1826.08030 1352.61635  25.9%     -   97s
     0     0 1353.00476    0  640 1826.08030 1353.00476  25.9%     -   97s
     0     0 1353.00477    0  642 1826.08030 1353.00477  25.9%     -   97s
     0     0 1353.29862    0  647 1826.08030 1353.29862  25.9%     -   99s
     0     0 1353.29968    0  647 1826.08030 1353.29968  25.9%     -  100s
     0     0 1357.56409    0  642 1826.08030 1357.56409  25.7%     -  103s
     0     0 1357.66514    0  648 1826.08030 1357.66514  25.7%     -  103s
     0     0 1357.66514    0  648 1826.08030 1357.66514  25.7%     -  103s
     0     0 1357.66686    0  660 1826.08030 1357.66686  25.7%     -  105s
     0     0 1357.68578    0  656 1826.08030 1357.68578  25.7%     -  106s
     0     0 1357.68578    0  661 1826.08030 1357.68578  25.7%     -  107s
     0     0 1357.98389    0  662 1826.08030 1357.98389  25.6%     -  109s
     0     0 1358.18486    0  659 1826.08030 1358.18486  25.6%     -  109s
     0     0 1358.31483    0  656 1826.08030 1358.31483  25.6%     -  113s
     0     0 1358.32731    0  661 1826.08030 1358.32731  25.6%     -  113s
     0     0 1360.02734    0  655 1826.08030 1360.02734  25.5%     -  116s
     0     0 1360.36407    0  663 1826.08030 1360.36407  25.5%     -  117s
     0     0 1360.36407    0  663 1826.08030 1360.36407  25.5%     -  117s
     0     0 1361.66792    0  682 1826.08030 1361.66792  25.4%     -  119s
     0     0 1361.77657    0  682 1826.08030 1361.77657  25.4%     -  119s
     0     0 1361.77657    0  682 1826.08030 1361.77657  25.4%     -  119s
     0     0 1361.94423    0  669 1826.08030 1361.94423  25.4%     -  123s
     0     0 1362.00065    0  679 1826.08030 1362.00065  25.4%     -  123s
     0     0 1362.00065    0  678 1826.08030 1362.00065  25.4%     -  124s
     0     0 1362.65032    0  672 1826.08030 1362.65032  25.4%     -  126s
     0     0 1362.65032    0  669 1826.08030 1362.65032  25.4%     -  126s
     0     0 1362.67459    0  666 1826.08030 1362.67459  25.4%     -  126s
     0     0 1362.67459    0  670 1826.08030 1362.67459  25.4%     -  126s
     0     0 1362.80638    0  691 1826.08030 1362.80638  25.4%     -  128s
     0     0 1362.94828    0  689 1826.08030 1362.94828  25.4%     -  128s
     0     0 1362.97382    0  682 1826.08030 1362.97382  25.4%     -  128s
     0     0 1362.97382    0  682 1826.08030 1362.97382  25.4%     -  128s
     0     0 1362.97382    0  686 1826.08030 1362.97382  25.4%     -  129s
     0     0 1363.00752    0  685 1826.08030 1363.00752  25.4%     -  129s
     0     0 1363.28516    0  675 1826.08030 1363.28516  25.3%     -  129s
     0     0 1363.28922    0  674 1826.08030 1363.28922  25.3%     -  130s
     0     0 1363.28922    0  675 1826.08030 1363.28922  25.3%     -  130s
     0     0 1363.30456    0  676 1826.08030 1363.30456  25.3%     -  131s
     0     0 1363.69952    0  676 1826.08030 1363.69952  25.3%     -  131s
     0     0 1363.88732    0  678 1826.08030 1363.88732  25.3%     -  131s
     0     0 1363.88732    0  684 1826.08030 1363.88732  25.3%     -  131s
     0     0 1363.88732    0  686 1826.08030 1363.88732  25.3%     -  132s
     0     0 1363.88732    0  686 1826.08030 1363.88732  25.3%     -  132s
     0     0 1415.47054    0  622 1826.08030 1415.47054  22.5%     -  157s
     0     0 1415.49560    0  636 1826.08030 1415.49560  22.5%     -  157s
     0     0 1415.49560    0  635 1826.08030 1415.49560  22.5%     -  158s
     0     0 1415.50018    0  645 1826.08030 1415.50018  22.5%     -  159s
     0     0 1415.50018    0  506 1826.08030 1415.50018  22.5%     -  166s
     0     0 1415.50018    0  642 1826.08030 1415.50018  22.5%     -  181s
H    0     0                    1819.3096014 1415.50018  22.2%     -  182s
H    0     0                    1819.2577848 1415.50018  22.2%     -  182s
H    0     0                    1818.7775507 1415.50018  22.2%     -  183s
H    0     0                    1818.6074800 1415.50018  22.2%     -  183s
H    0     0                    1815.6653947 1415.50018  22.0%     -  184s
H    0     0                    1810.8146633 1415.50018  21.8%     -  185s
     0     0 1415.50018    0  638 1810.81466 1415.50018  21.8%     -  191s
     0     0 1415.50018    0  633 1810.81466 1415.50018  21.8%     -  194s
     0     0 1415.50018    0  636 1810.81466 1415.50018  21.8%     -  195s
     0     0 1415.50018    0  634 1810.81466 1415.50018  21.8%     -  197s
     0     0 1415.50018    0  640 1810.81466 1415.50018  21.8%     -  197s
     0     0 1415.77052    0  675 1810.81466 1415.77052  21.8%     -  201s
     0     0 1415.77372    0  672 1810.81466 1415.77372  21.8%     -  201s
     0     0 1418.43134    0  653 1810.81466 1418.43134  21.7%     -  208s
     0     0 1418.48145    0  649 1810.81466 1418.48145  21.7%     -  208s
     0     0 1418.48145    0  649 1810.81466 1418.48145  21.7%     -  209s
     0     0 1420.97111    0  645 1810.81466 1420.97111  21.5%     -  214s
     0     0 1420.97246    0  633 1810.81466 1420.97246  21.5%     -  214s
     0     0 1421.15423    0  674 1810.81466 1421.15423  21.5%     -  216s
     0     0 1421.15437    0  673 1810.81466 1421.15437  21.5%     -  217s
     0     0 1423.00739    0  651 1810.81466 1423.00739  21.4%     -  219s
     0     0 1439.01603    0  663 1810.81466 1439.01603  20.5%     -  221s
     0     0 1439.01644    0  664 1810.81466 1439.01644  20.5%     -  221s
     0     0 1442.65817    0  661 1810.81466 1442.65817  20.3%     -  224s
     0     0 1446.19201    0  668 1810.81466 1446.19201  20.1%     -  225s
     0     0 1446.94083    0  676 1810.81466 1446.94083  20.1%     -  227s
     0     0 1468.72855    0  670 1810.81466 1468.72855  18.9%     -  227s
     0     0 1468.72855    0  677 1810.81466 1468.72855  18.9%     -  229s
     0     0 1468.72855    0  675 1810.81466 1468.72855  18.9%     -  230s
     0     0 1468.72855    0  672 1810.81466 1468.72855  18.9%     -  231s
     0     0 1468.72855    0  672 1810.81466 1468.72855  18.9%     -  232s
     0     0 1468.72855    0  611 1810.81466 1468.72855  18.9%     -  234s
H    0     2                    1810.4369359 1468.72985  18.9%     -  263s
     0     2 1468.72985    0  605 1810.43694 1468.72985  18.9%     -  263s
     1     3 1474.33541    1  647 1810.43694 1468.97368  18.9% 20626  281s
     2     5 1475.48566    2  669 1810.43694 1468.97368  18.9% 10756  300s

Cutting planes:
  Gomory: 5
  Cover: 10
  Implied bound: 202
  Clique: 7
  MIR: 54
  Flow cover: 146
  GUB cover: 1
  Zero half: 68
  Network: 1
  RLT: 4
  Relax-and-lift: 225

Explored 4 nodes (417679 simplex iterations) in 300.01 seconds (653.21 work units)
Thread count was 4 (of 32 available processors)

Solution count 10: 1810.44 1810.81 1815.67 ... 1840.88

Time limit reached
Best objective 1.810436935892e+03, best bound 1.468973681179e+03, gap 18.8608%

User-callback calls 50523, time in user-callback 0.02 sec
Cap boundary opt: PORT-591 stations=160 obj=1810.437 real=1999.580 baseline=2020.119
Set parameter Username
Set parameter LicenseID to value 2738882
Academic license - for non-commercial use only - expires 2026-11-14
Segment 1 eval: start=BOAT-0 end=PORT-583 stations=50 (optimize)
  Segment 1 order: -501 -500 -499 -498 -497 -496 -495 112 113 -494 114 -275 -111 -274 -107 -106 -105 104 -103 -102 -101 108 109 110 -273 -272 271 253 252 249 -248 -247 -245 -244 -243 -238 237 -215 -214 213 -192 218 -191 219 -190 -223 222 -230 -134 -133
Segment 2 eval: start=PORT-583 end=PORT-581 stations=58 (optimize)
  Segment 2 order: -132 -181 -180 -229 -231 232 233 234 -235 -227 228 -179 -135 136 152 153 154 174 175 -176 -177 171 168 -165 166 -164 -162 -161 -160 159 163 167 172 173 155 156 157 158 -150 -149 -148 -147 -146 -145 -144 -142 -9 -8 -141 -140 -139 151 -138 -137 -2 90 -94 -92
Segment 3 eval: start=PORT-581 end=PORT-591 stations=80 (optimize)
  Segment 3 order: 56 55 -54 -53 -52 -51 -50 -49 -48 -39 -38 -37 66 67 68 69 -36 -35 -32 -31 -29 -27 26 28 30 -33 -34 41 42 43 44 45 46 -40 47 396 397 -398 -395 -394 -393 -392 -391 -390 -389 -388 -387 402 -403 385 -384 -383 -382 -414 -413 412 -409 408 -410 411 380 378 -379 -377 -376 -375 374 -373 -372 -371 -370 369 359 360 -358 -353 -350 -349 -326 328
Segment 4 eval: start=PORT-591 end=PORT-593 stations=45 (optimize)
  Segment 4 order: 276 277 278 279 280 281 557 -556 282 283 -284 555 558 559 -560 561 563 564 565 566 567 568 570 571 573 574 -577 576 -527 528 435 438 448 453 456 457 458 -455 -454 -452 -451 -450 -449 -444 513
Segment 5 eval: start=PORT-593 end=PORT-591 stations=115 (optimize)
  Segment 5 order: -170 -169 22 23 24 -96 -95 91 -89 88 -87 86 -85 -84 -83 -82 -81 -80 79 -78 -77 -70 -76 75 72 73 -74 -71 65 -63 64 57 59 -58 60 61 62 -386 -401 400 399 407 -406 -405 -404 -415 416 418 419 420 421 -423 -422 424 -417 425 381 426 -368 -367 -365 364 363 362 361 -348 -332 -331 -330 -329 327 -325 -324 -323 -321 -320 -319 -318 313 -312 -311 309 310 -292 293 294 -307 303 -304 -302 -301 -300 -299 298 305 -306 -297 -296 295 -291 -290 -289 288 314 315 317 -340 -339 -338 -337 -336 -335 -334 -333 347
Segment 6 eval: start=PORT-591 end=PORT-583 stations=45 (optimize)
  Segment 6 order: -346 -345 -344 -343 -342 -341 -316 -287 -286 -285 -552 -551 -550 -553 554 562 -549 -548 -547 -546 -545 541 542 543 540 -544 -539 -538 536 -537 569 572 534 535 -514 -512 -436 -437 -440 441 442 -443 -506 -505 465
Segment 7 eval: start=PORT-583 end=PORT-588 stations=40 (optimize)
  Segment 7 order: 97 98 99 100 -246 -242 241 -240 -239 -236 221 220 -216 -212 -211 210 -208 250 251 -207 -205 -202 203 204 -131 -129 130 -256 257 259 258 -128 -127 126 -125 -124 -264 268 269 270
Segment 8 eval: start=PORT-588 end=PORT-581 stations=47 (optimize)
  Segment 8 order: 118 119 -120 121 122 473 481 -480 469 470 -471 472 123 -266 -267 -265 -263 -262 -261 260 254 255 -206 209 -201 200 -199 -198 -197 -196 -195 -194 -193 -217 -189 -188 224 -225 -187 -186 -185 -184 183 182 226 178 13
Segment 9 eval: start=PORT-581 end=PORT-591 stations=35 (optimize)
  Segment 9 order: -93 25 5 10 11 12 -14 18 -21 20 -19 -17 -16 -15 -143 6 -7 4 -3 -1 117 -116 115 -475 -474 466 -467 -479 -478 -476 477 483 524 533 308
Segment 10 eval: start=PORT-591 end=PORT-593 stations=22 (optimize)
  Segment 10 order: 366 -357 -356 -355 354 -352 -351 -322 -532 -531 -530 -529 575 -526 525 578 579 580 -523 -522 -521 -517
Segment 11 eval: start=PORT-593 end=PORT-584 stations=33 (optimize)
  Segment 11 order: 515 516 519 -520 -518 -427 428 429 430 431 432 433 -434 447 -446 -445 439 -511 -510 -509 -508 -507 -504 -503 -488 -487 489 -482 493 -492 -491 -490 -502
Segment 12 eval: start=PORT-584 end=PORT-584 stations=0 (direct)
Segment 13 eval: start=PORT-584 end=BOAT-END stations=10 (optimize)
  Segment 13 order: -485 -461 -460 -459 -468 -464 -463 -484 462 -486
Cap boundary debug: PORT-591 -> [346 345 344 343 342 341 316 287 286 285 552 551 550 553 554 562 549 548 547 546 545 541 542 543 540 544 539 538 537 536 535 534 569 572 514 440 443 506 465 505 442 441 437 436 512] -> PORT-583 -> [97 98 99 100 246 242 241 240 239 236 221 220 216 212 211 210 208 250 251 207 205 202 203 204 131 129 130 256 257 259 258 128 127 126 125 124 264 268 269 270] -> PORT-588 | load_left=41591 load_right=44013 cap=45000
Set parameter Username
Set parameter LicenseID to value 2738882
Academic license - for non-commercial use only - expires 2026-11-14
Set parameter TimeLimit to value 300
Set parameter Seed to value 825914909
Set parameter Threads to value 4
Set parameter OutputFlag to value 1
Set parameter LogToConsole to value 1
Set parameter LazyConstraints to value 1
Gurobi Optimizer version 13.0.0 build v13.0.0rc1 (linux64 - "Debian GNU/Linux 13 (trixie)")

CPU model: AMD Ryzen 9 5950X 16-Core Processor, instruction set [SSE2|AVX|AVX2]
Thread count: 16 physical cores, 32 logical processors, using up to 4 threads

Non-default parameters:
TimeLimit  300
Seed  825914909
Threads  4
LazyConstraints  1

Optimize a model with 32002 rows, 90828 columns and 181644 nonzeros (Min)
Model fingerprint: 0x084857fb
Model has 29928 linear objective coefficients
Variable types: 60552 continuous, 30276 integer (30276 binary)
Coefficient statistics:
  Matrix range     [1e+00, 4e+04]
  Objective range  [4e-01, 1e+05]
  Bounds range     [1e+00, 4e+04]
  RHS range        [1e+00, 1e+04]
Presolve removed 1904 rows and 31403 columns
Presolve time: 0.31s
Presolved: 30098 rows, 59425 columns, 177891 nonzeros
Variable types: 29410 continuous, 30015 integer (30015 binary)
Root relaxation presolved: 30098 rows, 59425 columns, 177891 nonzeros

Deterministic concurrent LP optimizer: primal and dual simplex
Showing primal log only...

Concurrent spin time: 0.00s

Solved with primal simplex

Root relaxation: objective 7.599715e+02, 38391 iterations, 1.52 seconds (2.86 work units)

    Nodes    |    Current Node    |     Objective Bounds      |     Work
 Expl Unexpl |  Obj  Depth IntInf | Incumbent    BestBd   Gap | It/Node Time

     0     0  759.97150    0  291          -  759.97150      -     -    2s
H    0     0                    1765.3803010  759.97150  57.0%     -    3s
H    0     0                    1658.4076472  759.97150  54.2%     -    3s
H    0     0                    1594.6012641  759.97150  52.3%     -    3s
H    0     0                    1590.5798907  759.97150  52.2%     -    3s
H    0     0                    1590.4258324  759.97150  52.2%     -    3s
H    0     0                    1590.3253511  759.97150  52.2%     -    3s
H    0     0                    1488.3789354  759.97150  48.9%     -    3s
H    0     0                    1381.3031837  759.97150  45.0%     -    3s
H    0     0                    1362.0062468  759.97150  44.2%     -    3s
H    0     0                    1353.1839753  759.97150  43.8%     -    3s
H    0     0                    1347.1448312  759.97150  43.6%     -    3s
H    0     0                    1340.9605605  759.97150  43.3%     -    3s
H    0     0                    1335.3464549  759.97150  43.1%     -    4s
H    0     0                    1332.0286210  759.97150  42.9%     -    4s
     0     0  759.97150    0  291 1332.02862  759.97150  42.9%     -    4s
     0     0  763.73152    0  321 1332.02862  763.73152  42.7%     -    7s
H    0     0                    1324.7136628  763.73152  42.3%     -    8s
H    0     0                    1161.9676555  763.73152  34.3%     -    8s
H    0     0                    1021.3965353  763.73152  25.2%     -    8s
H    0     0                    1009.1120013  763.73152  24.3%     -    8s
H    0     0                    1005.7263038  763.73152  24.1%     -    8s
H    0     0                    1005.2697543  763.73152  24.0%     -    9s
H    0     0                    1000.6638913  763.73152  23.7%     -    9s
H    0     0                     999.2998419  763.73152  23.6%     -    9s
H    0     0                     995.6438755  763.73152  23.3%     -   10s
H    0     0                     985.6748015  763.73152  22.5%     -   10s
     0     0  763.76421    0  323  985.67480  763.76421  22.5%     -   11s
     0     0  767.58565    0  352  985.67480  767.58565  22.1%     -   12s
     0     0  767.58565    0  295  985.67480  767.58565  22.1%     -   14s
H    0     0                     978.6413958  767.58565  21.6%     -   14s
     0     0  767.58565    0  341  978.64140  767.58565  21.6%     -   16s
H    0     0                     973.8233261  768.14381  21.1%     -   18s
     0     0  768.14381    0  352  973.82333  768.14381  21.1%     -   20s
     0     0  768.14381    0  353  973.82333  768.14381  21.1%     -   20s
     0     0  768.70172    0  360  973.82333  768.70172  21.1%     -   21s
     0     0  769.71074    0  355  973.82333  769.71074  21.0%     -   22s
     0     0  769.71074    0  356  973.82333  769.71074  21.0%     -   22s
     0     0  769.71074    0  357  973.82333  769.71074  21.0%     -   22s
     0     0  771.74867    0  365  973.82333  771.74867  20.8%     -   24s
     0     0  772.42224    0  361  973.82333  772.42224  20.7%     -   24s
     0     0  772.42224    0  361  973.82333  772.42224  20.7%     -   24s
     0     0  776.70700    0  373  973.82333  776.70700  20.2%     -   26s
     0     0  777.41125    0  383  973.82333  777.41125  20.2%     -   26s
     0     0  777.41125    0  387  973.82333  777.41125  20.2%     -   26s
     0     0  777.41125    0  386  973.82333  777.41125  20.2%     -   26s
     0     0  777.55649    0  392  973.82333  777.55649  20.2%     -   27s
     0     0  777.57448    0  388  973.82333  777.57448  20.2%     -   28s
     0     0  777.57468    0  388  973.82333  777.57468  20.2%     -   28s
     0     0  777.65999    0  389  973.82333  777.65999  20.1%     -   29s
     0     0  786.47987    0  389  973.82333  786.47987  19.2%     -   30s
     0     0  786.47987    0  385  973.82333  786.47987  19.2%     -   31s
     0     0  786.47987    0  387  973.82333  786.47987  19.2%     -   31s
     0     0  786.47987    0  387  973.82333  786.47987  19.2%     -   31s
     0     0  786.47987    0  390  973.82333  786.47987  19.2%     -   32s
     0     0  786.47987    0  388  973.82333  786.47987  19.2%     -   32s
     0     0  786.47987    0  388  973.82333  786.47987  19.2%     -   32s
     0     0  786.47987    0  387  973.82333  786.47987  19.2%     -   33s
     0     0  786.47987    0  387  973.82333  786.47987  19.2%     -   33s
     0     0  786.47987    0  408  973.82333  786.47987  19.2%     -   34s
     0     0  786.47987    0  407  973.82333  786.47987  19.2%     -   34s
     0     0  786.47987    0  398  973.82333  786.47987  19.2%     -   35s
     0     0  786.47987    0  397  973.82333  786.47987  19.2%     -   35s
     0     0  786.47987    0  399  973.82333  786.47987  19.2%     -   35s
     0     0  786.47987    0  393  973.82333  786.47987  19.2%     -   35s
     0     0  786.47987    0  391  973.82333  786.47987  19.2%     -   35s
     0     0  786.47987    0  388  973.82333  786.47987  19.2%     -   35s
     0     0  786.47987    0  386  973.82333  786.47987  19.2%     -   36s
     0     0  786.47987    0  400  973.82333  786.47987  19.2%     -   36s
     0     0  786.47987    0  400  973.82333  786.47987  19.2%     -   36s
     0     0  786.47987    0  386  973.82333  786.47987  19.2%     -   37s
     0     0  786.47987    0  385  973.82333  786.47987  19.2%     -   37s
     0     0  786.47987    0  388  973.82333  786.47987  19.2%     -   37s
     0     0  786.47987    0  396  973.82333  786.47987  19.2%     -   38s
     0     0  786.47987    0  389  973.82333  786.47987  19.2%     -   38s
     0     0  786.47987    0  386  973.82333  786.47987  19.2%     -   38s
     0     0  786.47987    0  386  973.82333  786.47987  19.2%     -   38s
     0     0  786.47987    0  393  973.82333  786.47987  19.2%     -   39s
     0     0  786.47987    0  393  973.82333  786.47987  19.2%     -   39s
     0     0  786.47987    0  392  973.82333  786.47987  19.2%     -   39s
     0     0  786.47987    0  387  973.82333  786.47987  19.2%     -   39s
     0     0  786.47987    0  388  973.82333  786.47987  19.2%     -   40s
     0     0  786.47987    0  389  973.82333  786.47987  19.2%     -   40s
     0     0  786.47987    0  387  973.82333  786.47987  19.2%     -   40s
     0     0  786.47987    0  379  973.82333  786.47987  19.2%     -   40s
     0     0  786.47987    0  385  973.82333  786.47987  19.2%     -   40s
     0     0  786.47987    0  385  973.82333  786.47987  19.2%     -   40s
     0     0  786.47987    0  393  973.82333  786.47987  19.2%     -   41s
     0     0  786.47987    0  393  973.82333  786.47987  19.2%     -   41s
     0     0  786.47987    0  383  973.82333  786.47987  19.2%     -   41s
     0     2  786.47987    0  382  973.82333  786.47987  19.2%     -   44s
     1     4  908.01091    1  223  973.82333  888.04338  8.81% 10819   46s
    46    59  914.62347   12  210  973.82333  908.48773  6.71%  1561   50s
   454   486  913.12493    4  188  973.82333  908.75121  6.68%   306   55s
H 1141  1092                     973.6271912  908.75121  6.66%   169   59s
  1145  1210  919.30495   91  180  973.62719  908.75121  6.66%   168   60s
  1486  1407  933.69119  210  352  973.62719  908.75121  6.66%   141   68s
  1488  1408  955.01923  220  279  973.62719  908.75121  6.66%   141   70s
  1496  1414  930.49810  125  383  973.62719  908.75121  6.66%   140   75s
  1500  1421  908.75121   15  394  973.62719  908.75121  6.66%   192   80s
  1508  1433  908.75121   17  221  973.62719  908.75121  6.66%   216   85s
  1574  1473  914.70089   24  187  973.62719  908.75121  6.66%   237   90s
  1634  1518  931.31296   31  159  973.62719  908.75121  6.66%   246   95s
  1710  1561  940.65458   39  147  973.62719  908.75121  6.66%   260  100s
  1845  1566  935.45585   47  160  973.62719  908.75121  6.66%   261  105s
  1917  1581  943.06264   51  152  973.62719  908.76241  6.66%   271  110s
  2121  1572  943.36532   66  185  973.62719  910.41646  6.49%   273  115s
  2264  1663  919.25924   30  196  973.62719  910.54654  6.48%   278  120s
  2552  1698  923.39708   19  192  973.62719  910.78949  6.45%   267  125s
  2965  1743  935.66009   43  173  973.62719  911.04973  6.43%   242  130s
  3292  1876  946.27163  172  153  973.62719  911.04973  6.43%   224  135s
  3916  2017  955.78713   80  109  973.62719  912.48883  6.28%   208  140s
  4136  2162  963.47619   35  126  973.62719  913.27861  6.20%   208  145s
  4405  2344  930.04167   30  169  973.62719  913.90247  6.13%   209  151s
  5026  2499  921.79125   22  210  973.62719  914.17926  6.11%   202  156s
  5300  2658  942.69720   53  176  973.62719  914.17926  6.11%   208  160s
  5916  3024  918.99850   26  176  973.62719  914.73854  6.05%   206  167s
  6613  3682  921.39147   20  191  973.62719  914.88374  6.03%   197  172s
  7469  4310  929.19081   50  147  973.62719  915.03384  6.02%   185  177s
  7778  4606  927.52292   58  171  973.62719  915.19549  6.00%   184  180s
  8188  4769  942.01391  154  170  973.62719  915.29550  5.99%   181  187s
  8333  4997  943.09090  157  173  973.62719  915.29550  5.99%   179  191s
H 8529  4900                     969.8935351  915.29550  5.63%   177  191s
  8985  5593  936.42482   49  189  969.89354  915.59665  5.60%   174  197s
  9505  5858  926.76128   36  176  969.89354  915.59943  5.60%   170  200s
 10248  6444  936.64125   33  163  969.89354  916.21990  5.53%   171  208s
 10768  6813  931.04440   52  148  969.89354  916.28548  5.53%   171  212s
H11206  6168                     959.2936646  916.28548  4.48%   170  218s
 11464  6461  952.36449  120  153  959.29366  916.39009  4.47%   169  222s
 11956  6612  925.73681   33  179  959.29366  916.61405  4.45%   170  228s
 12204  6925  929.59308   24  173  959.29366  916.71681  4.44%   169  233s
 12725  7271  947.35396   56  142  959.29366  916.81587  4.43%   172  238s
 13326  7629  932.72137   36  196  959.29366  917.17900  4.39%   173  242s
 13892  8118  943.99204   38  129  959.29366  917.45748  4.36%   172  247s
 14639  8629  921.58113   25  215  959.29366  917.71648  4.33%   170  252s
 15413  8907  958.79898   59  142  959.29366  918.02829  4.30%   168  257s
 16009  9331  931.77876   27  196  959.29366  918.18743  4.29%   168  261s
 16644  9962  926.94455   24  184  959.29366  918.44391  4.26%   167  266s
 17502 10465  928.45252   41  185  959.29366  918.63026  4.24%   164  271s
 18192 11010     cutoff   36       959.29366  918.76836  4.22%   163  275s
 19019 11485  926.66894   42  181  959.29366  919.00859  4.20%   161  280s
 20488 12543  944.97580   39  134  959.29366  919.37554  4.16%   159  289s
 21358 12926  934.23990   61  146  959.29366  919.51247  4.15%   157  293s
 21956 13215 infeasible   59       959.29366  919.60975  4.14%   156  297s
 22506 13531  950.14504   38  164  959.29366  919.62792  4.13%   157  300s

Cutting planes:
  Learned: 1
  Cover: 5
  Implied bound: 65
  Clique: 1
  MIR: 18
  Flow cover: 41
  Zero half: 36
  RLT: 5
  Relax-and-lift: 54
  BQP: 2
  Lazy constraints: 2

Explored 23011 nodes (3726620 simplex iterations) in 300.00 seconds (1140.15 work units)
Thread count was 4 (of 32 available processors)

Solution count 10: 959.294 969.894 973.627 ... 1005.27

Time limit reached
Best objective 9.592936646374e+02, best bound 9.197525137062e+02, gap 4.1219%

User-callback calls 79485, time in user-callback 0.01 sec
Cap boundary reject: PORT-583 segment infeasible left=100552.771 right=1068.771
Cap boundary reject: PORT-583 real=1000000000000000052504760255204420248704468581108159154915854115511802457988908195786371375080447864043704443832883878176942523235360430575644792184786706982848387200926575803737830233794788090059368953234970799945081119038967640880074652742780142494579258788820056842838115669472196386865459400540160.000 baseline=984.579
Cap boundary debug: PORT-583 -> [97 98 99 100 246 242 241 240 239 236 221 220 216 212 211 210 208 250 251 207 205 202 203 204 131 129 130 256 257 259 258 128 127 126 125 124 264 268 269 270] -> PORT-588 -> [118 119 120 121 122 473 481 469 470 471 472 123 266 267 265 263 262 261 260 254 255 206 209 201 200 199 198 197 196 195 194 193 217 189 188 224 225 187 186 185 184 183 182 226 178 13 480] -> PORT-581 | load_left=44013 load_right=44420 cap=45000
Set parameter Username
Set parameter LicenseID to value 2738882
Academic license - for non-commercial use only - expires 2026-11-14
Set parameter TimeLimit to value 300
Set parameter Seed to value 1895925545
Set parameter Threads to value 4
Set parameter OutputFlag to value 1
Set parameter LogToConsole to value 1
Set parameter LazyConstraints to value 1
Gurobi Optimizer version 13.0.0 build v13.0.0rc1 (linux64 - "Debian GNU/Linux 13 (trixie)")

CPU model: AMD Ryzen 9 5950X 16-Core Processor, instruction set [SSE2|AVX|AVX2]
Thread count: 16 physical cores, 32 logical processors, using up to 4 threads

Non-default parameters:
TimeLimit  300
Seed  1895925545
Threads  4
LazyConstraints  1

Optimize a model with 33450 rows, 95052 columns and 190092 nonzeros (Min)
Model fingerprint: 0x8125c1e3
Model has 31328 linear objective coefficients
Variable types: 63368 continuous, 31684 integer (31684 binary)
Coefficient statistics:
  Matrix range     [1e+00, 4e+04]
  Objective range  [3e-01, 1e+05]
  Bounds range     [1e+00, 4e+04]
  RHS range        [1e+00, 9e+03]
Presolve removed 1948 rows and 32837 columns
Presolve time: 0.30s
Presolved: 31502 rows, 62215 columns, 186243 nonzeros
Variable types: 30798 continuous, 31417 integer (31417 binary)
Root relaxation presolved: 31502 rows, 62215 columns, 186243 nonzeros

Deterministic concurrent LP optimizer: primal and dual simplex
Showing primal log only...

Concurrent spin time: 0.00s

Solved with primal simplex

Root relaxation: objective 7.505011e+02, 65089 iterations, 2.72 seconds (5.40 work units)

    Nodes    |    Current Node    |     Objective Bounds      |     Work
 Expl Unexpl |  Obj  Depth IntInf | Incumbent    BestBd   Gap | It/Node Time

     0     0  750.50114    0  318          -  750.50114      -     -    4s
H    0     0                    101711.91009  750.50114  99.3%     -    4s
H    0     0                    101664.69331  750.50114  99.3%     -    4s
H    0     0                    101663.54794  750.50114  99.3%     -    5s
H    0     0                    1129.9578734  750.50114  33.6%     -    5s
H    0     0                    1125.7403570  750.50114  33.3%     -    5s
H    0     0                    1074.4643663  750.50114  30.2%     -    5s
H    0     0                    1057.6815596  750.50114  29.0%     -    6s
H    0     0                    1046.3198926  750.50114  28.3%     -    7s
H    0     0                    1024.1706831  750.50114  26.7%     -    8s
H    0     0                    1022.5607102  750.50114  26.6%     -    8s
     0     0  752.49969    0  336 1022.56071  752.49969  26.4%     -   14s
     0     0  752.50009    0  336 1022.56071  752.50009  26.4%     -   22s
H    0     0                     995.0552451  752.50009  24.4%     -   24s
H    0     0                     983.5096496  752.50009  23.5%     -   25s
H    0     0                     972.0388456  752.50009  22.6%     -   26s
H    0     0                     971.8683613  752.50009  22.6%     -   27s
H    0     0                     946.1192492  752.50009  20.5%     -   27s
H    0     0                     936.6574620  752.50009  19.7%     -   28s
H    0     0                     927.2020484  752.50009  18.8%     -   29s
H    0     0                     909.6384186  752.50009  17.3%     -   29s
H    0     0                     907.3604736  752.50009  17.1%     -   30s
H    0     0                     904.2873847  752.50009  16.8%     -   31s
H    0     0                     899.8749796  752.50009  16.4%     -   31s
H    0     0                     898.8481445  752.50009  16.3%     -   32s
     0     0  754.12813    0  341  898.84814  754.12813  16.1%     -   35s
     0     0  754.26546    0  348  898.84814  754.26546  16.1%     -   36s
     0     0  754.26546    0  347  898.84814  754.26546  16.1%     -   36s
     0     0  755.49199    0  358  898.84814  755.49199  15.9%     -   38s
     0     0  755.62517    0  346  898.84814  755.62517  15.9%     -   39s
     0     0  755.62530    0  346  898.84814  755.62530  15.9%     -   39s
     0     0  756.71508    0  366  898.84814  756.71508  15.8%     -   43s
     0     0  756.82418    0  373  898.84814  756.82418  15.8%     -   43s
     0     0  756.82418    0  373  898.84814  756.82418  15.8%     -   44s
     0     0  757.89263    0  380  898.84814  757.89263  15.7%     -   51s
     0     0  758.44478    0  369  898.84814  758.44478  15.6%     -   53s
     0     0  758.44478    0  364  898.84814  758.44478  15.6%     -   53s
     0     0  759.44704    0  377  898.84814  759.44704  15.5%     -   56s
     0     0  759.44704    0  378  898.84814  759.44704  15.5%     -   56s
     0     0  759.72588    0  378  898.84814  759.72588  15.5%     -   58s
     0     0  759.74118    0  387  898.84814  759.74118  15.5%     -   59s
     0     0  759.77548    0  385  898.84814  759.77548  15.5%     -   59s
     0     0  759.77548    0  383  898.84814  759.77548  15.5%     -   60s
     0     0  760.17320    0  376  898.84814  760.17320  15.4%     -   62s
     0     0  760.18377    0  379  898.84814  760.18377  15.4%     -   62s
     0     0  760.18384    0  374  898.84814  760.18384  15.4%     -   62s
     0     0  760.22571    0  371  898.84814  760.22571  15.4%     -   65s
     0     0  760.22632    0  390  898.84814  760.22632  15.4%     -   66s
     0     0  761.00653    0  404  898.84814  761.00653  15.3%     -   71s
     0     0  761.01605    0  406  898.84814  761.01605  15.3%     -   71s
     0     0  761.05186    0  403  898.84814  761.05186  15.3%     -   74s
     0     0  761.05186    0  403  898.84814  761.05186  15.3%     -   75s
     0     0  761.06649    0  400  898.84814  761.06649  15.3%     -   77s
     0     0  761.07707    0  397  898.84814  761.07707  15.3%     -   78s
     0     0  761.89796    0  402  898.84814  761.89796  15.2%     -   80s
     0     0  761.89834    0  404  898.84814  761.89834  15.2%     -   80s
     0     0  762.12757    0  401  898.84814  762.12757  15.2%     -   83s
     0     0  762.18724    0  398  898.84814  762.18724  15.2%     -   84s
     0     0  762.19137    0  403  898.84814  762.19137  15.2%     -   84s
     0     0  762.19137    0  404  898.84814  762.19137  15.2%     -   84s
     0     0  762.23084    0  403  898.84814  762.23084  15.2%     -   86s
     0     0  762.23084    0  400  898.84814  762.23084  15.2%     -   86s
     0     0  762.46256    0  406  898.84814  762.46256  15.2%     -   88s
     0     0  762.47166    0  410  898.84814  762.47166  15.2%     -   89s
     0     0  762.47323    0  413  898.84814  762.47323  15.2%     -   89s
     0     0  762.74968    0  408  898.84814  762.74968  15.1%     -   92s
     0     0  762.85892    0  416  898.84814  762.85892  15.1%     -   92s
     0     0  762.85892    0  416  898.84814  762.85892  15.1%     -   92s
     0     0  762.85892    0  420  898.84814  762.85892  15.1%     -   94s
H    0     0                     895.9183218  762.85892  14.9%     -   94s
     0     0  762.85892    0  418  895.91832  762.85892  14.9%     -   96s
     0     0  762.85892    0  407  895.91832  762.85892  14.9%     -   98s
     0     0  762.85892    0  414  895.91832  762.85892  14.9%     -   98s
     0     0  762.85892    0  414  895.91832  762.85892  14.9%     -  100s
     0     0  762.91886    0  414  895.91832  762.91886  14.8%     -  100s
     0     0  762.91886    0  394  895.91832  762.91886  14.8%     -  102s
     0     2  762.91886    0  394  895.91832  762.91886  14.8%     -  110s
     1     4  763.07699    1  390  895.91832  762.97868  14.8%  1317  118s
     3     8  763.21566    2  408  895.91832  763.21566  14.8%  8274  125s
     7    12  763.36151    3  398  895.91832  763.36151  14.8% 10852  131s
H   10    12                     890.3328573  763.40267  14.3%  9027  131s
    11    17  763.40267    4  402  890.33286  763.40267  14.3%  8404  136s
    17    21  763.54191    6  392  890.33286  763.40267  14.3%  8815  141s
H   18    21                     881.9673467  763.40267  13.4%  8325  141s
    21    24  763.56200    7  394  881.96735  763.40267  13.4%  7908  147s
    24    26  763.80844    8  394  881.96735  763.40267  13.4%  8253  154s
    26    27  779.80043    6  289  881.96735  763.40267  13.4%  8268  162s
    27    31  764.77744    9  373  881.96735  763.40267  13.4%  8020  174s
H   31    33                     881.9673443  763.40267  13.4%  8962  181s
H   33    36                     881.9673404  763.40267  13.4%  8715  186s
    37    39  777.16269   12  372  881.96734  763.40267  13.4%  8335  193s
    40    43  782.13379   10  351  881.96734  763.40267  13.4%  8004  200s
H   42    43                     872.4343054  763.40267  12.5%  7765  200s
    44    46  778.96556   13  322  872.43431  763.40267  12.5%  7922  206s
H   46    46                     854.6971729  763.40267  10.7%  7886  206s
H   47    46                     851.9517351  763.40267  10.4%  7772  206s
    48    51  779.00773   14  316  851.95174  763.40267  10.4%  7834  213s
    54    54  779.31761   15  328  851.95174  763.40267  10.4%  7666  218s
H   55    54                     850.2997067  763.40267  10.2%  7526  218s
    59    59  782.58793   12  331  850.29971  763.40267  10.2%  7287  226s
    64    63  779.77853   16  332  850.29971  763.40267  10.2%  8053  231s
H   67    63                     845.6163344  763.40267  9.72%  7947  231s
    68    72  784.82671   14  321  845.61633  763.40267  9.72%  8063  238s
    77    79  780.53900   17  330  845.61633  763.40267  9.72%  7490  245s
H   78    79                     845.5095434  763.40267  9.71%  7394  245s
    84    87  780.87854   18  250  845.50954  763.40267  9.71%  7316  252s
H   86    87                     845.5095372  763.40267  9.71%  7261  252s
H   89    87                     844.5600228  763.40267  9.61%  7039  252s
    92   102  780.81465   18  253  844.56002  763.40267  9.61%  7021  257s
   107   108  781.15585   21  241  844.56002  763.40267  9.61%  6372  262s
   113   117  781.28140   22  237  844.56002  763.40267  9.61%  6092  266s
   122   126  781.29414   23  240  844.56002  763.40267  9.61%  5763  270s
H  125   126                     844.5600226  763.40267  9.61%  5676  270s
H  129   126                     844.5600182  763.40267  9.61%  5531  270s
   131   139  782.39763   26  271  844.56002  763.40267  9.61%  5603  276s
   167   184  782.05891   29  238  844.56002  763.40267  9.61%  4980  285s
   191   188  782.58728   32  266  844.56002  763.40267  9.61%  4625  290s
H  193   188                     844.5600169  763.40267  9.61%  4578  290s
   195   216  783.65739   32  224  844.56002  763.40267  9.61%  4610  295s
   223   244  782.85904   33  313  844.56002  763.40267  9.61%  4129  300s

Cutting planes:
  Lift-and-project: 1
  Cover: 11
  Implied bound: 181
  MIR: 35
  Flow cover: 76
  Zero half: 47
  RLT: 8
  Relax-and-lift: 206
  BQP: 8
  Lazy constraints: 2

Explored 251 nodes (1137953 simplex iterations) in 300.01 seconds (992.04 work units)
Thread count was 4 (of 32 available processors)

Solution count 10: 844.56 845.51 845.616 ... 890.333

Time limit reached
Best objective 8.445600168629e+02, best bound 7.634026733326e+02, gap 9.6094%

User-callback calls 72227, time in user-callback 0.01 sec
Cap boundary reject: PORT-588 real=981.498 baseline=841.183
Cap boundary debug: PORT-588 -> [118 119 120 121 122 473 481 469 470 471 472 123 266 267 265 263 262 261 260 254 255 206 209 201 200 199 198 197 196 195 194 193 217 189 188 224 225 187 186 185 184 183 182 226 178 13 480] -> PORT-581 -> [93 25 5 143 15 16 17 19 20 21 18 14 12 11 10 6 7 4 3 1 117 116 115 476 477 478 475 474 479 466 467 483 524 533 308] -> PORT-591 | load_left=44420 load_right=44702 cap=45000
Set parameter Username
Set parameter LicenseID to value 2738882
Academic license - for non-commercial use only - expires 2026-11-14
Set parameter TimeLimit to value 300
Set parameter Seed to value 1833238108
Set parameter Threads to value 4
Set parameter OutputFlag to value 1
Set parameter LogToConsole to value 1
Set parameter LazyConstraints to value 1
Gurobi Optimizer version 13.0.0 build v13.0.0rc1 (linux64 - "Debian GNU/Linux 13 (trixie)")

CPU model: AMD Ryzen 9 5950X 16-Core Processor, instruction set [SSE2|AVX|AVX2]
Thread count: 16 physical cores, 32 logical processors, using up to 4 threads

Non-default parameters:
TimeLimit  300
Seed  1833238108
Threads  4
LazyConstraints  1

Optimize a model with 29890 rows, 84672 columns and 169332 nonzeros (Min)
Model fingerprint: 0xc51f06b3
Model has 27888 linear objective coefficients
Variable types: 56448 continuous, 28224 integer (28224 binary)
Coefficient statistics:
  Matrix range     [1e+00, 4e+04]
  Objective range  [3e-01, 1e+05]
  Bounds range     [1e+00, 4e+04]
  RHS range        [1e+00, 1e+04]
Presolve removed 1838 rows and 29312 columns
Presolve time: 0.28s
Presolved: 28052 rows, 55360 columns, 165721 nonzeros
Variable types: 27388 continuous, 27972 integer (27972 binary)
Root relaxation presolved: 28052 rows, 55360 columns, 165721 nonzeros

Deterministic concurrent LP optimizer: primal and dual simplex
Showing primal log only...

Concurrent spin time: 0.00s

Solved with primal simplex

Root relaxation: objective 1.127380e+03, 37888 iterations, 1.44 seconds (2.58 work units)

    Nodes    |    Current Node    |     Objective Bounds      |     Work
 Expl Unexpl |  Obj  Depth IntInf | Incumbent    BestBd   Gap | It/Node Time

     0     0 1127.37996    0  304          - 1127.37996      -     -    2s
H    0     0                    1586.4505203 1127.37996  28.9%     -    2s
H    0     0                    1569.6171691 1127.37996  28.2%     -    2s
H    0     0                    1564.2916860 1127.37996  27.9%     -    2s
H    0     0                    1497.0903204 1127.37996  24.7%     -    5s
H    0     0                    1438.9112163 1127.37996  21.7%     -    5s
     0     0 1129.45209    0  327 1438.91122 1129.45209  21.5%     -   10s
H    0     0                    1427.4722251 1129.45898  20.9%     -   10s
H    0     0                    1419.4716930 1129.45898  20.4%     -   11s
H    0     0                    1415.9013398 1129.45898  20.2%     -   11s
H    0     0                    1414.3551575 1129.45898  20.1%     -   12s
H    0     0                    1380.4801503 1129.45898  18.2%     -   12s
H    0     0                    1375.5882113 1129.45898  17.9%     -   12s
H    0     0                    1374.5548214 1129.45898  17.8%     -   13s
     0     0 1130.18891    0  335 1374.55482 1130.18891  17.8%     -   14s
     0     0 1130.18891    0  335 1374.55482 1130.18891  17.8%     -   14s
     0     0 1134.91445    0  340 1374.55482 1134.91445  17.4%     -   17s
     0     0 1135.03394    0  343 1374.55482 1135.03394  17.4%     -   18s
     0     0 1135.04601    0  347 1374.55482 1135.04601  17.4%     -   18s
     0     0 1135.04601    0  347 1374.55482 1135.04601  17.4%     -   18s
     0     0 1137.02560    0  349 1374.55482 1137.02560  17.3%     -   22s
     0     0 1137.15092    0  347 1374.55482 1137.15092  17.3%     -   22s
     0     0 1137.17577    0  353 1374.55482 1137.17577  17.3%     -   22s
     0     0 1137.19498    0  352 1374.55482 1137.19498  17.3%     -   23s
     0     0 1137.19513    0  352 1374.55482 1137.19513  17.3%     -   23s
     0     0 1138.65868    0  346 1374.55482 1138.65868  17.2%     -   26s
     0     0 1139.49634    0  354 1374.55482 1139.49634  17.1%     -   27s
     0     0 1139.52686    0  360 1374.55482 1139.52686  17.1%     -   27s
     0     0 1139.56356    0  359 1374.55482 1139.56356  17.1%     -   27s
     0     0 1139.56357    0  359 1374.55482 1139.56357  17.1%     -   27s
     0     0 1140.12189    0  346 1374.55482 1140.12189  17.1%     -   30s
     0     0 1140.14221    0  342 1374.55482 1140.14221  17.1%     -   30s
     0     0 1140.14221    0  348 1374.55482 1140.14221  17.1%     -   32s
     0     0 1140.14221    0  347 1374.55482 1140.14221  17.1%     -   32s
     0     0 1140.14221    0  355 1374.55482 1140.14221  17.1%     -   33s
     0     0 1140.14221    0  350 1374.55482 1140.14221  17.1%     -   33s
     0     0 1140.14578    0  351 1374.55482 1140.14578  17.1%     -   35s
     0     0 1140.14578    0  351 1374.55482 1140.14578  17.1%     -   35s
     0     0 1140.14578    0  351 1374.55482 1140.14578  17.1%     -   35s
     0     0 1140.14578    0  339 1374.55482 1140.14578  17.1%     -   35s
     0     2 1151.48143    0  337 1374.55482 1151.48143  16.2%     -   41s
     3     7 1151.48143    2  334 1374.55482 1151.48143  16.2%   713   45s
     9    15 1151.48143    4  293 1374.55482 1151.48143  16.2%  3782   51s
H   14    19                    1374.3804229 1151.48143  16.2%  4004   54s
H   15    19                    1365.4118486 1151.48143  15.7%  3834   54s
    18    28 1151.48143    5  295 1365.41185 1151.48143  15.7%  3652   57s
    35    45 1151.48143    7  272 1365.41185 1151.48143  15.7%  3191   61s
    65    74 1152.93616   14  256 1365.41185 1151.48143  15.7%  2574   67s
    73    79 1155.63452   15  260 1365.41185 1151.48143  15.7%  2760   70s
H   82    85                    1362.9908208 1151.48143  15.5%  2905   72s
    90    96 1158.75184   16  275 1362.99082 1151.48143  15.5%  2974   76s
   107   112 1162.57136   18  290 1362.99082 1151.48143  15.5%  2712   80s
H  109   112                    1356.8828123 1151.48143  15.1%  2674   80s
   205   227 1182.03543   36  241 1356.88281 1151.48143  15.1%  1607   85s
   295   333 1191.70000   56  283 1356.88281 1151.48143  15.1%  1292   90s
H  298   333                    1351.7100090 1151.48143  14.8%  1279   90s
   462   501 1202.25837   86  232 1351.71001 1151.48143  14.8%   930   95s
H  549   554                    1351.4772393 1151.48143  14.8%   833   97s
H  550   554                    1343.0573976 1151.48143  14.3%   831   97s
   617   686 1216.27990  139  177 1343.05740 1151.48143  14.3%   757  101s
   993  1107 1239.28255  263  172 1343.05740 1151.48143  14.3%   516  105s
  1465  1584 1285.05745  405  175 1343.05740 1151.48143  14.3%   386  110s
  1991  2085 1316.34338  554  146 1343.05740 1151.48143  14.3%   319  116s
  2222  2310 1153.73264    4  300 1343.05740 1151.48143  14.3%   304  122s
  2348  2311 1198.86226   54  339 1343.05740 1151.48143  14.3%   298  145s
H 2349  2196                    1321.5585305 1151.48143  12.9%   298  147s
  2350  2196 1321.55853  625  303 1321.55853 1151.48143  12.9%   298  151s
H 2350  2086                    1320.7923623 1151.48143  12.8%   298  158s
  2351  2087 1178.55796   25  317 1320.79236 1151.48143  12.8%   298  163s
  2353  2088 1284.72525  346  322 1320.79236 1151.48143  12.8%   297  165s
  2356  2090 1253.09442   95  325 1320.79236 1151.48143  12.8%   297  172s
  2358  2092 1313.58896  491  354 1320.79236 1151.48143  12.8%   297  178s
  2360  2093 1319.63438  587  334 1320.79236 1151.48143  12.8%   296  183s
  2363  2095 1208.94842   81  348 1320.79236 1151.48143  12.8%   296  185s
  2365  2096 1315.04037  407  335 1320.79236 1151.48143  12.8%   296  190s
  2366  2097 1320.79236  539  337 1320.79236 1151.48143  12.8%   296  195s
  2368  2098 1246.55232  310  344 1320.79236 1151.48143  12.8%   295  200s
  2370  2100 1265.57101  275  341 1320.79236 1151.48143  12.8%   295  212s
  2371  2103 1151.48143   15  337 1320.79236 1151.48143  12.8%   350  215s
  2377  2109 1151.48143   17  322 1320.79236 1151.48143  12.8%   356  221s
  2386  2116 1154.70821   19  329 1320.79236 1151.48143  12.8%   373  226s
  2396  2120 1154.88369   20  327 1320.79236 1151.48143  12.8%   386  234s
H 2400  2017                    1320.7923260 1151.48143  12.8%   386  238s
  2403  2021 1157.97914   21  329 1320.79233 1151.48143  12.8%   393  242s
  2408  2025 1157.97914   21  333 1320.79233 1151.48143  12.8%   399  246s
  2424  2037 1163.37434   23  330 1320.79233 1151.48143  12.8%   415  253s
  2433  2045 1165.00086   25  334 1320.79233 1151.48143  12.8%   422  256s
  2452  2050 1166.95651   27  329 1320.79233 1151.48143  12.8%   433  263s
  2456  2053 1168.59934   27  330 1320.79233 1151.48143  12.8%   435  266s
  2464  2058 1179.10747   28  323 1320.79233 1151.48143  12.8%   439  272s
  2468  2062 1170.51448   29  329 1320.79233 1151.48143  12.8%   439  275s
  2482  2072 1170.89541   30  323 1320.79233 1151.48143  12.8%   439  281s
  2508  2091 1172.40496   31  320 1320.79233 1151.48143  12.8%   443  286s
  2548  2118 1175.23567   33  329 1320.79233 1151.48143  12.8%   446  291s
  2590  2148 1184.55694   36  263 1320.79233 1151.48143  12.8%   450  296s
  2629  2169 1193.16841   40  277 1320.79233 1151.48143  12.8%   458  300s

Cutting planes:
  Cover: 8
  Implied bound: 89
  Projected implied bound: 9
  Clique: 1
  MIR: 29
  Flow cover: 52
  GUB cover: 3
  Zero half: 30
  Mod-K: 1
  RLT: 5
  Relax-and-lift: 71
  BQP: 3

Explored 2644 nodes (1279936 simplex iterations) in 300.01 seconds (1073.96 work units)
Thread count was 4 (of 32 available processors)

Solution count 10: 1320.79 1321.56 1343.06 ... 1374.55

Time limit reached
Best objective 1.320792326048e+03, best bound 1.151481430631e+03, gap 12.8189%

User-callback calls 48476, time in user-callback 0.01 sec
Cap boundary reject: PORT-581 segment infeasible left=1266.115 right=100624.774
Cap boundary reject: PORT-581 real=1000000000000000052504760255204420248704468581108159154915854115511802457988908195786371375080447864043704443832883878176942523235360430575644792184786706982848387200926575803737830233794788090059368953234970799945081119038967640880074652742780142494579258788820056842838115669472196386865459400540160.000 baseline=1416.752
Set parameter Username
Set parameter LicenseID to value 2738882
Academic license - for non-commercial use only - expires 2026-11-14
Segment 1 eval: start=BOAT-0 end=PORT-583 stations=50 (optimize)
  Segment 1 order: -501 -500 -499 -498 -497 -496 -495 112 113 -494 114 -275 -111 -274 -107 -106 -105 104 -103 -102 -101 108 109 110 -273 -272 271 253 252 249 -248 -247 -245 -244 -243 -238 237 -215 -214 213 -192 218 -191 219 -190 -223 222 -230 -134 -133
Segment 2 eval: start=PORT-583 end=PORT-581 stations=58 (optimize)
  Segment 2 order: -132 -181 -180 -229 -231 232 233 234 -235 -227 228 -179 -135 136 152 153 154 174 175 -176 -177 171 168 -165 166 -164 -162 -161 -160 159 163 167 172 173 155 156 157 158 -150 -149 -148 -147 -146 -145 -144 -142 -9 -8 -141 -140 -139 151 -138 -137 -2 90 -94 -92
Segment 3 eval: start=PORT-581 end=PORT-591 stations=80 (optimize)
  Segment 3 order: 56 55 -54 -53 -52 -51 -50 -49 -48 -39 -38 -37 66 67 68 69 -36 -35 -32 -31 -29 -27 26 28 30 -33 -34 41 42 43 44 45 46 -40 47 396 397 -398 -395 -394 -393 -392 -391 -390 -389 -388 -387 402 -403 385 -384 -383 -382 -414 -413 412 -409 408 -410 411 380 378 -379 -377 -376 -375 374 -373 -372 -371 -370 369 359 360 -358 -353 -350 -349 -326 328
Segment 4 eval: start=PORT-591 end=PORT-593 stations=45 (optimize)
  Segment 4 order: 276 277 278 279 280 281 557 -556 282 283 -284 555 558 559 -560 561 563 564 565 566 567 568 570 571 573 574 -577 576 -527 528 435 438 448 453 456 457 458 -455 -454 -452 -451 -450 -449 -444 513
Segment 5 eval: start=PORT-593 end=PORT-591 stations=115 (optimize)
  Segment 5 order: -170 -169 22 23 24 -96 -95 91 -89 88 -87 86 -85 -84 -83 -82 -81 -80 79 -78 -77 -70 -76 75 72 73 -74 -71 65 -63 64 57 59 -58 60 61 62 -386 -401 400 399 407 -406 -405 -404 -415 416 418 419 420 421 -423 -422 424 -417 425 381 426 -368 -367 -365 364 363 362 361 -348 -332 -331 -330 -329 327 -325 -324 -323 -321 -320 -319 -318 313 -312 -311 309 310 -292 293 294 -307 303 -304 -302 -301 -300 -299 298 305 -306 -297 -296 295 -291 -290 -289 288 314 315 317 -340 -339 -338 -337 -336 -335 -334 -333 347
Segment 6 eval: start=PORT-591 end=PORT-583 stations=45 (optimize)
  Segment 6 order: -346 -345 -344 -343 -342 -341 -316 -287 -286 -285 -552 -551 -550 -553 554 562 -549 -548 -547 -546 -545 541 542 543 540 -544 -539 -538 536 -537 569 572 534 535 -514 -512 -436 -437 -440 441 442 -443 -506 -505 465
Segment 7 eval: start=PORT-583 end=PORT-588 stations=40 (optimize)
  Segment 7 order: 97 98 99 100 -246 -242 241 -240 -239 -236 221 220 -216 -212 -211 210 -208 250 251 -207 -205 -202 203 204 -131 -129 130 -256 257 259 258 -128 -127 126 -125 -124 -264 268 269 270
Segment 8 eval: start=PORT-588 end=PORT-581 stations=47 (optimize)
  Segment 8 order: 118 119 -120 121 122 473 481 -480 469 470 -471 472 123 -266 -267 -265 -263 -262 -261 260 254 255 -206 209 -201 200 -199 -198 -197 -196 -195 -194 -193 -217 -189 -188 224 -225 -187 -186 -185 -184 183 182 226 178 13
Segment 9 eval: start=PORT-581 end=PORT-591 stations=35 (optimize)
  Segment 9 order: -93 25 5 10 11 12 -14 18 -21 20 -19 -17 -16 -15 -143 6 -7 4 -3 -1 117 -116 115 -475 -474 466 -467 -479 -478 -476 477 483 524 533 308
Segment 10 eval: start=PORT-591 end=PORT-593 stations=22 (optimize)
  Segment 10 order: 366 -357 -356 -355 354 -352 -351 -322 -532 -531 -530 -529 575 -526 525 578 579 580 -523 -522 -521 -517
Segment 11 eval: start=PORT-593 end=PORT-584 stations=33 (optimize)
  Segment 11 order: 515 516 519 -520 -518 -427 428 429 430 431 432 433 -434 447 -446 -445 439 -511 -510 -509 -508 -507 -504 -503 -488 -487 489 -482 493 -492 -491 -490 -502
Segment 12 eval: start=PORT-584 end=PORT-584 stations=0 (direct)
Segment 13 eval: start=PORT-584 end=BOAT-END stations=10 (optimize)
  Segment 13 order: -485 -461 -460 -459 -468 -464 -463 -484 462 -486
PROGRESS pass=3 changed=1 total=6588.010 best=6588.010 nseg=13 stall=0 mut=0/6
Capacity boundary sweep pass 4
Cap boundary debug: PORT-581 -> [68 69 67 66 53 54 56 55 52 51 38 48 39 40 47 46 43 45 44 42 41 34 33 30 29 27 26 28 31 32 36 35 37 50 49 396 397 398 395 394 393 392 391 390 389 388 387 402 385 403 384 383 382 414 413 412 409 408 410 411 380 378 379 377 376 375 374 373 372 371 370 369 359 360 358 353 349 350 326 328] -> PORT-591 -> [276 277 278 279 280 281 557 556 282 283 284 555 558 559 560 561 563 564 565 566 567 568 570 571 573 574 577 576 527 528 513 444 448 452 453 456 457 458 455 454 451 450 449 438 435] -> PORT-593 | load_left=43988 load_right=44927 cap=45000
Set parameter Username
Set parameter LicenseID to value 2738882
Academic license - for non-commercial use only - expires 2026-11-14
Set parameter TimeLimit to value 300
Set parameter Seed to value 1733048475
Set parameter Threads to value 4
Set parameter OutputFlag to value 1
Set parameter LogToConsole to value 1
Set parameter LazyConstraints to value 1
Gurobi Optimizer version 13.0.0 build v13.0.0rc1 (linux64 - "Debian GNU/Linux 13 (trixie)")

CPU model: AMD Ryzen 9 5950X 16-Core Processor, instruction set [SSE2|AVX|AVX2]
Thread count: 16 physical cores, 32 logical processors, using up to 4 threads

Non-default parameters:
TimeLimit  300
Seed  1733048475
Threads  4
LazyConstraints  1

Optimize a model with 67042 rows, 193548 columns and 387084 nonzeros (Min)
Model fingerprint: 0x9cc0c00a
Model has 64008 linear objective coefficients
Variable types: 129032 continuous, 64516 integer (64516 binary)
Coefficient statistics:
  Matrix range     [1e+00, 4e+04]
  Objective range  [6e-01, 1e+05]
  Bounds range     [1e+00, 4e+04]
  RHS range        [1e+00, 8e+03]
Presolve removed 2784 rows and 66163 columns
Presolve time: 0.62s
Presolved: 64258 rows, 127385 columns, 382664 nonzeros
Variable types: 63250 continuous, 64135 integer (64135 binary)
Root relaxation presolved: 64258 rows, 127385 columns, 382664 nonzeros

Deterministic concurrent LP optimizer: primal and dual simplex
Showing primal log only...


Root simplex log...

Iteration    Objective       Primal Inf.    Dual Inf.      Time
   72990    8.6422505e+02   0.000000e+00   1.958019e+00      5s
   94336    8.6008168e+02   0.000000e+00   0.000000e+00      8s
Concurrent spin time: 0.00s

Solved with primal simplex

Root relaxation: objective 8.600817e+02, 94336 iterations, 6.68 seconds (14.05 work units)

    Nodes    |    Current Node    |     Objective Bounds      |     Work
 Expl Unexpl |  Obj  Depth IntInf | Incumbent    BestBd   Gap | It/Node Time

     0     0  860.08168    0  433          -  860.08168      -     -    8s
H    0     0                    203371.83361  860.08168   100%     -    9s
H    0     0                    1367.4362444  860.08168  37.1%     -    9s
H    0     0                    1362.4261348  860.08168  36.9%     -    9s
H    0     0                    1358.4077116  860.08168  36.7%     -    9s
H    0     0                    1354.1125427  860.08168  36.5%     -   10s
H    0     0                    1352.2253923  860.08168  36.4%     -   12s
H    0     0                    1345.3612772  860.08168  36.1%     -   12s
H    0     0                    1345.3612767  860.08168  36.1%     -   13s
H    0     0                    1320.3708749  860.08168  34.9%     -   14s
H    0     0                    1319.2048033  860.08168  34.8%     -   14s
H    0     0                    1319.2047996  860.08168  34.8%     -   14s
     0     0  861.82492    0  483 1319.20480  861.82492  34.7%     -   17s
     0     0  861.82492    0  433 1319.20480  861.82492  34.7%     -   22s
H    0     0                    1302.8736139  861.82492  33.9%     -   23s
     0     0  867.89058    0  479 1302.87361  867.89058  33.4%     -   29s
H    0     0                    1284.9837736  868.14661  32.4%     -   30s
H    0     0                    1269.8415368  868.14661  31.6%     -   30s
H    0     0                    1254.8807505  868.14661  30.8%     -   30s
H    0     0                    1253.7501507  868.14661  30.8%     -   31s
H    0     0                    1253.7501293  868.14661  30.8%     -   31s
H    0     0                    1178.6818943  868.14661  26.3%     -   32s
H    0     0                    1164.0148930  868.14661  25.4%     -   33s
H    0     0                    1160.8642600  868.14661  25.2%     -   33s
H    0     0                    1153.8400211  868.14661  24.8%     -   34s
H    0     0                    1149.3263363  868.14661  24.5%     -   34s
H    0     0                    1142.7627946  868.14661  24.0%     -   34s
H    0     0                    1130.1207797  868.14661  23.2%     -   34s
H    0     0                    1121.1860708  868.14661  22.6%     -   34s
H    0     0                    1120.6895358  868.14661  22.5%     -   35s
     0     0  868.14661    0  467 1120.68954  868.14661  22.5%     -   36s
     0     0  868.14661    0  466 1120.68954  868.14661  22.5%     -   36s
     0     0  874.80846    0  505 1120.68954  874.80846  21.9%     -   40s
     0     0  874.86609    0  505 1120.68954  874.86609  21.9%     -   41s
     0     0  880.17614    0  507 1120.68954  880.17614  21.5%     -   47s
     0     0  880.44223    0  507 1120.68954  880.44223  21.4%     -   48s
     0     0  886.19289    0  508 1120.68954  886.19289  20.9%     -   56s
     0     0  886.31966    0  516 1120.68954  886.31966  20.9%     -   57s
     0     0  886.32229    0  516 1120.68954  886.32229  20.9%     -   57s
     0     0  887.35597    0  503 1120.68954  887.35597  20.8%     -   62s
H    0     0                    1115.0010795  887.73184  20.4%     -   64s
H    0     0                    1109.1828570  887.73184  20.0%     -   64s
H    0     0                    1108.9504202  887.73184  19.9%     -   66s
H    0     0                    1095.2660960  887.73184  18.9%     -   66s
H    0     0                    1091.3938334  887.73184  18.7%     -   66s
H    0     0                    1090.1289509  887.73184  18.6%     -   66s
H    0     0                    1089.3094859  887.73184  18.5%     -   68s
     0     0  887.73184    0  503 1089.30949  887.73184  18.5%     -   69s
     0     0  985.87046    0  486 1089.30949  985.87046  9.50%     -   71s
H    0     0                    1089.3094777  986.03790  9.48%     -   71s
     0     0  986.03790    0  492 1089.30948  986.03790  9.48%     -   73s
     0     0  986.03790    0  491 1089.30948  986.03790  9.48%     -   73s
     0     0  986.21564    0  506 1089.30948  986.21564  9.46%     -   74s
     0     0  986.21564    0  437 1089.30948  986.21564  9.46%     -   76s
H    0     0                    1089.0862232  986.21564  9.45%     -   76s
H    0     0                    1088.9985319  986.21564  9.44%     -   77s
     0     0  986.21564    0  487 1088.99853  986.21564  9.44%     -   82s
H    0     0                    1088.9985235  986.21564  9.44%     -   85s
     0     0  986.21564    0  484 1088.99852  986.21564  9.44%     -   90s
     0     0  986.22077    0  502 1088.99852  986.22077  9.44%     -   91s
     0     0  986.22349    0  504 1088.99852  986.22349  9.44%     -   91s
     0     0  986.26050    0  498 1088.99852  986.26050  9.43%     -   92s
     0     0  986.27188    0  485 1088.99852  986.27188  9.43%     -   92s
     0     0  986.66826    0  512 1088.99852  986.66826  9.40%     -   94s
     0     0  986.68779    0  508 1088.99852  986.68779  9.39%     -   94s
     0     0  989.60667    0  505 1088.99852  989.60667  9.13%     -   96s
     0     0  994.09187    0  509 1088.99852  994.09187  8.72%     -   97s
     0     0  994.19090    0  506 1088.99852  994.19090  8.71%     -   97s
     0     0  994.19198    0  498 1088.99852  994.19198  8.71%     -   97s
     0     0  994.24763    0  503 1088.99852  994.24763  8.70%     -   98s
     0     0  994.25331    0  503 1088.99852  994.25331  8.70%     -   98s
     0     0  994.34521    0  505 1088.99852  994.34521  8.69%     -   99s
     0     0  994.38413    0  506 1088.99852  994.38413  8.69%     -  101s
     0     0  994.65176    0  510 1088.99852  994.65176  8.66%     -  102s
     0     0  994.69687    0  513 1088.99852  994.69687  8.66%     -  102s
     0     0  995.43935    0  510 1088.99852  995.43935  8.59%     -  103s
     0     0  995.45929    0  511 1088.99852  995.45929  8.59%     -  103s
     0     0  995.61558    0  514 1088.99852  995.61558  8.58%     -  104s
     0     0  995.64152    0  515 1088.99852  995.64152  8.57%     -  104s
     0     0  995.64152    0  521 1088.99852  995.64152  8.57%     -  105s
     0     0  995.65065    0  521 1088.99852  995.65065  8.57%     -  105s
     0     0  995.65065    0  521 1088.99852  995.65065  8.57%     -  105s
     0     0  995.65065    0  519 1088.99852  995.65065  8.57%     -  107s
     0     2 1001.92051    0  518 1088.99852 1001.92051  8.00%     -  110s
    11    24 1001.92051    4  496 1088.99852 1001.92051  8.00%  1547  116s
   125   137 1026.82077   21  172 1088.99852 1001.92051  8.00%   729  120s
   359   337 1060.20149   67  146 1088.99852 1001.92051  8.00%   418  125s
   523   497     cutoff  144      1088.99852 1001.92051  8.00%   421  130s
H  586   550                    1088.9985168 1001.92051  8.00%   420  133s
   677   616 1019.90396   21  176 1088.99852 1001.92051  8.00%   406  135s
H  683   625                    1087.8059705 1001.92051  7.90%   409  136s
   811   748 1031.87827   54  192 1087.80597 1001.92051  7.90%   363  140s
  1165   996 1073.69428   69  483 1087.80597 1001.92051  7.90%   354  156s
  1167   997 1017.82759   18  426 1087.80597 1001.92051  7.90%   353  160s
  1168   998 1029.26026   36  486 1087.80597 1001.92051  7.90%   353  168s
  1169   999 1080.39832   83  471 1087.80597 1001.92051  7.90%   353  171s
  1175  1003 1021.07920    5  531 1087.80597 1001.92051  7.90%   351  175s
  1180  1006 1032.23520   41  508 1087.80597 1002.67571  7.83%   349  184s
  1181  1007 1015.32969   11  508 1087.80597 1008.12843  7.32%   349  187s
  1182  1010 1008.12843   13  203 1087.80597 1008.12843  7.32%   456  192s
  1188  1016 1010.01140   15  210 1087.80597 1008.12843  7.32%   467  195s
  1278  1069 1030.34853   25  176 1087.80597 1008.12843  7.32%   464  200s
  1380  1123 1045.72450   36  159 1087.80597 1008.12843  7.32%   464  205s
  1465  1129 1067.04669   48  128 1087.80597 1008.12843  7.32%   469  210s
  1491  1134 1069.33746   53  122 1087.80597 1008.12843  7.32%   481  215s
  1588  1155 infeasible   16      1087.80597 1012.28851  6.94%   483  220s
H 1593  1102                    1087.8059703 1012.28851  6.94%   485  220s
  1752  1180 1047.39515   26  184 1087.80597 1014.61239  6.73%   470  225s
  1989  1224 1054.78278   35  172 1087.80597 1015.64220  6.63%   454  231s
  2135  1275 1064.99693   27  169 1087.80597 1017.16694  6.49%   453  236s
  2460  1277 1025.59708   21  171 1087.80597 1018.96694  6.33%   430  242s
  2570  1329 1041.87958   37  166 1087.80597 1018.96694  6.33%   440  246s
  2798  1385 1048.63539   21  162 1087.80597 1022.92808  5.96%   437  250s
  3039  1410 1060.91941   27  162 1087.80597 1023.91621  5.87%   428  255s
  3315  1485 1072.67461   35  146 1087.80597 1024.35741  5.83%   426  261s
  3506  1492 infeasible   30      1087.80597 1025.38106  5.74%   428  265s
  3548  1483 1049.17958   36  180 1087.80597 1025.38106  5.74%   427  272s
  3553  1495 1070.36691   36  169 1087.80597 1026.14475  5.67%   427  275s
H 3583  1437                    1087.8059670 1026.14475  5.67%   427  275s
  3787  1566     cutoff   35      1087.80597 1026.56149  5.63%   424  281s
  4100  1723 1082.27963   73  154 1087.80597 1027.29217  5.56%   434  286s
H 4267  1723                    1087.8059557 1027.50058  5.54%   429  286s
  4353  1809 1050.76814   39  144 1087.80596 1028.30978  5.47%   427  292s
  4493  1931 1053.15240   46  101 1087.80596 1028.55814  5.45%   423  295s

Cutting planes:
  Gomory: 18
  Cover: 16
  Implied bound: 108
  Projected implied bound: 7
  MIR: 78
  Flow cover: 120
  Inf proof: 2
  Zero half: 46
  Network: 3
  RLT: 3
  Relax-and-lift: 78

Explored 4997 nodes (2474380 simplex iterations) in 300.01 seconds (850.25 work units)
Thread count was 4 (of 32 available processors)

Solution count 10: 1087.81 1087.81 1089 ... 1108.95

Time limit reached
Best objective 1.087805955748e+03, best bound 1.029424010189e+03, gap 5.3669%

User-callback calls 60482, time in user-callback 0.02 sec
Cap boundary reject: PORT-591 real=1084.156 baseline=1084.156
Cap boundary debug: PORT-591 -> [276 277 278 279 280 281 557 556 282 283 284 555 558 559 560 561 563 564 565 566 567 568 570 571 573 574 577 576 527 528 513 444 448 452 453 456 457 458 455 454 451 450 449 438 435] -> PORT-593 -> [170 169 22 23 24 96 95 91 89 81 88 87 86 85 84 83 82 80 79 78 77 70 76 75 72 73 74 71 57 59 58 60 64 65 63 61 62 386 401 400 399 407 406 405 404 415 418 419 420 421 423 422 424 425 417 416 381 426 368 367 365 364 362 361 348 363 347 333 334 336 337 338 339 321 323 324 325 327 329 331 332 330 335 340 320 319 318 317 315 314 313 312 288 311 309 310 295 296 297 306 305 298 299 300 301 302 304 303 307 294 293 292 291 290 289] -> PORT-591 | load_left=44927 load_right=44658 cap=45000
Set parameter Username
Set parameter LicenseID to value 2738882
Academic license - for non-commercial use only - expires 2026-11-14
Set parameter TimeLimit to value 300
Set parameter Seed to value 956056016
Set parameter Threads to value 4
Set parameter OutputFlag to value 1
Set parameter LogToConsole to value 1
Set parameter LazyConstraints to value 1
Gurobi Optimizer version 13.0.0 build v13.0.0rc1 (linux64 - "Debian GNU/Linux 13 (trixie)")

CPU model: AMD Ryzen 9 5950X 16-Core Processor, instruction set [SSE2|AVX|AVX2]
Thread count: 16 physical cores, 32 logical processors, using up to 4 threads

Non-default parameters:
TimeLimit  300
Seed  956056016
Threads  4
LazyConstraints  1

Optimize a model with 108202 rows, 314928 columns and 629844 nonzeros (Min)
Model fingerprint: 0x333bba22
Model has 104328 linear objective coefficients
Variable types: 209952 continuous, 104976 integer (104976 binary)
Coefficient statistics:
  Matrix range     [1e+00, 4e+04]
  Objective range  [4e-01, 1e+05]
  Bounds range     [1e+00, 4e+04]
  RHS range        [1e+00, 1e+04]
Presolve removed 3554 rows and 107078 columns
Presolve time: 0.81s
Presolved: 104648 rows, 207850 columns, 623886 nonzeros
Variable types: 103360 continuous, 104490 integer (104490 binary)
Root relaxation presolved: 104648 rows, 207850 columns, 623886 nonzeros

Deterministic concurrent LP optimizer: primal simplex, dual simplex, and barrier
Showing barrier log only...

Root barrier log...

Ordering time: 0.07s

Barrier statistics:
 AA' NZ     : 6.257e+05
 Factor NZ  : 1.349e+06 (roughly 140 MB of memory)
 Factor Ops : 7.103e+08 (less than 1 second per iteration)
 Threads    : 2

                  Objective                Residual
Iter       Primal          Dual         Primal    Dual     Compl     Time
   0   2.88210737e+10 -6.54394065e+13  2.90e+05 1.46e-11  2.12e+08     2s
   1   1.36902317e+10 -4.45542949e+13  1.38e+05 2.79e+04  1.24e+08     2s
   2   9.73012239e+09 -2.60776129e+12  9.80e+04 6.98e-10  2.82e+07     2s
   3   3.57902430e+09 -7.94261484e+11  3.60e+04 5.45e-10  9.76e+06     2s
   4   1.48403739e+09 -5.21155088e+11  1.49e+04 6.40e-10  4.36e+06     2s
   5   4.47497656e+08 -3.24698524e+11  4.47e+03 5.53e-10  1.61e+06     2s
   6   5.96863186e+07 -2.12758170e+11  5.57e+02 7.44e-10  5.28e+05     2s
   7   8.60669512e+06 -3.23302628e+10  4.19e+01 6.10e-10  6.86e+04     2s
   8   7.46701944e+06 -1.55893709e+10  3.04e+01 1.02e-09  3.39e+04     2s
   9   6.85516358e+06 -1.09134990e+10  2.38e+01 2.71e-09  2.34e+04     2s
  10   6.06827024e+06 -3.95260884e+09  1.59e+01 4.74e-08  8.29e+03     2s
  11   4.73433125e+06 -7.93327150e+08  2.95e+00 1.77e-08  1.57e+03     2s
  12   4.28525326e+06 -1.02417392e+08  9.36e-02 1.44e-08  2.06e+02     2s
  13   3.42900667e+06 -7.02923974e+07  1.76e-04 1.58e-08  1.42e+02     2s
  14   2.59663967e+06 -3.28263310e+07  7.28e-06 1.89e-08  6.82e+01     3s
  15   1.41499086e+06 -1.58224962e+07  1.81e-07 1.88e-08  3.32e+01     3s
  16   4.12101167e+05 -1.95662985e+06  2.41e-09 1.10e-08  4.56e+00     3s
  17   5.26548183e+04 -2.61296982e+05  2.09e-11 1.46e-08  6.05e-01     3s
  18   2.77818215e+04 -8.08638216e+04  3.61e-10 1.53e-08  2.09e-01     3s
  19   1.64883077e+04 -3.60056385e+04  6.44e-11 1.45e-08  1.01e-01     3s
  20   9.49975322e+03 -1.09929092e+04  5.45e-11 2.17e-08  3.95e-02     3s
  21   6.08715766e+03 -5.37280926e+03  1.31e-11 2.49e-08  2.21e-02     3s
  22   4.49621167e+03 -3.89749176e+03  7.35e-12 3.21e-08  1.62e-02     3s
  23   2.43909200e+03 -1.51304736e+03  1.42e-09 2.71e-08  7.61e-03     3s
  24   1.77519970e+03  8.28448366e+01  3.48e-10 2.39e-08  3.26e-03     3s
  25   1.55803404e+03  6.90178715e+02  1.53e-10 1.44e-08  1.67e-03     3s
  26   1.48441420e+03  9.90959089e+02  9.91e-11 1.01e-08  9.51e-04     3s
  27   1.41449398e+03  1.15496287e+03  5.15e-11 1.23e-08  5.00e-04     4s
  28   1.35072269e+03  1.25723709e+03  1.32e-11 1.24e-08  1.80e-04     4s
  29   1.33901391e+03  1.28308848e+03  7.60e-12 1.41e-08  1.08e-04     4s
  30   1.33008455e+03  1.29884997e+03  6.82e-12 1.57e-08  6.02e-05     4s
  31   1.32607418e+03  1.31015533e+03  2.93e-09 2.65e-08  3.07e-05     4s
  32   1.32421746e+03  1.32057485e+03  1.48e-09 1.69e-08  7.02e-06     4s
  33   1.32379089e+03  1.32280359e+03  4.38e-10 1.40e-08  1.90e-06     4s
  34   1.32364752e+03  1.32336408e+03  1.53e-10 1.32e-08  5.46e-07     4s
  35   1.32356367e+03  1.32353458e+03  8.54e-11 1.34e-08  5.60e-08     4s
  36   1.32355444e+03  1.32355199e+03  1.78e-09 1.34e-08  4.72e-09     4s
  37   1.32355334e+03  1.32355318e+03  3.60e-09 9.65e-09  3.11e-10     4s
  38   1.32355322e+03  1.32355320e+03  6.71e-08 1.21e-08  2.78e-11     4s

Barrier solved model in 38 iterations and 4.48 seconds (6.03 work units)
Optimal objective 1.32355322e+03

Crossover time: 0.26 seconds (0.33 work units)
Concurrent spin time: 0.00s

Solved with barrier

Root relaxation: objective 1.323553e+03, 53059 iterations, 3.53 seconds (3.97 work units)

    Nodes    |    Current Node    |     Objective Bounds      |     Work
 Expl Unexpl |  Obj  Depth IntInf | Incumbent    BestBd   Gap | It/Node Time

     0     0 1323.55321    0  592          - 1323.55321      -     -    5s
     0     0 1327.60806    0  663          - 1327.60806      -     -   11s
     0     0 1330.42822    0  662          - 1330.42822      -     -   19s
     0     0 1330.42822    0  663          - 1330.42822      -     -   19s
     0     0 1335.10599    0  693          - 1335.10599      -     -   24s
H    0     0                    4393.1403977 1335.10599  69.6%     -   36s
H    0     0                    4374.3636400 1335.10599  69.5%     -   36s
H    0     0                    4374.1556768 1335.10599  69.5%     -   43s
H    0     0                    4374.1556750 1335.10599  69.5%     -   46s
     0     0 1335.48929    0  691 4374.15568 1335.48929  69.5%     -   51s
     0     0 1335.49191    0  692 4374.15568 1335.49191  69.5%     -   52s
     0     0 1335.49191    0  692 4374.15568 1335.49191  69.5%     -   52s
     0     0 1338.24980    0  696 4374.15568 1338.24980  69.4%     -   55s
     0     0 1338.24980    0  580 4374.15568 1338.24980  69.4%     -   65s
     0     0 1338.24980    0  580 4374.15568 1338.24980  69.4%     -  128s
     0     0 1338.24980    0  580 4374.15568 1338.24980  69.4%     -  181s
H    0     0                    3631.4540490 1338.24980  63.1%     -  240s
     0     0 1338.24980    0  600 3631.45405 1338.24980  63.1%     -  242s
     0     0 1338.24980    0  636 3631.45405 1338.24980  63.1%     -  245s
     0     0 1338.24980    0  618 3631.45405 1338.24980  63.1%     -  246s
     0     0 1338.24980    0  623 3631.45405 1338.24980  63.1%     -  246s
     0     0 1342.51921    0  697 3631.45405 1342.51921  63.0%     -  258s
     0     0 1342.51921    0  697 3631.45405 1342.51921  63.0%     -  274s
H    0     0                    2867.8646589 1342.51921  53.2%     -  276s
H    0     0                    2864.5976927 1342.51921  53.1%     -  276s
H    0     0                    2859.2273064 1342.51921  53.0%     -  278s
H    0     0                    2849.0922847 1342.51921  52.9%     -  278s
H    0     0                    2822.5361478 1342.51921  52.4%     -  284s
H    0     0                    2820.6479196 1342.51921  52.4%     -  284s
H    0     0                    2815.2904354 1342.51921  52.3%     -  284s
H    0     0                    2814.5958355 1342.51921  52.3%     -  285s
H    0     0                    2784.5693187 1342.51921  51.8%     -  285s
H    0     0                    2782.5466396 1342.51921  51.8%     -  287s
H    0     0                    2559.1071734 1342.51921  47.5%     -  288s
H    0     0                    2502.9637482 1342.51921  46.4%     -  288s
H    0     0                    2501.8191468 1342.51921  46.3%     -  289s
H    0     0                    2498.6749227 1342.51921  46.3%     -  290s
H    0     0                    2495.2038458 1342.51921  46.2%     -  290s
H    0     0                    2491.1459297 1342.51921  46.1%     -  291s
H    0     0                    2489.4715310 1342.51921  46.1%     -  291s
     0     0 1343.95067    0  700 2489.47153 1343.95067  46.0%     -  294s
     0     0 1343.95067    0  705 2489.47153 1343.95067  46.0%     -  294s

Cutting planes:
  Cover: 10
  Implied bound: 180
  MIR: 56
  Flow cover: 90
  Zero half: 32
  Network: 19
  RLT: 18
  Relax-and-lift: 263
  BQP: 11
  Lazy constraints: 4

Explored 1 nodes (173025 simplex iterations) in 300.02 seconds (675.71 work units)
Thread count was 4 (of 32 available processors)

Solution count 10: 2489.47 2491.15 2495.2 ... 2814.6

Time limit reached
Best objective 2.489471530998e+03, best bound 1.343950671331e+03, gap 46.0146%

User-callback calls 134833, time in user-callback 0.03 sec
Cap boundary reject: PORT-593 real=2074.477 baseline=1900.882
Cap boundary debug: PORT-593 -> [170 169 22 23 24 96 95 91 89 81 88 87 86 85 84 83 82 80 79 78 77 70 76 75 72 73 74 71 57 59 58 60 64 65 63 61 62 386 401 400 399 407 406 405 404 415 418 419 420 421 423 422 424 425 417 416 381 426 368 367 365 364 362 361 348 363 347 333 334 336 337 338 339 321 323 324 325 327 329 331 332 330 335 340 320 319 318 317 315 314 313 312 288 311 309 310 295 296 297 306 305 298 299 300 301 302 304 303 307 294 293 292 291 290 289] -> PORT-591 -> [346 345 344 343 342 341 316 287 286 285 552 551 550 553 554 562 549 548 547 546 545 541 542 543 540 544 539 538 537 536 535 534 569 572 514 440 443 506 465 505 442 441 437 436 512] -> PORT-583 | load_left=44658 load_right=41591 cap=45000
Set parameter Username
Set parameter LicenseID to value 2738882
Academic license - for non-commercial use only - expires 2026-11-14
Set parameter TimeLimit to value 300
Set parameter Seed to value 370965609
Set parameter Threads to value 4
Set parameter OutputFlag to value 1
Set parameter LogToConsole to value 1
Set parameter LazyConstraints to value 1
Gurobi Optimizer version 13.0.0 build v13.0.0rc1 (linux64 - "Debian GNU/Linux 13 (trixie)")

CPU model: AMD Ryzen 9 5950X 16-Core Processor, instruction set [SSE2|AVX|AVX2]
Thread count: 16 physical cores, 32 logical processors, using up to 4 threads

Non-default parameters:
TimeLimit  300
Seed  370965609
Threads  4
LazyConstraints  1

Optimize a model with 108202 rows, 314928 columns and 629844 nonzeros (Min)
Model fingerprint: 0x250dbceb
Model has 104328 linear objective coefficients
Variable types: 209952 continuous, 104976 integer (104976 binary)
Coefficient statistics:
  Matrix range     [1e+00, 4e+04]
  Objective range  [4e-01, 1e+05]
  Bounds range     [1e+00, 4e+04]
  RHS range        [1e+00, 1e+04]
Presolve removed 3554 rows and 107078 columns
Presolve time: 0.86s
Presolved: 104648 rows, 207850 columns, 623887 nonzeros
Variable types: 103360 continuous, 104490 integer (104490 binary)
Root relaxation presolved: 104648 rows, 207850 columns, 623887 nonzeros

Deterministic concurrent LP optimizer: primal simplex, dual simplex, and barrier
Showing barrier log only...

Root barrier log...

Ordering time: 0.07s

Barrier statistics:
 AA' NZ     : 6.257e+05
 Factor NZ  : 1.349e+06 (roughly 140 MB of memory)
 Factor Ops : 7.103e+08 (less than 1 second per iteration)
 Threads    : 2

                  Objective                Residual
Iter       Primal          Dual         Primal    Dual     Compl     Time
   0   3.55942377e+10 -6.54802766e+13  2.90e+05 1.46e-11  2.12e+08     2s
   1   1.67529897e+10 -4.45867978e+13  1.36e+05 2.79e+04  1.23e+08     2s
   2   1.22593817e+10 -2.58215687e+12  9.99e+04 5.68e-10  2.86e+07     2s
   3   3.59967708e+09 -5.71254965e+11  2.93e+04 2.31e-08  7.75e+06     2s
   4   1.70786299e+09 -4.97489233e+11  1.39e+04 2.34e-08  4.09e+06     2s
   5   1.49957584e+09 -2.84808441e+11  1.22e+04 1.75e-08  3.21e+06     2s
   6   3.93633706e+08 -2.12301604e+11  3.18e+03 1.70e-08  1.09e+06     2s
   7   1.25936392e+07 -1.27541497e+11  7.23e+01 1.45e-08  2.60e+05     2s
   8   6.66278935e+06 -1.59679495e+10  2.36e+01 1.12e-08  3.35e+04     2s
   9   6.35606517e+06 -1.17143965e+10  2.09e+01 1.62e-08  2.47e+04     2s
  10   5.91613765e+06 -1.08578362e+10  1.71e+01 2.69e-08  2.26e+04     2s
  11   5.74347369e+06 -9.38629667e+09  1.55e+01 3.45e-08  1.94e+04     2s
  12   5.18127495e+06 -7.09501910e+09  1.13e+01 3.16e-08  1.45e+04     2s
  13   4.71479757e+06 -3.35795472e+09  7.67e+00 2.71e-08  6.78e+03     2s
  14   4.57463910e+06 -3.36552405e+08  6.60e+00 2.47e-08  6.98e+02     3s
  15   3.78818162e+06 -6.36858600e+07  1.86e+00 6.45e-09  1.33e+02     3s
  16   2.79071189e+06 -3.54696865e+07  4.74e-01 8.31e-09  7.43e+01     3s
  17   1.63598186e+06 -1.75008811e+07  7.42e-02 1.12e-08  3.69e+01     3s
  18   3.25475177e+05 -2.65484663e+06  1.10e-08 1.24e-08  5.74e+00     3s
  19   3.73498721e+04 -1.80749047e+05  3.12e-09 4.34e-09  4.20e-01     3s
  20   2.40024550e+04 -4.87842480e+04  1.59e-09 9.02e-09  1.40e-01     3s
  21   1.37355991e+04 -2.22176730e+04  2.89e-11 9.90e-09  6.93e-02     3s
  22   1.00154005e+04 -9.46147008e+03  4.05e-11 1.09e-08  3.75e-02     3s
  23   8.16237763e+03 -8.92183403e+03  2.57e-11 1.79e-08  3.29e-02     3s
  24   3.96304920e+03 -2.99468554e+03  3.63e-10 1.93e-08  1.34e-02     3s
  25   2.61057840e+03 -1.61315832e+03  7.42e-10 1.71e-08  8.14e-03     3s
  26   1.91766344e+03 -1.06296512e+02  4.58e-10 1.03e-08  3.90e-03     3s
  27   1.69315678e+03  4.26615106e+02  1.67e-09 1.63e-08  2.44e-03     3s
  28   1.59283615e+03  6.46302750e+02  1.16e-09 1.33e-08  1.82e-03     4s
  29   1.39804707e+03  1.07140032e+03  2.40e-10 1.13e-08  6.29e-04     4s
  30   1.34866489e+03  1.21002969e+03  5.19e-11 1.53e-08  2.67e-04     4s
  31   1.33341435e+03  1.26928705e+03  2.03e-11 1.59e-08  1.24e-04     4s
  32   1.32830525e+03  1.29864694e+03  9.22e-12 1.18e-08  5.71e-05     4s
  33   1.32478610e+03  1.31465383e+03  7.28e-12 1.49e-08  1.95e-05     4s
  34   1.32378755e+03  1.31971501e+03  6.06e-12 1.05e-08  7.85e-06     4s
  35   1.32294517e+03  1.32230632e+03  6.87e-12 1.03e-08  1.23e-06     4s
  36   1.32267251e+03  1.32263413e+03  1.04e-09 1.49e-08  7.39e-08     4s
  37   1.32265189e+03  1.32264987e+03  8.63e-10 1.46e-08  3.91e-09     4s
  38   1.32265104e+03  1.32265093e+03  1.89e-08 1.47e-08  2.35e-10     4s
  39   1.32265095e+03  1.32265094e+03  7.15e-10 1.69e-08  1.39e-11     4s

Barrier solved model in 39 iterations and 4.45 seconds (5.97 work units)
Optimal objective 1.32265095e+03

Crossover time: 0.20 seconds (0.22 work units)
Concurrent spin time: 0.01s

Solved with barrier

Root relaxation: objective 1.322651e+03, 49244 iterations, 3.40 seconds (3.79 work units)

    Nodes    |    Current Node    |     Objective Bounds      |     Work
 Expl Unexpl |  Obj  Depth IntInf | Incumbent    BestBd   Gap | It/Node Time

     0     0 1322.65095    0  524          - 1322.65095      -     -    8s
H    0     0                    205719.56495 1322.65095  99.4%     -   11s
H    0     0                    2892.4970795 1322.65095  54.3%     -   11s
H    0     0                    2539.8013306 1322.65095  47.9%     -   12s
H    0     0                    2313.2413385 1322.65095  42.8%     -   14s
H    0     0                    2301.7383162 1322.65095  42.5%     -   17s
H    0     0                    2261.1314381 1322.65095  41.5%     -   17s
H    0     0                    2260.1377432 1322.65095  41.5%     -   18s
     0     0 1322.65095    0  524 2260.13774 1322.65095  41.5%     -   22s
H    0     0                    2253.8741262 1322.65095  41.3%     -   24s
     0     0 1336.12239    0  524 2253.87413 1336.12239  40.7%     -   33s
     0     0 1345.75926    0  606 2253.87413 1345.75926  40.3%     -   44s
     0     0 1345.75926    0  523 2253.87413 1345.75926  40.3%     -   58s
H    0     0                    2253.2890860 1345.75926  40.3%     -   60s
H    0     0                    2243.8667022 1345.75926  40.0%     -   60s
H    0     0                    2240.4037383 1345.75926  39.9%     -   61s
H    0     0                    2231.1214855 1345.75926  39.7%     -   62s
     0     0 1345.75926    0  523 2231.12149 1345.75926  39.7%     -   66s
H    0     0                    2225.3202197 1345.75926  39.5%     -   67s
H    0     0                    2222.6281197 1345.75926  39.5%     -   68s
H    0     0                    2222.0374283 1345.75926  39.4%     -   68s
     0     0 1345.75926    0  523 2222.03743 1345.75926  39.4%     -   72s
H    0     0                    2220.9380912 1345.75926  39.4%     -   74s
     0     0 1348.50472    0  560 2220.93809 1348.50472  39.3%     -   84s
     0     0 1348.50472    0  561 2220.93809 1348.50472  39.3%     -   86s
     0     0 1349.73531    0  592 2220.93809 1349.73531  39.2%     -   99s
H    0     0                    2185.1576138 1351.49388  38.2%     -  101s
H    0     0                    2135.2729983 1351.49388  36.7%     -  101s
H    0     0                    2124.4036514 1351.49388  36.4%     -  102s
H    0     0                    2120.6147505 1351.49388  36.3%     -  103s
H    0     0                    2117.0391299 1351.49388  36.2%     -  104s
H    0     0                    2117.0370751 1351.49388  36.2%     -  107s
H    0     0                    2116.7787452 1351.49388  36.2%     -  108s
H    0     0                    2115.7247125 1351.49388  36.1%     -  108s
H    0     0                    2094.0806644 1351.49388  35.5%     -  109s
H    0     0                    2083.3906761 1351.49388  35.1%     -  111s
H    0     0                    2083.0539191 1351.49388  35.1%     -  112s
H    0     0                    2080.6887531 1351.49388  35.0%     -  113s
H    0     0                    2069.9817424 1351.49388  34.7%     -  113s
H    0     0                    2069.9817362 1351.49388  34.7%     -  114s
H    0     0                    2057.6828393 1351.49388  34.3%     -  114s
H    0     0                    2051.8498339 1351.49388  34.1%     -  115s
H    0     0                    2043.9753992 1351.49388  33.9%     -  115s
H    0     0                    2038.9576719 1351.49388  33.7%     -  115s
H    0     0                    2038.9576657 1351.49388  33.7%     -  116s
     0     0 1353.32446    0  629 2038.95767 1353.32446  33.6%     -  119s
     0     0 1353.33100    0  626 2038.95767 1353.33100  33.6%     -  119s
     0     0 1353.33100    0  629 2038.95767 1353.33100  33.6%     -  119s
     0     0 1360.48747    0  592 2038.95767 1360.48747  33.3%     -  135s
     0     0 1360.49693    0  636 2038.95767 1360.49693  33.3%     -  136s
     0     0 1360.49693    0  638 2038.95767 1360.49693  33.3%     -  136s
     0     0 1367.96279    0  644 2038.95767 1367.96279  32.9%     -  154s
     0     0 1370.39814    0  657 2038.95767 1370.39814  32.8%     -  155s
     0     0 1370.39814    0  683 2038.95767 1370.39814  32.8%     -  171s
     0     0 1370.39814    0  687 2038.95767 1370.39814  32.8%     -  172s
     0     0 1370.39814    0  689 2038.95767 1370.39814  32.8%     -  174s
     0     0 1370.39814    0  676 2038.95767 1370.39814  32.8%     -  174s
     0     0 1370.39814    0  676 2038.95767 1370.39814  32.8%     -  176s
     0     0 1370.73374    0  673 2038.95767 1370.73374  32.8%     -  176s
     0     0 1370.73374    0  675 2038.95767 1370.73374  32.8%     -  176s
     0     0 1371.59173    0  683 2038.95767 1371.59173  32.7%     -  177s
     0     0 1371.67395    0  684 2038.95767 1371.67395  32.7%     -  177s
     0     0 1371.93538    0  679 2038.95767 1371.93538  32.7%     -  178s
     0     0 1372.41949    0  686 2038.95767 1372.41949  32.7%     -  178s
     0     0 1372.41949    0  686 2038.95767 1372.41949  32.7%     -  178s
     0     0 1372.41949    0  684 2038.95767 1372.41949  32.7%     -  179s
     0     0 1372.41949    0  685 2038.95767 1372.41949  32.7%     -  180s
     0     0 1372.41949    0  683 2038.95767 1372.41949  32.7%     -  180s
     0     0 1372.41949    0  676 2038.95767 1372.41949  32.7%     -  181s
     0     0 1372.41949    0  684 2038.95767 1372.41949  32.7%     -  182s
     0     0 1372.41949    0  684 2038.95767 1372.41949  32.7%     -  182s
     0     0 1372.41949    0  617 2038.95767 1372.41949  32.7%     -  185s
     0     2 1388.98675    0  617 2038.95767 1388.98675  31.9%     -  209s
     1     4 1388.98675    1  614 2038.95767 1388.98675  31.9%  34.0  210s
    11    20 1388.98675    4  634 2038.95767 1388.98675  31.9%   972  219s
    19    27 1388.98675    5  623 2038.95767 1388.98675  31.9%   779  225s
    26    29 1389.87838    9  623 2038.95767 1388.98675  31.9%   582  230s
    38    45 1408.37099   16  623 2038.95767 1388.98675  31.9%   412  242s
    44    59 1411.48174   17  622 2038.95767 1388.98675  31.9%   428  248s
    58    67 1423.93174   21  612 2038.95767 1388.98675  31.9%   344  256s
H   66    69                    2036.3842141 1388.98675  31.8%   307  261s
    68    76 1457.65286   23  629 2036.38421 1388.98675  31.8%   343  266s
    75    87 1458.38449   24  623 2036.38421 1388.98675  31.8%   346  270s
    86    88 1400.86584   17  611 2036.38421 1388.98675  31.8%   308  278s
    87    95 1405.75228   16  615 2036.38421 1388.98675  31.8%   306  283s
    94   102 1417.12800   19  605 2036.38421 1388.98675  31.8%   287  288s
H  103   107                    2031.0296463 1388.98675  31.6%   269  293s
   108   114 1421.31173   22  604 2031.02965 1388.98675  31.6%   258  300s
   111   114 1422.33665   21  604 2031.02965 1388.98675  31.6%   251  300s

Cutting planes:
  Gomory: 1
  Cover: 11
  Implied bound: 214
  Clique: 5
  MIR: 37
  Flow cover: 97
  Zero half: 75
  Network: 5
  RLT: 13
  Relax-and-lift: 228
  BQP: 4
  Lazy constraints: 2

Explored 115 nodes (269873 simplex iterations) in 300.01 seconds (761.91 work units)
Thread count was 4 (of 32 available processors)

Solution count 10: 2031.03 2036.38 2038.96 ... 2083.05

Time limit reached
Best objective 2.031029646342e+03, best bound 1.388986754053e+03, gap 31.6117%

User-callback calls 45465, time in user-callback 0.03 sec
Cap boundary opt: PORT-591 stations=160 obj=2031.030 real=1741.489 baseline=1999.580
Set parameter Username
Set parameter LicenseID to value 2738882
Academic license - for non-commercial use only - expires 2026-11-14
Segment 1 eval: start=BOAT-0 end=PORT-583 stations=50 (optimize)
  Segment 1 order: -501 -500 -499 -498 -497 -496 -495 112 113 -494 114 -275 -111 -274 -107 -106 -105 104 -103 -102 -101 108 109 110 -273 -272 271 253 252 249 -248 -247 -245 -244 -243 -238 237 -215 -214 213 -192 218 -191 219 -190 -223 222 -230 -134 -133
Segment 2 eval: start=PORT-583 end=PORT-581 stations=58 (optimize)
  Segment 2 order: -132 -181 -180 -229 -231 232 233 234 -235 -227 228 -179 -135 136 152 153 154 174 175 -176 -177 171 168 -165 166 -164 -162 -161 -160 159 163 167 172 173 155 156 157 158 -150 -149 -148 -147 -146 -145 -144 -142 -9 -8 -141 -140 -139 151 -138 -137 -2 90 -94 -92
Segment 3 eval: start=PORT-581 end=PORT-591 stations=80 (optimize)
  Segment 3 order: 56 55 -54 -53 -52 -51 -50 -49 -48 -39 -38 -37 66 67 68 69 -36 -35 -32 -31 -29 -27 26 28 30 -33 -34 41 42 43 44 45 46 -40 47 396 397 -398 -395 -394 -393 -392 -391 -390 -389 -388 -387 402 -403 385 -384 -383 -382 -414 -413 412 -409 408 -410 411 380 378 -379 -377 -376 -375 374 -373 -372 -371 -370 369 359 360 -358 -353 -350 -349 -326 328
Segment 4 eval: start=PORT-591 end=PORT-593 stations=45 (optimize)
  Segment 4 order: 276 277 278 279 280 281 557 -556 282 283 -284 555 558 559 -560 561 563 564 565 566 567 568 570 571 573 574 -577 576 -527 528 435 438 448 453 456 457 458 -455 -454 -452 -451 -450 -449 -444 513
Segment 5 eval: start=PORT-593 end=PORT-591 stations=45 (optimize)
  Segment 5 order: -512 -436 -437 -443 -505 465 506 -442 -441 440 514 -535 -534 -572 -569 537 -536 538 539 544 -540 -543 -542 -541 545 546 547 548 549 -562 -554 553 550 551 552 285 286 287 316 341 342 343 344 345 346
Segment 6 eval: start=PORT-591 end=PORT-583 stations=115 (optimize)
  Segment 6 order: -347 333 334 335 336 337 338 339 340 -317 -315 -314 -288 289 290 291 -295 296 297 306 -305 -298 299 300 301 302 304 -303 307 -294 -293 292 -310 -309 311 312 -313 318 319 320 321 323 324 325 -327 329 330 331 332 348 -361 -362 -363 -364 365 367 368 -426 -381 -425 417 -424 422 423 -421 -420 -419 -418 -416 415 404 405 406 -407 -399 -400 401 386 -62 -61 -60 58 -59 -57 -64 63 -65 71 74 -73 -72 -75 76 70 77 78 -79 80 81 82 83 84 85 -86 87 -88 89 -91 95 96 -24 -23 -22 169 170
Segment 7 eval: start=PORT-583 end=PORT-588 stations=40 (optimize)
  Segment 7 order: 97 98 99 100 -246 -242 241 -240 -239 -236 221 220 -216 -212 -211 210 -208 250 251 -207 -205 -202 203 204 -131 -129 130 -256 257 259 258 -128 -127 126 -125 -124 -264 268 269 270
Segment 8 eval: start=PORT-588 end=PORT-581 stations=47 (optimize)
  Segment 8 order: 118 119 -120 121 122 473 481 -480 469 470 -471 472 123 -266 -267 -265 -263 -262 -261 260 254 255 -206 209 -201 200 -199 -198 -197 -196 -195 -194 -193 -217 -189 -188 224 -225 -187 -186 -185 -184 183 182 226 178 13
Segment 9 eval: start=PORT-581 end=PORT-591 stations=35 (optimize)
  Segment 9 order: -93 25 5 10 11 12 -14 18 -21 20 -19 -17 -16 -15 -143 6 -7 4 -3 -1 117 -116 115 -475 -474 466 -467 -479 -478 -476 477 483 524 533 308
Segment 10 eval: start=PORT-591 end=PORT-593 stations=22 (optimize)
  Segment 10 order: 366 -357 -356 -355 354 -352 -351 -322 -532 -531 -530 -529 575 -526 525 578 579 580 -523 -522 -521 -517
Segment 11 eval: start=PORT-593 end=PORT-584 stations=33 (optimize)
  Segment 11 order: 515 516 519 -520 -518 -427 428 429 430 431 432 433 -434 447 -446 -445 439 -511 -510 -509 -508 -507 -504 -503 -488 -487 489 -482 493 -492 -491 -490 -502
Segment 12 eval: start=PORT-584 end=PORT-584 stations=0 (direct)
Segment 13 eval: start=PORT-584 end=BOAT-END stations=10 (optimize)
  Segment 13 order: -485 -461 -460 -459 -468 -464 -463 -484 462 -486
Cap boundary debug: PORT-591 -> [347 332 331 330 329 327 325 324 323 321 320 319 318 317 314 315 288 289 290 291 293 294 307 306 305 304 303 302 301 300 299 298 297 296 295 292 310 309 311 312 313 340 339 338 337 336 335 334 333 348 361 362 363 364 365 367 368 426 381 425 424 422 423 421 420 419 418 417 416 415 404 405 406 407 399 400 401 386 62 61 60 58 59 57 64 63 65 71 74 73 72 75 76 70 77 78 79 80 81 88 87 86 85 84 83 82 89 91 95 96 24 23 22 169 170] -> PORT-583 -> [97 98 99 100 246 242 241 240 239 236 221 220 216 212 211 210 208 250 251 207 205 202 203 204 131 129 130 256 257 259 258 128 127 126 125 124 264 268 269 270] -> PORT-588 | load_left=44658 load_right=44013 cap=45000
Set parameter Username
Set parameter LicenseID to value 2738882
Academic license - for non-commercial use only - expires 2026-11-14
Set parameter TimeLimit to value 300
Set parameter Seed to value 301722988
Set parameter Threads to value 4
Set parameter OutputFlag to value 1
Set parameter LogToConsole to value 1
Set parameter LazyConstraints to value 1
Gurobi Optimizer version 13.0.0 build v13.0.0rc1 (linux64 - "Debian GNU/Linux 13 (trixie)")

CPU model: AMD Ryzen 9 5950X 16-Core Processor, instruction set [SSE2|AVX|AVX2]
Thread count: 16 physical cores, 32 logical processors, using up to 4 threads

Non-default parameters:
TimeLimit  300
Seed  301722988
Threads  4
LazyConstraints  1

Optimize a model with 101722 rows, 295788 columns and 591564 nonzeros (Min)
Model fingerprint: 0x2a93ea5a
Model has 97968 linear objective coefficients
Variable types: 197192 continuous, 98596 integer (98596 binary)
Coefficient statistics:
  Matrix range     [1e+00, 4e+04]
  Objective range  [4e-01, 1e+05]
  Bounds range     [1e+00, 4e+04]
  RHS range        [1e+00, 1e+04]
Presolve removed 3444 rows and 100633 columns
Presolve time: 0.70s
Presolved: 98278 rows, 195155 columns, 585825 nonzeros
Variable types: 97030 continuous, 98125 integer (98125 binary)
Root relaxation presolved: 98278 rows, 195155 columns, 585825 nonzeros

Deterministic concurrent LP optimizer: primal simplex, dual simplex, and barrier
Showing barrier log only...

Root barrier log...

Ordering time: 0.07s

Barrier statistics:
 AA' NZ     : 5.876e+05
 Factor NZ  : 1.269e+06 (roughly 130 MB of memory)
 Factor Ops : 6.493e+08 (less than 1 second per iteration)
 Threads    : 2

                  Objective                Residual
Iter       Primal          Dual         Primal    Dual     Compl     Time
   0   2.40917473e+10 -5.26095947e+13  2.81e+05 4.14e+04  1.81e+08     1s
   1   1.14017322e+10 -3.57078728e+13  1.33e+05 2.38e+04  1.06e+08     1s
   2   8.00192718e+09 -2.08522240e+12  9.35e+04 5.92e-10  2.37e+07     1s
   3   3.30871812e+09 -8.13182912e+11  3.86e+04 4.42e-10  9.47e+06     2s
   4   1.05834644e+09 -3.54571054e+11  1.23e+04 4.92e-10  3.16e+06     2s
   5   1.98699477e+08 -2.32685306e+11  2.27e+03 5.74e-10  9.13e+05     2s
   6   1.41328604e+07 -1.34698903e+11  1.13e+02 4.66e-10  2.96e+05     2s
   7   6.33711029e+06 -1.94192532e+10  2.24e+01 3.12e-10  4.23e+04     2s
   8   6.05622075e+06 -1.74128626e+10  1.92e+01 3.49e-10  3.78e+04     2s
   9   5.99512419e+06 -1.64076633e+10  1.85e+01 4.22e-10  3.56e+04     2s
  10   5.89819647e+06 -1.53261909e+10  1.74e+01 3.82e-10  3.32e+04     2s
  11   5.77539569e+06 -1.13521984e+10  1.58e+01 2.28e-09  2.46e+04     2s
  12   5.34316165e+06 -9.20277210e+09  1.07e+01 2.28e-09  1.97e+04     2s
  13   5.12842670e+06 -4.53047367e+09  8.21e+00 4.78e-09  9.62e+03     2s
  14   4.83641102e+06 -5.83641792e+08  4.84e+00 3.51e-09  1.25e+03     2s
  15   4.31280312e+06 -1.10146296e+08  7.59e-01 3.75e-09  2.37e+02     2s
  16   3.40770690e+06 -4.42761559e+07  9.97e-02 3.45e-09  9.80e+01     2s
  17   2.22854680e+06 -2.55188582e+07  3.65e-04 2.42e-09  5.69e+01     2s
  18   1.05555799e+06 -1.49674307e+07  7.94e-07 2.24e-09  3.29e+01     2s
  19   2.36616289e+05 -7.02879170e+05  5.95e-08 3.58e-09  1.93e+00     2s
  20   3.56911086e+04 -6.82338711e+04  3.31e-09 3.39e-09  2.13e-01     3s
  21   1.85046012e+04 -4.97726010e+04  1.36e-10 3.22e-09  1.40e-01     3s
  22   9.82491653e+03 -2.48744231e+04  6.51e-10 6.93e-09  7.12e-02     3s
  23   5.96854365e+03 -1.23111416e+04  1.55e-11 5.15e-09  3.75e-02     3s
  24   3.20721272e+03 -5.94618335e+03  1.25e-10 4.79e-09  1.88e-02     3s
  25   2.12026294e+03 -2.47711446e+03  2.17e-10 3.28e-09  9.43e-03     3s
  26   1.68108613e+03 -9.49986629e+02  1.65e-10 5.30e-09  5.40e-03     3s
  27   1.45823488e+03  3.98280524e+01  5.26e-11 4.44e-09  2.91e-03     3s
  28   1.35291069e+03  7.89963050e+02  1.79e-11 4.13e-09  1.16e-03     3s
  29   1.31087292e+03  8.81589834e+02  1.00e-11 5.33e-09  8.81e-04     3s
  30   1.28639046e+03  1.08458576e+03  4.30e-12 4.74e-09  4.14e-04     3s
  31   1.27936029e+03  1.19525654e+03  4.63e-12 4.60e-09  1.73e-04     3s
  32   1.27512838e+03  1.20912881e+03  6.82e-12 5.06e-09  1.35e-04     3s
  33   1.27364887e+03  1.23540907e+03  5.08e-12 4.01e-09  7.85e-05     3s
  34   1.26958475e+03  1.24620457e+03  1.96e-10 5.22e-09  4.80e-05     3s
  35   1.26767042e+03  1.26256441e+03  1.43e-09 2.63e-09  1.05e-05     4s
  36   1.26692330e+03  1.26588190e+03  1.03e-09 3.32e-09  2.14e-06     4s
  37   1.26654618e+03  1.26627642e+03  2.03e-10 3.89e-09  5.54e-07     4s
  38   1.26647652e+03  1.26640870e+03  7.06e-11 4.18e-09  1.39e-07     4s
  39   1.26644423e+03  1.26643698e+03  7.46e-10 3.10e-09  1.49e-08     4s
  40   1.26643891e+03  1.26643868e+03  1.46e-09 3.56e-09  4.71e-10     4s
  41   1.26643873e+03  1.26643872e+03  2.23e-09 2.26e-09  1.27e-11     4s

Barrier solved model in 41 iterations and 3.99 seconds (5.79 work units)
Optimal objective 1.26643873e+03

Crossover time: 0.18 seconds (0.21 work units)
Concurrent spin time: 0.00s

Solved with barrier

Root relaxation: objective 1.266439e+03, 45876 iterations, 3.17 seconds (3.76 work units)

    Nodes    |    Current Node    |     Objective Bounds      |     Work
 Expl Unexpl |  Obj  Depth IntInf | Incumbent    BestBd   Gap | It/Node Time

     0     0 1266.43872    0  496          - 1266.43872      -     -    6s
H    0     0                    3088.3917191 1266.43872  59.0%     -    7s
H    0     0                    1874.8686666 1266.43872  32.5%     -    8s
H    0     0                    1819.4671181 1266.43872  30.4%     -    8s
H    0     0                    1805.0520561 1266.43872  29.8%     -   12s
H    0     0                    1789.3385544 1266.43872  29.2%     -   12s
H    0     0                    1781.9333999 1266.43872  28.9%     -   12s
H    0     0                    1780.0052301 1266.43872  28.9%     -   13s
H    0     0                    1777.1753213 1266.43872  28.7%     -   14s
H    0     0                    1774.0575997 1266.43872  28.6%     -   14s
     0     0 1269.21135    0  557 1774.05760 1269.21135  28.5%     -   19s
     0     0 1269.21135    0  495 1774.05760 1269.21135  28.5%     -   26s
H    0     0                    1748.3270791 1269.21135  27.4%     -   27s
H    0     0                    1666.5640795 1269.21135  23.8%     -   27s
H    0     0                    1661.8497132 1269.21135  23.6%     -   28s
H    0     0                    1661.7384353 1269.21135  23.6%     -   28s
H    0     0                    1661.6802910 1269.21135  23.6%     -   28s
     0     0 1271.17305    0  587 1661.68029 1271.17305  23.5%     -   33s
H    0     0                    1627.3770029 1271.55186  21.9%     -   34s
H    0     0                    1604.6481011 1271.55186  20.8%     -   34s
H    0     0                    1602.6010241 1271.55186  20.7%     -   35s
H    0     0                    1600.0995865 1271.55186  20.5%     -   36s
H    0     0                    1590.6141287 1271.55186  20.1%     -   37s
H    0     0                    1588.8324708 1271.55186  20.0%     -   37s
H    0     0                    1587.8873451 1271.55186  19.9%     -   38s
H    0     0                    1579.7612965 1271.55186  19.5%     -   38s
H    0     0                    1574.8862327 1271.55186  19.3%     -   38s
H    0     0                    1572.4092794 1271.55186  19.1%     -   38s
H    0     0                    1564.9784048 1271.55186  18.7%     -   38s
H    0     0                    1560.4984519 1271.55186  18.5%     -   38s
H    0     0                    1557.8314022 1271.55186  18.4%     -   38s
H    0     0                    1551.2666242 1271.55186  18.0%     -   39s
H    0     0                    1544.9737170 1271.55186  17.7%     -   39s
H    0     0                    1543.4745066 1271.55186  17.6%     -   39s
H    0     0                    1543.2524732 1271.55186  17.6%     -   40s
H    0     0                    1539.0345039 1271.55186  17.4%     -   40s
H    0     0                    1536.0618975 1271.55186  17.2%     -   40s
H    0     0                    1534.8086957 1271.55186  17.2%     -   40s
H    0     0                    1532.0129584 1271.55186  17.0%     -   40s
H    0     0                    1531.9900941 1271.55186  17.0%     -   40s
H    0     0                    1527.7721249 1271.55186  16.8%     -   41s
H    0     0                    1527.7036419 1271.55186  16.8%     -   41s
H    0     0                    1526.6376704 1271.55186  16.7%     -   42s
H    0     0                    1526.4274148 1271.55186  16.7%     -   43s
H    0     0                    1525.8922286 1271.55186  16.7%     -   43s
     0     0 1273.15376    0  601 1525.89223 1273.15376  16.6%     -   43s
     0     0 1273.15395    0  598 1525.89223 1273.15395  16.6%     -   43s
     0     0 1277.94811    0  638 1525.89223 1277.94811  16.2%     -   45s
     0     0 1277.97503    0  635 1525.89223 1277.97503  16.2%     -   46s
     0     0 1278.07216    0  636 1525.89223 1278.07216  16.2%     -   46s
     0     0 1280.52370    0  635 1525.89223 1280.52370  16.1%     -   51s
     0     0 1281.70297    0  629 1525.89223 1281.70297  16.0%     -   52s
     0     0 1281.72746    0  623 1525.89223 1281.72746  16.0%     -   53s
     0     0 1281.72746    0  623 1525.89223 1281.72746  16.0%     -   53s
     0     0 1331.52689    0  642 1525.89223 1331.52689  12.7%     -   64s
     0     0 1331.73141    0  641 1525.89223 1331.73141  12.7%     -   64s
     0     0 1331.73154    0  645 1525.89223 1331.73154  12.7%     -   64s
     0     0 1332.62276    0  623 1525.89223 1332.62276  12.7%     -   65s
     0     0 1332.62276    0  500 1525.89223 1332.62276  12.7%     -   70s
H    0     0                    1518.9124713 1332.62276  12.3%     -   71s
H    0     0                    1518.9124633 1332.62276  12.3%     -   71s
H    0     0                    1518.6794400 1332.62276  12.3%     -   71s
H    0     0                    1518.6794395 1332.62276  12.3%     -   72s
H    0     0                    1518.6794299 1332.62276  12.3%     -   72s
     0     0 1332.62276    0  583 1518.67943 1332.62276  12.3%     -   79s
H    0     0                    1514.1716008 1332.62276  12.0%     -   80s
H    0     0                    1505.3830720 1332.62276  11.5%     -   83s
H    0     0                    1498.6988818 1332.62276  11.1%     -   85s
     0     0 1332.62276    0  604 1498.69888 1332.62276  11.1%     -   90s
     0     0 1332.62276    0  611 1498.69888 1332.62276  11.1%     -   90s
     0     0 1332.62276    0  607 1498.69888 1332.62276  11.1%     -   90s
     0     0 1332.66651    0  628 1498.69888 1332.66651  11.1%     -   91s
     0     0 1332.70496    0  633 1498.69888 1332.70496  11.1%     -   92s
     0     0 1332.86050    0  637 1498.69888 1332.86050  11.1%     -   94s
     0     0 1332.86802    0  626 1498.69888 1332.86802  11.1%     -   95s
     0     0 1333.69943    0  624 1498.69888 1333.69943  11.0%     -   99s
     0     0 1333.94533    0  599 1498.69888 1333.94533  11.0%     -  100s
     0     0 1333.94533    0  605 1498.69888 1333.94533  11.0%     -  100s
     0     0 1333.95541    0  613 1498.69888 1333.95541  11.0%     -  101s
     0     0 1333.95541    0  605 1498.69888 1333.95541  11.0%     -  102s
     0     0 1334.59137    0  615 1498.69888 1334.59137  10.9%     -  103s
     0     0 1334.59707    0  615 1498.69888 1334.59707  10.9%     -  103s
     0     0 1336.67081    0  607 1498.69888 1336.67081  10.8%     -  104s
     0     0 1336.67081    0  608 1498.69888 1336.67081  10.8%     -  105s
     0     0 1336.76338    0  619 1498.69888 1336.76338  10.8%     -  105s
     0     0 1336.76338    0  620 1498.69888 1336.76338  10.8%     -  106s
     0     0 1336.83692    0  623 1498.69888 1336.83692  10.8%     -  106s
     0     0 1336.83866    0  625 1498.69888 1336.83866  10.8%     -  107s
     0     0 1336.86818    0  628 1498.69888 1336.86818  10.8%     -  108s
     0     0 1336.86818    0  628 1498.69888 1336.86818  10.8%     -  108s
     0     0 1336.86818    0  628 1498.69888 1336.86818  10.8%     -  108s
     0     0 1336.86818    0  588 1498.69888 1336.86818  10.8%     -  109s
     0     2 1348.14295    0  586 1498.69888 1348.14295  10.0%     -  122s
     7    12 1348.14295    3  617 1498.69888 1348.14295  10.0%  1001  125s
    32    39 1348.14295    6  601 1498.69888 1348.14295  10.0%  1081  130s
    54    62 1348.14295    8  602 1498.69888 1348.14295  10.0%  1250  136s
    67    80 1353.78607   11  594 1498.69888 1348.14295  10.0%  1371  140s
   110   115 1356.13385   23  577 1498.69888 1348.14295  10.0%  1182  148s
   116   119 1358.39329   25  573 1498.69888 1348.14295  10.0%  1186  150s
H  128   128                    1498.6988784 1348.14295  10.0%  1187  153s
   129   140 1360.88394   28  583 1498.69888 1348.14295  10.0%  1186  155s
   141   151 1354.44681   22  586 1498.69888 1348.14295  10.0%  1175  160s
   152   154 1362.45313   31  578 1498.69888 1348.14295  10.0%  1122  166s
   155   156 1373.73411   31  564 1498.69888 1348.14295  10.0%  1153  172s
   157   158 1370.25442   24  549 1498.69888 1348.14295  10.0%  1161  183s
   159   159 1366.25504   23  564 1498.69888 1348.14295  10.0%  1195  189s
   160   162 1369.88334   24  562 1498.69888 1348.14295  10.0%  1202  194s
   163   164 1370.84375   25  556 1498.69888 1348.14295  10.0%  1200  199s
   165   168 1348.14295    3  609 1498.69888 1348.14295  10.0%  1215  211s
   169   174 1348.14295    5  590 1498.69888 1348.14295  10.0%  1317  216s
   175   180 1459.03356   30  497 1498.69888 1348.14295  10.0%  1364  222s
   181   192 1348.14295    4  614 1498.69888 1348.14295  10.0%  1358  227s
H  182   192                    1498.6988619 1348.14295  10.0%  1350  227s
   193   208 1462.38708   46  517 1498.69886 1348.14295  10.0%  1313  234s
   209   238 1465.63555   52  517 1498.69886 1348.14295  10.0%  1319  239s
   239   272 1468.36291   62  527 1498.69886 1348.14295  10.0%  1267  245s
   319   351 1476.68961   86  417 1498.69886 1348.14295  10.0%  1114  250s
   383   379 1478.03309   99  416 1498.69886 1348.14295  10.0%   980  255s
   443   381 1478.52008  114  407 1498.69886 1348.14295  10.0%   866  261s
   445   386 1483.49095  112  389 1498.69886 1348.14295  10.0%   863  266s
H  451   369                    1492.9303305 1348.14295  9.70%   864  266s
   452   385 1478.60217  115  354 1492.93033 1348.14295  9.70%   863  273s
   484   397 1479.31671  138  365 1492.93033 1348.14295  9.70%   807  279s
H  497   398                    1492.9303108 1348.14295  9.70%   793  284s
   500   438 1479.43185  149  400 1492.93031 1348.14295  9.70%   793  294s
H  542   441                    1492.9302935 1348.14295  9.70%   812  298s
H  543   430                    1491.6958303 1348.14295  9.62%   811  298s

Cutting planes:
  Gomory: 4
  Cover: 12
  Implied bound: 258
  Clique: 7
  MIR: 45
  Flow cover: 158
  Zero half: 31
  Network: 2
  RLT: 4
  Relax-and-lift: 243
  BQP: 1

Explored 583 nodes (744763 simplex iterations) in 300.01 seconds (924.03 work units)
Thread count was 4 (of 32 available processors)

Solution count 10: 1491.7 1492.93 1492.93 ... 1526.43

Time limit reached
Best objective 1.491695830252e+03, best bound 1.348142947900e+03, gap 9.6235%

User-callback calls 71437, time in user-callback 0.03 sec
Cap boundary reject: PORT-583 segment infeasible left=100571.365 right=1325.317
Cap boundary reject: PORT-583 real=1000000000000000052504760255204420248704468581108159154915854115511802457988908195786371375080447864043704443832883878176942523235360430575644792184786706982848387200926575803737830233794788090059368953234970799945081119038967640880074652742780142494579258788820056842838115669472196386865459400540160.000 baseline=1491.271
Set parameter Username
Set parameter LicenseID to value 2738882
Academic license - for non-commercial use only - expires 2026-11-14
Segment 1 eval: start=BOAT-0 end=PORT-583 stations=50 (optimize)
  Segment 1 order: -501 -500 -499 -498 -497 -496 -495 112 113 -494 114 -275 -111 -274 -107 -106 -105 104 -103 -102 -101 108 109 110 -273 -272 271 253 252 249 -248 -247 -245 -244 -243 -238 237 -215 -214 213 -192 218 -191 219 -190 -223 222 -230 -134 -133
Segment 2 eval: start=PORT-583 end=PORT-581 stations=58 (optimize)
  Segment 2 order: -132 -181 -180 -229 -231 232 233 234 -235 -227 228 -179 -135 136 152 153 154 174 175 -176 -177 171 168 -165 166 -164 -162 -161 -160 159 163 167 172 173 155 156 157 158 -150 -149 -148 -147 -146 -145 -144 -142 -9 -8 -141 -140 -139 151 -138 -137 -2 90 -94 -92
Segment 3 eval: start=PORT-581 end=PORT-591 stations=80 (optimize)
  Segment 3 order: 56 55 -54 -53 -52 -51 -50 -49 -48 -39 -38 -37 66 67 68 69 -36 -35 -32 -31 -29 -27 26 28 30 -33 -34 41 42 43 44 45 46 -40 47 396 397 -398 -395 -394 -393 -392 -391 -390 -389 -388 -387 402 -403 385 -384 -383 -382 -414 -413 412 -409 408 -410 411 380 378 -379 -377 -376 -375 374 -373 -372 -371 -370 369 359 360 -358 -353 -350 -349 -326 328
Segment 4 eval: start=PORT-591 end=PORT-593 stations=45 (optimize)
  Segment 4 order: 276 277 278 279 280 281 557 -556 282 283 -284 555 558 559 -560 561 563 564 565 566 567 568 570 571 573 574 -577 576 -527 528 435 438 448 453 456 457 458 -455 -454 -452 -451 -450 -449 -444 513
Segment 5 eval: start=PORT-593 end=PORT-591 stations=45 (optimize)
  Segment 5 order: -512 -436 -437 -443 -505 465 506 -442 -441 440 514 -535 -534 -572 -569 537 -536 538 539 544 -540 -543 -542 -541 545 546 547 548 549 -562 -554 553 550 551 552 285 286 287 316 341 342 343 344 345 346
Segment 6 eval: start=PORT-591 end=PORT-583 stations=115 (optimize)
  Segment 6 order: -347 333 334 335 336 337 338 339 340 -317 -315 -314 -288 289 290 291 -295 296 297 306 -305 -298 299 300 301 302 304 -303 307 -294 -293 292 -310 -309 311 312 -313 318 319 320 321 323 324 325 -327 329 330 331 332 348 -361 -362 -363 -364 365 367 368 -426 -381 -425 417 -424 422 423 -421 -420 -419 -418 -416 415 404 405 406 -407 -399 -400 401 386 -62 -61 -60 58 -59 -57 -64 63 -65 71 74 -73 -72 -75 76 70 77 78 -79 80 81 82 83 84 85 -86 87 -88 89 -91 95 96 -24 -23 -22 169 170
Segment 7 eval: start=PORT-583 end=PORT-588 stations=40 (optimize)
  Segment 7 order: 97 98 99 100 -246 -242 241 -240 -239 -236 221 220 -216 -212 -211 210 -208 250 251 -207 -205 -202 203 204 -131 -129 130 -256 257 259 258 -128 -127 126 -125 -124 -264 268 269 270
Segment 8 eval: start=PORT-588 end=PORT-581 stations=47 (optimize)
  Segment 8 order: 118 119 -120 121 122 473 481 -480 469 470 -471 472 123 -266 -267 -265 -263 -262 -261 260 254 255 -206 209 -201 200 -199 -198 -197 -196 -195 -194 -193 -217 -189 -188 224 -225 -187 -186 -185 -184 183 182 226 178 13
Segment 9 eval: start=PORT-581 end=PORT-591 stations=35 (optimize)
  Segment 9 order: -93 25 5 10 11 12 -14 18 -21 20 -19 -17 -16 -15 -143 6 -7 4 -3 -1 117 -116 115 -475 -474 466 -467 -479 -478 -476 477 483 524 533 308
Segment 10 eval: start=PORT-591 end=PORT-593 stations=22 (optimize)
  Segment 10 order: 366 -357 -356 -355 354 -352 -351 -322 -532 -531 -530 -529 575 -526 525 578 579 580 -523 -522 -521 -517
Segment 11 eval: start=PORT-593 end=PORT-584 stations=33 (optimize)
  Segment 11 order: 515 516 519 -520 -518 -427 428 429 430 431 432 433 -434 447 -446 -445 439 -511 -510 -509 -508 -507 -504 -503 -488 -487 489 -482 493 -492 -491 -490 -502
Segment 12 eval: start=PORT-584 end=PORT-584 stations=0 (direct)
Segment 13 eval: start=PORT-584 end=BOAT-END stations=10 (optimize)
  Segment 13 order: -485 -461 -460 -459 -468 -464 -463 -484 462 -486
PROGRESS pass=4 changed=1 total=6329.919 best=6329.919 nseg=13 stall=0 mut=0/3
Capacity boundary sweep pass 5
Cap boundary debug: PORT-591 -> [276 277 278 279 280 281 557 556 282 283 284 555 558 559 560 561 563 564 565 566 567 568 570 571 573 574 577 576 527 528 513 444 448 452 453 456 457 458 455 454 451 450 449 438 435] -> PORT-593 -> [465 505 506 443 442 441 440 437 436 512 514 535 534 572 569 537 536 538 539 544 540 543 542 541 545 546 547 548 549 562 554 553 550 551 552 285 286 287 316 341 342 343 344 345 346] -> PORT-591 | load_left=44927 load_right=41591 cap=45000
Set parameter Username
Set parameter LicenseID to value 2738882
Academic license - for non-commercial use only - expires 2026-11-14
Set parameter TimeLimit to value 300
Set parameter Seed to value 1122333146
Set parameter Threads to value 4
Set parameter OutputFlag to value 1
Set parameter LogToConsole to value 1
Set parameter LazyConstraints to value 1
Gurobi Optimizer version 13.0.0 build v13.0.0rc1 (linux64 - "Debian GNU/Linux 13 (trixie)")

CPU model: AMD Ryzen 9 5950X 16-Core Processor, instruction set [SSE2|AVX|AVX2]
Thread count: 16 physical cores, 32 logical processors, using up to 4 threads

Non-default parameters:
TimeLimit  300
Seed  1122333146
Threads  4
LazyConstraints  1

Optimize a model with 35682 rows, 101568 columns and 203124 nonzeros (Min)
Model fingerprint: 0x6dd19813
Model has 33488 linear objective coefficients
Variable types: 67712 continuous, 33856 integer (33856 binary)
Coefficient statistics:
  Matrix range     [1e+00, 4e+04]
  Objective range  [6e-01, 1e+05]
  Bounds range     [1e+00, 4e+04]
  RHS range        [1e+00, 1e+04]
Presolve removed 2014 rows and 35048 columns
Presolve time: 0.31s
Presolved: 33668 rows, 66520 columns, 199133 nonzeros
Variable types: 32940 continuous, 33580 integer (33580 binary)
Root relaxation presolved: 33668 rows, 66520 columns, 199133 nonzeros

Deterministic concurrent LP optimizer: primal and dual simplex
Showing primal log only...

Concurrent spin time: 0.00s

Solved with primal simplex

Root relaxation: objective 6.095677e+02, 55556 iterations, 2.31 seconds (4.49 work units)

    Nodes    |    Current Node    |     Objective Bounds      |     Work
 Expl Unexpl |  Obj  Depth IntInf | Incumbent    BestBd   Gap | It/Node Time

     0     0  609.56768    0  329          -  609.56768      -     -    3s
     0     0  609.56768    0  329          -  609.56768      -     -    9s
     0     0  609.56768    0  329          -  609.56768      -     -   17s
     0     0  609.56768    0  329          -  609.56768      -     -   27s
H    0     0                    1125.8472874  609.56768  45.9%     -   37s
     0     0  609.56768    0  329 1125.84729  609.56768  45.9%     -   45s
H    0     0                    1076.4530457  609.56768  43.4%     -   53s
     0     0  812.25908    0  330 1076.45305  812.25908  24.5%     -   55s
     0     0  816.45900    0  321 1076.45305  816.45900  24.2%     -   58s
H    0     0                    1070.2379160  816.50042  23.7%     -   59s
H    0     0                    1065.6059646  816.50042  23.4%     -   60s
H    0     0                    1063.0106557  816.50042  23.2%     -   61s
H    0     0                    1056.3734231  816.50042  22.7%     -   61s
H    0     0                    1056.1362084  816.50042  22.7%     -   61s
H    0     0                    1055.7931761  816.50042  22.7%     -   61s
H    0     0                    1053.3539615  816.50042  22.5%     -   61s
H    0     0                    1035.8157721  816.50042  21.2%     -   61s
H    0     0                    1029.7143306  816.50042  20.7%     -   62s
H    0     0                    1014.4276640  816.50042  19.5%     -   62s
H    0     0                    1013.8214827  816.50042  19.5%     -   62s
H    0     0                    1002.2643983  816.50042  18.5%     -   62s
H    0     0                     998.8100428  816.50042  18.3%     -   62s
H    0     0                     995.2169392  816.50042  18.0%     -   63s
H    0     0                     994.4229771  816.50042  17.9%     -   63s
H    0     0                     994.4229740  816.50042  17.9%     -   64s
H    0     0                     994.4229736  816.50042  17.9%     -   64s
H    0     0                     984.7479717  816.50042  17.1%     -   64s
     0     0  816.50042    0  321  984.74797  816.50042  17.1%     -   65s
     0     0  816.91781    0  404  984.74797  816.91781  17.0%     -   68s
     0     0  816.91802    0  404  984.74797  816.91802  17.0%     -   68s
     0     0  818.34313    0  406  984.74797  818.34313  16.9%     -   73s
     0     0  818.52925    0  406  984.74797  818.52925  16.9%     -   74s
     0     0  818.53295    0  409  984.74797  818.53295  16.9%     -   74s
     0     0  820.21992    0  391  984.74797  820.21992  16.7%     -   79s
     0     0  820.24175    0  389  984.74797  820.24175  16.7%     -   79s
     0     0  820.24186    0  395  984.74797  820.24186  16.7%     -   79s
     0     0  820.24615    0  409  984.74797  820.24615  16.7%     -   81s
     0     0  820.28439    0  406  984.74797  820.28439  16.7%     -   81s
     0     0  820.46969    0  424  984.74797  820.46969  16.7%     -   84s
     0     0  820.48968    0  423  984.74797  820.48968  16.7%     -   84s
     0     0  820.48968    0  424  984.74797  820.48968  16.7%     -   84s
     0     0  820.94436    0  414  984.74797  820.94436  16.6%     -   86s
H    0     0                     984.7479715  820.94436  16.6%     -   87s
     0     0  820.95372    0  432  984.74797  820.95372  16.6%     -   87s
     0     0  820.95402    0  414  984.74797  820.95402  16.6%     -   87s
     0     0  821.19693    0  431  984.74797  821.19693  16.6%     -   90s
     0     0  821.51733    0  431  984.74797  821.51733  16.6%     -   90s
     0     0  821.51733    0  436  984.74797  821.51733  16.6%     -   93s
     0     0  821.51733    0  441  984.74797  821.51733  16.6%     -   93s
     0     0  821.86265    0  440  984.74797  821.86265  16.5%     -   93s
     0     0  821.86275    0  427  984.74797  821.86275  16.5%     -   93s
     0     0  824.97729    0  437  984.74797  824.97729  16.2%     -   96s
     0     0  824.97945    0  436  984.74797  824.97945  16.2%     -   96s
     0     0  825.83967    0  448  984.74797  825.83967  16.1%     -   98s
     0     0  827.87122    0  440  984.74797  827.87122  15.9%     -   98s
     0     0  827.87417    0  430  984.74797  827.87417  15.9%     -   98s
     0     0  829.43099    0  432  984.74797  829.43099  15.8%     -  100s
     0     0  829.73573    0  428  984.74797  829.73573  15.7%     -  101s
     0     0  829.73576    0  428  984.74797  829.73576  15.7%     -  101s
     0     0  829.85504    0  438  984.74797  829.85504  15.7%     -  102s
     0     0  829.89253    0  435  984.74797  829.89253  15.7%     -  103s
     0     0  829.89254    0  435  984.74797  829.89254  15.7%     -  103s
     0     0  829.89662    0  429  984.74797  829.89662  15.7%     -  105s
     0     0  829.89665    0  433  984.74797  829.89665  15.7%     -  105s
     0     0  830.38810    0  442  984.74797  830.38810  15.7%     -  107s
H    0     0                     974.0549760  830.39977  14.7%     -  107s
     0     0  830.39977    0  438  974.05498  830.39977  14.7%     -  108s
     0     0  830.39977    0  449  974.05498  830.39977  14.7%     -  110s
     0     0  830.39977    0  447  974.05498  830.39977  14.7%     -  110s
     0     0  830.43613    0  450  974.05498  830.43613  14.7%     -  113s
     0     0  830.43613    0  450  974.05498  830.43613  14.7%     -  113s
     0     0  830.43613    0  439  974.05498  830.43613  14.7%     -  113s
     0     0  830.43613    0  328  974.05498  830.43613  14.7%     -  117s
H    0     0                     955.3682030  830.43613  13.1%     -  118s
H    0     0                     955.0896459  830.43613  13.1%     -  118s
     0     0  830.43613    0  335  955.08965  830.43613  13.1%     -  121s
H    0     0                     954.2342105  830.43613  13.0%     -  122s
H    0     0                     947.9820314  830.43613  12.4%     -  124s
H    0     0                     942.4084592  830.43613  11.9%     -  124s
     0     0  830.43613    0  415  942.40846  830.43613  11.9%     -  127s
     0     0  830.43613    0  423  942.40846  830.43613  11.9%     -  127s
     0     0  830.43613    0  428  942.40846  830.43613  11.9%     -  127s
     0     0  830.47583    0  432  942.40846  830.47583  11.9%     -  128s
     0     0  830.47625    0  437  942.40846  830.47625  11.9%     -  128s
     0     0  830.58523    0  441  942.40846  830.58523  11.9%     -  129s
     0     0  830.64941    0  443  942.40846  830.64941  11.9%     -  129s
     0     0  831.81005    0  421  942.40846  831.81005  11.7%     -  133s
     0     0  832.02840    0  420  942.40846  832.02840  11.7%     -  134s
     0     0  832.02840    0  414  942.40846  832.02840  11.7%     -  134s
     0     0  832.02840    0  419  942.40846  832.02840  11.7%     -  134s
     0     0  832.02840    0  419  942.40846  832.02840  11.7%     -  135s
     0     0  836.64888    0  409  942.40846  836.64888  11.2%     -  137s
     0     0  836.72839    0  410  942.40846  836.72839  11.2%     -  138s
     0     0  836.75619    0  408  942.40846  836.75619  11.2%     -  138s
     0     0  836.75646    0  409  942.40846  836.75646  11.2%     -  138s
     0     0  838.05826    0  420  942.40846  838.05826  11.1%     -  139s
     0     0  838.06088    0  418  942.40846  838.06088  11.1%     -  139s
     0     0  840.42220    0  434  942.40846  840.42220  10.8%     -  140s
     0     0  840.52782    0  442  942.40846  840.52782  10.8%     -  141s
     0     0  840.52886    0  440  942.40846  840.52886  10.8%     -  141s
     0     0  842.06526    0  443  942.40846  842.06526  10.6%     -  142s
     0     0  842.09000    0  454  942.40846  842.09000  10.6%     -  143s
     0     0  842.09033    0  453  942.40846  842.09033  10.6%     -  143s
     0     0  842.30623    0  436  942.40846  842.30623  10.6%     -  144s
H    0     0                     939.4131326  842.30623  10.3%     -  144s
     0     0  842.30957    0  449  939.41313  842.30957  10.3%     -  145s
     0     0  842.60743    0  448  939.41313  842.60743  10.3%     -  146s
     0     0  842.60784    0  451  939.41313  842.60784  10.3%     -  146s
     0     0  842.67286    0  457  939.41313  842.67286  10.3%     -  147s
     0     0  842.67755    0  462  939.41313  842.67755  10.3%     -  147s
     0     0  842.68626    0  462  939.41313  842.68626  10.3%     -  148s
     0     0  842.69528    0  463  939.41313  842.69528  10.3%     -  148s
     0     0  842.69681    0  464  939.41313  842.69681  10.3%     -  149s
     0     0  842.69939    0  464  939.41313  842.69939  10.3%     -  149s
     0     0  842.69939    0  464  939.41313  842.69939  10.3%     -  149s
     0     0  842.69939    0  439  939.41313  842.69939  10.3%     -  150s
H    0     0                     937.4606341  842.70297  10.1%     -  152s
     0     0  842.70297    0  322  937.46063  842.70297  10.1%     -  155s
H    0     0                     937.4606322  842.70297  10.1%     -  156s
     0     0  842.70297    0  324  937.46063  842.70297  10.1%     -  159s
     0     0  842.70297    0  414  937.46063  842.70297  10.1%     -  165s
     0     0  842.70297    0  428  937.46063  842.70297  10.1%     -  166s
     0     0  842.70297    0  432  937.46063  842.70297  10.1%     -  166s
     0     0  842.70297    0  439  937.46063  842.70297  10.1%     -  166s
     0     0  842.70297    0  440  937.46063  842.70297  10.1%     -  166s
     0     0  842.70297    0  443  937.46063  842.70297  10.1%     -  167s
     0     0  842.70297    0  445  937.46063  842.70297  10.1%     -  167s
     0     0  842.70297    0  444  937.46063  842.70297  10.1%     -  167s
     0     0  849.37007    0  435  937.46063  849.37007  9.40%     -  171s
     0     0  849.37073    0  431  937.46063  849.37073  9.40%     -  171s
     0     0  849.96603    0  410  937.46063  849.96603  9.33%     -  174s
     0     0  850.23645    0  432  937.46063  850.23645  9.30%     -  174s
     0     0  850.24866    0  434  937.46063  850.24866  9.30%     -  174s
     0     0  850.24959    0  436  937.46063  850.24959  9.30%     -  174s
     0     0  850.24959    0  437  937.46063  850.24959  9.30%     -  175s
     0     0  850.24996    0  437  937.46063  850.24996  9.30%     -  175s
     0     0  850.25314    0  442  937.46063  850.25314  9.30%     -  176s
     0     0  850.25316    0  443  937.46063  850.25316  9.30%     -  176s
     0     0  850.32014    0  448  937.46063  850.32014  9.30%     -  177s
     0     0  850.32014    0  448  937.46063  850.32014  9.30%     -  177s
     0     0  850.32014    0  425  937.46063  850.32014  9.30%     -  178s
     0     2  850.32014    0  425  937.46063  850.32014  9.30%     -  181s
   131   138  864.63533   31  355  937.46063  851.15225  9.21%   181  185s
   154   165  866.41368   37  321  937.46063  851.15225  9.21%   296  190s
H  224   226                     930.2475571  851.15225  8.50%   247  194s
   225   259  869.64768   50  318  930.24756  851.15225  8.50%   246  195s
   841   886  890.87095  179  289  930.24756  851.15225  8.50%   102  200s
  1168  1185  913.06993  291  155  930.24756  851.15225  8.50%   104  205s
  1427  1357  867.70001   23  439  930.24756  851.19893  8.50%   109  217s
  1429  1358  913.70801  185  334  930.24756  851.19893  8.50%   109  220s
H 1429  1290                     930.2475553  851.19893  8.50%   109  224s
  1430  1291  901.67077  118  360  930.24756  851.19893  8.50%   109  225s
  1437  1296  867.75564   28  453  930.24756  851.19893  8.50%   108  230s
  1448  1303  911.36356  270  444  930.24756  851.42694  8.47%   107  235s
  1459  1310  901.21919   82  446  930.24756  852.19362  8.39%   107  240s
  1473  1320  864.74047   32  450  930.24756  852.47693  8.36%   106  245s
  1485  1328  875.29062   30  461  930.24756  852.51606  8.36%   105  250s
  1494  1334  909.36449  162  455  930.24756  853.77155  8.22%   104  256s
  1501  1338  872.49107   32  464  930.24756  853.99289  8.20%   104  260s
  1511  1345  890.84179   83  473  930.24756  854.06429  8.19%   103  265s
  1518  1350  900.62939  104  472  930.24756  854.12939  8.18%   102  271s
  1529  1357  913.70801  185  460  930.24756  854.16395  8.18%   102  275s
  1538  1363  906.69159  139  487  930.24756  854.31108  8.16%   101  280s
  1543  1366  887.63819   56  489  930.24756  854.32896  8.16%   101  286s
  1548  1370  911.36356  270  492  930.24756  854.37636  8.16%   100  291s
  1555  1374  910.49868  152  487  930.24756  854.40561  8.15%   100  296s

Cutting planes:
  Gomory: 7
  Cover: 16
  Implied bound: 158
  Projected implied bound: 8
  Clique: 4
  MIR: 79
  Flow cover: 126
  GUB cover: 1
  Zero half: 32
  Network: 5
  RLT: 3
  Relax-and-lift: 121
  BQP: 4

Explored 1562 nodes (545213 simplex iterations) in 300.00 seconds (618.61 work units)
Thread count was 4 (of 32 available processors)

Solution count 10: 930.248 937.461 939.413 ... 984.748

Time limit reached
Best objective 9.302475552536e+02, best bound 8.544465868561e+02, gap 8.1485%

User-callback calls 73310, time in user-callback 0.01 sec
Cap boundary opt: PORT-593 stations=90 obj=930.248 real=929.273 baseline=1136.098
Set parameter Username
Set parameter LicenseID to value 2738882
Academic license - for non-commercial use only - expires 2026-11-14
Segment 1 eval: start=BOAT-0 end=PORT-583 stations=50 (optimize)
  Segment 1 order: -501 -500 -499 -498 -497 -496 -495 112 113 -494 114 -275 -111 -274 -107 -106 -105 104 -103 -102 -101 108 109 110 -273 -272 271 253 252 249 -248 -247 -245 -244 -243 -238 237 -215 -214 213 -192 218 -191 219 -190 -223 222 -230 -134 -133
Segment 2 eval: start=PORT-583 end=PORT-581 stations=58 (optimize)
  Segment 2 order: -132 -181 -180 -229 -231 232 233 234 -235 -227 228 -179 -135 136 152 153 154 174 175 -176 -177 171 168 -165 166 -164 -162 -161 -160 159 163 167 172 173 155 156 157 158 -150 -149 -148 -147 -146 -145 -144 -142 -9 -8 -141 -140 -139 151 -138 -137 -2 90 -94 -92
Segment 3 eval: start=PORT-581 end=PORT-591 stations=80 (optimize)
  Segment 3 order: 56 55 -54 -53 -52 -51 -50 -49 -48 -39 -38 -37 66 67 68 69 -36 -35 -32 -31 -29 -27 26 28 30 -33 -34 41 42 43 44 45 46 -40 47 396 397 -398 -395 -394 -393 -392 -391 -390 -389 -388 -387 402 -403 385 -384 -383 -382 -414 -413 412 -409 408 -410 411 380 378 -379 -377 -376 -375 374 -373 -372 -371 -370 369 359 360 -358 -353 -350 -349 -326 328
Segment 4 eval: start=PORT-591 end=PORT-593 stations=52 (optimize)
  Segment 4 order: -346 -345 -344 -343 -342 -341 -316 -287 -286 -285 -552 -551 -550 -547 549 -563 564 565 566 567 568 569 570 571 576 -527 528 435 438 448 449 450 451 452 453 454 455 456 457 458 465 505 506 -444 -443 -442 -441 440 437 436 512 513
Segment 5 eval: start=PORT-593 end=PORT-591 stations=38 (optimize)
  Segment 5 order: 514 577 -574 -573 572 534 535 -536 537 538 539 544 -540 -543 -542 -541 545 546 -548 -553 554 562 -561 560 -559 -558 -555 284 -283 -282 556 -557 -281 -280 -279 -278 -277 -276
Segment 6 eval: start=PORT-591 end=PORT-583 stations=115 (optimize)
  Segment 6 order: -347 333 334 335 336 337 338 339 340 -317 -315 -314 -288 289 290 291 -295 296 297 306 -305 -298 299 300 301 302 304 -303 307 -294 -293 292 -310 -309 311 312 -313 318 319 320 321 323 324 325 -327 329 330 331 332 348 -361 -362 -363 -364 365 367 368 -426 -381 -425 417 -424 422 423 -421 -420 -419 -418 -416 415 404 405 406 -407 -399 -400 401 386 -62 -61 -60 58 -59 -57 -64 63 -65 71 74 -73 -72 -75 76 70 77 78 -79 80 81 82 83 84 85 -86 87 -88 89 -91 95 96 -24 -23 -22 169 170
Segment 7 eval: start=PORT-583 end=PORT-588 stations=40 (optimize)
  Segment 7 order: 97 98 99 100 -246 -242 241 -240 -239 -236 221 220 -216 -212 -211 210 -208 250 251 -207 -205 -202 203 204 -131 -129 130 -256 257 259 258 -128 -127 126 -125 -124 -264 268 269 270
Segment 8 eval: start=PORT-588 end=PORT-581 stations=47 (optimize)
  Segment 8 order: 118 119 -120 121 122 473 481 -480 469 470 -471 472 123 -266 -267 -265 -263 -262 -261 260 254 255 -206 209 -201 200 -199 -198 -197 -196 -195 -194 -193 -217 -189 -188 224 -225 -187 -186 -185 -184 183 182 226 178 13
Segment 9 eval: start=PORT-581 end=PORT-591 stations=35 (optimize)
  Segment 9 order: -93 25 5 10 11 12 -14 18 -21 20 -19 -17 -16 -15 -143 6 -7 4 -3 -1 117 -116 115 -475 -474 466 -467 -479 -478 -476 477 483 524 533 308
Segment 10 eval: start=PORT-591 end=PORT-593 stations=22 (optimize)
  Segment 10 order: 366 -357 -356 -355 354 -352 -351 -322 -532 -531 -530 -529 575 -526 525 578 579 580 -523 -522 -521 -517
Segment 11 eval: start=PORT-593 end=PORT-584 stations=33 (optimize)
  Segment 11 order: 515 516 519 -520 -518 -427 428 429 430 431 432 433 -434 447 -446 -445 439 -511 -510 -509 -508 -507 -504 -503 -488 -487 489 -482 493 -492 -491 -490 -502
Segment 12 eval: start=PORT-584 end=PORT-584 stations=0 (direct)
Segment 13 eval: start=PORT-584 end=BOAT-END stations=10 (optimize)
  Segment 13 order: -485 -461 -460 -459 -468 -464 -463 -484 462 -486
Cap boundary debug: PORT-593 -> [514 577 574 573 572 534 535 536 537 538 539 544 540 543 542 541 545 546 548 553 554 562 561 560 559 558 555 284 283 282 556 557 281 280 279 278 277 276] -> PORT-591 -> [347 332 331 330 329 327 325 324 323 321 320 319 318 317 314 315 288 289 290 291 293 294 307 306 305 304 303 302 301 300 299 298 297 296 295 292 310 309 311 312 313 340 339 338 337 336 335 334 333 348 361 362 363 364 365 367 368 426 381 425 424 422 423 421 420 419 418 417 416 415 404 405 406 407 399 400 401 386 62 61 60 58 59 57 64 63 65 71 74 73 72 75 76 70 77 78 79 80 81 88 87 86 85 84 83 82 89 91 95 96 24 23 22 169 170] -> PORT-583 | load_left=41584 load_right=44658 cap=45000
Set parameter Username
Set parameter LicenseID to value 2738882
Academic license - for non-commercial use only - expires 2026-11-14
Set parameter TimeLimit to value 300
Set parameter Seed to value 1024893679
Set parameter Threads to value 4
Set parameter OutputFlag to value 1
Set parameter LogToConsole to value 1
Set parameter LazyConstraints to value 1
Gurobi Optimizer version 13.0.0 build v13.0.0rc1 (linux64 - "Debian GNU/Linux 13 (trixie)")

CPU model: AMD Ryzen 9 5950X 16-Core Processor, instruction set [SSE2|AVX|AVX2]
Thread count: 16 physical cores, 32 logical processors, using up to 4 threads

Non-default parameters:
TimeLimit  300
Seed  1024893679
Threads  4
LazyConstraints  1

Optimize a model with 99186 rows, 288300 columns and 576588 nonzeros (Min)
Model fingerprint: 0x2a5891a7
Model has 95480 linear objective coefficients
Variable types: 192200 continuous, 96100 integer (96100 binary)
Coefficient statistics:
  Matrix range     [1e+00, 4e+04]
  Objective range  [4e-01, 1e+05]
  Bounds range     [1e+00, 4e+04]
  RHS range        [1e+00, 1e+04]
Presolve removed 3400 rows and 98111 columns
Presolve time: 0.80s
Presolved: 95786 rows, 190189 columns, 570938 nonzeros
Variable types: 94554 continuous, 95635 integer (95635 binary)
Root relaxation presolved: 95787 rows, 190189 columns, 585578 nonzeros

Deterministic concurrent LP optimizer: primal simplex, dual simplex, and barrier
Showing barrier log only...

Root barrier log...

Ordering time: 0.07s

Barrier statistics:
 AA' NZ     : 5.875e+05
 Factor NZ  : 1.262e+06 (roughly 130 MB of memory)
 Factor Ops : 6.378e+08 (less than 1 second per iteration)
 Threads    : 2

                  Objective                Residual
Iter       Primal          Dual         Primal    Dual     Compl     Time
   0   3.17364538e+10 -5.98414567e+13  2.77e+05 1.46e-11  2.12e+08     2s
   1   1.42319439e+10 -4.05408775e+13  1.24e+05 2.73e+04  1.21e+08     2s
   2   9.93856339e+09 -2.07607497e+12  8.68e+04 6.63e-10  2.61e+07     2s
   3   3.64832255e+09 -9.02476319e+11  3.19e+04 6.67e-10  9.67e+06     2s
   4   3.15166533e+09 -8.70002240e+11  2.75e+04 1.04e-09  8.53e+06     2s
   5   1.59709376e+09 -7.99035560e+11  1.39e+04 1.04e-09  5.07e+06     2s
   6   2.07324914e+08 -4.53679887e+11  1.79e+03 8.15e-10  1.38e+06     2s
   7   1.01484227e+07 -3.69106551e+10  5.65e+01 8.34e-10  8.81e+04     2s
   8   5.88963421e+06 -8.40023318e+09  1.91e+01 3.60e-10  2.00e+04     2s
   9   5.76976141e+06 -7.51726957e+09  1.80e+01 1.95e-09  1.79e+04     2s
  10   5.21083696e+06 -6.29729068e+09  1.28e+01 7.70e-09  1.46e+04     2s
  11   5.03037490e+06 -5.41377898e+09  1.11e+01 7.09e-09  1.24e+04     2s
  12   4.28827134e+06 -2.32199828e+09  5.36e+00 3.64e-08  5.11e+03     2s
  13   3.98533583e+06 -5.68566459e+08  2.89e+00 3.23e-08  1.24e+03     3s
  14   3.59588800e+06 -7.46623840e+07  4.99e-01 4.02e-08  1.66e+02     3s
  15   3.11549621e+06 -3.64603744e+07  2.14e-01 3.20e-08  8.35e+01     3s
  16   2.33807515e+06 -2.62613773e+07  1.54e-02 3.42e-08  6.02e+01     3s
  17   1.50289958e+06 -2.08028380e+07  8.90e-04 3.89e-08  4.70e+01     3s
  18   5.50991228e+05 -3.07294625e+06  2.29e-08 2.93e-08  7.63e+00     3s
  19   5.46700386e+04 -1.59850805e+05  1.86e-09 2.63e-08  4.52e-01     3s
  20   2.36547902e+04 -6.15921174e+04  3.69e-10 2.69e-08  1.79e-01     3s
  21   1.60656727e+04 -4.06127427e+04  6.03e-11 3.31e-08  1.19e-01     3s
  22   1.11193693e+04 -2.14856123e+04  6.63e-11 2.91e-08  6.87e-02     3s
  23   7.47147832e+03 -8.22814439e+03  8.65e-09 4.01e-08  3.31e-02     3s
  24   3.75616298e+03 -1.97419339e+03  5.64e-09 2.49e-08  1.21e-02     3s
  25   2.28342334e+03 -8.72737080e+02  5.02e-10 3.29e-08  6.65e-03     3s
  26   1.82220851e+03  8.05576378e+01  2.63e-09 2.88e-08  3.67e-03     3s
  27   1.50601602e+03  7.02437966e+02  3.60e-09 3.16e-08  1.69e-03     3s
  28   1.32875282e+03  1.06479939e+03  4.58e-10 2.77e-08  5.56e-04     4s
  29   1.28113676e+03  1.22300886e+03  7.69e-09 3.78e-08  1.22e-04     4s
  30   1.27395626e+03  1.25308554e+03  4.41e-09 3.38e-08  4.39e-05     4s
  31   1.27144204e+03  1.26073139e+03  1.37e-08 3.51e-08  2.26e-05     4s
  32   1.27035358e+03  1.26642292e+03  4.88e-09 2.19e-08  8.28e-06     4s
  33   1.26973326e+03  1.26896187e+03  1.94e-09 1.54e-08  1.62e-06     4s
  34   1.26966766e+03  1.26931431e+03  8.83e-10 2.51e-08  7.44e-07     4s
  35   1.26961328e+03  1.26959037e+03  8.94e-10 2.26e-08  4.82e-08     4s
  36   1.26960497e+03  1.26960455e+03  2.57e-09 3.06e-08  8.71e-10     4s
  37   1.26960479e+03  1.26960477e+03  1.90e-08 1.95e-08  4.15e-11     4s
  38   1.26960478e+03  1.26960478e+03  2.92e-09 3.18e-08  9.36e-12     4s

Barrier solved model in 38 iterations and 4.33 seconds (5.33 work units)
Optimal objective 1.26960478e+03

Crossover time: 0.22 seconds (0.24 work units)
Concurrent spin time: 0.00s

Solved with barrier

Root relaxation: objective 1.269605e+03, 42879 iterations, 3.29 seconds (3.34 work units)

    Nodes    |    Current Node    |     Objective Bounds      |     Work
 Expl Unexpl |  Obj  Depth IntInf | Incumbent    BestBd   Gap | It/Node Time

     0     0 1269.60478    0  475          - 1269.60478      -     -    8s
     0     0 1279.06056    0  519          - 1279.06056      -     -   19s
     0     0 1279.06368    0  519          - 1279.06368      -     -   37s
     0     0 1284.04697    0  560          - 1284.04697      -     -   45s
H    0     0                    2243.1011890 1284.04697  42.8%     -   51s
H    0     0                    2034.1292560 1284.04697  36.9%     -   51s
H    0     0                    2027.0537163 1284.04697  36.7%     -   53s
     0     0 1284.04697    0  560 2027.05372 1284.04697  36.7%     -   56s
H    0     0                    2027.0536827 1284.04697  36.7%     -   57s
H    0     0                    2027.0536802 1284.04697  36.7%     -   58s
     0     0 1284.64576    0  559 2027.05368 1284.64576  36.6%     -   61s
     0     0 1289.70078    0  571 2027.05368 1289.70078  36.4%     -   70s
     0     0 1289.70078    0  480 2027.05368 1289.70078  36.4%     -   86s
H    0     0                    1869.7429205 1289.70078  31.0%     -  122s
     0     0 1289.70078    0  561 1869.74292 1289.70078  31.0%     -  129s
H    0     0                    1805.3713781 1289.70078  28.6%     -  131s
H    0     0                    1792.7698669 1289.70078  28.1%     -  131s
H    0     0                    1758.3247648 1289.70078  26.7%     -  132s
     0     0 1289.70078    0  565 1758.32476 1289.70078  26.7%     -  139s
     0     0 1290.20992    0  569 1758.32476 1290.20992  26.6%     -  139s
     0     0 1290.20992    0  569 1758.32476 1290.20992  26.6%     -  140s
     0     0 1290.69991    0  591 1758.32476 1290.69991  26.6%     -  143s
     0     0 1290.69991    0  479 1758.32476 1290.69991  26.6%     -  153s
H    0     0                    1614.9073667 1290.69991  20.1%     -  174s
     0     0 1290.69991    0  564 1614.90737 1290.69991  20.1%     -  180s
H    0     0                    1607.8007711 1290.69991  19.7%     -  181s
H    0     0                    1603.8326364 1290.69991  19.5%     -  184s
H    0     0                    1597.9681058 1290.69991  19.2%     -  186s
     0     0 1291.46074    0  580 1597.96811 1291.46074  19.2%     -  189s
     0     0 1291.50850    0  572 1597.96811 1291.50850  19.2%     -  190s
     0     0 1291.50894    0  573 1597.96811 1291.50894  19.2%     -  190s
     0     0 1296.64230    0  586 1597.96811 1296.64230  18.9%     -  195s
     0     0 1296.69082    0  587 1597.96811 1296.69082  18.9%     -  196s
     0     0 1297.61218    0  599 1597.96811 1297.61218  18.8%     -  200s
H    0     0                    1593.5776397 1297.61218  18.6%     -  202s
H    0     0                    1590.2618209 1297.61218  18.4%     -  203s
H    0     0                    1589.7959109 1297.61218  18.4%     -  203s
     0     0 1297.61249    0  606 1589.79591 1297.61249  18.4%     -  204s
     0     0 1298.14739    0  609 1589.79591 1298.14739  18.3%     -  210s
     0     0 1298.21614    0  600 1589.79591 1298.21614  18.3%     -  210s
     0     0 1298.21694    0  599 1589.79591 1298.21694  18.3%     -  210s
     0     0 1298.78915    0  619 1589.79591 1298.78915  18.3%     -  212s
     0     0 1298.89416    0  619 1589.79591 1298.89416  18.3%     -  213s
     0     0 1298.90472    0  619 1589.79591 1298.90472  18.3%     -  213s
     0     0 1298.90472    0  618 1589.79591 1298.90472  18.3%     -  213s
     0     0 1299.60555    0  608 1589.79591 1299.60555  18.3%     -  215s
     0     0 1299.62463    0  618 1589.79591 1299.62463  18.3%     -  215s
     0     0 1299.62463    0  619 1589.79591 1299.62463  18.3%     -  215s
     0     0 1299.65510    0  612 1589.79591 1299.65510  18.3%     -  217s
     0     0 1299.74084    0  612 1589.79591 1299.74084  18.2%     -  218s
     0     0 1299.94247    0  614 1589.79591 1299.94247  18.2%     -  219s
     0     0 1299.94247    0  620 1589.79591 1299.94247  18.2%     -  219s
     0     0 1300.06038    0  601 1589.79591 1300.06038  18.2%     -  222s
     0     0 1300.07080    0  606 1589.79591 1300.07080  18.2%     -  222s
     0     0 1300.07518    0  610 1589.79591 1300.07518  18.2%     -  222s
     0     0 1300.56872    0  619 1589.79591 1300.56872  18.2%     -  224s
     0     0 1300.57779    0  620 1589.79591 1300.57779  18.2%     -  224s
     0     0 1300.57779    0  620 1589.79591 1300.57779  18.2%     -  224s
     0     0 1301.60679    0  607 1589.79591 1301.60679  18.1%     -  227s
     0     0 1301.61405    0  609 1589.79591 1301.61405  18.1%     -  227s
     0     0 1301.61405    0  609 1589.79591 1301.61405  18.1%     -  227s
     0     0 1301.62575    0  617 1589.79591 1301.62575  18.1%     -  228s
     0     0 1301.62788    0  614 1589.79591 1301.62788  18.1%     -  229s
     0     0 1301.64931    0  622 1589.79591 1301.64931  18.1%     -  230s
     0     0 1301.64931    0  622 1589.79591 1301.64931  18.1%     -  231s
     0     0 1301.64931    0  622 1589.79591 1301.64931  18.1%     -  231s
     0     0 1301.64931    0  598 1589.79591 1301.64931  18.1%     -  232s
H    0     0                    1581.5363245 1301.64931  17.7%     -  239s
H    0     0                    1568.9815552 1301.64931  17.0%     -  241s
H    0     0                    1565.7972334 1301.64931  16.9%     -  242s
     0     2 1301.64931    0  585 1565.79723 1301.64931  16.9%     -  244s
     1     3 1330.32038    1  534 1565.79723 1301.66822  16.9% 36282  260s
     2     5 1330.81257    2  343 1565.79723 1301.66822  16.9% 20682  279s
     4     8 1330.73098    2  397 1565.79723 1330.19368  15.0% 20069  287s
     7    12 1331.03181    3  409 1565.79723 1330.19368  15.0% 12991  295s
    11    20 1331.35478    4  390 1565.79723 1330.19368  15.0%  9945  300s

Cutting planes:
  Cover: 4
  Implied bound: 175
  Clique: 4
  MIR: 34
  Flow cover: 104
  Zero half: 42
  Network: 7
  RLT: 4
  Relax-and-lift: 195

Explored 19 nodes (512044 simplex iterations) in 300.02 seconds (700.14 work units)
Thread count was 4 (of 32 available processors)

Solution count 10: 1565.8 1568.98 1581.54 ... 1614.91

Time limit reached
Best objective 1.565797233393e+03, best bound 1.330193678737e+03, gap 15.0469%

User-callback calls 95094, time in user-callback 0.02 sec
Cap boundary reject: PORT-591 real=1483.438 baseline=1483.438
Set parameter Username
Set parameter LicenseID to value 2738882
Academic license - for non-commercial use only - expires 2026-11-14
Segment 1 eval: start=BOAT-0 end=PORT-583 stations=50 (optimize)
  Segment 1 order: -501 -500 -499 -498 -497 -496 -495 112 113 -494 114 -275 -111 -274 -107 -106 -105 104 -103 -102 -101 108 109 110 -273 -272 271 253 252 249 -248 -247 -245 -244 -243 -238 237 -215 -214 213 -192 218 -191 219 -190 -223 222 -230 -134 -133
Segment 2 eval: start=PORT-583 end=PORT-581 stations=58 (optimize)
  Segment 2 order: -132 -181 -180 -229 -231 232 233 234 -235 -227 228 -179 -135 136 152 153 154 174 175 -176 -177 171 168 -165 166 -164 -162 -161 -160 159 163 167 172 173 155 156 157 158 -150 -149 -148 -147 -146 -145 -144 -142 -9 -8 -141 -140 -139 151 -138 -137 -2 90 -94 -92
Segment 3 eval: start=PORT-581 end=PORT-591 stations=80 (optimize)
  Segment 3 order: 56 55 -54 -53 -52 -51 -50 -49 -48 -39 -38 -37 66 67 68 69 -36 -35 -32 -31 -29 -27 26 28 30 -33 -34 41 42 43 44 45 46 -40 47 396 397 -398 -395 -394 -393 -392 -391 -390 -389 -388 -387 402 -403 385 -384 -383 -382 -414 -413 412 -409 408 -410 411 380 378 -379 -377 -376 -375 374 -373 -372 -371 -370 369 359 360 -358 -353 -350 -349 -326 328
Segment 4 eval: start=PORT-591 end=PORT-593 stations=52 (optimize)
  Segment 4 order: -346 -345 -344 -343 -342 -341 -316 -287 -286 -285 -552 -551 -550 -547 549 -563 564 565 566 567 568 569 570 571 576 -527 528 435 438 448 449 450 451 452 453 454 455 456 457 458 465 505 506 -444 -443 -442 -441 440 437 436 512 513
Segment 5 eval: start=PORT-593 end=PORT-591 stations=38 (optimize)
  Segment 5 order: 514 577 -574 -573 572 534 535 -536 537 538 539 544 -540 -543 -542 -541 545 546 -548 -553 554 562 -561 560 -559 -558 -555 284 -283 -282 556 -557 -281 -280 -279 -278 -277 -276
Segment 6 eval: start=PORT-591 end=PORT-583 stations=115 (optimize)
  Segment 6 order: -347 333 334 335 336 337 338 339 340 -317 -315 -314 -288 289 290 291 -295 296 297 306 -305 -298 299 300 301 302 304 -303 307 -294 -293 292 -310 -309 311 312 -313 318 319 320 321 323 324 325 -327 329 330 331 332 348 -361 -362 -363 -364 365 367 368 -426 -381 -425 417 -424 422 423 -421 -420 -419 -418 -416 415 404 405 406 -407 -399 -400 401 386 -62 -61 -60 58 -59 -57 -64 63 -65 71 74 -73 -72 -75 76 70 77 78 -79 80 81 82 83 84 85 -86 87 -88 89 -91 95 96 -24 -23 -22 169 170
Segment 7 eval: start=PORT-583 end=PORT-588 stations=40 (optimize)
  Segment 7 order: 97 98 99 100 -246 -242 241 -240 -239 -236 221 220 -216 -212 -211 210 -208 250 251 -207 -205 -202 203 204 -131 -129 130 -256 257 259 258 -128 -127 126 -125 -124 -264 268 269 270
Segment 8 eval: start=PORT-588 end=PORT-581 stations=47 (optimize)
  Segment 8 order: 118 119 -120 121 122 473 481 -480 469 470 -471 472 123 -266 -267 -265 -263 -262 -261 260 254 255 -206 209 -201 200 -199 -198 -197 -196 -195 -194 -193 -217 -189 -188 224 -225 -187 -186 -185 -184 183 182 226 178 13
Segment 9 eval: start=PORT-581 end=PORT-591 stations=35 (optimize)
  Segment 9 order: -93 25 5 10 11 12 -14 18 -21 20 -19 -17 -16 -15 -143 6 -7 4 -3 -1 117 -116 115 -475 -474 466 -467 -479 -478 -476 477 483 524 533 308
Segment 10 eval: start=PORT-591 end=PORT-593 stations=22 (optimize)
  Segment 10 order: 366 -357 -356 -355 354 -352 -351 -322 -532 -531 -530 -529 575 -526 525 578 579 580 -523 -522 -521 -517
Segment 11 eval: start=PORT-593 end=PORT-584 stations=33 (optimize)
  Segment 11 order: 515 516 519 -520 -518 -427 428 429 430 431 432 433 -434 447 -446 -445 439 -511 -510 -509 -508 -507 -504 -503 -488 -487 489 -482 493 -492 -491 -490 -502
Segment 12 eval: start=PORT-584 end=PORT-584 stations=0 (direct)
Segment 13 eval: start=PORT-584 end=BOAT-END stations=10 (optimize)
  Segment 13 order: -485 -461 -460 -459 -468 -464 -463 -484 462 -486
PROGRESS pass=5 changed=1 total=6123.094 best=6123.094 nseg=13 stall=0 mut=0/1
Capacity boundary sweep pass 6
Cap boundary debug: PORT-581 -> [68 69 67 66 53 54 56 55 52 51 38 48 39 40 47 46 43 45 44 42 41 34 33 30 29 27 26 28 31 32 36 35 37 50 49 396 397 398 395 394 393 392 391 390 389 388 387 402 385 403 384 383 382 414 413 412 409 408 410 411 380 378 379 377 376 375 374 373 372 371 370 369 359 360 358 353 349 350 326 328] -> PORT-591 -> [346 345 344 343 342 341 316 287 286 285 552 551 550 547 549 563 564 565 566 567 568 569 570 571 576 527 528 435 437 440 441 442 443 444 506 505 465 458 457 456 455 454 453 452 451 450 449 448 438 436 512 513] -> PORT-593 | load_left=43988 load_right=44934 cap=45000
Set parameter Username
Set parameter LicenseID to value 2738882
Academic license - for non-commercial use only - expires 2026-11-14
Set parameter TimeLimit to value 300
Set parameter Seed to value 202496047
Set parameter Threads to value 4
Set parameter OutputFlag to value 1
Set parameter LogToConsole to value 1
Set parameter LazyConstraints to value 1
Gurobi Optimizer version 13.0.0 build v13.0.0rc1 (linux64 - "Debian GNU/Linux 13 (trixie)")

CPU model: AMD Ryzen 9 5950X 16-Core Processor, instruction set [SSE2|AVX|AVX2]
Thread count: 16 physical cores, 32 logical processors, using up to 4 threads

Non-default parameters:
TimeLimit  300
Seed  202496047
Threads  4
LazyConstraints  1

Optimize a model with 74490 rows, 215472 columns and 430932 nonzeros (Min)
Model fingerprint: 0x2d278e8a
Model has 71288 linear objective coefficients
Variable types: 143648 continuous, 71824 integer (71824 binary)
Coefficient statistics:
  Matrix range     [1e+00, 4e+04]
  Objective range  [8e-01, 1e+05]
  Bounds range     [1e+00, 4e+04]
  RHS range        [1e+00, 8e+03]
Presolve removed 2938 rows and 73562 columns
Presolve time: 0.51s
Presolved: 71552 rows, 141910 columns, 426207 nonzeros
Variable types: 70488 continuous, 71422 integer (71422 binary)
Root relaxation presolved: 71552 rows, 141910 columns, 426207 nonzeros

Deterministic concurrent LP optimizer: primal and dual simplex
Showing primal log only...


Root simplex log...

Iteration    Objective       Primal Inf.    Dual Inf.      Time
   62493    9.8142820e+02   0.000000e+00   8.520272e+00      5s
  100406    9.7178497e+02   0.000000e+00   0.000000e+00      8s
Concurrent spin time: 0.00s

Solved with primal simplex

Root relaxation: objective 9.717850e+02, 100406 iterations, 7.30 seconds (15.53 work units)

    Nodes    |    Current Node    |     Objective Bounds      |     Work
 Expl Unexpl |  Obj  Depth IntInf | Incumbent    BestBd   Gap | It/Node Time

     0     0  971.78497    0  482          -  971.78497      -     -    9s
H    0     0                    1465.8862401  971.78497  33.7%     -   10s
H    0     0                    1423.4548239  971.78497  31.7%     -   10s
H    0     0                    1399.7876483  971.78497  30.6%     -   11s
H    0     0                    1398.5262524  971.78497  30.5%     -   11s
H    0     0                    1395.0689776  971.78497  30.3%     -   11s
H    0     0                    1259.1266122  971.78497  22.8%     -   31s
     0     0  974.98084    0  521 1259.12661  974.98084  22.6%     -   34s
     0     0  974.98084    0  475 1259.12661  974.98084  22.6%     -   41s
H    0     0                    1225.6758815  974.98084  20.5%     -   53s
     0     0  975.02476    0  517 1225.67588  975.02476  20.5%     -   58s
H    0     0                    1219.6615423  975.02476  20.1%     -   59s
H    0     0                    1190.8311152  975.02476  18.1%     -   59s
H    0     0                    1188.1598495  975.02476  17.9%     -   60s
H    0     0                    1167.9452566  975.02476  16.5%     -   61s
H    0     0                    1157.8649743  975.02476  15.8%     -   61s
H    0     0                    1155.9153411  975.02476  15.6%     -   62s
H    0     0                    1155.6788807  975.02476  15.6%     -   63s
     0     0  977.86982    0  532 1155.67888  977.86982  15.4%     -   66s
     0     0  977.86982    0  532 1155.67888  977.86982  15.4%     -   66s
     0     0  980.99002    0  564 1155.67888  980.99002  15.1%     -   72s
     0     0  981.77924    0  566 1155.67888  981.77924  15.0%     -   73s
     0     0  981.77924    0  566 1155.67888  981.77924  15.0%     -   73s
     0     0  986.71110    0  567 1155.67888  986.71110  14.6%     -   87s
H    0     0                    1151.3192255  986.80745  14.3%     -   88s
H    0     0                    1151.3192229  986.80745  14.3%     -   93s
     0     0  987.78022    0  569 1151.31922  987.78022  14.2%     -   94s
     0     0  987.78022    0  568 1151.31922  987.78022  14.2%     -   94s
     0     0  990.52137    0  545 1151.31922  990.52137  14.0%     -  113s
     0     0  990.57087    0  553 1151.31922  990.57087  14.0%     -  114s
     0     0  990.58630    0  553 1151.31922  990.58630  14.0%     -  114s
     0     0  990.58630    0  553 1151.31922  990.58630  14.0%     -  114s
     0     0  990.72122    0  555 1151.31922  990.72122  13.9%     -  116s
     0     0  990.75239    0  556 1151.31922  990.75239  13.9%     -  117s
     0     0  990.75243    0  553 1151.31922  990.75243  13.9%     -  117s
     0     0  993.99158    0  560 1151.31922  993.99158  13.7%     -  119s
     0     0  994.27406    0  555 1151.31922  994.27406  13.6%     -  124s
     0     0  994.27406    0  563 1151.31922  994.27406  13.6%     -  124s
     0     0  994.27406    0  564 1151.31922  994.27406  13.6%     -  124s
     0     0  994.27406    0  567 1151.31922  994.27406  13.6%     -  124s
     0     0  995.11386    0  581 1151.31922  995.11386  13.6%     -  126s
     0     0  995.14134    0  586 1151.31922  995.14134  13.6%     -  126s
     0     0  995.14510    0  585 1151.31922  995.14510  13.6%     -  126s
     0     0  995.14514    0  586 1151.31922  995.14514  13.6%     -  126s
     0     0  995.28327    0  577 1151.31922  995.28327  13.6%     -  127s
     0     0  995.39531    0  577 1151.31922  995.39531  13.5%     -  127s
     0     0  995.39531    0  577 1151.31922  995.39531  13.5%     -  127s
     0     0  995.39531    0  585 1151.31922  995.39531  13.5%     -  128s
     0     0  995.41299    0  587 1151.31922  995.41299  13.5%     -  129s
     0     0  995.41299    0  582 1151.31922  995.41299  13.5%     -  129s
     0     0  995.77752    0  585 1151.31922  995.77752  13.5%     -  130s
     0     0  995.77752    0  479 1151.31922  995.77752  13.5%     -  135s
H    0     0                    1149.1106053  995.77752  13.3%     -  146s
     0     0  995.77752    0  525 1149.11061  995.77752  13.3%     -  150s
H    0     0                    1144.9454401  995.77752  13.0%     -  154s
H    0     0                    1144.5578846  995.77752  13.0%     -  154s
H    0     0                    1142.8137318  995.77752  12.9%     -  155s
H    0     0                    1140.8612329  995.77752  12.7%     -  155s
     0     0  995.77752    0  564 1140.86123  995.77752  12.7%     -  159s
     0     0  995.77752    0  596 1140.86123  995.77752  12.7%     -  161s
     0     0  995.77752    0  578 1140.86123  995.77752  12.7%     -  165s
     0     0  995.77752    0  568 1140.86123  995.77752  12.7%     -  165s
     0     0  995.77752    0  565 1140.86123  995.77752  12.7%     -  165s
     0     0  995.77752    0  574 1140.86123  995.77752  12.7%     -  165s
     0     0  995.79140    0  581 1140.86123  995.79140  12.7%     -  165s
     0     0  995.79343    0  581 1140.86123  995.79343  12.7%     -  165s
     0     0  996.07867    0  585 1140.86123  996.07867  12.7%     -  168s
     0     0  996.10596    0  585 1140.86123  996.10596  12.7%     -  168s
     0     0  998.23559    0  573 1140.86123  998.23559  12.5%     -  171s
     0     0  998.27066    0  571 1140.86123  998.27066  12.5%     -  172s
     0     0  998.27689    0  573 1140.86123  998.27689  12.5%     -  172s
     0     0  998.27689    0  574 1140.86123  998.27689  12.5%     -  172s
     0     0  999.53044    0  563 1140.86123  999.53044  12.4%     -  176s
     0     0  999.53851    0  564 1140.86123  999.53851  12.4%     -  176s
     0     0  999.53851    0  564 1140.86123  999.53851  12.4%     -  176s
     0     0  999.66689    0  565 1140.86123  999.66689  12.4%     -  177s
H    0     0                    1140.8612259  999.67155  12.4%     -  181s
H    0     0                    1140.6496127  999.67155  12.4%     -  181s
     0     0  999.67767    0  567 1140.64961  999.67767  12.4%     -  186s
     0     0  999.67767    0  567 1140.64961  999.67767  12.4%     -  186s
     0     0  999.72447    0  566 1140.64961  999.72447  12.4%     -  187s
     0     0  999.72462    0  566 1140.64961  999.72462  12.4%     -  187s
     0     0  999.74811    0  563 1140.64961  999.74811  12.4%     -  188s
     0     0  999.74817    0  563 1140.64961  999.74817  12.4%     -  188s
     0     0  999.77082    0  557 1140.64961  999.77082  12.4%     -  189s
     0     0  999.78286    0  557 1140.64961  999.78286  12.3%     -  190s
     0     0  999.78528    0  555 1140.64961  999.78528  12.3%     -  191s
     0     0 1000.21452    0  544 1140.64961 1000.21452  12.3%     -  191s
     0     0 1000.22395    0  548 1140.64961 1000.22395  12.3%     -  191s
     0     0 1000.22982    0  547 1140.64961 1000.22982  12.3%     -  191s
     0     0 1000.23074    0  543 1140.64961 1000.23074  12.3%     -  191s
     0     0 1000.51029    0  551 1140.64961 1000.51029  12.3%     -  192s
     0     0 1000.51288    0  554 1140.64961 1000.51288  12.3%     -  193s
     0     0 1000.66165    0  559 1140.64961 1000.66165  12.3%     -  194s
     0     0 1000.67733    0  560 1140.64961 1000.67733  12.3%     -  194s
     0     0 1000.67733    0  561 1140.64961 1000.67733  12.3%     -  194s
     0     0 1000.67733    0  562 1140.64961 1000.67733  12.3%     -  195s
     0     0 1000.67733    0  567 1140.64961 1000.67733  12.3%     -  196s
     0     0 1001.56023    0  554 1140.64961 1001.56023  12.2%     -  197s
     0     0 1001.68345    0  554 1140.64961 1001.68345  12.2%     -  197s
     0     0 1001.70846    0  558 1140.64961 1001.70846  12.2%     -  197s
     0     0 1001.71071    0  561 1140.64961 1001.71071  12.2%     -  197s
     0     0 1001.71870    0  560 1140.64961 1001.71870  12.2%     -  198s
     0     0 1001.76530    0  556 1140.64961 1001.76530  12.2%     -  198s
     0     0 1001.76530    0  563 1140.64961 1001.76530  12.2%     -  199s
     0     0 1001.76530    0  562 1140.64961 1001.76530  12.2%     -  200s
     0     0 1003.72779    0  557 1140.64961 1003.72779  12.0%     -  201s
     0     0 1003.74629    0  556 1140.64961 1003.74629  12.0%     -  201s
     0     0 1003.75274    0  556 1140.64961 1003.75274  12.0%     -  201s
     0     0 1003.75274    0  556 1140.64961 1003.75274  12.0%     -  201s
     0     0 1004.75165    0  571 1140.64961 1004.75165  11.9%     -  202s
     0     0 1004.92933    0  571 1140.64961 1004.92933  11.9%     -  202s
     0     0 1004.92933    0  572 1140.64961 1004.92933  11.9%     -  203s
     0     0 1004.92933    0  559 1140.64961 1004.92933  11.9%     -  204s
     0     0 1004.92933    0  559 1140.64961 1004.92933  11.9%     -  204s
     0     0 1004.92933    0  560 1140.64961 1004.92933  11.9%     -  205s
     0     0 1004.92933    0  560 1140.64961 1004.92933  11.9%     -  205s
     0     0 1004.92933    0  560 1140.64961 1004.92933  11.9%     -  205s
     0     0 1004.92933    0  554 1140.64961 1004.92933  11.9%     -  208s
     0     2 1013.39857    0  553 1140.64961 1013.39857  11.2%     -  217s
    11    22 1013.39857    4  525 1140.64961 1013.39857  11.2%   340  221s
    35    49 1014.25506   10  505 1140.64961 1013.39857  11.2%   451  227s
    48    63 1016.35923   13  497 1140.64961 1013.39857  11.2%   590  230s
    92   108 1027.37750   22  487 1140.64961 1013.39857  11.2%   477  235s
   124   134 1029.31049   16  495 1140.64961 1013.39857  11.2%   442  241s
   133   142 1037.89596   21  505 1140.64961 1013.39857  11.2%   465  245s
   159   183 1108.56967   38  194 1140.64961 1013.39857  11.2%   425  250s
   205   217 1113.33300   72  153 1140.64961 1013.39857  11.2%   371  256s
   258   268 1133.61202   89  162 1140.64961 1013.39857  11.2%   376  262s
   288   307 1013.39857    5  525 1140.64961 1013.39857  11.2%   404  267s
   328   341 1034.95550   10  523 1140.64961 1013.39857  11.2%   390  271s
   388   390 1043.03117   12  533 1140.64961 1013.39857  11.2%   370  277s
   447   420 1050.32513   16  551 1140.64961 1013.39857  11.2%   427  283s
   462   439 1053.19860   19  548 1140.64961 1013.39857  11.2%   443  287s
   481   483 1055.84546   21  550 1140.64961 1013.39857  11.2%   488  292s
   525   514 1067.32622   34  542 1140.64961 1013.39857  11.2%   494  296s

Cutting planes:
  Gomory: 5
  Lift-and-project: 1
  Cover: 6
  Implied bound: 194
  Clique: 3
  MIR: 59
  Flow cover: 118
  Zero half: 49
  Network: 4
  RLT: 9
  Relax-and-lift: 183
  BQP: 2

Explored 587 nodes (730304 simplex iterations) in 300.01 seconds (836.93 work units)
Thread count was 4 (of 32 available processors)

Solution count 10: 1140.65 1140.86 1142.81 ... 1155.92

Time limit reached
Best objective 1.140649612694e+03, best bound 1.013398568673e+03, gap 11.1560%

User-callback calls 84413, time in user-callback 0.01 sec
Cap boundary reject: PORT-591 real=1602.947 baseline=1135.382
Cap boundary debug: PORT-591 -> [346 345 344 343 342 341 316 287 286 285 552 551 550 547 549 563 564 565 566 567 568 569 570 571 576 527 528 435 437 440 441 442 443 444 506 505 465 458 457 456 455 454 453 452 451 450 449 448 438 436 512 513] -> PORT-593 -> [514 577 574 573 572 534 535 536 537 538 539 544 540 543 542 541 545 546 548 553 554 562 561 560 559 558 555 284 283 282 556 557 281 280 279 278 277 276] -> PORT-591 | load_left=44934 load_right=41584 cap=45000
Set parameter Username
Set parameter LicenseID to value 2738882
Academic license - for non-commercial use only - expires 2026-11-14
Set parameter TimeLimit to value 300
Set parameter Seed to value 620155952
Set parameter Threads to value 4
Set parameter OutputFlag to value 1
Set parameter LogToConsole to value 1
Set parameter LazyConstraints to value 1
Gurobi Optimizer version 13.0.0 build v13.0.0rc1 (linux64 - "Debian GNU/Linux 13 (trixie)")

CPU model: AMD Ryzen 9 5950X 16-Core Processor, instruction set [SSE2|AVX|AVX2]
Thread count: 16 physical cores, 32 logical processors, using up to 4 threads

Non-default parameters:
TimeLimit  300
Seed  620155952
Threads  4
LazyConstraints  1

Optimize a model with 35682 rows, 101568 columns and 203124 nonzeros (Min)
Model fingerprint: 0x35e43ba0
Model has 33488 linear objective coefficients
Variable types: 67712 continuous, 33856 integer (33856 binary)
Coefficient statistics:
  Matrix range     [1e+00, 4e+04]
  Objective range  [6e-01, 1e+05]
  Bounds range     [1e+00, 4e+04]
  RHS range        [1e+00, 1e+04]
Presolve removed 2014 rows and 35048 columns
Presolve time: 0.37s
Presolved: 33668 rows, 66520 columns, 199133 nonzeros
Variable types: 32940 continuous, 33580 integer (33580 binary)
Root relaxation presolved: 33668 rows, 66520 columns, 199133 nonzeros

Deterministic concurrent LP optimizer: primal and dual simplex
Showing primal log only...

Concurrent spin time: 0.00s

Solved with primal simplex

Root relaxation: objective 6.095677e+02, 58666 iterations, 2.84 seconds (4.79 work units)

    Nodes    |    Current Node    |     Objective Bounds      |     Work
 Expl Unexpl |  Obj  Depth IntInf | Incumbent    BestBd   Gap | It/Node Time

     0     0  609.56768    0  343          -  609.56768      -     -    3s
H    0     0                    2750.4679481  609.56768  77.8%     -    3s
     0     0  609.56768    0  343 2750.46795  609.56768  77.8%     -    5s
H    0     0                    1607.0988046  609.56768  62.1%     -    6s
H    0     0                    1546.2317662  609.56768  60.6%     -    6s
H    0     0                    1260.5227135  609.56768  51.6%     -    6s
H    0     0                    1256.4153532  609.56768  51.5%     -    7s
     0     0  609.56768    0  343 1256.41535  609.56768  51.5%     -   11s
H    0     0                    1242.3200189  609.56768  50.9%     -   12s
H    0     0                    1229.0014797  609.56768  50.4%     -   12s
     0     0  609.56768    0  343 1229.00148  609.56768  50.4%     -   16s
H    0     0                    1213.1122283  609.56768  49.8%     -   19s
H    0     0                    1200.4217763  609.56768  49.2%     -   19s
H    0     0                    1188.3972659  609.56768  48.7%     -   20s
     0     0  812.25908    0  328 1188.39727  812.25908  31.7%     -   23s
     0     0  815.78133    0  354 1188.39727  815.78133  31.4%     -   25s
H    0     0                    1186.8061401  815.82177  31.3%     -   26s
H    0     0                    1186.2524069  815.82177  31.2%     -   26s
H    0     0                    1181.4936582  815.82177  30.9%     -   26s
H    0     0                    1161.8807585  815.82177  29.8%     -   27s
H    0     0                    1054.0540877  815.82177  22.6%     -   31s
H    0     0                    1041.9397329  815.82177  21.7%     -   31s
H    0     0                    1041.4820053  815.82177  21.7%     -   31s
H    0     0                    1040.6558194  815.82177  21.6%     -   32s
H    0     0                    1022.1526253  815.82177  20.2%     -   32s
H    0     0                    1007.4839669  815.82177  19.0%     -   33s
H    0     0                    1004.2443515  815.82177  18.8%     -   35s
H    0     0                    1002.5321619  815.82177  18.6%     -   35s
H    0     0                    1002.0356269  815.82177  18.6%     -   35s
     0     0  815.82177    0  345 1002.03563  815.82177  18.6%     -   37s
     0     0  817.09308    0  382 1002.03563  817.09308  18.5%     -   40s
     0     0  817.10332    0  377 1002.03563  817.10332  18.5%     -   40s
     0     0  817.10338    0  379 1002.03563  817.10338  18.5%     -   40s
     0     0  818.77848    0  411 1002.03563  818.77848  18.3%     -   45s
     0     0  819.07421    0  410 1002.03563  819.07421  18.3%     -   45s
     0     0  819.08096    0  411 1002.03563  819.08096  18.3%     -   45s
     0     0  819.08096    0  411 1002.03563  819.08096  18.3%     -   46s
     0     0  819.74687    0  402 1002.03563  819.74687  18.2%     -   51s
     0     0  819.81196    0  397 1002.03563  819.81196  18.2%     -   51s
     0     0  819.91933    0  413 1002.03563  819.91933  18.2%     -   53s
     0     0  819.92262    0  416 1002.03563  819.92262  18.2%     -   53s
     0     0  819.92272    0  418 1002.03563  819.92272  18.2%     -   53s
     0     0  819.98404    0  426 1002.03563  819.98404  18.2%     -   55s
     0     0  819.98451    0  428 1002.03563  819.98451  18.2%     -   55s
     0     0  824.94455    0  411 1002.03563  824.94455  17.7%     -   58s
     0     0  825.03289    0  412 1002.03563  825.03289  17.7%     -   58s
     0     0  825.03829    0  413 1002.03563  825.03829  17.7%     -   58s
     0     0  825.03848    0  414 1002.03563  825.03848  17.7%     -   58s
     0     0  825.13990    0  417 1002.03563  825.13990  17.7%     -   60s
     0     0  825.14301    0  419 1002.03563  825.14301  17.7%     -   60s
     0     0  825.55120    0  422 1002.03563  825.55120  17.6%     -   63s
     0     0  825.56523    0  433 1002.03563  825.56523  17.6%     -   63s
     0     0  825.56968    0  430 1002.03563  825.56968  17.6%     -   63s
     0     0  825.56968    0  430 1002.03563  825.56968  17.6%     -   63s
     0     0  825.60363    0  434 1002.03563  825.60363  17.6%     -   65s
     0     0  825.63500    0  437 1002.03563  825.63500  17.6%     -   65s
     0     0  825.64024    0  444 1002.03563  825.64024  17.6%     -   68s
     0     0  825.65604    0  438 1002.03563  825.65604  17.6%     -   68s
     0     0  825.65604    0  439 1002.03563  825.65604  17.6%     -   68s
     0     0  829.76607    0  422 1002.03563  829.76607  17.2%     -   70s
     0     0  829.78143    0  424 1002.03563  829.78143  17.2%     -   70s
     0     0  829.78143    0  424 1002.03563  829.78143  17.2%     -   70s
     0     0  830.01279    0  426 1002.03563  830.01279  17.2%     -   72s
     0     0  830.02223    0  431 1002.03563  830.02223  17.2%     -   72s
     0     0  830.34780    0  435 1002.03563  830.34780  17.1%     -   75s
     0     0  830.37153    0  444 1002.03563  830.37153  17.1%     -   75s
     0     0  830.37178    0  453 1002.03563  830.37178  17.1%     -   75s
     0     0  830.39368    0  461 1002.03563  830.39368  17.1%     -   78s
     0     0  830.77260    0  451 1002.03563  830.77260  17.1%     -   78s
     0     0  830.78076    0  452 1002.03563  830.78076  17.1%     -   78s
     0     0  830.78387    0  455 1002.03563  830.78387  17.1%     -   78s
     0     0  831.01006    0  449 1002.03563  831.01006  17.1%     -   80s
     0     0  831.02209    0  451 1002.03563  831.02209  17.1%     -   80s
     0     0  831.02209    0  446 1002.03563  831.02209  17.1%     -   80s
     0     0  831.08952    0  452 1002.03563  831.08952  17.1%     -   82s
     0     0  831.09978    0  451 1002.03563  831.09978  17.1%     -   82s
     0     0  831.09978    0  451 1002.03563  831.09978  17.1%     -   82s
     0     0  831.09978    0  456 1002.03563  831.09978  17.1%     -   84s
     0     0  831.10195    0  455 1002.03563  831.10195  17.1%     -   84s
     0     0  831.12256    0  453 1002.03563  831.12256  17.1%     -   87s
     0     0  831.12776    0  453 1002.03563  831.12776  17.1%     -   87s
     0     0  831.12776    0  453 1002.03563  831.12776  17.1%     -   87s
     0     0  831.12776    0  443 1002.03563  831.12776  17.1%     -   87s
     0     0  838.19402    0  324 1002.03563  838.19402  16.4%     -   94s
H    0     0                     994.5755266  838.19402  15.7%     -   94s
H    0     0                     989.1032187  838.19402  15.3%     -   94s
H    0     0                     988.4261102  838.19402  15.2%     -   95s
H    0     0                     972.5296697  838.19402  13.8%     -   95s
H    0     0                     969.6359181  838.19402  13.6%     -   95s
H    0     0                     968.2174663  838.19402  13.4%     -   95s
H    0     0                     967.4057901  838.19402  13.4%     -   95s
     0     0  838.19402    0  397  967.40579  838.19402  13.4%     -   98s
H    0     0                     963.7418217  838.19402  13.0%     -   98s
H    0     0                     959.5353385  838.19402  12.6%     -  101s
H    0     0                     955.3622549  838.19402  12.3%     -  101s
H    0     0                     954.1912191  838.19402  12.2%     -  102s
H    0     0                     949.0435771  838.19402  11.7%     -  103s
     0     0  838.19402    0  396  949.04358  838.19402  11.7%     -  106s
     0     0  838.19402    0  440  949.04358  838.19402  11.7%     -  108s
     0     0  838.19402    0  432  949.04358  838.19402  11.7%     -  108s
     0     0  838.19402    0  442  949.04358  838.19402  11.7%     -  108s
     0     0  838.19402    0  443  949.04358  838.19402  11.7%     -  108s
     0     0  838.19402    0  444  949.04358  838.19402  11.7%     -  111s
     0     0  838.19402    0  445  949.04358  838.19402  11.7%     -  111s
     0     0  838.19402    0  477  949.04358  838.19402  11.7%     -  115s
     0     0  838.19402    0  467  949.04358  838.19402  11.7%     -  115s
     0     0  838.19402    0  465  949.04358  838.19402  11.7%     -  115s
     0     0  842.16281    0  451  949.04358  842.16281  11.3%     -  120s
     0     0  842.24666    0  443  949.04358  842.24666  11.3%     -  121s
     0     0  842.24702    0  442  949.04358  842.24702  11.3%     -  121s
     0     0  842.33194    0  455  949.04358  842.33194  11.2%     -  122s
     0     0  842.42662    0  456  949.04358  842.42662  11.2%     -  122s
     0     0  842.42662    0  449  949.04358  842.42662  11.2%     -  123s
     0     0  842.47510    0  448  949.04358  842.47510  11.2%     -  124s
     0     0  842.62907    0  446  949.04358  842.62907  11.2%     -  125s
     0     0  842.63676    0  446  949.04358  842.63676  11.2%     -  125s
     0     0  842.63676    0  441  949.04358  842.63676  11.2%     -  125s
     0     0  842.63676    0  322  949.04358  842.63676  11.2%     -  131s
H    0     0                     942.4608719  842.63676  10.6%     -  131s
H    0     0                     936.3534502  842.63676  10.0%     -  132s
     0     0  842.63676    0  403  936.35345  842.63676  10.0%     -  135s
H    0     0                     933.2917435  842.63676  9.71%     -  135s
H    0     0                     929.2734769  842.63676  9.32%     -  136s
     0     0  842.63676    0  393  929.27348  842.63676  9.32%     -  137s
     0     0  842.63676    0  429  929.27348  842.63676  9.32%     -  138s
     0     0  842.63676    0  413  929.27348  842.63676  9.32%     -  139s
     0     0  842.63676    0  421  929.27348  842.63676  9.32%     -  139s
     0     0  842.63676    0  417  929.27348  842.63676  9.32%     -  140s
     0     0  842.63676    0  440  929.27348  842.63676  9.32%     -  141s
     0     0  842.63676    0  442  929.27348  842.63676  9.32%     -  141s
     0     0  842.63676    0  443  929.27348  842.63676  9.32%     -  145s
     0     0  842.63676    0  429  929.27348  842.63676  9.32%     -  146s
     0     0  843.13870    0  435  929.27348  843.13870  9.27%     -  150s
     0     0  843.16329    0  461  929.27348  843.16329  9.27%     -  151s
     0     0  843.28491    0  465  929.27348  843.28491  9.25%     -  153s
     0     0  843.29646    0  471  929.27348  843.29646  9.25%     -  154s
     0     0  844.19856    0  471  929.27348  844.19856  9.15%     -  155s
     0     0  844.23491    0  479  929.27348  844.23491  9.15%     -  155s
     0     0  844.23491    0  476  929.27348  844.23491  9.15%     -  155s
     0     0  844.33173    0  481  929.27348  844.33173  9.14%     -  158s
     0     0  844.33276    0  487  929.27348  844.33276  9.14%     -  159s
     0     0  844.84433    0  468  929.27348  844.84433  9.09%     -  160s
     0     0  844.84813    0  473  929.27348  844.84813  9.09%     -  160s
     0     0  847.51247    0  466  929.27348  847.51247  8.80%     -  162s
     0     0  847.69615    0  474  929.27348  847.69615  8.78%     -  168s
     0     0  847.69616    0  480  929.27348  847.69616  8.78%     -  168s
     0     0  847.76818    0  463  929.27348  847.76818  8.77%     -  169s
     0     0  847.77838    0  467  929.27348  847.77838  8.77%     -  170s
     0     0  847.99494    0  459  929.27348  847.99494  8.75%     -  171s
     0     0  847.99494    0  459  929.27348  847.99494  8.75%     -  171s
     0     0  847.99494    0  455  929.27348  847.99494  8.75%     -  171s
     0     0  847.99494    0  330  929.27348  847.99494  8.75%     -  177s
H    0     0                     929.2734752  847.99494  8.75%     -  178s
     0     0  847.99494    0  417  929.27348  847.99494  8.75%     -  181s
     0     0  847.99494    0  425  929.27348  847.99494  8.75%     -  183s
     0     0  847.99494    0  436  929.27348  847.99494  8.75%     -  184s
     0     0  848.15300    0  445  929.27348  848.15300  8.73%     -  185s
     0     0  848.20307    0  442  929.27348  848.20307  8.72%     -  186s
     0     0  848.20539    0  444  929.27348  848.20539  8.72%     -  186s
     0     0  848.25309    0  450  929.27348  848.25309  8.72%     -  187s
     0     0  848.26256    0  455  929.27348  848.26256  8.72%     -  187s
     0     0  848.67027    0  462  929.27348  848.67027  8.67%     -  190s
     0     0  848.67833    0  462  929.27348  848.67833  8.67%     -  190s
     0     0  849.19697    0  460  929.27348  849.19697  8.62%     -  194s
     0     0  849.23573    0  459  929.27348  849.23573  8.61%     -  195s
     0     0  849.23641    0  461  929.27348  849.23641  8.61%     -  195s
     0     0  849.25140    0  474  929.27348  849.25140  8.61%     -  196s
     0     0  849.28754    0  474  929.27348  849.28754  8.61%     -  198s
     0     0  849.31209    0  455  929.27348  849.31209  8.60%     -  200s
     0     0  849.32807    0  455  929.27348  849.32807  8.60%     -  200s
     0     0  849.32807    0  455  929.27348  849.32807  8.60%     -  200s
     0     0  849.32807    0  448  929.27348  849.32807  8.60%     -  200s
     0     2  849.33129    0  446  929.27348  849.33129  8.60%     -  204s
     3     8  850.15100    2  464  929.27348  849.38738  8.60%  2726  206s
    11    25  850.84877    4  451  929.27348  849.96961  8.53%  1535  212s
    40    51  855.16452    9  439  929.27348  849.96961  8.53%   716  218s
    60    74  857.02075   12  418  929.27348  849.96961  8.53%   506  220s
    85   100  858.76867   17  423  929.27348  849.96961  8.53%   417  225s
   120   139  862.70872   24  420  929.27348  849.96961  8.53%   394  230s
   173   186  867.97644   26  405  929.27348  849.96961  8.53%   364  235s
   257   298  868.97769   40  410  929.27348  849.96961  8.53%   341  243s
   297   308  871.88192   53  412  929.27348  849.96961  8.53%   350  246s
   428   429  888.67297   85  413  929.27348  850.09109  8.52%   328  250s
   711   700  866.81091   15  425  929.27348  850.89952  8.43%   258  255s
   914   914  877.23018   67  398  929.27348  850.89952  8.43%   240  260s
  1057  1018  889.89585  103  381  929.27348  850.99955  8.42%   252  266s
  1108  1019  883.82302   30  443  929.27348  850.99955  8.42%   253  280s
  1111  1021  902.96854   74  387  929.27348  850.99955  8.42%   253  291s
  1117  1025  867.34959   16  489  929.27348  850.99955  8.42%   251  296s

Cutting planes:
  Gomory: 7
  Cover: 7
  Implied bound: 125
  Projected implied bound: 9
  Clique: 5
  MIR: 86
  Flow cover: 52
  GUB cover: 1
  Zero half: 45
  Network: 8
  RLT: 14
  Relax-and-lift: 87

Explored 1120 nodes (716895 simplex iterations) in 300.01 seconds (651.73 work units)
Thread count was 4 (of 32 available processors)

Solution count 10: 929.273 929.273 933.292 ... 963.742

Time limit reached
Best objective 9.292734752143e+02, best bound 8.509995490992e+02, gap 8.4231%

User-callback calls 59889, time in user-callback 0.02 sec
Cap boundary reject: PORT-593 real=929.273 baseline=929.273
Set parameter Username
Set parameter LicenseID to value 2738882
Academic license - for non-commercial use only - expires 2026-11-14
Segment 1 eval: start=BOAT-0 end=PORT-583 stations=50 (optimize)
  Segment 1 order: -501 -500 -499 -498 -497 -496 -495 112 113 -494 114 -275 -111 -274 -107 -106 -105 104 -103 -102 -101 108 109 110 -273 -272 271 253 252 249 -248 -247 -245 -244 -243 -238 237 -215 -214 213 -192 218 -191 219 -190 -223 222 -230 -134 -133
Segment 2 eval: start=PORT-583 end=PORT-581 stations=58 (optimize)
  Segment 2 order: -132 -181 -180 -229 -231 232 233 234 -235 -227 228 -179 -135 136 152 153 154 174 175 -176 -177 171 168 -165 166 -164 -162 -161 -160 159 163 167 172 173 155 156 157 158 -150 -149 -148 -147 -146 -145 -144 -142 -9 -8 -141 -140 -139 151 -138 -137 -2 90 -94 -92
Segment 3 eval: start=PORT-581 end=PORT-591 stations=80 (optimize)
  Segment 3 order: 56 55 -54 -53 -52 -51 -50 -49 -48 -39 -38 -37 66 67 68 69 -36 -35 -32 -31 -29 -27 26 28 30 -33 -34 41 42 43 44 45 46 -40 47 396 397 -398 -395 -394 -393 -392 -391 -390 -389 -388 -387 402 -403 385 -384 -383 -382 -414 -413 412 -409 408 -410 411 380 378 -379 -377 -376 -375 374 -373 -372 -371 -370 369 359 360 -358 -353 -350 -349 -326 328
Segment 4 eval: start=PORT-591 end=PORT-593 stations=52 (optimize)
  Segment 4 order: -346 -345 -344 -343 -342 -341 -316 -287 -286 -285 -552 -551 -550 -547 549 -563 564 565 566 567 568 569 570 571 576 -527 528 435 438 448 449 450 451 452 453 454 455 456 457 458 465 505 506 -444 -443 -442 -441 440 437 436 512 513
Segment 5 eval: start=PORT-593 end=PORT-591 stations=39 (optimize)
  Segment 5 order: 514 -575 577 -574 -573 572 534 535 -536 537 538 539 544 -540 -543 -542 -541 545 546 -548 -553 554 562 -561 560 -559 -558 -555 284 -283 -282 556 -557 -281 -280 -279 -278 -277 -276
Segment 6 eval: start=PORT-591 end=PORT-583 stations=115 (optimize)
  Segment 6 order: -347 333 334 335 336 337 338 339 340 -317 -315 -314 -288 289 290 291 -295 296 297 306 -305 -298 299 300 301 302 304 -303 307 -294 -293 292 -310 -309 311 312 -313 318 319 320 321 323 324 325 -327 329 330 331 332 348 -361 -362 -363 -364 365 367 368 -426 -381 -425 417 -424 422 423 -421 -420 -419 -418 -416 415 404 405 406 -407 -399 -400 401 386 -62 -61 -60 58 -59 -57 -64 63 -65 71 74 -73 -72 -75 76 70 77 78 -79 80 81 82 83 84 85 -86 87 -88 89 -91 95 96 -24 -23 -22 169 170
Segment 7 eval: start=PORT-583 end=PORT-588 stations=40 (optimize)
  Segment 7 order: 97 98 99 100 -246 -242 241 -240 -239 -236 221 220 -216 -212 -211 210 -208 250 251 -207 -205 -202 203 204 -131 -129 130 -256 257 259 258 -128 -127 126 -125 -124 -264 268 269 270
Segment 8 eval: start=PORT-588 end=PORT-581 stations=47 (optimize)
  Segment 8 order: 118 119 -120 121 122 473 481 -480 469 470 -471 472 123 -266 -267 -265 -263 -262 -261 260 254 255 -206 209 -201 200 -199 -198 -197 -196 -195 -194 -193 -217 -189 -188 224 -225 -187 -186 -185 -184 183 182 226 178 13
Segment 9 eval: start=PORT-581 end=PORT-591 stations=35 (optimize)
  Segment 9 order: -93 25 5 10 11 12 -14 18 -21 20 -19 -17 -16 -15 -143 6 -7 4 -3 -1 117 -116 115 -475 -474 466 -467 -479 -478 -476 477 483 524 533 308
Segment 10 eval: start=PORT-591 end=PORT-593 stations=21 (optimize)
  Segment 10 order: 366 -357 -356 -355 354 -352 -351 -322 -532 -531 -530 -529 -526 525 578 579 580 -523 -522 -521 -517
Segment 11 eval: start=PORT-593 end=PORT-584 stations=33 (optimize)
  Segment 11 order: 515 516 519 -520 -518 -427 428 429 430 431 432 433 -434 447 -446 -445 439 -511 -510 -509 -508 -507 -504 -503 -488 -487 489 -482 493 -492 -491 -490 -502
Segment 12 eval: start=PORT-584 end=PORT-584 stations=0 (direct)
Segment 13 eval: start=PORT-584 end=BOAT-END stations=10 (optimize)
  Segment 13 order: -485 -461 -460 -459 -468 -464 -463 -484 462 -486
Cap boundary debug: PORT-593 -> [514 577 574 573 572 534 535 536 537 538 539 544 540 543 542 541 545 546 548 553 554 562 561 560 559 558 555 284 283 282 556 557 281 280 279 278 277 276 575] -> PORT-591 -> [347 332 331 330 329 327 325 324 323 321 320 319 318 317 314 315 288 289 290 291 293 294 307 306 305 304 303 302 301 300 299 298 297 296 295 292 310 309 311 312 313 340 339 338 337 336 335 334 333 348 361 362 363 364 365 367 368 426 381 425 424 422 423 421 420 419 418 417 416 415 404 405 406 407 399 400 401 386 62 61 60 58 59 57 64 63 65 71 74 73 72 75 76 70 77 78 79 80 81 88 87 86 85 84 83 82 89 91 95 96 24 23 22 169 170] -> PORT-583 | load_left=43469 load_right=44658 cap=45000
Set parameter Username
Set parameter LicenseID to value 2738882
Academic license - for non-commercial use only - expires 2026-11-14
Set parameter TimeLimit to value 300
Set parameter Seed to value 796204570
Set parameter Threads to value 4
Set parameter OutputFlag to value 1
Set parameter LogToConsole to value 1
Set parameter LazyConstraints to value 1
Gurobi Optimizer version 13.0.0 build v13.0.0rc1 (linux64 - "Debian GNU/Linux 13 (trixie)")

CPU model: AMD Ryzen 9 5950X 16-Core Processor, instruction set [SSE2|AVX|AVX2]
Thread count: 16 physical cores, 32 logical processors, using up to 4 threads

Non-default parameters:
TimeLimit  300
Seed  796204570
Threads  4
LazyConstraints  1

Optimize a model with 100450 rows, 292032 columns and 584052 nonzeros (Min)
Model fingerprint: 0x6f45c4de
Model has 96720 linear objective coefficients
Variable types: 194688 continuous, 97344 integer (97344 binary)
Coefficient statistics:
  Matrix range     [1e+00, 4e+04]
  Objective range  [4e-01, 1e+05]
  Bounds range     [1e+00, 4e+04]
  RHS range        [1e+00, 1e+04]
Presolve removed 3422 rows and 99368 columns
Presolve time: 0.73s
Presolved: 97028 rows, 192664 columns, 578359 nonzeros
Variable types: 95788 continuous, 96876 integer (96876 binary)
Root relaxation presolved: 97028 rows, 192664 columns, 578359 nonzeros

Deterministic concurrent LP optimizer: primal simplex, dual simplex, and barrier
Showing barrier log only...

Root barrier log...

Ordering time: 0.06s

Barrier statistics:
 AA' NZ     : 5.802e+05
 Factor NZ  : 1.248e+06 (roughly 130 MB of memory)
 Factor Ops : 6.291e+08 (less than 1 second per iteration)
 Threads    : 2

                  Objective                Residual
Iter       Primal          Dual         Primal    Dual     Compl     Time
   0   3.12089389e+10 -5.35245093e+13  2.75e+05 4.40e+04  1.86e+08     1s
   1   1.40657806e+10 -3.62816631e+13  1.24e+05 2.41e+04  1.07e+08     1s
   2   9.63611672e+09 -1.83887834e+12  8.51e+04 9.31e-10  2.26e+07     2s
   3   5.20374384e+09 -9.18903446e+11  4.60e+04 6.67e-10  1.18e+07     2s
   4   4.02524842e+09 -7.88898956e+11  3.55e+04 9.31e-10  9.25e+06     2s
   5   9.32555410e+08 -5.67660137e+11  8.19e+03 7.71e-10  2.92e+06     2s
   6   3.33659741e+08 -5.48255947e+11  2.91e+03 8.59e-10  1.75e+06     2s
   7   1.66905219e+07 -1.47623568e+11  1.13e+02 5.08e-10  3.27e+05     2s
   8   1.21349943e+07 -2.08299828e+10  7.20e+01 3.25e-10  5.14e+04     2s
   9   9.03958328e+06 -1.34172435e+10  4.47e+01 1.93e-08  3.26e+04     2s
  10   8.59745749e+06 -9.61879394e+09  4.04e+01 1.05e-08  2.31e+04     2s
  11   7.97000484e+06 -5.96373088e+09  3.46e+01 1.18e-08  1.44e+04     2s
  12   6.43993599e+06 -2.77890919e+09  2.23e+01 5.71e-08  6.38e+03     2s
  13   4.96113057e+06 -7.49352539e+08  1.05e+01 1.34e-08  1.70e+03     2s
  14   3.85686441e+06 -1.36209361e+08  2.61e+00 5.21e-09  3.04e+02     2s
  15   3.38352554e+06 -5.03073228e+07  9.49e-01 1.79e-09  1.14e+02     2s
  16   2.66014187e+06 -4.36847897e+07  1.92e-01 5.50e-09  9.68e+01     2s
  17   1.70326289e+06 -2.29503867e+07  4.37e-03 4.60e-09  5.12e+01     2s
  18   6.49904219e+05 -4.80506313e+06  1.40e-07 7.65e-09  1.13e+01     2s
  19   1.08684846e+05 -3.04925553e+05  3.71e-09 5.57e-09  8.60e-01     3s
  20   2.80003190e+04 -1.47810431e+05  1.08e-11 8.73e-09  3.65e-01     3s
  21   2.12696520e+04 -6.69030398e+04  6.25e-11 9.41e-09  1.83e-01     3s
  22   1.45605863e+04 -4.19460873e+04  4.15e-10 1.16e-08  1.17e-01     3s
  23   9.24938993e+03 -1.49362948e+04  4.71e-10 9.03e-09  5.03e-02     3s
  24   6.08761108e+03 -9.42293920e+03  2.36e-10 1.15e-08  3.22e-02     3s
  25   3.35336783e+03 -2.68480967e+03  1.57e-09 7.06e-09  1.26e-02     3s
  26   2.48696602e+03 -1.51414933e+03  6.67e-10 8.82e-09  8.32e-03     3s
  27   1.95090689e+03 -2.10768789e+02  2.58e-10 6.14e-09  4.49e-03     3s
  28   1.43433925e+03  5.20576989e+02  1.03e-09 7.14e-09  1.90e-03     3s
  29   1.30910053e+03  1.08267542e+03  1.75e-09 8.32e-09  4.71e-04     3s
  30   1.28747881e+03  1.22154099e+03  1.25e-09 5.49e-09  1.37e-04     3s
  31   1.27954774e+03  1.24764809e+03  5.52e-10 9.35e-09  6.63e-05     3s
  32   1.27532002e+03  1.25987808e+03  2.38e-10 6.58e-09  3.21e-05     3s
  33   1.27358149e+03  1.26592719e+03  1.04e-10 6.98e-09  1.59e-05     4s
  34   1.27189658e+03  1.26900895e+03  2.11e-11 6.44e-09  6.00e-06     4s
  35   1.27160124e+03  1.27101525e+03  5.86e-10 7.01e-09  1.22e-06     4s
  36   1.27156671e+03  1.27137177e+03  5.98e-10 5.33e-09  4.05e-07     4s
  37   1.27155738e+03  1.27139174e+03  6.24e-10 6.88e-09  3.44e-07     4s
  38   1.27147151e+03  1.27145536e+03  1.55e-09 5.68e-09  3.36e-08     4s
  39   1.27145989e+03  1.27145826e+03  6.77e-09 3.61e-09  3.38e-09     4s
  40   1.27145919e+03  1.27145917e+03  2.97e-09 3.52e-09  4.87e-11     4s
  41   1.27145918e+03  1.27145918e+03  4.78e-09 5.41e-09  1.27e-12     4s

Barrier solved model in 41 iterations and 4.16 seconds (5.72 work units)
Optimal objective 1.27145918e+03

Crossover time: 0.22 seconds (0.33 work units)
Concurrent spin time: 0.00s

Solved with barrier

Root relaxation: objective 1.271459e+03, 43913 iterations, 3.29 seconds (3.84 work units)

    Nodes    |    Current Node    |     Objective Bounds      |     Work
 Expl Unexpl |  Obj  Depth IntInf | Incumbent    BestBd   Gap | It/Node Time

     0     0 1271.45918    0  487          - 1271.45918      -     -    8s
H    0     0                    202304.49046 1271.45918  99.4%     -   10s
H    0     0                    202292.47715 1271.45918  99.4%     -   12s
H    0     0                    202289.77570 1271.45918  99.4%     -   13s
H    0     0                    2016.6431548 1271.45918  37.0%     -   16s
H    0     0                    1997.8111237 1271.45918  36.4%     -   17s
H    0     0                    1959.3614696 1271.45918  35.1%     -   17s
H    0     0                    1880.0951396 1271.45918  32.4%     -   18s
     0     0 1275.82067    0  551 1880.09514 1275.82067  32.1%     -   30s
     0     0 1275.82067    0  478 1880.09514 1275.82067  32.1%     -   45s
H    0     0                    1844.7322192 1275.82067  30.8%     -   46s
H    0     0                    1815.9287097 1275.82067  29.7%     -   47s
H    0     0                    1756.7983590 1275.82067  27.4%     -   47s
H    0     0                    1752.7187885 1275.82067  27.2%     -   50s
H    0     0                    1747.3569424 1275.82067  27.0%     -   50s
     0     0 1278.53279    0  552 1747.35694 1278.53279  26.8%     -   64s
H    0     0                    1731.7331415 1278.54844  26.2%     -   65s
H    0     0                    1665.4903367 1278.54844  23.2%     -   66s
H    0     0                    1663.6856610 1278.54844  23.1%     -   67s
H    0     0                    1656.7549821 1278.54844  22.8%     -   67s
H    0     0                    1599.8593095 1278.54844  20.1%     -   68s
H    0     0                    1592.0576445 1278.54844  19.7%     -   69s
H    0     0                    1584.3314860 1278.54844  19.3%     -   69s
H    0     0                    1569.5683426 1278.54844  18.5%     -   70s
     0     0 1279.39916    0  556 1569.56834 1279.39916  18.5%     -   71s
     0     0 1279.59018    0  556 1569.56834 1279.59018  18.5%     -   71s
     0     0 1284.16211    0  567 1569.56834 1284.16211  18.2%     -   73s
     0     0 1284.16211    0  484 1569.56834 1284.16211  18.2%     -   84s
H    0     0                    1558.1657248 1284.16211  17.6%     -   85s
H    0     0                    1547.4686701 1284.16211  17.0%     -   85s
H    0     0                    1547.4686690 1284.16211  17.0%     -   86s
H    0     0                    1547.4686683 1284.16211  17.0%     -   86s
H    0     0                    1544.6103946 1284.16211  16.9%     -   87s
H    0     0                    1544.2915238 1284.16211  16.8%     -   87s
     0     0 1284.16211    0  561 1544.29152 1284.16211  16.8%     -   93s
H    0     0                    1541.3394503 1284.16211  16.7%     -   94s
H    0     0                    1538.4307402 1284.16211  16.5%     -   95s
H    0     0                    1529.2839640 1284.16211  16.0%     -   96s
H    0     0                    1528.8422870 1284.16211  16.0%     -   97s
H    0     0                    1524.7861836 1284.16211  15.8%     -   97s
H    0     0                    1523.9728444 1284.16211  15.7%     -   97s
H    0     0                    1522.7909952 1284.16211  15.7%     -   98s
H    0     0                    1520.7337857 1284.16211  15.6%     -  100s
     0     0 1285.91977    0  589 1520.73379 1285.91977  15.4%     -  104s
     0     0 1286.20630    0  593 1520.73379 1286.20630  15.4%     -  104s
     0     0 1291.01175    0  595 1520.73379 1291.01175  15.1%     -  110s
     0     0 1291.48893    0  587 1520.73379 1291.48893  15.1%     -  110s
     0     0 1291.48893    0  589 1520.73379 1291.48893  15.1%     -  110s
     0     0 1294.65035    0  596 1520.73379 1294.65035  14.9%     -  115s
     0     0 1295.02886    0  604 1520.73379 1295.02886  14.8%     -  115s
     0     0 1295.02886    0  603 1520.73379 1295.02886  14.8%     -  116s
     0     0 1295.91352    0  602 1520.73379 1295.91352  14.8%     -  122s
     0     0 1295.96990    0  607 1520.73379 1295.96990  14.8%     -  123s
     0     0 1295.96990    0  607 1520.73379 1295.96990  14.8%     -  123s
     0     0 1296.13186    0  609 1520.73379 1296.13186  14.8%     -  125s
     0     0 1296.23481    0  610 1520.73379 1296.23481  14.8%     -  125s
     0     0 1296.23481    0  612 1520.73379 1296.23481  14.8%     -  125s
     0     0 1296.37636    0  622 1520.73379 1296.37636  14.8%     -  127s
     0     0 1296.38740    0  622 1520.73379 1296.38740  14.8%     -  128s
     0     0 1296.38740    0  622 1520.73379 1296.38740  14.8%     -  128s
     0     0 1296.68418    0  605 1520.73379 1296.68418  14.7%     -  129s
     0     0 1296.70321    0  608 1520.73379 1296.70321  14.7%     -  129s
     0     0 1296.70321    0  608 1520.73379 1296.70321  14.7%     -  129s
     0     0 1297.63553    0  620 1520.73379 1297.63553  14.7%     -  132s
     0     0 1297.65088    0  621 1520.73379 1297.65088  14.7%     -  132s
     0     0 1297.65088    0  616 1520.73379 1297.65088  14.7%     -  132s
     0     0 1300.17286    0  631 1520.73379 1300.17286  14.5%     -  135s
     0     0 1300.53815    0  637 1520.73379 1300.53815  14.5%     -  135s
     0     0 1300.53815    0  633 1520.73379 1300.53815  14.5%     -  135s
     0     0 1300.53815    0  622 1520.73379 1300.53815  14.5%     -  138s
     0     0 1300.53815    0  622 1520.73379 1300.53815  14.5%     -  139s
     0     0 1300.53815    0  628 1520.73379 1300.53815  14.5%     -  141s
     0     0 1300.57812    0  629 1520.73379 1300.57812  14.5%     -  141s
     0     0 1300.57812    0  625 1520.73379 1300.57812  14.5%     -  143s
     0     0 1300.57812    0  625 1520.73379 1300.57812  14.5%     -  143s
     0     0 1300.57812    0  575 1520.73379 1300.57812  14.5%     -  145s
     0     0 1300.57812    0  592 1520.73379 1300.57812  14.5%     -  146s
     0     0 1300.57812    0  596 1520.73379 1300.57812  14.5%     -  149s
     0     0 1300.57812    0  595 1520.73379 1300.57812  14.5%     -  149s
     0     0 1302.15039    0  597 1520.73379 1302.15039  14.4%     -  152s
     0     0 1302.37371    0  594 1520.73379 1302.37371  14.4%     -  153s
     0     0 1302.37371    0  597 1520.73379 1302.37371  14.4%     -  155s
     0     0 1302.40292    0  594 1520.73379 1302.40292  14.4%     -  155s
     0     0 1302.40292    0  603 1520.73379 1302.40292  14.4%     -  158s
H    0     0                    1515.5430893 1302.40292  14.1%     -  160s
     0     0 1302.40292    0  603 1515.54309 1302.40292  14.1%     -  161s
     0     0 1302.66249    0  608 1515.54309 1302.66249  14.0%     -  168s
H    0     0                    1512.3049933 1302.66249  13.9%     -  171s
     0     0 1302.66249    0  604 1512.30499 1302.66249  13.9%     -  171s
     0     0 1302.66254    0  597 1512.30499 1302.66254  13.9%     -  172s
     0     0 1302.66254    0  605 1512.30499 1302.66254  13.9%     -  172s
     0     0 1302.66444    0  612 1512.30499 1302.66444  13.9%     -  172s
     0     0 1302.78725    0  612 1512.30499 1302.78725  13.9%     -  173s
     0     0 1302.78725    0  612 1512.30499 1302.78725  13.9%     -  173s
     0     0 1302.78725    0  582 1512.30499 1302.78725  13.9%     -  174s
H    0     0                    1507.9271864 1302.78725  13.6%     -  184s
H    0     2                    1507.7179597 1315.39029  12.8%     -  201s
     0     2 1315.39029    0  577 1507.71796 1315.39029  12.8%     -  201s
     3     6 1327.08575    2  522 1507.71796 1315.39029  12.8%  9562  213s
     5     9 1330.10728    3  508 1507.71796 1315.39029  12.8% 10786  217s

Cutting planes:
  Gomory: 2
  Cover: 5
  Implied bound: 154
  Clique: 4
  MIR: 37
  Flow cover: 98
  Zero half: 44
  Network: 10
  RLT: 3
  Relax-and-lift: 182

Explored 8 nodes (522356 simplex iterations) in 300.00 seconds (881.24 work units)
Thread count was 4 (of 32 available processors)

Solution count 10: 1507.72 1507.93 1512.3 ... 1529.28

Time limit reached
Best objective 1.507717959733e+03, best bound 1.315390289755e+03, gap 12.7562%

User-callback calls 41996, time in user-callback 0.02 sec
Cap boundary reject: PORT-591 real=1968.156 baseline=1480.641
Cap boundary debug: PORT-581 -> [93 25 5 143 15 16 17 19 20 21 18 14 12 11 10 6 7 4 3 1 117 116 115 476 477 478 475 474 479 466 467 483 524 533 308] -> PORT-591 -> [366 357 356 355 354 352 351 322 532 531 530 529 578 579 580 525 526 523 522 521 517] -> PORT-593 | load_left=44702 load_right=40627 cap=45000
Set parameter Username
Set parameter LicenseID to value 2738882
Academic license - for non-commercial use only - expires 2026-11-14
Set parameter TimeLimit to value 300
Set parameter Seed to value 1790774995
Set parameter Threads to value 4
Set parameter OutputFlag to value 1
Set parameter LogToConsole to value 1
Set parameter LazyConstraints to value 1
Gurobi Optimizer version 13.0.0 build v13.0.0rc1 (linux64 - "Debian GNU/Linux 13 (trixie)")

CPU model: AMD Ryzen 9 5950X 16-Core Processor, instruction set [SSE2|AVX|AVX2]
Thread count: 16 physical cores, 32 logical processors, using up to 4 threads

Non-default parameters:
TimeLimit  300
Seed  1790774995
Threads  4
LazyConstraints  1

Optimize a model with 14602 rows, 40368 columns and 80724 nonzeros (Min)
Model fingerprint: 0xc698c82c
Model has 13224 linear objective coefficients
Variable types: 26912 continuous, 13456 integer (13456 binary)
Coefficient statistics:
  Matrix range     [1e+00, 4e+04]
  Objective range  [5e-01, 1e+05]
  Bounds range     [1e+00, 4e+04]
  RHS range        [1e+00, 1e+04]
Presolve removed 1266 rows and 14206 columns
Presolve time: 0.13s
Presolved: 13336 rows, 26162 columns, 78331 nonzeros
Variable types: 12880 continuous, 13282 integer (13282 binary)

Root relaxation: objective 1.077453e+03, 32685 iterations, 3.15 seconds (9.01 work units)

    Nodes    |    Current Node    |     Objective Bounds      |     Work
 Expl Unexpl |  Obj  Depth IntInf | Incumbent    BestBd   Gap | It/Node Time

     0     0 1077.45307    0  176          - 1077.45307      -     -    3s
H    0     0                    102479.20811 1077.45307  98.9%     -    3s
H    0     0                    1893.6234180 1077.45307  43.1%     -    3s
H    0     0                    1788.2964561 1077.45307  39.7%     -    3s
H    0     0                    1669.6565234 1077.45307  35.5%     -    3s
H    0     0                    1646.6654569 1077.45307  34.6%     -    3s
     0     0 1077.45307    0  176 1646.66546 1077.45307  34.6%     -    5s
H    0     0                    1619.9099047 1077.45307  33.5%     -    5s
H    0     0                    1610.0302808 1077.45307  33.1%     -    5s
H    0     0                    1579.5686564 1077.45307  31.8%     -    5s
H    0     0                    1579.0219291 1077.45307  31.8%     -    5s
     0     0 1142.61252    0  215 1579.02193 1142.61252  27.6%     -    5s
     0     0 1145.70319    0  248 1579.02193 1145.70319  27.4%     -    6s
     0     0 1145.70319    0  226 1579.02193 1145.70319  27.4%     -    8s
H    0     0                    1560.4690527 1145.70319  26.6%     -    8s
H    0     0                    1488.0905624 1145.70319  23.0%     -    9s
H    0     0                    1484.7527734 1145.70319  22.8%     -    9s
H    0     0                    1479.0467208 1145.70319  22.5%     -    9s
H    0     0                    1475.3578710 1145.70319  22.3%     -    9s
H    0     0                    1469.3309315 1145.70319  22.0%     -    9s
H    0     0                    1460.3719724 1145.70319  21.5%     -    9s
H    0     0                    1454.8354001 1145.70319  21.2%     -    9s
H    0     0                    1452.8199674 1145.70319  21.1%     -    9s
H    0     0                    1447.3366821 1145.70319  20.8%     -    9s
     0     0 1148.96007    0  262 1447.33668 1148.96007  20.6%     -   10s
H    0     0                    1440.3806231 1148.96457  20.2%     -   10s
H    0     0                    1437.9544009 1148.96457  20.1%     -   11s
H    0     0                    1430.4184316 1148.96457  19.7%     -   11s
H    0     0                    1427.5377350 1148.96457  19.5%     -   11s
H    0     0                    1426.0748218 1148.96457  19.4%     -   11s
H    0     0                    1425.4132787 1148.96457  19.4%     -   11s
H    0     0                    1420.2373997 1148.96457  19.1%     -   11s
H    0     0                    1419.9967174 1148.96457  19.1%     -   11s
H    0     0                    1417.3567031 1148.96457  18.9%     -   11s
H    0     0                    1417.1160208 1148.96457  18.9%     -   11s
H    0     0                    1376.5815119 1148.96457  16.5%     -   11s
H    0     0                    1374.7976491 1148.96457  16.4%     -   12s
     0     0 1149.69895    0  265 1374.79765 1149.69895  16.4%     -   12s
     0     0 1152.81437    0  269 1374.79765 1152.81437  16.1%     -   13s
     0     0 1152.81437    0  217 1374.79765 1152.81437  16.1%     -   15s
     0     0 1152.81437    0  262 1374.79765 1152.81437  16.1%     -   16s
H    0     0                    1374.7976482 1152.81437  16.1%     -   18s
H    0     0                    1374.7976449 1152.81437  16.1%     -   18s
     0     0 1153.15897    0  276 1374.79764 1153.15897  16.1%     -   18s
     0     0 1153.25512    0  279 1374.79764 1153.25512  16.1%     -   18s
     0     0 1153.25515    0  279 1374.79764 1153.25515  16.1%     -   18s
     0     0 1157.28187    0  289 1374.79764 1157.28187  15.8%     -   19s
     0     0 1157.28913    0  291 1374.79764 1157.28913  15.8%     -   19s
     0     0 1157.28913    0  292 1374.79764 1157.28913  15.8%     -   19s
     0     0 1157.87375    0  288 1374.79764 1157.87375  15.8%     -   20s
     0     0 1168.10197    0  277 1374.79764 1168.10197  15.0%     -   20s
     0     0 1168.18331    0  278 1374.79764 1168.18331  15.0%     -   20s
     0     0 1168.18483    0  279 1374.79764 1168.18483  15.0%     -   20s
     0     0 1170.12297    0  286 1374.79764 1170.12297  14.9%     -   21s
     0     0 1170.30144    0  297 1374.79764 1170.30144  14.9%     -   21s
     0     0 1170.32093    0  290 1374.79764 1170.32093  14.9%     -   21s
     0     0 1170.32258    0  286 1374.79764 1170.32258  14.9%     -   21s
     0     0 1171.67328    0  280 1374.79764 1171.67328  14.8%     -   22s
     0     0 1171.67731    0  289 1374.79764 1171.67731  14.8%     -   22s
     0     0 1171.79811    0  284 1374.79764 1171.79811  14.8%     -   22s
     0     0 1171.82552    0  286 1374.79764 1171.82552  14.8%     -   22s
     0     0 1171.82990    0  286 1374.79764 1171.82990  14.8%     -   22s
     0     0 1172.70375    0  277 1374.79764 1172.70375  14.7%     -   23s
     0     0 1172.83339    0  275 1374.79764 1172.83339  14.7%     -   23s
     0     0 1172.83341    0  272 1374.79764 1172.83341  14.7%     -   23s
     0     0 1172.83341    0  272 1374.79764 1172.83341  14.7%     -   23s
     0     0 1173.22284    0  285 1374.79764 1173.22284  14.7%     -   23s
     0     0 1173.22858    0  281 1374.79764 1173.22858  14.7%     -   23s
     0     0 1173.41179    0  268 1374.79764 1173.41179  14.6%     -   24s
     0     0 1173.41838    0  278 1374.79764 1173.41838  14.6%     -   24s
     0     0 1173.57321    0  291 1374.79764 1173.57321  14.6%     -   24s
     0     0 1173.63144    0  298 1374.79764 1173.63144  14.6%     -   25s
     0     0 1173.63189    0  298 1374.79764 1173.63189  14.6%     -   25s
     0     0 1173.73702    0  294 1374.79764 1173.73702  14.6%     -   25s
     0     0 1173.74053    0  288 1374.79764 1173.74053  14.6%     -   25s
     0     0 1173.75600    0  291 1374.79764 1173.75600  14.6%     -   25s
     0     0 1173.75600    0  292 1374.79764 1173.75600  14.6%     -   25s
     0     0 1173.76075    0  292 1374.79764 1173.76075  14.6%     -   26s
     0     0 1173.77382    0  292 1374.79764 1173.77382  14.6%     -   26s
     0     0 1173.77382    0  290 1374.79764 1173.77382  14.6%     -   26s
     0     2 1173.77382    0  290 1374.79764 1173.77382  14.6%     -   27s
H   28    33                    1370.6834277 1174.67231  14.3%  1101   29s
    39    47 1179.08586    8  252 1370.68343 1174.67231  14.3%  1073   30s
   135   140 1197.70687   24  218 1370.68343 1174.67231  14.3%   796   35s
   295   314 1227.20857   63  219 1370.68343 1174.67231  14.3%   593   40s
H  612   604                    1369.1267597 1174.67231  14.2%   445   44s
   615   675 1257.49148  116  195 1369.12676 1174.67231  14.2%   444   45s
   994   983 1228.69495   26  208 1369.12676 1174.67231  14.2%   395   50s
  1208  1122 1224.58512   49  248 1369.12676 1175.37005  14.2%   377   56s
  1211  1124 1224.41632   60  245 1369.12676 1175.37005  14.2%   376   60s
  1228  1135 1271.91308  132  300 1369.12676 1175.72393  14.1%   371   65s
  1241  1144 1210.21091   49  287 1369.12676 1184.65099  13.5%   367   70s
  1256  1154 1185.77692    6  297 1369.12676 1185.77692  13.4%   363   75s
  1265  1161 1249.49196   94  257 1369.12676 1185.77692  13.4%   415   80s
  1282  1172 1289.83273  136  292 1369.12676 1185.85607  13.4%   410   85s
  1302  1186 1345.33918  167  303 1369.12676 1186.46682  13.3%   403   90s
  1315  1194 1194.42684   28  289 1369.12676 1186.78674  13.3%   399   97s
  1316  1195 1189.43860   18  289 1369.12676 1189.43860  13.1%   399  103s
  1323  1205 1189.43860   28  271 1369.12676 1189.43860  13.1%   456  105s
  1355  1226 1198.24103   33  225 1369.12676 1189.43860  13.1%   496  110s
  1417  1252 1239.88841   39  215 1369.12676 1189.43860  13.1%   534  115s
  1454  1264 1194.32356   42  236 1369.12676 1189.43860  13.1%   565  120s
  1501  1291 1197.61690   44  236 1369.12676 1189.43860  13.1%   611  125s
  1555  1321 1198.97748   47  237 1369.12676 1189.43860  13.1%   630  130s
  1590  1333 1301.93055   50  201 1369.12676 1189.43860  13.1%   653  135s
  1624  1353 1207.61379   54  200 1369.12676 1189.43860  13.1%   685  140s
  1685  1367 1219.33053   58  207 1369.12676 1189.43860  13.1%   705  145s
  1731  1372 1227.90705   62  195 1369.12676 1189.43860  13.1%   717  150s
  1798  1375 1231.70050   68  178 1369.12676 1189.43860  13.1%   748  156s
  1867  1384 1234.38902   75  159 1369.12676 1189.43860  13.1%   752  162s
  1957  1392 1281.46057   84  184 1369.12676 1189.43860  13.1%   756  166s
  2042  1403     cutoff  102      1369.12676 1189.43860  13.1%   751  172s
  2177  1462     cutoff  115      1369.12676 1189.43860  13.1%   747  176s
  2396  1455 1311.05490  127  138 1369.12676 1189.43860  13.1%   719  181s
  2646  1386 1314.17001  141  116 1369.12676 1189.43860  13.1%   691  187s
  2856  1367 1317.95889  168  163 1369.12676 1189.43860  13.1%   681  193s
  2956  1337 1189.84412   30  238 1369.12676 1189.43860  13.1%   678  196s
  2985  1358 1309.75094   34  185 1369.12676 1189.43860  13.1%   694  201s
  3106  1387 1196.34274   44  223 1369.12676 1189.43860  13.1%   729  206s
  3271  1381 1201.91705   53  203 1369.12676 1189.43860  13.1%   746  211s
  3566  1339 1219.05297   68  175 1369.12676 1189.43860  13.1%   740  217s
  3722  1311 1230.01539   73  173 1369.12676 1189.43860  13.1%   729  220s
  3940  1312 1250.09422   83  165 1369.12676 1189.43860  13.1%   725  226s
  4184  1321     cutoff   96      1369.12676 1189.43860  13.1%   731  232s
  4320  1313 1269.56531  102  172 1369.12676 1189.43860  13.1%   734  235s
  4500  1307 1273.70049  107  186 1369.12676 1189.43860  13.1%   733  240s
  4794  1321 1317.28890  124  150 1369.12676 1189.43860  13.1%   739  246s
  5228  1559 1339.98147  210  111 1369.12676 1189.43860  13.1%   729  253s
  5577  1689 1347.57228  263   71 1369.12676 1189.43860  13.1%   711  257s
  5895  1804 1214.35094   34  207 1369.12676 1189.43860  13.1%   703  261s
  6123  1905 1225.16746   54  189 1369.12676 1189.43860  13.1%   701  266s
  6315  2073 1269.79511   74  153 1369.12676 1189.43860  13.1%   694  270s
  6650  2356 1283.67373  108  200 1369.12676 1189.89656  13.1%   683  275s
  6981  2561 1300.81118  126  163 1369.12676 1189.89656  13.1%   672  280s
  7261  2757 1318.46047  145  136 1369.12676 1190.70123  13.0%   663  286s
  7509  3005 1263.46000   93  209 1369.12676 1190.70123  13.0%   660  291s
  7820  3243 1249.68767   50  171 1369.12676 1192.29718  12.9%   657  297s
  8197  3394 1281.97158   80  166 1369.12676 1192.29718  12.9%   649  300s

Cutting planes:
  Gomory: 2
  Cover: 15
  Implied bound: 118
  Projected implied bound: 10
  MIR: 96
  Flow cover: 123
  Inf proof: 1
  Zero half: 40
  RLT: 3
  Relax-and-lift: 32
  BQP: 1

Explored 8363 nodes (5503902 simplex iterations) in 300.01 seconds (1046.72 work units)
Thread count was 4 (of 32 available processors)

Solution count 10: 1369.13 1370.68 1374.8 ... 1426.07

Time limit reached
Best objective 1.369126759702e+03, best bound 1.192297181496e+03, gap 12.9155%

User-callback calls 66377, time in user-callback 0.01 sec
Cap boundary opt: PORT-591 stations=56 obj=1369.127 real=1369.127 baseline=1402.113
Set parameter Username
Set parameter LicenseID to value 2738882
Academic license - for non-commercial use only - expires 2026-11-14
Segment 1 eval: start=BOAT-0 end=PORT-583 stations=50 (optimize)
  Segment 1 order: -501 -500 -499 -498 -497 -496 -495 112 113 -494 114 -275 -111 -274 -107 -106 -105 104 -103 -102 -101 108 109 110 -273 -272 271 253 252 249 -248 -247 -245 -244 -243 -238 237 -215 -214 213 -192 218 -191 219 -190 -223 222 -230 -134 -133
Segment 2 eval: start=PORT-583 end=PORT-581 stations=58 (optimize)
  Segment 2 order: -132 -181 -180 -229 -231 232 233 234 -235 -227 228 -179 -135 136 152 153 154 174 175 -176 -177 171 168 -165 166 -164 -162 -161 -160 159 163 167 172 173 155 156 157 158 -150 -149 -148 -147 -146 -145 -144 -142 -9 -8 -141 -140 -139 151 -138 -137 -2 90 -94 -92
Segment 3 eval: start=PORT-581 end=PORT-591 stations=80 (optimize)
  Segment 3 order: 56 55 -54 -53 -52 -51 -50 -49 -48 -39 -38 -37 66 67 68 69 -36 -35 -32 -31 -29 -27 26 28 30 -33 -34 41 42 43 44 45 46 -40 47 396 397 -398 -395 -394 -393 -392 -391 -390 -389 -388 -387 402 -403 385 -384 -383 -382 -414 -413 412 -409 408 -410 411 380 378 -379 -377 -376 -375 374 -373 -372 -371 -370 369 359 360 -358 -353 -350 -349 -326 328
Segment 4 eval: start=PORT-591 end=PORT-593 stations=52 (optimize)
  Segment 4 order: -346 -345 -344 -343 -342 -341 -316 -287 -286 -285 -552 -551 -550 -547 549 -563 564 565 566 567 568 569 570 571 576 -527 528 435 438 448 449 450 451 452 453 454 455 456 457 458 465 505 506 -444 -443 -442 -441 440 437 436 512 513
Segment 5 eval: start=PORT-593 end=PORT-591 stations=39 (optimize)
  Segment 5 order: 514 -575 577 -574 -573 572 534 535 -536 537 538 539 544 -540 -543 -542 -541 545 546 -548 -553 554 562 -561 560 -559 -558 -555 284 -283 -282 556 -557 -281 -280 -279 -278 -277 -276
Segment 6 eval: start=PORT-591 end=PORT-583 stations=115 (optimize)
  Segment 6 order: -347 333 334 335 336 337 338 339 340 -317 -315 -314 -288 289 290 291 -295 296 297 306 -305 -298 299 300 301 302 304 -303 307 -294 -293 292 -310 -309 311 312 -313 318 319 320 321 323 324 325 -327 329 330 331 332 348 -361 -362 -363 -364 365 367 368 -426 -381 -425 417 -424 422 423 -421 -420 -419 -418 -416 415 404 405 406 -407 -399 -400 401 386 -62 -61 -60 58 -59 -57 -64 63 -65 71 74 -73 -72 -75 76 70 77 78 -79 80 81 82 83 84 85 -86 87 -88 89 -91 95 96 -24 -23 -22 169 170
Segment 7 eval: start=PORT-583 end=PORT-588 stations=40 (optimize)
  Segment 7 order: 97 98 99 100 -246 -242 241 -240 -239 -236 221 220 -216 -212 -211 210 -208 250 251 -207 -205 -202 203 204 -131 -129 130 -256 257 259 258 -128 -127 126 -125 -124 -264 268 269 270
Segment 8 eval: start=PORT-588 end=PORT-581 stations=47 (optimize)
  Segment 8 order: 118 119 -120 121 122 473 481 -480 469 470 -471 472 123 -266 -267 -265 -263 -262 -261 260 254 255 -206 209 -201 200 -199 -198 -197 -196 -195 -194 -193 -217 -189 -188 224 -225 -187 -186 -185 -184 183 182 226 178 13
Segment 9 eval: start=PORT-581 end=PORT-591 stations=34 (optimize)
  Segment 9 order: -93 -25 -5 -4 -3 -1 117 -116 115 476 477 478 479 483 467 -466 474 475 -7 -6 10 11 143 12 -14 15 16 17 18 -21 19 20 357 -366
Segment 10 eval: start=PORT-591 end=PORT-593 stations=22 (optimize)
  Segment 10 order: -356 -355 354 -352 -351 -322 -308 -533 -532 -531 -530 -529 -526 524 525 578 579 580 -523 -522 -521 -517
Segment 11 eval: start=PORT-593 end=PORT-584 stations=33 (optimize)
  Segment 11 order: 515 516 519 -520 -518 -427 428 429 430 431 432 433 -434 447 -446 -445 439 -511 -510 -509 -508 -507 -504 -503 -488 -487 489 -482 493 -492 -491 -490 -502
Segment 12 eval: start=PORT-584 end=PORT-584 stations=0 (direct)
Segment 13 eval: start=PORT-584 end=BOAT-END stations=10 (optimize)
  Segment 13 order: -485 -461 -460 -459 -468 -464 -463 -484 462 -486
Cap boundary debug: PORT-591 -> [356 355 354 352 351 322 308 533 532 531 530 529 526 524 525 578 579 580 523 522 521 517] -> PORT-593 -> [430 431 432 433 434 445 446 447 439 508 507 509 510 511 427 428 429 515 516 519 520 504 503 502 488 487 489 490 491 492 493 482 518] -> PORT-584 | load_left=41020 load_right=44625 cap=45000
Set parameter Username
Set parameter LicenseID to value 2738882
Academic license - for non-commercial use only - expires 2026-11-14
Set parameter TimeLimit to value 300
Set parameter Seed to value 1447324390
Set parameter Threads to value 4
Set parameter OutputFlag to value 1
Set parameter LogToConsole to value 1
Set parameter LazyConstraints to value 1
Gurobi Optimizer version 13.0.0 build v13.0.0rc1 (linux64 - "Debian GNU/Linux 13 (trixie)")

CPU model: AMD Ryzen 9 5950X 16-Core Processor, instruction set [SSE2|AVX|AVX2]
Thread count: 16 physical cores, 32 logical processors, using up to 4 threads

Non-default parameters:
TimeLimit  300
Seed  1447324390
Threads  4
LazyConstraints  1

Optimize a model with 14122 rows, 38988 columns and 77964 nonzeros (Min)
Model fingerprint: 0xf6d927d4
Model has 12768 linear objective coefficients
Variable types: 25992 continuous, 12996 integer (12996 binary)
Coefficient statistics:
  Matrix range     [1e+00, 4e+04]
  Objective range  [5e-01, 1e+05]
  Bounds range     [1e+00, 4e+04]
  RHS range        [1e+00, 1e+04]
Presolve removed 1244 rows and 13733 columns
Presolve time: 0.13s
Presolved: 12878 rows, 25255 columns, 75616 nonzeros
Variable types: 12430 continuous, 12825 integer (12825 binary)

Root relaxation: objective 6.758428e+02, 26070 iterations, 2.07 seconds (5.57 work units)

    Nodes    |    Current Node    |     Objective Bounds      |     Work
 Expl Unexpl |  Obj  Depth IntInf | Incumbent    BestBd   Gap | It/Node Time

     0     0  675.84278    0  182          -  675.84278      -     -    2s
H    0     0                    1422.2369614  675.84278  52.5%     -    2s
H    0     0                    1312.7617985  675.84278  48.5%     -    2s
H    0     0                    1215.5144469  675.84278  44.4%     -    2s
H    0     0                    1199.0095244  675.84278  43.6%     -    2s
H    0     0                    1023.1903027  675.84278  33.9%     -    2s
H    0     0                    1022.7467790  675.84278  33.9%     -    2s
H    0     0                     960.2986568  675.84278  29.6%     -    2s
H    0     0                     952.0370367  675.84278  29.0%     -    3s
H    0     0                     944.4013519  675.84278  28.4%     -    3s
H    0     0                     944.1527170  675.84278  28.4%     -    3s
H    0     0                     943.5053937  675.84278  28.4%     -    3s
     0     0  675.84278    0  182  943.50539  675.84278  28.4%     -    3s
     0     0  687.15510    0  217  943.50539  687.15510  27.2%     -    3s
     0     0  687.15510    0  182  943.50539  687.15510  27.2%     -    5s
H    0     0                     938.2823524  687.15510  26.8%     -    5s
H    0     0                     936.6928054  687.15510  26.6%     -    5s
     0     0  687.15510    0  219  936.69281  687.15510  26.6%     -    6s
H    0     0                     914.2348846  687.15510  24.8%     -    6s
H    0     0                     902.0818641  687.15510  23.8%     -    6s
H    0     0                     894.7229439  687.15510  23.2%     -    6s
H    0     0                     892.7129055  687.15510  23.0%     -    6s
H    0     0                     869.9419084  687.15510  21.0%     -    6s
H    0     0                     867.4616024  687.15510  20.8%     -    6s
H    0     0                     865.8815929  687.15510  20.6%     -    7s
H    0     0                     859.0003746  687.15510  20.0%     -    7s
H    0     0                     858.9942765  687.15510  20.0%     -    7s
H    0     0                     856.0901901  687.15510  19.7%     -    7s
     0     0  687.79051    0  226  856.09019  687.79051  19.7%     -    8s
     0     0  687.79051    0  226  856.09019  687.79051  19.7%     -    8s
     0     0  689.69955    0  252  856.09019  689.69955  19.4%     -    8s
H    0     0                     855.9522986  689.69955  19.4%     -    8s
     0     0  689.69955    0  252  855.95230  689.69955  19.4%     -    8s
     0     0  691.62176    0  257  855.95230  691.62176  19.2%     -   10s
     0     0  691.64971    0  256  855.95230  691.64971  19.2%     -   10s
     0     0  691.65019    0  255  855.95230  691.65019  19.2%     -   10s
     0     0  692.29860    0  275  855.95230  692.29860  19.1%     -   11s
     0     0  692.29860    0  273  855.95230  692.29860  19.1%     -   11s
     0     0  692.36982    0  279  855.95230  692.36982  19.1%     -   12s
     0     0  692.37268    0  285  855.95230  692.37268  19.1%     -   12s
     0     0  692.39832    0  278  855.95230  692.39832  19.1%     -   12s
     0     0  692.40144    0  283  855.95230  692.40144  19.1%     -   12s
     0     0  692.52905    0  281  855.95230  692.52905  19.1%     -   13s
     0     0  692.53233    0  279  855.95230  692.53233  19.1%     -   13s
     0     0  692.53882    0  283  855.95230  692.53882  19.1%     -   13s
     0     0  692.54597    0  279  855.95230  692.54597  19.1%     -   13s
     0     0  692.54624    0  279  855.95230  692.54624  19.1%     -   13s
     0     0  692.56882    0  286  855.95230  692.56882  19.1%     -   14s
     0     0  692.60626    0  286  855.95230  692.60626  19.1%     -   14s
     0     0  692.60626    0  286  855.95230  692.60626  19.1%     -   14s
     0     0  692.60626    0  256  855.95230  692.60626  19.1%     -   14s
H    0     0                     855.7762874  692.60626  19.1%     -   14s
     0     2  698.40423    0  256  855.77629  698.40423  18.4%     -   14s
     1     4  698.40423    1  260  855.77629  698.40423  18.4%   119   15s
H   29    28                     843.0927996  698.40423  17.2%   372   15s
H   77    69                     838.9307675  698.40423  16.8%   227   16s
H   79    69                     836.1172579  698.40423  16.5%   228   16s
H  150   143                     833.5404881  698.40423  16.2%   187   17s
   500   475  742.18133   95  215  833.54049  698.40423  16.2%   142   20s
H  613   538                     833.3059967  698.40423  16.2%   145   22s
   951   892  797.05697  299  147  833.30600  698.40423  16.2%   148   25s
  1118   987  799.28738  147  181  833.30600  698.40423  16.2%   147   31s
  1131   996  755.03462   58  306  833.30600  698.40423  16.2%   145   35s
  1146  1006  786.61694  170  294  833.30600  698.40423  16.2%   143   40s
  1166  1019  751.48973   46  297  833.30600  700.27381  16.0%   141   45s
  1179  1028  796.95522  292  312  833.30600  701.77581  15.8%   139   50s
  1187  1033  802.49655  132  297  833.30600  702.20499  15.7%   138   55s
  1258  1089  726.09546   22  223  833.30600  722.82213  13.3%   172   60s
  1405  1182  751.39356   42  175  833.30600  722.82213  13.3%   174   65s
  1715  1252  829.91227   59  131  833.30600  723.35979  13.2%   180   70s
  2110  1317  766.98507   42  135  833.30600  724.31691  13.1%   188   75s
  2514  1477  804.13028  148  115  833.30600  724.81094  13.0%   192   80s
  2847  1604  764.24917   48  154  833.30600  725.72116  12.9%   189   85s
  3387  1862  796.62650  151  110  833.30600  725.85626  12.9%   186   90s
  4114  2101  790.49658   88  127  833.30600  728.43498  12.6%   175   95s
  4724  2404  758.29015   52  140  833.30600  728.62177  12.6%   182  100s
  5088  2586  772.64242  109  141  833.30600  728.62177  12.6%   192  105s
  5876  2867  804.77858   33  152  833.30600  729.01766  12.5%   189  111s
  6015  3008  830.06640   66  153  833.30600  729.43695  12.5%   188  115s
  6709  3521     cutoff   45       833.30600  731.01288  12.3%   190  121s
  6984  3783  785.78729   79  144  833.30600  731.48662  12.2%   191  126s
  7683  4265  815.55083   88  122  833.30600  732.20482  12.1%   188  130s
  8374  4726  775.30676   26  147  833.30600  734.66850  11.8%   185  135s
  9157  5303  826.18427  139  109  833.30600  735.22942  11.8%   183  141s
 10149  5991  774.97590   35  148  833.30600  735.97485  11.7%   177  147s
 10581  6292  822.54455   31  188  833.30600  736.36132  11.6%   177  150s
 11567  7085     cutoff   79       833.30600  738.84834  11.3%   178  157s
 12174  7456  783.00708   61  133  833.30600  739.40341  11.3%   177  160s
 13302  8266  766.22413   33  145  833.30600  741.25102  11.0%   176  166s
 13726  8569  818.67921  142  104  833.30600  741.25102  11.0%   177  170s
 14650  9265  776.22926   24  160  833.30600  743.58752  10.8%   177  176s
 15521  9913  803.18737  113  152  833.30600  744.27906  10.7%   177  182s
 15965 10299  809.11954   49  130  833.30600  744.63613  10.6%   177  185s
 16876 10918  786.70594   38  156  833.30600  745.28571  10.6%   176  192s
 17399 11209  799.26781   81  145  833.30600  745.75126  10.5%   176  195s
 18430 11814  770.82961   41  190  833.30600  747.08002  10.3%   176  200s
 19418 12440  770.18862   58  134  833.30600  747.73239  10.3%   177  206s
 20475 12963  793.37662   41  135  833.30600  748.33828  10.2%   177  211s
 21275 13384  809.25844   28  132  833.30600  748.79837  10.1%   178  217s
 22182 14021  793.12378   64  151  833.30600  749.87081  10.0%   180  222s
 22702 14346  829.47223  130  127  833.30600  750.06234  10.0%   180  225s
 23587 14818  800.96936   31  180  833.30600  750.94514  9.88%   180  231s
 24389 15253 infeasible   52       833.30600  751.62258  9.80%   180  236s
 25147 15705  780.88428   29  164  833.30600  751.93044  9.77%   182  242s
 25841 16288  783.05335   44  154  833.30600  752.45630  9.70%   184  247s
 26345 16634  788.01664   46  110  833.30600  753.19369  9.61%   183  250s
 27365 17192  771.71002   34  150  833.30600  753.54803  9.57%   182  256s
 28245 17755  803.12117   36  134  833.30600  754.00201  9.52%   183  262s
 28657 17981  769.14221   28  167  833.30600  754.36782  9.47%   183  265s
 29617 18588 infeasible   38       833.30600  754.68098  9.44%   184  271s
 30700 19310  804.88832   47  147  833.30600  755.04063  9.39%   184  277s
 31647 19782  776.77337   51  134  833.30600  755.36948  9.35%   184  282s
 32050 20067  809.44924  100  127  833.30600  755.52421  9.33%   184  285s
 32891 20513     cutoff  116       833.30600  756.30747  9.24%   185  291s
 33450 21020  780.56399   32  139  833.30600  756.60117  9.20%   186  296s
 34302 21331 infeasible   36       833.30600  756.82762  9.18%   186  300s

Cutting planes:
  Learned: 1
  Gomory: 8
  Lift-and-project: 2
  Cover: 19
  Implied bound: 145
  Projected implied bound: 17
  Clique: 1
  MIR: 85
  Flow cover: 98
  GUB cover: 2
  Inf proof: 11
  Zero half: 42
  Mod-K: 1
  RLT: 10
  Relax-and-lift: 66
  BQP: 10

Explored 34326 nodes (6441316 simplex iterations) in 300.00 seconds (1156.06 work units)
Thread count was 4 (of 32 available processors)

Solution count 10: 833.306 833.54 836.117 ... 859

Time limit reached
Best objective 8.333059966548e+02, best bound 7.568276242521e+02, gap 9.1777%

User-callback calls 101977, time in user-callback 0.01 sec
Cap boundary reject: PORT-593 segment infeasible left=100465.112 right=826.468
Cap boundary reject: PORT-593 real=1000000000000000052504760255204420248704468581108159154915854115511802457988908195786371375080447864043704443832883878176942523235360430575644792184786706982848387200926575803737830233794788090059368953234970799945081119038967640880074652742780142494579258788820056842838115669472196386865459400540160.000 baseline=836.780
Set parameter Username
Set parameter LicenseID to value 2738882
Academic license - for non-commercial use only - expires 2026-11-14
Segment 1 eval: start=BOAT-0 end=PORT-583 stations=50 (optimize)
  Segment 1 order: -501 -500 -499 -498 -497 -496 -495 112 113 -494 114 -275 -111 -274 -107 -106 -105 104 -103 -102 -101 108 109 110 -273 -272 271 253 252 249 -248 -247 -245 -244 -243 -238 237 -215 -214 213 -192 218 -191 219 -190 -223 222 -230 -134 -133
Segment 2 eval: start=PORT-583 end=PORT-581 stations=58 (optimize)
  Segment 2 order: -132 -181 -180 -229 -231 232 233 234 -235 -227 228 -179 -135 136 152 153 154 174 175 -176 -177 171 168 -165 166 -164 -162 -161 -160 159 163 167 172 173 155 156 157 158 -150 -149 -148 -147 -146 -145 -144 -142 -9 -8 -141 -140 -139 151 -138 -137 -2 90 -94 -92
Segment 3 eval: start=PORT-581 end=PORT-591 stations=80 (optimize)
  Segment 3 order: 56 55 -54 -53 -52 -51 -50 -49 -48 -39 -38 -37 66 67 68 69 -36 -35 -32 -31 -29 -27 26 28 30 -33 -34 41 42 43 44 45 46 -40 47 396 397 -398 -395 -394 -393 -392 -391 -390 -389 -388 -387 402 -403 385 -384 -383 -382 -414 -413 412 -409 408 -410 411 380 378 -379 -377 -376 -375 374 -373 -372 -371 -370 369 359 360 -358 -353 -350 -349 -326 328
Segment 4 eval: start=PORT-591 end=PORT-593 stations=51 (optimize)
  Segment 4 order: -346 -345 -344 -343 -342 -341 -316 -287 -286 -285 -552 -551 -550 -547 549 -563 564 565 566 567 568 569 570 571 576 -527 435 438 448 449 450 451 452 453 454 455 456 457 458 465 505 506 -444 -443 -442 -441 440 437 436 512 513
Segment 5 eval: start=PORT-593 end=PORT-591 stations=39 (optimize)
  Segment 5 order: 514 -575 577 -574 -573 572 534 535 -536 537 538 539 544 -540 -543 -542 -541 545 546 -548 -553 554 562 -561 560 -559 -558 -555 284 -283 -282 556 -557 -281 -280 -279 -278 -277 -276
Segment 6 eval: start=PORT-591 end=PORT-583 stations=115 (optimize)
  Segment 6 order: -347 333 334 335 336 337 338 339 340 -317 -315 -314 -288 289 290 291 -295 296 297 306 -305 -298 299 300 301 302 304 -303 307 -294 -293 292 -310 -309 311 312 -313 318 319 320 321 323 324 325 -327 329 330 331 332 348 -361 -362 -363 -364 365 367 368 -426 -381 -425 417 -424 422 423 -421 -420 -419 -418 -416 415 404 405 406 -407 -399 -400 401 386 -62 -61 -60 58 -59 -57 -64 63 -65 71 74 -73 -72 -75 76 70 77 78 -79 80 81 82 83 84 85 -86 87 -88 89 -91 95 96 -24 -23 -22 169 170
Segment 7 eval: start=PORT-583 end=PORT-588 stations=40 (optimize)
  Segment 7 order: 97 98 99 100 -246 -242 241 -240 -239 -236 221 220 -216 -212 -211 210 -208 250 251 -207 -205 -202 203 204 -131 -129 130 -256 257 259 258 -128 -127 126 -125 -124 -264 268 269 270
Segment 8 eval: start=PORT-588 end=PORT-581 stations=47 (optimize)
  Segment 8 order: 118 119 -120 121 122 473 481 -480 469 470 -471 472 123 -266 -267 -265 -263 -262 -261 260 254 255 -206 209 -201 200 -199 -198 -197 -196 -195 -194 -193 -217 -189 -188 224 -225 -187 -186 -185 -184 183 182 226 178 13
Segment 9 eval: start=PORT-581 end=PORT-591 stations=34 (optimize)
  Segment 9 order: -93 -25 -5 -4 -3 -1 117 -116 115 476 477 478 479 483 467 -466 474 475 -7 -6 10 11 143 12 -14 15 16 17 18 -21 19 20 357 -366
Segment 10 eval: start=PORT-591 end=PORT-593 stations=23 (optimize)
  Segment 10 order: -356 -355 354 -352 -351 -322 -308 -533 -532 -531 -530 -529 528 -526 524 525 578 579 580 -523 -522 -521 -517
Segment 11 eval: start=PORT-593 end=PORT-584 stations=33 (optimize)
  Segment 11 order: 515 516 519 -520 -518 -427 428 429 430 431 432 433 -434 447 -446 -445 439 -511 -510 -509 -508 -507 -504 -503 -488 -487 489 -482 493 -492 -491 -490 -502
Segment 12 eval: start=PORT-584 end=PORT-584 stations=0 (direct)
Segment 13 eval: start=PORT-584 end=BOAT-END stations=10 (optimize)
  Segment 13 order: -485 -461 -460 -459 -468 -464 -463 -484 462 -486
Set parameter Username
Set parameter LicenseID to value 2738882
Academic license - for non-commercial use only - expires 2026-11-14
Segment 1 eval: start=BOAT-0 end=PORT-583 stations=50 (optimize)
  Segment 1 order: -501 -500 -499 -498 -497 -496 -495 112 113 -494 114 -275 -111 -274 -107 -106 -105 104 -103 -102 -101 108 109 110 -273 -272 271 253 252 249 -248 -247 -245 -244 -243 -238 237 -215 -214 213 -192 218 -191 219 -190 -223 222 -230 -134 -133
Segment 2 eval: start=PORT-583 end=PORT-581 stations=58 (optimize)
  Segment 2 order: -132 -181 -180 -229 -231 232 233 234 -235 -227 228 -179 -135 136 152 153 154 174 175 -176 -177 171 168 -165 166 -164 -162 -161 -160 159 163 167 172 173 155 156 157 158 -150 -149 -148 -147 -146 -145 -144 -142 -9 -8 -141 -140 -139 151 -138 -137 -2 90 -94 -92
Segment 3 eval: start=PORT-581 end=PORT-591 stations=80 (optimize)
  Segment 3 order: 56 55 -54 -53 -52 -51 -50 -49 -48 -39 -38 -37 66 67 68 69 -36 -35 -32 -31 -29 -27 26 28 30 -33 -34 41 42 43 44 45 46 -40 47 396 397 -398 -395 -394 -393 -392 -391 -390 -389 -388 -387 402 -403 385 -384 -383 -382 -414 -413 412 -409 408 -410 411 380 378 -379 -377 -376 -375 374 -373 -372 -371 -370 369 359 360 -358 -353 -350 -349 -326 328
Segment 4 eval: start=PORT-591 end=PORT-593 stations=51 (optimize)
  Segment 4 order: -346 -345 -344 -343 -342 -341 -316 -287 -286 -285 -552 -551 -550 -547 549 -563 564 565 566 567 568 569 570 571 576 -527 435 438 448 449 450 451 452 453 454 455 456 457 458 465 505 506 -444 -443 -442 -441 440 437 436 512 513
Segment 5 eval: start=PORT-593 end=PORT-591 stations=39 (optimize)
  Segment 5 order: 514 -575 577 -574 -573 572 534 535 -536 537 538 539 544 -540 -543 -542 -541 545 546 -548 -553 554 562 -561 560 -559 -558 -555 284 -283 -282 556 -557 -281 -280 -279 -278 -277 -276
Segment 6 eval: start=PORT-591 end=PORT-583 stations=115 (optimize)
  Segment 6 order: -347 333 334 335 336 337 338 339 340 -317 -315 -314 -288 289 290 291 -295 296 297 306 -305 -298 299 300 301 302 304 -303 307 -294 -293 292 -310 -309 311 312 -313 318 319 320 321 323 324 325 -327 329 330 331 332 348 -361 -362 -363 -364 365 367 368 -426 -381 -425 417 -424 422 423 -421 -420 -419 -418 -416 415 404 405 406 -407 -399 -400 401 386 -62 -61 -60 58 -59 -57 -64 63 -65 71 74 -73 -72 -75 76 70 77 78 -79 80 81 82 83 84 85 -86 87 -88 89 -91 95 96 -24 -23 -22 169 170
Segment 7 eval: start=PORT-583 end=PORT-588 stations=40 (optimize)
  Segment 7 order: 97 98 99 100 -246 -242 241 -240 -239 -236 221 220 -216 -212 -211 210 -208 250 251 -207 -205 -202 203 204 -131 -129 130 -256 257 259 258 -128 -127 126 -125 -124 -264 268 269 270
Segment 8 eval: start=PORT-588 end=PORT-581 stations=47 (optimize)
  Segment 8 order: 118 119 -120 121 122 473 481 -480 469 470 -471 472 123 -266 -267 -265 -263 -262 -261 260 254 255 -206 209 -201 200 -199 -198 -197 -196 -195 -194 -193 -217 -189 -188 224 -225 -187 -186 -185 -184 183 182 226 178 13
Segment 9 eval: start=PORT-581 end=PORT-591 stations=34 (optimize)
  Segment 9 order: -93 -25 -5 -4 -3 -1 117 -116 115 476 477 478 479 483 467 -466 474 475 -7 -6 10 11 143 12 -14 15 16 17 18 -21 19 20 357 -366
Segment 10 eval: start=PORT-591 end=PORT-593 stations=23 (optimize)
  Segment 10 order: -356 -355 354 -352 -351 -322 -308 -533 -532 -531 -530 -529 528 -526 524 525 578 579 580 -523 -522 -521 -517
Segment 11 eval: start=PORT-593 end=PORT-584 stations=33 (optimize)
  Segment 11 order: 515 516 519 -520 -518 -427 428 429 430 431 432 433 -434 447 -446 -445 439 -511 -510 -509 -508 -507 -504 -503 -488 -487 489 -482 493 -492 -491 -490 -502
Segment 12 eval: start=PORT-584 end=PORT-584 stations=0 (direct)
Segment 13 eval: start=PORT-584 end=BOAT-END stations=10 (optimize)
  Segment 13 order: -485 -461 -460 -459 -468 -464 -463 -484 462 -486
PROGRESS pass=6 changed=1 total=6063.990 best=6063.990 nseg=13 stall=0 mut=2/4 mut=STAT-528 src=4 dst=10 delta=-2.787
Capacity boundary sweep pass 7
Cap boundary debug: PORT-581 -> [68 69 67 66 53 54 56 55 52 51 38 48 39 40 47 46 43 45 44 42 41 34 33 30 29 27 26 28 31 32 36 35 37 50 49 396 397 398 395 394 393 392 391 390 389 388 387 402 385 403 384 383 382 414 413 412 409 408 410 411 380 378 379 377 376 375 374 373 372 371 370 369 359 360 358 353 349 350 326 328] -> PORT-591 -> [346 345 344 343 342 341 316 287 286 285 552 551 550 547 549 563 564 565 566 567 568 569 570 571 576 527 435 437 440 441 442 443 444 506 505 465 458 457 456 455 454 453 452 451 450 449 448 438 436 512 513] -> PORT-593 | load_left=43988 load_right=43309 cap=45000
Set parameter Username
Set parameter LicenseID to value 2738882
Academic license - for non-commercial use only - expires 2026-11-14
Set parameter TimeLimit to value 300
Set parameter Seed to value 484703211
Set parameter Threads to value 4
Set parameter OutputFlag to value 1
Set parameter LogToConsole to value 1
Set parameter LazyConstraints to value 1
Gurobi Optimizer version 13.0.0 build v13.0.0rc1 (linux64 - "Debian GNU/Linux 13 (trixie)")

CPU model: AMD Ryzen 9 5950X 16-Core Processor, instruction set [SSE2|AVX|AVX2]
Thread count: 16 physical cores, 32 logical processors, using up to 4 threads

Non-default parameters:
TimeLimit  300
Seed  484703211
Threads  4
LazyConstraints  1

Optimize a model with 73402 rows, 212268 columns and 424524 nonzeros (Min)
Model fingerprint: 0xc288f955
Model has 70224 linear objective coefficients
Variable types: 141512 continuous, 70756 integer (70756 binary)
Coefficient statistics:
  Matrix range     [1e+00, 4e+04]
  Objective range  [8e-01, 1e+05]
  Bounds range     [1e+00, 4e+04]
  RHS range        [1e+00, 8e+03]
Presolve removed 2916 rows and 72481 columns
Presolve time: 0.53s
Presolved: 70486 rows, 139787 columns, 419846 nonzeros
Variable types: 69430 continuous, 70357 integer (70357 binary)
Root relaxation presolved: 70486 rows, 139787 columns, 419846 nonzeros

Deterministic concurrent LP optimizer: primal and dual simplex
Showing primal log only...


Root simplex log...

Iteration    Objective       Primal Inf.    Dual Inf.      Time
   65143    7.9260040e+02   0.000000e+00   2.886976e+02      5s
   90872    9.6301818e+02   0.000000e+00   0.000000e+00      7s
Concurrent spin time: 0.00s

Solved with primal simplex

Root relaxation: objective 9.630182e+02, 90872 iterations, 5.98 seconds (11.75 work units)

    Nodes    |    Current Node    |     Objective Bounds      |     Work
 Expl Unexpl |  Obj  Depth IntInf | Incumbent    BestBd   Gap | It/Node Time

     0     0  963.01818    0  482          -  963.01818      -     -    7s
H    0     0                    3907.1803705  963.01818  75.4%     -    8s
H    0     0                    1522.0844792  963.01818  36.7%     -    8s
H    0     0                    1462.7929888  963.01818  34.2%     -    9s
H    0     0                    1415.4500870  963.01818  32.0%     -    9s
H    0     0                    1368.4487837  963.01818  29.6%     -    9s
H    0     0                    1368.4487835  963.01818  29.6%     -   10s
H    0     0                    1335.9796375  963.01818  27.9%     -   11s
H    0     0                    1324.5133245  963.01818  27.3%     -   11s
H    0     0                    1322.6663193  963.01818  27.2%     -   11s
H    0     0                    1317.2429319  963.01818  26.9%     -   12s
     0     0  965.08785    0  516 1317.24293  965.08785  26.7%     -   14s
     0     0  965.08785    0  481 1317.24293  965.08785  26.7%     -   20s
H    0     0                    1297.0152260  965.08785  25.6%     -   21s
H    0     0                    1295.5346363  965.08785  25.5%     -   21s
H    0     0                    1282.4096989  965.08785  24.7%     -   21s
H    0     0                    1281.8137539  965.08785  24.7%     -   21s
H    0     0                    1281.5977638  965.08785  24.7%     -   22s
     0     0  965.41452    0  516 1281.59776  965.41452  24.7%     -   25s
H    0     0                    1245.0533417  965.41452  22.5%     -   25s
H    0     0                    1227.6216506  965.41452  21.4%     -   26s
H    0     0                    1209.0213797  965.41452  20.1%     -   26s
H    0     0                    1208.7108280  965.41452  20.1%     -   27s
H    0     0                    1188.7060385  965.41452  18.8%     -   28s
H    0     0                    1180.4421526  965.41452  18.2%     -   28s
H    0     0                    1148.2734418  965.41452  15.9%     -   28s
H    0     0                    1138.8613749  965.41452  15.2%     -   28s
H    0     0                    1138.8613743  965.41452  15.2%     -   28s
H    0     0                    1138.6089453  965.41452  15.2%     -   28s
     0     0  969.81506    0  524 1138.60895  969.81506  14.8%     -   33s
     0     0  969.81507    0  524 1138.60895  969.81507  14.8%     -   33s
     0     0  970.34913    0  559 1138.60895  970.34913  14.8%     -   35s
     0     0  970.35135    0  559 1138.60895  970.35135  14.8%     -   35s
     0     0  970.35135    0  561 1138.60895  970.35135  14.8%     -   35s
     0     0  976.02243    0  537 1138.60895  976.02243  14.3%     -   48s
     0     0  976.39703    0  529 1138.60895  976.39703  14.2%     -   49s
     0     0  976.39731    0  530 1138.60895  976.39731  14.2%     -   49s
     0     0  980.68525    0  518 1138.60895  980.68525  13.9%     -   54s
     0     0  980.68525    0  475 1138.60895  980.68525  13.9%     -   59s
     0     0  980.68525    0  507 1138.60895  980.68525  13.9%     -   63s
     0     0  980.68525    0  535 1138.60895  980.68525  13.9%     -   73s
     0     0  982.93202    0  545 1138.60895  982.93202  13.7%     -   79s
     0     0  982.93772    0  546 1138.60895  982.93772  13.7%     -   79s
     0     0  982.93790    0  547 1138.60895  982.93790  13.7%     -   79s
     0     0  984.74798    0  553 1138.60895  984.74798  13.5%     -   81s
     0     0  984.98025    0  550 1138.60895  984.98025  13.5%     -   82s
     0     0  985.11251    0  550 1138.60895  985.11251  13.5%     -   83s
     0     0  985.11251    0  552 1138.60895  985.11251  13.5%     -   83s
     0     0  994.11725    0  564 1138.60895  994.11725  12.7%     -   87s
     0     0  994.24754    0  567 1138.60895  994.24754  12.7%     -   92s
     0     0  994.24923    0  566 1138.60895  994.24923  12.7%     -   92s
     0     0  997.37598    0  536 1138.60895  997.37598  12.4%     -   96s
     0     0 1000.31437    0  503 1138.60895 1000.31437  12.1%     -   96s
     0     0 1000.32932    0  504 1138.60895 1000.32932  12.1%     -   96s
     0     0 1008.39106    0  533 1138.60895 1008.39106  11.4%     -   97s
     0     0 1008.51315    0  536 1138.60895 1008.51315  11.4%     -   98s
     0     0 1008.51315    0  536 1138.60895 1008.51315  11.4%     -   98s
     0     0 1009.66308    0  531 1138.60895 1009.66308  11.3%     -   99s
     0     0 1013.13740    0  528 1138.60895 1013.13740  11.0%     -  100s
     0     0 1013.14304    0  531 1138.60895 1013.14304  11.0%     -  100s
     0     0 1013.18693    0  527 1138.60895 1013.18693  11.0%     -  101s
     0     0 1013.18693    0  484 1138.60895 1013.18693  11.0%     -  105s
     0     0 1013.18693    0  516 1138.60895 1013.18693  11.0%     -  115s
     0     0 1013.18693    0  519 1138.60895 1013.18693  11.0%     -  124s
     0     0 1013.18693    0  496 1138.60895 1013.18693  11.0%     -  124s
     0     0 1013.18693    0  512 1138.60895 1013.18693  11.0%     -  124s
     0     0 1013.18693    0  528 1138.60895 1013.18693  11.0%     -  124s
     0     0 1013.18693    0  531 1138.60895 1013.18693  11.0%     -  124s
     0     0 1013.18701    0  534 1138.60895 1013.18701  11.0%     -  124s
     0     0 1014.47300    0  533 1138.60895 1014.47300  10.9%     -  125s
     0     0 1014.47961    0  534 1138.60895 1014.47961  10.9%     -  125s
     0     0 1014.47961    0  534 1138.60895 1014.47961  10.9%     -  125s
     0     0 1014.62490    0  557 1138.60895 1014.62490  10.9%     -  126s
     0     0 1014.62499    0  557 1138.60895 1014.62499  10.9%     -  126s
     0     0 1029.87752    0  538 1138.60895 1029.87752  9.55%     -  128s
     0     0 1029.90710    0  536 1138.60895 1029.90710  9.55%     -  128s
     0     0 1029.90808    0  537 1138.60895 1029.90808  9.55%     -  128s
     0     0 1031.37789    0  540 1138.60895 1031.37789  9.42%     -  130s
     0     0 1031.45162    0  542 1138.60895 1031.45162  9.41%     -  131s
     0     0 1031.45162    0  545 1138.60895 1031.45162  9.41%     -  131s
     0     0 1031.56807    0  546 1138.60895 1031.56807  9.40%     -  132s
     0     0 1031.58631    0  540 1138.60895 1031.58631  9.40%     -  132s
     0     0 1031.58631    0  540 1138.60895 1031.58631  9.40%     -  132s
     0     0 1031.63052    0  542 1138.60895 1031.63052  9.40%     -  133s
     0     0 1031.65659    0  540 1138.60895 1031.65659  9.39%     -  133s
     0     0 1031.65914    0  542 1138.60895 1031.65914  9.39%     -  133s
     0     0 1031.92117    0  539 1138.60895 1031.92117  9.37%     -  134s
     0     0 1031.94113    0  546 1138.60895 1031.94113  9.37%     -  134s
     0     0 1031.94368    0  545 1138.60895 1031.94368  9.37%     -  134s
     0     0 1031.94871    0  548 1138.60895 1031.94871  9.37%     -  135s
     0     0 1031.96687    0  550 1138.60895 1031.96687  9.37%     -  135s
     0     0 1032.25696    0  549 1138.60895 1032.25696  9.34%     -  136s
     0     0 1032.27451    0  541 1138.60895 1032.27451  9.34%     -  136s
     0     0 1032.27483    0  546 1138.60895 1032.27483  9.34%     -  136s
     0     0 1032.59322    0  544 1138.60895 1032.59322  9.31%     -  137s
     0     0 1032.59443    0  549 1138.60895 1032.59443  9.31%     -  137s
     0     0 1032.66965    0  543 1138.60895 1032.66965  9.30%     -  138s
     0     0 1032.67402    0  550 1138.60895 1032.67402  9.30%     -  138s
     0     0 1032.70482    0  547 1138.60895 1032.70482  9.30%     -  139s
     0     0 1032.70482    0  547 1138.60895 1032.70482  9.30%     -  139s
     0     0 1032.70482    0  538 1138.60895 1032.70482  9.30%     -  141s
     0     2 1039.11771    0  538 1138.60895 1039.11771  8.74%     -  145s
   100   113 1053.45173   17  448 1138.60895 1039.11771  8.74%   241  150s
   243   260 1075.54612   38  419 1138.60895 1039.11771  8.74%   206  155s
   353   372 1083.31892   55  436 1138.60895 1039.11771  8.74%   205  160s
   386   403 1094.31373   66  448 1138.60895 1039.11771  8.74%   314  165s
   424   439 1099.34821   73  468 1138.60895 1039.11771  8.74%   369  170s
   490   538 1137.64295  100  158 1138.60895 1039.11771  8.74%   420  175s
   597   607 1041.47616    6  507 1138.60895 1039.11771  8.74%   370  180s
   713   696 1058.56662   24  479 1138.60895 1039.11771  8.74%   372  186s
   737   715 1060.89791   25  478 1138.60895 1039.11771  8.74%   385  190s
   764   726 1066.69281   34  467 1138.60895 1039.11771  8.74%   376  197s
   813   793 1068.14557   36  465 1138.60895 1039.11771  8.74%   355  201s
   956   935 1079.45544   74  451 1138.60895 1039.11771  8.74%   344  205s
  1015  1000 1084.04535   85  433 1138.60895 1039.11771  8.74%   377  213s
  1060  1001 1118.74531   84  516 1138.60895 1039.11771  8.74%   374  232s
  1062  1002 1072.87346   37  474 1138.60895 1039.11771  8.74%   373  237s
  1063  1003 1069.44798   55  545 1138.60895 1039.11771  8.74%   373  243s
  1064  1004 1069.09425   41  527 1138.60895 1039.11771  8.74%   373  247s
  1069  1007 1114.55891  100  553 1138.60895 1039.11771  8.74%   371  251s
  1073  1010 1060.79863   25  538 1138.60895 1040.58072  8.61%   369  259s
  1074  1010 1125.95351  176  538 1138.60895 1045.54430  8.17%   369  262s
  1075  1014 1045.54430   14  533 1138.60895 1045.54430  8.17%   461  266s
  1085  1030 1047.14361   17  524 1138.60895 1045.54430  8.17%   462  271s
  1146  1069 1096.74914   23  202 1138.60895 1045.54430  8.17%   471  275s
  1242  1110 1108.59100   33  139 1138.60895 1045.54430  8.17%   461  280s
H 1283  1075                    1138.6089434 1045.54430  8.17%   462  282s
  1312  1101 1115.48722   38  141 1138.60894 1045.54430  8.17%   469  285s
  1409  1124 1112.07254   44  111 1138.60894 1045.54430  8.17%   464  290s
  1440  1139 1125.56684   46  124 1138.60894 1045.54430  8.17%   473  295s
H 1441  1091                    1138.6089433 1045.54430  8.17%   472  295s

Cutting planes:
  Gomory: 8
  Cover: 14
  Implied bound: 110
  Projected implied bound: 10
  Clique: 13
  MIR: 70
  Mixing: 1
  Flow cover: 91
  GUB cover: 1
  Zero half: 43
  Mod-K: 2
  Network: 3
  RLT: 4
  Relax-and-lift: 75
  BQP: 1

Explored 1528 nodes (1180448 simplex iterations) in 300.01 seconds (821.48 work units)
Thread count was 4 (of 32 available processors)

Solution count 10: 1138.61 1138.86 1148.27 ... 1281.6

Time limit reached
Best objective 1.138608943253e+03, best bound 1.045544303400e+03, gap 8.1735%

User-callback calls 53445, time in user-callback 0.01 sec
Cap boundary reject: PORT-591 real=1132.122 baseline=1132.122
Cap boundary debug: PORT-591 -> [346 345 344 343 342 341 316 287 286 285 552 551 550 547 549 563 564 565 566 567 568 569 570 571 576 527 435 437 440 441 442 443 444 506 505 465 458 457 456 455 454 453 452 451 450 449 448 438 436 512 513] -> PORT-593 -> [514 577 574 573 572 534 535 536 537 538 539 544 540 543 542 541 545 546 548 553 554 562 561 560 559 558 555 284 283 282 556 557 281 280 279 278 277 276 575] -> PORT-591 | load_left=43309 load_right=43469 cap=45000
Set parameter Username
Set parameter LicenseID to value 2738882
Academic license - for non-commercial use only - expires 2026-11-14
Set parameter TimeLimit to value 300
Set parameter Seed to value 767613112
Set parameter Threads to value 4
Set parameter OutputFlag to value 1
Set parameter LogToConsole to value 1
Set parameter LazyConstraints to value 1
Gurobi Optimizer version 13.0.0 build v13.0.0rc1 (linux64 - "Debian GNU/Linux 13 (trixie)")

CPU model: AMD Ryzen 9 5950X 16-Core Processor, instruction set [SSE2|AVX|AVX2]
Thread count: 16 physical cores, 32 logical processors, using up to 4 threads

Non-default parameters:
TimeLimit  300
Seed  767613112
Threads  4
LazyConstraints  1

Optimize a model with 35682 rows, 101568 columns and 203124 nonzeros (Min)
Model fingerprint: 0x27f8c27a
Model has 33488 linear objective coefficients
Variable types: 67712 continuous, 33856 integer (33856 binary)
Coefficient statistics:
  Matrix range     [1e+00, 4e+04]
  Objective range  [6e-01, 1e+05]
  Bounds range     [1e+00, 4e+04]
  RHS range        [1e+00, 1e+04]
Presolve removed 2014 rows and 35048 columns
Presolve time: 0.32s
Presolved: 33668 rows, 66520 columns, 199133 nonzeros
Variable types: 32940 continuous, 33580 integer (33580 binary)
Root relaxation presolved: 33668 rows, 66520 columns, 199133 nonzeros

Deterministic concurrent LP optimizer: primal and dual simplex
Showing primal log only...

Concurrent spin time: 0.00s

Solved with primal simplex

Root relaxation: objective 6.198269e+02, 50277 iterations, 2.12 seconds (4.10 work units)

    Nodes    |    Current Node    |     Objective Bounds      |     Work
 Expl Unexpl |  Obj  Depth IntInf | Incumbent    BestBd   Gap | It/Node Time

     0     0  619.82687    0  318          -  619.82687      -     -    2s
     0     0  619.82687    0  318          -  619.82687      -     -    5s
H    0     0                    3467.6251887  619.82687  82.1%     -    7s
H    0     0                    1272.3212638  619.82687  51.3%     -    7s
H    0     0                    1168.0063295  619.82687  46.9%     -    7s
H    0     0                    1128.0707364  619.82687  45.1%     -    7s
H    0     0                    1100.5727178  619.82687  43.7%     -    8s
H    0     0                    1071.4767698  619.82687  42.2%     -    9s
H    0     0                    1064.6593326  619.82687  41.8%     -    9s
H    0     0                    1063.0288185  619.82687  41.7%     -   10s
H    0     0                    1063.0288145  619.82687  41.7%     -   10s
H    0     0                    1055.6489490  619.82687  41.3%     -   11s
H    0     0                    1055.3982086  619.82687  41.3%     -   11s
H    0     0                    1022.9559214  619.82687  39.4%     -   12s
H    0     0                    1014.0748223  619.82687  38.9%     -   13s
     0     0  812.14825    0  329 1014.07482  812.14825  19.9%     -   15s
     0     0  813.96931    0  351 1014.07482  813.96931  19.7%     -   18s
H    0     0                    1008.9000208  814.01064  19.3%     -   18s
H    0     0                     997.0438604  814.01064  18.4%     -   19s
H    0     0                     994.4485515  814.01064  18.1%     -   20s
H    0     0                     994.0820426  814.01064  18.1%     -   20s
H    0     0                     987.7996712  814.01064  17.6%     -   20s
H    0     0                     977.3578135  814.01064  16.7%     -   21s
H    0     0                     962.8683889  814.01064  15.5%     -   21s
H    0     0                     961.4263981  814.01064  15.3%     -   21s
H    0     0                     958.6622628  814.01064  15.1%     -   23s
H    0     0                     951.9379625  814.01064  14.5%     -   23s
H    0     0                     948.9253914  814.01064  14.2%     -   23s
     0     0  814.01064    0  350  948.92539  814.01064  14.2%     -   24s
     0     0  814.01064    0  350  948.92539  814.01064  14.2%     -   24s
     0     0  814.60930    0  408  948.92539  814.60930  14.2%     -   26s
     0     0  814.60930    0  331  948.92539  814.60930  14.2%     -   29s
H    0     0                     946.9757582  814.60930  14.0%     -   29s
     0     0  816.76824    0  355  946.97576  816.76824  13.7%     -   33s
H    0     0                     946.9757580  816.77192  13.7%     -   39s
     0     0  817.02112    0  365  946.97576  817.02112  13.7%     -   39s
     0     0  817.02112    0  364  946.97576  817.02112  13.7%     -   39s
     0     0  817.17581    0  389  946.97576  817.17581  13.7%     -   40s
     0     0  817.20914    0  394  946.97576  817.20914  13.7%     -   41s
     0     0  817.66281    0  394  946.97576  817.66281  13.7%     -   41s
     0     0  818.50299    0  397  946.97576  818.50299  13.6%     -   41s
     0     0  818.50311    0  397  946.97576  818.50311  13.6%     -   41s
     0     0  824.25424    0  381  946.97576  824.25424  13.0%     -   45s
     0     0  824.25904    0  383  946.97576  824.25904  13.0%     -   45s
     0     0  824.25912    0  385  946.97576  824.25912  13.0%     -   45s
     0     0  825.10794    0  412  946.97576  825.10794  12.9%     -   49s
     0     0  825.12880    0  412  946.97576  825.12880  12.9%     -   50s
     0     0  825.12880    0  412  946.97576  825.12880  12.9%     -   50s
     0     0  825.73681    0  409  946.97576  825.73681  12.8%     -   51s
     0     0  825.74743    0  408  946.97576  825.74743  12.8%     -   52s
     0     0  825.74743    0  411  946.97576  825.74743  12.8%     -   52s
     0     0  826.50550    0  414  946.97576  826.50550  12.7%     -   54s
     0     0  826.50615    0  415  946.97576  826.50615  12.7%     -   54s
     0     0  828.18592    0  381  946.97576  828.18592  12.5%     -   56s
     0     0  828.78404    0  418  946.97576  828.78404  12.5%     -   57s
     0     0  828.78897    0  420  946.97576  828.78897  12.5%     -   57s
     0     0  828.78898    0  423  946.97576  828.78898  12.5%     -   57s
     0     0  829.65657    0  416  946.97576  829.65657  12.4%     -   58s
     0     0  829.80290    0  425  946.97576  829.80290  12.4%     -   58s
     0     0  829.80826    0  428  946.97576  829.80826  12.4%     -   58s
     0     0  829.81331    0  427  946.97576  829.81331  12.4%     -   58s
     0     0  829.82965    0  426  946.97576  829.82965  12.4%     -   59s
     0     0  829.83087    0  426  946.97576  829.83087  12.4%     -   59s
     0     0  829.85848    0  423  946.97576  829.85848  12.4%     -   60s
     0     0  829.85904    0  425  946.97576  829.85904  12.4%     -   60s
     0     0  830.09970    0  424  946.97576  830.09970  12.3%     -   61s
     0     0  830.09976    0  431  946.97576  830.09976  12.3%     -   61s
     0     0  830.50291    0  440  946.97576  830.50291  12.3%     -   63s
     0     0  830.52208    0  446  946.97576  830.52208  12.3%     -   63s
     0     0  830.52212    0  444  946.97576  830.52212  12.3%     -   63s
     0     0  831.84721    0  437  946.97576  831.84721  12.2%     -   64s
     0     0  831.86949    0  445  946.97576  831.86949  12.2%     -   66s
     0     0  831.87507    0  450  946.97576  831.87507  12.2%     -   66s
     0     0  831.87539    0  453  946.97576  831.87539  12.2%     -   67s
     0     0  831.98950    0  432  946.97576  831.98950  12.1%     -   68s
     0     0  832.08593    0  428  946.97576  832.08593  12.1%     -   70s
     0     0  832.08636    0  432  946.97576  832.08636  12.1%     -   70s
     0     0  832.26440    0  432  946.97576  832.26440  12.1%     -   71s
     0     0  832.26621    0  419  946.97576  832.26621  12.1%     -   72s
     0     0  832.27835    0  428  946.97576  832.27835  12.1%     -   73s
     0     0  832.28100    0  424  946.97576  832.28100  12.1%     -   73s
     0     0  832.29838    0  438  946.97576  832.29838  12.1%     -   74s
     0     0  832.31175    0  438  946.97576  832.31175  12.1%     -   75s
     0     0  832.31175    0  425  946.97576  832.31175  12.1%     -   75s
     0     2  832.31175    0  424  946.97576  832.31175  12.1%     -   83s
     3     8  835.04982    2  422  946.97576  834.85796  11.8%  3451   86s
    25    31  837.50184    5  424  946.97576  835.24515  11.8%  1320   90s
    37    51  841.11563    6  414  946.97576  835.24515  11.8%  1337   96s
H   80    85                     944.0615334  835.24515  11.5%  1008  100s
   128   140  844.48442   13  373  944.06153  835.24515  11.5%   852  107s
   144   149  847.48440   14  370  944.06153  835.24515  11.5%  1017  111s
   157   168  850.67542   16  362  944.06153  835.24515  11.5%  1078  118s
   167   180  851.33764   17  333  944.06153  835.24515  11.5%  1066  120s
H  169   180                     943.1941364  835.24515  11.4%  1070  120s
H  179   183                     941.1107712  835.24515  11.2%  1015  124s
   182   209  851.71991   18  331  941.11077  835.24515  11.2%   999  126s
   228   267  854.97300   31  329  941.11077  835.24515  11.2%   851  131s
H  297   300                     941.0578356  835.24515  11.2%   683  135s
H  300   300                     932.7472366  835.24515  10.5%   677  135s
   379   428  874.87322   83  324  932.74724  835.24515  10.5%   568  141s
   429   463  907.19183   93  295  932.74724  835.24515  10.5%   526  145s
   575   614  882.73396  120  295  932.74724  835.56961  10.4%   501  150s
H  591   612                     928.6893006  835.56961  10.0%   490  150s
   691   715  888.69924  152  312  928.68930  835.56961  10.0%   480  156s
   776   800  893.05802  167  309  928.68930  835.56961  10.0%   465  160s
   889   869  901.01052  206  276  928.68930  836.92134  9.88%   451  165s
  1003  1051  903.05247  230  292  928.68930  836.92134  9.88%   467  171s
  1174  1262  904.40194  260  270  928.68930  836.92134  9.88%   445  176s
H 1316  1312                     926.8549385  836.92134  9.70%   420  180s
H 1326  1253                     919.4200852  836.92134  8.97%   426  180s
  1369  1250  908.31456  234  408  919.42009  836.92134  8.97%   415  201s
  1371  1251  899.29795  132  330  919.42009  836.92134  8.97%   415  208s
  1372  1252  870.06016   52  380  919.42009  836.92134  8.97%   414  213s
  1375  1254  895.83982  169  436  919.42009  836.92134  8.97%   413  215s
  1381  1258  907.91202   94  448  919.42009  836.92134  8.97%   412  221s
  1387  1262  875.68807   91  441  919.42009  841.09823  8.52%   410  225s
  1393  1266  908.03757  239  447  919.42009  841.44318  8.48%   408  232s
H 1393  1202                     916.6975140  841.44318  8.21%   408  233s
  1395  1206  842.98341   10  394  916.69751  842.18240  8.13%   464  235s
  1436  1239  851.45503   16  392  916.69751  843.25528  8.01%   462  242s
H 1462  1191                     916.6975134  843.25528  8.01%   469  244s
  1465  1198  858.52099   19  348  916.69751  843.25528  8.01%   471  245s
H 1488  1152                     916.6975132  843.25528  8.01%   471  249s
  1494  1155  869.08605   21  354  916.69751  843.25528  8.01%   473  250s
  1528  1179  864.17639   25  341  916.69751  843.25528  8.01%   474  255s
  1545  1189  866.58883   27  311  916.69751  843.25528  8.01%   482  260s
  1571  1212  866.85029   29  309  916.69751  843.25528  8.01%   478  266s
  1604  1237  871.61706   33  297  916.69751  843.25528  8.01%   472  270s
  1647  1263  872.59733   36  275  916.69751  843.25528  8.01%   467  275s
  1688  1287  884.67217   41  267  916.69751  843.25528  8.01%   461  280s
  1770  1292  892.21408   52  257  916.69751  843.25528  8.01%   455  286s
  1819  1319  887.97294   57  265  916.69751  843.55431  7.98%   455  290s
  1854  1327  898.35200   62  224  916.69751  843.55431  7.98%   460  295s

Cutting planes:
  Gomory: 9
  Cover: 5
  Implied bound: 111
  Projected implied bound: 6
  MIR: 82
  Flow cover: 79
  GUB cover: 1
  Zero half: 41
  Network: 1
  RLT: 3
  Relax-and-lift: 61
  BQP: 1

Explored 1907 nodes (1066675 simplex iterations) in 300.00 seconds (990.45 work units)
Thread count was 4 (of 32 available processors)

Solution count 10: 916.698 916.698 919.42 ... 944.062

Time limit reached
Best objective 9.166975132193e+02, best bound 8.449758438612e+02, gap 7.8239%

User-callback calls 57964, time in user-callback 0.01 sec
Cap boundary opt: PORT-593 stations=90 obj=916.698 real=916.698 baseline=923.216
Set parameter Username
Set parameter LicenseID to value 2738882
Academic license - for non-commercial use only - expires 2026-11-14
Segment 1 eval: start=BOAT-0 end=PORT-583 stations=50 (optimize)
  Segment 1 order: -501 -500 -499 -498 -497 -496 -495 112 113 -494 114 -275 -111 -274 -107 -106 -105 104 -103 -102 -101 108 109 110 -273 -272 271 253 252 249 -248 -247 -245 -244 -243 -238 237 -215 -214 213 -192 218 -191 219 -190 -223 222 -230 -134 -133
Segment 2 eval: start=PORT-583 end=PORT-581 stations=58 (optimize)
  Segment 2 order: -132 -181 -180 -229 -231 232 233 234 -235 -227 228 -179 -135 136 152 153 154 174 175 -176 -177 171 168 -165 166 -164 -162 -161 -160 159 163 167 172 173 155 156 157 158 -150 -149 -148 -147 -146 -145 -144 -142 -9 -8 -141 -140 -139 151 -138 -137 -2 90 -94 -92
Segment 3 eval: start=PORT-581 end=PORT-591 stations=80 (optimize)
  Segment 3 order: 56 55 -54 -53 -52 -51 -50 -49 -48 -39 -38 -37 66 67 68 69 -36 -35 -32 -31 -29 -27 26 28 30 -33 -34 41 42 43 44 45 46 -40 47 396 397 -398 -395 -394 -393 -392 -391 -390 -389 -388 -387 402 -403 385 -384 -383 -382 -414 -413 412 -409 408 -410 411 380 378 -379 -377 -376 -375 374 -373 -372 -371 -370 369 359 360 -358 -353 -350 -349 -326 328
Segment 4 eval: start=PORT-591 end=PORT-593 stations=52 (optimize)
  Segment 4 order: -346 -345 -344 -343 -342 -341 -316 283 -284 555 558 559 -560 561 562 563 564 565 566 567 568 569 570 571 573 576 -527 435 438 448 449 450 451 452 453 454 455 456 457 458 465 505 506 -444 -443 -442 -441 440 437 436 512 513
Segment 5 eval: start=PORT-593 end=PORT-591 stations=38 (optimize)
  Segment 5 order: 514 -575 577 -574 -572 534 535 -536 537 538 539 544 -540 -543 -542 -541 545 546 547 548 549 -554 553 550 551 552 285 286 287 -282 556 -557 -281 -280 -279 -278 -277 -276
Segment 6 eval: start=PORT-591 end=PORT-583 stations=115 (optimize)
  Segment 6 order: -347 333 334 335 336 337 338 339 340 -317 -315 -314 -288 289 290 291 -295 296 297 306 -305 -298 299 300 301 302 304 -303 307 -294 -293 292 -310 -309 311 312 -313 318 319 320 321 323 324 325 -327 329 330 331 332 348 -361 -362 -363 -364 365 367 368 -426 -381 -425 417 -424 422 423 -421 -420 -419 -418 -416 415 404 405 406 -407 -399 -400 401 386 -62 -61 -60 58 -59 -57 -64 63 -65 71 74 -73 -72 -75 76 70 77 78 -79 80 81 82 83 84 85 -86 87 -88 89 -91 95 96 -24 -23 -22 169 170
Segment 7 eval: start=PORT-583 end=PORT-588 stations=40 (optimize)
  Segment 7 order: 97 98 99 100 -246 -242 241 -240 -239 -236 221 220 -216 -212 -211 210 -208 250 251 -207 -205 -202 203 204 -131 -129 130 -256 257 259 258 -128 -127 126 -125 -124 -264 268 269 270
Segment 8 eval: start=PORT-588 end=PORT-581 stations=47 (optimize)
  Segment 8 order: 118 119 -120 121 122 473 481 -480 469 470 -471 472 123 -266 -267 -265 -263 -262 -261 260 254 255 -206 209 -201 200 -199 -198 -197 -196 -195 -194 -193 -217 -189 -188 224 -225 -187 -186 -185 -184 183 182 226 178 13
Segment 9 eval: start=PORT-581 end=PORT-591 stations=34 (optimize)
  Segment 9 order: -93 -25 -5 -4 -3 -1 117 -116 115 476 477 478 479 483 467 -466 474 475 -7 -6 10 11 143 12 -14 15 16 17 18 -21 19 20 357 -366
Segment 10 eval: start=PORT-591 end=PORT-593 stations=23 (optimize)
  Segment 10 order: -356 -355 354 -352 -351 -322 -308 -533 -532 -531 -530 -529 528 -526 524 525 578 579 580 -523 -522 -521 -517
Segment 11 eval: start=PORT-593 end=PORT-584 stations=33 (optimize)
  Segment 11 order: 515 516 519 -520 -518 -427 428 429 430 431 432 433 -434 447 -446 -445 439 -511 -510 -509 -508 -507 -504 -503 -488 -487 489 -482 493 -492 -491 -490 -502
Segment 12 eval: start=PORT-584 end=PORT-584 stations=0 (direct)
Segment 13 eval: start=PORT-584 end=BOAT-END stations=10 (optimize)
  Segment 13 order: -485 -461 -460 -459 -468 -464 -463 -484 462 -486
Cap boundary debug: PORT-593 -> [514 575 577 574 572 534 535 536 537 538 539 544 540 543 542 541 545 546 547 548 549 554 553 550 551 552 285 286 287 282 556 557 281 280 279 278 277 276] -> PORT-591 -> [347 332 331 330 329 327 325 324 323 321 320 319 318 317 314 315 288 289 290 291 293 294 307 306 305 304 303 302 301 300 299 298 297 296 295 292 310 309 311 312 313 340 339 338 337 336 335 334 333 348 361 362 363 364 365 367 368 426 381 425 424 422 423 421 420 419 418 417 416 415 404 405 406 407 399 400 401 386 62 61 60 58 59 57 64 63 65 71 74 73 72 75 76 70 77 78 79 80 81 88 87 86 85 84 83 82 89 91 95 96 24 23 22 169 170] -> PORT-583 | load_left=42790 load_right=44658 cap=45000
Set parameter Username
Set parameter LicenseID to value 2738882
Academic license - for non-commercial use only - expires 2026-11-14
Set parameter TimeLimit to value 300
Set parameter Seed to value 1178599309
Set parameter Threads to value 4
Set parameter OutputFlag to value 1
Set parameter LogToConsole to value 1
Set parameter LazyConstraints to value 1
Gurobi Optimizer version 13.0.0 build v13.0.0rc1 (linux64 - "Debian GNU/Linux 13 (trixie)")

CPU model: AMD Ryzen 9 5950X 16-Core Processor, instruction set [SSE2|AVX|AVX2]
Thread count: 16 physical cores, 32 logical processors, using up to 4 threads

Non-default parameters:
TimeLimit  300
Seed  1178599309
Threads  4
LazyConstraints  1

Optimize a model with 99186 rows, 288300 columns and 576588 nonzeros (Min)
Model fingerprint: 0xb71a8cee
Model has 95480 linear objective coefficients
Variable types: 192200 continuous, 96100 integer (96100 binary)
Coefficient statistics:
  Matrix range     [1e+00, 4e+04]
  Objective range  [4e-01, 1e+05]
  Bounds range     [1e+00, 4e+04]
  RHS range        [1e+00, 1e+04]
Presolve removed 3400 rows and 98111 columns
Presolve time: 0.68s
Presolved: 95786 rows, 190189 columns, 570937 nonzeros
Variable types: 94554 continuous, 95635 integer (95635 binary)
Root relaxation presolved: 95787 rows, 190189 columns, 585577 nonzeros

Deterministic concurrent LP optimizer: primal simplex, dual simplex, and barrier
Showing barrier log only...

Root barrier log...

Ordering time: 0.06s

Barrier statistics:
 AA' NZ     : 5.875e+05
 Factor NZ  : 1.262e+06 (roughly 130 MB of memory)
 Factor Ops : 6.378e+08 (less than 1 second per iteration)
 Threads    : 2

                  Objective                Residual
Iter       Primal          Dual         Primal    Dual     Compl     Time
   0   3.15940247e+10 -5.98310884e+13  2.77e+05 1.46e-11  2.12e+08     1s
   1   1.41588535e+10 -4.05343616e+13  1.24e+05 2.73e+04  1.21e+08     1s
   2   9.75746917e+09 -2.06385471e+12  8.56e+04 9.31e-10  2.58e+07     2s
   3   4.66898943e+09 -9.93525422e+11  4.10e+04 8.73e-10  1.21e+07     2s
   4   1.49167499e+09 -7.13777150e+11  1.31e+04 8.39e-10  4.67e+06     2s
   5   1.80002438e+08 -4.79763357e+11  1.55e+03 7.98e-10  1.38e+06     2s
   6   1.16682460e+07 -1.18458744e+11  7.06e+01 5.60e-10  2.63e+05     2s
   7   6.93546671e+06 -1.75375464e+10  2.87e+01 4.61e-09  4.03e+04     2s
   8   6.76065982e+06 -1.62986692e+10  2.70e+01 7.25e-09  3.74e+04     2s
   9   5.99785891e+06 -1.38854824e+10  1.99e+01 5.95e-09  3.13e+04     2s
  10   5.69168259e+06 -1.07194667e+10  1.71e+01 4.56e-08  2.41e+04     2s
  11   5.23119585e+06 -7.35655594e+09  1.33e+01 3.97e-08  1.61e+04     2s
  12   4.55285212e+06 -4.97397911e+09  8.52e+00 4.34e-08  1.08e+04     2s
  13   4.20725265e+06 -1.19993326e+09  5.52e+00 3.11e-08  2.60e+03     2s
  14   3.63910262e+06 -2.10224577e+08  1.14e+00 2.19e-08  4.54e+02     2s
  15   3.40522770e+06 -8.24952135e+07  4.92e-01 2.83e-08  1.82e+02     2s
  16   2.92803687e+06 -6.11020002e+07  2.36e-01 1.73e-08  1.35e+02     2s
  17   1.58465079e+06 -3.35065078e+07  3.22e-04 2.86e-08  7.39e+01     2s
  18   6.96409691e+05 -7.98893645e+06  1.90e-05 2.50e-08  1.83e+01     2s
  19   1.12909894e+05 -6.52610637e+05  6.46e-07 4.20e-08  1.61e+00     3s
  20   3.02195373e+04 -2.08052108e+05  3.43e-09 2.36e-08  5.02e-01     3s
  21   2.22275955e+04 -9.38110415e+04  1.49e-09 3.24e-08  2.44e-01     3s
  22   1.41853480e+04 -4.61892553e+04  3.29e-09 4.81e-08  1.27e-01     3s
  23   8.54448640e+03 -1.02697989e+04  2.80e-09 3.94e-08  3.96e-02     3s
  24   6.00903025e+03 -7.02609537e+03  2.64e-09 2.92e-08  2.74e-02     3s
  25   5.34212949e+03 -5.78192811e+03  2.01e-09 2.74e-08  2.34e-02     3s
  26   2.65564387e+03 -3.15989843e+03  4.33e-09 3.63e-08  1.22e-02     3s
  27   2.07014484e+03 -9.54604363e+02  2.51e-09 3.25e-08  6.37e-03     3s
  28   1.55265224e+03  1.78344170e+02  3.98e-09 4.14e-08  2.89e-03     3s
  29   1.35944165e+03  9.72157870e+02  9.07e-10 2.89e-08  8.15e-04     3s
  30   1.29725542e+03  1.15308396e+03  1.77e-09 3.30e-08  3.04e-04     3s
  31   1.28435184e+03  1.22181517e+03  4.65e-09 3.94e-08  1.32e-04     3s
  32   1.27307368e+03  1.25097922e+03  5.62e-09 2.31e-08  4.65e-05     3s
  33   1.26960586e+03  1.26255338e+03  1.61e-09 3.02e-08  1.48e-05     3s
  34   1.26800806e+03  1.26511523e+03  7.03e-09 2.99e-08  6.09e-06     4s
  35   1.26752126e+03  1.26592807e+03  2.98e-09 4.27e-08  3.35e-06     4s
  36   1.26713947e+03  1.26698586e+03  1.34e-08 2.78e-08  3.23e-07     4s
  37   1.26710064e+03  1.26709706e+03  3.87e-09 3.29e-08  7.53e-09     4s
  38   1.26709879e+03  1.26709875e+03  1.20e-08 2.80e-08  9.66e-11     4s
  39   1.26709879e+03  1.26709877e+03  1.03e-08 3.59e-08  3.25e-11     4s
  40   1.26709879e+03  1.26709877e+03  2.07e-09 3.41e-08  1.11e-11     4s

Barrier solved model in 40 iterations and 3.99 seconds (5.51 work units)
Optimal objective 1.26709879e+03

Crossover time: 0.29 seconds (0.53 work units)
Concurrent spin time: 0.01s

Solved with barrier

Root relaxation: objective 1.267099e+03, 45190 iterations, 3.20 seconds (3.81 work units)

    Nodes    |    Current Node    |     Objective Bounds      |     Work
 Expl Unexpl |  Obj  Depth IntInf | Incumbent    BestBd   Gap | It/Node Time

     0     0 1267.09879    0  493          - 1267.09879      -     -    8s
     0     0 1267.67696    0  566          - 1267.67696      -     -   15s
     0     0 1268.58263    0  570          - 1268.58263      -     -   28s
     0     0 1270.02674    0  575          - 1270.02674      -     -   34s
     0     0 1275.11886    0  556          - 1275.11886      -     -   45s
H    0     0                    2998.5141763 1275.36030  57.5%     -   51s
H    0     0                    2659.0974287 1275.36030  52.0%     -   52s
H    0     0                    2575.0022696 1275.36030  50.5%     -   53s
H    0     0                    2570.3341097 1275.36030  50.4%     -   55s
H    0     0                    2567.5406767 1275.36030  50.3%     -   55s
H    0     0                    2565.3402442 1275.36030  50.3%     -   56s
H    0     0                    2563.1674733 1275.36030  50.2%     -   57s
H    0     0                    2562.2093375 1275.36030  50.2%     -   57s
H    0     0                    2529.6358412 1275.36030  49.6%     -   61s
H    0     0                    2528.0060108 1275.36030  49.6%     -   62s
     0     0 1275.38179    0  553 2528.00601 1275.38179  49.5%     -   63s
     0     0 1275.38179    0  559 2528.00601 1275.38179  49.5%     -   63s
     0     0 1276.50111    0  590 2528.00601 1276.50111  49.5%     -   74s
     0     0 1276.50111    0  482 2528.00601 1276.50111  49.5%     -   87s
H    0     0                    1875.9522437 1276.50111  32.0%     -  130s
     0     0 1276.50111    0  558 1875.95224 1276.50111  32.0%     -  139s
H    0     0                    1867.2409993 1276.50111  31.6%     -  141s
H    0     0                    1756.5663188 1276.50111  27.3%     -  141s
H    0     0                    1748.0883979 1276.50111  27.0%     -  143s
H    0     0                    1742.1709372 1276.50111  26.7%     -  144s
H    0     0                    1738.9936507 1276.50111  26.6%     -  145s
H    0     0                    1738.9707864 1276.50111  26.6%     -  145s
H    0     0                    1735.0755577 1276.50111  26.4%     -  146s
H    0     0                    1732.8565525 1276.50111  26.3%     -  147s
H    0     0                    1720.6451024 1276.50111  25.8%     -  148s
     0     0 1276.50111    0  592 1720.64510 1276.50111  25.8%     -  150s
     0     0 1276.50823    0  586 1720.64510 1276.50823  25.8%     -  150s
     0     0 1276.50823    0  579 1720.64510 1276.50823  25.8%     -  150s
     0     0 1277.35329    0  603 1720.64510 1277.35329  25.8%     -  153s
     0     0 1277.35329    0  479 1720.64510 1277.35329  25.8%     -  163s
H    0     0                    1609.5638970 1277.35329  20.6%     -  164s
H    0     0                    1601.6988012 1277.35329  20.3%     -  164s
H    0     0                    1598.2597357 1277.35329  20.1%     -  165s
H    0     0                    1597.3760024 1277.35329  20.0%     -  165s
H    0     0                    1595.5717048 1277.35329  19.9%     -  166s
H    0     0                    1591.6776183 1277.35329  19.7%     -  166s
     0     0 1277.35329    0  586 1591.67762 1277.35329  19.7%     -  171s
H    0     0                    1588.3591231 1277.35329  19.6%     -  172s
H    0     0                    1586.0340572 1277.35329  19.5%     -  173s
H    0     0                    1576.2370740 1277.35329  19.0%     -  174s
     0     0 1278.99334    0  599 1576.23707 1278.99334  18.9%     -  176s
     0     0 1279.38898    0  603 1576.23707 1279.38898  18.8%     -  177s
     0     0 1279.39323    0  602 1576.23707 1279.39323  18.8%     -  177s
     0     0 1285.94902    0  615 1576.23707 1285.94902  18.4%     -  189s
     0     0 1286.56191    0  610 1576.23707 1286.56191  18.4%     -  189s
     0     0 1287.60865    0  603 1576.23707 1287.60865  18.3%     -  195s
H    0     0                    1568.1721005 1287.61178  17.9%     -  196s
H    0     0                    1565.6898484 1287.61178  17.8%     -  197s
H    0     0                    1550.7237258 1287.61178  17.0%     -  198s
H    0     0                    1539.9515849 1287.61178  16.4%     -  198s
     0     0 1287.61178    0  602 1539.95158 1287.61178  16.4%     -  198s
     0     0 1314.70557    0  611 1539.95158 1314.70557  14.6%     -  205s
     0     0 1315.21696    0  606 1539.95158 1315.21696  14.6%     -  206s
     0     0 1315.21696    0  610 1539.95158 1315.21696  14.6%     -  206s
     0     0 1317.89209    0  603 1539.95158 1317.89209  14.4%     -  210s
     0     0 1318.12371    0  601 1539.95158 1318.12371  14.4%     -  210s
     0     0 1318.12371    0  601 1539.95158 1318.12371  14.4%     -  210s
     0     0 1318.36941    0  587 1539.95158 1318.36941  14.4%     -  213s
H    0     0                    1535.5491354 1318.36941  14.1%     -  213s
     0     0 1318.40976    0  601 1535.54914 1318.40976  14.1%     -  215s
     0     0 1318.41066    0  602 1535.54914 1318.41066  14.1%     -  215s
     0     0 1318.49255    0  590 1535.54914 1318.49255  14.1%     -  217s
     0     0 1318.73566    0  593 1535.54914 1318.73566  14.1%     -  218s
     0     0 1318.80137    0  582 1535.54914 1318.80137  14.1%     -  221s
     0     0 1318.80137    0  580 1535.54914 1318.80137  14.1%     -  222s
     0     0 1318.83156    0  615 1535.54914 1318.83156  14.1%     -  223s
H    0     0                    1528.1288797 1319.03757  13.7%     -  224s
H    0     0                    1524.8730608 1319.03757  13.5%     -  225s
H    0     0                    1519.5940852 1319.03757  13.2%     -  227s
H    0     0                    1504.4885104 1319.03757  12.3%     -  227s
H    0     0                    1504.3379603 1319.03757  12.3%     -  227s
H    0     0                    1494.8854050 1319.03757  11.8%     -  228s
H    0     0                    1493.8071401 1319.03757  11.7%     -  229s
H    0     0                    1491.8915655 1319.03757  11.6%     -  229s
H    0     0                    1491.6900073 1319.03757  11.6%     -  229s
     0     0 1319.03757    0  615 1491.69001 1319.03757  11.6%     -  229s
     0     0 1319.94303    0  613 1491.69001 1319.94303  11.5%     -  232s
     0     0 1319.95849    0  615 1491.69001 1319.95849  11.5%     -  232s
     0     0 1319.95849    0  629 1491.69001 1319.95849  11.5%     -  234s
     0     0 1319.95989    0  627 1491.69001 1319.95989  11.5%     -  234s
     0     0 1320.07595    0  635 1491.69001 1320.07595  11.5%     -  237s
     0     0 1320.07661    0  633 1491.69001 1320.07661  11.5%     -  237s
     0     0 1320.34192    0  638 1491.69001 1320.34192  11.5%     -  239s
     0     0 1320.34439    0  639 1491.69001 1320.34439  11.5%     -  241s
     0     0 1321.04052    0  637 1491.69001 1321.04052  11.4%     -  244s
     0     0 1321.10082    0  638 1491.69001 1321.10082  11.4%     -  244s
     0     0 1321.10358    0  641 1491.69001 1321.10358  11.4%     -  245s
     0     0 1321.11160    0  642 1491.69001 1321.11160  11.4%     -  246s
     0     0 1321.11437    0  647 1491.69001 1321.11437  11.4%     -  246s
     0     0 1321.82342    0  645 1491.69001 1321.82342  11.4%     -  249s
H    0     0                    1486.7998287 1321.82342  11.1%     -  273s
     0     0 1321.82500    0  643 1486.79983 1321.82500  11.1%     -  273s
     0     0 1321.87636    0  641 1486.79983 1321.87636  11.1%     -  274s
     0     0 1321.87636    0  639 1486.79983 1321.87636  11.1%     -  274s
     0     0 1322.24609    0  636 1486.79983 1322.24609  11.1%     -  278s
     0     0 1322.28972    0  630 1486.79983 1322.28972  11.1%     -  279s
     0     0 1322.28972    0  636 1486.79983 1322.28972  11.1%     -  279s
     0     0 1322.40642    0  631 1486.79983 1322.40642  11.1%     -  281s
H    0     0                    1484.0040914 1322.40642  10.9%     -  283s
H    0     0                    1483.8819931 1322.40642  10.9%     -  286s
     0     0 1322.56891    0  616 1483.88199 1322.56891  10.9%     -  288s
     0     0 1322.57419    0  625 1483.88199 1322.57419  10.9%     -  288s
     0     0 1322.62692    0  625 1483.88199 1322.62692  10.9%     -  290s
     0     0 1322.62866    0  638 1483.88199 1322.62866  10.9%     -  290s
     0     0 1322.68868    0  637 1483.88199 1322.68868  10.9%     -  294s
     0     0 1322.68876    0  636 1483.88199 1322.68876  10.9%     -  294s
     0     0 1322.83121    0  632 1483.88199 1322.83121  10.9%     -  295s
     0     0 1322.83128    0  633 1483.88199 1322.83128  10.9%     -  296s
     0     0 1322.83128    0  633 1483.88199 1322.83128  10.9%     -  297s
     0     0 1322.83128    0  633 1483.88199 1322.83128  10.9%     -  297s
     0     0 1322.84714    0  632 1483.88199 1322.84714  10.9%     -  298s
     0     0 1322.84714    0  632 1483.88199 1322.84714  10.9%     -  299s
     0     0 1322.84714    0  632 1483.88199 1322.84714  10.9%     -  299s
     0     0 1322.84714    0  632 1483.88199 1322.84714  10.9%     -  300s

Cutting planes:
  Gomory: 1
  Cover: 11
  Implied bound: 144
  Clique: 2
  MIR: 34
  Flow cover: 140
  Zero half: 42
  Network: 6
  RLT: 4
  Relax-and-lift: 196
  BQP: 5

Explored 1 nodes (436278 simplex iterations) in 300.01 seconds (629.96 work units)
Thread count was 4 (of 32 available processors)

Solution count 10: 1483.88 1484 1486.8 ... 1519.59

Time limit reached
Best objective 1.483881993060e+03, best bound 1.322847136288e+03, gap 10.8523%

User-callback calls 64396, time in user-callback 0.03 sec
Cap boundary reject: PORT-591 real=1481.587 baseline=1481.587
Cap boundary debug: PORT-588 -> [118 119 120 121 122 473 481 469 470 471 472 123 266 267 265 263 262 261 260 254 255 206 209 201 200 199 198 197 196 195 194 193 217 189 188 224 225 187 186 185 184 183 182 226 178 13 480] -> PORT-581 -> [93 25 5 4 3 1 117 116 115 476 477 478 479 483 467 466 474 475 7 6 10 11 143 12 14 15 16 17 18 21 19 20 357 366] -> PORT-591 | load_left=44420 load_right=44309 cap=45000
Set parameter Username
Set parameter LicenseID to value 2738882
Academic license - for non-commercial use only - expires 2026-11-14
Set parameter TimeLimit to value 300
Set parameter Seed to value 1079048015
Set parameter Threads to value 4
Set parameter OutputFlag to value 1
Set parameter LogToConsole to value 1
Set parameter LazyConstraints to value 1
Gurobi Optimizer version 13.0.0 build v13.0.0rc1 (linux64 - "Debian GNU/Linux 13 (trixie)")

CPU model: AMD Ryzen 9 5950X 16-Core Processor, instruction set [SSE2|AVX|AVX2]
Thread count: 16 physical cores, 32 logical processors, using up to 4 threads

Non-default parameters:
TimeLimit  300
Seed  1079048015
Threads  4
LazyConstraints  1

Optimize a model with 29202 rows, 82668 columns and 165324 nonzeros (Min)
Model fingerprint: 0xd4ee004f
Model has 27224 linear objective coefficients
Variable types: 55112 continuous, 27556 integer (27556 binary)
Coefficient statistics:
  Matrix range     [1e+00, 4e+04]
  Objective range  [3e-01, 1e+05]
  Bounds range     [1e+00, 4e+04]
  RHS range        [1e+00, 1e+04]
Presolve removed 1816 rows and 28631 columns
Presolve time: 0.27s
Presolved: 27386 rows, 54037 columns, 161761 nonzeros
Variable types: 26730 continuous, 27307 integer (27307 binary)
Root relaxation presolved: 27386 rows, 54037 columns, 161761 nonzeros

Deterministic concurrent LP optimizer: primal and dual simplex
Showing primal log only...

Concurrent spin time: 0.00s

Solved with primal simplex

Root relaxation: objective 1.043259e+03, 33452 iterations, 1.35 seconds (2.34 work units)

    Nodes    |    Current Node    |     Objective Bounds      |     Work
 Expl Unexpl |  Obj  Depth IntInf | Incumbent    BestBd   Gap | It/Node Time

     0     0 1043.25851    0  367          - 1043.25851      -     -    1s
     0     0 1043.25851    0  367          - 1043.25851      -     -    7s
H    0     0                    1399.7022883 1043.25851  25.5%     -    9s
H    0     0                    1396.3192343 1043.25851  25.3%     -   12s
     0     0 1043.25851    0  367 1396.31923 1043.25851  25.3%     -   15s
     0     0 1043.25851    0  367 1396.31923 1043.25851  25.3%     -   17s
     0     0 1043.25851    0  371 1396.31923 1043.25851  25.3%     -   17s
     0     0 1043.30834    0  371 1396.31923 1043.30834  25.3%     -   17s
     0     0 1043.33563    0  375 1396.31923 1043.33563  25.3%     -   17s
     0     0 1052.48718    0  354 1396.31923 1052.48718  24.6%     -   17s
     0     0 1061.83477    0  412 1396.31923 1061.83477  24.0%     -   21s
H    0     0                    1392.1090099 1061.84594  23.7%     -   21s
H    0     0                    1391.7410161 1061.84594  23.7%     -   21s
H    0     0                    1389.6749824 1061.84594  23.6%     -   24s
H    0     0                    1389.5117095 1061.84594  23.6%     -   24s
H    0     0                    1387.0609518 1061.84594  23.4%     -   24s
H    0     0                    1385.1971228 1061.84594  23.3%     -   24s
H    0     0                    1374.2749409 1061.84594  22.7%     -   25s
H    0     0                    1368.3683340 1061.84594  22.4%     -   25s
     0     0 1062.07644    0  417 1368.36833 1062.07644  22.4%     -   28s
     0     0 1065.88399    0  440 1368.36833 1065.88399  22.1%     -   31s
     0     0 1065.93979    0  432 1368.36833 1065.93979  22.1%     -   31s
     0     0 1065.94081    0  436 1368.36833 1065.94081  22.1%     -   31s
     0     0 1068.41354    0  430 1368.36833 1068.41354  21.9%     -   34s
     0     0 1068.49557    0  438 1368.36833 1068.49557  21.9%     -   34s
     0     0 1068.49754    0  448 1368.36833 1068.49754  21.9%     -   34s
     0     0 1069.02868    0  458 1368.36833 1069.02868  21.9%     -   37s
     0     0 1069.04791    0  466 1368.36833 1069.04791  21.9%     -   37s
     0     0 1069.04803    0  467 1368.36833 1069.04803  21.9%     -   37s
     0     0 1069.62280    0  451 1368.36833 1069.62280  21.8%     -   39s
     0     0 1069.70534    0  462 1368.36833 1069.70534  21.8%     -   40s
     0     0 1069.70552    0  467 1368.36833 1069.70552  21.8%     -   40s
     0     0 1070.02845    0  466 1368.36833 1070.02845  21.8%     -   42s
     0     0 1070.04883    0  479 1368.36833 1070.04883  21.8%     -   42s
     0     0 1070.05526    0  484 1368.36833 1070.05526  21.8%     -   42s
     0     0 1070.05526    0  484 1368.36833 1070.05526  21.8%     -   42s
     0     0 1070.05537    0  485 1368.36833 1070.05537  21.8%     -   42s
     0     0 1070.05537    0  485 1368.36833 1070.05537  21.8%     -   42s
     0     0 1070.34235    0  482 1368.36833 1070.34235  21.8%     -   44s
     0     0 1070.34235    0  482 1368.36833 1070.34235  21.8%     -   44s
     0     0 1070.36858    0  488 1368.36833 1070.36858  21.8%     -   45s
     0     0 1070.36858    0  492 1368.36833 1070.36858  21.8%     -   45s
     0     0 1070.46797    0  484 1368.36833 1070.46797  21.8%     -   47s
     0     0 1070.46797    0  484 1368.36833 1070.46797  21.8%     -   47s
     0     0 1070.47763    0  487 1368.36833 1070.47763  21.8%     -   47s
     0     0 1070.47765    0  491 1368.36833 1070.47765  21.8%     -   47s
     0     0 1070.59276    0  486 1368.36833 1070.59276  21.8%     -   49s
     0     0 1070.61123    0  489 1368.36833 1070.61123  21.8%     -   49s
     0     0 1070.61160    0  493 1368.36833 1070.61160  21.8%     -   50s
     0     0 1070.84549    0  490 1368.36833 1070.84549  21.7%     -   52s
     0     0 1070.86431    0  490 1368.36833 1070.86431  21.7%     -   52s
     0     0 1070.87618    0  496 1368.36833 1070.87618  21.7%     -   52s
     0     0 1070.87661    0  493 1368.36833 1070.87661  21.7%     -   52s
     0     0 1070.91516    0  503 1368.36833 1070.91516  21.7%     -   54s
     0     0 1070.91622    0  509 1368.36833 1070.91622  21.7%     -   54s
     0     0 1070.94887    0  501 1368.36833 1070.94887  21.7%     -   57s
     0     0 1070.95067    0  504 1368.36833 1070.95067  21.7%     -   57s
     0     0 1070.97361    0  504 1368.36833 1070.97361  21.7%     -   59s
     0     0 1070.97420    0  504 1368.36833 1070.97420  21.7%     -   59s
     0     0 1070.97420    0  504 1368.36833 1070.97420  21.7%     -   59s
     0     0 1070.97420    0  500 1368.36833 1070.97420  21.7%     -   59s
     0     0 1070.97875    0  500 1368.36833 1070.97875  21.7%     -   61s
     0     2 1070.97875    0  497 1368.36833 1070.97875  21.7%     -   63s
    16    27 1071.55741    5  477 1368.36833 1071.07099  21.7%   308   65s
    86    91 1082.47247   21  421 1368.36833 1071.07099  21.7%   397   70s
H  133   142                    1368.0776387 1071.07099  21.7%   359   73s
   174   179 1089.02402   38  394 1368.07764 1071.07099  21.7%   314   75s
H  176   179                    1344.7228921 1071.07099  20.4%   316   75s
H  231   235                    1337.7668331 1071.07099  19.9%   304   78s
   289   304 1117.60655   54  344 1337.76683 1071.07099  19.9%   269   80s
H  334   335                    1328.0498263 1071.07099  19.4%   266   83s
   362   393 1124.91477   66  309 1328.04983 1071.07099  19.4%   260   85s
H  553   551                    1306.6222302 1071.07099  18.0%   211   88s
   680   742 1130.00828  138  252 1306.62223 1071.07099  18.0%   186   90s
H 1005  1000                    1293.6780968 1071.07099  17.2%   145   93s
H 1006  1000                    1284.7126006 1071.07099  16.6%   145   93s
H 1007  1004                    1282.9038600 1071.07099  16.5%   144   95s
H 1010  1004                    1278.6577215 1071.07099  16.2%   144   95s
H 1300  1289                    1277.8915533 1071.07099  16.2%   126   99s
  1302  1393 1266.62932  266  190 1277.89155 1071.07099  16.2%   126  100s
  1787  1759 1086.11942   20  358 1277.89155 1071.07099  16.2%   115  105s
H 1793  1744                    1257.9311049 1071.07099  14.9%   115  107s
  2011  2050 1092.91374   39  258 1257.93110 1071.07099  14.9%   111  110s
H 2338  2343                    1252.0542943 1071.48342  14.4%   111  113s
  2416  2344 1127.03943  147  500 1252.05429 1071.48342  14.4%   109  134s
H 2417  2227                    1251.6260447 1071.48342  14.4%   109  139s
  2418  2227 1090.09247   30  359 1251.62604 1071.48342  14.4%   109  143s
  2419  2228 1114.32589   49  454 1251.62604 1071.48342  14.4%   108  149s
  2420  2229 1153.54075  738  487 1251.62604 1071.48342  14.4%   108  150s
  2429  2235 1127.03943  147  505 1251.62604 1072.63354  14.3%   108  158s
  2434  2238 1105.21870  190  520 1251.62604 1072.68369  14.3%   108  162s
  2435  2239 1203.40736  316  521 1251.62604 1073.40866  14.2%   108  168s
  2439  2241 1101.67120  118  534 1251.62604 1073.56800  14.2%   108  172s
  2440  2242 1136.13583  151  507 1251.62604 1074.39873  14.2%   108  176s
  2444  2245 1085.99552   25  497 1251.62604 1076.13902  14.0%   107  185s
  2450  2249 1131.72716   82  514 1251.62604 1082.43602  13.5%   107  195s
  2455  2252 1103.79088  171  514 1251.62604 1083.27801  13.5%   107  205s
  2460  2255 1133.52875  117  546 1251.62604 1084.19820  13.4%   107  215s
  2464  2258 1110.67190  286  539 1251.62604 1085.05891  13.3%   107  233s
  2467  2260 1102.17450  128  551 1251.62604 1085.14153  13.3%   106  237s
  2468  2261 1102.24842  133  525 1251.62604 1085.77036  13.3%   106  242s
  2473  2264 1097.01954   42  564 1251.62604 1085.87757  13.2%   106  246s
  2474  2265 1122.08455  104  544 1251.62604 1086.29899  13.2%   106  251s
  2479  2268 1095.91912   78  563 1251.62604 1086.37114  13.2%   106  255s
  2480  2269 1140.67837  573  567 1251.62604 1086.57940  13.2%   106  260s
  2484  2271 1150.41700  696  562 1251.62604 1086.77564  13.2%   106  268s
  2487  2273 1211.78222  307  567 1251.62604 1086.77677  13.2%   106  271s
  2488  2274 1117.66673  111  562 1251.62604 1086.86974  13.2%   105  285s
  2493  2277 1202.01687  261  573 1251.62604 1087.03321  13.2%   105  294s
  2497  2280 1117.83519  113  573 1251.62604 1087.03321  13.2%   105  297s

Cutting planes:
  Cover: 14
  Implied bound: 298
  Projected implied bound: 6
  MIR: 197
  Mixing: 1
  Flow cover: 206
  GUB cover: 1
  Zero half: 29
  Mod-K: 3
  RLT: 8
  Relax-and-lift: 136
  BQP: 6

Explored 2497 nodes (399921 simplex iterations) in 300.02 seconds (628.62 work units)
Thread count was 4 (of 32 available processors)

Solution count 10: 1251.63 1252.05 1257.93 ... 1328.05

Time limit reached
Best objective 1.251626044658e+03, best bound 1.087290447221e+03, gap 13.1298%

User-callback calls 43995, time in user-callback 0.01 sec
Cap boundary reject: PORT-581 segment infeasible left=100665.191 right=100708.939
Cap boundary reject: PORT-581 real=1000000000000000052504760255204420248704468581108159154915854115511802457988908195786371375080447864043704443832883878176942523235360430575644792184786706982848387200926575803737830233794788090059368953234970799945081119038967640880074652742780142494579258788820056842838115669472196386865459400540160.000 baseline=1359.123
Cap boundary debug: PORT-581 -> [93 25 5 4 3 1 117 116 115 476 477 478 479 483 467 466 474 475 7 6 10 11 143 12 14 15 16 17 18 21 19 20 357 366] -> PORT-591 -> [356 355 354 352 351 322 308 533 532 531 530 529 526 524 525 578 579 580 523 522 521 517 528] -> PORT-593 | load_left=44309 load_right=42645 cap=45000
Set parameter Username
Set parameter LicenseID to value 2738882
Academic license - for non-commercial use only - expires 2026-11-14
Set parameter TimeLimit to value 300
Set parameter Seed to value 737910245
Set parameter Threads to value 4
Set parameter OutputFlag to value 1
Set parameter LogToConsole to value 1
Set parameter LazyConstraints to value 1
Gurobi Optimizer version 13.0.0 build v13.0.0rc1 (linux64 - "Debian GNU/Linux 13 (trixie)")

CPU model: AMD Ryzen 9 5950X 16-Core Processor, instruction set [SSE2|AVX|AVX2]
Thread count: 16 physical cores, 32 logical processors, using up to 4 threads

Non-default parameters:
TimeLimit  300
Seed  737910245
Threads  4
LazyConstraints  1

Optimize a model with 15090 rows, 41772 columns and 83532 nonzeros (Min)
Model fingerprint: 0x7a63cc15
Model has 13688 linear objective coefficients
Variable types: 27848 continuous, 13924 integer (13924 binary)
Coefficient statistics:
  Matrix range     [1e+00, 4e+04]
  Objective range  [5e-01, 1e+05]
  Bounds range     [1e+00, 4e+04]
  RHS range        [1e+00, 1e+04]
Presolve removed 1288 rows and 14687 columns
Presolve time: 0.13s
Presolved: 13802 rows, 27085 columns, 81093 nonzeros
Variable types: 13338 continuous, 13747 integer (13747 binary)

Root relaxation: objective 1.088776e+03, 33290 iterations, 3.06 seconds (8.92 work units)

    Nodes    |    Current Node    |     Objective Bounds      |     Work
 Expl Unexpl |  Obj  Depth IntInf | Incumbent    BestBd   Gap | It/Node Time

     0     0 1088.77581    0  183          - 1088.77581      -     -    3s
H    0     0                    1921.3159738 1088.77581  43.3%     -    3s
H    0     0                    1910.5156523 1088.77581  43.0%     -    3s
H    0     0                    1751.7500024 1088.77581  37.8%     -    3s
H    0     0                    1709.1358866 1088.77581  36.3%     -    3s
H    0     0                    1692.4309379 1088.77581  35.7%     -    3s
H    0     0                    1674.0322500 1088.77581  35.0%     -    3s
H    0     0                    1670.3065663 1088.77581  34.8%     -    3s
H    0     0                    1666.7999114 1088.77581  34.7%     -    3s
H    0     0                    1645.8807184 1088.77581  33.8%     -    4s
H    0     0                    1582.1391375 1088.77581  31.2%     -    4s
H    0     0                    1574.8210382 1088.77581  30.9%     -    4s
H    0     0                    1574.8210377 1088.77581  30.9%     -    4s
H    0     0                    1574.3584394 1088.77581  30.8%     -    4s
     0     0 1153.32320    0  225 1574.35844 1153.32320  26.7%     -    5s
     0     0 1156.82162    0  250 1574.35844 1156.82162  26.5%     -    6s
     0     0 1156.82162    0  220 1574.35844 1156.82162  26.5%     -    8s
H    0     0                    1502.4333580 1156.82162  23.0%     -    8s
H    0     0                    1484.2881969 1156.82162  22.1%     -    8s
H    0     0                    1466.3001982 1156.82162  21.1%     -    8s
H    0     0                    1460.7777280 1156.82162  20.8%     -    8s
H    0     0                    1454.0471425 1156.82162  20.4%     -    8s
H    0     0                    1451.1942168 1156.82162  20.3%     -    8s
H    0     0                    1446.7945864 1156.82162  20.0%     -    9s
H    0     0                    1446.5661172 1156.82162  20.0%     -    9s
H    0     0                    1418.7909714 1156.82162  18.5%     -    9s
H    0     0                    1414.9494158 1156.82162  18.2%     -    9s
     0     0 1160.27259    0  255 1414.94942 1160.27259  18.0%     -   10s
H    0     0                    1406.7596943 1160.41010  17.5%     -   10s
H    0     0                    1406.1999601 1160.41010  17.5%     -   10s
H    0     0                    1387.6215795 1160.41010  16.4%     -   10s
H    0     0                    1385.9659192 1160.41010  16.3%     -   10s
H    0     0                    1385.0525740 1160.41010  16.2%     -   10s
H    0     0                    1375.7966675 1160.41010  15.7%     -   10s
H    0     0                    1373.7139650 1160.41010  15.5%     -   10s
H    0     0                    1369.5997436 1160.41010  15.3%     -   10s
     0     0 1160.77711    0  262 1369.59974 1160.77711  15.2%     -   11s
     0     0 1160.77856    0  261 1369.59974 1160.77856  15.2%     -   11s
     0     0 1174.11986    0  262 1369.59974 1174.11986  14.3%     -   12s
     0     0 1174.11986    0  216 1369.59974 1174.11986  14.3%     -   13s
     0     0 1174.11986    0  242 1369.59974 1174.11986  14.3%     -   15s
     0     0 1174.11986    0  260 1369.59974 1174.11986  14.3%     -   16s
     0     0 1174.12105    0  260 1369.59974 1174.12105  14.3%     -   17s
     0     0 1174.12110    0  264 1369.59974 1174.12110  14.3%     -   17s
     0     0 1175.23124    0  284 1369.59974 1175.23124  14.2%     -   17s
     0     0 1175.53505    0  284 1369.59974 1175.53505  14.2%     -   17s
     0     0 1175.53811    0  284 1369.59974 1175.53811  14.2%     -   17s
     0     0 1185.12547    0  262 1369.59974 1185.12547  13.5%     -   18s
     0     0 1185.16076    0  268 1369.59974 1185.16076  13.5%     -   18s
     0     0 1185.16076    0  268 1369.59974 1185.16076  13.5%     -   18s
     0     0 1186.26512    0  281 1369.59974 1186.26512  13.4%     -   19s
     0     0 1186.27214    0  278 1369.59974 1186.27214  13.4%     -   19s
     0     0 1188.10183    0  260 1369.59974 1188.10183  13.3%     -   19s
     0     0 1188.50178    0  265 1369.59974 1188.50178  13.2%     -   20s
     0     0 1188.51428    0  267 1369.59974 1188.51428  13.2%     -   20s
     0     0 1188.51434    0  266 1369.59974 1188.51434  13.2%     -   20s
     0     0 1188.79942    0  241 1369.59974 1188.79942  13.2%     -   20s
     0     0 1189.24083    0  251 1369.59974 1189.24083  13.2%     -   20s
     0     0 1189.24156    0  252 1369.59974 1189.24156  13.2%     -   20s
     0     0 1189.76858    0  283 1369.59974 1189.76858  13.1%     -   20s
     0     0 1189.77776    0  276 1369.59974 1189.77776  13.1%     -   20s
     0     0 1189.80860    0  286 1369.59974 1189.80860  13.1%     -   21s
     0     0 1189.80860    0  282 1369.59974 1189.80860  13.1%     -   21s
     0     0 1190.11423    0  299 1369.59974 1190.11423  13.1%     -   21s
     0     0 1190.13681    0  304 1369.59974 1190.13681  13.1%     -   21s
     0     0 1190.13691    0  300 1369.59974 1190.13691  13.1%     -   21s
     0     0 1190.57607    0  274 1369.59974 1190.57607  13.1%     -   22s
     0     0 1191.32198    0  273 1369.59974 1191.32198  13.0%     -   22s
     0     0 1191.35821    0  280 1369.59974 1191.35821  13.0%     -   22s
     0     0 1191.35821    0  280 1369.59974 1191.35821  13.0%     -   22s
     0     0 1192.08727    0  289 1369.59974 1192.08727  13.0%     -   22s
     0     0 1192.15105    0  293 1369.59974 1192.15105  13.0%     -   23s
     0     0 1192.15326    0  295 1369.59974 1192.15326  13.0%     -   23s
     0     0 1193.22353    0  283 1369.59974 1193.22353  12.9%     -   23s
     0     0 1193.24049    0  286 1369.59974 1193.24049  12.9%     -   23s
     0     0 1193.24127    0  293 1369.59974 1193.24127  12.9%     -   23s
     0     0 1193.41047    0  292 1369.59974 1193.41047  12.9%     -   24s
     0     0 1193.41080    0  296 1369.59974 1193.41080  12.9%     -   24s
     0     0 1193.77131    0  305 1369.59974 1193.77131  12.8%     -   24s
     0     0 1193.80468    0  310 1369.59974 1193.80468  12.8%     -   25s
     0     0 1193.80506    0  311 1369.59974 1193.80506  12.8%     -   25s
     0     0 1194.04975    0  302 1369.59974 1194.04975  12.8%     -   25s
     0     0 1194.05531    0  307 1369.59974 1194.05531  12.8%     -   25s
     0     0 1194.25257    0  299 1369.59974 1194.25257  12.8%     -   26s
     0     0 1194.25316    0  300 1369.59974 1194.25316  12.8%     -   26s
     0     0 1194.38690    0  300 1369.59974 1194.38690  12.8%     -   26s
     0     0 1194.43110    0  302 1369.59974 1194.43110  12.8%     -   26s
     0     0 1194.43128    0  302 1369.59974 1194.43128  12.8%     -   26s
     0     0 1194.43824    0  306 1369.59974 1194.43824  12.8%     -   27s
     0     0 1194.43844    0  304 1369.59974 1194.43844  12.8%     -   27s
     0     0 1194.43852    0  303 1369.59974 1194.43852  12.8%     -   27s
     0     0 1194.43852    0  303 1369.59974 1194.43852  12.8%     -   27s
     0     0 1194.43852    0  283 1369.59974 1194.43852  12.8%     -   28s
     0     2 1194.43852    0  277 1369.59974 1194.43852  12.8%     -   28s
    15    21 1197.67985    5  279 1369.59974 1194.48916  12.8%  1359   30s
   143   159 1203.85511   16  188 1369.59974 1194.48916  12.8%   601   35s
   577   598 1238.78873   70  150 1369.59974 1194.48916  12.8%   339   40s
   888   854 1298.99928  113  131 1369.59974 1194.49026  12.8%   323   45s
H  954   914                    1369.5996307 1194.49026  12.8%   318   49s
   957   948 1307.82291  120  141 1369.59963 1194.49026  12.8%   318   50s
  1110  1039 1278.93098  106  224 1369.59963 1194.49026  12.8%   319   57s
  1117  1044 1206.76937   28  314 1369.59963 1194.49026  12.8%   317   60s
  1139  1059 1196.26816    9  307 1369.59963 1195.50148  12.7%   311   65s
  1159  1072 1210.74945   34  301 1369.59963 1196.68482  12.6%   305   71s
  1179  1085 1212.35071   51  310 1369.59963 1196.92343  12.6%   300   75s
  1198  1098 1309.19054  175  314 1369.59963 1197.11179  12.6%   295   80s
  1217  1111 1206.76937   28  305 1369.59963 1197.17964  12.6%   291   85s
  1237  1124 1242.76503   78  314 1369.59963 1197.20308  12.6%   286   90s
  1266  1143 1197.64820    7  331 1369.59963 1197.64820  12.6%   279   95s
  1287  1157 1331.17292  246  336 1369.59963 1198.26877  12.5%   275  100s
  1306  1170 1254.27629   58  347 1369.59963 1198.60065  12.5%   271  105s
  1328  1185 1243.46436   81  354 1369.59963 1198.81599  12.5%   266  110s
  1347  1197 1332.08085  195  349 1369.59963 1198.94566  12.5%   263  115s
  1372  1214 1254.64714   58  329 1369.59963 1199.39393  12.4%   258  120s
  1392  1227 1239.39280  102  341 1369.59963 1199.45410  12.4%   254  125s
  1401  1235 1201.91897   12  262 1369.59963 1199.46264  12.4%   351  131s
  1420  1248 1334.50728  257  332 1369.59963 1199.46264  12.4%   346  135s
  1436  1258 1252.02877   79  348 1369.59963 1199.49673  12.4%   342  140s
  1450  1268 1272.90767  127  339 1369.59963 1199.51726  12.4%   339  145s
  1461  1275 1211.60161   35  344 1369.59963 1199.65717  12.4%   336  150s
  1482  1289 1268.36591  123  335 1369.59963 1199.82427  12.4%   332  155s
  1510  1308 1278.93098  106  343 1369.59963 1200.15152  12.4%   325  160s
  1532  1322 1212.34960   36  325 1369.59963 1200.32196  12.4%   321  165s
  1561  1342 1211.60161   35  341 1369.59963 1200.55855  12.3%   315  170s
  1584  1357 1215.34459   53  330 1369.59963 1200.68018  12.3%   310  175s
  1604  1370 1200.72157   13  350 1369.59963 1200.72157  12.3%   306  180s
  1614  1378 1318.94578  212  288 1369.59963 1200.72455  12.3%   360  185s
  1641  1396 1266.75957  122  351 1369.59963 1200.72455  12.3%   354  190s
  1656  1406 1224.33558   53  353 1369.59963 1200.80334  12.3%   351  195s
  1668  1414 1246.71202  102  349 1369.59963 1200.82277  12.3%   348  200s
  1677  1420 1245.89543   80  355 1369.59963 1200.83288  12.3%   346  205s
  1689  1428 1242.84922   80  332 1369.59963 1200.87652  12.3%   344  212s
  1691  1432 1200.91803   35  334 1369.59963 1200.91803  12.3%   379  215s
  1744  1463 1204.13486   42  294 1369.59963 1201.03325  12.3%   401  220s
  1815  1501 1206.09585   49  192 1369.59963 1201.03325  12.3%   417  225s
  1900  1520 1209.97427   56  191 1369.59963 1201.03325  12.3%   435  230s
  2009  1520 1217.40635   67  181 1369.59963 1201.03325  12.3%   455  235s
  2058  1523 1326.56606   72  172 1369.59963 1201.08103  12.3%   464  240s
  2084  1550 1264.36868   78  182 1369.59963 1201.08103  12.3%   477  245s
H 2118  1487                    1369.5996243 1201.08103  12.3%   484  247s
  2158  1532 1272.07639   89  177 1369.59962 1201.08103  12.3%   501  250s
  2256  1565     cutoff  113      1369.59962 1201.08103  12.3%   530  255s
  2349  1573 1289.68694  140  188 1369.59962 1201.08103  12.3%   540  260s
  2403  1591 1334.16256  158  170 1369.59962 1201.38511  12.3%   556  265s
  2525  1612 1239.27326   48  201 1369.59962 1201.38511  12.3%   580  271s
  2730  1651 1256.73103   77  188 1369.59962 1201.38511  12.3%   597  276s
  2848  1694 1266.88989   89  154 1369.59962 1201.38511  12.3%   613  280s
  3012  1710 1325.93974  104   62 1369.59962 1201.81240  12.3%   619  285s
  3137  1770 1278.75271  123  169 1369.59962 1201.81420  12.3%   639  290s
  3214  1751 1326.00553  132  175 1369.59962 1201.81420  12.3%   649  296s
  3342  1805 1294.05798  139  178 1369.59962 1201.81420  12.3%   646  300s

Cutting planes:
  Gomory: 2
  Cover: 15
  Implied bound: 149
  Projected implied bound: 11
  Clique: 1
  MIR: 80
  Flow cover: 134
  GUB cover: 2
  Zero half: 30
  Mod-K: 3
  RLT: 7
  Relax-and-lift: 38

Explored 3409 nodes (2331750 simplex iterations) in 300.00 seconds (798.65 work units)
Thread count was 4 (of 32 available processors)

Solution count 10: 1369.6 1373.71 1375.8 ... 1418.79

Time limit reached
Best objective 1.369599624281e+03, best bound 1.201814196799e+03, gap 12.2507%

User-callback calls 59390, time in user-callback 0.01 sec
Cap boundary reject: PORT-591 real=1369.600 baseline=1369.600
Cap boundary debug: PORT-591 -> [356 355 354 352 351 322 308 533 532 531 530 529 526 524 525 578 579 580 523 522 521 517 528] -> PORT-593 -> [430 431 432 433 434 445 446 447 439 508 507 509 510 511 427 428 429 515 516 519 520 504 503 502 488 487 489 490 491 492 493 482 518] -> PORT-584 | load_left=42645 load_right=44625 cap=45000
Set parameter Username
Set parameter LicenseID to value 2738882
Academic license - for non-commercial use only - expires 2026-11-14
Set parameter TimeLimit to value 300
Set parameter Seed to value 238078491
Set parameter Threads to value 4
Set parameter OutputFlag to value 1
Set parameter LogToConsole to value 1
Set parameter LazyConstraints to value 1
Gurobi Optimizer version 13.0.0 build v13.0.0rc1 (linux64 - "Debian GNU/Linux 13 (trixie)")

CPU model: AMD Ryzen 9 5950X 16-Core Processor, instruction set [SSE2|AVX|AVX2]
Thread count: 16 physical cores, 32 logical processors, using up to 4 threads

Non-default parameters:
TimeLimit  300
Seed  238078491
Threads  4
LazyConstraints  1

Optimize a model with 14602 rows, 40368 columns and 80724 nonzeros (Min)
Model fingerprint: 0x2417ee0e
Model has 13224 linear objective coefficients
Variable types: 26912 continuous, 13456 integer (13456 binary)
Coefficient statistics:
  Matrix range     [1e+00, 4e+04]
  Objective range  [5e-01, 1e+05]
  Bounds range     [1e+00, 4e+04]
  RHS range        [1e+00, 1e+04]
Presolve removed 1266 rows and 14206 columns
Presolve time: 0.12s
Presolved: 13336 rows, 26162 columns, 78331 nonzeros
Variable types: 12880 continuous, 13282 integer (13282 binary)

Root relaxation: objective 6.768389e+02, 29550 iterations, 2.29 seconds (6.82 work units)

    Nodes    |    Current Node    |     Objective Bounds      |     Work
 Expl Unexpl |  Obj  Depth IntInf | Incumbent    BestBd   Gap | It/Node Time

     0     0  676.83892    0  193          -  676.83892      -     -    2s
H    0     0                    201447.21224  676.83892   100%     -    2s
H    0     0                    201447.14148  676.83892   100%     -    2s
H    0     0                    201407.55028  676.83892   100%     -    3s
H    0     0                    201399.13744  676.83892   100%     -    3s
H    0     0                    201376.86633  676.83892   100%     -    3s
H    0     0                    201363.16978  676.83892   100%     -    3s
H    0     0                    201355.98778  676.83892   100%     -    3s
H    0     0                    201343.43643  676.83892   100%     -    4s
H    0     0                    201271.85421  676.83892   100%     -    4s
H    0     0                    201188.33531  676.83892   100%     -    4s
H    0     0                    201186.16791  676.83892   100%     -    5s
H    0     0                    201184.94459  676.83892   100%     -    5s
     0     0  676.83892    0  190 201184.945  676.83892   100%     -    6s
     0     0  685.97169    0  232 201184.945  685.97169   100%     -    7s
H    0     0                    201177.10271  686.10390   100%     -    8s
H    0     0                    201170.44884  686.10390   100%     -    8s
H    0     0                    201159.49925  686.10390   100%     -    8s
H    0     0                    201156.91108  686.10390   100%     -    9s
     0     0  689.14831    0  232 201156.911  689.14831   100%     -    9s
     0     0  690.64918    0  244 201156.911  690.64918   100%     -   10s
     0     0  690.68322    0  268 201156.911  690.68322   100%     -   10s
     0     0  690.68322    0  266 201156.911  690.68322   100%     -   10s
     0     0  690.68322    0  264 201156.911  690.68322   100%     -   10s
     0     0  698.85996    0  247 201156.911  698.85996   100%     -   12s
     0     0  699.52570    0  248 201156.911  699.52570   100%     -   12s
     0     0  699.54803    0  246 201156.911  699.54803   100%     -   12s
     0     0  703.24551    0  282 201156.911  703.24551   100%     -   13s
     0     0  703.25533    0  277 201156.911  703.25533   100%     -   13s
     0     0  703.25533    0  277 201156.911  703.25533   100%     -   13s
     0     0  703.98200    0  267 201156.911  703.98200   100%     -   14s
     0     0  706.26390    0  270 201156.911  706.26390   100%     -   14s
     0     0  706.26390    0  269 201156.911  706.26390   100%     -   14s
     0     0  706.26390    0  283 201156.911  706.26390   100%     -   15s
     0     0  706.26390    0  287 201156.911  706.26390   100%     -   15s
     0     0  706.26390    0  286 201156.911  706.26390   100%     -   15s
     0     0  706.26390    0  280 201156.911  706.26390   100%     -   15s
     0     0  706.26390    0  283 201156.911  706.26390   100%     -   15s
     0     0  706.26390    0  283 201156.911  706.26390   100%     -   15s
     0     0  706.26390    0  282 201156.911  706.26390   100%     -   16s
     0     0  706.26390    0  282 201156.911  706.26390   100%     -   16s
     0     0  706.26390    0  286 201156.911  706.26390   100%     -   16s
     0     0  706.26390    0  285 201156.911  706.26390   100%     -   17s
     0     0  706.26390    0  288 201156.911  706.26390   100%     -   17s
     0     0  706.26390    0  285 201156.911  706.26390   100%     -   17s
     0     0  706.26390    0  286 201156.911  706.26390   100%     -   17s
     0     0  706.52162    0  288 201156.911  706.52162   100%     -   17s
     0     0  706.55972    0  295 201156.911  706.55972   100%     -   17s
     0     0  706.56254    0  298 201156.911  706.56254   100%     -   18s
     0     0  706.69095    0  295 201156.911  706.69095   100%     -   18s
     0     0  706.70636    0  295 201156.911  706.70636   100%     -   18s
     0     0  706.70663    0  296 201156.911  706.70663   100%     -   18s
     0     0  706.93321    0  299 201156.911  706.93321   100%     -   19s
     0     0  706.97592    0  300 201156.911  706.97592   100%     -   19s
     0     0  706.97666    0  304 201156.911  706.97666   100%     -   19s
     0     0  707.00607    0  300 201156.911  707.00607   100%     -   20s
     0     0  707.01025    0  300 201156.911  707.01025   100%     -   20s
     0     0  707.03963    0  300 201156.911  707.03963   100%     -   20s
     0     0  707.04149    0  300 201156.911  707.04149   100%     -   20s
     0     0  707.04149    0  296 201156.911  707.04149   100%     -   20s
H    0     0                    1453.7032577  707.04149  51.4%     -   21s
H    0     0                    1340.2066374  707.04149  47.2%     -   21s
H    0     0                    1201.2161742  707.04149  41.1%     -   22s
H    0     0                    1176.7584248  707.04149  39.9%     -   22s
H    0     0                    1174.9129267  707.04149  39.8%     -   22s
H    0     0                    1174.1136153  707.04149  39.8%     -   22s
H    0     0                    1161.3057962  707.04149  39.1%     -   22s
H    0     0                    1156.0720462  707.04149  38.8%     -   22s
H    0     0                    1149.7381238  707.04149  38.5%     -   22s
     0     0  712.75824    0  188 1149.73812  712.75824  38.0%     -   23s
H    0     0                    1048.8250776  712.75824  32.0%     -   24s
H    0     0                    1044.5618027  712.75824  31.8%     -   24s
H    0     0                    1035.9868926  712.75824  31.2%     -   24s
H    0     0                    1033.0838267  712.75824  31.0%     -   24s
H    0     0                    1030.9551703  712.75824  30.9%     -   24s
H    0     0                    1030.2513417  712.75824  30.8%     -   24s
H    0     0                    1028.1317253  712.75824  30.7%     -   24s
     0     0  712.75824    0  274 1028.13173  712.75824  30.7%     -   25s
H    0     0                    1015.8988404  712.75824  29.8%     -   25s
H    0     0                     981.1036544  712.75824  27.4%     -   25s
H    0     0                     929.2097520  712.75824  23.3%     -   25s
H    0     0                     912.7386301  712.75824  21.9%     -   25s
H    0     0                     885.4554053  712.75824  19.5%     -   25s
H    0     0                     878.4770393  712.75824  18.9%     -   25s
H    0     0                     873.7327239  712.75824  18.4%     -   25s
H    0     0                     866.0813939  712.75824  17.7%     -   25s
H    0     0                     859.1030280  712.75824  17.0%     -   25s
     0     0  712.75824    0  299  859.10303  712.75824  17.0%     -   26s
     0     0  712.75824    0  291  859.10303  712.75824  17.0%     -   26s
     0     0  712.75824    0  295  859.10303  712.75824  17.0%     -   26s
     0     0  712.75824    0  299  859.10303  712.75824  17.0%     -   26s
     0     0  712.75824    0  302  859.10303  712.75824  17.0%     -   26s
     0     0  712.75824    0  304  859.10303  712.75824  17.0%     -   26s
     0     0  712.75824    0  303  859.10303  712.75824  17.0%     -   26s
     0     0  712.75824    0  292  859.10303  712.75824  17.0%     -   26s
     0     0  712.75824    0  298  859.10303  712.75824  17.0%     -   28s
H    0     0                     854.6891407  712.75824  16.6%     -   28s
H    0     0                     851.8756311  712.75824  16.3%     -   28s
     0     0  712.75824    0  303  851.87563  712.75824  16.3%     -   28s
     0     0  712.75824    0  302  851.87563  712.75824  16.3%     -   28s
     0     0  712.75824    0  306  851.87563  712.75824  16.3%     -   28s
     0     0  712.75824    0  306  851.87563  712.75824  16.3%     -   28s
     0     0  712.75824    0  302  851.87563  712.75824  16.3%     -   29s
     0     0  712.75824    0  302  851.87563  712.75824  16.3%     -   29s
     0     0  712.75824    0  300  851.87563  712.75824  16.3%     -   29s
     0     2  715.14946    0  291  851.87563  715.14946  16.1%     -   29s
     3     8  715.14946    2  269  851.87563  715.14946  16.1%   203   30s
H   61    65                     851.6094309  715.14946  16.0%   805   33s
    71    78  721.76994   16  267  851.60943  715.14946  16.0%   851   35s
H   89   105                     844.7439641  715.14946  15.3%   915   35s
H  126   141                     844.7430102  715.14946  15.3%   691   36s
H  142   145                     837.4095858  715.14946  14.6%   630   36s
H  229   208                     837.4095842  715.14946  14.6%   446   37s
   433   363  747.34201   12  226  837.40958  716.10376  14.5%   332   40s
   822   794  761.34413   60  180  837.40958  716.10376  14.5%   291   45s
  1172  1006  764.53177   21  296  837.40958  718.35551  14.2%   268   52s
H 1173   956                     837.3399117  718.35551  14.2%   268   53s
  1176   958  792.27620    8  265  837.33991  718.35551  14.2%   267   55s
  1193   969  809.32898  131  318  837.33991  718.35551  14.2%   263   60s
H 1204   927                     837.3399114  721.48447  13.8%   261   64s
  1206   929  782.07711   41  324  837.33991  721.48447  13.8%   260   65s
  1210   931  766.24385   20  328  837.33991  721.71170  13.8%   260   70s
H 1237   894                     837.3399105  745.15379  11.0%   289   73s
  1278   913  766.69090   22  179  837.33991  746.21291  10.9%   295   75s
H 1304   882                     833.8141480  747.31268  10.4%   296   76s
  1411   931  783.45169   36  156  833.81415  747.46300  10.4%   296   80s
  1612  1040  765.58042   27  141  833.81415  747.63689  10.3%   290   85s
  1861  1061  781.10931   82  108  833.81415  747.63689  10.3%   304   90s
  2172  1150  760.32921   40  152  833.81415  749.85290  10.1%   312   95s
  2551  1374  764.70535   32  155  833.81415  750.12061  10.0%   309  100s
  2971  1487  784.77588   37  101  833.81415  751.49244  9.87%   297  105s
  3520  1611  784.45793   59  204  833.81415  752.56929  9.74%   287  110s
  4054  1803  789.11790   30  153  833.81415  753.24703  9.66%   270  115s
  4524  2109  767.01072   25  217  833.81415  753.72655  9.60%   260  120s
  5090  2387  826.52329   49  126  833.81415  754.40722  9.52%   253  125s
  5818  2767     cutoff   49       833.81415  756.14311  9.32%   245  130s
  6796  3288  820.15422   38  168  833.81415  757.62018  9.14%   234  136s
  7401  3503  830.39302   42  169  833.81415  758.31680  9.05%   231  141s
  8001  3799  788.52384   36  202  833.81415  758.90117  8.98%   231  145s
  8397  4056  814.33336   43  148  833.81415  759.31141  8.94%   231  151s
  9243  4455  804.81244  160   55  833.81415  760.56229  8.79%   223  156s
 10325  4912  829.49323   46  139  833.81415  762.14147  8.60%   217  163s
 10698  5148  817.22326   48  213  833.81415  762.14147  8.60%   216  167s
 11121  5314  809.46624   65   84  833.81415  763.55403  8.43%   215  171s
 12175  5937     cutoff   36       833.81415  765.95115  8.14%   212  177s
 12694  6157  799.65886   90   87  833.81415  766.33963  8.09%   211  181s
 13767  6678  818.88814   43  238  833.81415  767.27270  7.98%   211  187s
 14277  6910  795.22957   26  126  833.81415  768.14616  7.88%   210  193s
 14705  7263  788.54650   18  223  833.81415  768.96059  7.78%   210  196s
 16006  7783  831.07645   34  233  833.81415  770.54774  7.59%   206  202s
 16487  8177  814.90743   45  132  833.81415  771.29508  7.50%   206  206s
 17511  8587  797.13033   26  143  833.81415  772.92031  7.30%   205  212s
 17931  8790  830.47047   61  114  833.81415  773.54572  7.23%   206  215s
 18775  9392  787.84600   27  184  833.81415  774.98408  7.06%   208  221s
 19718  9865  785.24592   23  182  833.81415  776.22562  6.91%   207  226s
 20655 10471  809.24313   24  208  833.81415  778.39781  6.65%   207  232s
 21231 10684  791.06729   27  170  833.81415  778.82991  6.59%   206  235s
 22252 11363  788.33881   22  138  833.81415  780.24867  6.42%   206  241s
 23340 11986  793.71560   26  169  833.81415  781.05401  6.33%   205  247s
 23791 12376  810.70880   52  133  833.81415  781.70191  6.25%   205  250s
 24798 13063  802.40214   28  185  833.81415  782.57124  6.15%   205  256s
 25863 13707  820.65367   27  156  833.81415  783.38145  6.05%   205  262s
 26358 13981  803.74474   25  168  833.81415  783.66760  6.01%   204  265s
 27371 14633  827.96841   51   64  833.81415  784.10818  5.96%   204  271s
 28286 15286  812.00199   37   99  833.81415  784.52960  5.91%   203  277s
 29362 15821  830.68384   33  124  833.81415  785.47820  5.80%   203  282s
 29844 16090  830.54192   30  108  833.81415  785.66548  5.77%   202  285s
 30827 16734  821.00571   33  148  833.81415  786.14380  5.72%   202  291s
 31829 17192     cutoff   59       833.81415  786.63895  5.66%   201  297s
 32888 17552  819.70218   29  114  833.81415  787.01715  5.61%   201  300s

Cutting planes:
  Gomory: 8
  Cover: 23
  Implied bound: 126
  Projected implied bound: 11
  Clique: 1
  MIR: 129
  Mixing: 1
  Flow cover: 141
  GUB cover: 1
  Inf proof: 11
  Zero half: 33
  RLT: 10
  Relax-and-lift: 52
  BQP: 6

Explored 32903 nodes (6685682 simplex iterations) in 300.00 seconds (1179.12 work units)
Thread count was 4 (of 32 available processors)

Solution count 10: 833.814 837.34 837.34 ... 859.103

Time limit reached
Best objective 8.338141479732e+02, best bound 7.870171539393e+02, gap 5.6124%

User-callback calls 101700, time in user-callback 0.01 sec
Cap boundary opt: PORT-593 stations=56 obj=833.814 real=833.814 baseline=837.253
Set parameter Username
Set parameter LicenseID to value 2738882
Academic license - for non-commercial use only - expires 2026-11-14
Segment 1 eval: start=BOAT-0 end=PORT-583 stations=50 (optimize)
  Segment 1 order: -501 -500 -499 -498 -497 -496 -495 112 113 -494 114 -275 -111 -274 -107 -106 -105 104 -103 -102 -101 108 109 110 -273 -272 271 253 252 249 -248 -247 -245 -244 -243 -238 237 -215 -214 213 -192 218 -191 219 -190 -223 222 -230 -134 -133
Segment 2 eval: start=PORT-583 end=PORT-581 stations=58 (optimize)
  Segment 2 order: -132 -181 -180 -229 -231 232 233 234 -235 -227 228 -179 -135 136 152 153 154 174 175 -176 -177 171 168 -165 166 -164 -162 -161 -160 159 163 167 172 173 155 156 157 158 -150 -149 -148 -147 -146 -145 -144 -142 -9 -8 -141 -140 -139 151 -138 -137 -2 90 -94 -92
Segment 3 eval: start=PORT-581 end=PORT-591 stations=80 (optimize)
  Segment 3 order: 56 55 -54 -53 -52 -51 -50 -49 -48 -39 -38 -37 66 67 68 69 -36 -35 -32 -31 -29 -27 26 28 30 -33 -34 41 42 43 44 45 46 -40 47 396 397 -398 -395 -394 -393 -392 -391 -390 -389 -388 -387 402 -403 385 -384 -383 -382 -414 -413 412 -409 408 -410 411 380 378 -379 -377 -376 -375 374 -373 -372 -371 -370 369 359 360 -358 -353 -350 -349 -326 328
Segment 4 eval: start=PORT-591 end=PORT-593 stations=52 (optimize)
  Segment 4 order: -346 -345 -344 -343 -342 -341 -316 283 -284 555 558 559 -560 561 562 563 564 565 566 567 568 569 570 571 573 576 -527 435 438 448 449 450 451 452 453 454 455 456 457 458 465 505 506 -444 -443 -442 -441 440 437 436 512 513
Segment 5 eval: start=PORT-593 end=PORT-591 stations=38 (optimize)
  Segment 5 order: 514 -575 577 -574 -572 534 535 -536 537 538 539 544 -540 -543 -542 -541 545 546 547 548 549 -554 553 550 551 552 285 286 287 -282 556 -557 -281 -280 -279 -278 -277 -276
Segment 6 eval: start=PORT-591 end=PORT-583 stations=115 (optimize)
  Segment 6 order: -347 333 334 335 336 337 338 339 340 -317 -315 -314 -288 289 290 291 -295 296 297 306 -305 -298 299 300 301 302 304 -303 307 -294 -293 292 -310 -309 311 312 -313 318 319 320 321 323 324 325 -327 329 330 331 332 348 -361 -362 -363 -364 365 367 368 -426 -381 -425 417 -424 422 423 -421 -420 -419 -418 -416 415 404 405 406 -407 -399 -400 401 386 -62 -61 -60 58 -59 -57 -64 63 -65 71 74 -73 -72 -75 76 70 77 78 -79 80 81 82 83 84 85 -86 87 -88 89 -91 95 96 -24 -23 -22 169 170
Segment 7 eval: start=PORT-583 end=PORT-588 stations=40 (optimize)
  Segment 7 order: 97 98 99 100 -246 -242 241 -240 -239 -236 221 220 -216 -212 -211 210 -208 250 251 -207 -205 -202 203 204 -131 -129 130 -256 257 259 258 -128 -127 126 -125 -124 -264 268 269 270
Segment 8 eval: start=PORT-588 end=PORT-581 stations=47 (optimize)
  Segment 8 order: 118 119 -120 121 122 473 481 -480 469 470 -471 472 123 -266 -267 -265 -263 -262 -261 260 254 255 -206 209 -201 200 -199 -198 -197 -196 -195 -194 -193 -217 -189 -188 224 -225 -187 -186 -185 -184 183 182 226 178 13
Segment 9 eval: start=PORT-581 end=PORT-591 stations=34 (optimize)
  Segment 9 order: -93 -25 -5 -4 -3 -1 117 -116 115 476 477 478 479 483 467 -466 474 475 -7 -6 10 11 143 12 -14 15 16 17 18 -21 19 20 357 -366
Segment 10 eval: start=PORT-591 end=PORT-593 stations=24 (optimize)
  Segment 10 order: -356 -355 354 -352 -351 -322 -308 -533 -532 -531 -530 -529 528 -526 524 525 578 579 580 -523 -522 -521 -517 -427
Segment 11 eval: start=PORT-593 end=PORT-584 stations=32 (optimize)
  Segment 11 order: 515 516 519 -520 -518 428 429 430 431 432 433 -434 447 -446 -445 439 -511 -510 -509 -508 -507 -504 -503 -488 -487 489 -482 493 -492 -491 -490 -502
Segment 12 eval: start=PORT-584 end=PORT-584 stations=0 (direct)
Segment 13 eval: start=PORT-584 end=BOAT-END stations=10 (optimize)
  Segment 13 order: -485 -461 -460 -459 -468 -464 -463 -484 462 -486
Set parameter Username
Set parameter LicenseID to value 2738882
Academic license - for non-commercial use only - expires 2026-11-14
Segment 1 eval: start=BOAT-0 end=PORT-583 stations=50 (optimize)
  Segment 1 order: -501 -500 -499 -498 -497 -496 -495 112 113 -494 114 -275 -111 -274 -107 -106 -105 104 -103 -102 -101 108 109 110 -273 -272 271 253 252 249 -248 -247 -245 -244 -243 -238 237 -215 -214 213 -192 218 -191 219 -190 -223 222 -230 -134 -133
Segment 2 eval: start=PORT-583 end=PORT-581 stations=58 (optimize)
  Segment 2 order: -132 -181 -180 -229 -231 232 233 234 -235 -227 228 -179 -135 136 152 153 154 174 175 -176 -177 171 168 -165 166 -164 -162 -161 -160 159 163 167 172 173 155 156 157 158 -150 -149 -148 -147 -146 -145 -144 -142 -9 -8 -141 -140 -139 151 -138 -137 -2 90 -94 -92
Segment 3 eval: start=PORT-581 end=PORT-591 stations=80 (optimize)
  Segment 3 order: 56 55 -54 -53 -52 -51 -50 -49 -48 -39 -38 -37 66 67 68 69 -36 -35 -32 -31 -29 -27 26 28 30 -33 -34 41 42 43 44 45 46 -40 47 396 397 -398 -395 -394 -393 -392 -391 -390 -389 -388 -387 402 -403 385 -384 -383 -382 -414 -413 412 -409 408 -410 411 380 378 -379 -377 -376 -375 374 -373 -372 -371 -370 369 359 360 -358 -353 -350 -349 -326 328
Segment 4 eval: start=PORT-591 end=PORT-593 stations=52 (optimize)
  Segment 4 order: -346 -345 -344 -343 -342 -341 -316 283 -284 555 558 559 -560 561 562 563 564 565 566 567 568 569 570 571 573 576 -527 435 438 448 449 450 451 452 453 454 455 456 457 458 465 505 506 -444 -443 -442 -441 440 437 436 512 513
Segment 5 eval: start=PORT-593 end=PORT-591 stations=38 (optimize)
  Segment 5 order: 514 -575 577 -574 -572 534 535 -536 537 538 539 544 -540 -543 -542 -541 545 546 547 548 549 -554 553 550 551 552 285 286 287 -282 556 -557 -281 -280 -279 -278 -277 -276
Segment 6 eval: start=PORT-591 end=PORT-583 stations=115 (optimize)
  Segment 6 order: -347 333 334 335 336 337 338 339 340 -317 -315 -314 -288 289 290 291 -295 296 297 306 -305 -298 299 300 301 302 304 -303 307 -294 -293 292 -310 -309 311 312 -313 318 319 320 321 323 324 325 -327 329 330 331 332 348 -361 -362 -363 -364 365 367 368 -426 -381 -425 417 -424 422 423 -421 -420 -419 -418 -416 415 404 405 406 -407 -399 -400 401 386 -62 -61 -60 58 -59 -57 -64 63 -65 71 74 -73 -72 -75 76 70 77 78 -79 80 81 82 83 84 85 -86 87 -88 89 -91 95 96 -24 -23 -22 169 170
Segment 7 eval: start=PORT-583 end=PORT-588 stations=40 (optimize)
  Segment 7 order: 97 98 99 100 -246 -242 241 -240 -239 -236 221 220 -216 -212 -211 210 -208 250 251 -207 -205 -202 203 204 -131 -129 130 -256 257 259 258 -128 -127 126 -125 -124 -264 268 269 270
Segment 8 eval: start=PORT-588 end=PORT-581 stations=47 (optimize)
  Segment 8 order: 118 119 -120 121 122 473 481 -480 469 470 -471 472 123 -266 -267 -265 -263 -262 -261 260 254 255 -206 209 -201 200 -199 -198 -197 -196 -195 -194 -193 -217 -189 -188 224 -225 -187 -186 -185 -184 183 182 226 178 13
Segment 9 eval: start=PORT-581 end=PORT-591 stations=33 (optimize)
  Segment 9 order: -93 -25 -5 -4 -3 -1 -475 -474 466 -467 -479 -478 -477 -476 -115 116 -117 -7 -6 10 11 143 12 -14 15 16 17 18 -21 19 20 357 -366
Segment 10 eval: start=PORT-591 end=PORT-593 stations=24 (optimize)
  Segment 10 order: -356 -355 354 -352 -351 -322 -308 -533 -532 -531 -530 -529 528 -526 524 525 578 579 580 -523 -522 -521 -517 -427
Segment 11 eval: start=PORT-593 end=PORT-584 stations=33 (optimize)
  Segment 11 order: 515 516 519 -520 -518 428 429 430 431 432 433 -434 447 -446 -445 439 -511 -510 -509 -508 -507 -504 -503 -488 -487 489 -483 -482 493 -492 -491 -490 -502
Segment 12 eval: start=PORT-584 end=PORT-584 stations=0 (direct)
Segment 13 eval: start=PORT-584 end=BOAT-END stations=10 (optimize)
  Segment 13 order: -485 -461 -460 -459 -468 -464 -463 -484 462 -486
Set parameter Username
Set parameter LicenseID to value 2738882
Academic license - for non-commercial use only - expires 2026-11-14
Segment 1 eval: start=BOAT-0 end=PORT-583 stations=50 (optimize)
  Segment 1 order: -501 -500 -499 -498 -497 -496 -495 112 113 -494 114 -275 -111 -274 -107 -106 -105 104 -103 -102 -101 108 109 110 -273 -272 271 253 252 249 -248 -247 -245 -244 -243 -238 237 -215 -214 213 -192 218 -191 219 -190 -223 222 -230 -134 -133
Segment 2 eval: start=PORT-583 end=PORT-581 stations=58 (optimize)
  Segment 2 order: -132 -181 -180 -229 -231 232 233 234 -235 -227 228 -179 -135 136 152 153 154 174 175 -176 -177 171 168 -165 166 -164 -162 -161 -160 159 163 167 172 173 155 156 157 158 -150 -149 -148 -147 -146 -145 -144 -142 -9 -8 -141 -140 -139 151 -138 -137 -2 90 -94 -92
Segment 3 eval: start=PORT-581 end=PORT-591 stations=80 (optimize)
  Segment 3 order: 56 55 -54 -53 -52 -51 -50 -49 -48 -39 -38 -37 66 67 68 69 -36 -35 -32 -31 -29 -27 26 28 30 -33 -34 41 42 43 44 45 46 -40 47 396 397 -398 -395 -394 -393 -392 -391 -390 -389 -388 -387 402 -403 385 -384 -383 -382 -414 -413 412 -409 408 -410 411 380 378 -379 -377 -376 -375 374 -373 -372 -371 -370 369 359 360 -358 -353 -350 -349 -326 328
Segment 4 eval: start=PORT-591 end=PORT-593 stations=52 (optimize)
  Segment 4 order: -346 -345 -344 -343 -342 -341 -316 283 -284 555 558 559 -560 561 562 563 564 565 566 567 568 569 570 571 573 576 -527 435 438 448 449 450 451 452 453 454 455 456 457 458 465 505 506 -444 -443 -442 -441 440 437 436 512 513
Segment 5 eval: start=PORT-593 end=PORT-591 stations=38 (optimize)
  Segment 5 order: 514 -575 577 -574 -572 534 535 -536 537 538 539 544 -540 -543 -542 -541 545 546 547 548 549 -554 553 550 551 552 285 286 287 -282 556 -557 -281 -280 -279 -278 -277 -276
Segment 6 eval: start=PORT-591 end=PORT-583 stations=115 (optimize)
  Segment 6 order: -347 333 334 335 336 337 338 339 340 -317 -315 -314 -288 289 290 291 -295 296 297 306 -305 -298 299 300 301 302 304 -303 307 -294 -293 292 -310 -309 311 312 -313 318 319 320 321 323 324 325 -327 329 330 331 332 348 -361 -362 -363 -364 365 367 368 -426 -381 -425 417 -424 422 423 -421 -420 -419 -418 -416 415 404 405 406 -407 -399 -400 401 386 -62 -61 -60 58 -59 -57 -64 63 -65 71 74 -73 -72 -75 76 70 77 78 -79 80 81 82 83 84 85 -86 87 -88 89 -91 95 96 -24 -23 -22 169 170
Segment 7 eval: start=PORT-583 end=PORT-588 stations=40 (optimize)
  Segment 7 order: 97 98 99 100 -246 -242 241 -240 -239 -236 221 220 -216 -212 -211 210 -208 250 251 -207 -205 -202 203 204 -131 -129 130 -256 257 259 258 -128 -127 126 -125 -124 -264 268 269 270
Segment 8 eval: start=PORT-588 end=PORT-581 stations=47 (optimize)
  Segment 8 order: 118 119 -120 121 122 473 481 -480 469 470 -471 472 123 -266 -267 -265 -263 -262 -261 260 254 255 -206 209 -201 200 -199 -198 -197 -196 -195 -194 -193 -217 -189 -188 224 -225 -187 -186 -185 -184 183 182 226 178 13
Segment 9 eval: start=PORT-581 end=PORT-591 stations=33 (optimize)
  Segment 9 order: -93 -25 -5 -4 -3 -1 -475 -474 466 -467 -479 -478 -477 -476 -115 116 -117 -7 -6 10 11 143 12 -14 15 16 17 18 -21 19 20 357 -366
Segment 10 eval: start=PORT-591 end=PORT-593 stations=24 (optimize)
  Segment 10 order: -356 -355 354 -352 -351 -322 -308 -533 -532 -531 -530 -529 528 -526 524 525 578 579 580 -523 -522 -521 -517 -427
Segment 11 eval: start=PORT-593 end=PORT-584 stations=33 (optimize)
  Segment 11 order: 515 516 519 -520 -518 428 429 430 431 432 433 -434 447 -446 -445 439 -511 -510 -509 -508 -507 -504 -503 -488 -487 489 -483 -482 493 -492 -491 -490 -502
Segment 12 eval: start=PORT-584 end=PORT-584 stations=0 (direct)
Segment 13 eval: start=PORT-584 end=BOAT-END stations=10 (optimize)
  Segment 13 order: -485 -461 -460 -459 -468 -464 -463 -484 462 -486
PROGRESS pass=7 changed=1 total=6023.067 best=6023.067 nseg=13 stall=0 mut=1/5 mut=STAT-483 src=9 dst=11 delta=-30.965
Capacity boundary sweep pass 8
Cap boundary debug: PORT-581 -> [68 69 67 66 53 54 56 55 52 51 38 48 39 40 47 46 43 45 44 42 41 34 33 30 29 27 26 28 31 32 36 35 37 50 49 396 397 398 395 394 393 392 391 390 389 388 387 402 385 403 384 383 382 414 413 412 409 408 410 411 380 378 379 377 376 375 374 373 372 371 370 369 359 360 358 353 349 350 326 328] -> PORT-591 -> [346 345 344 343 342 341 316 283 284 555 558 559 560 561 562 563 564 565 566 567 568 569 570 571 573 576 527 435 438 448 449 450 451 452 453 454 455 456 457 458 465 505 506 444 443 442 441 440 437 436 512 513] -> PORT-593 | load_left=43988 load_right=43988 cap=45000
Set parameter Username
Set parameter LicenseID to value 2738882
Academic license - for non-commercial use only - expires 2026-11-14
Set parameter TimeLimit to value 300
Set parameter Seed to value 373467349
Set parameter Threads to value 4
Set parameter OutputFlag to value 1
Set parameter LogToConsole to value 1
Set parameter LazyConstraints to value 1
Gurobi Optimizer version 13.0.0 build v13.0.0rc1 (linux64 - "Debian GNU/Linux 13 (trixie)")

CPU model: AMD Ryzen 9 5950X 16-Core Processor, instruction set [SSE2|AVX|AVX2]
Thread count: 16 physical cores, 32 logical processors, using up to 4 threads

Non-default parameters:
TimeLimit  300
Seed  373467349
Threads  4
LazyConstraints  1

Optimize a model with 74490 rows, 215472 columns and 430932 nonzeros (Min)
Model fingerprint: 0x022facdb
Model has 71288 linear objective coefficients
Variable types: 143648 continuous, 71824 integer (71824 binary)
Coefficient statistics:
  Matrix range     [1e+00, 4e+04]
  Objective range  [6e-01, 1e+05]
  Bounds range     [1e+00, 4e+04]
  RHS range        [1e+00, 8e+03]
Presolve removed 2938 rows and 73562 columns
Presolve time: 0.48s
Presolved: 71552 rows, 141910 columns, 426207 nonzeros
Variable types: 70488 continuous, 71422 integer (71422 binary)
Root relaxation presolved: 71552 rows, 141910 columns, 426207 nonzeros

Deterministic concurrent LP optimizer: primal and dual simplex
Showing primal log only...


Root simplex log...

Iteration    Objective       Primal Inf.    Dual Inf.      Time
   62450    7.7573351e+02   0.000000e+00   8.329877e+02      5s
  105881    9.6356952e+02   0.000000e+00   0.000000e+00      8s
Concurrent spin time: 0.00s

Solved with primal simplex

Root relaxation: objective 9.635695e+02, 105881 iterations, 7.30 seconds (14.58 work units)

    Nodes    |    Current Node    |     Objective Bounds      |     Work
 Expl Unexpl |  Obj  Depth IntInf | Incumbent    BestBd   Gap | It/Node Time

     0     0  963.56952    0  478          -  963.56952      -     -    9s
H    0     0                    1354.8170870  963.56952  28.9%     -   11s
H    0     0                    1351.8001278  963.56952  28.7%     -   12s
H    0     0                    1282.5444738  963.56952  24.9%     -   40s
     0     0  965.28832    0  527 1282.54447  965.28832  24.7%     -   43s
     0     0  965.28832    0  485 1282.54447  965.28832  24.7%     -   48s
H    0     0                    1244.1931758  965.28832  22.4%     -   67s
     0     0  966.28376    0  525 1244.19318  966.28376  22.3%     -   70s
H    0     0                    1230.3131690  966.28376  21.5%     -   70s
H    0     0                    1222.0175737  966.28376  20.9%     -   71s
H    0     0                    1208.7541584  966.28376  20.1%     -   72s
H    0     0                    1204.4086073  966.28376  19.8%     -   73s
H    0     0                    1178.4182378  966.28376  18.0%     -   73s
H    0     0                    1175.2676047  966.28376  17.8%     -   73s
H    0     0                    1175.0614113  966.28376  17.8%     -   73s
H    0     0                    1145.3163954  966.28376  15.6%     -   73s
H    0     0                    1138.0660558  966.28376  15.1%     -   73s
H    0     0                    1136.9137985  966.28376  15.0%     -   75s
H    0     0                    1135.9997589  966.28376  14.9%     -   75s
H    0     0                    1135.8976882  966.28376  14.9%     -   75s
     0     0  968.55458    0  536 1135.89769  968.55458  14.7%     -   76s
     0     0  968.55458    0  536 1135.89769  968.55458  14.7%     -   76s
     0     0  971.33053    0  553 1135.89769  971.33053  14.5%     -   79s
     0     0  971.33053    0  479 1135.89769  971.33053  14.5%     -   84s
H    0     0                    1127.3807650  971.33053  13.8%     -   84s
H    0     0                    1127.3807594  971.33053  13.8%     -   84s
     0     0  971.33053    0  530 1127.38076  971.33053  13.8%     -   87s
     0     0  971.36847    0  547 1127.38076  971.36847  13.8%     -   93s
     0     0  971.36847    0  548 1127.38076  971.36847  13.8%     -   93s
     0     0  973.45722    0  548 1127.38076  973.45722  13.7%     -   97s
     0     0  973.46451    0  551 1127.38076  973.46451  13.7%     -   97s
     0     0  973.46451    0  551 1127.38076  973.46451  13.7%     -   98s
     0     0  978.96335    0  566 1127.38076  978.96335  13.2%     -  107s
     0     0  979.11570    0  560 1127.38076  979.11570  13.2%     -  108s
     0     0  979.11570    0  564 1127.38076  979.11570  13.2%     -  108s
     0     0  979.11570    0  564 1127.38076  979.11570  13.2%     -  108s
     0     0  983.40382    0  539 1127.38076  983.40382  12.8%     -  113s
     0     0  983.42858    0  560 1127.38076  983.42858  12.8%     -  115s
     0     0  983.42858    0  559 1127.38076  983.42858  12.8%     -  115s
     0     0  983.56835    0  550 1127.38076  983.56835  12.8%     -  118s
     0     0  983.61331    0  548 1127.38076  983.61331  12.8%     -  124s
     0     0  983.87043    0  551 1127.38076  983.87043  12.7%     -  125s
H    0     0                    1125.6322740  984.04810  12.6%     -  129s
H    0     0                    1125.6322724  984.04810  12.6%     -  130s
H    0     0                    1125.6322700  984.04810  12.6%     -  131s
     0     0  984.14831    0  550 1125.63227  984.14831  12.6%     -  132s
     0     0  984.56199    0  551 1125.63227  984.56199  12.5%     -  132s
     0     0  984.92346    0  546 1125.63227  984.92346  12.5%     -  133s
     0     0  984.92624    0  544 1125.63227  984.92624  12.5%     -  133s
     0     0  985.76654    0  553 1125.63227  985.76654  12.4%     -  134s
     0     0  985.76665    0  560 1125.63227  985.76665  12.4%     -  134s
     0     0  988.90257    0  548 1125.63227  988.90257  12.1%     -  135s
     0     0  988.92161    0  552 1125.63227  988.92161  12.1%     -  136s
     0     0  988.92399    0  552 1125.63227  988.92399  12.1%     -  136s
     0     0  993.71259    0  555 1125.63227  993.71259  11.7%     -  137s
     0     0  993.91755    0  559 1125.63227  993.91755  11.7%     -  137s
     0     0  993.93620    0  554 1125.63227  993.93620  11.7%     -  137s
     0     0  993.93620    0  554 1125.63227  993.93620  11.7%     -  137s
     0     0  995.10678    0  543 1125.63227  995.10678  11.6%     -  139s
     0     0  995.20894    0  547 1125.63227  995.20894  11.6%     -  140s
     0     0  996.12490    0  555 1125.63227  996.12490  11.5%     -  142s
     0     0  996.15639    0  549 1125.63227  996.15639  11.5%     -  142s
     0     0  996.50553    0  547 1125.63227  996.50553  11.5%     -  148s
     0     0  996.63705    0  556 1125.63227  996.63705  11.5%     -  148s
     0     0  996.64382    0  557 1125.63227  996.64382  11.5%     -  148s
     0     0  996.64382    0  556 1125.63227  996.64382  11.5%     -  148s
     0     0  999.73823    0  558 1125.63227  999.73823  11.2%     -  150s
     0     0 1000.02834    0  559 1125.63227 1000.02834  11.2%     -  150s
     0     0 1000.11812    0  561 1125.63227 1000.11812  11.2%     -  150s
     0     0 1000.12845    0  562 1125.63227 1000.12845  11.1%     -  150s
     0     0 1000.12845    0  562 1125.63227 1000.12845  11.1%     -  150s
     0     0 1000.39670    0  577 1125.63227 1000.39670  11.1%     -  154s
     0     0 1000.47168    0  576 1125.63227 1000.47168  11.1%     -  154s
     0     0 1000.73178    0  570 1125.63227 1000.73178  11.1%     -  155s
     0     0 1000.95322    0  569 1125.63227 1000.95322  11.1%     -  155s
     0     0 1000.95322    0  571 1125.63227 1000.95322  11.1%     -  155s
     0     0 1000.95322    0  572 1125.63227 1000.95322  11.1%     -  156s
     0     0 1000.96622    0  571 1125.63227 1000.96622  11.1%     -  157s
     0     0 1000.96950    0  577 1125.63227 1000.96950  11.1%     -  157s
     0     0 1001.32854    0  576 1125.63227 1001.32854  11.0%     -  158s
     0     0 1001.36055    0  578 1125.63227 1001.36055  11.0%     -  158s
     0     0 1001.73539    0  577 1125.63227 1001.73539  11.0%     -  158s
     0     0 1001.73549    0  578 1125.63227 1001.73549  11.0%     -  158s
     0     0 1002.14134    0  576 1125.63227 1002.14134  11.0%     -  159s
     0     0 1002.17813    0  579 1125.63227 1002.17813  11.0%     -  159s
     0     0 1002.17813    0  580 1125.63227 1002.17813  11.0%     -  160s
     0     0 1002.17813    0  582 1125.63227 1002.17813  11.0%     -  160s
     0     0 1002.17875    0  579 1125.63227 1002.17875  11.0%     -  161s
     0     0 1004.17781    0  579 1125.63227 1004.17781  10.8%     -  161s
     0     0 1004.17781    0  579 1125.63227 1004.17781  10.8%     -  161s
     0     0 1004.17781    0  557 1125.63227 1004.17781  10.8%     -  164s
     0     0 1004.17781    0  482 1125.63227 1004.17781  10.8%     -  175s
     0     0 1004.17781    0  537 1125.63227 1004.17781  10.8%     -  181s
     0     0 1004.17781    0  557 1125.63227 1004.17781  10.8%     -  195s
     0     0 1004.17781    0  561 1125.63227 1004.17781  10.8%     -  199s
     0     0 1004.17781    0  564 1125.63227 1004.17781  10.8%     -  200s
     0     0 1004.17781    0  567 1125.63227 1004.17781  10.8%     -  200s
     0     0 1004.17781    0  579 1125.63227 1004.17781  10.8%     -  200s
     0     0 1004.17781    0  577 1125.63227 1004.17781  10.8%     -  200s
     0     0 1004.17781    0  563 1125.63227 1004.17781  10.8%     -  200s
     0     0 1004.17781    0  563 1125.63227 1004.17781  10.8%     -  200s
     0     0 1004.17781    0  574 1125.63227 1004.17781  10.8%     -  201s
     0     0 1004.17781    0  569 1125.63227 1004.17781  10.8%     -  201s
     0     0 1023.85524    0  533 1125.63227 1023.85524  9.04%     -  204s
     0     0 1023.89704    0  531 1125.63227 1023.89704  9.04%     -  204s
     0     0 1024.85586    0  545 1125.63227 1024.85586  8.95%     -  206s
     0     0 1024.94320    0  549 1125.63227 1024.94320  8.95%     -  207s
     0     0 1024.94719    0  548 1125.63227 1024.94719  8.94%     -  207s
     0     0 1025.00746    0  550 1125.63227 1025.00746  8.94%     -  208s
     0     0 1025.00746    0  549 1125.63227 1025.00746  8.94%     -  208s
     0     0 1025.22159    0  551 1125.63227 1025.22159  8.92%     -  209s
     0     0 1025.23533    0  552 1125.63227 1025.23533  8.92%     -  210s
     0     0 1025.23959    0  550 1125.63227 1025.23959  8.92%     -  210s
     0     0 1025.98598    0  543 1125.63227 1025.98598  8.85%     -  211s
     0     0 1026.02268    0  542 1125.63227 1026.02268  8.85%     -  211s
     0     0 1026.02306    0  543 1125.63227 1026.02306  8.85%     -  211s
     0     0 1026.76381    0  546 1125.63227 1026.76381  8.78%     -  212s
     0     0 1026.85169    0  551 1125.63227 1026.85169  8.78%     -  212s
     0     0 1026.85169    0  551 1125.63227 1026.85169  8.78%     -  213s
     0     0 1027.06454    0  548 1125.63227 1027.06454  8.76%     -  213s
     0     0 1027.23578    0  547 1125.63227 1027.23578  8.74%     -  214s
     0     0 1027.23708    0  548 1125.63227 1027.23708  8.74%     -  214s
     0     0 1027.83916    0  557 1125.63227 1027.83916  8.69%     -  215s
     0     0 1027.89601    0  552 1125.63227 1027.89601  8.68%     -  215s
     0     0 1027.89867    0  557 1125.63227 1027.89867  8.68%     -  215s
     0     0 1027.93171    0  556 1125.63227 1027.93171  8.68%     -  216s
     0     0 1027.93246    0  558 1125.63227 1027.93246  8.68%     -  216s
     0     0 1028.35720    0  544 1125.63227 1028.35720  8.64%     -  217s
     0     0 1028.37052    0  549 1125.63227 1028.37052  8.64%     -  218s
     0     0 1028.37055    0  550 1125.63227 1028.37055  8.64%     -  218s
     0     0 1028.46721    0  554 1125.63227 1028.46721  8.63%     -  219s
     0     0 1028.46721    0  554 1125.63227 1028.46721  8.63%     -  219s
     0     0 1028.66521    0  539 1125.63227 1028.66521  8.61%     -  220s
     0     0 1028.67028    0  549 1125.63227 1028.67028  8.61%     -  220s
     0     0 1028.80037    0  550 1125.63227 1028.80037  8.60%     -  221s
     0     0 1028.86019    0  558 1125.63227 1028.86019  8.60%     -  222s
     0     0 1028.86019    0  554 1125.63227 1028.86019  8.60%     -  222s
     0     0 1030.18943    0  541 1125.63227 1030.18943  8.48%     -  222s
     0     0 1030.26796    0  546 1125.63227 1030.26796  8.47%     -  223s
     0     0 1030.27436    0  544 1125.63227 1030.27436  8.47%     -  223s
     0     0 1030.70976    0  550 1125.63227 1030.70976  8.43%     -  224s
     0     0 1030.75953    0  552 1125.63227 1030.75953  8.43%     -  224s
     0     0 1030.76264    0  553 1125.63227 1030.76264  8.43%     -  224s
     0     0 1030.82763    0  550 1125.63227 1030.82763  8.42%     -  225s
     0     0 1030.88922    0  548 1125.63227 1030.88922  8.42%     -  225s
     0     0 1030.88922    0  551 1125.63227 1030.88922  8.42%     -  225s
     0     0 1031.30027    0  557 1125.63227 1031.30027  8.38%     -  226s
     0     0 1031.30237    0  559 1125.63227 1031.30237  8.38%     -  226s
     0     0 1031.58646    0  563 1125.63227 1031.58646  8.35%     -  227s
     0     0 1031.68356    0  568 1125.63227 1031.68356  8.35%     -  227s
     0     0 1031.69087    0  568 1125.63227 1031.69087  8.35%     -  227s
     0     0 1031.70084    0  569 1125.63227 1031.70084  8.34%     -  228s
     0     0 1031.70318    0  569 1125.63227 1031.70318  8.34%     -  228s
     0     0 1031.87601    0  560 1125.63227 1031.87601  8.33%     -  229s
     0     0 1031.89229    0  565 1125.63227 1031.89229  8.33%     -  229s
     0     0 1031.91835    0  561 1125.63227 1031.91835  8.33%     -  230s
     0     0 1031.92243    0  567 1125.63227 1031.92243  8.33%     -  230s
     0     0 1032.19393    0  572 1125.63227 1032.19393  8.30%     -  231s
     0     0 1032.23327    0  567 1125.63227 1032.23327  8.30%     -  232s
     0     0 1032.26689    0  570 1125.63227 1032.26689  8.29%     -  232s
     0     0 1032.27900    0  566 1125.63227 1032.27900  8.29%     -  232s
     0     0 1032.62938    0  569 1125.63227 1032.62938  8.26%     -  233s
     0     0 1033.07211    0  567 1125.63227 1033.07211  8.22%     -  234s
     0     0 1033.09569    0  562 1125.63227 1033.09569  8.22%     -  234s
     0     0 1033.09631    0  568 1125.63227 1033.09631  8.22%     -  234s
     0     0 1033.12749    0  567 1125.63227 1033.12749  8.22%     -  235s
     0     0 1033.13037    0  568 1125.63227 1033.13037  8.22%     -  235s
     0     0 1033.13285    0  565 1125.63227 1033.13285  8.22%     -  236s
     0     0 1033.13867    0  569 1125.63227 1033.13867  8.22%     -  236s
     0     0 1033.38492    0  570 1125.63227 1033.38492  8.20%     -  237s
     0     0 1033.40426    0  586 1125.63227 1033.40426  8.19%     -  237s
     0     0 1033.40865    0  586 1125.63227 1033.40865  8.19%     -  237s
     0     0 1033.47006    0  592 1125.63227 1033.47006  8.19%     -  238s
     0     0 1033.51395    0  595 1125.63227 1033.51395  8.18%     -  238s
     0     0 1033.51677    0  602 1125.63227 1033.51677  8.18%     -  238s
     0     0 1033.52081    0  601 1125.63227 1033.52081  8.18%     -  239s
     0     0 1033.52312    0  601 1125.63227 1033.52312  8.18%     -  239s
     0     0 1033.52312    0  601 1125.63227 1033.52312  8.18%     -  239s
     0     0 1033.52312    0  596 1125.63227 1033.52312  8.18%     -  242s
     0     0 1039.27992    0  476 1125.63227 1039.27992  7.67%     -  251s
H    0     0                    1125.6322698 1039.27992  7.67%     -  251s
     0     0 1039.27992    0  526 1125.63227 1039.27992  7.67%     -  253s
     0     0 1039.27992    0  550 1125.63227 1039.27992  7.67%     -  259s
     0     0 1039.27992    0  569 1125.63227 1039.27992  7.67%     -  262s
     0     0 1039.27992    0  563 1125.63227 1039.27992  7.67%     -  263s
     0     0 1039.27992    0  592 1125.63227 1039.27992  7.67%     -  264s
     0     0 1039.27992    0  605 1125.63227 1039.27992  7.67%     -  264s
     0     0 1039.27992    0  605 1125.63227 1039.27992  7.67%     -  264s
     0     0 1039.27992    0  607 1125.63227 1039.27992  7.67%     -  264s
     0     0 1039.27992    0  610 1125.63227 1039.27992  7.67%     -  265s
     0     0 1039.27992    0  615 1125.63227 1039.27992  7.67%     -  265s
     0     0 1039.27992    0  592 1125.63227 1039.27992  7.67%     -  268s
     0     0 1039.27992    0  598 1125.63227 1039.27992  7.67%     -  269s
     0     0 1039.27992    0  593 1125.63227 1039.27992  7.67%     -  271s
     0     0 1039.27992    0  587 1125.63227 1039.27992  7.67%     -  271s
     0     0 1039.27992    0  575 1125.63227 1039.27992  7.67%     -  272s
     0     0 1039.27992    0  588 1125.63227 1039.27992  7.67%     -  272s
     0     0 1039.27992    0  588 1125.63227 1039.27992  7.67%     -  273s
     0     0 1039.27992    0  588 1125.63227 1039.27992  7.67%     -  273s
     0     0 1039.27992    0  573 1125.63227 1039.27992  7.67%     -  274s
H    0     0                    1124.6581938 1039.27992  7.59%     -  277s
     0     2 1043.47417    0  572 1124.65819 1043.47417  7.22%     -  280s
    35    41 1090.97500    7  232 1124.65819 1043.47417  7.22%  1397  286s
   248   273 1114.23130   49  142 1124.65819 1043.47417  7.22%   400  290s
   528   514 1103.52162   42  127 1124.65819 1043.47417  7.22%   302  295s

Cutting planes:
  Learned: 1
  Gomory: 4
  Cover: 3
  Implied bound: 213
  Clique: 10
  MIR: 74
  Flow cover: 122
  GUB cover: 1
  Zero half: 51
  Mod-K: 12
  Network: 3
  RLT: 12
  Relax-and-lift: 206
  BQP: 1

Explored 1016 nodes (896416 simplex iterations) in 300.01 seconds (615.50 work units)
Thread count was 4 (of 32 available processors)

Solution count 10: 1124.66 1125.63 1125.63 ... 1175.06

Time limit reached
Best objective 1.124658193810e+03, best bound 1.043474167365e+03, gap 7.2186%

User-callback calls 65689, time in user-callback 0.01 sec
Cap boundary reject: PORT-591 real=1124.658 baseline=1124.658
Cap boundary debug: PORT-591 -> [346 345 344 343 342 341 316 283 284 555 558 559 560 561 562 563 564 565 566 567 568 569 570 571 573 576 527 435 438 448 449 450 451 452 453 454 455 456 457 458 465 505 506 444 443 442 441 440 437 436 512 513] -> PORT-593 -> [514 575 577 574 572 534 535 536 537 538 539 544 540 543 542 541 545 546 547 548 549 554 553 550 551 552 285 286 287 282 556 557 281 280 279 278 277 276] -> PORT-591 | load_left=43988 load_right=42790 cap=45000
Set parameter Username
Set parameter LicenseID to value 2738882
Academic license - for non-commercial use only - expires 2026-11-14
Set parameter TimeLimit to value 300
Set parameter Seed to value 748685483
Set parameter Threads to value 4
Set parameter OutputFlag to value 1
Set parameter LogToConsole to value 1
Set parameter LazyConstraints to value 1
Gurobi Optimizer version 13.0.0 build v13.0.0rc1 (linux64 - "Debian GNU/Linux 13 (trixie)")

CPU model: AMD Ryzen 9 5950X 16-Core Processor, instruction set [SSE2|AVX|AVX2]
Thread count: 16 physical cores, 32 logical processors, using up to 4 threads

Non-default parameters:
TimeLimit  300
Seed  748685483
Threads  4
LazyConstraints  1

Optimize a model with 35682 rows, 101568 columns and 203124 nonzeros (Min)
Model fingerprint: 0xe91ce29b
Model has 33488 linear objective coefficients
Variable types: 67712 continuous, 33856 integer (33856 binary)
Coefficient statistics:
  Matrix range     [1e+00, 4e+04]
  Objective range  [6e-01, 1e+05]
  Bounds range     [1e+00, 4e+04]
  RHS range        [1e+00, 1e+04]
Presolve removed 2014 rows and 35048 columns
Presolve time: 0.34s
Presolved: 33668 rows, 66520 columns, 199133 nonzeros
Variable types: 32940 continuous, 33580 integer (33580 binary)
Root relaxation presolved: 33668 rows, 66520 columns, 199133 nonzeros

Deterministic concurrent LP optimizer: primal and dual simplex
Showing primal log only...

Concurrent spin time: 0.00s

Solved with primal simplex

Root relaxation: objective 6.198269e+02, 56267 iterations, 2.53 seconds (4.51 work units)

    Nodes    |    Current Node    |     Objective Bounds      |     Work
 Expl Unexpl |  Obj  Depth IntInf | Incumbent    BestBd   Gap | It/Node Time

     0     0  619.82686    0  320          -  619.82686      -     -    3s
H    0     0                    101394.45367  619.82686  99.4%     -    3s
     0     0  619.82686    0  320 101394.454  619.82686  99.4%     -   11s
H    0     0                    1585.7300954  619.82686  60.9%     -   12s
H    0     0                    1348.9963168  619.82686  54.1%     -   14s
H    0     0                    1314.2172811  619.82686  52.8%     -   15s
H    0     0                    1244.4537204  619.82686  50.2%     -   15s
H    0     0                    1214.7106589  619.82686  49.0%     -   16s
H    0     0                    1211.7683891  619.82686  48.8%     -   16s
H    0     0                    1129.2874802  619.82686  45.1%     -   16s
H    0     0                    1087.9255728  619.82686  43.0%     -   18s
H    0     0                    1078.9053651  619.82686  42.6%     -   19s
     0     0  812.14825    0  328 1078.90537  812.14825  24.7%     -   23s
     0     0  815.93745    0  369 1078.90537  815.93745  24.4%     -   26s
H    0     0                    1076.0800685  815.95660  24.2%     -   26s
H    0     0                    1069.6284172  815.95660  23.7%     -   27s
H    0     0                    1069.2853848  815.95660  23.7%     -   28s
H    0     0                    1043.0110769  815.95660  21.8%     -   29s
H    0     0                    1039.5869444  815.95660  21.5%     -   29s
H    0     0                     996.6134255  815.95660  18.1%     -   30s
H    0     0                     993.6850201  815.95660  17.9%     -   30s
H    0     0                     990.7348499  815.95660  17.6%     -   30s
H    0     0                     990.1286686  815.95660  17.6%     -   30s
H    0     0                     988.5996295  815.95660  17.5%     -   31s
H    0     0                     984.3790970  815.95660  17.1%     -   31s
H    0     0                     984.3790968  815.95660  17.1%     -   32s
H    0     0                     984.1961902  815.95660  17.1%     -   32s
     0     0  815.95660    0  365  984.19619  815.95660  17.1%     -   32s
     0     0  816.72714    0  367  984.19619  816.72714  17.0%     -   35s
     0     0  816.72928    0  378  984.19619  816.72928  17.0%     -   35s
     0     0  816.89065    0  381  984.19619  816.89065  17.0%     -   35s
     0     0  816.89820    0  383  984.19619  816.89820  17.0%     -   35s
     0     0  816.89820    0  385  984.19619  816.89820  17.0%     -   35s
     0     0  819.68900    0  388  984.19619  819.68900  16.7%     -   40s
     0     0  820.21893    0  391  984.19619  820.21893  16.7%     -   41s
     0     0  820.21893    0  391  984.19619  820.21893  16.7%     -   41s
     0     0  821.18323    0  427  984.19619  821.18323  16.6%     -   45s
     0     0  821.20320    0  423  984.19619  821.20320  16.6%     -   45s
     0     0  821.20326    0  424  984.19619  821.20326  16.6%     -   45s
     0     0  821.73316    0  409  984.19619  821.73316  16.5%     -   47s
     0     0  821.85855    0  413  984.19619  821.85855  16.5%     -   49s
     0     0  821.86666    0  418  984.19619  821.86666  16.5%     -   49s
     0     0  821.86666    0  418  984.19619  821.86666  16.5%     -   49s
     0     0  822.21283    0  426  984.19619  822.21283  16.5%     -   52s
     0     0  822.33738    0  432  984.19619  822.33738  16.4%     -   53s
     0     0  822.36351    0  414  984.19619  822.36351  16.4%     -   53s
     0     0  822.36497    0  437  984.19619  822.36497  16.4%     -   54s
     0     0  822.55381    0  429  984.19619  822.55381  16.4%     -   55s
     0     0  822.61107    0  423  984.19619  822.61107  16.4%     -   56s
     0     0  822.62148    0  436  984.19619  822.62148  16.4%     -   56s
     0     0  822.62148    0  434  984.19619  822.62148  16.4%     -   56s
     0     0  824.99884    0  439  984.19619  824.99884  16.2%     -   58s
     0     0  825.11400    0  437  984.19619  825.11400  16.2%     -   58s
     0     0  825.13955    0  438  984.19619  825.13955  16.2%     -   58s
     0     0  825.14294    0  434  984.19619  825.14294  16.2%     -   59s
     0     0  825.14294    0  437  984.19619  825.14294  16.2%     -   59s
     0     0  825.27417    0  454  984.19619  825.27417  16.1%     -   60s
H    0     0                     976.1956800  825.27417  15.5%     -   61s
H    0     0                     975.2054938  825.27417  15.4%     -   61s
H    0     0                     970.9821293  825.27417  15.0%     -   63s
H    0     0                     970.9821275  825.27417  15.0%     -   63s
H    0     0                     960.2891338  825.27417  14.1%     -   64s
H    0     0                     955.6131228  825.27417  13.6%     -   65s
     0     0  825.28106    0  452  955.61312  825.28106  13.6%     -   69s
     0     0  825.28574    0  455  955.61312  825.28574  13.6%     -   69s
     0     0  825.28576    0  456  955.61312  825.28576  13.6%     -   69s
     0     0  825.42878    0  464  955.61312  825.42878  13.6%     -   71s
     0     0  825.42878    0  323  955.61312  825.42878  13.6%     -   73s
H    0     0                     954.7873220  825.42878  13.5%     -   74s
H    0     0                     949.6154292  825.42878  13.1%     -   74s
     0     0  825.42878    0  387  949.61543  825.42878  13.1%     -   77s
H    0     0                     949.6154291  825.42878  13.1%     -   81s
     0     0  825.42878    0  404  949.61543  825.42878  13.1%     -   83s
     0     0  825.42878    0  447  949.61543  825.42878  13.1%     -   84s
     0     0  825.47609    0  453  949.61543  825.47609  13.1%     -   84s
     0     0  825.50835    0  451  949.61543  825.50835  13.1%     -   84s
     0     0  825.50885    0  452  949.61543  825.50885  13.1%     -   84s
     0     0  826.72151    0  458  949.61543  826.72151  12.9%     -   87s
H    0     0                     949.5138102  826.72151  12.9%     -   87s
     0     0  826.76427    0  457  949.51381  826.76427  12.9%     -   88s
     0     0  826.76494    0  451  949.51381  826.76494  12.9%     -   89s
     0     0  830.36299    0  457  949.51381  830.36299  12.5%     -   95s
     0     0  830.46109    0  448  949.51381  830.46109  12.5%     -   96s
     0     0  830.46237    0  452  949.51381  830.46237  12.5%     -   96s
     0     0  833.14006    0  448  949.51381  833.14006  12.3%     -   99s
     0     0  833.23117    0  451  949.51381  833.23117  12.2%     -  100s
     0     0  833.23931    0  445  949.51381  833.23931  12.2%     -  100s
     0     0  833.24272    0  448  949.51381  833.24272  12.2%     -  100s
     0     0  833.49286    0  448  949.51381  833.49286  12.2%     -  101s
     0     0  833.49303    0  449  949.51381  833.49303  12.2%     -  101s
     0     0  833.58028    0  443  949.51381  833.58028  12.2%     -  102s
H    0     0                     948.1938905  833.58780  12.1%     -  103s
H    0     0                     944.2551645  833.58780  11.7%     -  103s
H    0     0                     944.1323946  833.58780  11.7%     -  103s
H    0     0                     944.1323901  833.58780  11.7%     -  103s
     0     0  833.63016    0  448  944.13239  833.63016  11.7%     -  104s
     0     0  833.63030    0  449  944.13239  833.63030  11.7%     -  104s
     0     0  833.85056    0  462  944.13239  833.85056  11.7%     -  106s
     0     0  834.02961    0  460  944.13239  834.02961  11.7%     -  106s
     0     0  834.02961    0  460  944.13239  834.02961  11.7%     -  106s
     0     0  834.35164    0  443  944.13239  834.35164  11.6%     -  107s
     0     0  834.35789    0  447  944.13239  834.35789  11.6%     -  107s
     0     0  834.35806    0  442  944.13239  834.35806  11.6%     -  107s
     0     0  834.61519    0  452  944.13239  834.61519  11.6%     -  108s
     0     0  834.63133    0  451  944.13239  834.63133  11.6%     -  109s
     0     0  834.63155    0  450  944.13239  834.63155  11.6%     -  109s
     0     0  834.88824    0  419  944.13239  834.88824  11.6%     -  110s
     0     0  834.93436    0  436  944.13239  834.93436  11.6%     -  111s
     0     0  834.93436    0  436  944.13239  834.93436  11.6%     -  111s
     0     0  835.46675    0  438  944.13239  835.46675  11.5%     -  112s
     0     0  835.68216    0  432  944.13239  835.68216  11.5%     -  112s
     0     0  835.69042    0  440  944.13239  835.69042  11.5%     -  112s
     0     0  835.69152    0  436  944.13239  835.69152  11.5%     -  113s
     0     0  835.73336    0  443  944.13239  835.73336  11.5%     -  114s
     0     0  835.74021    0  442  944.13239  835.74021  11.5%     -  114s
     0     0  835.74027    0  450  944.13239  835.74027  11.5%     -  114s
     0     0  835.76536    0  439  944.13239  835.76536  11.5%     -  115s
     0     0  835.77039    0  438  944.13239  835.77039  11.5%     -  116s
     0     0  835.79012    0  433  944.13239  835.79012  11.5%     -  116s
     0     0  835.79134    0  439  944.13239  835.79134  11.5%     -  116s
     0     0  835.79475    0  442  944.13239  835.79475  11.5%     -  117s
     0     0  835.80038    0  442  944.13239  835.80038  11.5%     -  117s
     0     0  835.80038    0  423  944.13239  835.80038  11.5%     -  118s
     0     2  835.81652    0  421  944.13239  835.81652  11.5%     -  132s
    41    45  845.22712    9  400  944.13239  836.89270  11.4%   413  138s
    58    70  843.24383   13  423  944.13239  836.89270  11.4%   481  140s
   113   116  849.34237   20  400  944.13239  836.89270  11.4%   493  146s
H  114   116                     942.7682857  836.89270  11.2%   488  146s
   163   164  866.13414   27  380  942.76829  836.89270  11.2%   428  150s
H  165   164                     941.2031849  836.89270  11.1%   437  150s
H  167   168                     935.6418300  836.89270  10.6%   433  151s
   190   199  864.07734   36  349  935.64183  836.89270  10.6%   493  155s
H  245   257                     935.6418298  836.89270  10.6%   454  158s
   342   382  880.15485   77  366  935.64183  836.89270  10.6%   343  162s
   385   428  880.79194   84  368  935.64183  836.89270  10.6%   342  165s
   494   544  917.75347   97  289  935.64183  836.89270  10.6%   340  170s
   638   636  905.51494  140  274  935.64183  837.19584  10.5%   291  175s
   759   757  916.80560  220  256  935.64183  837.19584  10.5%   285  180s
   932   990  850.42443    8  428  935.64183  837.19584  10.5%   271  186s
  1174  1109  846.05391    7  464  935.64183  837.19584  10.5%   240  208s
  1176  1110  849.79760   22  338  935.64183  837.19584  10.5%   240  213s
  1177  1111  860.05018   39  357  935.64183  837.19584  10.5%   240  218s
  1179  1112  919.35894  168  442  935.64183  837.19584  10.5%   239  220s
  1186  1117  916.67899  210  464  935.64183  838.34907  10.4%   238  225s
  1191  1120  902.03765  148  465  935.64183  839.51256  10.3%   237  230s
  1200  1126  873.92392   61  469  935.64183  840.72614  10.1%   235  235s
  1210  1133  909.20940  172  482  935.64183  841.41747  10.1%   233  240s
  1220  1140  900.38187  121  455  935.64183  842.43253  10.0%   231  246s
  1230  1146  845.55204   21  463  935.64183  843.13213  9.89%   229  250s
  1240  1153  860.11054   26  459  935.64183  843.13213  9.89%   227  255s
  1250  1160  908.19692  157  458  935.64183  843.61499  9.84%   226  260s
  1256  1164  903.28095  117  425  935.64183  843.97251  9.80%   225  265s
  1264  1169  908.67228  151  474  935.64183  844.22978  9.77%   223  270s
  1271  1174  910.44582  154  476  935.64183  844.44677  9.75%   222  275s
  1277  1178  860.05018   39  468  935.64183  844.60613  9.73%   221  280s
  1287  1184  850.37699   23  473  935.64183  844.69952  9.72%   219  285s
  1294  1189  861.95531   34  477  935.64183  844.73438  9.72%   218  291s
  1299  1192  845.21904   16  468  935.64183  844.88432  9.70%   217  295s

Cutting planes:
  Learned: 1
  Gomory: 4
  Cover: 8
  Implied bound: 138
  Projected implied bound: 7
  Clique: 4
  MIR: 91
  Flow cover: 92
  GUB cover: 1
  Zero half: 37
  Mod-K: 1
  Network: 1
  RLT: 6
  Relax-and-lift: 67

Explored 1313 nodes (670670 simplex iterations) in 300.05 seconds (710.80 work units)
Thread count was 4 (of 32 available processors)

Solution count 10: 935.642 935.642 941.203 ... 949.615

Time limit reached
Best objective 9.356418298165e+02, best bound 8.449905489493e+02, gap 9.6887%

User-callback calls 51759, time in user-callback 0.01 sec
Cap boundary reject: PORT-593 real=933.947 baseline=916.698
Cap boundary debug: PORT-588 -> [118 119 120 121 122 473 481 469 470 471 472 123 266 267 265 263 262 261 260 254 255 206 209 201 200 199 198 197 196 195 194 193 217 189 188 224 225 187 186 185 184 183 182 226 178 13 480] -> PORT-581 -> [93 25 5 4 3 1 117 116 115 476 477 478 479 467 466 474 475 7 6 10 11 143 12 14 15 16 17 18 21 19 20 357 366] -> PORT-591 | load_left=44420 load_right=43203 cap=45000
Set parameter Username
Set parameter LicenseID to value 2738882
Academic license - for non-commercial use only - expires 2026-11-14
Set parameter TimeLimit to value 300
Set parameter Seed to value 906124931
Set parameter Threads to value 4
Set parameter OutputFlag to value 1
Set parameter LogToConsole to value 1
Set parameter LazyConstraints to value 1
Gurobi Optimizer version 13.0.0 build v13.0.0rc1 (linux64 - "Debian GNU/Linux 13 (trixie)")

CPU model: AMD Ryzen 9 5950X 16-Core Processor, instruction set [SSE2|AVX|AVX2]
Thread count: 16 physical cores, 32 logical processors, using up to 4 threads

Non-default parameters:
TimeLimit  300
Seed  906124931
Threads  4
LazyConstraints  1

Optimize a model with 28522 rows, 80688 columns and 161364 nonzeros (Min)
Model fingerprint: 0x5dea9450
Model has 26568 linear objective coefficients
Variable types: 53792 continuous, 26896 integer (26896 binary)
Coefficient statistics:
  Matrix range     [1e+00, 4e+04]
  Objective range  [3e-01, 1e+05]
  Bounds range     [1e+00, 4e+04]
  RHS range        [1e+00, 1e+04]
Presolve removed 1794 rows and 27958 columns
Presolve time: 0.26s
Presolved: 26728 rows, 52730 columns, 157848 nonzeros
Variable types: 26080 continuous, 26650 integer (26650 binary)
Root relaxation presolved: 26728 rows, 52730 columns, 157848 nonzeros

Deterministic concurrent LP optimizer: primal and dual simplex
Showing primal log only...

Concurrent spin time: 0.00s

Solved with primal simplex

Root relaxation: objective 9.901662e+02, 28494 iterations, 1.03 seconds (2.00 work units)

    Nodes    |    Current Node    |     Objective Bounds      |     Work
 Expl Unexpl |  Obj  Depth IntInf | Incumbent    BestBd   Gap | It/Node Time

     0     0  990.16615    0  368          -  990.16615      -     -    1s
H    0     0                    1381.3900159  990.16615  28.3%     -    4s
     0     0  990.16615    0  368 1381.39002  990.16615  28.3%     -    6s
H    0     0                    1378.0165168  990.16615  28.1%     -    6s
H    0     0                    1347.6375279  990.16615  26.5%     -    6s
H    0     0                    1345.6637105  990.16615  26.4%     -    7s
H    0     0                    1333.4119313  990.16615  25.7%     -    8s
H    0     0                    1311.0683498  990.16615  24.5%     -    9s
     0     0  990.16615    0  365 1311.06835  990.16615  24.5%     -   10s
     0     0  990.16615    0  369 1311.06835  990.16615  24.5%     -   10s
     0     0  990.17929    0  370 1311.06835  990.17929  24.5%     -   10s
     0     0  990.18004    0  370 1311.06835  990.18004  24.5%     -   10s
     0     0 1005.41913    0  361 1311.06835 1005.41913  23.3%     -   10s
     0     0 1014.66194    0  425 1311.06835 1014.66194  22.6%     -   13s
H    0     0                    1286.2005270 1014.72220  21.1%     -   14s
H    0     0                    1281.8859403 1014.72220  20.8%     -   17s
H    0     0                    1245.4535399 1014.72220  18.5%     -   17s
H    0     0                    1244.9201414 1014.72220  18.5%     -   17s
H    0     0                    1243.6219679 1014.72220  18.4%     -   20s
H    0     0                    1241.6338799 1014.72220  18.3%     -   22s
H    0     0                    1241.0741457 1014.72220  18.2%     -   22s
H    0     0                    1241.0187073 1014.72220  18.2%     -   22s
H    0     0                    1240.4589732 1014.72220  18.2%     -   22s
H    0     0                    1227.8297545 1014.72220  17.4%     -   28s
H    0     0                    1220.8924990 1014.72220  16.9%     -   28s
H    0     0                    1220.1670160 1014.72220  16.8%     -   29s
H    0     0                    1219.4417282 1014.72220  16.8%     -   29s
H    0     0                    1216.8404755 1014.72220  16.6%     -   29s
H    0     0                    1216.2807414 1014.72220  16.6%     -   30s
H    0     0                    1213.4555491 1014.72220  16.4%     -   30s
     0     0 1016.05903    0  417 1213.45555 1016.05903  16.3%     -   31s
     0     0 1016.05903    0  418 1213.45555 1016.05903  16.3%     -   31s
     0     0 1023.90052    0  407 1213.45555 1023.90052  15.6%     -   34s
     0     0 1023.91382    0  410 1213.45555 1023.91382  15.6%     -   34s
     0     0 1023.91492    0  414 1213.45555 1023.91492  15.6%     -   35s
     0     0 1027.56505    0  434 1213.45555 1027.56505  15.3%     -   37s
     0     0 1027.58950    0  442 1213.45555 1027.58950  15.3%     -   37s
     0     0 1027.58998    0  442 1213.45555 1027.58998  15.3%     -   37s
     0     0 1028.42920    0  469 1213.45555 1028.42920  15.2%     -   39s
     0     0 1028.59025    0  475 1213.45555 1028.59025  15.2%     -   39s
     0     0 1028.59159    0  477 1213.45555 1028.59159  15.2%     -   40s
     0     0 1029.52678    0  468 1213.45555 1029.52678  15.2%     -   42s
     0     0 1029.57754    0  475 1213.45555 1029.57754  15.2%     -   42s
     0     0 1029.57953    0  477 1213.45555 1029.57953  15.2%     -   42s
     0     0 1029.84689    0  492 1213.45555 1029.84689  15.1%     -   44s
     0     0 1029.88977    0  493 1213.45555 1029.88977  15.1%     -   44s
     0     0 1029.89227    0  490 1213.45555 1029.89227  15.1%     -   44s
     0     0 1030.10333    0  478 1213.45555 1030.10333  15.1%     -   47s
     0     0 1030.15633    0  480 1213.45555 1030.15633  15.1%     -   47s
     0     0 1030.15820    0  483 1213.45555 1030.15820  15.1%     -   47s
     0     0 1030.55557    0  477 1213.45555 1030.55557  15.1%     -   49s
     0     0 1030.62905    0  485 1213.45555 1030.62905  15.1%     -   50s
     0     0 1030.63975    0  492 1213.45555 1030.63975  15.1%     -   50s
     0     0 1030.64170    0  492 1213.45555 1030.64170  15.1%     -   50s
     0     0 1030.82857    0  493 1213.45555 1030.82857  15.1%     -   52s
     0     0 1030.90905    0  481 1213.45555 1030.90905  15.0%     -   52s
     0     0 1030.91529    0  483 1213.45555 1030.91529  15.0%     -   52s
     0     0 1030.95794    0  482 1213.45555 1030.95794  15.0%     -   54s
     0     0 1030.96411    0  487 1213.45555 1030.96411  15.0%     -   55s
     0     0 1031.06065    0  502 1213.45555 1031.06065  15.0%     -   57s
     0     0 1031.07117    0  490 1213.45555 1031.07117  15.0%     -   57s
     0     0 1031.07812    0  500 1213.45555 1031.07812  15.0%     -   57s
     0     0 1031.23089    0  493 1213.45555 1031.23089  15.0%     -   59s
     0     0 1031.24368    0  494 1213.45555 1031.24368  15.0%     -   59s
     0     0 1031.24777    0  491 1213.45555 1031.24777  15.0%     -   59s
     0     0 1031.32823    0  482 1213.45555 1031.32823  15.0%     -   61s
     0     0 1031.35579    0  482 1213.45555 1031.35579  15.0%     -   62s
     0     0 1031.36132    0  485 1213.45555 1031.36132  15.0%     -   62s
     0     0 1031.45168    0  484 1213.45555 1031.45168  15.0%     -   64s
     0     0 1031.46392    0  488 1213.45555 1031.46392  15.0%     -   64s
     0     0 1031.46881    0  488 1213.45555 1031.46881  15.0%     -   64s
     0     0 1031.48462    0  485 1213.45555 1031.48462  15.0%     -   66s
     0     0 1031.54618    0  484 1213.45555 1031.54618  15.0%     -   68s
     0     0 1031.54618    0  484 1213.45555 1031.54618  15.0%     -   68s
     0     0 1031.54618    0  479 1213.45555 1031.54618  15.0%     -   68s
     0     2 1031.54618    0  475 1213.45555 1031.54618  15.0%     -   72s
    24    30 1034.39714    7  430 1213.45555 1031.63441  15.0%   371   75s
    53    60 1036.44923   12  424 1213.45555 1031.63441  15.0%   674   80s
   158   172 1042.75553   33  303 1213.45555 1031.63441  15.0%   400   85s
   244   272 1048.76949   43  247 1213.45555 1031.63441  15.0%   342   90s
   691   745 1062.28794  140  255 1213.45555 1031.63441  15.0%   172   95s
H 1179  1184                    1213.1847436 1031.63441  15.0%   130  100s
  1700  1836 1087.61574  375  213 1213.18474 1031.63441  15.0%   111  106s
  2323  2320 1102.88493  416  183 1213.18474 1031.63441  15.0%   101  110s
H 2329  2324                    1213.1847430 1031.63441  15.0%   101  111s
H 2332  2420                    1213.1847308 1031.63441  15.0%   101  113s
  2601  2592 1113.80402  453  178 1213.18473 1031.63441  15.0%  95.1  115s
  2928  2970 1136.70251  627  153 1213.18473 1031.63441  15.0%  91.9  121s
  3029  3036 1158.94519  659  139 1213.18473 1031.63441  15.0%  93.2  126s
  3100  3141 1159.05682  661  133 1213.18473 1031.63441  15.0%  94.0  130s
  3278  3342 1159.38929  664  149 1213.18473 1031.63441  15.0%  93.0  135s
  3661  3840 1181.42403  698  121 1213.18473 1031.73646  15.0%  93.3  140s
  4355  4345 1040.33888   16  356 1213.18473 1031.73646  15.0%  89.4  145s
  4884  4946 1047.71293   25  315 1213.18473 1031.79285  15.0%  88.0  151s
  5028  4947 1108.51451  546  479 1213.18473 1031.89370  14.9%  88.4  182s
  5030  4948 1041.87834   39  363 1213.18473 1031.89370  14.9%  88.4  191s
  5031  4949 1111.96140  666  444 1213.18473 1031.89370  14.9%  88.4  205s
  5040  4955 1109.83731  417  497 1213.18473 1031.89370  14.9%  88.2  211s
  5041  4956 1051.11281   86  486 1213.18473 1033.31395  14.8%  88.2  215s
  5045  4958 1057.14761  201  518 1213.18473 1034.82312  14.7%  88.1  224s
  5049  4961 1154.37215  449  512 1213.18473 1034.97297  14.7%  88.1  228s
  5050  4962 1036.78919    7  518 1213.18473 1036.78919  14.5%  88.0  234s
  5051  4962 1070.68433  198  508 1213.18473 1037.09976  14.5%  88.0  235s
  5055  4965 1090.94246  675  518 1213.18473 1037.86534  14.5%  88.0  243s
  5058  4967 1054.63491   53  527 1213.18473 1037.86534  14.5%  87.9  246s
  5059  4968 1044.48198   29  524 1213.18473 1038.07078  14.4%  87.9  252s
  5062  4970 1089.99476  309  535 1213.18473 1038.19744  14.4%  87.8  257s
  5063  4970 1052.42207  127  522 1213.18473 1038.51218  14.4%  87.8  262s
  5067  4973 1107.03278  389  541 1213.18473 1038.59610  14.4%  87.7  266s
  5068  4974 1051.21586   32  537 1213.18473 1039.09572  14.3%  87.7  272s
  5075  4978 1172.56715  578  551 1213.18473 1039.36928  14.3%  87.6  277s
  5076  4979 1147.23825  532  540 1213.18473 1040.12810  14.3%  87.6  283s
  5079  4981 1085.33502  296  557 1213.18473 1040.43453  14.2%  87.5  285s
  5082  4983 1099.67751  423  556 1213.18473 1040.74382  14.2%  87.5  294s
  5085  4985 1146.24380  509  557 1213.18473 1041.01105  14.2%  87.4  298s

Cutting planes:
  Gomory: 1
  Cover: 11
  Implied bound: 254
  Projected implied bound: 15
  MIR: 174
  Mixing: 4
  Flow cover: 192
  GUB cover: 1
  Zero half: 20
  Relax-and-lift: 110
  BQP: 10

Explored 5085 nodes (563981 simplex iterations) in 300.02 seconds (703.02 work units)
Thread count was 4 (of 32 available processors)

Solution count 10: 1213.18 1213.18 1213.46 ... 1240.46

Time limit reached
Best objective 1.213184730806e+03, best bound 1.041211260529e+03, gap 14.1754%

User-callback calls 50738, time in user-callback 0.01 sec
Cap boundary reject: PORT-581 segment infeasible left=100697.316 right=100687.661
Cap boundary reject: PORT-581 real=1000000000000000052504760255204420248704468581108159154915854115511802457988908195786371375080447864043704443832883878176942523235360430575644792184786706982848387200926575803737830233794788090059368953234970799945081119038967640880074652742780142494579258788820056842838115669472196386865459400540160.000 baseline=1323.525
Cap boundary debug: PORT-581 -> [93 25 5 4 3 1 117 116 115 476 477 478 479 467 466 474 475 7 6 10 11 143 12 14 15 16 17 18 21 19 20 357 366] -> PORT-591 -> [356 355 354 352 351 322 308 533 532 531 530 529 528 526 524 525 578 579 580 523 522 521 517 427] -> PORT-593 | load_left=43203 load_right=44550 cap=45000
Set parameter Username
Set parameter LicenseID to value 2738882
Academic license - for non-commercial use only - expires 2026-11-14
Set parameter TimeLimit to value 300
Set parameter Seed to value 2000000000
Set parameter Threads to value 4
Set parameter OutputFlag to value 1
Set parameter LogToConsole to value 1
Set parameter LazyConstraints to value 1
Gurobi Optimizer version 13.0.0 build v13.0.0rc1 (linux64 - "Debian GNU/Linux 13 (trixie)")

CPU model: AMD Ryzen 9 5950X 16-Core Processor, instruction set [SSE2|AVX|AVX2]
Thread count: 16 physical cores, 32 logical processors, using up to 4 threads

Non-default parameters:
TimeLimit  300
Seed  2000000000
Threads  4
LazyConstraints  1

Optimize a model with 15090 rows, 41772 columns and 83532 nonzeros (Min)
Model fingerprint: 0x5135ea1a
Model has 13688 linear objective coefficients
Variable types: 27848 continuous, 13924 integer (13924 binary)
Coefficient statistics:
  Matrix range     [1e+00, 4e+04]
  Objective range  [5e-01, 1e+05]
  Bounds range     [1e+00, 4e+04]
  RHS range        [1e+00, 1e+04]
Presolve removed 1288 rows and 14687 columns
Presolve time: 0.15s
Presolved: 13802 rows, 27085 columns, 81093 nonzeros
Variable types: 13338 continuous, 13747 integer (13747 binary)

Root relaxation: objective 1.054107e+03, 34422 iterations, 3.43 seconds (9.25 work units)

    Nodes    |    Current Node    |     Objective Bounds      |     Work
 Expl Unexpl |  Obj  Depth IntInf | Incumbent    BestBd   Gap | It/Node Time

     0     0 1054.10678    0  190          - 1054.10678      -     -    3s
H    0     0                    202829.34290 1054.10678  99.5%     -    4s
H    0     0                    101814.00715 1054.10678  99.0%     -    4s
H    0     0                    1842.7076377 1054.10678  42.8%     -    4s
H    0     0                    1824.9902427 1054.10678  42.2%     -    4s
H    0     0                    1791.3388535 1054.10678  41.2%     -    5s
H    0     0                    1781.1695489 1054.10678  40.8%     -    5s
H    0     0                    1777.4483905 1054.10678  40.7%     -    5s
H    0     0                    1757.7258068 1054.10678  40.0%     -    5s
H    0     0                    1630.7278679 1054.10678  35.4%     -    5s
H    0     0                    1630.0896266 1054.10678  35.3%     -    5s
H    0     0                    1629.4484965 1054.10678  35.3%     -    5s
     0     0 1088.60270    0  225 1629.44850 1088.60270  33.2%     -    5s
     0     0 1093.86093    0  250 1629.44850 1093.86093  32.9%     -    6s
     0     0 1093.86093    0  225 1629.44850 1093.86093  32.9%     -    8s
H    0     0                    1620.9590240 1093.86093  32.5%     -    9s
H    0     0                    1614.4185555 1093.86093  32.2%     -   10s
H    0     0                    1611.7783231 1093.86093  32.1%     -   10s
H    0     0                    1610.2784145 1093.86093  32.1%     -   10s
H    0     0                    1603.7379460 1093.86093  31.8%     -   10s
     0     0 1093.86093    0  229 1603.73795 1093.86093  31.8%     -   10s
     0     0 1093.86093    0  229 1603.73795 1093.86093  31.8%     -   10s
     0     0 1096.78132    0  270 1603.73795 1096.78132  31.6%     -   11s
H    0     0                    1594.2050755 1096.78883  31.2%     -   11s
H    0     0                    1510.5457224 1096.78883  27.4%     -   12s
H    0     0                    1495.7598814 1096.78883  26.7%     -   12s
H    0     0                    1488.6037495 1096.78883  26.3%     -   12s
H    0     0                    1457.5603559 1096.78883  24.8%     -   12s
H    0     0                    1454.1084198 1096.78883  24.6%     -   12s
H    0     0                    1450.5973300 1096.78883  24.4%     -   12s
H    0     0                    1421.1655154 1096.78883  22.8%     -   12s
H    0     0                    1419.8696299 1096.78883  22.8%     -   13s
     0     0 1096.78883    0  276 1419.86963 1096.78883  22.8%     -   13s
     0     0 1099.07919    0  266 1419.86963 1099.07919  22.6%     -   14s
     0     0 1099.10612    0  290 1419.86963 1099.10612  22.6%     -   14s
     0     0 1099.11298    0  295 1419.86963 1099.11298  22.6%     -   14s
     0     0 1099.11310    0  295 1419.86963 1099.11310  22.6%     -   14s
     0     0 1100.74383    0  295 1419.86963 1100.74383  22.5%     -   15s
     0     0 1102.13686    0  285 1419.86963 1102.13686  22.4%     -   15s
     0     0 1102.14716    0  284 1419.86963 1102.14716  22.4%     -   16s
     0     0 1102.14788    0  285 1419.86963 1102.14788  22.4%     -   16s
     0     0 1104.08558    0  286 1419.86963 1104.08558  22.2%     -   17s
     0     0 1104.35637    0  300 1419.86963 1104.35637  22.2%     -   17s
     0     0 1104.35938    0  296 1419.86963 1104.35938  22.2%     -   17s
     0     0 1105.04621    0  303 1419.86963 1105.04621  22.2%     -   17s
     0     0 1105.12321    0  304 1419.86963 1105.12321  22.2%     -   18s
     0     0 1105.13532    0  297 1419.86963 1105.13532  22.2%     -   18s
     0     0 1105.13650    0  300 1419.86963 1105.13650  22.2%     -   18s
     0     0 1105.65113    0  301 1419.86963 1105.65113  22.1%     -   18s
     0     0 1105.65563    0  311 1419.86963 1105.65563  22.1%     -   18s
     0     0 1105.65573    0  311 1419.86963 1105.65573  22.1%     -   18s
     0     0 1105.98688    0  297 1419.86963 1105.98688  22.1%     -   19s
     0     0 1106.00548    0  303 1419.86963 1106.00548  22.1%     -   19s
     0     0 1106.00736    0  296 1419.86963 1106.00736  22.1%     -   19s
     0     0 1106.36708    0  313 1419.86963 1106.36708  22.1%     -   19s
     0     0 1106.37990    0  318 1419.86963 1106.37990  22.1%     -   19s
     0     0 1106.37990    0  313 1419.86963 1106.37990  22.1%     -   19s
     0     0 1106.41844    0  294 1419.86963 1106.41844  22.1%     -   20s
     0     0 1106.43169    0  294 1419.86963 1106.43169  22.1%     -   20s
     0     0 1106.43169    0  294 1419.86963 1106.43169  22.1%     -   20s
     0     0 1106.66437    0  314 1419.86963 1106.66437  22.1%     -   20s
     0     0 1106.69412    0  314 1419.86963 1106.69412  22.1%     -   20s
     0     0 1106.69420    0  313 1419.86963 1106.69420  22.1%     -   20s
     0     0 1107.32328    0  305 1419.86963 1107.32328  22.0%     -   21s
     0     0 1107.40188    0  298 1419.86963 1107.40188  22.0%     -   21s
     0     0 1107.42600    0  316 1419.86963 1107.42600  22.0%     -   21s
     0     0 1107.43063    0  317 1419.86963 1107.43063  22.0%     -   21s
     0     0 1107.43081    0  318 1419.86963 1107.43081  22.0%     -   21s
     0     0 1108.37426    0  304 1419.86963 1108.37426  21.9%     -   22s
     0     0 1108.38620    0  299 1419.86963 1108.38620  21.9%     -   22s
     0     0 1108.38643    0  306 1419.86963 1108.38643  21.9%     -   22s
     0     0 1108.59671    0  295 1419.86963 1108.59671  21.9%     -   22s
     0     0 1108.59741    0  296 1419.86963 1108.59741  21.9%     -   22s
     0     0 1108.59876    0  299 1419.86963 1108.59876  21.9%     -   22s
     0     0 1108.64386    0  300 1419.86963 1108.64386  21.9%     -   23s
     0     0 1108.64386    0  295 1419.86963 1108.64386  21.9%     -   23s
     0     0 1108.67332    0  295 1419.86963 1108.67332  21.9%     -   23s
     0     0 1108.67332    0  295 1419.86963 1108.67332  21.9%     -   23s
     0     0 1108.67332    0  291 1419.86963 1108.67332  21.9%     -   23s
     0     0 1108.67332    0  227 1419.86963 1108.67332  21.9%     -   25s
H    0     0                    1419.5880799 1108.67332  21.9%     -   25s
H    0     0                    1417.7169815 1108.67332  21.8%     -   25s
H    0     0                    1408.9307325 1108.67332  21.3%     -   25s
     0     0 1108.67332    0  279 1408.93073 1108.67332  21.3%     -   26s
H    0     0                    1401.8282064 1108.67332  20.9%     -   27s
     0     0 1108.67332    0  294 1401.82821 1108.67332  20.9%     -   27s
     0     0 1108.67332    0  285 1401.82821 1108.67332  20.9%     -   27s
     0     0 1108.67332    0  290 1401.82821 1108.67332  20.9%     -   27s
     0     0 1108.67332    0  303 1401.82821 1108.67332  20.9%     -   28s
     0     0 1108.67332    0  306 1401.82821 1108.67332  20.9%     -   28s
     0     0 1108.67332    0  307 1401.82821 1108.67332  20.9%     -   28s
     0     0 1108.67332    0  307 1401.82821 1108.67332  20.9%     -   28s
     0     0 1108.67332    0  305 1401.82821 1108.67332  20.9%     -   28s
     0     0 1108.67332    0  298 1401.82821 1108.67332  20.9%     -   28s
     0     0 1108.67332    0  307 1401.82821 1108.67332  20.9%     -   28s
     0     0 1108.67332    0  307 1401.82821 1108.67332  20.9%     -   28s
     0     0 1108.67332    0  305 1401.82821 1108.67332  20.9%     -   28s
     0     0 1108.69115    0  301 1401.82821 1108.69115  20.9%     -   28s
     0     0 1108.69471    0  301 1401.82821 1108.69471  20.9%     -   28s
     0     0 1108.99634    0  299 1401.82821 1108.99634  20.9%     -   28s
     0     0 1108.99692    0  303 1401.82821 1108.99692  20.9%     -   28s
     0     0 1109.03420    0  304 1401.82821 1109.03420  20.9%     -   28s
     0     0 1109.03420    0  305 1401.82821 1109.03420  20.9%     -   28s
     0     0 1109.11095    0  313 1401.82821 1109.11095  20.9%     -   29s
     0     0 1109.11191    0  315 1401.82821 1109.11191  20.9%     -   29s
     0     0 1109.11895    0  313 1401.82821 1109.11895  20.9%     -   30s
     0     0 1109.12396    0  314 1401.82821 1109.12396  20.9%     -   30s
     0     0 1109.12646    0  319 1401.82821 1109.12646  20.9%     -   30s
     0     0 1109.12788    0  319 1401.82821 1109.12788  20.9%     -   31s
     0     0 1109.12788    0  319 1401.82821 1109.12788  20.9%     -   31s
     0     0 1109.12788    0  309 1401.82821 1109.12788  20.9%     -   31s
     0     2 1109.12788    0  309 1401.82821 1109.12788  20.9%     -   31s
H   62    67                    1400.2386598 1113.39168  20.5%   475   33s
   117   128 1135.79088   30  228 1400.23866 1113.39168  20.5%   395   35s
H  315   324                    1400.1294027 1113.39168  20.5%   326   39s
   426   478 1187.39600  115  170 1400.12940 1113.39168  20.5%   283   40s
H  929   910                    1395.3916498 1113.39168  20.2%   227   44s
   995  1021 1250.03545  231  152 1395.39165 1113.39168  20.2%   228   45s
  1417  1344 1330.92768  180  250 1395.39165 1113.55228  20.2%   254   51s
H 1418  1277                    1393.8830804 1113.55228  20.1%   254   53s
  1420  1278 1159.81533   75  273 1393.88308 1113.55228  20.1%   253   55s
H 1439  1226                    1391.8745722 1113.55228  20.0%   250   58s
  1443  1228 1311.73896  260  313 1391.87457 1113.55228  20.0%   249   60s
  1457  1238 1183.11792  150  297 1391.87457 1119.34502  19.6%   247   65s
  1462  1246 1119.61705   16  295 1391.87457 1119.61705  19.6%   271   70s
  1499  1271 1124.98211   22  212 1391.87457 1119.61705  19.6%   300   75s
  1561  1312 1131.24277   29  214 1391.87457 1119.61705  19.6%   343   80s
H 1565  1249                    1358.1241695 1119.61705  17.6%   343   80s
H 1592  1209                    1354.3814081 1119.61705  17.3%   353   81s
H 1596  1150                    1336.7277799 1119.61705  16.2%   353   81s
  1632  1169 1139.48570   35  181 1336.72778 1119.77669  16.2%   366   85s
H 1677  1135                    1332.6135584 1119.77669  16.0%   384   87s
  1712  1163 1143.81710   43  186 1332.61356 1119.77669  16.0%   390   90s
  1810  1180 1176.89683   49  159 1332.61356 1119.77669  16.0%   417   96s
  1822  1186 1164.40860   51  156 1332.61356 1119.77669  16.0%   427  100s
  1892  1192 1220.66748   53  150 1332.61356 1120.64326  15.9%   434  106s
  1922  1212 1166.50362   57  159 1332.61356 1120.64326  15.9%   466  113s
  1946  1235 1272.18975   60  187 1332.61356 1120.64326  15.9%   502  116s
  1980  1254 1174.48515   64  166 1332.61356 1120.64326  15.9%   517  120s
  2055  1308 1182.14613   70  131 1332.61356 1120.64326  15.9%   536  127s
  2084  1322 1194.27298   76  147 1332.61356 1120.64326  15.9%   552  130s
  2226  1364 1202.38442   88  156 1332.61356 1120.64326  15.9%   578  135s
  2420  1404 1243.05245  117  117 1332.61356 1121.43065  15.8%   597  141s
  2598  1403     cutoff  135      1332.61356 1121.43065  15.8%   598  145s
  2764  1478 1268.74643  166  184 1332.61356 1125.88125  15.5%   633  151s
  2971  1602 1179.14039   95  173 1332.61356 1125.91016  15.5%   633  156s
  3131  1743 1254.42493  142  173 1332.61356 1125.91016  15.5%   639  161s
  3416  1894 1155.25668   61  181 1332.61356 1125.91016  15.5%   627  166s
  3785  1977 1313.72326  114  144 1332.61356 1129.18260  15.3%   608  171s
  3947  2176 1224.67808  144  177 1332.61356 1129.47988  15.2%   617  177s
  4179  2205 1160.65970   24  208 1332.61356 1129.57962  15.2%   605  180s
  4568  2383 1278.11753   90  128 1332.61356 1130.06353  15.2%   595  187s
  4650  2660 1240.63840   46  184 1332.61356 1131.89327  15.1%   603  190s
  5181  3125 1178.63956   41  230 1332.61356 1132.86847  15.0%   580  198s
  5513  3240 1264.37127  166  163 1332.61356 1133.24941  15.0%   565  201s
  5765  3434 1257.80902   44  179 1332.61356 1133.71850  14.9%   560  205s
  6321  3942 1306.30818  118  148 1332.61356 1134.09390  14.9%   554  214s
  6746  4126 1143.60921   33  202 1332.61356 1135.37392  14.8%   541  218s
  6999  4250 1147.61273   42  206 1332.61356 1135.37392  14.8%   539  222s
  7125  4392 1152.85576   53  192 1332.61356 1135.37392  14.8%   549  226s
  7354  4750 1154.97949   62  198 1332.61356 1136.30115  14.7%   554  231s
  7753  4940 1161.68630   72  170 1332.61356 1136.71546  14.7%   544  235s
  8020  5174 1166.53884   79  172 1332.61356 1137.14727  14.7%   546  241s
  8374  5380 1170.36326   85  165 1332.61356 1137.21129  14.7%   545  246s
  8645  5557 1188.80552   91  192 1332.61356 1137.25277  14.7%   549  251s
  8976  5790 1190.34833   98  163 1332.61356 1137.25277  14.7%   547  257s
  9342  6105 1198.54939  105  176 1332.61356 1137.25277  14.7%   544  264s
  9760  6483 1199.58489  115  175 1332.61356 1137.25277  14.7%   540  270s
 10230  6965 1209.75614  142  160 1332.61356 1137.25277  14.7%   536  279s
 10916  7175 1297.39879   57  175 1332.61356 1138.97611  14.5%   528  292s
 11213  7367  postponed   36      1332.61356 1139.18756  14.5%   535  300s

Cutting planes:
  Gomory: 3
  Cover: 12
  Implied bound: 141
  Projected implied bound: 8
  MIR: 142
  Mixing: 1
  Flow cover: 169
  GUB cover: 2
  Inf proof: 2
  Zero half: 26
  RLT: 7
  Relax-and-lift: 55
  BQP: 5

Explored 11508 nodes (6376527 simplex iterations) in 300.01 seconds (1147.15 work units)
Thread count was 4 (of 32 available processors)

Solution count 10: 1332.61 1336.73 1354.38 ... 1401.83

Time limit reached
Best objective 1.332613558431e+03, best bound 1.139192990839e+03, gap 14.5144%

User-callback calls 69342, time in user-callback 0.01 sec
Cap boundary reject: PORT-591 real=1332.614 baseline=1332.614
Set parameter Username
Set parameter LicenseID to value 2738882
Academic license - for non-commercial use only - expires 2026-11-14
Segment 1 eval: start=BOAT-0 end=PORT-583 stations=50 (optimize)
  Segment 1 order: -501 -500 -499 -498 -497 -496 -495 112 113 -494 114 -275 -111 -274 -107 -106 -105 104 -103 -102 -101 108 109 110 -273 -272 271 253 252 249 -248 -247 -245 -244 -243 -238 237 -215 -214 213 -192 218 -191 219 -190 -223 222 -230 -134 -133
Segment 2 eval: start=PORT-583 end=PORT-581 stations=58 (optimize)
  Segment 2 order: -132 -181 -180 -229 -231 232 233 234 -235 -227 228 -179 -135 136 152 153 154 174 175 -176 -177 171 168 -165 166 -164 -162 -161 -160 159 163 167 172 173 155 156 157 158 -150 -149 -148 -147 -146 -145 -144 -142 -9 -8 -141 -140 -139 151 -138 -137 -2 90 -94 -92
Segment 3 eval: start=PORT-581 end=PORT-591 stations=79 (optimize)
  Segment 3 order: 56 55 -54 -53 -52 -51 -50 -49 -48 -39 -38 -37 66 67 68 69 -36 -35 -32 -31 -29 -27 26 28 30 -33 -34 41 42 43 44 45 46 -40 47 396 397 -398 -395 -394 -393 -392 -391 -390 -389 -388 -387 402 -403 385 -384 -383 -382 -414 -413 412 -409 408 -410 411 380 378 -379 -377 -376 -375 374 -373 -372 -371 -370 369 359 360 -358 -353 -349 -326 328
Segment 4 eval: start=PORT-591 end=PORT-593 stations=52 (optimize)
  Segment 4 order: -346 -345 -344 -343 -342 -341 -316 283 -284 555 558 559 -560 561 562 563 564 565 566 567 568 569 570 571 573 576 -527 435 438 448 449 450 451 452 453 454 455 456 457 458 465 505 506 -444 -443 -442 -441 440 437 436 512 513
Segment 5 eval: start=PORT-593 end=PORT-591 stations=38 (optimize)
  Segment 5 order: 514 -575 577 -574 -572 534 535 -536 537 538 539 544 -540 -543 -542 -541 545 546 547 548 549 -554 553 550 551 552 285 286 287 -282 556 -557 -281 -280 -279 -278 -277 -276
Segment 6 eval: start=PORT-591 end=PORT-583 stations=115 (optimize)
  Segment 6 order: -347 333 334 335 336 337 338 339 340 -317 -315 -314 -288 289 290 291 -295 296 297 306 -305 -298 299 300 301 302 304 -303 307 -294 -293 292 -310 -309 311 312 -313 318 319 320 321 323 324 325 -327 329 330 331 332 348 -361 -362 -363 -364 365 367 368 -426 -381 -425 417 -424 422 423 -421 -420 -419 -418 -416 415 404 405 406 -407 -399 -400 401 386 -62 -61 -60 58 -59 -57 -64 63 -65 71 74 -73 -72 -75 76 70 77 78 -79 80 81 82 83 84 85 -86 87 -88 89 -91 95 96 -24 -23 -22 169 170
Segment 7 eval: start=PORT-583 end=PORT-588 stations=40 (optimize)
  Segment 7 order: 97 98 99 100 -246 -242 241 -240 -239 -236 221 220 -216 -212 -211 210 -208 250 251 -207 -205 -202 203 204 -131 -129 130 -256 257 259 258 -128 -127 126 -125 -124 -264 268 269 270
Segment 8 eval: start=PORT-588 end=PORT-581 stations=47 (optimize)
  Segment 8 order: 118 119 -120 121 122 473 481 -480 469 470 -471 472 123 -266 -267 -265 -263 -262 -261 260 254 255 -206 209 -201 200 -199 -198 -197 -196 -195 -194 -193 -217 -189 -188 224 -225 -187 -186 -185 -184 183 182 226 178 13
Segment 9 eval: start=PORT-581 end=PORT-591 stations=33 (optimize)
  Segment 9 order: -93 -25 -5 -4 -3 -1 -475 -474 466 -467 -479 -478 -477 -476 -115 116 -117 -7 -6 10 11 143 12 -14 15 16 17 18 -21 19 20 357 -366
Segment 10 eval: start=PORT-591 end=PORT-593 stations=25 (optimize)
  Segment 10 order: -356 -355 354 -352 -351 -350 -322 -308 -533 -532 -531 -530 -529 528 -526 524 525 578 579 580 -523 -522 -521 -517 -427
Segment 11 eval: start=PORT-593 end=PORT-584 stations=33 (optimize)
  Segment 11 order: 515 516 519 -520 -518 428 429 430 431 432 433 -434 447 -446 -445 439 -511 -510 -509 -508 -507 -504 -503 -488 -487 489 -483 -482 493 -492 -491 -490 -502
Segment 12 eval: start=PORT-584 end=PORT-584 stations=0 (direct)
Segment 13 eval: start=PORT-584 end=BOAT-END stations=10 (optimize)
  Segment 13 order: -485 -461 -460 -459 -468 -464 -463 -484 462 -486
Cap boundary debug: PORT-591 -> [356 355 354 352 351 322 308 533 532 531 530 529 528 526 524 525 578 579 580 523 522 521 517 427 350] -> PORT-593 -> [515 516 519 520 518 428 429 430 431 432 433 434 447 446 445 439 511 510 509 508 507 504 503 488 487 489 482 493 492 491 490 502 483] -> PORT-584 | load_left=44588 load_right=43826 cap=45000
Set parameter Username
Set parameter LicenseID to value 2738882
Academic license - for non-commercial use only - expires 2026-11-14
Set parameter TimeLimit to value 300
Set parameter Seed to value 1769069958
Set parameter Threads to value 4
Set parameter OutputFlag to value 1
Set parameter LogToConsole to value 1
Set parameter LazyConstraints to value 1
Gurobi Optimizer version 13.0.0 build v13.0.0rc1 (linux64 - "Debian GNU/Linux 13 (trixie)")

CPU model: AMD Ryzen 9 5950X 16-Core Processor, instruction set [SSE2|AVX|AVX2]
Thread count: 16 physical cores, 32 logical processors, using up to 4 threads

Non-default parameters:
TimeLimit  300
Seed  1769069958
Threads  4
LazyConstraints  1

Optimize a model with 15586 rows, 43200 columns and 86388 nonzeros (Min)
Model fingerprint: 0x8dd44406
Model has 14160 linear objective coefficients
Variable types: 28800 continuous, 14400 integer (14400 binary)
Coefficient statistics:
  Matrix range     [1e+00, 4e+04]
  Objective range  [5e-01, 1e+05]
  Bounds range     [1e+00, 4e+04]
  RHS range        [1e+00, 1e+04]
Presolve removed 1310 rows and 15176 columns
Presolve time: 0.13s
Presolved: 14276 rows, 28024 columns, 83903 nonzeros
Variable types: 13804 continuous, 14220 integer (14220 binary)

Root relaxation: objective 6.700786e+02, 30378 iterations, 2.29 seconds (6.75 work units)

    Nodes    |    Current Node    |     Objective Bounds      |     Work
 Expl Unexpl |  Obj  Depth IntInf | Incumbent    BestBd   Gap | It/Node Time

     0     0  670.07855    0  212          -  670.07855      -     -    2s
H    0     0                    502302.82000  670.07855   100%     -    2s
H    0     0                    402031.09768  670.07855   100%     -    2s
H    0     0                    402028.23635  670.07855   100%     -    3s
H    0     0                    401974.83319  670.07855   100%     -    3s
H    0     0                    201448.68619  670.07855   100%     -    4s
     0     0  670.07855    0  212 201448.686  670.07855   100%     -    5s
H    0     0                    201418.35448  670.07855   100%     -    6s
H    0     0                    201356.42513  670.07855   100%     -    6s
H    0     0                    201342.13843  670.07855   100%     -    7s
H    0     0                    201339.87315  670.07855   100%     -    7s
H    0     0                    201337.18422  670.07855   100%     -    7s
H    0     0                    201279.44409  670.07855   100%     -    8s
H    0     0                    201223.88498  670.07855   100%     -    8s
H    0     0                    201220.05027  670.07855   100%     -    8s
H    0     0                    201218.40231  670.07855   100%     -    9s
     0     0  670.07855    0  211 201218.402  670.07855   100%     -    9s
     0     0  681.76519    0  247 201218.402  681.76519   100%     -   10s
H    0     0                    201217.53880  681.82109   100%     -   10s
H    0     0                    201209.16366  681.82109   100%     -   11s
H    0     0                    201206.42001  681.82109   100%     -   12s
H    0     0                    201203.94835  681.82109   100%     -   12s
H    0     0                    201184.10761  681.82109   100%     -   12s
H    0     0                    201176.88493  681.82109   100%     -   12s
H    0     0                    201174.60610  681.82109   100%     -   13s
H    0     0                    201164.76717  681.82109   100%     -   13s
     0     0  681.82109    0  246 201164.767  681.82109   100%     -   13s
     0     0  689.15869    0  274 201164.767  689.15869   100%     -   14s
     0     0  689.31162    0  279 201164.767  689.31162   100%     -   14s
     0     0  689.31162    0  279 201164.767  689.31162   100%     -   14s
     0     0  691.68685    0  283 201164.767  691.68685   100%     -   16s
     0     0  691.80862    0  287 201164.767  691.80862   100%     -   16s
     0     0  692.04637    0  290 201164.767  692.04637   100%     -   18s
     0     0  692.11575    0  290 201164.767  692.11575   100%     -   18s
     0     0  692.17532    0  286 201164.767  692.17532   100%     -   18s
     0     0  692.17532    0  286 201164.767  692.17532   100%     -   18s
     0     0  692.22551    0  274 201164.767  692.22551   100%     -   19s
     0     0  692.33400    0  287 201164.767  692.33400   100%     -   19s
     0     0  692.34445    0  287 201164.767  692.34445   100%     -   19s
     0     0  692.34445    0  287 201164.767  692.34445   100%     -   19s
     0     0  692.43460    0  290 201164.767  692.43460   100%     -   19s
     0     0  692.44305    0  295 201164.767  692.44305   100%     -   20s
     0     0  692.44305    0  295 201164.767  692.44305   100%     -   20s
     0     0  692.69548    0  295 201164.767  692.69548   100%     -   20s
     0     0  692.71382    0  291 201164.767  692.71382   100%     -   20s
     0     0  692.71382    0  297 201164.767  692.71382   100%     -   20s
     0     0  692.75547    0  298 201164.767  692.75547   100%     -   21s
     0     0  692.76340    0  295 201164.767  692.76340   100%     -   21s
     0     0  692.76358    0  293 201164.767  692.76358   100%     -   21s
     0     0  693.03791    0  295 201164.767  693.03791   100%     -   22s
     0     0  693.18459    0  300 201164.767  693.18459   100%     -   22s
     0     0  693.18459    0  300 201164.767  693.18459   100%     -   22s
     0     0  693.18459    0  302 201164.767  693.18459   100%     -   22s
     0     0  693.18459    0  302 201164.767  693.18459   100%     -   22s
     0     0  693.18514    0  301 201164.767  693.18514   100%     -   22s
     0     0  693.48274    0  297 201164.767  693.48274   100%     -   23s
     0     0  693.48704    0  300 201164.767  693.48704   100%     -   23s
     0     0  693.84509    0  296 201164.767  693.84509   100%     -   24s
     0     0  693.87769    0  297 201164.767  693.87769   100%     -   24s
     0     0  693.87825    0  299 201164.767  693.87825   100%     -   24s
     0     0  693.89409    0  295 201164.767  693.89409   100%     -   24s
     0     0  693.90201    0  301 201164.767  693.90201   100%     -   25s
     0     0  693.90203    0  301 201164.767  693.90203   100%     -   25s
     0     0  693.95477    0  303 201164.767  693.95477   100%     -   25s
     0     0  693.96282    0  305 201164.767  693.96282   100%     -   25s
     0     0  693.97228    0  304 201164.767  693.97228   100%     -   26s
     0     0  693.97472    0  308 201164.767  693.97472   100%     -   26s
     0     0  694.04730    0  285 201164.767  694.04730   100%     -   27s
     0     0  694.05734    0  291 201164.767  694.05734   100%     -   27s
     0     0  694.05848    0  297 201164.767  694.05848   100%     -   27s
     0     0  694.08791    0  303 201164.767  694.08791   100%     -   27s
     0     0  694.11985    0  308 201164.767  694.11985   100%     -   27s
     0     0  694.14152    0  315 201164.767  694.14152   100%     -   28s
     0     0  694.16217    0  316 201164.767  694.16217   100%     -   28s
     0     0  694.93687    0  309 201164.767  694.93687   100%     -   29s
     0     0  694.94083    0  311 201164.767  694.94083   100%     -   29s
     0     0  694.95045    0  314 201164.767  694.95045   100%     -   30s
     0     0  694.95045    0  312 201164.767  694.95045   100%     -   30s
     0     0  694.95045    0  308 201164.767  694.95045   100%     -   30s
     0     0  694.95045    0  308 201164.767  694.95045   100%     -   30s
     0     0  694.95045    0  292 201164.767  694.95045   100%     -   30s
H    0     0                    1826.3713989  694.95045  61.9%     -   31s
H    0     0                    1824.7741479  694.95045  61.9%     -   31s
     0     0  700.87694    0  218 1824.77415  700.87694  61.6%     -   33s
     0     0  700.87694    0  218 1824.77415  700.87694  61.6%     -   35s
H    0     0                    1480.6636085  700.87694  52.7%     -   37s
H    0     0                    1460.4866354  700.87694  52.0%     -   38s
H    0     0                    1455.8274734  700.87694  51.9%     -   38s
H    0     0                    1429.7036340  700.87694  51.0%     -   38s
H    0     0                    1429.1002998  700.87694  51.0%     -   38s
H    0     0                    1399.8676321  700.87694  49.9%     -   38s
H    0     0                    1353.2758917  700.87694  48.2%     -   38s
H    0     0                    1313.1114288  700.87694  46.6%     -   38s
     0     0  700.87694    0  269 1313.11143  700.87694  46.6%     -   38s
     0     0  700.87694    0  277 1313.11143  700.87694  46.6%     -   39s
     0     0  700.87694    0  285 1313.11143  700.87694  46.6%     -   39s
     0     0  700.87694    0  285 1313.11143  700.87694  46.6%     -   39s
     0     0  700.87694    0  292 1313.11143  700.87694  46.6%     -   39s
     0     0  700.87694    0  290 1313.11143  700.87694  46.6%     -   39s
     0     0  700.87694    0  301 1313.11143  700.87694  46.6%     -   40s
H    0     0                    1306.0275280  700.87694  46.3%     -   40s
H    0     0                    1296.6606169  700.87694  45.9%     -   40s
H    0     0                    1246.3471190  700.87694  43.8%     -   40s
H    0     0                    1188.9832389  700.87694  41.1%     -   40s
H    0     0                    1181.5710808  700.87694  40.7%     -   40s
H    0     0                    1179.9038036  700.87694  40.6%     -   40s
H    0     0                    1156.9198086  700.87694  39.4%     -   40s
H    0     0                    1026.6685161  700.87694  31.7%     -   40s
     0     0  700.87694    0  301 1026.66852  700.87694  31.7%     -   40s
     0     0  700.87694    0  303 1026.66852  700.87694  31.7%     -   41s
     0     0  700.87694    0  305 1026.66852  700.87694  31.7%     -   41s
     0     0  700.87694    0  298 1026.66852  700.87694  31.7%     -   43s
H    0     0                    1006.2914577  700.87694  30.4%     -   43s
H    0     0                     999.9426043  700.87694  29.9%     -   43s
H    0     0                     998.2336299  700.87694  29.8%     -   43s
H    0     0                     998.0534898  700.87694  29.8%     -   43s
H    0     0                     997.9724246  700.87694  29.8%     -   43s
H    0     0                     997.0443506  700.87694  29.7%     -   43s
H    0     0                     982.9041906  700.87694  28.7%     -   43s
H    0     0                     975.7203666  700.87694  28.2%     -   43s
H    0     0                     975.4810742  700.87694  28.2%     -   43s
H    0     0                     975.3986286  700.87694  28.1%     -   43s
H    0     0                     966.2914252  700.87694  27.5%     -   43s
     0     0  700.87694    0  301  966.29143  700.87694  27.5%     -   43s
     0     0  700.87694    0  300  966.29143  700.87694  27.5%     -   45s
     0     0  700.87694    0  303  966.29143  700.87694  27.5%     -   45s
     0     0  700.87694    0  303  966.29143  700.87694  27.5%     -   45s
     0     0  700.87694    0  304  966.29143  700.87694  27.5%     -   46s
     0     0  700.87694    0  304  966.29143  700.87694  27.5%     -   46s
     0     0  700.87694    0  293  966.29143  700.87694  27.5%     -   46s
H    0     0                     966.1542009  701.48297  27.4%     -   46s
H    0     0                     965.6827022  701.48297  27.4%     -   47s
H    0     0                     960.3450380  701.48297  27.0%     -   47s
H    0     0                     958.7048422  701.48297  26.8%     -   47s
H    0     0                     949.1050206  701.48297  26.1%     -   47s
     0     2  701.48297    0  291  949.10502  701.48297  26.1%     -   47s
H   27    45                     949.0143614  701.48297  26.1%   837   48s
H   32    45                     884.1118046  701.48297  20.7%   728   48s
H   97   102                     872.6804071  701.48297  19.6%   347   49s
   159   165  733.44903   42  181  872.68041  701.48297  19.6%   304   50s
H  236   231                     864.9686554  701.48297  18.9%   260   50s
H  290   292                     864.8547509  701.48297  18.9%   233   51s
H  336   318                     855.7279693  701.48297  18.0%   224   51s
H  858   781                     854.5582835  701.48297  17.9%   152   54s
   862   833  724.36329    9  193  854.55828  701.48297  17.9%   152   55s
  1111  1009  728.77412   16  212  854.55828  701.48297  17.9%   137   62s
H 1111   958                     854.1247502  701.48297  17.9%   137   63s
H 1111   910                     854.0108457  701.48297  17.9%   137   63s
H 1118   869                     853.3307951  704.02992  17.5%   136   64s
  1120   870  747.53823   91  317  853.33080  704.02992  17.5%   136   65s
H 1121   827                     853.0011758  709.32109  16.8%   136   66s
  1134   836  798.14466   59  323  853.00118  726.02449  14.9%   134   70s
  1149   846  732.32952   28  336  853.00118  732.32952  14.1%   132   75s
  1160   853  745.33840   12  327  853.00118  734.45378  13.9%   131   80s
H 1162   811                     851.6570801  735.76118  13.6%   131   82s
H 1164   771                     851.4820228  737.01390  13.4%   131   84s
H 1164   732                     850.8271747  737.01390  13.4%   131   84s
  1167   734  816.24018  164  348  850.82717  737.04131  13.4%   130   85s
  1172   737  751.26373   83  356  850.82717  737.63380  13.3%   130   90s
H 1172   699                     850.8271722  737.63380  13.3%   130   93s
  1174   703  757.13078   16  239  850.82717  737.63380  13.3%   168   95s
  1272   766  771.18969   28  209  850.82717  756.96658  11.0%   194  100s
H 1400   787                     837.1390931  756.96658  9.58%   210  104s
  1401   791  799.42202   42   98  837.13909  756.96658  9.58%   210  105s
  1609   861  764.19899   19  235  837.13909  760.00090  9.21%   227  110s
  1961   898  775.49100   28  163  837.13909  762.12564  8.96%   227  115s
  2412  1028  783.73902   28  275  837.13909  764.81420  8.64%   223  120s
  2819  1093  796.39125   47   89  837.13909  768.28433  8.23%   226  125s
  3258  1307  779.81929   25  209  837.13909  769.21202  8.11%   219  130s
  3775  1683  789.62208   86   74  837.13909  769.21202  8.11%   214  135s
  4521  2206  826.45661   27  158  837.13909  770.69573  7.94%   200  141s
H 5112  2467                     837.1390924  770.87179  7.92%   194  144s
  5152  2725  781.01132   27  188  837.13909  771.24040  7.87%   195  146s
  6122  3224  823.63679  165   50  837.13909  772.02974  7.78%   183  151s
  6638  3628  811.61444   30  174  837.13909  773.79553  7.57%   182  155s
  7533  4328  784.36163   27  155  837.13909  775.35583  7.38%   181  162s
  7799  4666  789.93592   26  179  837.13909  775.80916  7.33%   181  165s
  8565  5116     cutoff   25       837.13909  776.27098  7.27%   178  170s
  9107  5455  817.01384   37  137  837.13909  777.32088  7.15%   181  175s
  9659  5818  807.43159   29  147  837.13909  778.34800  7.02%   183  180s
 10510  6274  805.51003   37   55  837.13909  779.32151  6.91%   185  186s
 10816  6665  793.21336   31  136  837.13909  779.91988  6.84%   186  190s
 11843  7337  811.86618   27  183  837.13909  780.45430  6.77%   185  197s
 12584  7658  788.90835   28  186  837.13909  780.73106  6.74%   183  200s
 13741  8424  817.83045   38  135  837.13909  781.34439  6.66%   181  207s
 14204  8898  804.01311   47  166  837.13909  781.46918  6.65%   181  211s
 15267  9636  813.19558   43   90  837.13909  782.28035  6.55%   179  217s
 15965  9899  823.85486   43   87  837.13909  782.87311  6.48%   177  220s
 17205 10775  788.37933   32  101  837.13909  783.22643  6.44%   175  228s
 17667 10975  814.08693   42  122  837.13909  783.32764  6.43%   175  231s
 17999 11324  795.06054   35   59  837.13909  783.52369  6.40%   175  235s
 19183 12179  792.13391   31  124  837.13909  784.37280  6.30%   173  241s
 19629 12464  793.80793   37  157  837.13909  784.68617  6.27%   174  245s
 20631 13129  827.18641   54   73  837.13909  785.20205  6.20%   174  251s
 21718 13828  820.92484   40  116  837.13909  785.73707  6.14%   174  256s
 22819 14474     cutoff   68       837.13909  786.12714  6.09%   175  262s
 23214 14795  823.83063   52  109  837.13909  786.30094  6.07%   175  265s
 24320 15657  821.41301   28  133  837.13909  786.74607  6.02%   175  271s
 25403 16150  817.53983   36  126  837.13909  787.09945  5.98%   175  276s
 25923 16335  800.56845   32  134  837.13909  787.27623  5.96%   175  280s
 26688 16918  814.55609   37   93  837.13909  787.64120  5.91%   176  286s
 27538 17465  831.68037   56   92  837.13909  787.99117  5.87%   177  291s
 28592 18090  803.33113   35  129  837.13909  788.17932  5.85%   176  296s

Cutting planes:
  Learned: 2
  Gomory: 7
  Cover: 27
  Implied bound: 183
  Projected implied bound: 23
  Clique: 1
  MIR: 168
  Mixing: 2
  Flow cover: 196
  GUB cover: 1
  Inf proof: 10
  Zero half: 56
  RLT: 11
  Relax-and-lift: 56
  BQP: 8

Explored 29462 nodes (5287236 simplex iterations) in 300.00 seconds (1070.21 work units)
Thread count was 4 (of 32 available processors)

Solution count 10: 837.139 850.827 851.482 ... 855.728

Time limit reached
Best objective 8.371390924351e+02, best bound 7.883948019804e+02, gap 5.8227%

User-callback calls 98668, time in user-callback 0.01 sec
Cap boundary reject: PORT-593 real=837.139 baseline=837.139
Set parameter Username
Set parameter LicenseID to value 2738882
Academic license - for non-commercial use only - expires 2026-11-14
Segment 1 eval: start=BOAT-0 end=PORT-583 stations=50 (optimize)
  Segment 1 order: -501 -500 -499 -498 -497 -496 -495 112 113 -494 114 -275 -111 -274 -107 -106 -105 104 -103 -102 -101 108 109 110 -273 -272 271 253 252 249 -248 -247 -245 -244 -243 -238 237 -215 -214 213 -192 218 -191 219 -190 -223 222 -230 -134 -133
Segment 2 eval: start=PORT-583 end=PORT-581 stations=58 (optimize)
  Segment 2 order: -132 -181 -180 -229 -231 232 233 234 -235 -227 228 -179 -135 136 152 153 154 174 175 -176 -177 171 168 -165 166 -164 -162 -161 -160 159 163 167 172 173 155 156 157 158 -150 -149 -148 -147 -146 -145 -144 -142 -9 -8 -141 -140 -139 151 -138 -137 -2 90 -94 -92
Segment 3 eval: start=PORT-581 end=PORT-591 stations=79 (optimize)
  Segment 3 order: 56 55 -54 -53 -52 -51 -50 -49 -48 -39 -38 -37 66 67 68 69 -36 -35 -32 -31 -29 -27 26 28 30 -33 -34 41 42 43 44 45 46 -40 47 396 397 -398 -395 -394 -393 -392 -391 -390 -389 -388 -387 402 -403 385 -384 -383 -382 -414 -413 412 -409 408 -410 411 380 378 -379 -377 -376 -375 374 -373 -372 -371 -370 369 359 360 -358 -353 -349 -326 328
Segment 4 eval: start=PORT-591 end=PORT-593 stations=52 (optimize)
  Segment 4 order: -346 -345 -344 -343 -342 -341 -316 283 -284 555 558 559 -560 561 562 563 564 565 566 567 568 569 570 571 573 576 -527 435 438 448 449 450 451 452 453 454 455 456 457 458 465 505 506 -444 -443 -442 -441 440 437 436 512 513
Segment 5 eval: start=PORT-593 end=PORT-591 stations=38 (optimize)
  Segment 5 order: 514 -575 577 -574 -572 534 535 -536 537 538 539 544 -540 -543 -542 -541 545 546 547 548 549 -554 553 550 551 552 285 286 287 -282 556 -557 -281 -280 -279 -278 -277 -276
Segment 6 eval: start=PORT-591 end=PORT-583 stations=115 (optimize)
  Segment 6 order: -347 333 334 335 336 337 338 339 340 -317 -315 -314 -288 289 290 291 -295 296 297 306 -305 -298 299 300 301 302 304 -303 307 -294 -293 292 -310 -309 311 312 -313 318 319 320 321 323 324 325 -327 329 330 331 332 348 -361 -362 -363 -364 365 367 368 -426 -381 -425 417 -424 422 423 -421 -420 -419 -418 -416 415 404 405 406 -407 -399 -400 401 386 -62 -61 -60 58 -59 -57 -64 63 -65 71 74 -73 -72 -75 76 70 77 78 -79 80 81 82 83 84 85 -86 87 -88 89 -91 95 96 -24 -23 -22 169 170
Segment 7 eval: start=PORT-583 end=PORT-588 stations=40 (optimize)
  Segment 7 order: 97 98 99 100 -246 -242 241 -240 -239 -236 221 220 -216 -212 -211 210 -208 250 251 -207 -205 -202 203 204 -131 -129 130 -256 257 259 258 -128 -127 126 -125 -124 -264 268 269 270
Segment 8 eval: start=PORT-588 end=PORT-581 stations=47 (optimize)
  Segment 8 order: 118 119 -120 121 122 473 481 -480 469 470 -471 472 123 -266 -267 -265 -263 -262 -261 260 254 255 -206 209 -201 200 -199 -198 -197 -196 -195 -194 -193 -217 -189 -188 224 -225 -187 -186 -185 -184 183 182 226 178 13
Segment 9 eval: start=PORT-581 end=PORT-591 stations=33 (optimize)
  Segment 9 order: -93 -25 -5 -4 -3 -1 -475 -474 466 -467 -479 -478 -477 -476 -115 116 -117 -7 -6 10 11 143 12 -14 15 16 17 18 -21 19 20 357 -366
Segment 10 eval: start=PORT-591 end=PORT-593 stations=25 (optimize)
  Segment 10 order: -356 -355 354 -352 -351 -350 -322 -308 -533 -532 -531 -530 -529 528 -526 524 525 578 579 580 -523 -522 -521 -517 -427
Segment 11 eval: start=PORT-593 end=PORT-584 stations=33 (optimize)
  Segment 11 order: 515 516 519 -520 -518 428 429 430 431 432 433 -434 447 -446 -445 439 -511 -510 -509 -508 -507 -504 -503 -488 -487 489 -483 -482 493 -492 -491 -490 -502
Segment 12 eval: start=PORT-584 end=PORT-584 stations=0 (direct)
Segment 13 eval: start=PORT-584 end=BOAT-END stations=10 (optimize)
  Segment 13 order: -485 -461 -460 -459 -468 -464 -463 -484 462 -486
PROGRESS pass=8 changed=1 total=6012.539 best=6012.539 nseg=13 stall=0 mut=1/6 mut=STAT-350 src=3 dst=10 delta=-10.528
Capacity boundary sweep pass 9
Cap boundary debug: PORT-583 -> [132 181 180 229 231 232 233 234 235 227 228 179 135 136 152 153 154 174 175 176 177 171 168 165 166 164 162 161 160 159 163 167 172 173 155 156 157 158 150 149 148 147 146 145 144 142 9 8 141 140 139 151 138 137 2 90 94 92] -> PORT-581 -> [68 69 67 66 53 54 56 55 52 51 38 48 39 40 47 46 43 45 44 42 41 34 33 30 29 27 26 28 31 32 36 35 37 50 49 396 397 398 395 394 393 392 391 390 389 388 387 402 385 403 384 383 382 414 413 412 409 408 410 411 380 378 379 377 376 375 374 373 372 371 370 369 359 360 358 353 349 326 328] -> PORT-591 | load_left=42980 load_right=43950 cap=45000
Set parameter Username
Set parameter LicenseID to value 2738882
Academic license - for non-commercial use only - expires 2026-11-14
Set parameter TimeLimit to value 300
Set parameter Seed to value 1627270203
Set parameter Threads to value 4
Set parameter OutputFlag to value 1
Set parameter LogToConsole to value 1
Set parameter LazyConstraints to value 1
Gurobi Optimizer version 13.0.0 build v13.0.0rc1 (linux64 - "Debian GNU/Linux 13 (trixie)")

CPU model: AMD Ryzen 9 5950X 16-Core Processor, instruction set [SSE2|AVX|AVX2]
Thread count: 16 physical cores, 32 logical processors, using up to 4 threads

Non-default parameters:
TimeLimit  300
Seed  1627270203
Threads  4
LazyConstraints  1

Optimize a model with 80050 rows, 231852 columns and 463692 nonzeros (Min)
Model fingerprint: 0x19cc7fb5
Model has 76728 linear objective coefficients
Variable types: 154568 continuous, 77284 integer (77284 binary)
Coefficient statistics:
  Matrix range     [1e+00, 4e+04]
  Objective range  [4e-01, 1e+05]
  Bounds range     [1e+00, 4e+04]
  RHS range        [1e+00, 9e+03]
Presolve removed 3048 rows and 79087 columns
Presolve time: 0.54s
Presolved: 77002 rows, 152765 columns, 458749 nonzeros
Variable types: 75898 continuous, 76867 integer (76867 binary)
Root relaxation presolved: 77002 rows, 152765 columns, 458749 nonzeros

Deterministic concurrent LP optimizer: primal and dual simplex
Showing primal log only...


Root simplex log...

Iteration    Objective       Primal Inf.    Dual Inf.      Time
   59449    7.9534166e+02   0.000000e+00   2.336701e+03      5s
  113455    7.5606026e+02   0.000000e+00   5.887050e+03     10s
  141352    7.8642188e+02   0.000000e+00   0.000000e+00     12s
Concurrent spin time: 0.00s

Solved with primal simplex

Root relaxation: objective 7.864219e+02, 141352 iterations, 11.16 seconds (22.41 work units)

    Nodes    |    Current Node    |     Objective Bounds      |     Work
 Expl Unexpl |  Obj  Depth IntInf | Incumbent    BestBd   Gap | It/Node Time

     0     0  786.42188    0  437          -  786.42188      -     -   14s
H    0     0                    1304.2003765  786.42188  39.7%     -   16s
H    0     0                    1143.1142203  786.42188  31.2%     -   16s
H    0     0                    1108.9951332  786.42188  29.1%     -   17s
H    0     0                    1107.5505244  786.42188  29.0%     -   19s
H    0     0                    1103.2126786  786.42188  28.7%     -   19s
H    0     0                    1101.2600335  786.42188  28.6%     -   19s
H    0     0                    1096.8370368  786.42188  28.3%     -   20s
H    0     0                    1063.0390155  786.42188  26.0%     -   22s
H    0     0                    1001.5440310  786.42188  21.5%     -   22s
     0     0  790.55385    0  512 1001.54403  790.55385  21.1%     -   31s
H    0     0                     994.3655627  790.59983  20.5%     -   32s
H    0     0                     970.4760330  790.59983  18.5%     -   33s
H    0     0                     937.3019070  790.59983  15.7%     -   34s
H    0     0                     936.0562948  790.59983  15.5%     -   34s
H    0     0                     915.5017445  790.59983  13.6%     -   35s
H    0     0                     914.3480974  790.59983  13.5%     -   38s
H    0     0                     911.5353876  790.59983  13.3%     -   38s
H    0     0                     911.3580123  790.59983  13.3%     -   38s
H    0     0                     895.9774798  790.59983  11.8%     -   38s
H    0     0                     895.8897885  790.59983  11.8%     -   39s
H    0     0                     895.7124132  790.59983  11.7%     -   40s
H    0     0                     886.6118781  790.59983  10.8%     -   40s
H    0     0                     886.4345028  790.59983  10.8%     -   41s
     0     0  792.00998    0  504  886.43450  792.00998  10.7%     -   42s
     0     0  792.00998    0  504  886.43450  792.00998  10.7%     -   42s
     0     0  794.56844    0  505  886.43450  794.56844  10.4%     -   53s
     0     0  794.56844    0  437  886.43450  794.56844  10.4%     -   62s
H    0     0                     878.0935634  794.56844  9.51%     -   62s
     0     0  794.56844    0  498  878.09356  794.56844  9.51%     -   69s
H    0     0                     877.7393813  794.56844  9.48%     -   70s
H    0     0                     874.0667359  794.56844  9.10%     -   70s
H    0     0                     871.4561390  794.56844  8.82%     -   73s
H    0     0                     871.3424988  794.56844  8.81%     -   74s
H    0     0                     870.8736999  794.56844  8.76%     -   74s
H    0     0                     868.1854425  794.56844  8.48%     -   74s
H    0     0                     866.2836425  794.56844  8.28%     -   75s
     0     0  796.48628    0  495  866.28364  796.48628  8.06%     -   77s
     0     0  796.48693    0  495  866.28364  796.48693  8.06%     -   77s
     0     0  798.53020    0  545  866.28364  798.53020  7.82%     -   80s
     0     0  798.53020    0  437  866.28364  798.53020  7.82%     -   86s
     0     0  798.53020    0  506  866.28364  798.53020  7.82%     -   91s
H    0     0                     866.1240264  798.53020  7.80%     -   92s
H    0     0                     863.1472309  798.53020  7.49%     -   92s
     0     0  798.53020    0  504  863.14723  798.53020  7.49%     -  100s
     0     0  798.67661    0  524  863.14723  798.67661  7.47%     -  100s
     0     0  798.67789    0  525  863.14723  798.67789  7.47%     -  100s
     0     0  805.30474    0  525  863.14723  805.30474  6.70%     -  109s
     0     0  805.40429    0  521  863.14723  805.40429  6.69%     -  109s
     0     0  805.40436    0  517  863.14723  805.40436  6.69%     -  110s
     0     0  806.66873    0  526  863.14723  806.66873  6.54%     -  115s
     0     0  807.57969    0  486  863.14723  807.57969  6.44%     -  117s
     0     0  807.58424    0  489  863.14723  807.58424  6.44%     -  118s
     0     0  807.58424    0  488  863.14723  807.58424  6.44%     -  118s
     0     0  808.14621    0  522  863.14723  808.14621  6.37%     -  121s
     0     0  808.15803    0  514  863.14723  808.15803  6.37%     -  121s
     0     0  808.15803    0  515  863.14723  808.15803  6.37%     -  121s
     0     0  808.18901    0  522  863.14723  808.18901  6.37%     -  123s
     0     0  808.19125    0  520  863.14723  808.19125  6.37%     -  124s
     0     0  808.19678    0  522  863.14723  808.19678  6.37%     -  124s
     0     0  808.19678    0  522  863.14723  808.19678  6.37%     -  125s
     0     0  808.22021    0  529  863.14723  808.22021  6.36%     -  125s
     0     0  808.22021    0  529  863.14723  808.22021  6.36%     -  126s
     0     0  808.26794    0  527  863.14723  808.26794  6.36%     -  126s
     0     0  808.26900    0  528  863.14723  808.26900  6.36%     -  127s
     0     0  808.28474    0  527  863.14723  808.28474  6.36%     -  128s
     0     0  808.28701    0  527  863.14723  808.28701  6.36%     -  128s
     0     0  808.28804    0  527  863.14723  808.28804  6.36%     -  129s
     0     0  808.28804    0  527  863.14723  808.28804  6.36%     -  129s
     0     0  808.28897    0  522  863.14723  808.28897  6.36%     -  130s
     0     0  808.28897    0  522  863.14723  808.28897  6.36%     -  130s
     0     0  808.28897    0  501  863.14723  808.28897  6.36%     -  132s
     0     0  813.85868    0  467  863.14723  813.85868  5.71%     -  143s
H    0     0                     862.5186583  813.85868  5.64%     -  143s
H    0     0                     860.2185547  813.85868  5.39%     -  143s
     0     0  813.85868    0  484  860.21855  813.85868  5.39%     -  150s
H    0     0                     858.9729769  813.85868  5.25%     -  152s
H    0     0                     855.7473161  813.85868  4.89%     -  153s
     0     0  813.85868    0  463  855.74732  813.85868  4.89%     -  157s
     0     0  813.85868    0  499  855.74732  813.85868  4.89%     -  161s
     0     0  813.85868    0  502  855.74732  813.85868  4.89%     -  161s
     0     0  813.85868    0  526  855.74732  813.85868  4.89%     -  162s
     0     0  813.85868    0  525  855.74732  813.85868  4.89%     -  162s
     0     0  813.85868    0  520  855.74732  813.85868  4.89%     -  163s
     0     0  813.85868    0  517  855.74732  813.85868  4.89%     -  164s
     0     0  813.85868    0  508  855.74732  813.85868  4.89%     -  166s
     0     0  813.85868    0  508  855.74732  813.85868  4.89%     -  166s
     0     0  813.85868    0  505  855.74732  813.85868  4.89%     -  171s
     0     0  813.85868    0  503  855.74732  813.85868  4.89%     -  172s
     0     0  813.85868    0  503  855.74732  813.85868  4.89%     -  173s
     0     0  813.85868    0  504  855.74732  813.85868  4.89%     -  173s
     0     0  813.85868    0  512  855.74732  813.85868  4.89%     -  174s
     0     0  813.85868    0  513  855.74732  813.85868  4.89%     -  177s
     0     0  813.85868    0  513  855.74732  813.85868  4.89%     -  177s
     0     0  813.85868    0  506  855.74732  813.85868  4.89%     -  178s
     0     0  813.85868    0  506  855.74732  813.85868  4.89%     -  178s
     0     0  813.85868    0  501  855.74732  813.85868  4.89%     -  179s
     0     0  813.85868    0  476  855.74732  813.85868  4.89%     -  185s
     0     0  813.85868    0  470  855.74732  813.85868  4.89%     -  192s
     0     0  813.85868    0  484  855.74732  813.85868  4.89%     -  200s
     0     0  813.85868    0  487  855.74732  813.85868  4.89%     -  201s
     0     0  813.85868    0  514  855.74732  813.85868  4.89%     -  202s
     0     0  813.85868    0  515  855.74732  813.85868  4.89%     -  202s
     0     0  813.85868    0  514  855.74732  813.85868  4.89%     -  202s
     0     0  813.85868    0  532  855.74732  813.85868  4.89%     -  204s
     0     0  813.85868    0  531  855.74732  813.85868  4.89%     -  204s
     0     0  813.85868    0  517  855.74732  813.85868  4.89%     -  206s
     0     0  813.85868    0  516  855.74732  813.85868  4.89%     -  206s
     0     0  813.85868    0  511  855.74732  813.85868  4.89%     -  208s
     0     0  813.85868    0  532  855.74732  813.85868  4.89%     -  209s
     0     0  813.85868    0  531  855.74732  813.85868  4.89%     -  209s
     0     0  813.85868    0  532  855.74732  813.85868  4.89%     -  209s
     0     0  813.85868    0  529  855.74732  813.85868  4.89%     -  210s
     0     0  813.85868    0  529  855.74732  813.85868  4.89%     -  213s
     0     0  813.85868    0  529  855.74732  813.85868  4.89%     -  214s
     0     0  813.85868    0  529  855.74732  813.85868  4.89%     -  214s
     0     0  813.85868    0  520  855.74732  813.85868  4.89%     -  215s
     0     2  813.85868    0  520  855.74732  813.85868  4.89%     -  218s
     1     5  813.85868    1  315  855.74732  813.85868  4.89% 12957  221s
    11    14  813.85868    4  281  855.74732  813.85868  4.89%  6378  229s
    13    30  813.85868    5  265  855.74732  813.85868  4.89%  6250  232s
    37    50  813.85868    8  295  855.74732  813.85868  4.89%  4310  236s
    60    68  813.85868   10  294  855.74732  813.85868  4.89%  3757  241s
    78    88  813.85868   15  264  855.74732  813.85868  4.89%  3358  245s
   110   119  813.85868   20  254  855.74732  813.85868  4.89%  2823  250s
   134   146  815.38669   22  242  855.74732  813.85868  4.89%  2660  255s
   194   216  813.85868   26  279  855.74732  813.85868  4.89%  2026  261s
   286   331  814.91439   28  255  855.74732  813.85868  4.89%  1533  265s
   597   688  816.89292   82  265  855.74732  813.85868  4.89%   886  270s
  1093  1274  821.83031  168  222  855.74732  813.85868  4.89%   556  275s
  1540  1474  829.86085  246  505  855.74732  813.85868  4.89%   437  297s

Explored 1541 nodes (1550759 simplex iterations) in 300.00 seconds (742.88 work units)
Thread count was 4 (of 32 available processors)

Solution count 10: 855.747 858.973 860.219 ... 871.342

Time limit reached
Best objective 8.557473161240e+02, best bound 8.138586800044e+02, gap 4.8950%

User-callback calls 41894, time in user-callback 0.02 sec
Cap boundary reject: PORT-581 segment infeasible left=649.526 right=100543.683
Cap boundary reject: PORT-581 real=1000000000000000052504760255204420248704468581108159154915854115511802457988908195786371375080447864043704443832883878176942523235360430575644792184786706982848387200926575803737830233794788090059368953234970799945081119038967640880074652742780142494579258788820056842838115669472196386865459400540160.000 baseline=870.169
Cap boundary debug: PORT-581 -> [68 69 67 66 53 54 56 55 52 51 38 48 39 40 47 46 43 45 44 42 41 34 33 30 29 27 26 28 31 32 36 35 37 50 49 396 397 398 395 394 393 392 391 390 389 388 387 402 385 403 384 383 382 414 413 412 409 408 410 411 380 378 379 377 376 375 374 373 372 371 370 369 359 360 358 353 349 326 328] -> PORT-591 -> [346 345 344 343 342 341 316 283 284 555 558 559 560 561 562 563 564 565 566 567 568 569 570 571 573 576 527 435 438 448 449 450 451 452 453 454 455 456 457 458 465 505 506 444 443 442 441 440 437 436 512 513] -> PORT-593 | load_left=43950 load_right=43988 cap=45000
Set parameter Username
Set parameter LicenseID to value 2738882
Academic license - for non-commercial use only - expires 2026-11-14
Set parameter TimeLimit to value 300
Set parameter Seed to value 2000000000
Set parameter Threads to value 4
Set parameter OutputFlag to value 1
Set parameter LogToConsole to value 1
Set parameter LazyConstraints to value 1
Gurobi Optimizer version 13.0.0 build v13.0.0rc1 (linux64 - "Debian GNU/Linux 13 (trixie)")

CPU model: AMD Ryzen 9 5950X 16-Core Processor, instruction set [SSE2|AVX|AVX2]
Thread count: 16 physical cores, 32 logical processors, using up to 4 threads

Non-default parameters:
TimeLimit  300
Seed  2000000000
Threads  4
LazyConstraints  1

Optimize a model with 73402 rows, 212268 columns and 424524 nonzeros (Min)
Model fingerprint: 0x52921300
Model has 70224 linear objective coefficients
Variable types: 141512 continuous, 70756 integer (70756 binary)
Coefficient statistics:
  Matrix range     [1e+00, 4e+04]
  Objective range  [6e-01, 1e+05]
  Bounds range     [1e+00, 4e+04]
  RHS range        [1e+00, 8e+03]
Presolve removed 2916 rows and 72481 columns
Presolve time: 0.58s
Presolved: 70486 rows, 139787 columns, 419845 nonzeros
Variable types: 69430 continuous, 70357 integer (70357 binary)
Root relaxation presolved: 70486 rows, 139787 columns, 419845 nonzeros

Deterministic concurrent LP optimizer: primal and dual simplex
Showing primal log only...


Root simplex log...

Iteration    Objective       Primal Inf.    Dual Inf.      Time
   59973    9.0184441e+02   0.000000e+00   2.692591e+04      5s
   99405    9.5458463e+02   0.000000e+00   0.000000e+00      8s
Concurrent spin time: 0.00s

Solved with primal simplex

Root relaxation: objective 9.545846e+02, 99405 iterations, 6.94 seconds (13.27 work units)

    Nodes    |    Current Node    |     Objective Bounds      |     Work
 Expl Unexpl |  Obj  Depth IntInf | Incumbent    BestBd   Gap | It/Node Time

     0     0  954.58463    0  471          -  954.58463      -     -    9s
H    0     0                    1460.3586692  954.58463  34.6%     -   10s
H    0     0                    1413.2252060  954.58463  32.5%     -   11s
H    0     0                    1375.9156399  954.58463  30.6%     -   11s
H    0     0                    1371.7163550  954.58463  30.4%     -   12s
H    0     0                    1358.8126907  954.58463  29.7%     -   13s
H    0     0                    1357.8990426  954.58463  29.7%     -   14s
H    0     0                    1350.2294893  954.58463  29.3%     -   14s
H    0     0                    1340.5928595  954.58463  28.8%     -   14s
H    0     0                    1307.4155720  954.58463  27.0%     -   14s
     0     0  956.06849    0  511 1307.41557  956.06849  26.9%     -   17s
     0     0  956.06849    0  468 1307.41557  956.06849  26.9%     -   24s
H    0     0                    1297.0778508  956.06849  26.3%     -   24s
H    0     0                    1270.9274232  956.06849  24.8%     -   24s
H    0     0                    1261.3162537  956.06849  24.2%     -   25s
H    0     0                    1254.5864867  956.06849  23.8%     -   25s
H    0     0                    1251.7467134  956.06849  23.6%     -   25s
H    0     0                    1251.7268322  956.06849  23.6%     -   25s
H    0     0                    1246.8120524  956.06849  23.3%     -   26s
     0     0  956.48690    0  517 1246.81205  956.48690  23.3%     -   28s
H    0     0                    1210.6486413  956.48690  21.0%     -   29s
H    0     0                    1190.6476931  956.48690  19.7%     -   30s
H    0     0                    1166.6353502  956.48690  18.0%     -   30s
H    0     0                    1156.0773145  956.48690  17.3%     -   30s
H    0     0                    1147.2763310  956.48690  16.6%     -   31s
H    0     0                    1145.4655795  956.48690  16.5%     -   33s
H    0     0                    1126.4852232  956.48690  15.1%     -   33s
H    0     0                    1125.7269184  956.48690  15.0%     -   35s
     0     0  960.63350    0  536 1125.72692  960.63350  14.7%     -   36s
     0     0  960.63663    0  536 1125.72692  960.63663  14.7%     -   36s
     0     0  960.63663    0  536 1125.72692  960.63663  14.7%     -   36s
     0     0  961.66918    0  527 1125.72692  961.66918  14.6%     -   38s
     0     0  961.66918    0  472 1125.72692  961.66918  14.6%     -   43s
     0     0  961.66918    0  524 1125.72692  961.66918  14.6%     -   58s
H    0     0                    1124.7367323  961.66918  14.5%     -   59s
H    0     0                    1124.7367316  961.66918  14.5%     -   61s
H    0     0                    1124.7367305  961.66918  14.5%     -   61s
     0     0  961.66918    0  534 1124.73673  961.66918  14.5%     -   63s
     0     0  961.80161    0  532 1124.73673  961.80161  14.5%     -   63s
     0     0  961.80259    0  535 1124.73673  961.80259  14.5%     -   63s
     0     0  963.20253    0  551 1124.73673  963.20253  14.4%     -   68s
     0     0  963.50789    0  545 1124.73673  963.50789  14.3%     -   68s
     0     0  963.50789    0  545 1124.73673  963.50789  14.3%     -   68s
     0     0  968.57724    0  551 1124.73673  968.57724  13.9%     -   77s
H    0     0                    1124.7367161  968.57724  13.9%     -   80s
     0     0  968.58576    0  545 1124.73672  968.58576  13.9%     -   82s
     0     0  968.58631    0  546 1124.73672  968.58631  13.9%     -   82s
     0     0  980.68789    0  558 1124.73672  980.68789  12.8%     -   87s
     0     0  980.89519    0  566 1124.73672  980.89519  12.8%     -   88s
     0     0  980.89579    0  569 1124.73672  980.89579  12.8%     -   88s
     0     0  981.18023    0  583 1124.73672  981.18023  12.8%     -   89s
     0     0  981.21111    0  586 1124.73672  981.21111  12.8%     -   89s
     0     0  984.61844    0  576 1124.73672  984.61844  12.5%     -   91s
     0     0  984.64810    0  576 1124.73672  984.64810  12.5%     -   91s
     0     0  985.53466    0  574 1124.73672  985.53466  12.4%     -   92s
     0     0  985.88093    0  577 1124.73672  985.88093  12.3%     -   92s
     0     0  985.88093    0  577 1124.73672  985.88093  12.3%     -   92s
     0     0  986.43673    0  578 1124.73672  986.43673  12.3%     -   93s
     0     0  986.46079    0  580 1124.73672  986.46079  12.3%     -   93s
     0     0  986.46079    0  581 1124.73672  986.46079  12.3%     -   93s
     0     0  988.60715    0  579 1124.73672  988.60715  12.1%     -   94s
     0     0  990.09605    0  569 1124.73672  990.09605  12.0%     -   94s
     0     0  990.28718    0  572 1124.73672  990.28718  12.0%     -   94s
     0     0  990.28956    0  575 1124.73672  990.28956  12.0%     -   94s
     0     0  990.85138    0  574 1124.73672  990.85138  11.9%     -   97s
     0     0  991.17328    0  573 1124.73672  991.17328  11.9%     -   97s
     0     0  991.17328    0  573 1124.73672  991.17328  11.9%     -   97s
     0     0  991.25349    0  577 1124.73672  991.25349  11.9%     -   98s
     0     0  991.28850    0  579 1124.73672  991.28850  11.9%     -   98s
     0     0  992.08073    0  580 1124.73672  992.08073  11.8%     -   99s
     0     0  992.12028    0  580 1124.73672  992.12028  11.8%     -   99s
     0     0  992.12298    0  582 1124.73672  992.12298  11.8%     -   99s
     0     0  992.65352    0  573 1124.73672  992.65352  11.7%     -  100s
     0     0  992.70347    0  575 1124.73672  992.70347  11.7%     -  101s
     0     0  992.70347    0  576 1124.73672  992.70347  11.7%     -  101s
     0     0  993.16346    0  584 1124.73672  993.16346  11.7%     -  102s
     0     0  993.20452    0  592 1124.73672  993.20452  11.7%     -  102s
     0     0  993.20452    0  592 1124.73672  993.20452  11.7%     -  102s
     0     0  994.02096    0  579 1124.73672  994.02096  11.6%     -  103s
     0     0  995.62347    0  577 1124.73672  995.62347  11.5%     -  103s
     0     0  995.62347    0  578 1124.73672  995.62347  11.5%     -  103s
     0     0  995.62347    0  589 1124.73672  995.62347  11.5%     -  104s
     0     0  995.62347    0  590 1124.73672  995.62347  11.5%     -  104s
     0     0  995.62347    0  586 1124.73672  995.62347  11.5%     -  105s
     0     0  995.62347    0  587 1124.73672  995.62347  11.5%     -  105s
     0     0  995.62347    0  583 1124.73672  995.62347  11.5%     -  106s
     0     0  995.62347    0  583 1124.73672  995.62347  11.5%     -  106s
     0     0  995.69291    0  590 1124.73672  995.69291  11.5%     -  107s
     0     0  995.71666    0  591 1124.73672  995.71666  11.5%     -  108s
     0     0  995.71666    0  602 1124.73672  995.71666  11.5%     -  109s
     0     0  995.71666    0  600 1124.73672  995.71666  11.5%     -  109s
     0     0  996.72563    0  580 1124.73672  996.72563  11.4%     -  110s
     0     0  996.74694    0  584 1124.73672  996.74694  11.4%     -  110s
     0     0  997.01706    0  594 1124.73672  997.01706  11.4%     -  111s
     0     0  997.02251    0  588 1124.73672  997.02251  11.4%     -  111s
     0     0  997.02251    0  587 1124.73672  997.02251  11.4%     -  112s
     0     0  997.17162    0  588 1124.73672  997.17162  11.3%     -  112s
     0     0  997.19793    0  594 1124.73672  997.19793  11.3%     -  112s
     0     0  997.19812    0  594 1124.73672  997.19812  11.3%     -  112s
     0     0  997.22980    0  592 1124.73672  997.22980  11.3%     -  113s
     0     0  997.25455    0  592 1124.73672  997.25455  11.3%     -  114s
     0     0 1006.90222    0  576 1124.73672 1006.90222  10.5%     -  115s
     0     0 1007.11832    0  582 1124.73672 1007.11832  10.5%     -  115s
     0     0 1007.11845    0  582 1124.73672 1007.11845  10.5%     -  115s
     0     0 1007.59881    0  583 1124.73672 1007.59881  10.4%     -  116s
     0     0 1007.59881    0  475 1124.73672 1007.59881  10.4%     -  120s
     0     0 1007.59881    0  547 1124.73672 1007.59881  10.4%     -  123s
H    0     0                    1124.7366690 1007.59881  10.4%     -  125s
     0     0 1007.59881    0  565 1124.73667 1007.59881  10.4%     -  132s
     0     0 1007.59881    0  561 1124.73667 1007.59881  10.4%     -  135s
     0     0 1007.65075    0  592 1124.73667 1007.65075  10.4%     -  136s
     0     0 1007.65394    0  596 1124.73667 1007.65394  10.4%     -  137s
     0     0 1007.77847    0  584 1124.73667 1007.77847  10.4%     -  139s
     0     0 1007.78787    0  578 1124.73667 1007.78787  10.4%     -  140s
     0     0 1007.78826    0  574 1124.73667 1007.78826  10.4%     -  140s
     0     0 1009.01147    0  576 1124.73667 1009.01147  10.3%     -  142s
     0     0 1009.01738    0  574 1124.73667 1009.01738  10.3%     -  142s
     0     0 1009.77956    0  573 1124.73667 1009.77956  10.2%     -  144s
     0     0 1009.82770    0  575 1124.73667 1009.82770  10.2%     -  144s
     0     0 1009.82770    0  577 1124.73667 1009.82770  10.2%     -  145s
     0     0 1009.82770    0  573 1124.73667 1009.82770  10.2%     -  146s
     0     0 1009.82770    0  573 1124.73667 1009.82770  10.2%     -  147s
     0     0 1009.85401    0  579 1124.73667 1009.85401  10.2%     -  151s
     0     0 1009.85401    0  575 1124.73667 1009.85401  10.2%     -  152s
     0     0 1009.85401    0  575 1124.73667 1009.85401  10.2%     -  152s
     0     0 1009.85401    0  553 1124.73667 1009.85401  10.2%     -  154s
H    0     0                    1123.9818843 1009.85401  10.2%     -  156s
H    0     0                    1123.2101114 1009.85401  10.1%     -  156s
H    0     0                    1121.2576129 1009.85401  9.94%     -  157s
H    0     2                    1117.3164376 1016.36411  9.04%     -  170s
     0     2 1016.36411    0  553 1117.31644 1016.36411  9.04%     -  170s
    60    67 1017.07178   10  525 1117.31644 1016.36411  9.04%   371  176s
   130   138 1034.51052   22  485 1117.31644 1016.36411  9.04%   435  180s
   151   158 1038.84894   26  479 1117.31644 1016.36411  9.04%   527  185s
   174   185 1049.66474   31  478 1117.31644 1016.36411  9.04%   551  191s
   199   211 1055.40729   43  453 1117.31644 1016.36411  9.04%   717  196s
   223   235 1060.74065   48  464 1117.31644 1016.36411  9.04%   830  201s
   284   305 1072.21967   61  464 1117.31644 1016.36411  9.04%   892  205s
   390   424 1095.10456   89  413 1117.31644 1016.36411  9.04%   782  210s
   579   578 1018.32038    8  532 1117.31644 1016.36411  9.04%   630  217s
   618   597 1033.96206   10  542 1117.31644 1016.36411  9.04%   615  221s
   657   607 1038.98913   13  551 1117.31644 1016.36411  9.04%   617  227s
   679   638 1045.18487   19  542 1117.31644 1016.36411  9.04%   635  233s
   693   676 1051.26905   23  535 1117.31644 1016.36411  9.04%   644  235s
   758   738 1073.02350   36  497 1117.31644 1016.36411  9.04%   642  240s
   823   837 1098.24702   65  449 1117.31644 1016.36411  9.04%   667  246s
H  899   838                    1115.4387354 1016.36411  8.88%   643  249s
   900   887 1101.76546   77  452 1115.43874 1016.36411  8.88%   643  251s
   986   917 1016.36411    6  547 1115.43874 1016.36411  8.88%   638  256s
  1001   946 1019.58217    8  545 1115.43874 1016.36411  8.88%   659  261s
  1136  1052 1035.40169   11  511 1115.43874 1016.36411  8.88%   610  290s
  1138  1053 1020.77779    9  477 1115.43874 1016.36411  8.88%   609  295s

Cutting planes:
  Gomory: 10
  Cover: 8
  Implied bound: 80
  Projected implied bound: 3
  Clique: 2
  MIR: 49
  Flow cover: 85
  GUB cover: 1
  Zero half: 35
  Network: 2
  RLT: 1
  Relax-and-lift: 94

Explored 1139 nodes (1235774 simplex iterations) in 300.01 seconds (747.01 work units)
Thread count was 4 (of 32 available processors)

Solution count 10: 1115.44 1117.32 1121.26 ... 1145.47

Time limit reached
Best objective 1.115438735360e+03, best bound 1.016364108871e+03, gap 8.8821%

User-callback calls 64461, time in user-callback 0.01 sec
Cap boundary reject: PORT-591 real=1583.087 baseline=1115.439
Cap boundary debug: PORT-588 -> [118 119 120 121 122 473 481 469 470 471 472 123 266 267 265 263 262 261 260 254 255 206 209 201 200 199 198 197 196 195 194 193 217 189 188 224 225 187 186 185 184 183 182 226 178 13 480] -> PORT-581 -> [93 25 5 4 3 1 117 116 115 476 477 478 479 467 466 474 475 7 6 10 11 143 12 14 15 16 17 18 21 19 20 357 366] -> PORT-591 | load_left=44420 load_right=43203 cap=45000
Set parameter Username
Set parameter LicenseID to value 2738882
Academic license - for non-commercial use only - expires 2026-11-14
Set parameter TimeLimit to value 300
Set parameter Seed to value 830223829
Set parameter Threads to value 4
Set parameter OutputFlag to value 1
Set parameter LogToConsole to value 1
Set parameter LazyConstraints to value 1
Gurobi Optimizer version 13.0.0 build v13.0.0rc1 (linux64 - "Debian GNU/Linux 13 (trixie)")

CPU model: AMD Ryzen 9 5950X 16-Core Processor, instruction set [SSE2|AVX|AVX2]
Thread count: 16 physical cores, 32 logical processors, using up to 4 threads

Non-default parameters:
TimeLimit  300
Seed  830223829
Threads  4
LazyConstraints  1

Optimize a model with 28522 rows, 80688 columns and 161364 nonzeros (Min)
Model fingerprint: 0x5dea9450
Model has 26568 linear objective coefficients
Variable types: 53792 continuous, 26896 integer (26896 binary)
Coefficient statistics:
  Matrix range     [1e+00, 4e+04]
  Objective range  [3e-01, 1e+05]
  Bounds range     [1e+00, 4e+04]
  RHS range        [1e+00, 1e+04]
Presolve removed 1794 rows and 27958 columns
Presolve time: 0.28s
Presolved: 26728 rows, 52730 columns, 157848 nonzeros
Variable types: 26080 continuous, 26650 integer (26650 binary)
Root relaxation presolved: 26728 rows, 52730 columns, 157848 nonzeros

Deterministic concurrent LP optimizer: primal and dual simplex
Showing primal log only...

Concurrent spin time: 0.00s

Solved with primal simplex

Root relaxation: objective 9.901662e+02, 29073 iterations, 1.14 seconds (2.09 work units)

    Nodes    |    Current Node    |     Objective Bounds      |     Work
 Expl Unexpl |  Obj  Depth IntInf | Incumbent    BestBd   Gap | It/Node Time

     0     0  990.16617    0  362          -  990.16617      -     -    1s
H    0     0                    1371.4606574  990.16617  27.8%     -    4s
H    0     0                    1371.0280696  990.16617  27.8%     -    4s
H    0     0                    1342.2149938  990.16617  26.2%     -    5s
H    0     0                    1340.7539484  990.16617  26.1%     -    6s
H    0     0                    1333.3810141  990.16617  25.7%     -    7s
H    0     0                    1331.7281804  990.16617  25.6%     -    8s
H    0     0                    1330.1087715  990.16617  25.6%     -    9s
     0     0  990.16617    0  354 1330.10877  990.16617  25.6%     -    9s
     0     0  990.16617    0  358 1330.10877  990.16617  25.6%     -    9s
     0     0  990.17931    0  359 1330.10877  990.17931  25.6%     -    9s
     0     0  990.18006    0  359 1330.10877  990.18006  25.6%     -    9s
     0     0 1005.41913    0  361 1330.10877 1005.41913  24.4%     -    9s
     0     0 1014.03202    0  410 1330.10877 1014.03202  23.8%     -   13s
H    0     0                    1325.2714450 1014.05098  23.5%     -   13s
H    0     0                    1318.3341895 1014.05098  23.1%     -   13s
H    0     0                    1316.7880071 1014.05098  23.0%     -   13s
H    0     0                    1316.0627194 1014.05098  22.9%     -   14s
H    0     0                    1311.5025149 1014.05098  22.7%     -   15s
H    0     0                    1282.5587831 1014.05098  20.9%     -   15s
H    0     0                    1275.4509858 1014.05098  20.5%     -   15s
H    0     0                    1273.4691948 1014.05098  20.4%     -   15s
H    0     0                    1262.5012773 1014.05098  19.7%     -   21s
H    0     0                    1260.8148178 1014.05098  19.6%     -   22s
H    0     0                    1258.3160013 1014.05098  19.4%     -   23s
H    0     0                    1249.5468300 1014.05098  18.8%     -   23s
H    0     0                    1247.1262744 1014.05098  18.7%     -   23s
H    0     0                    1241.4388671 1014.05098  18.3%     -   24s
H    0     0                    1219.4532640 1014.05098  16.8%     -   24s
H    0     0                    1216.2931540 1014.05098  16.6%     -   24s
H    0     0                    1216.2816796 1014.05098  16.6%     -   24s
H    0     0                    1216.1585383 1014.05098  16.6%     -   25s
     0     0 1014.11111    0  409 1216.15854 1014.11111  16.6%     -   26s
     0     0 1014.11111    0  410 1216.15854 1014.11111  16.6%     -   26s
     0     0 1018.51781    0  431 1216.15854 1018.51781  16.3%     -   28s
     0     0 1019.47581    0  417 1216.15854 1019.47581  16.2%     -   29s
     0     0 1019.47593    0  418 1216.15854 1019.47593  16.2%     -   29s
     0     0 1021.39967    0  434 1216.15854 1021.39967  16.0%     -   31s
     0     0 1021.49637    0  445 1216.15854 1021.49637  16.0%     -   31s
     0     0 1021.49637    0  445 1216.15854 1021.49637  16.0%     -   31s
     0     0 1022.56378    0  447 1216.15854 1022.56378  15.9%     -   33s
     0     0 1022.62679    0  448 1216.15854 1022.62679  15.9%     -   33s
     0     0 1022.62762    0  450 1216.15854 1022.62762  15.9%     -   33s
     0     0 1023.16419    0  438 1216.15854 1023.16419  15.9%     -   36s
     0     0 1023.20830    0  448 1216.15854 1023.20830  15.9%     -   36s
     0     0 1023.20923    0  449 1216.15854 1023.20923  15.9%     -   36s
     0     0 1023.66836    0  468 1216.15854 1023.66836  15.8%     -   38s
     0     0 1023.70313    0  471 1216.15854 1023.70313  15.8%     -   38s
     0     0 1023.70632    0  469 1216.15854 1023.70632  15.8%     -   39s
     0     0 1023.85880    0  463 1216.15854 1023.85880  15.8%     -   41s
     0     0 1023.93441    0  469 1216.15854 1023.93441  15.8%     -   41s
     0     0 1023.94020    0  472 1216.15854 1023.94020  15.8%     -   41s
     0     0 1025.12966    0  462 1216.15854 1025.12966  15.7%     -   44s
     0     0 1025.15762    0  469 1216.15854 1025.15762  15.7%     -   44s
     0     0 1025.15941    0  469 1216.15854 1025.15941  15.7%     -   44s
     0     0 1025.72648    0  476 1216.15854 1025.72648  15.7%     -   46s
     0     0 1025.76916    0  487 1216.15854 1025.76916  15.7%     -   46s
     0     0 1025.77047    0  490 1216.15854 1025.77047  15.7%     -   46s
     0     0 1025.93900    0  476 1216.15854 1025.93900  15.6%     -   49s
H    0     0                    1215.6559820 1025.93900  15.6%     -   49s
     0     0 1025.94421    0  486 1215.65598 1025.94421  15.6%     -   49s
     0     0 1026.46647    0  494 1215.65598 1026.46647  15.6%     -   52s
     0     0 1026.49571    0  487 1215.65598 1026.49571  15.6%     -   52s
     0     0 1026.49854    0  487 1215.65598 1026.49854  15.6%     -   52s
     0     0 1026.65263    0  486 1215.65598 1026.65263  15.5%     -   54s
     0     0 1026.67476    0  485 1215.65598 1026.67476  15.5%     -   54s
     0     0 1026.67620    0  485 1215.65598 1026.67620  15.5%     -   54s
     0     0 1026.77474    0  479 1215.65598 1026.77474  15.5%     -   56s
     0     0 1026.79455    0  482 1215.65598 1026.79455  15.5%     -   57s
     0     0 1026.79455    0  483 1215.65598 1026.79455  15.5%     -   57s
     0     0 1026.89767    0  490 1215.65598 1026.89767  15.5%     -   59s
     0     0 1026.95402    0  482 1215.65598 1026.95402  15.5%     -   59s
     0     0 1026.95999    0  491 1215.65598 1026.95999  15.5%     -   59s
     0     0 1027.04778    0  490 1215.65598 1027.04778  15.5%     -   60s
     0     0 1027.54754    0  494 1215.65598 1027.54754  15.5%     -   60s
     0     0 1027.54754    0  488 1215.65598 1027.54754  15.5%     -   62s
     0     0 1027.54754    0  492 1215.65598 1027.54754  15.5%     -   62s
     0     0 1030.51548    0  497 1215.65598 1030.51548  15.2%     -   64s
     0     0 1030.54843    0  498 1215.65598 1030.54843  15.2%     -   64s
     0     0 1030.55463    0  503 1215.65598 1030.55463  15.2%     -   64s
     0     0 1030.55463    0  503 1215.65598 1030.55463  15.2%     -   64s
     0     0 1031.02700    0  477 1215.65598 1031.02700  15.2%     -   66s
     0     0 1031.04632    0  483 1215.65598 1031.04632  15.2%     -   66s
     0     0 1031.05160    0  488 1215.65598 1031.05160  15.2%     -   66s
     0     0 1031.17893    0  480 1215.65598 1031.17893  15.2%     -   68s
     0     0 1031.19960    0  488 1215.65598 1031.19960  15.2%     -   68s
     0     0 1031.20148    0  494 1215.65598 1031.20148  15.2%     -   68s
     0     0 1031.31461    0  480 1215.65598 1031.31461  15.2%     -   69s
     0     0 1031.33411    0  476 1215.65598 1031.33411  15.2%     -   71s
     0     0 1031.33747    0  479 1215.65598 1031.33747  15.2%     -   71s
     0     0 1031.40181    0  491 1215.65598 1031.40181  15.2%     -   72s
     0     0 1031.42537    0  491 1215.65598 1031.42537  15.2%     -   72s
     0     0 1031.42537    0  491 1215.65598 1031.42537  15.2%     -   72s
     0     0 1031.42537    0  482 1215.65598 1031.42537  15.2%     -   73s
     0     2 1031.43448    0  479 1215.65598 1031.43448  15.2%     -   77s
     3     8 1034.26144    2  458 1215.65598 1032.21631  15.1%  2131   80s
    40    51 1039.64506    9  441 1215.65598 1032.53807  15.1%   875   85s
    89    94 1041.97158   16  348 1215.65598 1032.53807  15.1%   700   90s
H  119   122                    1215.3048436 1032.53807  15.0%   623   93s
   137   150 1043.24630   30  354 1215.30484 1032.53807  15.0%   586   95s
H  216   218                    1215.3048425 1032.53807  15.0%   460   99s
   217   244 1045.34433   51  305 1215.30484 1032.53807  15.0%   458  100s
   480   525 1064.37283  124  242 1215.30484 1032.53807  15.0%   283  105s
H  528   529                    1215.3048391 1032.53807  15.0%   268  106s
   611   660 1075.22498  180  242 1215.30484 1032.53807  15.0%   250  110s
H  662   664                    1215.3048390 1032.53807  15.0%   237  111s
   825   952 1083.88516  248  190 1215.30484 1032.53807  15.0%   199  115s
  1529  1641 1101.12206  467  165 1215.30484 1032.53807  15.0%   128  120s
  2282  2500 1134.28492  661  152 1215.30484 1032.53807  15.0%   104  126s
  2691  2719 1034.18382    8  432 1215.30484 1033.68387  14.9%   104  130s
  2871  2852 1040.07965   17  339 1215.30484 1033.68387  14.9%   108  135s
  2941  2917 1040.18838   22  300 1215.30484 1033.68387  14.9%   122  140s
  2960  2918 1094.16920  397  482 1215.30484 1033.68387  14.9%   125  166s
  2962  2919 1067.88439  100  359 1215.30484 1033.68387  14.9%   125  176s
  2963  2920 1114.12641  620  458 1215.30484 1033.68387  14.9%   125  185s
  2976  2929 1112.22510  363  499 1215.30484 1033.68387  14.9%   125  191s
  2977  2929 1059.59194  179  481 1215.30484 1033.68387  14.9%   125  196s
  2981  2932 1077.01702  184  506 1215.30484 1034.57791  14.9%   124  200s
  2982  2933 1071.64332  135  511 1215.30484 1036.03178  14.8%   124  207s
  2984  2934 1045.19615   44  508 1215.30484 1036.11987  14.7%   124  210s
  2985  2935 1039.27695    9  492 1215.30484 1037.47013  14.6%   124  215s
  2989  2937 1086.55357  208  487 1215.30484 1038.62430  14.5%   124  225s
  2993  2940 1043.01161   25  518 1215.30484 1038.98846  14.5%   124  234s
  2995  2941 1049.09859   35  519 1215.30484 1038.98846  14.5%   124  237s
  2996  2942 1111.18896  371  542 1215.30484 1039.04800  14.5%   124  243s
  2999  2944 1148.18472  675  549 1215.30484 1039.16153  14.5%   124  248s
  3000  2945 1051.91080   22  515 1215.30484 1039.37631  14.5%   124  256s
  3002  2946 1080.80128  385  537 1215.30484 1039.43073  14.5%   124  260s
  3003  2947 1084.40760  266  545 1215.30484 1039.74127  14.4%   124  274s
  3004  2947 1043.24505   28  554 1215.30484 1039.78300  14.4%   123  275s
  3007  2949 1102.47018  490  552 1215.30484 1039.91606  14.4%   123  284s
  3009  2951 1063.42672  246  563 1215.30484 1039.93331  14.4%   123  288s
  3010  2951 1107.78349  320  554 1215.30484 1040.08159  14.4%   123  292s
  3013  2953 1121.61615  413  576 1215.30484 1040.12490  14.4%   123  296s

Cutting planes:
  Cover: 3
  Implied bound: 303
  Projected implied bound: 14
  MIR: 213
  Mixing: 5
  Flow cover: 163
  GUB cover: 1
  Zero half: 26
  RLT: 4
  Relax-and-lift: 120
  BQP: 9

Explored 3013 nodes (506688 simplex iterations) in 300.02 seconds (649.50 work units)
Thread count was 4 (of 32 available processors)

Solution count 10: 1215.3 1215.3 1215.66 ... 1249.55

Time limit reached
Best objective 1.215304838987e+03, best bound 1.040301728915e+03, gap 14.3999%

User-callback calls 42955, time in user-callback 0.01 sec
Cap boundary reject: PORT-581 segment infeasible left=100703.509 right=100671.642
Cap boundary reject: PORT-581 real=1000000000000000052504760255204420248704468581108159154915854115511802457988908195786371375080447864043704443832883878176942523235360430575644792184786706982848387200926575803737830233794788090059368953234970799945081119038967640880074652742780142494579258788820056842838115669472196386865459400540160.000 baseline=1323.525
Cap boundary debug: PORT-581 -> [93 25 5 4 3 1 117 116 115 476 477 478 479 467 466 474 475 7 6 10 11 143 12 14 15 16 17 18 21 19 20 357 366] -> PORT-591 -> [356 355 354 352 351 322 308 533 532 531 530 529 528 526 524 525 578 579 580 523 522 521 517 427 350] -> PORT-593 | load_left=43203 load_right=44588 cap=45000
Set parameter Username
Set parameter LicenseID to value 2738882
Academic license - for non-commercial use only - expires 2026-11-14
Set parameter TimeLimit to value 300
Set parameter Seed to value 1230572972
Set parameter Threads to value 4
Set parameter OutputFlag to value 1
Set parameter LogToConsole to value 1
Set parameter LazyConstraints to value 1
Gurobi Optimizer version 13.0.0 build v13.0.0rc1 (linux64 - "Debian GNU/Linux 13 (trixie)")

CPU model: AMD Ryzen 9 5950X 16-Core Processor, instruction set [SSE2|AVX|AVX2]
Thread count: 16 physical cores, 32 logical processors, using up to 4 threads

Non-default parameters:
TimeLimit  300
Seed  1230572972
Threads  4
LazyConstraints  1

Optimize a model with 15586 rows, 43200 columns and 86388 nonzeros (Min)
Model fingerprint: 0xebcf9898
Model has 14160 linear objective coefficients
Variable types: 28800 continuous, 14400 integer (14400 binary)
Coefficient statistics:
  Matrix range     [1e+00, 4e+04]
  Objective range  [5e-01, 1e+05]
  Bounds range     [1e+00, 4e+04]
  RHS range        [1e+00, 1e+04]
Presolve removed 1310 rows and 15176 columns
Presolve time: 0.13s
Presolved: 14276 rows, 28024 columns, 83904 nonzeros
Variable types: 13804 continuous, 14220 integer (14220 binary)

Root relaxation: objective 1.052798e+03, 32282 iterations, 2.96 seconds (8.59 work units)

    Nodes    |    Current Node    |     Objective Bounds      |     Work
 Expl Unexpl |  Obj  Depth IntInf | Incumbent    BestBd   Gap | It/Node Time

     0     0 1052.79808    0  192          - 1052.79808      -     -    3s
H    0     0                    1870.2754484 1052.79808  43.7%     -    3s
H    0     0                    1775.8143543 1052.79808  40.7%     -    3s
H    0     0                    1764.2061414 1052.79808  40.3%     -    3s
H    0     0                    1625.1154923 1052.79808  35.2%     -    4s
H    0     0                    1607.6855188 1052.79808  34.5%     -    4s
H    0     0                    1601.8861966 1052.79808  34.3%     -    4s
H    0     0                    1570.0257654 1052.79808  32.9%     -    4s
H    0     0                    1568.3720119 1052.79808  32.9%     -    4s
H    0     0                    1558.9478690 1052.79808  32.5%     -    4s
H    0     0                    1556.1249376 1052.79808  32.3%     -    4s
     0     0 1087.29400    0  227 1556.12494 1087.29400  30.1%     -    5s
     0     0 1092.42761    0  250 1556.12494 1092.42761  29.8%     -    6s
     0     0 1092.42761    0  212 1556.12494 1092.42761  29.8%     -    8s
H    0     0                    1552.7121038 1092.42761  29.6%     -    9s
H    0     0                    1547.0168594 1092.42761  29.4%     -    9s
H    0     0                    1543.6749732 1092.42761  29.2%     -    9s
H    0     0                    1522.0716501 1092.42761  28.2%     -    9s
     0     0 1092.42761    0  249 1522.07165 1092.42761  28.2%     -   10s
     0     0 1092.42761    0  248 1522.07165 1092.42761  28.2%     -   10s
     0     0 1096.08545    0  284 1522.07165 1096.08545  28.0%     -   11s
H    0     0                    1517.7626308 1096.09247  27.8%     -   11s
H    0     0                    1495.7329168 1096.09247  26.7%     -   11s
H    0     0                    1463.3333292 1096.09247  25.1%     -   11s
H    0     0                    1460.2625151 1096.09247  24.9%     -   11s
H    0     0                    1457.6154755 1096.09247  24.8%     -   11s
H    0     0                    1456.0692931 1096.09247  24.7%     -   11s
H    0     0                    1455.8926485 1096.09247  24.7%     -   11s
     0     0 1096.09247    0  283 1455.89265 1096.09247  24.7%     -   11s
     0     0 1098.64750    0  277 1455.89265 1098.64750  24.5%     -   12s
     0     0 1098.65003    0  278 1455.89265 1098.65003  24.5%     -   12s
     0     0 1098.65003    0  279 1455.89265 1098.65003  24.5%     -   12s
     0     0 1098.99067    0  287 1455.89265 1098.99067  24.5%     -   13s
H    0     0                    1436.9567103 1098.99067  23.5%     -   14s
H    0     0                    1435.6743902 1098.99067  23.5%     -   14s
H    0     0                    1433.6925992 1098.99067  23.3%     -   14s
     0     0 1099.66389    0  284 1433.69260 1099.66389  23.3%     -   14s
     0     0 1099.79422    0  294 1433.69260 1099.79422  23.3%     -   14s
     0     0 1099.79802    0  295 1433.69260 1099.79802  23.3%     -   14s
     0     0 1099.79802    0  295 1433.69260 1099.79802  23.3%     -   14s
     0     0 1102.91417    0  295 1433.69260 1102.91417  23.1%     -   15s
     0     0 1102.97539    0  295 1433.69260 1102.97539  23.1%     -   15s
     0     0 1102.97539    0  295 1433.69260 1102.97539  23.1%     -   15s
     0     0 1103.10480    0  291 1433.69260 1103.10480  23.1%     -   16s
     0     0 1103.15565    0  291 1433.69260 1103.15565  23.1%     -   16s
     0     0 1103.15906    0  290 1433.69260 1103.15906  23.1%     -   16s
     0     0 1103.15928    0  288 1433.69260 1103.15928  23.1%     -   16s
     0     0 1103.55665    0  275 1433.69260 1103.55665  23.0%     -   16s
     0     0 1103.55934    0  287 1433.69260 1103.55934  23.0%     -   16s
     0     0 1103.80860    0  291 1433.69260 1103.80860  23.0%     -   17s
     0     0 1103.82802    0  293 1433.69260 1103.82802  23.0%     -   17s
     0     0 1103.82813    0  295 1433.69260 1103.82813  23.0%     -   17s
     0     0 1110.94740    0  280 1433.69260 1110.94740  22.5%     -   18s
     0     0 1110.95720    0  298 1433.69260 1110.95720  22.5%     -   18s
     0     0 1110.95743    0  287 1433.69260 1110.95743  22.5%     -   18s
     0     0 1111.73046    0  302 1433.69260 1111.73046  22.5%     -   19s
     0     0 1111.73701    0  302 1433.69260 1111.73701  22.5%     -   19s
     0     0 1111.73701    0  303 1433.69260 1111.73701  22.5%     -   19s
     0     0 1112.13955    0  290 1433.69260 1112.13955  22.4%     -   19s
     0     0 1112.64722    0  288 1433.69260 1112.64722  22.4%     -   20s
     0     0 1112.70026    0  296 1433.69260 1112.70026  22.4%     -   20s
     0     0 1112.70026    0  302 1433.69260 1112.70026  22.4%     -   20s
     0     0 1113.40009    0  296 1433.69260 1113.40009  22.3%     -   21s
     0     0 1113.42621    0  282 1433.69260 1113.42621  22.3%     -   21s
     0     0 1113.42743    0  284 1433.69260 1113.42743  22.3%     -   21s
     0     0 1114.13322    0  288 1433.69260 1114.13322  22.3%     -   22s
     0     0 1114.13506    0  287 1433.69260 1114.13506  22.3%     -   22s
     0     0 1114.33236    0  292 1433.69260 1114.33236  22.3%     -   23s
     0     0 1114.33354    0  297 1433.69260 1114.33354  22.3%     -   23s
     0     0 1114.94877    0  287 1433.69260 1114.94877  22.2%     -   23s
     0     0 1115.02905    0  291 1433.69260 1115.02905  22.2%     -   23s
     0     0 1115.02905    0  295 1433.69260 1115.02905  22.2%     -   23s
     0     0 1115.86603    0  303 1433.69260 1115.86603  22.2%     -   24s
     0     0 1116.53298    0  287 1433.69260 1116.53298  22.1%     -   24s
     0     0 1116.53530    0  284 1433.69260 1116.53530  22.1%     -   24s
     0     0 1117.10339    0  294 1433.69260 1117.10339  22.1%     -   25s
     0     0 1117.14593    0  270 1433.69260 1117.14593  22.1%     -   25s
     0     0 1117.73934    0  284 1433.69260 1117.73934  22.0%     -   25s
     0     0 1117.75375    0  286 1433.69260 1117.75375  22.0%     -   25s
     0     0 1117.75413    0  286 1433.69260 1117.75413  22.0%     -   25s
     0     0 1118.77919    0  269 1433.69260 1118.77919  22.0%     -   25s
     0     0 1118.79760    0  266 1433.69260 1118.79760  22.0%     -   25s
     0     0 1118.81458    0  274 1433.69260 1118.81458  22.0%     -   25s
     0     0 1118.84131    0  292 1433.69260 1118.84131  22.0%     -   25s
     0     0 1118.84163    0  288 1433.69260 1118.84163  22.0%     -   25s
     0     0 1118.95686    0  297 1433.69260 1118.95686  22.0%     -   25s
     0     0 1118.96471    0  302 1433.69260 1118.96471  22.0%     -   25s
     0     0 1118.96719    0  301 1433.69260 1118.96719  22.0%     -   26s
     0     0 1120.59770    0  316 1433.69260 1120.59770  21.8%     -   26s
     0     0 1120.60021    0  311 1433.69260 1120.60021  21.8%     -   26s
     0     0 1120.73140    0  295 1433.69260 1120.73140  21.8%     -   26s
     0     0 1120.73861    0  298 1433.69260 1120.73861  21.8%     -   26s
     0     0 1120.81909    0  306 1433.69260 1120.81909  21.8%     -   27s
     0     0 1120.83843    0  308 1433.69260 1120.83843  21.8%     -   27s
     0     0 1120.83854    0  307 1433.69260 1120.83854  21.8%     -   27s
     0     0 1120.84584    0  315 1433.69260 1120.84584  21.8%     -   27s
     0     0 1120.84796    0  317 1433.69260 1120.84796  21.8%     -   27s
     0     0 1120.86383    0  316 1433.69260 1120.86383  21.8%     -   28s
     0     0 1120.86997    0  316 1433.69260 1120.86997  21.8%     -   28s
     0     0 1120.86997    0  316 1433.69260 1120.86997  21.8%     -   28s
     0     0 1120.86997    0  303 1433.69260 1120.86997  21.8%     -   28s
     0     0 1120.94913    0  227 1433.69260 1120.94913  21.8%     -   31s
H    0     0                    1431.1080126 1120.94913  21.7%     -   31s
H    0     0                    1429.2907575 1120.94913  21.6%     -   31s
     0     0 1120.94913    0  244 1429.29076 1120.94913  21.6%     -   32s
H    0     0                    1423.1134788 1120.94913  21.2%     -   32s
H    0     0                    1420.7887794 1120.94913  21.1%     -   32s
H    0     0                    1416.8328579 1120.94913  20.9%     -   32s
     0     0 1120.94913    0  260 1416.83286 1120.94913  20.9%     -   34s
     0     0 1120.94913    0  288 1416.83286 1120.94913  20.9%     -   34s
     0     0 1120.94913    0  291 1416.83286 1120.94913  20.9%     -   34s
     0     0 1120.94913    0  254 1416.83286 1120.94913  20.9%     -   34s
     0     0 1120.94913    0  288 1416.83286 1120.94913  20.9%     -   35s
     0     0 1120.94913    0  301 1416.83286 1120.94913  20.9%     -   35s
     0     0 1120.94913    0  298 1416.83286 1120.94913  20.9%     -   35s
     0     0 1120.94913    0  297 1416.83286 1120.94913  20.9%     -   35s
     0     0 1120.94913    0  302 1416.83286 1120.94913  20.9%     -   35s
     0     0 1120.94913    0  316 1416.83286 1120.94913  20.9%     -   35s
     0     0 1120.94913    0  318 1416.83286 1120.94913  20.9%     -   36s
     0     0 1120.94913    0  313 1416.83286 1120.94913  20.9%     -   36s
     0     0 1120.94913    0  319 1416.83286 1120.94913  20.9%     -   36s
     0     0 1120.94913    0  319 1416.83286 1120.94913  20.9%     -   36s
     0     0 1120.94913    0  323 1416.83286 1120.94913  20.9%     -   36s
     0     0 1120.94913    0  321 1416.83286 1120.94913  20.9%     -   36s
     0     0 1123.26255    0  299 1416.83286 1123.26255  20.7%     -   37s
     0     0 1123.29636    0  302 1416.83286 1123.29636  20.7%     -   37s
     0     0 1123.36231    0  303 1416.83286 1123.36231  20.7%     -   37s
     0     0 1123.38772    0  304 1416.83286 1123.38772  20.7%     -   38s
     0     0 1123.39221    0  306 1416.83286 1123.39221  20.7%     -   38s
     0     0 1123.43952    0  306 1416.83286 1123.43952  20.7%     -   38s
     0     0 1123.52592    0  298 1416.83286 1123.52592  20.7%     -   39s
     0     0 1123.53195    0  300 1416.83286 1123.53195  20.7%     -   39s
     0     0 1123.53811    0  300 1416.83286 1123.53811  20.7%     -   39s
     0     0 1123.53914    0  303 1416.83286 1123.53914  20.7%     -   39s
     0     0 1123.54144    0  302 1416.83286 1123.54144  20.7%     -   39s
     0     0 1123.54880    0  302 1416.83286 1123.54880  20.7%     -   39s
     0     0 1123.54880    0  303 1416.83286 1123.54880  20.7%     -   40s
     0     0 1123.54880    0  303 1416.83286 1123.54880  20.7%     -   40s
     0     0 1123.54880    0  303 1416.83286 1123.54880  20.7%     -   40s
     0     0 1123.54880    0  292 1416.83286 1123.54880  20.7%     -   40s
     0     2 1126.77778    0  292 1416.83286 1126.77778  20.5%     -   41s
H   20    28                    1415.9819363 1126.77778  20.4%  1449   43s
H   40    45                    1408.8794102 1126.77778  20.0%  1308   45s
   163   186 1149.25679   40  207 1408.87941 1126.77778  20.0%   860   50s
H  227   229                    1405.2848165 1126.77778  19.8%   750   52s
   382   430 1195.44487   95  185 1405.28482 1126.77778  19.8%   558   55s
   635   613 1369.73075  150  157 1405.28482 1126.77778  19.8%   435   60s
H  842   785                    1399.4662852 1126.77778  19.5%   441   64s
   844   817 1297.83752  240  159 1399.46629 1126.77778  19.5%   444   65s
  1159  1046 1163.55720   67  250 1399.46629 1126.77778  19.5%   418   72s
H 1161   994                    1399.4662586 1126.77778  19.5%   417   76s
H 1161   944                    1399.4662583 1126.77778  19.5%   417   76s
  1180   957 1353.44669  266  315 1399.46626 1126.77778  19.5%   411   80s
  1199   970 1203.91956  109  325 1399.46626 1132.50127  19.1%   404   85s
H 1204   924                    1399.4662581 1132.63077  19.1%   402   90s
  1223   942 1172.64751   19  237 1399.46626 1132.65455  19.1%   459   95s
  1250   963 1137.49360   23  253 1399.46626 1132.65455  19.1%   505  100s
  1287   987 1227.06738   27  243 1399.46626 1132.65455  19.1%   557  105s
  1325  1015 1145.52117   32  211 1399.46626 1132.65455  19.1%   599  110s
  1366  1040 1143.87078   37  220 1399.46626 1132.65455  19.1%   648  115s
  1417  1076 1253.69454   44  184 1399.46626 1132.65455  19.1%   697  121s
  1468  1103 1146.20687   49  199 1399.46626 1132.65455  19.1%   728  125s
H 1513  1084                    1399.4661466 1132.65455  19.1%   746  130s
  1548  1099 1152.73539   56  181 1399.46615 1132.65455  19.1%   787  135s
  1580  1133 1155.02811   61  208 1399.46615 1132.65455  19.1%   827  140s
  1637  1171 1157.55474   68  191 1399.46615 1132.65455  19.1%   886  146s
H 1643  1124                    1399.4661460 1132.65455  19.1%   890  146s
  1680  1151 1246.19482   73  120 1399.46615 1132.65455  19.1%   933  150s
H 1693  1105                    1399.4661459 1132.65455  19.1%   938  150s
  1724  1138 1161.87904   78  196 1399.46615 1132.65455  19.1%   972  155s
  1780  1191 1165.17884   85  210 1399.46615 1132.65455  19.1%  1021  160s
  1863  1201 1172.79348   92  206 1399.46615 1132.65455  19.1%  1043  167s
  1867  1208 1194.41316   92  163 1399.46615 1132.65455  19.1%  1045  171s
  1896  1253 1201.65673   93  174 1399.46615 1132.65455  19.1%  1057  177s
  1993  1311 1173.92485  102  212 1399.46615 1132.65455  19.1%  1089  183s
  2082  1311 1177.13099  106  204 1399.46615 1132.65455  19.1%  1069  186s
  2224  1363 1185.23497  118  180 1399.46615 1132.65455  19.1%  1076  192s
  2302  1377 1197.90752  123  184 1399.46615 1132.65455  19.1%  1085  196s
  2495  1466 1260.83977  134  162 1399.46615 1132.65455  19.1%  1076  202s
  2634  1509 1272.71638  151   99 1399.46615 1132.65455  19.1%  1062  206s
  2969  1528     cutoff  215      1399.46615 1132.65455  19.1%  1026  212s
  3119  1543 1268.71557   27  115 1399.46615 1132.65455  19.1%  1012  216s
  3275  1645 1236.98204   50  170 1399.46615 1132.88372  19.0%  1030  223s
  3366  1712 1252.97040   70  185 1399.46615 1132.88372  19.0%  1042  227s
  3472  1817 1292.31223   88  163 1399.46615 1132.88372  19.0%  1054  231s
  3694  1913 1275.72303  114  176 1399.46615 1132.88372  19.0%  1029  235s
  3940  1978 1135.06273   21  239 1399.46615 1132.88372  19.0%  1004  240s
  4303  2112 1141.03238   34  193 1399.46615 1132.88372  19.0%   980  249s
  4449  2143 1145.52675   39  188 1399.46615 1133.85452  19.0%   977  254s
  4482  2267 1146.18542   42  190 1399.46615 1133.85452  19.0%   985  260s
  4606  2386 1152.95407   51  183 1399.46615 1133.85452  19.0%   990  265s
  4728  2553 1154.29193   63  161 1399.46615 1133.85452  19.0%  1001  270s
  4946  2747 1171.37049   78  149 1399.46615 1133.86137  19.0%   990  276s
  5147  2966 1256.62992   89  173 1399.46615 1133.86137  19.0%   986  281s
  5410  3070 1177.48981   96  177 1399.46615 1133.86137  19.0%   974  286s
  5547  3187 1188.65844  106  169 1399.46615 1134.08593  19.0%   979  292s
  5664  3276 1199.72582  118  181 1399.46615 1134.08593  19.0%   996  298s
  5753  3280 1234.96887  128  166 1399.46615 1134.08593  19.0%  1014  300s

Cutting planes:
  Gomory: 4
  Cover: 17
  Implied bound: 134
  Projected implied bound: 11
  Clique: 3
  MIR: 44
  Flow cover: 97
  Zero half: 33
  RLT: 9
  Relax-and-lift: 76
  BQP: 3

Explored 5757 nodes (5992851 simplex iterations) in 300.01 seconds (1204.51 work units)
Thread count was 4 (of 32 available processors)

Solution count 10: 1399.47 1405.28 1408.88 ... 1433.69

Time limit reached
Best objective 1.399466145883e+03, best bound 1.134085929224e+03, gap 18.9630%

User-callback calls 54100, time in user-callback 0.01 sec
Cap boundary reject: PORT-591 real=1398.750 baseline=1331.305
Set parameter Username
Set parameter LicenseID to value 2738882
Academic license - for non-commercial use only - expires 2026-11-14
Segment 1 eval: start=BOAT-0 end=PORT-583 stations=50 (optimize)
  Segment 1 order: -501 -500 -499 -498 -497 -496 -495 112 113 -494 114 -275 -111 -274 -107 -106 -105 104 -103 -102 -101 108 109 110 -273 -272 271 253 252 249 -248 -247 -245 -244 -243 -238 237 -215 -214 213 -192 218 -191 219 -190 -223 222 -230 -134 -133
Segment 2 eval: start=PORT-583 end=PORT-581 stations=58 (optimize)
  Segment 2 order: -132 -181 -180 -229 -231 232 233 234 -235 -227 228 -179 -135 136 152 153 154 174 175 -176 -177 171 168 -165 166 -164 -162 -161 -160 159 163 167 172 173 155 156 157 158 -150 -149 -148 -147 -146 -145 -144 -142 -9 -8 -141 -140 -139 151 -138 -137 -2 90 -94 -92
Segment 3 eval: start=PORT-581 end=PORT-591 stations=79 (optimize)
  Segment 3 order: 56 55 -54 -53 -52 -51 -50 -49 -48 -39 -38 -37 66 67 68 69 -36 -35 -32 -31 -29 -27 26 28 30 -33 -34 41 42 43 44 45 46 -40 47 396 397 -398 -395 -394 -393 -392 -391 -390 -389 -388 -387 402 -403 385 -384 -383 -382 -414 -413 412 -409 408 -410 411 380 378 -379 -377 -376 -375 374 -373 -372 -371 -370 369 359 360 -358 -353 -349 -326 328
Segment 4 eval: start=PORT-591 end=PORT-593 stations=52 (optimize)
  Segment 4 order: -346 -345 -344 -343 -342 -341 -316 283 -284 555 558 559 -560 561 562 563 564 565 566 567 568 569 570 571 573 576 -527 435 438 448 449 450 451 452 453 454 455 456 457 458 465 505 506 -444 -443 -442 -441 440 437 436 512 513
Segment 5 eval: start=PORT-593 end=PORT-591 stations=38 (optimize)
  Segment 5 order: 514 -575 577 -574 -572 534 535 -536 537 538 539 544 -540 -543 -542 -541 545 546 547 548 549 -554 553 550 551 552 285 286 287 -282 556 -557 -281 -280 -279 -278 -277 -276
Segment 6 eval: start=PORT-591 end=PORT-583 stations=115 (optimize)
  Segment 6 order: -347 333 334 335 336 337 338 339 340 -317 -315 -314 -288 289 290 291 -295 296 297 306 -305 -298 299 300 301 302 304 -303 307 -294 -293 292 -310 -309 311 312 -313 318 319 320 321 323 324 325 -327 329 330 331 332 348 -361 -362 -363 -364 365 367 368 -426 -381 -425 417 -424 422 423 -421 -420 -419 -418 -416 415 404 405 406 -407 -399 -400 401 386 -62 -61 -60 58 -59 -57 -64 63 -65 71 74 -73 -72 -75 76 70 77 78 -79 80 81 82 83 84 85 -86 87 -88 89 -91 95 96 -24 -23 -22 169 170
Segment 7 eval: start=PORT-583 end=PORT-588 stations=40 (optimize)
  Segment 7 order: 97 98 99 100 -246 -242 241 -240 -239 -236 221 220 -216 -212 -211 210 -208 250 251 -207 -205 -202 203 204 -131 -129 130 -256 257 259 258 -128 -127 126 -125 -124 -264 268 269 270
Segment 8 eval: start=PORT-588 end=PORT-581 stations=47 (optimize)
  Segment 8 order: 118 119 -120 121 122 473 481 -480 469 470 -471 472 123 -266 -267 -265 -263 -262 -261 260 254 255 -206 209 -201 200 -199 -198 -197 -196 -195 -194 -193 -217 -189 -188 224 -225 -187 -186 -185 -184 183 182 226 178 13
Segment 9 eval: start=PORT-581 end=PORT-591 stations=33 (optimize)
  Segment 9 order: -93 -25 -5 -4 -3 -1 -475 -474 466 -467 -479 -478 -477 -476 -115 116 -117 -7 -6 10 11 143 12 -14 15 16 17 18 -21 19 20 357 -366
Segment 10 eval: start=PORT-591 end=PORT-593 stations=25 (optimize)
  Segment 10 order: -356 -355 354 -352 -351 -350 -322 -308 -533 -532 -531 -530 -529 528 -526 524 525 578 579 580 -523 -522 -521 -517 -427
Segment 11 eval: start=PORT-593 end=PORT-584 stations=33 (optimize)
  Segment 11 order: 515 516 519 -520 -518 428 429 430 431 432 433 -434 447 -446 -445 439 -511 -510 -509 -508 -507 -504 -503 -488 -487 489 -483 -482 493 -492 -491 -490 -502
Segment 12 eval: start=PORT-584 end=PORT-584 stations=0 (direct)
Segment 13 eval: start=PORT-584 end=BOAT-END stations=10 (optimize)
  Segment 13 order: -485 -461 -460 -459 -468 -464 -463 -484 462 -486
PROGRESS pass=9 changed=0 total=6012.539 best=6012.539 nseg=13 stall=1 mut=0/4
Capacity boundary sweep completed with changes.
Best pass 8 total distance: 6012.539
Updated segment plan:
Segment plan:
  Segment 1 -> START
    stations: 501 500 499 498 497 496 495 112 113 494 114 275 111 274 107 106 105 104 103 102 101 108 109 110 273 272 271 253 252 249 248 247 245 244 243 238 237 215 214 213 192 218 191 219 190 223 222 230 134 133
    end: PORT-583("Ísafjörður")
  Segment 2 -> PORT-583
    stations: 132 181 180 229 231 232 233 234 235 227 228 179 135 136 152 153 154 174 175 176 177 171 168 165 166 164 162 161 160 159 163 167 172 173 155 156 157 158 150 149 148 147 146 145 144 142 9 8 141 140 139 151 138 137 2 90 94 92
    end: PORT-581("Siglufjörður")
  Segment 3 -> PORT-581
    stations: 68 69 67 66 53 54 56 55 52 51 38 48 39 40 47 46 43 45 44 42 41 34 33 30 29 27 26 28 31 32 36 35 37 50 49 396 397 398 395 394 393 392 391 390 389 388 387 402 385 403 384 383 382 414 413 412 409 408 410 411 380 378 379 377 376 375 374 373 372 371 370 369 359 360 358 353 349 326 328
    end: PORT-591("Seyðisfjörður")
  Segment 4 -> PORT-591
    stations: 346 345 344 343 342 341 316 283 284 555 558 559 560 561 562 563 564 565 566 567 568 569 570 571 573 576 527 435 438 448 449 450 451 452 453 454 455 456 457 458 465 505 506 444 443 442 441 440 437 436 512 513
    end: PORT-593("Vestmannaeyjar")
  Segment 5 -> PORT-593
    stations: 514 575 577 574 572 534 535 536 537 538 539 544 540 543 542 541 545 546 547 548 549 554 553 550 551 552 285 286 287 282 556 557 281 280 279 278 277 276
    end: PORT-591("Seyðisfjörður")
  Segment 6 -> PORT-591
    stations: 347 332 331 330 329 327 325 324 323 321 320 319 318 317 314 315 288 289 290 291 293 294 307 306 305 304 303 302 301 300 299 298 297 296 295 292 310 309 311 312 313 340 339 338 337 336 335 334 333 348 361 362 363 364 365 367 368 426 381 425 424 422 423 421 420 419 418 417 416 415 404 405 406 407 399 400 401 386 62 61 60 58 59 57 64 63 65 71 74 73 72 75 76 70 77 78 79 80 81 88 87 86 85 84 83 82 89 91 95 96 24 23 22 169 170
    end: PORT-583("Ísafjörður")
  Segment 7 -> PORT-583
    stations: 97 98 99 100 246 242 241 240 239 236 221 220 216 212 211 210 208 250 251 207 205 202 203 204 131 129 130 256 257 259 258 128 127 126 125 124 264 268 269 270
    end: PORT-588("Ólafsvík")
  Segment 8 -> PORT-588
    stations: 118 119 120 121 122 473 481 469 470 471 472 123 266 267 265 263 262 261 260 254 255 206 209 201 200 199 198 197 196 195 194 193 217 189 188 224 225 187 186 185 184 183 182 226 178 13 480
    end: PORT-581("Siglufjörður")
  Segment 9 -> PORT-581
    stations: 93 25 5 4 3 1 117 116 115 476 477 478 479 467 466 474 475 7 6 10 11 143 12 14 15 16 17 18 21 19 20 357 366
    end: PORT-591("Seyðisfjörður")
  Segment 10 -> PORT-591
    stations: 356 355 354 352 351 322 308 533 532 531 530 529 528 526 524 525 578 579 580 523 522 521 517 427 350
    end: PORT-593("Vestmannaeyjar")
  Segment 11 -> PORT-593
    stations: 515 516 519 520 518 428 429 430 431 432 433 434 447 446 445 439 511 510 509 508 507 504 503 488 487 489 482 493 492 491 490 502 483
    end: PORT-584("Hafnarfjörður")
  Segment 12 -> PORT-584
    end: PORT-584("Hafnarfjörður")
  Segment 13 -> PORT-584
    stations: 486 462 484 463 468 459 460 461 485 464
    end: BOAT-END
Segment 1: "Árni Friðriksson" -> "Ísafjörður" | stations=50 distance=324.162 amount=44956
Segment 2: "Ísafjörður" -> "Siglufjörður" | stations=58 distance=334.098 amount=42980
Segment 3: "Siglufjörður" -> "Seyðisfjörður" | stations=79 distance=536.070 amount=43950
Segment 4: "Seyðisfjörður" -> "Vestmannaeyjar" | stations=52 distance=579.368 amount=43988
Segment 5: "Vestmannaeyjar" -> "Seyðisfjörður" | stations=38 distance=337.329 amount=42790
Segment 6: "Seyðisfjörður" -> "Ísafjörður" | stations=115 distance=1144.257 amount=44658
Segment 7: "Ísafjörður" -> "Ólafsvík" | stations=40 distance=347.014 amount=44013
Segment 8: "Ólafsvík" -> "Siglufjörður" | stations=47 distance=494.169 amount=44420
Segment 9: "Siglufjörður" -> "Seyðisfjörður" | stations=33 distance=829.355 amount=43203
Segment 10: "Seyðisfjörður" -> "Vestmannaeyjar" | stations=25 distance=501.950 amount=44588
Segment 11: "Vestmannaeyjar" -> "Hafnarfjörður" | stations=33 distance=335.190 amount=43826
Segment 12: "Hafnarfjörður" -> "Hafnarfjörður" | stations=0 distance=0.000 amount=0
Segment 13: "Hafnarfjörður" -> "Árni Friðriksson"-END | stations=10 distance=249.576 amount=44693
Segmented total distance: 6012.539
SelectedSize=622  Size=595
