Ship: Árni Friðriksson
ShipCap: 45000
Init strategy: greedy nearest-neighbor with capacity resets.
Init segments min: 13 (total=528065.0, init_cap=44000.0, ship_cap=45000.0)
Init strategy: greedy edge
Heuristic no-port order length (min-pair): 5104.338
Insert port before STAT-60: PORT-581("Siglufjörður") load=43418 dist=30.703
Insert port before STAT-352: PORT-591("Seyðisfjörður") load=43833 dist=66.652
Insert port before STAT-557: PORT-591("Seyðisfjörður") load=43366 dist=53.840
Insert port before STAT-579: PORT-593("Vestmannaeyjar") load=42365 dist=100082.920
Insert port before STAT-434: PORT-593("Vestmannaeyjar") load=42413 dist=28.909
Insert port before STAT-457: PORT-584("Hafnarfjörður") load=43160 dist=85.654
Insert port before STAT-484: PORT-584("Hafnarfjörður") load=43286 dist=63.476
Insert port before STAT-467: PORT-584("Hafnarfjörður") load=37457 dist=88.042
Insert port before STAT-104: PORT-588("Ólafsvík") load=43796 dist=7.321
Insert port before STAT-131: PORT-588("Ólafsvík") load=40980 dist=85.637
Insert port before STAT-216: PORT-583("Ísafjörður") load=43652 dist=59.639
Insert port before STAT-176: PORT-583("Ísafjörður") load=43785 dist=49.913
Init segments built: 13 (min=13)
Visit order (592): STAT-1 STAT-3 STAT-4 STAT-5 STAT-6 STAT-10 STAT-11 STAT-12 STAT-14 STAT-13 STAT-18 STAT-17 STAT-16 STAT-15 STAT-143 STAT-31 STAT-32 STAT-36 STAT-35 STAT-34 STAT-33 STAT-30 STAT-29 STAT-27 STAT-26 STAT-28 STAT-80 STAT-79 STAT-78 STAT-77 STAT-70 STAT-76 STAT-75 STAT-71 STAT-72 STAT-73 STAT-74 STAT-68 STAT-69 STAT-67 STAT-66 STAT-55 STAT-56 STAT-54 STAT-53 STAT-51 STAT-52 STAT-49 STAT-50 STAT-37 STAT-38 STAT-48 STAT-39 STAT-40 STAT-47 STAT-396 STAT-44 STAT-45 STAT-46 STAT-43 STAT-42 STAT-41 STAT-20 STAT-19 STAT-21 STAT-22 STAT-23 STAT-24 STAT-25 STAT-93 STAT-92 STAT-94 STAT-96 STAT-95 STAT-90 STAT-91 STAT-89 STAT-88 STAT-81 STAT-82 STAT-83 STAT-87 STAT-84 STAT-85 STAT-86 STAT-59 STAT-57 PORT-581("Siglufjörður") STAT-60 STAT-58 STAT-64 STAT-65 STAT-63 STAT-61 STAT-62 STAT-386 STAT-403 STAT-385 STAT-402 STAT-387 STAT-388 STAT-389 STAT-390 STAT-391 STAT-392 STAT-393 STAT-394 STAT-395 STAT-397 STAT-398 STAT-399 STAT-400 STAT-401 STAT-407 STAT-406 STAT-405 STAT-404 STAT-408 STAT-409 STAT-410 STAT-411 STAT-412 STAT-413 STAT-415 STAT-416 STAT-417 STAT-425 STAT-381 STAT-426 STAT-368 STAT-367 STAT-365 STAT-366 STAT-364 STAT-363 STAT-348 STAT-362 STAT-361 STAT-360 STAT-359 STAT-358 STAT-357 STAT-356 STAT-355 STAT-354 STAT-353 PORT-591("Seyðisfjörður") STAT-352 STAT-351 STAT-350 STAT-349 STAT-326 STAT-332 STAT-331 STAT-329 STAT-330 STAT-328 STAT-327 STAT-325 STAT-324 STAT-323 STAT-321 STAT-339 STAT-338 STAT-337 STAT-336 STAT-335 STAT-334 STAT-333 STAT-347 STAT-369 STAT-370 STAT-371 STAT-372 STAT-373 STAT-374 STAT-375 STAT-376 STAT-377 STAT-379 STAT-378 STAT-380 STAT-414 STAT-382 STAT-384 STAT-383 STAT-419 STAT-420 STAT-421 STAT-423 STAT-422 STAT-424 STAT-418 STAT-301 STAT-302 STAT-303 STAT-304 STAT-305 STAT-299 STAT-300 STAT-298 STAT-306 STAT-297 STAT-296 STAT-295 STAT-294 STAT-293 STAT-292 STAT-291 STAT-290 STAT-289 STAT-310 STAT-309 STAT-311 STAT-308 STAT-307 STAT-322 STAT-341 STAT-281 STAT-280 STAT-279 STAT-278 STAT-277 STAT-276 STAT-346 STAT-345 STAT-344 STAT-343 STAT-342 STAT-340 STAT-320 STAT-319 STAT-318 STAT-317 STAT-316 STAT-315 STAT-314 STAT-313 STAT-312 STAT-288 STAT-287 STAT-286 STAT-285 STAT-552 STAT-551 STAT-550 STAT-553 STAT-554 STAT-562 STAT-561 STAT-560 STAT-559 STAT-558 STAT-555 STAT-284 STAT-283 STAT-282 STAT-556 PORT-591("Seyðisfjörður") STAT-557 STAT-567 STAT-568 STAT-565 STAT-564 STAT-563 STAT-566 STAT-548 STAT-546 STAT-547 STAT-549 STAT-545 STAT-541 STAT-544 STAT-539 STAT-540 STAT-543 STAT-542 STAT-538 STAT-537 STAT-536 STAT-529 STAT-528 STAT-527 STAT-530 STAT-531 STAT-532 STAT-533 STAT-535 STAT-534 STAT-572 STAT-569 STAT-570 STAT-571 STAT-573 STAT-574 STAT-576 STAT-577 STAT-575 STAT-526 STAT-525 STAT-524 STAT-578 PORT-593("Vestmannaeyjar") STAT-579 STAT-580 STAT-521 STAT-522 STAT-523 STAT-520 STAT-519 STAT-518 STAT-517 STAT-516 STAT-515 STAT-427 STAT-428 STAT-429 STAT-430 STAT-431 STAT-432 STAT-433 PORT-593("Vestmannaeyjar") STAT-434 STAT-445 STAT-446 STAT-447 STAT-507 STAT-508 STAT-509 STAT-510 STAT-511 STAT-514 STAT-513 STAT-512 STAT-436 STAT-435 STAT-438 STAT-437 STAT-439 STAT-440 STAT-441 STAT-442 STAT-443 STAT-444 STAT-506 STAT-505 STAT-449 STAT-448 STAT-450 STAT-451 STAT-453 STAT-452 STAT-454 STAT-455 STAT-456 PORT-584("Hafnarfjörður") STAT-457 STAT-458 STAT-459 STAT-460 STAT-464 STAT-482 STAT-483 STAT-463 PORT-584("Hafnarfjörður") STAT-484 STAT-462 STAT-461 STAT-485 STAT-486 STAT-487 STAT-488 STAT-489 STAT-490 STAT-491 STAT-492 STAT-493 STAT-114 STAT-112 STAT-113 STAT-494 STAT-495 STAT-496 STAT-497 STAT-499 STAT-498 STAT-500 STAT-501 STAT-502 STAT-503 STAT-504 STAT-473 STAT-474 STAT-475 STAT-477 STAT-476 STAT-478 STAT-479 STAT-481 STAT-480 STAT-465 STAT-466 PORT-584("Hafnarfjörður") STAT-467 STAT-468 STAT-469 STAT-470 STAT-471 STAT-472 STAT-122 STAT-121 STAT-120 STAT-119 STAT-118 STAT-117 STAT-116 STAT-115 STAT-275 STAT-111 STAT-274 STAT-107 STAT-106 STAT-105 PORT-588("Ólafsvík") STAT-104 STAT-103 STAT-102 STAT-101 STAT-108 STAT-109 STAT-110 STAT-273 STAT-272 STAT-271 STAT-270 STAT-269 STAT-268 STAT-264 STAT-265 STAT-267 STAT-266 STAT-123 STAT-124 STAT-263 STAT-262 STAT-261 STAT-260 STAT-252 STAT-253 STAT-254 STAT-255 STAT-256 STAT-257 STAT-259 STAT-258 STAT-128 STAT-127 STAT-126 STAT-125 STAT-129 STAT-130 PORT-588("Ólafsvík") STAT-131 STAT-204 STAT-203 STAT-202 STAT-205 STAT-206 STAT-207 STAT-208 STAT-250 STAT-251 STAT-249 STAT-248 STAT-247 STAT-245 STAT-244 STAT-243 STAT-242 STAT-241 STAT-240 STAT-239 STAT-238 STAT-237 STAT-215 STAT-214 STAT-213 STAT-212 STAT-211 STAT-210 STAT-209 STAT-201 STAT-200 STAT-199 STAT-198 STAT-197 STAT-196 STAT-195 STAT-193 STAT-194 STAT-192 STAT-218 STAT-217 PORT-583("Ísafjörður") STAT-216 STAT-220 STAT-222 STAT-221 STAT-236 STAT-97 STAT-98 STAT-246 STAT-99 STAT-100 STAT-189 STAT-225 STAT-224 STAT-223 STAT-219 STAT-191 STAT-190 STAT-188 STAT-187 STAT-186 STAT-185 STAT-184 STAT-183 STAT-182 STAT-226 STAT-178 STAT-227 STAT-231 STAT-232 STAT-230 STAT-233 STAT-234 STAT-235 STAT-133 STAT-134 STAT-132 STAT-181 STAT-180 STAT-229 STAT-228 STAT-179 STAT-154 STAT-153 STAT-152 STAT-151 STAT-139 STAT-140 STAT-148 STAT-149 STAT-150 STAT-158 STAT-157 STAT-156 STAT-155 STAT-169 STAT-168 STAT-170 STAT-171 STAT-177 PORT-583("Ísafjörður") STAT-176 STAT-175 STAT-174 STAT-173 STAT-172 STAT-167 STAT-166 STAT-165 STAT-164 STAT-163 STAT-159 STAT-162 STAT-160 STAT-161 STAT-146 STAT-145 STAT-147 STAT-144 STAT-142 STAT-9 STAT-8 STAT-141 STAT-138 STAT-7 STAT-2 STAT-135 STAT-136 STAT-137
Initial segment plan:
Segment plan:
  Segment 1 -> START
    stations: 1 3 4 5 6 10 11 12 14 13 18 17 16 15 143 31 32 36 35 34 33 30 29 27 26 28 80 79 78 77 70 76 75 71 72 73 74 68 69 67 66 55 56 54 53 51 52 49 50 37 38 48 39 40 47 396 44 45 46 43 42 41 20 19 21 22 23 24 25 93 92 94 96 95 90 91 89 88 81 82 83 87 84 85 86 59 57
    end: PORT-581("Siglufjörður")
  Segment 2 -> PORT-581
    stations: 60 58 64 65 63 61 62 386 403 385 402 387 388 389 390 391 392 393 394 395 397 398 399 400 401 407 406 405 404 408 409 410 411 412 413 415 416 417 425 381 426 368 367 365 366 364 363 348 362 361 360 359 358 357 356 355 354 353
    end: PORT-591("Seyðisfjörður")
  Segment 3 -> PORT-591
    stations: 352 351 350 349 326 332 331 329 330 328 327 325 324 323 321 339 338 337 336 335 334 333 347 369 370 371 372 373 374 375 376 377 379 378 380 414 382 384 383 419 420 421 423 422 424 418 301 302 303 304 305 299 300 298 306 297 296 295 294 293 292 291 290 289 310 309 311 308 307 322 341 281 280 279 278 277 276 346 345 344 343 342 340 320 319 318 317 316 315 314 313 312 288 287 286 285 552 551 550 553 554 562 561 560 559 558 555 284 283 282 556
    end: PORT-591("Seyðisfjörður")
  Segment 4 -> PORT-591
    stations: 557 567 568 565 564 563 566 548 546 547 549 545 541 544 539 540 543 542 538 537 536 529 528 527 530 531 532 533 535 534 572 569 570 571 573 574 576 577 575 526 525 524 578
    end: PORT-593("Vestmannaeyjar")
  Segment 5 -> PORT-593
    stations: 579 580 521 522 523 520 519 518 517 516 515 427 428 429 430 431 432 433
    end: PORT-593("Vestmannaeyjar")
  Segment 6 -> PORT-593
    stations: 434 445 446 447 507 508 509 510 511 514 513 512 436 435 438 437 439 440 441 442 443 444 506 505 449 448 450 451 453 452 454 455 456
    end: PORT-584("Hafnarfjörður")
  Segment 7 -> PORT-584
    stations: 457 458 459 460 464 482 483 463
    end: PORT-584("Hafnarfjörður")
  Segment 8 -> PORT-584
    stations: 484 462 461 485 486 487 488 489 490 491 492 493 114 112 113 494 495 496 497 499 498 500 501 502 503 504 473 474 475 477 476 478 479 481 480 465 466
    end: PORT-584("Hafnarfjörður")
  Segment 9 -> PORT-584
    stations: 467 468 469 470 471 472 122 121 120 119 118 117 116 115 275 111 274 107 106 105
    end: PORT-588("Ólafsvík")
  Segment 10 -> PORT-588
    stations: 104 103 102 101 108 109 110 273 272 271 270 269 268 264 265 267 266 123 124 263 262 261 260 252 253 254 255 256 257 259 258 128 127 126 125 129 130
    end: PORT-588("Ólafsvík")
  Segment 11 -> PORT-588
    stations: 131 204 203 202 205 206 207 208 250 251 249 248 247 245 244 243 242 241 240 239 238 237 215 214 213 212 211 210 209 201 200 199 198 197 196 195 193 194 192 218 217
    end: PORT-583("Ísafjörður")
  Segment 12 -> PORT-583
    stations: 216 220 222 221 236 97 98 246 99 100 189 225 224 223 219 191 190 188 187 186 185 184 183 182 226 178 227 231 232 230 233 234 235 133 134 132 181 180 229 228 179 154 153 152 151 139 140 148 149 150 158 157 156 155 169 168 170 171 177
    end: PORT-583("Ísafjörður")
  Segment 13 -> PORT-583
    stations: 176 175 174 173 172 167 166 165 164 163 159 162 160 161 146 145 147 144 142 9 8 141 138 7 2 135 136 137
    end: BOAT-END
Set parameter Username
Set parameter LicenseID to value 2738882
Academic license - for non-commercial use only - expires 2026-11-14
Segment 1 eval: start=BOAT-0 end=PORT-581 stations=87 (optimize)
  Segment 1 order: 1 3 4 -25 -5 -6 10 11 143 15 16 17 -18 -13 14 12 -24 -23 -22 -21 19 20 -41 42 43 44 45 46 -396 -47 -40 39 48 49 50 -38 -37 51 -52 59 -57 56 55 -54 -53 66 67 69 -36 -35 -34 -33 -32 -31 -30 -29 -28 -27 -26 93 -92 94 -96 -95 90 91 -89 88 -87 86 -85 -84 -83 -82 -81 -80 79 -78 -77 -70 -76 75 72 73 -74 -71 -68
Segment 2 eval: start=PORT-581 end=PORT-591 stations=58 (optimize)
  Segment 2 order: 65 -63 64 -58 60 61 62 391 392 393 394 395 397 398 399 -400 -401 389 390 388 -387 -386 -385 -402 403 405 406 -407 -404 409 408 -410 411 412 -413 -415 416 -417 425 381 426 -368 -367 -366 -365 364 362 -361 -360 -359 -358 -357 -356 -355 354 -353 348 -363
Segment 3 eval: start=PORT-591 end=PORT-591 stations=111 (optimize)
  Segment 3 order: -346 276 277 278 279 280 281 -556 282 283 -284 555 558 559 -560 561 -562 -554 553 550 551 552 285 286 287 288 289 290 291 292 293 294 -295 296 297 306 -305 -298 299 300 301 302 304 -303 307 308 309 -310 311 312 -313 314 315 316 317 318 319 320 340 341 342 343 344 345 334 335 336 337 338 339 321 322 323 324 325 -327 328 330 -331 -329 -326 349 350 351 352 -373 372 -374 375 376 377 379 380 414 382 384 -383 419 420 421 -423 -422 424 -418 -378 -371 -370 369 332 -333 347
Segment 4 eval: start=PORT-591 end=PORT-593 stations=43 (optimize)
  Segment 4 order: 557 563 564 565 566 567 568 -542 543 540 541 549 548 -547 -546 -545 -544 -539 -538 -537 536 -535 -534 -572 569 570 571 573 574 576 533 -532 -531 -530 -529 -528 -527 577 575 578 -525 526 -524
Segment 5 eval: start=PORT-593 end=PORT-593 stations=18 (optimize)
  Segment 5 order: 515 516 522 523 579 580 -521 -520 -519 -518 -517 -427 428 429 431 432 433 -430
Segment 6 eval: start=PORT-593 end=PORT-584 stations=33 (optimize)
  Segment 6 order: -512 513 -514 -511 -510 -509 -508 -507 -506 -505 -444 -443 -442 -441 440 -439 437 -436 -435 -434 438 445 446 447 448 449 450 451 452 453 -456 -455 -454
Segment 7 eval: start=PORT-584 end=PORT-584 stations=8 (optimize)
  Segment 7 order: 482 483 463 -464 -460 -459 -458 -457
Segment 8 eval: start=PORT-584 end=PORT-584 stations=37 (optimize)
  Segment 8 order: -501 500 502 503 -504 -488 -487 -486 -485 -461 -484 462 -489 490 491 492 -493 477 -480 -481 479 -465 -466 474 -473 -475 -478 -476 -114 494 -113 -112 495 496 497 498 499
Segment 9 eval: start=PORT-584 end=PORT-588 stations=20 (optimize)
  Segment 9 order: 467 468 469 470 -471 472 -122 -121 120 -119 -118 -117 -116 -115 -275 -111 -274 -107 -106 -105
Segment 10 eval: start=PORT-588 end=PORT-588 stations=37 (optimize)
  Segment 10 order: 109 110 -270 -269 -268 264 265 267 266 123 124 125 -126 127 -263 -262 -261 -260 -259 258 128 129 130 -256 257 -255 -254 -252 -253 273 -272 -271 -108 101 102 103 -104
Segment 11 eval: start=PORT-588 end=PORT-583 stations=41 (optimize)
  Segment 11 order: -248 -247 243 244 245 -249 251 -250 -208 -207 -206 -205 131 -204 -203 -202 -199 -198 -200 201 -209 -210 211 -212 197 -196 -195 -194 -193 -192 218 217 -213 214 215 -237 238 239 240 -241 242
Segment 12 eval: start=PORT-583 end=PORT-583 stations=59 (optimize)
  Segment 12 order: 133 134 230 232 233 234 -235 231 -227 -178 -226 -224 225 -222 -221 -236 97 98 99 100 246 216 -220 -219 -191 -189 190 223 -188 -187 -186 -185 -184 -183 -182 -177 171 -170 -169 -168 155 156 157 158 -150 -149 148 -140 -139 151 152 153 154 179 228 229 180 181 132
Segment 13 eval: start=PORT-583 end=BOAT-END stations=28 (optimize)
  Segment 13 order: -135 136 -137 -2 7 138 141 8 9 142 144 145 146 147 161 -160 159 163 -162 164 165 166 167 172 173 174 175 -176
PROGRESS pass=0 changed=0 total=5027.031 best=5027.031 nseg=13 stall=0
Set parameter Username
Set parameter LicenseID to value 2738882
Academic license - for non-commercial use only - expires 2026-11-14
Capacity boundary sweep pass 1
Cap boundary debug: BOAT -> [1 3 4 5 6 10 11 12 14 13 18 17 16 15 143 31 32 36 35 34 33 30 29 27 26 28 80 79 78 77 70 76 75 71 72 73 74 68 69 67 66 55 56 54 53 51 52 49 50 37 38 48 39 40 47 396 44 45 46 43 42 41 20 19 21 22 23 24 25 93 92 94 96 95 90 91 89 88 81 82 83 87 84 85 86 59 57] -> PORT-581 -> [60 58 64 65 63 61 62 386 403 385 402 387 388 389 390 391 392 393 394 395 397 398 399 400 401 407 406 405 404 408 409 410 411 412 413 415 416 417 425 381 426 368 367 365 366 364 363 348 362 361 360 359 358 357 356 355 354 353] -> PORT-591 | load_left=43418 load_right=43833 cap=45000
Set parameter Username
Set parameter LicenseID to value 2738882
Academic license - for non-commercial use only - expires 2026-11-14
Set parameter TimeLimit to value 420
Set parameter Seed to value 956876482
Set parameter Threads to value 4
Set parameter OutputFlag to value 1
Set parameter LogToConsole to value 1
Set parameter LazyConstraints to value 1
Gurobi Optimizer version 13.0.0 build v13.0.0rc1 (linux64 - "Debian GNU/Linux 13 (trixie)")

CPU model: AMD Ryzen 9 5950X 16-Core Processor, instruction set [SSE2|AVX|AVX2]
Thread count: 16 physical cores, 32 logical processors, using up to 4 threads

Non-default parameters:
TimeLimit  420
Seed  956876482
Threads  4
LazyConstraints  1

Optimize a model with 89362 rows, 259308 columns and 518604 nonzeros (Min)
Model fingerprint: 0x22c1918e
Model has 85848 linear objective coefficients
Variable types: 172872 continuous, 86436 integer (86436 binary)
Coefficient statistics:
  Matrix range     [1e+00, 4e+04]
  Objective range  [1e+00, 1e+05]
  Bounds range     [1e+00, 4e+04]
  RHS range        [1e+00, 1e+04]
Presolve removed 3224 rows and 88343 columns
Presolve time: 0.63s
Presolved: 86138 rows, 170965 columns, 513314 nonzeros
Variable types: 84970 continuous, 85995 integer (85995 binary)
Root relaxation presolved: 86138 rows, 170965 columns, 513314 nonzeros

Deterministic concurrent LP optimizer: primal simplex, dual simplex, and barrier
Showing barrier log only...

Root barrier log...

Ordering time: 0.50s

Barrier statistics:
 AA' NZ     : 5.151e+05
 Factor NZ  : 9.660e+05 (roughly 110 MB of memory)
 Factor Ops : 2.999e+08 (less than 1 second per iteration)
 Threads    : 2

                  Objective                Residual
Iter       Primal          Dual         Primal    Dual     Compl     Time
   0   1.29112894e+10 -5.36889149e+13  2.63e+05 1.46e-11  2.11e+08     2s
   1   6.00028779e+09 -3.63236927e+13  1.22e+05 2.76e+04  1.22e+08     2s
   2   4.19003782e+09 -2.12791446e+12  8.58e+04 6.19e-10  2.71e+07     2s
   3   1.59761226e+09 -8.61322848e+11  3.28e+04 4.66e-10  1.02e+07     2s
   4   6.69987036e+08 -5.41556648e+11  1.37e+04 3.78e-10  4.64e+06     2s
   5   2.14192311e+08 -3.35332843e+11  4.36e+03 5.73e-10  1.83e+06     2s
   6   1.59022858e+07 -1.87079793e+11  2.75e+02 4.14e-10  5.00e+05     2s
   7   4.68741574e+06 -1.81310040e+10  4.28e+01 5.51e-10  4.89e+04     2s
   8   4.53587153e+06 -1.59262989e+10  3.85e+01 5.38e-10  4.28e+04     2s
   9   4.31032752e+06 -1.33532288e+10  3.40e+01 6.69e-10  3.58e+04     2s
  10   4.00552932e+06 -1.26514107e+10  2.79e+01 9.02e-10  3.32e+04     2s
  11   3.60057941e+06 -3.79695129e+09  2.05e+01 4.58e-08  9.75e+03     2s
  12   2.96681006e+06 -9.28313575e+08  9.75e+00 1.76e-08  2.34e+03     2s
  13   2.72743736e+06 -5.91507888e+08  5.35e+00 1.45e-08  1.45e+03     2s
  14   2.54994363e+06 -9.84592522e+07  2.27e+00 1.20e-08  2.43e+02     2s
  15   2.06671791e+06 -4.76839372e+07  3.67e-01 1.74e-08  1.17e+02     3s
  16   1.33291128e+06 -1.70431410e+07  1.41e-02 1.31e-08  4.31e+01     3s
  17   3.70647815e+05 -4.52925835e+06  8.14e-07 9.07e-09  1.15e+01     3s
  18   5.20319604e+04 -2.53439602e+05  7.55e-08 1.05e-08  7.16e-01     3s
  19   1.01089070e+04 -2.62613212e+04  2.88e-09 1.22e-08  8.52e-02     3s
  20   8.32202508e+03 -1.55332368e+04  3.26e-09 1.39e-08  5.59e-02     3s
  21   6.92681188e+03 -5.76391882e+03  2.90e-09 1.46e-08  2.97e-02     3s
  22   5.70424821e+03 -4.00674585e+03  1.83e-09 1.94e-08  2.27e-02     3s
  23   3.09220393e+03 -9.65281748e+02  3.18e-09 2.15e-08  9.50e-03     3s
  24   2.14570287e+03 -2.57782116e+02  1.62e-09 1.65e-08  5.63e-03     3s
  25   1.31345758e+03  5.83014223e+02  1.66e-09 1.05e-08  1.71e-03     3s
  26   1.20931987e+03  8.60836343e+02  3.51e-09 1.27e-08  8.16e-04     3s
  27   1.14511226e+03  1.03838771e+03  7.40e-10 1.10e-08  2.50e-04     3s
  28   1.12850833e+03  1.08820591e+03  1.37e-09 9.25e-09  9.44e-05     3s
  29   1.12135298e+03  1.10780094e+03  5.49e-10 1.60e-08  3.17e-05     3s
  30   1.11739274e+03  1.11424401e+03  1.98e-09 1.66e-08  7.38e-06     3s
  31   1.11693953e+03  1.11584358e+03  2.56e-09 1.66e-08  2.57e-06     3s
  32   1.11683310e+03  1.11646196e+03  9.00e-10 1.12e-08  8.69e-07     3s
  33   1.11678365e+03  1.11669857e+03  2.33e-10 1.51e-08  1.99e-07     3s
  34   1.11676100e+03  1.11675566e+03  1.83e-11 1.39e-08  1.25e-08     4s
  35   1.11675883e+03  1.11675865e+03  6.09e-09 9.17e-09  4.32e-10     4s
  36   1.11675879e+03  1.11675878e+03  1.29e-08 8.48e-09  2.88e-11     4s
  37   1.11675879e+03  1.11675878e+03  2.86e-09 1.34e-08  9.76e-12     4s

Barrier solved model in 37 iterations and 3.71 seconds (5.90 work units)
Optimal objective 1.11675879e+03

Crossover time: 0.38 seconds (0.72 work units)
Concurrent spin time: 0.01s

Solved with barrier

Root relaxation: objective 1.116759e+03, 45261 iterations, 3.17 seconds (4.67 work units)

    Nodes    |    Current Node    |     Objective Bounds      |     Work
 Expl Unexpl |  Obj  Depth IntInf | Incumbent    BestBd   Gap | It/Node Time

     0     0 1116.75879    0  463          - 1116.75879      -     -    6s
H    0     0                    102340.22886 1116.75879  98.9%     -    7s
H    0     0                    1753.2598530 1116.75879  36.3%     -    7s
H    0     0                    1747.5315753 1116.75879  36.1%     -    7s
H    0     0                    1711.8229348 1116.75879  34.8%     -    8s
H    0     0                    1711.5866476 1116.75879  34.8%     -    8s
     0     0 1116.75879    0  463 1711.58665 1116.75879  34.8%     -   10s
H    0     0                    1710.6294523 1116.75879  34.7%     -   12s
H    0     0                    1704.4437071 1116.75879  34.5%     -   12s
H    0     0                    1559.7890834 1116.75879  28.4%     -   14s
H    0     0                    1491.4249875 1116.75879  25.1%     -   15s
H    0     0                    1490.1862337 1116.75879  25.1%     -   16s
     0     0 1116.75879    0  461 1490.18623 1116.75879  25.1%     -   18s
     0     0 1117.80251    0  541 1490.18623 1117.80251  25.0%     -   28s
H    0     0                    1489.2411080 1119.65678  24.8%     -   30s
H    0     0                    1465.7898638 1119.65678  23.6%     -   31s
H    0     0                    1442.2683993 1119.65678  22.4%     -   34s
H    0     0                    1435.7414738 1119.65678  22.0%     -   35s
H    0     0                    1426.1834573 1119.65678  21.5%     -   37s
H    0     0                    1426.1833803 1119.65678  21.5%     -   44s
H    0     0                    1416.8817144 1119.65678  21.0%     -   44s
H    0     0                    1409.8050509 1119.65678  20.6%     -   48s
     0     0 1119.65678    0  534 1409.80505 1119.65678  20.6%     -   54s
     0     0 1119.65678    0  534 1409.80505 1119.65678  20.6%     -   54s
     0     0 1126.63700    0  597 1409.80505 1126.63700  20.1%     -   66s
     0     0 1128.07051    0  598 1409.80505 1128.07051  20.0%     -   67s
     0     0 1128.07051    0  598 1409.80505 1128.07051  20.0%     -   67s
     0     0 1131.55231    0  597 1409.80505 1131.55231  19.7%     -   73s
     0     0 1131.55232    0  598 1409.80505 1131.55232  19.7%     -   74s
     0     0 1135.20150    0  609 1409.80505 1135.20150  19.5%     -   82s
     0     0 1137.70411    0  603 1409.80505 1137.70411  19.3%     -   84s
     0     0 1137.70492    0  607 1409.80505 1137.70492  19.3%     -   84s
     0     0 1141.40453    0  609 1409.80505 1141.40453  19.0%     -   92s
     0     0 1141.41178    0  599 1409.80505 1141.41178  19.0%     -   92s
     0     0 1141.41180    0  599 1409.80505 1141.41180  19.0%     -   92s
     0     0 1142.11766    0  631 1409.80505 1142.11766  19.0%     -  101s
     0     0 1142.87409    0  623 1409.80505 1142.87409  18.9%     -  105s
     0     0 1142.89297    0  620 1409.80505 1142.89297  18.9%     -  105s
     0     0 1142.89297    0  620 1409.80505 1142.89297  18.9%     -  105s
     0     0 1145.28768    0  599 1409.80505 1145.28768  18.8%     -  115s
     0     0 1145.32621    0  620 1409.80505 1145.32621  18.8%     -  116s
     0     0 1145.32790    0  617 1409.80505 1145.32790  18.8%     -  116s
     0     0 1146.25984    0  615 1409.80505 1146.25984  18.7%     -  124s
H    0     0                    1409.2046449 1146.25984  18.7%     -  125s
H    0     0                    1402.7551761 1146.25984  18.3%     -  125s
H    0     0                    1401.2684750 1146.25984  18.2%     -  125s
     0     0 1146.27232    0  616 1401.26848 1146.27232  18.2%     -  126s
     0     0 1146.27243    0  618 1401.26848 1146.27243  18.2%     -  126s
     0     0 1146.31007    0  621 1401.26848 1146.31007  18.2%     -  132s
     0     0 1146.31104    0  621 1401.26848 1146.31104  18.2%     -  132s
     0     0 1148.38883    0  622 1401.26848 1148.38883  18.0%     -  141s
     0     0 1148.77324    0  631 1401.26848 1148.77324  18.0%     -  141s
     0     0 1148.77325    0  633 1401.26848 1148.77325  18.0%     -  141s
     0     0 1150.24668    0  616 1401.26848 1150.24668  17.9%     -  153s
     0     0 1150.33765    0  611 1401.26848 1150.33765  17.9%     -  155s
     0     0 1150.33767    0  614 1401.26848 1150.33767  17.9%     -  156s
     0     0 1150.34554    0  606 1401.26848 1150.34554  17.9%     -  161s
H    0     0                    1401.2661741 1150.34554  17.9%     -  162s
H    0     0                    1400.8458617 1150.34554  17.9%     -  162s
     0     0 1150.35239    0  607 1400.84586 1150.35239  17.9%     -  163s
     0     0 1150.35275    0  605 1400.84586 1150.35275  17.9%     -  164s
     0     0 1150.65748    0  612 1400.84586 1150.65748  17.9%     -  177s
     0     0 1150.65748    0  615 1400.84586 1150.65748  17.9%     -  177s
     0     0 1150.76770    0  618 1400.84586 1150.76770  17.9%     -  182s
     0     0 1150.76770    0  610 1400.84586 1150.76770  17.9%     -  182s
     0     0 1150.76806    0  617 1400.84586 1150.76806  17.9%     -  187s
     0     0 1150.76846    0  632 1400.84586 1150.76846  17.9%     -  187s
     0     0 1150.78170    0  631 1400.84586 1150.78170  17.9%     -  193s
     0     0 1150.78170    0  631 1400.84586 1150.78170  17.9%     -  193s
     0     0 1150.78170    0  601 1400.84586 1150.78170  17.9%     -  196s
H    0     0                    1391.7036627 1150.78170  17.3%     -  213s
H    0     0                    1384.4846358 1150.78170  16.9%     -  213s
H    0     0                    1373.7005867 1150.78170  16.2%     -  213s
H    0     0                    1373.2217525 1150.78170  16.2%     -  213s
H    0     0                    1350.5662419 1150.78170  14.8%     -  224s
H    0     0                    1346.2201656 1150.78170  14.5%     -  225s
H    0     0                    1328.6581061 1150.78170  13.4%     -  225s
H    0     0                    1326.2618342 1150.78170  13.2%     -  225s
H    0     0                    1324.6998328 1150.78170  13.1%     -  225s
H    0     0                    1324.5520090 1150.78170  13.1%     -  225s
H    0     0                    1323.1683421 1150.78170  13.0%     -  225s
H    0     0                    1319.0436371 1150.78170  12.8%     -  226s
H    0     0                    1318.6596630 1150.78170  12.7%     -  226s
     0     0 1150.78170    0  479 1318.65966 1150.78170  12.7%     -  242s
H    0     0                    1314.5898770 1150.78170  12.5%     -  243s
H    0     0                    1298.6927318 1150.78170  11.4%     -  243s
     0     0 1150.78170    0  576 1298.69273 1150.78170  11.4%     -  260s
H    0     0                    1297.7895202 1150.78170  11.3%     -  261s
H    0     0                    1288.6851141 1150.78170  10.7%     -  262s
H    0     0                    1288.6332975 1150.78170  10.7%     -  265s
H    0     0                    1256.5591717 1150.78170  8.42%     -  270s
H    0     0                    1251.9591911 1150.78170  8.08%     -  273s
     0     0 1150.78170    0  562 1251.95919 1150.78170  8.08%     -  283s
     0     0 1150.78170    0  584 1251.95919 1150.78170  8.08%     -  289s
     0     0 1150.84577    0  603 1251.95919 1150.84577  8.08%     -  292s
     0     0 1150.84585    0  604 1251.95919 1150.84585  8.08%     -  292s
     0     0 1151.91292    0  626 1251.95919 1151.91292  7.99%     -  300s
     0     0 1151.91292    0  621 1251.95919 1151.91292  7.99%     -  301s
     0     0 1152.52998    0  618 1251.95919 1152.52998  7.94%     -  313s
     0     0 1152.53094    0  604 1251.95919 1152.53094  7.94%     -  313s
     0     0 1153.40896    0  610 1251.95919 1153.40896  7.87%     -  322s
H    0     0                    1247.4551858 1153.41246  7.54%     -  322s
H    0     0                    1246.6890175 1153.41246  7.48%     -  322s
     0     0 1153.41861    0  618 1246.68902 1153.41861  7.48%     -  324s
     0     0 1153.41861    0  617 1246.68902 1153.41861  7.48%     -  324s
     0     0 1153.41861    0  604 1246.68902 1153.41861  7.48%     -  325s
     0     0 1153.41861    0  604 1246.68902 1153.41861  7.48%     -  326s
     0     0 1153.96264    0  606 1246.68902 1153.96264  7.44%     -  329s
     0     0 1153.96265    0  610 1246.68902 1153.96265  7.44%     -  330s
     0     0 1153.96364    0  615 1246.68902 1153.96364  7.44%     -  332s
     0     0 1154.00779    0  586 1246.68902 1154.00779  7.43%     -  332s
     0     0 1154.00779    0  586 1246.68902 1154.00779  7.43%     -  332s
     0     0 1154.00872    0  595 1246.68902 1154.00872  7.43%     -  333s
     0     0 1154.00872    0  603 1246.68902 1154.00872  7.43%     -  335s
     0     0 1154.00872    0  598 1246.68902 1154.00872  7.43%     -  336s
     0     0 1154.00872    0  598 1246.68902 1154.00872  7.43%     -  337s
     0     0 1154.00872    0  598 1246.68902 1154.00872  7.43%     -  338s
     0     0 1154.00872    0  553 1246.68902 1154.00872  7.43%     -  339s
     0     0 1154.00872    0  553 1246.68902 1154.00872  7.43%     -  339s
     0     0 1154.00872    0  553 1246.68902 1154.00872  7.43%     -  339s
     0     0 1154.00872    0  550 1246.68902 1154.00872  7.43%     -  340s
H    0     0                    1244.3380915 1154.00872  7.26%     -  372s
H    0     0                    1243.1890880 1154.00872  7.17%     -  373s
H    0     0                    1241.7296511 1154.00872  7.06%     -  373s
H    0     0                    1240.5806476 1154.00872  6.98%     -  373s
H    0     0                    1240.5806405 1154.00872  6.98%     -  375s
     0     0 1157.26726    0  470 1240.58064 1157.26726  6.72%     -  387s
     0     0 1157.26726    0  558 1240.58064 1157.26726  6.72%     -  395s
H    0     0                    1239.7766610 1157.26726  6.66%     -  408s
H    0     0                    1237.7625112 1157.26726  6.50%     -  408s
H    0     0                    1237.6237949 1157.26726  6.49%     -  410s
     0     0 1157.26726    0  579 1237.62379 1157.26726  6.49%     -  419s
     0     0          -    0      1237.62379 1157.26726  6.49%     -  420s

Cutting planes:
  Gomory: 19
  Cover: 9
  Implied bound: 80
  Clique: 3
  MIR: 36
  Flow cover: 73
  Zero half: 37
  RLT: 2
  Relax-and-lift: 91

Explored 1 nodes (550264 simplex iterations) in 420.00 seconds (895.13 work units)
Thread count was 4 (of 32 available processors)

Solution count 10: 1237.62 1237.76 1239.78 ... 1251.96

Time limit reached
Best objective 1.237623794938e+03, best bound 1.157267259076e+03, gap 6.4928%

User-callback calls 42538, time in user-callback 0.03 sec
Cap boundary reject: PORT-581 segment infeasible left=793.867 right=100665.543
Cap boundary reject: PORT-581 real=1000000000000000052504760255204420248704468581108159154915854115511802457988908195786371375080447864043704443832883878176942523235360430575644792184786706982848387200926575803737830233794788090059368953234970799945081119038967640880074652742780142494579258788820056842838115669472196386865459400540160.000 baseline=1265.657
Cap boundary debug: PORT-581 -> [60 58 64 65 63 61 62 386 403 385 402 387 388 389 390 391 392 393 394 395 397 398 399 400 401 407 406 405 404 408 409 410 411 412 413 415 416 417 425 381 426 368 367 365 366 364 363 348 362 361 360 359 358 357 356 355 354 353] -> PORT-591 -> [352 351 350 349 326 332 331 329 330 328 327 325 324 323 321 339 338 337 336 335 334 333 347 369 370 371 372 373 374 375 376 377 379 378 380 414 382 384 383 419 420 421 423 422 424 418 301 302 303 304 305 299 300 298 306 297 296 295 294 293 292 291 290 289 310 309 311 308 307 322 341 281 280 279 278 277 276 346 345 344 343 342 340 320 319 318 317 316 315 314 313 312 288 287 286 285 552 551 550 553 554 562 561 560 559 558 555 284 283 282 556] -> PORT-591 | load_left=43833 load_right=43366 cap=45000
Set parameter Username
Set parameter LicenseID to value 2738882
Academic license - for non-commercial use only - expires 2026-11-14
Set parameter TimeLimit to value 420
Set parameter Seed to value 1003725567
Set parameter Threads to value 4
Set parameter OutputFlag to value 1
Set parameter LogToConsole to value 1
Set parameter LazyConstraints to value 1
Gurobi Optimizer version 13.0.0 build v13.0.0rc1 (linux64 - "Debian GNU/Linux 13 (trixie)")

CPU model: AMD Ryzen 9 5950X 16-Core Processor, instruction set [SSE2|AVX|AVX2]
Thread count: 16 physical cores, 32 logical processors, using up to 4 threads

Non-default parameters:
TimeLimit  420
Seed  1003725567
Threads  4
LazyConstraints  1

Optimize a model with 120370 rows, 350892 columns and 701772 nonzeros (Min)
Model fingerprint: 0xd4239383
Model has 116276 linear objective coefficients
Variable types: 233928 continuous, 116964 integer (116964 binary)
Coefficient statistics:
  Matrix range     [1e+00, 4e+04]
  Objective range  [4e-01, 1e+05]
  Bounds range     [1e+00, 4e+04]
  RHS range        [1e+00, 1e+04]
Presolve removed 3752 rows and 119183 columns
Presolve time: 0.82s
Presolved: 116618 rows, 231709 columns, 695408 nonzeros
Variable types: 115258 continuous, 116451 integer (116451 binary)
Root relaxation presolved: 116618 rows, 231709 columns, 695408 nonzeros

Deterministic concurrent LP optimizer: primal simplex, dual simplex, and barrier
Showing barrier log only...

Root barrier log...

Ordering time: 0.07s

Barrier statistics:
 AA' NZ     : 6.973e+05
 Factor NZ  : 1.503e+06 (roughly 150 MB of memory)
 Factor Ops : 8.354e+08 (less than 1 second per iteration)
 Threads    : 2

                  Objective                Residual
Iter       Primal          Dual         Primal    Dual     Compl     Time
   0   2.08042048e+10 -7.29352957e+13  3.06e+05 1.46e-11  2.12e+08     2s
   1   9.83457760e+09 -4.98100707e+13  1.45e+05 2.79e+04  1.24e+08     2s
   2   6.92055923e+09 -2.84789063e+12  1.02e+05 5.38e-10  2.78e+07     2s
   3   3.75202559e+09 -1.23591082e+12  5.51e+04 6.38e-10  1.42e+07     2s
   4   3.40362098e+09 -1.22053912e+12  5.00e+04 7.60e-10  1.31e+07     2s
   5   1.85866568e+09 -1.09990219e+12  2.73e+04 7.00e-10  7.85e+06     2s
   6   8.59467520e+08 -6.71906467e+11  1.26e+04 1.99e-09  3.85e+06     2s
   7   7.73301533e+08 -4.22607606e+11  1.13e+04 1.48e-09  3.08e+06     2s
   8   7.38320700e+07 -2.92325662e+11  1.05e+03 8.69e-10  7.21e+05     2s
   9   7.84027559e+06 -2.33525801e+11  7.93e+01 7.03e-10  4.19e+05     2s
  10   4.95667793e+06 -3.09522965e+10  3.71e+01 2.65e-09  5.78e+04     2s
  11   4.78714259e+06 -2.91482721e+10  3.47e+01 3.93e-09  5.44e+04     2s
  12   4.27329158e+06 -2.35642152e+10  2.69e+01 5.06e-09  4.38e+04     2s
  13   3.23205699e+06 -1.73396498e+10  1.11e+01 7.25e-09  3.11e+04     2s
  14   3.15289420e+06 -1.37974850e+10  9.94e+00 6.49e-09  2.47e+04     3s
  15   2.89468440e+06 -4.27725897e+09  6.00e+00 2.14e-08  7.57e+03     3s
  16   2.59262668e+06 -5.58252908e+08  1.56e+00 6.00e-09  9.82e+02     3s
  17   2.37108908e+06 -6.63628012e+07  7.21e-02 1.69e-09  1.19e+02     3s
  18   1.32705339e+06 -3.33105871e+07  4.88e-04 1.32e-09  5.99e+01     3s
  19   7.43041094e+05 -2.82858451e+07  4.67e-05 1.61e-09  5.02e+01     3s
  20   2.19691314e+05 -5.17791500e+06  2.50e-08 3.46e-10  9.33e+00     3s
  21   4.14845170e+04 -2.34115707e+05  1.75e-09 7.85e-10  4.76e-01     3s
  22   1.85145788e+04 -6.10112389e+04  8.54e-10 7.57e-10  1.37e-01     3s
  23   1.27440317e+04 -5.19738817e+04  1.19e-10 1.39e-09  1.12e-01     3s
  24   9.54809435e+03 -2.12745994e+04  1.18e-10 1.08e-09  5.33e-02     3s
  25   5.83342925e+03 -5.83727270e+03  2.51e-10 1.22e-09  2.02e-02     3s
  26   3.38774833e+03 -3.54864720e+03  1.38e-10 1.52e-09  1.20e-02     3s
  27   2.51662623e+03 -2.14690918e+03  5.58e-11 1.33e-09  8.06e-03     3s
  28   2.13270113e+03 -1.45660413e+03  3.50e-11 1.23e-09  6.20e-03     4s
  29   1.38547766e+03 -5.10199792e+01  6.02e-10 1.23e-09  2.48e-03     4s
  30   1.16661173e+03  7.97312760e+02  1.24e-09 1.14e-09  6.38e-04     4s
  31   1.13634850e+03  9.35393818e+02  6.95e-10 1.16e-09  3.47e-04     4s
  32   1.11092091e+03  1.02498439e+03  5.72e-10 7.57e-10  1.49e-04     4s
  33   1.09633551e+03  1.05128723e+03  2.32e-10 8.59e-10  7.78e-05     4s
  34   1.08968623e+03  1.06904603e+03  5.46e-10 9.78e-10  3.57e-05     4s
  35   1.08607917e+03  1.07958362e+03  4.43e-10 1.11e-09  1.12e-05     4s
  36   1.08499959e+03  1.08312899e+03  1.33e-09 1.10e-09  3.23e-06     4s
  37   1.08458149e+03  1.08371821e+03  6.11e-10 9.68e-10  1.49e-06     4s
  38   1.08436688e+03  1.08383028e+03  2.65e-10 1.44e-09  9.27e-07     4s
  39   1.08426252e+03  1.08400788e+03  9.48e-11 1.13e-09  4.40e-07     4s
  40   1.08421283e+03  1.08416592e+03  3.22e-11 9.31e-10  8.11e-08     5s
  41   1.08419204e+03  1.08418385e+03  1.20e-09 9.67e-10  1.41e-08     5s
  42   1.08419051e+03  1.08418979e+03  4.28e-09 1.22e-09  1.24e-09     5s
  43   1.08419008e+03  1.08418997e+03  4.59e-09 9.17e-10  1.87e-10     5s
  44   1.08419007e+03  1.08419007e+03  7.58e-09 5.24e-10  3.47e-12     5s

Barrier solved model in 44 iterations and 4.88 seconds (7.19 work units)
Optimal objective 1.08419007e+03


Root crossover log...

       0 DPushes remaining with DInf 4.3184954e-02                 5s

     359 PPushes remaining with PInf 5.1196320e-05                 5s
       0 PPushes remaining with PInf 0.0000000e+00                 5s

  Push phase complete: Pinf 0.0000000e+00, Dinf 2.1430201e+00      5s


Root simplex log...

Iteration    Objective       Primal Inf.    Dual Inf.      Time
   56026    1.0841901e+03   0.000000e+00   2.143020e+00      5s
   62614    1.0841901e+03   0.000000e+00   0.000000e+00      6s
Crossover time: 0.82 seconds (2.11 work units)
Concurrent spin time: 0.00s

Solved with barrier

Root relaxation: objective 1.084190e+03, 62614 iterations, 4.51 seconds (6.63 work units)

    Nodes    |    Current Node    |     Objective Bounds      |     Work
 Expl Unexpl |  Obj  Depth IntInf | Incumbent    BestBd   Gap | It/Node Time

     0     0 1084.19007    0  615          - 1084.19007      -     -   19s
H    0     0                    2275.8596603 1084.19007  52.4%     -   23s
H    0     0                    1587.9064029 1084.19007  31.7%     -   29s
H    0     0                    1450.3826147 1084.19007  25.2%     -   32s
     0     0 1084.19007    0  615 1450.38261 1084.19007  25.2%     -   37s
H    0     0                    1419.3534857 1084.19007  23.6%     -   38s
     0     0 1084.19007    0  615 1419.35349 1084.19007  23.6%     -   43s
H    0     0                    1417.6610418 1084.19007  23.5%     -   45s
     0     0 1084.19007    0  615 1417.66104 1084.19007  23.5%     -   50s
H    0     0                    1414.3505597 1084.19007  23.3%     -   51s
H    0     0                    1398.1337820 1084.19007  22.5%     -   52s
H    0     0                    1397.3234888 1084.19007  22.4%     -   57s
H    0     0                    1393.6342104 1084.19007  22.2%     -   57s
     0     0 1084.19007    0  543 1393.63421 1084.19007  22.2%     -   69s
     0     0 1086.95309    0  569 1393.63421 1086.95309  22.0%     -  106s
     0     0 1086.95309    0  536 1393.63421 1086.95309  22.0%     -  121s
H    0     0                    1389.8606641 1086.95309  21.8%     -  123s
H    0     0                    1380.1744291 1086.95309  21.2%     -  124s
H    0     0                    1377.7190882 1086.95309  21.1%     -  126s
H    0     0                    1377.6973467 1086.95309  21.1%     -  127s
H    0     0                    1377.4511543 1086.95309  21.1%     -  128s
     0     0 1086.95309    0  554 1377.45115 1086.95309  21.1%     -  145s
H    0     0                    1367.1193330 1086.95309  20.5%     -  148s
H    0     0                    1302.8259691 1086.95309  16.6%     -  149s
H    0     0                    1298.4421858 1086.95309  16.3%     -  151s
H    0     0                    1294.4691631 1086.95309  16.0%     -  152s
H    0     0                    1283.2617705 1086.95309  15.3%     -  153s
     0     0 1086.95309    0  554 1283.26177 1086.95309  15.3%     -  168s
H    0     0                    1263.2667915 1086.95309  14.0%     -  174s
     0     0 1087.96396    0  562 1263.26679 1087.96396  13.9%     -  188s
     0     0 1087.96396    0  562 1263.26679 1087.96396  13.9%     -  188s
     0     0 1092.89981    0  652 1263.26679 1092.89981  13.5%     -  211s
     0     0 1095.71342    0  660 1263.26679 1095.71342  13.3%     -  220s
     0     0 1095.71345    0  659 1263.26679 1095.71345  13.3%     -  220s
     0     0 1097.73447    0  631 1263.26679 1097.73447  13.1%     -  251s
     0     0 1097.73919    0  661 1263.26679 1097.73919  13.1%     -  274s
     0     0 1097.93997    0  670 1263.26679 1097.93997  13.1%     -  288s
     0     0 1097.94135    0  670 1263.26679 1097.94135  13.1%     -  288s
     0     0 1098.27715    0  656 1263.26679 1098.27715  13.1%     -  291s
H    0     0                    1245.5527354 1098.27715  11.8%     -  293s
     0     0 1098.28366    0  655 1245.55274 1098.28366  11.8%     -  295s
     0     0 1098.28366    0  655 1245.55274 1098.28366  11.8%     -  295s
     0     0 1098.60818    0  674 1245.55274 1098.60818  11.8%     -  298s
     0     0 1098.60818    0  670 1245.55274 1098.60818  11.8%     -  299s
     0     0 1099.04587    0  680 1245.55274 1099.04587  11.8%     -  311s
     0     0 1099.04587    0  673 1245.55274 1099.04587  11.8%     -  312s
     0     0 1099.70786    0  681 1245.55274 1099.70786  11.7%     -  319s
     0     0 1099.75270    0  685 1245.55274 1099.75270  11.7%     -  321s
     0     0 1099.76015    0  689 1245.55274 1099.76015  11.7%     -  321s
     0     0 1099.76338    0  691 1245.55274 1099.76338  11.7%     -  321s
     0     0 1099.76338    0  691 1245.55274 1099.76338  11.7%     -  322s
     0     0 1100.22559    0  699 1245.55274 1100.22559  11.7%     -  326s
H    0     0                    1227.6302864 1100.22559  10.4%     -  329s
H    0     0                    1227.6302788 1100.22559  10.4%     -  329s
H    0     0                    1225.1420142 1100.22559  10.2%     -  330s
H    0     0                    1222.7051050 1100.22559  10.0%     -  330s
     0     0 1100.30832    0  701 1222.70511 1100.30832  10.0%     -  335s
     0     0 1100.30850    0  699 1222.70511 1100.30850  10.0%     -  336s
     0     0 1100.64458    0  683 1222.70511 1100.64458  10.0%     -  351s
     0     0 1100.64458    0  681 1222.70511 1100.64458  10.0%     -  352s
     0     0 1100.77745    0  681 1222.70511 1100.77745  10.0%     -  355s
     0     0 1100.82537    0  683 1222.70511 1100.82537  10.0%     -  357s
     0     0 1100.82537    0  677 1222.70511 1100.82537  10.0%     -  357s
     0     0 1100.93453    0  673 1222.70511 1100.93453  10.0%     -  363s
     0     0 1100.98615    0  682 1222.70511 1100.98615  10.0%     -  366s
     0     0 1101.12224    0  695 1222.70511 1101.12224  9.94%     -  412s
H    0     0                    1212.3193080 1101.12224  9.17%     -  414s
     0     0 1101.12242    0  675 1212.31931 1101.12242  9.17%     -  418s
     0     0          -    0      1212.31931 1101.12242  9.17%     -  420s

Cutting planes:
  Gomory: 4
  Cover: 7
  Implied bound: 174
  MIR: 20
  Flow cover: 99
  Zero half: 76
  Relax-and-lift: 255
  Lazy constraints: 2

Explored 1 nodes (457221 simplex iterations) in 420.01 seconds (1172.74 work units)
Thread count was 4 (of 32 available processors)

Solution count 10: 1212.32 1222.71 1225.14 ... 1302.83

Time limit reached
Best objective 1.212319308013e+03, best bound 1.101122418884e+03, gap 9.1722%

User-callback calls 28291, time in user-callback 0.03 sec
Cap boundary reject: PORT-591 real=1319.768 baseline=1278.660
Cap boundary debug: PORT-591 -> [352 351 350 349 326 332 331 329 330 328 327 325 324 323 321 339 338 337 336 335 334 333 347 369 370 371 372 373 374 375 376 377 379 378 380 414 382 384 383 419 420 421 423 422 424 418 301 302 303 304 305 299 300 298 306 297 296 295 294 293 292 291 290 289 310 309 311 308 307 322 341 281 280 279 278 277 276 346 345 344 343 342 340 320 319 318 317 316 315 314 313 312 288 287 286 285 552 551 550 553 554 562 561 560 559 558 555 284 283 282 556] -> PORT-591 -> [557 567 568 565 564 563 566 548 546 547 549 545 541 544 539 540 543 542 538 537 536 529 528 527 530 531 532 533 535 534 572 569 570 571 573 574 576 577 575 526 525 524 578] -> PORT-593 | load_left=43366 load_right=42365 cap=45000
Set parameter Username
Set parameter LicenseID to value 2738882
Academic license - for non-commercial use only - expires 2026-11-14
Set parameter TimeLimit to value 420
Set parameter Seed to value 1542526707
Set parameter Threads to value 4
Set parameter OutputFlag to value 1
Set parameter LogToConsole to value 1
Set parameter LazyConstraints to value 1
Gurobi Optimizer version 13.0.0 build v13.0.0rc1 (linux64 - "Debian GNU/Linux 13 (trixie)")

CPU model: AMD Ryzen 9 5950X 16-Core Processor, instruction set [SSE2|AVX|AVX2]
Thread count: 16 physical cores, 32 logical processors, using up to 4 threads

Non-default parameters:
TimeLimit  420
Seed  1542526707
Threads  4
LazyConstraints  1

Optimize a model with 100450 rows, 292032 columns and 584052 nonzeros (Min)
Model fingerprint: 0xee09bd74
Model has 96716 linear objective coefficients
Variable types: 194688 continuous, 97344 integer (97344 binary)
Coefficient statistics:
  Matrix range     [1e+00, 4e+04]
  Objective range  [4e-01, 1e+05]
  Bounds range     [1e+00, 4e+04]
  RHS range        [1e+00, 1e+04]
Presolve removed 3422 rows and 99368 columns
Presolve time: 0.64s
Presolved: 97028 rows, 192664 columns, 578360 nonzeros
Variable types: 95788 continuous, 96876 integer (96876 binary)
Root relaxation presolved: 97028 rows, 192664 columns, 578360 nonzeros

Deterministic concurrent LP optimizer: primal simplex, dual simplex, and barrier
Showing barrier log only...

Root barrier log...

Ordering time: 0.06s

Barrier statistics:
 AA' NZ     : 5.802e+05
 Factor NZ  : 1.248e+06 (roughly 130 MB of memory)
 Factor Ops : 6.291e+08 (less than 1 second per iteration)
 Threads    : 2

                  Objective                Residual
Iter       Primal          Dual         Primal    Dual     Compl     Time
   0   2.12444929e+10 -6.06040396e+13  2.75e+05 1.46e-11  2.10e+08     1s
   1   9.52423431e+09 -4.10425243e+13  1.23e+05 2.72e+04  1.21e+08     1s
   2   6.87733403e+09 -2.10025001e+12  8.92e+04 6.98e-10  2.65e+07     1s
   3   1.83243053e+09 -5.72736368e+11  2.38e+04 6.88e-10  6.88e+06     2s
   4   1.93607381e+08 -3.53470531e+11  2.48e+03 1.86e-09  1.32e+06     2s
   5   5.89946191e+07 -2.34497611e+11  7.36e+02 2.29e-09  6.56e+05     2s
   6   5.68984650e+06 -2.36578483e+10  4.32e+01 9.23e-10  5.61e+04     2s
   7   5.17216379e+06 -1.89273342e+10  3.50e+01 1.50e-09  4.46e+04     2s
   8   4.83906468e+06 -1.66765714e+10  3.02e+01 2.37e-09  3.89e+04     2s
   9   4.34380945e+06 -1.50561614e+10  2.39e+01 2.38e-09  3.44e+04     2s
  10   3.86394349e+06 -1.33011201e+10  1.80e+01 2.82e-09  2.98e+04     2s
  11   3.57688794e+06 -1.01268877e+10  1.48e+01 2.23e-09  2.25e+04     2s
  12   3.40491655e+06 -6.85744466e+09  1.29e+01 1.97e-09  1.51e+04     2s
  13   2.75368926e+06 -2.26324841e+09  5.92e+00 3.73e-09  4.91e+03     2s
  14   2.35642130e+06 -2.90074577e+08  1.21e+00 1.94e-09  6.15e+02     2s
  15   2.10557237e+06 -5.65621090e+07  1.54e-01 5.46e-09  1.22e+02     2s
  16   1.62711391e+06 -3.70684701e+07  7.23e-03 3.13e-09  8.04e+01     2s
  17   9.87269255e+05 -2.62547795e+07  3.08e-05 2.36e-09  5.66e+01     2s
  18   3.49638918e+05 -4.59764371e+06  6.64e-09 1.58e-09  1.03e+01     2s
  19   4.07878066e+04 -4.16786606e+05  5.25e-10 1.73e-09  9.51e-01     2s
  20   1.48658075e+04 -1.33524198e+05  4.14e-10 1.42e-09  3.08e-01     3s
  21   1.23718032e+04 -8.38959329e+04  4.77e-11 1.60e-09  2.00e-01     3s
  22   1.07432297e+04 -2.62777618e+04  8.78e-11 1.42e-09  7.69e-02     3s
  23   7.75339689e+03 -8.08922383e+03  9.09e-11 1.41e-09  3.29e-02     3s
  24   4.52720228e+03 -3.86389021e+03  1.82e-10 2.31e-09  1.74e-02     3s
  25   3.36166789e+03 -1.86526466e+03  2.89e-10 2.71e-09  1.09e-02     3s
  26   2.66824698e+03 -1.01542285e+03  1.78e-10 2.30e-09  7.66e-03     3s
  27   1.92349806e+03 -2.43985792e+02  6.96e-11 2.55e-09  4.51e-03     3s
  28   1.43365118e+03  2.99870683e+02  1.90e-09 3.08e-09  2.36e-03     3s
  29   1.13997363e+03  7.40222856e+02  8.41e-10 2.01e-09  8.31e-04     3s
  30   1.09788826e+03  8.64027551e+02  1.17e-09 2.75e-09  4.86e-04     3s
  31   1.08014666e+03  9.25682863e+02  5.28e-10 2.39e-09  3.21e-04     3s
  32   1.07406925e+03  1.01214482e+03  8.35e-10 2.34e-09  1.29e-04     3s
  33   1.06638543e+03  1.03445461e+03  3.58e-10 2.28e-09  6.64e-05     3s
  34   1.06125013e+03  1.04624063e+03  4.47e-10 1.50e-09  3.12e-05     3s
  35   1.05967188e+03  1.05487346e+03  9.76e-10 1.56e-09  9.97e-06     3s
  36   1.05929412e+03  1.05802396e+03  7.88e-10 1.60e-09  2.64e-06     4s
  37   1.05921219e+03  1.05869422e+03  1.10e-10 1.01e-09  1.08e-06     4s
  38   1.05919101e+03  1.05893359e+03  3.89e-11 1.39e-09  5.35e-07     4s
  39   1.05918615e+03  1.05907272e+03  2.49e-10 2.33e-09  2.36e-07     4s
  40   1.05918302e+03  1.05914514e+03  5.32e-10 1.69e-09  7.87e-08     4s
  41   1.05917732e+03  1.05917297e+03  2.45e-09 1.90e-09  9.05e-09     4s
  42   1.05917699e+03  1.05917526e+03  1.54e-08 1.74e-09  3.61e-09     4s
  43   1.05917695e+03  1.05917664e+03  2.95e-08 1.96e-09  6.44e-10     4s
  44   1.05917692e+03  1.05917688e+03  6.38e-09 1.97e-09  7.47e-11     4s
  45   1.05917692e+03  1.05917691e+03  2.76e-09 1.86e-09  1.55e-12     4s

Barrier solved model in 45 iterations and 4.13 seconds (6.05 work units)
Optimal objective 1.05917692e+03

Crossover time: 0.36 seconds (0.75 work units)
Concurrent spin time: 0.00s

Solved with barrier

Root relaxation: objective 1.059177e+03, 48479 iterations, 3.54 seconds (4.60 work units)

    Nodes    |    Current Node    |     Objective Bounds      |     Work
 Expl Unexpl |  Obj  Depth IntInf | Incumbent    BestBd   Gap | It/Node Time

     0     0 1059.17691    0  504          - 1059.17691      -     -    6s
H    0     0                    103699.12147 1059.17691  99.0%     -    7s
H    0     0                    2517.5715009 1059.17691  57.9%     -    8s
H    0     0                    2462.7039975 1059.17691  57.0%     -    8s
H    0     0                    2440.0317099 1059.17691  56.6%     -    8s
H    0     0                    2437.4073298 1059.17691  56.5%     -    9s
H    0     0                    2429.9184907 1059.17691  56.4%     -    9s
H    0     0                    1748.2004174 1059.17691  39.4%     -   13s
     0     0 1059.17691    0  504 1748.20042 1059.17691  39.4%     -   16s
H    0     0                    1560.2051111 1059.17691  32.1%     -   19s
H    0     0                    1528.3966320 1059.17691  30.7%     -   21s
H    0     0                    1429.5644119 1059.17691  25.9%     -   21s
H    0     0                    1424.5784793 1059.17691  25.6%     -   23s
     0     0 1059.17691    0  495 1424.57848 1059.17691  25.6%     -   27s
     0     0 1059.45916    0  558 1424.57848 1059.45916  25.6%     -   37s
H    0     0                    1353.3297016 1059.47215  21.7%     -   39s
H    0     0                    1346.0526346 1059.47215  21.3%     -   41s
H    0     0                    1343.2195051 1059.47215  21.1%     -   42s
H    0     0                    1338.1760167 1059.47215  20.8%     -   46s
H    0     0                    1330.4627383 1059.47215  20.4%     -   48s
     0     0 1059.68726    0  557 1330.46274 1059.68726  20.4%     -   67s
     0     0 1059.68726    0  571 1330.46274 1059.68726  20.4%     -   67s
     0     0 1064.30651    0  595 1330.46274 1064.30651  20.0%     -   76s
     0     0 1065.04820    0  603 1330.46274 1065.04820  19.9%     -   78s
     0     0 1065.05175    0  603 1330.46274 1065.05175  19.9%     -   79s
     0     0 1065.05311    0  606 1330.46274 1065.05311  19.9%     -   79s
     0     0 1065.05311    0  606 1330.46274 1065.05311  19.9%     -   79s
     0     0 1067.21721    0  569 1330.46274 1067.21721  19.8%     -   91s
     0     0 1067.21849    0  567 1330.46274 1067.21849  19.8%     -   92s
     0     0 1067.21854    0  564 1330.46274 1067.21854  19.8%     -   93s
     0     0 1068.48442    0  588 1330.46274 1068.48442  19.7%     -  100s
     0     0 1068.48506    0  572 1330.46274 1068.48506  19.7%     -  100s
     0     0 1068.90058    0  600 1330.46274 1068.90058  19.7%     -  107s
     0     0 1068.90058    0  606 1330.46274 1068.90058  19.7%     -  107s
     0     0 1069.78945    0  586 1330.46274 1069.78945  19.6%     -  114s
     0     0 1069.79035    0  587 1330.46274 1069.79035  19.6%     -  119s
     0     0 1070.21023    0  623 1330.46274 1070.21023  19.6%     -  125s
     0     0 1070.21078    0  605 1330.46274 1070.21078  19.6%     -  125s
     0     0 1073.39169    0  605 1330.46274 1073.39169  19.3%     -  140s
     0     0 1073.65152    0  607 1330.46274 1073.65152  19.3%     -  141s
     0     0 1073.66537    0  619 1330.46274 1073.66537  19.3%     -  154s
     0     0 1073.69214    0  616 1330.46274 1073.69214  19.3%     -  155s
     0     0 1073.69260    0  615 1330.46274 1073.69260  19.3%     -  155s
     0     0 1073.69306    0  615 1330.46274 1073.69306  19.3%     -  161s
     0     0 1073.69559    0  614 1330.46274 1073.69559  19.3%     -  161s
     0     0 1074.14003    0  601 1330.46274 1074.14003  19.3%     -  168s
     0     0 1074.14600    0  610 1330.46274 1074.14600  19.3%     -  169s
     0     0 1074.18944    0  603 1330.46274 1074.18944  19.3%     -  170s
     0     0 1074.18944    0  604 1330.46274 1074.18944  19.3%     -  170s
     0     0 1074.33979    0  619 1330.46274 1074.33979  19.3%     -  176s
     0     0 1074.34321    0  628 1330.46274 1074.34321  19.3%     -  180s
     0     0 1074.34321    0  624 1330.46274 1074.34321  19.3%     -  180s
     0     0 1074.34898    0  617 1330.46274 1074.34898  19.2%     -  191s
     0     0 1074.34975    0  623 1330.46274 1074.34975  19.2%     -  191s
     0     0 1074.63325    0  606 1330.46274 1074.63325  19.2%     -  198s
     0     0 1074.68582    0  630 1330.46274 1074.68582  19.2%     -  199s
     0     0 1074.68582    0  629 1330.46274 1074.68582  19.2%     -  199s
     0     0 1074.78840    0  632 1330.46274 1074.78840  19.2%     -  207s
     0     0 1074.79087    0  635 1330.46274 1074.79087  19.2%     -  208s
     0     0 1074.79323    0  641 1330.46274 1074.79323  19.2%     -  214s
     0     0 1074.79734    0  641 1330.46274 1074.79734  19.2%     -  214s
     0     0 1075.02481    0  633 1330.46274 1075.02481  19.2%     -  222s
     0     0 1075.02629    0  638 1330.46274 1075.02629  19.2%     -  222s
     0     0 1075.05134    0  647 1330.46274 1075.05134  19.2%     -  227s
     0     0 1075.05134    0  646 1330.46274 1075.05134  19.2%     -  227s
     0     0 1075.09469    0  644 1330.46274 1075.09469  19.2%     -  234s
     0     0 1075.09471    0  642 1330.46274 1075.09471  19.2%     -  235s
     0     0 1075.09540    0  646 1330.46274 1075.09540  19.2%     -  240s
     0     0 1075.10009    0  646 1330.46274 1075.10009  19.2%     -  240s
     0     0 1075.10009    0  647 1330.46274 1075.10009  19.2%     -  240s
     0     0 1075.51530    0  643 1330.46274 1075.51530  19.2%     -  245s
     0     0 1075.51534    0  642 1330.46274 1075.51534  19.2%     -  245s
     0     0 1075.51534    0  643 1330.46274 1075.51534  19.2%     -  250s
     0     0 1075.51534    0  643 1330.46274 1075.51534  19.2%     -  251s
     0     0 1075.51534    0  643 1330.46274 1075.51534  19.2%     -  256s
     0     0 1075.51534    0  643 1330.46274 1075.51534  19.2%     -  256s
     0     0 1075.51534    0  611 1330.46274 1075.51534  19.2%     -  258s
     0     0 1087.36237    0  505 1330.46274 1087.36237  18.3%     -  323s
H    0     0                    1307.9152078 1087.36237  16.9%     -  324s
H    0     0                    1281.5416027 1087.36237  15.2%     -  325s
     0     0 1087.36237    0  607 1281.54160 1087.36237  15.2%     -  344s
H    0     0                    1259.9588785 1087.36237  13.7%     -  353s
H    0     0                    1258.9014667 1087.36237  13.6%     -  354s
H    0     0                    1244.6942720 1087.36237  12.6%     -  355s
H    0     0                    1242.3608099 1087.36237  12.5%     -  355s
H    0     0                    1240.3216270 1087.36237  12.3%     -  358s
H    0     0                    1237.9619258 1087.36237  12.2%     -  362s
     0     0 1087.36237    0  607 1237.96193 1087.36237  12.2%     -  371s
H    0     0                    1237.9619245 1087.36237  12.2%     -  376s
H    0     0                    1235.4523342 1087.36237  12.0%     -  380s
H    0     0                    1235.4523339 1087.36237  12.0%     -  382s
H    0     0                    1235.4523179 1087.36237  12.0%     -  388s
     0     0 1087.36237    0  621 1235.45232 1087.36237  12.0%     -  412s
     0     0 1087.36237    0  634 1235.45232 1087.36237  12.0%     -  416s
     0     0 1087.36237    0  622 1235.45232 1087.36237  12.0%     -  419s

Cutting planes:
  Gomory: 1
  Cover: 3
  Implied bound: 159
  MIR: 31
  Flow cover: 67
  Zero half: 52
  RLT: 1
  Relax-and-lift: 103
  Lazy constraints: 1

Explored 1 nodes (350431 simplex iterations) in 420.10 seconds (919.42 work units)
Thread count was 4 (of 32 available processors)

Solution count 10: 1235.45 1237.96 1240.32 ... 1330.46

Time limit reached
Best objective 1.235452317947e+03, best bound 1.087362368870e+03, gap 11.9867%

User-callback calls 45742, time in user-callback 0.02 sec
Cap boundary reject: PORT-591 real=1398.895 baseline=1251.158
Cap boundary debug: PORT-591 -> [557 567 568 565 564 563 566 548 546 547 549 545 541 544 539 540 543 542 538 537 536 529 528 527 530 531 532 533 535 534 572 569 570 571 573 574 576 577 575 526 525 524 578] -> PORT-593 -> [579 580 521 522 523 520 519 518 517 516 515 427 428 429 430 431 432 433] -> PORT-593 | load_left=42365 load_right=42413 cap=45000
Set parameter Username
Set parameter LicenseID to value 2738882
Academic license - for non-commercial use only - expires 2026-11-14
Set parameter TimeLimit to value 420
Set parameter Seed to value 1307736946
Set parameter Threads to value 4
Set parameter OutputFlag to value 1
Set parameter LogToConsole to value 1
Set parameter LazyConstraints to value 1
Gurobi Optimizer version 13.0.0 build v13.0.0rc1 (linux64 - "Debian GNU/Linux 13 (trixie)")

CPU model: AMD Ryzen 9 5950X 16-Core Processor, instruction set [SSE2|AVX|AVX2]
Thread count: 16 physical cores, 32 logical processors, using up to 4 threads

Non-default parameters:
TimeLimit  420
Seed  1307736946
Threads  4
LazyConstraints  1

Optimize a model with 17122 rows, 47628 columns and 95244 nonzeros (Min)
Model fingerprint: 0xe490f67b
Model has 15624 linear objective coefficients
Variable types: 31752 continuous, 15876 integer (15876 binary)
Coefficient statistics:
  Matrix range     [1e+00, 4e+04]
  Objective range  [5e-05, 1e+05]
  Bounds range     [1e+00, 4e+04]
  RHS range        [1e+00, 1e+04]
Presolve removed 1376 rows and 16691 columns
Presolve time: 0.14s
Presolved: 15746 rows, 30937 columns, 92622 nonzeros
Variable types: 15250 continuous, 15687 integer (15687 binary)

Root relaxation: objective 4.963796e+02, 42338 iterations, 4.64 seconds (13.48 work units)

    Nodes    |    Current Node    |     Objective Bounds      |     Work
 Expl Unexpl |  Obj  Depth IntInf | Incumbent    BestBd   Gap | It/Node Time

     0     0  496.37963    0  193          -  496.37963      -     -    5s
H    0     0                     982.5774411  496.37963  49.5%     -    5s
H    0     0                     966.8635033  496.37963  48.7%     -    5s
H    0     0                     933.5683321  496.37963  46.8%     -    5s
H    0     0                     931.9584976  496.37963  46.7%     -    5s
H    0     0                     783.6312234  496.37963  36.7%     -    5s
H    0     0                     777.4441824  496.37963  36.2%     -    5s
H    0     0                     763.1537936  496.37963  35.0%     -    6s
H    0     0                     757.1740092  496.37963  34.4%     -    6s
H    0     0                     756.0985480  496.37963  34.3%     -    6s
H    0     0                     753.1968883  496.37963  34.1%     -    6s
H    0     0                     737.0266437  496.37963  32.7%     -    6s
H    0     0                     735.6121862  496.37963  32.5%     -    7s
H    0     0                     723.4509792  496.37963  31.4%     -    7s
H    0     0                     719.6991175  496.37963  31.0%     -    7s
H    0     0                     716.4156592  496.37963  30.7%     -    7s
H    0     0                     713.7501291  496.37963  30.5%     -    7s
     0     0  496.37963    0  193  713.75013  496.37963  30.5%     -    8s
     0     0  503.25628    0  257  713.75013  503.25628  29.5%     -    9s
H    0     0                     707.8756699  503.34048  28.9%     -    9s
H    0     0                     701.7434915  503.34048  28.3%     -    9s
H    0     0                     696.4373798  503.34048  27.7%     -    9s
H    0     0                     694.7333404  503.34048  27.5%     -    9s
H    0     0                     688.2627531  503.34048  26.9%     -    9s
H    0     0                     687.7595428  503.34048  26.8%     -    9s
H    0     0                     685.8324350  503.34048  26.6%     -    9s
     0     0  505.63081    0  259  685.83244  505.63081  26.3%     -   10s
     0     0  505.63081    0  259  685.83244  505.63081  26.3%     -   10s
     0     0  508.42188    0  261  685.83244  508.42188  25.9%     -   10s
     0     0  510.13628    0  264  685.83244  510.13628  25.6%     -   10s
     0     0  510.20176    0  268  685.83244  510.20176  25.6%     -   11s
     0     0  510.22904    0  269  685.83244  510.22904  25.6%     -   11s
     0     0  514.28899    0  286  685.83244  514.28899  25.0%     -   12s
H    0     0                     670.0063516  514.33368  23.2%     -   13s
     0     0  514.82919    0  280  670.00635  514.82919  23.2%     -   13s
     0     0  514.83027    0  287  670.00635  514.83027  23.2%     -   13s
     0     0  515.82233    0  296  670.00635  515.82233  23.0%     -   14s
     0     0  516.07355    0  296  670.00635  516.07355  23.0%     -   14s
     0     0  516.12848    0  295  670.00635  516.12848  23.0%     -   14s
     0     0  516.12900    0  302  670.00635  516.12900  23.0%     -   14s
     0     0  516.67870    0  293  670.00635  516.67870  22.9%     -   15s
     0     0  516.68886    0  300  670.00635  516.68886  22.9%     -   15s
     0     0  516.68886    0  302  670.00635  516.68886  22.9%     -   15s
     0     0  518.65211    0  292  670.00635  518.65211  22.6%     -   16s
     0     0  518.69487    0  308  670.00635  518.69487  22.6%     -   16s
     0     0  518.70185    0  311  670.00635  518.70185  22.6%     -   16s
     0     0  519.13958    0  310  670.00635  519.13958  22.5%     -   16s
     0     0  519.15082    0  313  670.00635  519.15082  22.5%     -   16s
     0     0  519.20469    0  319  670.00635  519.20469  22.5%     -   16s
     0     0  519.20473    0  320  670.00635  519.20473  22.5%     -   16s
     0     0  519.34159    0  321  670.00635  519.34159  22.5%     -   17s
     0     0  519.35174    0  321  670.00635  519.35174  22.5%     -   17s
     0     0  519.35228    0  321  670.00635  519.35228  22.5%     -   17s
     0     0  520.60565    0  301  670.00635  520.60565  22.3%     -   18s
     0     0  520.85417    0  311  670.00635  520.85417  22.3%     -   18s
     0     0  520.88838    0  307  670.00635  520.88838  22.3%     -   18s
     0     0  520.88858    0  313  670.00635  520.88858  22.3%     -   18s
     0     0  522.60155    0  312  670.00635  522.60155  22.0%     -   20s
     0     0  522.63050    0  318  670.00635  522.63050  22.0%     -   20s
     0     0  522.63633    0  328  670.00635  522.63633  22.0%     -   20s
     0     0  522.63717    0  330  670.00635  522.63717  22.0%     -   20s
     0     0  522.68889    0  307  670.00635  522.68889  22.0%     -   20s
H    0     0                     616.2033041  522.75867  15.2%     -   21s
     0     0  522.75867    0  307  616.20330  522.75867  15.2%     -   21s
     0     0  522.75867    0  306  616.20330  522.75867  15.2%     -   21s
     0     0  522.92341    0  297  616.20330  522.92341  15.1%     -   21s
     0     0  522.92341    0  198  616.20330  522.92341  15.1%     -   24s
     0     0  522.92341    0  275  616.20330  522.92341  15.1%     -   26s
H    0     0                     616.1508320  522.92341  15.1%     -   26s
H    0     0                     612.3132027  522.92341  14.6%     -   26s
H    0     0                     607.9820742  522.92341  14.0%     -   26s
     0     0  522.92341    0  284  607.98207  522.92341  14.0%     -   27s
     0     0  522.92341    0  294  607.98207  522.92341  14.0%     -   27s
     0     0  522.92341    0  294  607.98207  522.92341  14.0%     -   27s
     0     0  522.92341    0  295  607.98207  522.92341  14.0%     -   27s
     0     0  522.92341    0  302  607.98207  522.92341  14.0%     -   27s
     0     0  522.92341    0  291  607.98207  522.92341  14.0%     -   27s
     0     0  522.92341    0  294  607.98207  522.92341  14.0%     -   28s
     0     0  522.92341    0  293  607.98207  522.92341  14.0%     -   28s
     0     0  522.92363    0  305  607.98207  522.92363  14.0%     -   28s
     0     0  522.92401    0  303  607.98207  522.92401  14.0%     -   28s
     0     0  522.98998    0  299  607.98207  522.98998  14.0%     -   28s
     0     0  523.02010    0  298  607.98207  523.02010  14.0%     -   28s
     0     0  523.02015    0  298  607.98207  523.02015  14.0%     -   28s
     0     0  523.25589    0  307  607.98207  523.25589  13.9%     -   29s
     0     0  523.29974    0  311  607.98207  523.29974  13.9%     -   29s
     0     0  523.30841    0  320  607.98207  523.30841  13.9%     -   29s
     0     0  523.31430    0  317  607.98207  523.31430  13.9%     -   30s
     0     0  523.31432    0  319  607.98207  523.31432  13.9%     -   30s
     0     0  523.92105    0  292  607.98207  523.92105  13.8%     -   31s
     0     0  523.98550    0  295  607.98207  523.98550  13.8%     -   31s
     0     0  523.98552    0  298  607.98207  523.98552  13.8%     -   31s
     0     0  524.02896    0  301  607.98207  524.02896  13.8%     -   31s
     0     0  524.03406    0  309  607.98207  524.03406  13.8%     -   31s
     0     0  524.05424    0  309  607.98207  524.05424  13.8%     -   32s
     0     0  524.05818    0  301  607.98207  524.05818  13.8%     -   32s
     0     0  524.06035    0  306  607.98207  524.06035  13.8%     -   32s
     0     0  524.06411    0  306  607.98207  524.06411  13.8%     -   32s
     0     0  524.07450    0  308  607.98207  524.07450  13.8%     -   33s
     0     0  524.07847    0  308  607.98207  524.07847  13.8%     -   33s
     0     0  524.07847    0  284  607.98207  524.07847  13.8%     -   33s
     0     1  524.07908    0  282  607.98207  524.07908  13.8%     -   34s
H    1     1                     607.9242976  524.07908  13.8%   0.0   34s
     3     4  525.65703    3  268  607.92430  525.64290  13.5%  1997   35s
   192   207  541.25697   31  177  607.92430  525.65825  13.5%   321   40s
H  288   288                     606.9086217  525.65825  13.4%   294   40s
   913   865  543.21076   36  141  606.90862  525.65825  13.4%   213   45s
  1107  1026  562.99355  125  297  606.90862  525.80024  13.4%   217   52s
  1110  1028  553.84228   61  275  606.90862  525.80024  13.4%   217   55s
  1118  1033  590.47759  152  292  606.90862  526.08105  13.3%   215   60s
  1147  1053  562.59667  126  311  606.90862  535.69825  11.7%   210   65s
  1164  1064  562.81984   90  328  606.90862  540.89178  10.9%   207   70s
  1182  1076  541.84307   26  319  606.90862  541.84307  10.7%   204   75s
  1211  1095  575.57901   79  348  606.90862  542.26621  10.7%   199   80s
  1233  1110  554.28372   83  357  606.90862  542.57296  10.6%   195   85s
  1263  1130  542.90179    7  380  606.90862  542.90179  10.5%   191   90s
  1289  1147  546.44784   45  353  606.90862  543.78879  10.4%   187   95s
H 1313  1101                     606.8859856  545.12273  10.2%   183   99s
  1319  1105  554.79542   68  378  606.88599  545.12760  10.2%   183  100s
  1338  1118  548.69686   52  378  606.88599  545.72348  10.1%   180  105s
  1366  1137  577.64707  160  409  606.88599  545.87196  10.1%   176  110s
  1397  1157  546.14963   48  404  606.88599  546.14963  10.0%   172  115s
  1438  1185  548.69686   52  409  606.88599  546.33086  10.0%   167  120s
  1477  1211  546.98238   15  399  606.88599  546.98238  9.87%   163  125s
  1536  1251  575.62951  139  197  606.88599  547.12017  9.85%   267  131s
  1545  1257  547.12017   20  367  606.88599  547.12017  9.85%   265  135s
  1563  1269  547.19435    7  398  606.88599  547.19435  9.84%   262  140s
  1586  1285  575.81440   99  381  606.88599  547.34426  9.81%   258  145s
  1600  1294  587.31994  149  374  606.88599  547.34426  9.81%   256  152s
  1602  1298  547.34426   28  367  606.88599  547.34426  9.81%   298  155s
  1625  1318  550.74200   33  243  606.88599  547.36288  9.81%   329  160s
  1666  1349  550.92575   38  205  606.88599  547.36288  9.81%   368  165s
  1745  1398  554.90869   48  176  606.88599  547.36288  9.81%   385  170s
  1860  1447  561.09424   66  152  606.88599  547.36288  9.81%   395  175s
  1955  1473  599.80222   74  160  606.88599  547.64666  9.76%   400  180s
H 1964  1404                     606.8859819  547.64666  9.76%   401  180s
H 2011  1355                     606.8859678  547.64666  9.76%   406  182s
H 2018  1305                     606.8859532  547.64666  9.76%   407  183s
  2085  1294  583.73651   96  143  606.88595  547.64666  9.76%   408  185s
  2296  1365  556.74089   43  163  606.88595  548.04753  9.70%   410  190s
  2697  1432  580.44315   92  144  606.88595  548.26560  9.66%   391  195s
  3111  1464  574.35375   85  148  606.88595  548.29146  9.65%   386  200s
  3467  1679  562.23164   65  172  606.88595  549.01947  9.53%   392  206s
  3683  1716  578.77494   87  170  606.88595  549.01947  9.53%   389  210s
  3912  1853  550.41620   33  254  606.88595  549.01947  9.53%   401  215s
  4303  2029  553.43534   38  206  606.88595  549.01947  9.53%   397  222s
  4558  2113  569.54662   61  143  606.88595  549.65956  9.43%   402  226s
  4904  2262  552.45793   41  197  606.88595  549.93318  9.38%   398  230s
  5091  2352  588.01011   44  168  606.88595  550.06419  9.36%   401  235s
  5346  2630  552.07157   37  252  606.88595  550.06828  9.36%   401  241s
  5858  2936  553.96851   41  234  606.88595  550.10284  9.36%   394  246s
  6306  3413  559.06181   47  211  606.88595  550.35783  9.31%   395  252s
  6939  3647  565.57432   51  204  606.88595  550.63909  9.27%   384  257s
  7107  3832     cutoff   61       606.88595  550.64429  9.27%   385  260s
  7701  4177  600.70535   48  164  606.88595  550.78308  9.24%   384  267s
  7960  4338  587.99450   98  143  606.88595  550.83392  9.24%   385  271s
  8550  4791  552.86459   39  238  606.88595  550.97418  9.21%   385  278s
  8876  4956  559.46900   49  214  606.88595  550.97418  9.21%   385  282s
  9137  5227  566.98920   60  172  606.88595  551.00086  9.21%   389  287s
  9526  5523     cutoff  106       606.88595  551.13761  9.19%   387  291s
  9923  5773  554.35564   38  187  606.88595  551.17361  9.18%   386  295s
 10214  5916  559.45227   42  216  606.88595  551.22264  9.17%   388  300s
 10406  6305  585.95004   69  172  606.88595  551.25784  9.17%   398  306s
 10952  6514  556.77651   41  223  606.88595  551.26316  9.17%   396  312s
 11222  6855  557.11061   38  237  606.88595  551.37598  9.15%   398  317s
 11695  7115  571.92424   54  212  606.88595  551.47800  9.13%   400  324s
 12016  7376  559.18058   54  181  606.88595  551.50760  9.13%   401  331s
 12399  7914  568.43470   54  202  606.88595  551.62700  9.11%   403  338s
 13161  8369  558.58875   40  211  606.88595  551.73740  9.09%   395  343s
 13721  8786  579.94141   63  179  606.88595  551.77140  9.08%   392  349s
 14284  9152  574.05034   70  197  606.88595  551.86413  9.07%   390  355s
 14770  9495  569.17820   44  209  606.88595  551.92231  9.06%   392  361s
 15298  9783  582.52655   50  194  606.88595  552.00910  9.04%   393  369s
 15705  9885  571.76124   62  183  606.88595  552.06565  9.03%   393  376s
H15769  9885                     606.8859510  552.06565  9.03%   393  376s
 15822 10453  575.72524   40  191  606.88595  552.06565  9.03%   393  382s
 16564 10863  569.34478   85  185  606.88595  552.10645  9.03%   387  388s
 17213 11251  576.10420   59  156  606.88595  552.16435  9.02%   383  394s
 17702 11525  591.96551   46  142  606.88595  552.25643  9.00%   385  400s
H17703 11525                     606.8859450  552.25643  9.00%   385  400s
 18056 11812  555.29064   47  230  606.88595  552.30122  8.99%   388  405s
 18482 11960  566.75354   45  203  606.88595  552.36943  8.98%   391  410s
 18705 12268  560.40954   52  174  606.88595  552.39429  8.98%   396  416s
 19376 12455  557.13514   37  220  606.88595  552.41201  8.98%   398  420s

Cutting planes:
  Gomory: 6
  Cover: 17
  Implied bound: 242
  Projected implied bound: 19
  Clique: 1
  MIR: 217
  Flow cover: 233
  GUB cover: 4
  Inf proof: 3
  Zero half: 36
  RLT: 3
  Relax-and-lift: 53
  BQP: 2

Explored 19396 nodes (7847293 simplex iterations) in 420.00 seconds (1443.99 work units)
Thread count was 4 (of 32 available processors)

Solution count 10: 606.886 606.886 606.909 ... 685.832

Time limit reached
Best objective 6.068859450300e+02, best bound 5.524120060643e+02, gap 8.9760%

User-callback calls 99691, time in user-callback 0.01 sec
Cap boundary reject: PORT-593 segment infeasible left=100248.710 right=494.938
Cap boundary reject: PORT-593 real=1000000000000000052504760255204420248704468581108159154915854115511802457988908195786371375080447864043704443832883878176942523235360430575644792184786706982848387200926575803737830233794788090059368953234970799945081119038967640880074652742780142494579258788820056842838115669472196386865459400540160.000 baseline=618.860
Set parameter Username
Set parameter LicenseID to value 2738882
Academic license - for non-commercial use only - expires 2026-11-14
Segment 1 eval: start=BOAT-0 end=PORT-581 stations=87 (optimize)
  Segment 1 order: 1 3 4 -25 -5 -6 10 11 143 15 16 17 -18 -13 14 12 -24 -23 -22 -21 19 20 -41 42 43 44 45 46 -396 -47 -40 39 48 49 50 -38 -37 51 -52 59 -57 56 55 -54 -53 66 67 69 -36 -35 -34 -33 -32 -31 -30 -29 -28 -27 -26 93 -92 94 -96 -95 90 91 -89 88 -87 86 -85 -84 -83 -82 -81 -80 79 -78 -77 -70 -76 75 72 73 -74 -71 -68
Segment 2 eval: start=PORT-581 end=PORT-591 stations=58 (optimize)
  Segment 2 order: 65 -63 64 -58 60 61 62 391 392 393 394 395 397 398 399 -400 -401 389 390 388 -387 -386 -385 -402 403 405 406 -407 -404 409 408 -410 411 412 -413 -415 416 -417 425 381 426 -368 -367 -366 -365 364 362 -361 -360 -359 -358 -357 -356 -355 354 -353 348 -363
Segment 3 eval: start=PORT-591 end=PORT-591 stations=111 (optimize)
  Segment 3 order: -346 276 277 278 279 280 281 -556 282 283 -284 555 558 559 -560 561 -562 -554 553 550 551 552 285 286 287 288 289 290 291 292 293 294 -295 296 297 306 -305 -298 299 300 301 302 304 -303 307 308 309 -310 311 312 -313 314 315 316 317 318 319 320 340 341 342 343 344 345 334 335 336 337 338 339 321 322 323 324 325 -327 328 330 -331 -329 -326 349 350 351 352 -373 372 -374 375 376 377 379 380 414 382 384 -383 419 420 421 -423 -422 424 -418 -378 -371 -370 369 332 -333 347
Segment 4 eval: start=PORT-591 end=PORT-593 stations=43 (optimize)
  Segment 4 order: 557 563 564 565 566 567 568 -542 543 540 541 549 548 -547 -546 -545 -544 -539 -538 -537 536 -535 -534 -572 569 570 571 573 574 576 533 -532 -531 -530 -529 -528 -527 577 575 578 -525 526 -524
Segment 5 eval: start=PORT-593 end=PORT-593 stations=19 (optimize)
  Segment 5 order: 430 -434 -433 -432 -431 -429 -428 427 517 518 519 520 521 -580 -579 -523 -522 -516 -515
Segment 6 eval: start=PORT-593 end=PORT-584 stations=32 (optimize)
  Segment 6 order: -512 513 -514 -511 -510 -509 -508 -507 -506 -505 -444 -443 -442 -441 440 -439 437 -436 435 438 445 446 447 448 449 450 451 452 453 -456 -455 -454
Segment 7 eval: start=PORT-584 end=PORT-584 stations=8 (optimize)
  Segment 7 order: 482 483 463 -464 -460 -459 -458 -457
Segment 8 eval: start=PORT-584 end=PORT-584 stations=37 (optimize)
  Segment 8 order: -501 500 502 503 -504 -488 -487 -486 -485 -461 -484 462 -489 490 491 492 -493 477 -480 -481 479 -465 -466 474 -473 -475 -478 -476 -114 494 -113 -112 495 496 497 498 499
Segment 9 eval: start=PORT-584 end=PORT-588 stations=20 (optimize)
  Segment 9 order: 467 468 469 470 -471 472 -122 -121 120 -119 -118 -117 -116 -115 -275 -111 -274 -107 -106 -105
Segment 10 eval: start=PORT-588 end=PORT-588 stations=37 (optimize)
  Segment 10 order: 109 110 -270 -269 -268 264 265 267 266 123 124 125 -126 127 -263 -262 -261 -260 -259 258 128 129 130 -256 257 -255 -254 -252 -253 273 -272 -271 -108 101 102 103 -104
Segment 11 eval: start=PORT-588 end=PORT-583 stations=41 (optimize)
  Segment 11 order: -248 -247 243 244 245 -249 251 -250 -208 -207 -206 -205 131 -204 -203 -202 -199 -198 -200 201 -209 -210 211 -212 197 -196 -195 -194 -193 -192 218 217 -213 214 215 -237 238 239 240 -241 242
Segment 12 eval: start=PORT-583 end=PORT-583 stations=59 (optimize)
  Segment 12 order: 133 134 230 232 233 234 -235 231 -227 -178 -226 -224 225 -222 -221 -236 97 98 99 100 246 216 -220 -219 -191 -189 190 223 -188 -187 -186 -185 -184 -183 -182 -177 171 -170 -169 -168 155 156 157 158 -150 -149 148 -140 -139 151 152 153 154 179 228 229 180 181 132
Segment 13 eval: start=PORT-583 end=BOAT-END stations=28 (optimize)
  Segment 13 order: -135 136 -137 -2 7 138 141 8 9 142 144 145 146 147 161 -160 159 163 -162 164 165 166 167 172 173 174 175 -176
Cap boundary debug: PORT-593 -> [579 580 521 522 523 520 519 518 517 516 515 427 428 429 430 431 432 433 434] -> PORT-593 -> [445 446 447 507 508 509 510 511 514 513 512 436 435 438 437 439 440 441 442 443 444 506 505 449 448 450 451 453 452 454 455 456] -> PORT-584 | load_left=44427 load_right=41146 cap=45000
Set parameter Username
Set parameter LicenseID to value 2738882
Academic license - for non-commercial use only - expires 2026-11-14
Set parameter TimeLimit to value 420
Set parameter Seed to value 1483881244
Set parameter Threads to value 4
Set parameter OutputFlag to value 1
Set parameter LogToConsole to value 1
Set parameter LazyConstraints to value 1
Gurobi Optimizer version 13.0.0 build v13.0.0rc1 (linux64 - "Debian GNU/Linux 13 (trixie)")

CPU model: AMD Ryzen 9 5950X 16-Core Processor, instruction set [SSE2|AVX|AVX2]
Thread count: 16 physical cores, 32 logical processors, using up to 4 threads

Non-default parameters:
TimeLimit  420
Seed  1483881244
Threads  4
LazyConstraints  1

Optimize a model with 12282 rows, 33708 columns and 67404 nonzeros (Min)
Model fingerprint: 0x70d932bb
Model has 11024 linear objective coefficients
Variable types: 22472 continuous, 11236 integer (11236 binary)
Coefficient statistics:
  Matrix range     [1e+00, 4e+04]
  Objective range  [5e-05, 1e+05]
  Bounds range     [1e+00, 4e+04]
  RHS range        [1e+00, 1e+04]
Presolve removed 1156 rows and 11921 columns
Presolve time: 0.10s
Presolved: 11126 rows, 21787 columns, 65238 nonzeros
Variable types: 10710 continuous, 11077 integer (11077 binary)
Found heuristic solution: objective 304705.31231

Root relaxation: objective 3.616217e+02, 20961 iterations, 1.62 seconds (4.63 work units)

    Nodes    |    Current Node    |     Objective Bounds      |     Work
 Expl Unexpl |  Obj  Depth IntInf | Incumbent    BestBd   Gap | It/Node Time

     0     0  361.62171    0  189 304705.312  361.62171   100%     -    1s
H    0     0                    100619.53598  361.62171   100%     -    1s
H    0     0                    100575.06955  361.62171   100%     -    1s
H    0     0                     561.3097932  361.62171  35.6%     -    1s
H    0     0                     537.7210938  361.62171  32.7%     -    2s
H    0     0                     521.3619649  361.62171  30.6%     -    2s
H    0     0                     512.4491530  361.62171  29.4%     -    2s
H    0     0                     494.3098559  361.62171  26.8%     -    2s
H    0     0                     493.2560651  361.62171  26.7%     -    2s
H    0     0                     490.9846556  361.62171  26.3%     -    2s
H    0     0                     484.5733526  361.62171  25.4%     -    2s
     0     0  365.52185    0  235  484.57335  365.52185  24.6%     -    3s
H    0     0                     475.9915096  365.52185  23.2%     -    4s
H    0     0                     473.7335203  365.52185  22.8%     -    4s
H    0     0                     472.0017829  365.52185  22.6%     -    4s
H    0     0                     471.9018475  365.52185  22.5%     -    4s
H    0     0                     467.1823890  365.52185  21.8%     -    4s
     0     0  366.22148    0  233  467.18239  366.22148  21.6%     -    5s
     0     0  366.24370    0  233  467.18239  366.24370  21.6%     -    5s
     0     0  366.47991    0  230  467.18239  366.47991  21.6%     -    5s
     0     0  366.47991    0  230  467.18239  366.47991  21.6%     -    5s
     0     0  368.48773    0  222  467.18239  368.48773  21.1%     -    5s
     0     0  368.75949    0  246  467.18239  368.75949  21.1%     -    6s
     0     0  368.76061    0  255  467.18239  368.76061  21.1%     -    6s
     0     0  370.83293    0  244  467.18239  370.83293  20.6%     -    7s
     0     0  370.89288    0  250  467.18239  370.89288  20.6%     -    7s
     0     0  370.89315    0  251  467.18239  370.89315  20.6%     -    7s
     0     0  372.91160    0  252  467.18239  372.91160  20.2%     -    9s
     0     0  373.35298    0  253  467.18239  373.35298  20.1%     -    9s
     0     0  373.60000    0  261  467.18239  373.60000  20.0%     -   10s
     0     0  373.66894    0  264  467.18239  373.66894  20.0%     -   10s
     0     0  373.68568    0  266  467.18239  373.68568  20.0%     -   10s
     0     0  373.68568    0  266  467.18239  373.68568  20.0%     -   10s
     0     0  374.00965    0  264  467.18239  374.00965  19.9%     -   10s
     0     0  374.02141    0  265  467.18239  374.02141  19.9%     -   10s
     0     0  374.02774    0  265  467.18239  374.02774  19.9%     -   11s
     0     0  374.10583    0  267  467.18239  374.10583  19.9%     -   11s
     0     0  374.10652    0  271  467.18239  374.10652  19.9%     -   11s
     0     0  374.20063    0  268  467.18239  374.20063  19.9%     -   12s
     0     0  374.36313    0  268  467.18239  374.36313  19.9%     -   12s
     0     0  374.64169    0  254  467.18239  374.64169  19.8%     -   12s
     0     0  374.75760    0  259  467.18239  374.75760  19.8%     -   12s
     0     0  374.75760    0  262  467.18239  374.75760  19.8%     -   13s
     0     0  374.75760    0  255  467.18239  374.75760  19.8%     -   13s
     0     0  374.75760    0  255  467.18239  374.75760  19.8%     -   13s
     0     0  374.85806    0  257  467.18239  374.85806  19.8%     -   14s
     0     0  374.86476    0  262  467.18239  374.86476  19.8%     -   14s
     0     0  374.86476    0  263  467.18239  374.86476  19.8%     -   14s
     0     0  377.44570    0  252  467.18239  377.44570  19.2%     -   14s
     0     0  378.81944    0  254  467.18239  378.81944  18.9%     -   14s
     0     0  378.81944    0  258  467.18239  378.81944  18.9%     -   14s
     0     0  378.81944    0  258  467.18239  378.81944  18.9%     -   15s
     0     0  378.81944    0  258  467.18239  378.81944  18.9%     -   15s
     0     0  379.99487    0  232  467.18239  379.99487  18.7%     -   15s
     0     0  380.08332    0  239  467.18239  380.08332  18.6%     -   15s
     0     0  380.08489    0  238  467.18239  380.08489  18.6%     -   15s
     0     0  380.08489    0  238  467.18239  380.08489  18.6%     -   15s
     0     0  380.98437    0  264  467.18239  380.98437  18.5%     -   16s
     0     0  381.01771    0  277  467.18239  381.01771  18.4%     -   16s
     0     0  381.01793    0  280  467.18239  381.01793  18.4%     -   16s
     0     0  381.25732    0  271  467.18239  381.25732  18.4%     -   16s
     0     0  381.43588    0  269  467.18239  381.43588  18.4%     -   16s
     0     0  381.43588    0  268  467.18239  381.43588  18.4%     -   16s
     0     0  381.62508    0  261  467.18239  381.62508  18.3%     -   17s
     0     0  381.65290    0  265  467.18239  381.65290  18.3%     -   17s
     0     0  381.65290    0  264  467.18239  381.65290  18.3%     -   17s
     0     0  382.87715    0  272  467.18239  382.87715  18.0%     -   17s
     0     0  382.90594    0  272  467.18239  382.90594  18.0%     -   18s
     0     0  382.90594    0  269  467.18239  382.90594  18.0%     -   18s
     0     0  383.10390    0  276  467.18239  383.10390  18.0%     -   18s
     0     0  383.11395    0  276  467.18239  383.11395  18.0%     -   18s
     0     0  383.11780    0  270  467.18239  383.11780  18.0%     -   19s
     0     0  383.17355    0  273  467.18239  383.17355  18.0%     -   19s
     0     0  383.17355    0  276  467.18239  383.17355  18.0%     -   19s
     0     0  383.17855    0  276  467.18239  383.17855  18.0%     -   19s
     0     0  383.17855    0  273  467.18239  383.17855  18.0%     -   19s
H    0     0                     463.5137594  388.09952  16.3%     -   20s
     0     0  388.09952    0  198  463.51376  388.09952  16.3%     -   22s
     0     0  388.09952    0  247  463.51376  388.09952  16.3%     -   23s
H    0     0                     463.4138240  388.09952  16.3%     -   24s
     0     0  388.09952    0  251  463.41382  388.09952  16.3%     -   24s
     0     0  388.09952    0  255  463.41382  388.09952  16.3%     -   25s
     0     0  388.09952    0  256  463.41382  388.09952  16.3%     -   25s
     0     0  388.09952    0  266  463.41382  388.09952  16.3%     -   25s
     0     0  388.09952    0  270  463.41382  388.09952  16.3%     -   25s
     0     0  388.09952    0  267  463.41382  388.09952  16.3%     -   25s
     0     0  388.09952    0  267  463.41382  388.09952  16.3%     -   25s
     0     0  388.09952    0  271  463.41382  388.09952  16.3%     -   25s
     0     0  391.80398    0  258  463.41382  391.80398  15.5%     -   27s
     0     0  392.03256    0  272  463.41382  392.03256  15.4%     -   27s
     0     0  392.12266    0  270  463.41382  392.12266  15.4%     -   27s
     0     0  392.12363    0  274  463.41382  392.12363  15.4%     -   27s
     0     0  396.12059    0  250  463.41382  396.12059  14.5%     -   28s
     0     0  396.24810    0  245  463.41382  396.24810  14.5%     -   29s
     0     0  396.25037    0  262  463.41382  396.25037  14.5%     -   29s
     0     0  396.36583    0  254  463.41382  396.36583  14.5%     -   29s
     0     0  396.37843    0  266  463.41382  396.37843  14.5%     -   29s
     0     0  398.32862    0  279  463.41382  398.32862  14.0%     -   30s
     0     0  398.93155    0  279  463.41382  398.93155  13.9%     -   30s
     0     0  398.93155    0  278  463.41382  398.93155  13.9%     -   30s
     0     0  398.93155    0  281  463.41382  398.93155  13.9%     -   30s
     0     0  400.58481    0  272  463.41382  400.58481  13.6%     -   31s
     0     0  400.59779    0  275  463.41382  400.59779  13.6%     -   31s
     0     0  400.81381    0  271  463.41382  400.81381  13.5%     -   31s
     0     0  400.83004    0  271  463.41382  400.83004  13.5%     -   32s
     0     0  400.94978    0  247  463.41382  400.94978  13.5%     -   32s
     0     0  400.96251    0  247  463.41382  400.96251  13.5%     -   32s
     0     0  400.96251    0  247  463.41382  400.96251  13.5%     -   32s
     0     0  400.96251    0  238  463.41382  400.96251  13.5%     -   32s
H    0     0                     462.5680866  400.96251  13.3%     -   33s
     0     2  400.96251    0  237  462.56809  400.96251  13.3%     -   35s
H  145   137                     462.5680863  403.17954  12.8%   309   39s
   146   148  425.77405   26  223  462.56809  403.17954  12.8%   308   40s
   445   429  440.93024   39  186  462.56809  403.28012  12.8%   246   45s
H  490   465                     462.5680796  403.28012  12.8%   238   45s
   618   561  457.12300   69  135  462.56808  403.28012  12.8%   250   50s
   841   756  431.93686   16  185  462.56808  403.69705  12.7%   255   55s
  1130   983  442.05684   46  273  462.56808  404.03198  12.7%   268   60s
  1136   987  448.08486   46  249  462.56808  404.03198  12.7%   266   65s
  1149   996  418.11734   15  260  462.56808  415.12613  10.3%   263   71s
  1160  1004  436.87195   40  249  462.56808  415.24149  10.2%   297   75s
H 1168   958                     462.5680796  415.98917  10.1%   295   80s
  1180   979  417.25013   32  228  462.56808  416.36618  10.0%   335   85s
  1275  1024  437.48474   44  202  462.56808  416.42047  10.0%   358   90s
  1432  1070     cutoff   41       462.56808  417.22250  9.80%   374   95s
H 1457  1023                     462.5680388  418.05450  9.62%   381   96s
  1592  1059  440.53292   52  204  462.56804  418.62780  9.50%   398  100s
  1886  1197  456.12069   59  140  462.56804  419.09819  9.40%   405  105s
  2313  1294  436.63697   43  217  462.56804  421.29314  8.92%   398  110s
  2867  1519  434.44901   38  215  462.56804  422.77995  8.60%   372  115s
  3245  1637  448.48798   60  183  462.56804  424.24792  8.28%   362  120s
  3960  1828  458.78504   70  119  462.56804  425.93558  7.92%   349  126s
  4467  2156  451.58772   59  168  462.56804  426.85684  7.72%   332  130s
  5131  2500  451.56118   62  140  462.56804  428.90162  7.28%   324  135s
  5860  2802  446.09896   38  201  462.56804  429.83946  7.08%   318  140s
  6376  3149  446.82729   47  219  462.56804  430.76809  6.87%   327  145s
  6938  3450  462.56134   75   80  462.56804  431.43209  6.73%   339  152s
  7403  3723  461.19895   56  163  462.56804  432.47520  6.51%   340  156s
  8048  4034     cutoff   56       462.56804  433.47876  6.29%   341  161s
  8673  4354  446.38413   39  187  462.56804  434.26447  6.12%   340  167s
  8976  4537  458.80533   68  194  462.56804  434.62017  6.04%   343  170s
  9715  4900  452.97823   60  183  462.56804  435.81193  5.78%   346  175s
H10437  4964                     461.1898855  436.58199  5.34%   344  178s
 10558  5157  452.86932   42   73  461.18989  436.58199  5.34%   344  182s
 11256  5454     cutoff   53       461.18989  437.28089  5.18%   338  186s
 12379  5938  446.56714   47  183  461.18989  439.18041  4.77%   336  193s
 12844  6188  451.79345   53  110  461.18989  439.38202  4.73%   338  197s
 13402  6423  458.51643   44  162  461.18989  439.65551  4.67%   337  201s
H14121  6668                     461.0899501  440.25938  4.52%   334  204s
 14519  6936     cutoff   53       461.08995  440.58373  4.45%   334  208s
 15022  7134     cutoff   53       461.08995  440.91041  4.38%   333  211s
 15511  7390  452.62839   57  162  461.08995  441.45964  4.26%   332  215s
 16730  7986  455.92061   57  164  461.08995  442.19713  4.10%   329  221s
 18004  8691  459.06720   55  198  461.08995  442.72870  3.98%   325  228s
 18620  8969  458.44344   49   57  461.08995  442.99211  3.93%   323  231s
 19737  9527  452.87728   49  212  461.08995  443.62408  3.79%   320  237s
 20329  9787  458.44652   52  144  461.08995  443.85497  3.74%   319  240s
 21519 10256  456.89355   68  101  461.08995  444.53331  3.59%   316  247s
 22013 10552  456.86229   52  129  461.08995  445.04040  3.48%   314  250s
 23026 11069  453.25919   49  155  461.08995  445.59950  3.36%   312  256s
 24308 11692  452.20532   46  133  461.08995  445.91011  3.29%   308  262s
 25030 12021 infeasible   41       461.08995  446.09896  3.25%   306  265s
 26185 12689  453.65508   56  111  461.08995  446.55761  3.15%   303  271s
 27531 13396  455.24032  101   58  461.08995  446.75232  3.11%   298  277s
 28067 13513  457.99139   64  159  461.08995  446.83909  3.09%   296  281s
 28970 14205  456.50271   54  191  461.08995  446.98436  3.06%   293  287s
 29618 14560  455.61296   50  137  461.08995  447.14866  3.02%   292  290s
 30971 15322  455.76140   49  124  461.08995  447.28655  2.99%   288  296s
 32226 15913  451.65638   41  164  461.08995  447.42428  2.96%   285  301s
 33200 16595  453.59484   81  174  461.08995  447.53925  2.94%   285  306s
 34377 17057  456.25279   53  107  461.08995  447.74692  2.89%   284  312s
 35301 17618  449.72623   49  174  461.08995  447.84130  2.87%   283  317s
 35762 17867  456.98494   55  157  461.08995  447.87892  2.87%   282  320s
 36785 18255     cutoff   52       461.08995  447.97393  2.84%   282  325s
 37730 18657  458.68783   45  181  461.08995  448.13964  2.81%   281  331s
 38940 19290  452.15850   49  137  461.08995  448.22751  2.79%   279  336s
 40014 19816  455.03693   55  138  461.08995  448.31305  2.77%   278  341s
 41071 20358  458.16500   50  138  461.08995  448.42750  2.75%   278  346s
 42118 20972  460.34322   57  151  461.08995  448.49019  2.73%   277  351s
 43267 21511  457.66719   46  138  461.08995  448.60130  2.71%   276  356s
 44248 22039  457.79951   45  188  461.08995  448.68880  2.69%   275  361s
 45356 22468  455.00745   48  129  461.08995  448.74598  2.68%   274  366s
 46396 23122  458.68252   48   96  461.08995  448.81250  2.66%   274  371s
 47333 23605  452.94283   51  187  461.08995  448.88453  2.65%   274  376s
 48355 23989     cutoff   48       461.08995  448.95466  2.63%   273  381s
 49359 24574 infeasible   48       461.08995  449.03612  2.61%   272  385s
 50360 25037  455.46503   69  106  461.08995  449.09684  2.60%   272  390s
 51419 25603  456.10537   47  175  461.08995  449.16310  2.59%   271  395s
 52388 26020  457.50165   59  108  461.08995  449.23741  2.57%   270  400s
 53834 26527  461.00513   66  111  461.08995  449.36322  2.54%   270  407s
 53986 26691  457.85169   63  156  461.08995  449.36859  2.54%   270  410s
 54735 27154  453.64573   50  130  461.08995  449.45283  2.52%   270  415s
 55682 27540  455.01079   70   98  461.08995  449.50694  2.51%   270  420s

Cutting planes:
  Learned: 1
  Gomory: 8
  Cover: 34
  Implied bound: 88
  Projected implied bound: 12
  Clique: 4
  MIR: 92
  Flow cover: 150
  Inf proof: 28
  Zero half: 26
  RLT: 6
  Relax-and-lift: 33
  BQP: 1

Explored 56170 nodes (15259877 simplex iterations) in 420.00 seconds (1660.43 work units)
Thread count was 4 (of 32 available processors)

Solution count 10: 461.09 461.19 462.568 ... 475.992

Time limit reached
Best objective 4.610899500540e+02, best bound 4.495435760197e+02, gap 2.5041%

User-callback calls 164826, time in user-callback 0.01 sec
Cap boundary reject: PORT-593 real=528.404 baseline=478.396
Set parameter Username
Set parameter LicenseID to value 2738882
Academic license - for non-commercial use only - expires 2026-11-14
Segment 1 eval: start=BOAT-0 end=PORT-581 stations=87 (optimize)
  Segment 1 order: 1 3 4 -25 -5 -6 10 11 143 15 16 17 -18 -13 14 12 -24 -23 -22 -21 19 20 -41 42 43 44 45 46 -396 -47 -40 39 48 49 50 -38 -37 51 -52 59 -57 56 55 -54 -53 66 67 69 -36 -35 -34 -33 -32 -31 -30 -29 -28 -27 -26 93 -92 94 -96 -95 90 91 -89 88 -87 86 -85 -84 -83 -82 -81 -80 79 -78 -77 -70 -76 75 72 73 -74 -71 -68
Segment 2 eval: start=PORT-581 end=PORT-591 stations=58 (optimize)
  Segment 2 order: 65 -63 64 -58 60 61 62 391 392 393 394 395 397 398 399 -400 -401 389 390 388 -387 -386 -385 -402 403 405 406 -407 -404 409 408 -410 411 412 -413 -415 416 -417 425 381 426 -368 -367 -366 -365 364 362 -361 -360 -359 -358 -357 -356 -355 354 -353 348 -363
Segment 3 eval: start=PORT-591 end=PORT-591 stations=111 (optimize)
  Segment 3 order: -346 276 277 278 279 280 281 -556 282 283 -284 555 558 559 -560 561 -562 -554 553 550 551 552 285 286 287 288 289 290 291 292 293 294 -295 296 297 306 -305 -298 299 300 301 302 304 -303 307 308 309 -310 311 312 -313 314 315 316 317 318 319 320 340 341 342 343 344 345 334 335 336 337 338 339 321 322 323 324 325 -327 328 330 -331 -329 -326 349 350 351 352 -373 372 -374 375 376 377 379 380 414 382 384 -383 419 420 421 -423 -422 424 -418 -378 -371 -370 369 332 -333 347
Segment 4 eval: start=PORT-591 end=PORT-593 stations=43 (optimize)
  Segment 4 order: 557 563 564 565 566 567 568 -542 543 540 541 549 548 -547 -546 -545 -544 -539 -538 -537 536 -535 -534 -572 569 570 571 573 574 576 533 -532 -531 -530 -529 -528 -527 577 575 578 -525 526 -524
Segment 5 eval: start=PORT-593 end=PORT-593 stations=19 (optimize)
  Segment 5 order: 430 -434 -433 -432 -431 -429 -428 427 517 518 519 520 521 -580 -579 -523 -522 -516 -515
Segment 6 eval: start=PORT-593 end=PORT-584 stations=33 (optimize)
  Segment 6 order: -512 513 -514 -511 -510 -509 -508 -507 -506 -505 -444 -443 -442 -441 440 -439 437 -436 435 438 445 446 447 448 449 450 451 452 453 457 -456 -455 -454
Segment 7 eval: start=PORT-584 end=PORT-584 stations=7 (optimize)
  Segment 7 order: 482 483 463 -464 -458 459 460
Segment 8 eval: start=PORT-584 end=PORT-584 stations=37 (optimize)
  Segment 8 order: -501 500 502 503 -504 -488 -487 -486 -485 -461 -484 462 -489 490 491 492 -493 477 -480 -481 479 -465 -466 474 -473 -475 -478 -476 -114 494 -113 -112 495 496 497 498 499
Segment 9 eval: start=PORT-584 end=PORT-588 stations=20 (optimize)
  Segment 9 order: 467 468 469 470 -471 472 -122 -121 120 -119 -118 -117 -116 -115 -275 -111 -274 -107 -106 -105
Segment 10 eval: start=PORT-588 end=PORT-588 stations=37 (optimize)
  Segment 10 order: 109 110 -270 -269 -268 264 265 267 266 123 124 125 -126 127 -263 -262 -261 -260 -259 258 128 129 130 -256 257 -255 -254 -252 -253 273 -272 -271 -108 101 102 103 -104
Segment 11 eval: start=PORT-588 end=PORT-583 stations=41 (optimize)
  Segment 11 order: -248 -247 243 244 245 -249 251 -250 -208 -207 -206 -205 131 -204 -203 -202 -199 -198 -200 201 -209 -210 211 -212 197 -196 -195 -194 -193 -192 218 217 -213 214 215 -237 238 239 240 -241 242
Segment 12 eval: start=PORT-583 end=PORT-583 stations=59 (optimize)
  Segment 12 order: 133 134 230 232 233 234 -235 231 -227 -178 -226 -224 225 -222 -221 -236 97 98 99 100 246 216 -220 -219 -191 -189 190 223 -188 -187 -186 -185 -184 -183 -182 -177 171 -170 -169 -168 155 156 157 158 -150 -149 148 -140 -139 151 152 153 154 179 228 229 180 181 132
Segment 13 eval: start=PORT-583 end=BOAT-END stations=28 (optimize)
  Segment 13 order: -135 136 -137 -2 7 138 141 8 9 142 144 145 146 147 161 -160 159 163 -162 164 165 166 167 172 173 174 175 -176
Cap boundary debug: PORT-593 -> [445 446 447 507 508 509 510 511 514 513 512 436 435 438 437 439 440 441 442 443 444 506 505 449 448 450 451 453 452 454 455 456 457] -> PORT-584 -> [458 459 460 464 482 483 463] -> PORT-584 | load_left=42659 load_right=41773 cap=45000
Set parameter Username
Set parameter LicenseID to value 2738882
Academic license - for non-commercial use only - expires 2026-11-14
Set parameter TimeLimit to value 420
Set parameter Seed to value 742146128
Set parameter Threads to value 4
Set parameter OutputFlag to value 1
Set parameter LogToConsole to value 1
Set parameter LazyConstraints to value 1
Gurobi Optimizer version 13.0.0 build v13.0.0rc1 (linux64 - "Debian GNU/Linux 13 (trixie)")

CPU model: AMD Ryzen 9 5950X 16-Core Processor, instruction set [SSE2|AVX|AVX2]
Thread count: 16 physical cores, 32 logical processors, using up to 4 threads

Non-default parameters:
TimeLimit  420
Seed  742146128
Threads  4
LazyConstraints  1

Optimize a model with 7882 rows, 21168 columns and 42324 nonzeros (Min)
Model fingerprint: 0x77c4c386
Model has 6884 linear objective coefficients
Variable types: 14112 continuous, 7056 integer (7056 binary)
Coefficient statistics:
  Matrix range     [1e+00, 4e+04]
  Objective range  [4e-01, 1e+02]
  Bounds range     [1e+00, 4e+04]
  RHS range        [1e+00, 2e+04]
Presolve removed 914 rows and 7598 columns
Presolve time: 0.06s
Presolved: 6968 rows, 13570 columns, 40653 nonzeros
Variable types: 6640 continuous, 6930 integer (6930 binary)

Root relaxation: objective 3.955298e+02, 13818 iterations, 0.77 seconds (2.33 work units)

    Nodes    |    Current Node    |     Objective Bounds      |     Work
 Expl Unexpl |  Obj  Depth IntInf | Incumbent    BestBd   Gap | It/Node Time

     0     0  395.52985    0  141          -  395.52985      -     -    0s
H    0     0                    1637.2603127  395.52985  75.8%     -    0s
H    0     0                     572.6114490  395.52985  30.9%     -    1s
H    0     0                     544.8292368  395.52985  27.4%     -    1s
H    0     0                     532.9419099  395.52985  25.8%     -    1s
H    0     0                     519.9033896  395.52985  23.9%     -    1s
H    0     0                     518.6856428  395.52985  23.7%     -    1s
H    0     0                     517.0576982  395.52985  23.5%     -    1s
     0     0  396.74174    0  161  517.05770  396.74174  23.3%     -    2s
H    0     0                     513.2813601  396.74174  22.7%     -    2s
H    0     0                     498.4505977  396.74174  20.4%     -    2s
H    0     0                     490.2046604  396.74174  19.1%     -    2s
H    0     0                     485.5759821  396.74174  18.3%     -    2s
     0     0  396.74174    0  161  485.57598  396.74174  18.3%     -    2s
     0     0  398.03123    0  174  485.57598  398.03123  18.0%     -    3s
     0     0  398.20337    0  174  485.57598  398.20337  18.0%     -    3s
     0     0  398.20337    0  171  485.57598  398.20337  18.0%     -    3s
     0     0  398.20945    0  175  485.57598  398.20945  18.0%     -    4s
     0     0  398.21222    0  173  485.57598  398.21222  18.0%     -    4s
     0     0  398.21227    0  173  485.57598  398.21227  18.0%     -    4s
     0     0  398.30951    0  167  485.57598  398.30951  18.0%     -    5s
     0     0  398.32371    0  169  485.57598  398.32371  18.0%     -    5s
     0     0  398.32371    0  170  485.57598  398.32371  18.0%     -    5s
     0     0  398.49919    0  167  485.57598  398.49919  17.9%     -    5s
     0     0  398.49924    0  170  485.57598  398.49924  17.9%     -    5s
     0     0  398.64857    0  173  485.57598  398.64857  17.9%     -    5s
     0     0  398.66105    0  170  485.57598  398.66105  17.9%     -    5s
     0     0  398.80250    0  178  485.57598  398.80250  17.9%     -    5s
     0     0  398.80276    0  182  485.57598  398.80276  17.9%     -    5s
     0     0  398.82086    0  179  485.57598  398.82086  17.9%     -    6s
     0     0  398.84109    0  180  485.57598  398.84109  17.9%     -    6s
     0     0  398.84196    0  180  485.57598  398.84196  17.9%     -    6s
     0     0  398.84768    0  183  485.57598  398.84768  17.9%     -    6s
     0     0  398.84945    0  182  485.57598  398.84945  17.9%     -    6s
     0     0  398.90088    0  175  485.57598  398.90088  17.8%     -    6s
     0     0  399.06752    0  167  485.57598  399.06752  17.8%     -    7s
     0     0  399.06842    0  170  485.57598  399.06842  17.8%     -    7s
     0     0  399.06863    0  171  485.57598  399.06863  17.8%     -    7s
     0     0  399.08352    0  178  485.57598  399.08352  17.8%     -    7s
     0     0  399.08629    0  175  485.57598  399.08629  17.8%     -    7s
     0     0  399.11338    0  177  485.57598  399.11338  17.8%     -    7s
     0     0  399.12019    0  179  485.57598  399.12019  17.8%     -    7s
     0     0  399.12697    0  178  485.57598  399.12697  17.8%     -    7s
     0     0  399.13453    0  178  485.57598  399.13453  17.8%     -    7s
     0     0  399.13453    0  178  485.57598  399.13453  17.8%     -    8s
     0     0  399.13708    0  179  485.57598  399.13708  17.8%     -    8s
     0     0  399.13708    0  179  485.57598  399.13708  17.8%     -    8s
     0     0  399.13708    0  179  485.57598  399.13708  17.8%     -    8s
     0     0  399.13708    0  174  485.57598  399.13708  17.8%     -    8s
     0     2  404.08387    0  174  485.57598  404.08387  16.8%     -    8s
   111   124  404.83811   15  156  485.57598  404.08387  16.8%   155   10s
H  435   452                     485.2315910  404.08387  16.7%   133   11s
  1128  1157  423.57653  339  103  485.23159  404.08387  16.7%   114   15s
H 1267  1270                     484.6151752  404.08387  16.6%   110   15s
  2887  2914  457.44029  469   71  484.61518  404.08387  16.6%   103   20s
  2968  2917  424.63341  309  169  484.61518  410.66927  15.3%   106   25s
  2985  2928  428.09315  222  199  484.61518  413.20830  14.7%   106   30s
  2992  2933  423.54845  170  216  484.61518  413.73172  14.6%   106   35s
  3054  2980  420.69376   17  178  484.61518  414.11312  14.5%   123   40s
  3156  3048  426.90919   34  105  484.61518  414.11312  14.5%   142   45s
  3356  3126  438.59673   74   54  484.61518  414.11312  14.5%   165   50s
H 3540  3015                     484.5908830  414.38169  14.5%   181   53s
  3627  3073  460.14297   37   97  484.59088  414.38169  14.5%   189   55s
  3965  3124  446.82549   80   96  484.59088  414.38169  14.5%   199   60s
  4887  3389  425.54791   31  142  484.59088  415.76546  14.2%   190   65s
  5754  3645  455.03467   24  114  484.59088  416.44693  14.1%   188   70s
  6633  4010  423.37788   19  153  484.59088  417.21822  13.9%   195   75s
  7567  4392  473.16254   31   96  484.59088  417.55170  13.8%   191   80s
  8363  4679  440.47495   64  113  484.59088  417.67161  13.8%   194   85s
  9166  4932  433.27218   32  132  484.59088  418.05543  13.7%   196   90s
 10012  5311  456.88799   40  148  484.59088  418.60729  13.6%   198   95s
 10863  5539  463.82089   26  132  484.59088  418.77514  13.6%   195  100s
 12498  6494  449.26597   47   78  484.59088  419.20944  13.5%   191  107s
 13872  7523  421.54758   21  160  484.59088  419.67914  13.4%   189  112s
 15029  8236  426.69998   24  132  484.59088  419.94619  13.3%   187  117s
 15481  8604  423.14690   21  132  484.59088  419.97653  13.3%   188  120s
 16577  9002  447.96604   23  162  484.59088  420.58394  13.2%   189  126s
 17227  9822  423.83737   17  163  484.59088  420.65335  13.2%   187  131s
 18071 10492  457.07642   91  114  484.59088  420.75740  13.2%   185  136s
 19038 11109  475.26037   99  115  484.59088  420.97648  13.1%   187  141s
 20031 11782  461.22838   60   60  484.59088  421.12525  13.1%   187  146s
 21026 12633  439.33550   54  131  484.59088  421.26195  13.1%   187  151s
 21939 13063  466.58555   38  147  484.59088  421.43768  13.0%   189  155s
 22778 13633  439.09132   32  105  484.59088  421.44765  13.0%   193  160s
 23954 14286  457.83854   32   99  484.59088  421.73687  13.0%   192  165s
 25175 14998  444.09667   26  158  484.59088  421.90800  12.9%   192  172s
 26350 15824  442.29821   37  111  484.59088  422.06041  12.9%   190  176s
 27203 16393  473.37685   22   87  484.59088  422.15551  12.9%   191  181s
 28167 17013  440.12660   52  118  484.59088  422.37659  12.8%   191  185s
 29163 17556  432.26993   25  173  484.59088  422.45878  12.8%   191  190s
 30005 18107  450.87870   46  127  484.59088  422.54642  12.8%   192  195s
 31433 18881     cutoff   51       484.59088  422.86477  12.7%   193  201s
 32355 19476  435.09537   43  115  484.59088  422.98367  12.7%   193  206s
 33189 20006  462.58728   38  134  484.59088  423.11618  12.7%   193  210s
 33899 20488  448.94566   44  128  484.59088  423.22675  12.7%   194  215s
 35074 21181  454.58441   41   84  484.59088  423.35620  12.6%   195  221s
 35949 21712  459.24373   32  152  484.59088  423.52176  12.6%   196  226s
 36840 22240     cutoff   32       484.59088  423.64924  12.6%   196  230s
 37637 22927  451.21291   29   79  484.59088  423.73808  12.6%   196  235s
 38705 23500  432.35288   25  115  484.59088  423.83471  12.5%   196  240s
 40096 24355  454.44148   33  116  484.59088  423.96698  12.5%   195  246s
 40986 24957  449.13815   60  100  484.59088  424.07583  12.5%   195  251s
 41828 25458  455.00501   31  132  484.59088  424.15439  12.5%   196  255s
 42612 25988  482.69362   72   94  484.59088  424.22761  12.5%   196  260s
H42876 25965                     484.1679325  424.22761  12.4%   196  260s
 43299 26355  446.56049   30  136  484.16793  424.32743  12.4%   196  265s
 44274 26921  476.83338   50  104  484.16793  424.41263  12.3%   195  270s
 45085 27519  478.97439   64   85  484.16793  424.47692  12.3%   195  275s
H46305 27960                     483.1127464  424.60802  12.1%   195  279s
 46541 28322  435.99872   27  134  483.11275  424.65441  12.1%   195  281s
 47461 28862  442.78467   28  138  483.11275  424.72023  12.1%   194  286s
 48248 29227  441.61361   60   71  483.11275  424.77266  12.1%   194  290s
 48942 29708  456.37319  103   95  483.11275  424.79457  12.1%   195  295s
 50281 30401  453.06646   30  119  483.11275  424.92640  12.0%   197  301s
 51224 30933  428.13595   24  132  483.11275  424.98835  12.0%   197  305s
 52188 31488  430.99853   29  145  483.11275  425.05540  12.0%   197  310s
 52883 31823  431.45969   23  166  483.11275  425.10983  12.0%   197  315s
 54075 32553  455.48081   28  101  483.11275  425.20511  12.0%   197  321s
 54935 33029     cutoff   30       483.11275  425.26024  12.0%   197  326s
 55735 33462  449.75385   33  155  483.11275  425.32462  12.0%   197  330s
 56587 33920  462.42854   67  133  483.11275  425.38978  11.9%   197  335s
 57847 34640  426.30568   20  124  483.11275  425.47241  11.9%   197  341s
 58675 35189  430.85603   27  156  483.11275  425.53189  11.9%   197  345s
 59566 35702  451.14291   38  108  483.11275  425.59130  11.9%   197  350s
 61048 36561     cutoff   33       483.11275  425.69370  11.9%   197  356s
 62211 37196  451.88366   41  116  483.11275  425.74095  11.9%   196  361s
 63143 37682  477.35477   32   88  483.11275  425.80091  11.9%   196  365s
 64596 38554  441.81710   28  158  483.11275  425.89901  11.8%   195  371s
 65553 39026  480.84244   41   87  483.11275  425.99057  11.8%   195  375s
 66996 39866  447.97406   37   76  483.11275  426.08742  11.8%   195  381s
 68026 40363  456.54491   47  110  483.11275  426.14628  11.8%   195  385s
 69011 40857  433.52869   29  101  483.11275  426.20725  11.8%   194  390s
 70162 41419  447.15702   41  105  483.11275  426.26182  11.8%   195  396s
 70955 41823  458.77313   22  130  483.11275  426.32572  11.8%   195  400s
 72027 42357  436.55077   27  137  483.11275  426.38040  11.7%   196  406s
 72603 42689     cutoff   51       483.11275  426.43320  11.7%   197  410s
 73828 43284  446.51621   33  102  483.11275  426.50373  11.7%   198  416s
 74433 43551  478.21810   40   89  483.11275  426.54028  11.7%   199  420s

Cutting planes:
  Gomory: 1
  Lift-and-project: 6
  Cover: 29
  Implied bound: 156
  Projected implied bound: 13
  MIR: 135
  Flow cover: 121
  GUB cover: 2
  Inf proof: 11
  Zero half: 10
  RLT: 14
  Relax-and-lift: 44
  BQP: 8

Explored 74674 nodes (14896797 simplex iterations) in 420.00 seconds (1908.27 work units)
Thread count was 4 (of 32 available processors)

Solution count 10: 483.113 484.168 484.591 ... 517.058

Time limit reached
Best objective 4.831127464373e+02, best bound 4.265615220010e+02, gap 11.7056%

User-callback calls 208513, time in user-callback 0.01 sec
Cap boundary opt: PORT-584 stations=40 obj=483.113 real=483.113 baseline=488.980
Set parameter Username
Set parameter LicenseID to value 2738882
Academic license - for non-commercial use only - expires 2026-11-14
Segment 1 eval: start=BOAT-0 end=PORT-581 stations=87 (optimize)
  Segment 1 order: 1 3 4 -25 -5 -6 10 11 143 15 16 17 -18 -13 14 12 -24 -23 -22 -21 19 20 -41 42 43 44 45 46 -396 -47 -40 39 48 49 50 -38 -37 51 -52 59 -57 56 55 -54 -53 66 67 69 -36 -35 -34 -33 -32 -31 -30 -29 -28 -27 -26 93 -92 94 -96 -95 90 91 -89 88 -87 86 -85 -84 -83 -82 -81 -80 79 -78 -77 -70 -76 75 72 73 -74 -71 -68
Segment 2 eval: start=PORT-581 end=PORT-591 stations=58 (optimize)
  Segment 2 order: 65 -63 64 -58 60 61 62 391 392 393 394 395 397 398 399 -400 -401 389 390 388 -387 -386 -385 -402 403 405 406 -407 -404 409 408 -410 411 412 -413 -415 416 -417 425 381 426 -368 -367 -366 -365 364 362 -361 -360 -359 -358 -357 -356 -355 354 -353 348 -363
Segment 3 eval: start=PORT-591 end=PORT-591 stations=111 (optimize)
  Segment 3 order: -346 276 277 278 279 280 281 -556 282 283 -284 555 558 559 -560 561 -562 -554 553 550 551 552 285 286 287 288 289 290 291 292 293 294 -295 296 297 306 -305 -298 299 300 301 302 304 -303 307 308 309 -310 311 312 -313 314 315 316 317 318 319 320 340 341 342 343 344 345 334 335 336 337 338 339 321 322 323 324 325 -327 328 330 -331 -329 -326 349 350 351 352 -373 372 -374 375 376 377 379 380 414 382 384 -383 419 420 421 -423 -422 424 -418 -378 -371 -370 369 332 -333 347
Segment 4 eval: start=PORT-591 end=PORT-593 stations=43 (optimize)
  Segment 4 order: 557 563 564 565 566 567 568 -542 543 540 541 549 548 -547 -546 -545 -544 -539 -538 -537 536 -535 -534 -572 569 570 571 573 574 576 533 -532 -531 -530 -529 -528 -527 577 575 578 -525 526 -524
Segment 5 eval: start=PORT-593 end=PORT-593 stations=19 (optimize)
  Segment 5 order: 430 -434 -433 -432 -431 -429 -428 427 517 518 519 520 521 -580 -579 -523 -522 -516 -515
Segment 6 eval: start=PORT-593 end=PORT-584 stations=31 (optimize)
  Segment 6 order: -512 513 -514 -511 -510 -509 -508 -507 -506 -505 -444 -443 -442 -441 440 -439 437 -436 435 438 445 446 447 448 449 450 451 452 453 -455 -454
Segment 7 eval: start=PORT-584 end=PORT-584 stations=9 (optimize)
  Segment 7 order: 482 483 463 -464 -460 -459 -458 -457 -456
Segment 8 eval: start=PORT-584 end=PORT-584 stations=37 (optimize)
  Segment 8 order: -501 500 502 503 -504 -488 -487 -486 -485 -461 -484 462 -489 490 491 492 -493 477 -480 -481 479 -465 -466 474 -473 -475 -478 -476 -114 494 -113 -112 495 496 497 498 499
Segment 9 eval: start=PORT-584 end=PORT-588 stations=20 (optimize)
  Segment 9 order: 467 468 469 470 -471 472 -122 -121 120 -119 -118 -117 -116 -115 -275 -111 -274 -107 -106 -105
Segment 10 eval: start=PORT-588 end=PORT-588 stations=37 (optimize)
  Segment 10 order: 109 110 -270 -269 -268 264 265 267 266 123 124 125 -126 127 -263 -262 -261 -260 -259 258 128 129 130 -256 257 -255 -254 -252 -253 273 -272 -271 -108 101 102 103 -104
Segment 11 eval: start=PORT-588 end=PORT-583 stations=41 (optimize)
  Segment 11 order: -248 -247 243 244 245 -249 251 -250 -208 -207 -206 -205 131 -204 -203 -202 -199 -198 -200 201 -209 -210 211 -212 197 -196 -195 -194 -193 -192 218 217 -213 214 215 -237 238 239 240 -241 242
Segment 12 eval: start=PORT-583 end=PORT-583 stations=59 (optimize)
  Segment 12 order: 133 134 230 232 233 234 -235 231 -227 -178 -226 -224 225 -222 -221 -236 97 98 99 100 246 216 -220 -219 -191 -189 190 223 -188 -187 -186 -185 -184 -183 -182 -177 171 -170 -169 -168 155 156 157 158 -150 -149 148 -140 -139 151 152 153 154 179 228 229 180 181 132
Segment 13 eval: start=PORT-583 end=BOAT-END stations=28 (optimize)
  Segment 13 order: -135 136 -137 -2 7 138 141 8 9 142 144 145 146 147 161 -160 159 163 -162 164 165 166 167 172 173 174 175 -176
Cap boundary debug: PORT-584 -> [482 483 463 464 460 459 458 457 456] -> PORT-584 -> [484 462 461 485 486 487 488 489 490 491 492 493 114 112 113 494 495 496 497 499 498 500 501 502 503 504 473 474 475 477 476 478 479 481 480 465 466] -> PORT-584 | load_left=44111 load_right=37457 cap=45000
Set parameter Username
Set parameter LicenseID to value 2738882
Academic license - for non-commercial use only - expires 2026-11-14
Set parameter TimeLimit to value 420
Set parameter Seed to value 649011910
Set parameter Threads to value 4
Set parameter OutputFlag to value 1
Set parameter LogToConsole to value 1
Set parameter LazyConstraints to value 1
Gurobi Optimizer version 13.0.0 build v13.0.0rc1 (linux64 - "Debian GNU/Linux 13 (trixie)")

CPU model: AMD Ryzen 9 5950X 16-Core Processor, instruction set [SSE2|AVX|AVX2]
Thread count: 16 physical cores, 32 logical processors, using up to 4 threads

Non-default parameters:
TimeLimit  420
Seed  649011910
Threads  4
LazyConstraints  1

Optimize a model with 10162 rows, 27648 columns and 55284 nonzeros (Min)
Model fingerprint: 0x2767b120
Model has 9016 linear objective coefficients
Variable types: 18432 continuous, 9216 integer (9216 binary)
Coefficient statistics:
  Matrix range     [1e+00, 4e+04]
  Objective range  [4e-01, 1e+02]
  Bounds range     [1e+00, 4e+04]
  RHS range        [1e+00, 2e+04]
Presolve removed 1046 rows and 9836 columns
Presolve time: 0.08s
Presolved: 9116 rows, 17812 columns, 53346 nonzeros
Variable types: 8740 continuous, 9072 integer (9072 binary)

Root relaxation: objective 3.864441e+02, 21310 iterations, 1.37 seconds (4.11 work units)

    Nodes    |    Current Node    |     Objective Bounds      |     Work
 Expl Unexpl |  Obj  Depth IntInf | Incumbent    BestBd   Gap | It/Node Time

     0     0  386.44413    0  186          -  386.44413      -     -    1s
H    0     0                     528.0368732  386.44413  26.8%     -    2s
H    0     0                     503.2729815  386.44413  23.2%     -    2s
H    0     0                     500.1153683  386.44413  22.7%     -    2s
     0     0  386.44413    0  186  500.11537  386.44413  22.7%     -    4s
     0     0  389.39039    0  227  500.11537  389.39039  22.1%     -    5s
H    0     0                     499.8131862  389.43756  22.1%     -    5s
H    0     0                     498.2203494  389.43756  21.8%     -    5s
H    0     0                     466.0988103  389.43756  16.4%     -    6s
     0     0  389.43756    0  228  466.09881  389.43756  16.4%     -    8s
     0     0  389.43756    0  228  466.09881  389.43756  16.4%     -    8s
     0     0  390.82562    0  228  466.09881  390.82562  16.1%     -    9s
     0     0  390.84269    0  231  466.09881  390.84269  16.1%     -    9s
     0     0  390.84269    0  231  466.09881  390.84269  16.1%     -    9s
     0     0  392.12673    0  236  466.09881  392.12673  15.9%     -    9s
     0     0  392.16641    0  236  466.09881  392.16641  15.9%     -    9s
     0     0  392.73302    0  223  466.09881  392.73302  15.7%     -   10s
     0     0  392.73972    0  214  466.09881  392.73972  15.7%     -   10s
     0     0  392.73972    0  215  466.09881  392.73972  15.7%     -   10s
     0     0  392.84672    0  214  466.09881  392.84672  15.7%     -   10s
     0     0  392.91894    0  226  466.09881  392.91894  15.7%     -   10s
     0     0  392.91906    0  225  466.09881  392.91906  15.7%     -   10s
     0     0  392.97127    0  251  466.09881  392.97127  15.7%     -   11s
     0     0  392.97702    0  252  466.09881  392.97702  15.7%     -   11s
     0     0  392.97756    0  257  466.09881  392.97756  15.7%     -   11s
     0     0  393.33090    0  250  466.09881  393.33090  15.6%     -   11s
     0     0  393.33765    0  242  466.09881  393.33765  15.6%     -   11s
     0     0  393.33968    0  243  466.09881  393.33968  15.6%     -   11s
     0     0  393.34096    0  243  466.09881  393.34096  15.6%     -   11s
     0     0  393.40266    0  235  466.09881  393.40266  15.6%     -   12s
     0     0  393.40406    0  242  466.09881  393.40406  15.6%     -   12s
     0     0  393.68281    0  225  466.09881  393.68281  15.5%     -   12s
     0     0  393.70736    0  225  466.09881  393.70736  15.5%     -   12s
     0     0  393.71072    0  228  466.09881  393.71072  15.5%     -   12s
     0     0  393.71076    0  230  466.09881  393.71076  15.5%     -   12s
     0     0  393.73500    0  241  466.09881  393.73500  15.5%     -   13s
     0     0  393.74664    0  236  466.09881  393.74664  15.5%     -   13s
     0     0  393.74664    0  238  466.09881  393.74664  15.5%     -   13s
     0     0  393.85408    0  236  466.09881  393.85408  15.5%     -   13s
     0     0  393.86284    0  235  466.09881  393.86284  15.5%     -   13s
     0     0  394.06909    0  236  466.09881  394.06909  15.5%     -   14s
     0     0  394.06910    0  237  466.09881  394.06910  15.5%     -   14s
     0     0  394.25462    0  241  466.09881  394.25462  15.4%     -   14s
     0     0  394.29775    0  241  466.09881  394.29775  15.4%     -   14s
     0     0  394.29848    0  251  466.09881  394.29848  15.4%     -   14s
     0     0  394.49040    0  245  466.09881  394.49040  15.4%     -   15s
     0     0  394.77471    0  256  466.09881  394.77471  15.3%     -   15s
     0     0  394.79326    0  262  466.09881  394.79326  15.3%     -   15s
     0     0  394.79425    0  262  466.09881  394.79425  15.3%     -   15s
     0     0  394.84013    0  271  466.09881  394.84013  15.3%     -   16s
     0     0  394.85984    0  270  466.09881  394.85984  15.3%     -   16s
     0     0  394.86380    0  268  466.09881  394.86380  15.3%     -   16s
     0     0  394.86392    0  270  466.09881  394.86392  15.3%     -   16s
     0     0  394.90314    0  273  466.09881  394.90314  15.3%     -   16s
     0     0  394.91261    0  274  466.09881  394.91261  15.3%     -   16s
     0     0  394.91418    0  277  466.09881  394.91418  15.3%     -   16s
     0     0  394.91972    0  276  466.09881  394.91972  15.3%     -   17s
     0     0  394.92026    0  275  466.09881  394.92026  15.3%     -   17s
     0     0  394.92836    0  278  466.09881  394.92836  15.3%     -   17s
     0     0  394.92948    0  278  466.09881  394.92948  15.3%     -   17s
     0     0  394.92948    0  273  466.09881  394.92948  15.3%     -   17s
     0     2  394.93065    0  272  466.09881  394.93065  15.3%     -   18s
H   12    16                     465.9072902  395.18897  15.2%   417   18s
H   13    16                     460.9160047  395.18897  14.3%   395   18s
    40    49  401.94839   12  228  460.91600  395.18897  14.3%   369   20s
H  138   143                     460.7244845  395.18897  14.2%   214   22s
   335   365  405.64888  100  161  460.72448  395.18897  14.2%   200   25s
H  713   715                     459.9991968  395.18897  14.1%   166   27s
  1078  1174  423.08995  343   90  459.99920  395.18897  14.1%   142   30s
H 2559  2541                     459.7857553  395.34053  14.0%  96.0   34s
  2563  2635  397.90938    7  202  459.78576  395.34053  14.0%  96.6   35s
  2789  2760  402.90416   46  273  459.78576  395.60077  14.0%  98.8   40s
H 2791  2622                     459.1986043  395.60077  13.8%  98.8   46s
H 2791  2491                     458.8633983  395.60077  13.8%  98.8   46s
  2805  2501  434.67838  483  255  458.86340  398.47466  13.2%  98.3   50s
  2814  2507  404.13524   87  271  458.86340  400.02359  12.8%  98.0   55s
  2826  2515  402.79378   18  270  458.86340  402.06095  12.4%  97.5   60s
  2833  2519  443.74641  624  295  458.86340  402.13667  12.4%  97.3   65s
  2843  2526  434.00635  468  314  458.86340  402.27577  12.3%  97.0   70s
  2849  2530  434.76103  583  313  458.86340  402.37808  12.3%  96.8   75s
  2860  2537  419.89143  266  316  458.86340  402.45234  12.3%  96.4   80s
  2867  2542  436.95024  269  315  458.86340  402.53611  12.3%  96.2   87s
  2874  2548  433.99253  256  190  458.86340  402.55095  12.3%   116   93s
  2875  2549  407.87567  111  221  458.86340  402.55095  12.3%   116   96s
  2886  2556  431.75549  460  303  458.86340  402.93917  12.2%   116  100s
  2895  2562  406.95718  104  301  458.86340  403.29479  12.1%   116  106s
  2900  2566  439.60056  299  298  458.86340  403.63365  12.0%   115  110s
  2907  2570  439.10062  665  297  458.86340  404.97747  11.7%   115  115s
  2919  2578  422.22356  318  314  458.86340  405.40746  11.6%   115  120s
  2926  2583  405.57762   18  313  458.86340  405.57762  11.6%   114  126s
  2935  2589  436.62554  520  314  458.86340  405.71343  11.6%   114  130s
H 2943  2463                     458.1095016  406.20982  11.3%   114  132s
  2953  2471  411.33675   88  185  458.10950  406.23646  11.3%   132  136s
  2963  2478  434.40721  517  306  458.10950  406.24483  11.3%   132  140s
  2969  2482  440.22379  596  300  458.10950  406.33270  11.3%   132  145s
  2973  2485  426.09191  435  307  458.10950  406.33270  11.3%   131  151s
H 2974  2362                     455.5558389  406.33270  10.8%   141  152s
H 2977  2248                     452.4729393  406.76002  10.1%   141  153s
H 2984  2138                     451.7739597  406.89829  9.93%   142  154s
  3000  2153  411.91531   43  238  451.77396  406.89829  9.93%   145  155s
H 3097  2079                     451.0486720  406.89829  9.79%   155  160s
  3198  2103  419.44555   67  195  451.04867  406.89829  9.79%   160  165s
  3349  2171  425.58951   91  167  451.04867  406.92073  9.78%   176  170s
  3530  2247  434.34926  119  115  451.04867  406.92073  9.78%   188  175s
  3723  2272  409.73698   45  240  451.04867  406.92073  9.78%   199  180s
H 3907  2166                     451.0486691  408.15668  9.51%   211  183s
  3976  2196  412.59890   63  198  451.04867  408.15668  9.51%   215  185s
H 4041  2101                     451.0486678  408.15668  9.51%   220  187s
  4315  2136  439.56646   84  194  451.04867  408.15668  9.51%   223  191s
  4625  2173  416.40372  105  161  451.04867  409.12283  9.30%   225  195s
  4996  2374  443.77224  142  139  451.04867  409.76186  9.15%   233  201s
  5489  2527  422.81377  186  160  451.04867  409.76186  9.15%   231  206s
  5854  2575  424.46259  215  159  451.04867  409.76186  9.15%   227  210s
  6430  2747  427.17159  295  132  451.04867  409.76186  9.15%   228  216s
  6972  2872  431.21041  362  125  451.04867  409.76186  9.15%   222  220s
  8221  3341  445.96671  558  112  451.04867  410.26587  9.04%   205  227s
  9601  4494  419.80469  111  163  451.04867  410.50357  8.99%   185  232s
 10311  5286  427.98252  296  140  451.04867  410.50357  8.99%   176  235s
 12066  6324  446.05492  275  172  451.04867  410.50357  8.99%   161  241s
 12955  7219  431.91288  117  188  451.04867  411.26516  8.82%   160  248s
 13450  7821  438.84124  260  172  451.04867  411.26516  8.82%   158  252s
 14144  8474  417.65725   48  247  451.04867  411.44390  8.78%   155  256s
 15318  9201  416.42805   60  187  451.04867  412.00352  8.66%   151  263s
 15830  9612  419.15181   52  260  451.04867  412.33356  8.58%   151  266s
 16729  9922  434.07445   93  173  451.04867  412.45075  8.56%   153  273s
 17289  9959  417.32335   48  221  451.04867  412.45075  8.56%   154  277s
 17341 10274  422.29318   59  228  451.04867  412.57733  8.53%   155  280s
 18214 10933  429.41475   71  168  451.04867  412.58406  8.53%   157  287s
 18693 11452  423.52216   87  200  451.04867  412.58406  8.53%   157  290s
 20217 12165  446.73046  515   90  451.04867  412.58406  8.53%   153  297s
 20641 12350  436.18034   79  193  451.04867  412.59191  8.53%   154  301s
 21455 12889  415.42972   52  191  451.04867  412.86962  8.46%   155  307s
 21711 12989  415.77703   43  245  451.04867  412.89782  8.46%   157  310s
 23053 14299  434.43311  403  117  451.04867  412.96122  8.44%   153  316s
 23971 14947  423.15704   69  168  451.04867  413.03058  8.43%   154  322s
 24573 15142  439.65016  276  134  451.04867  413.03058  8.43%   153  326s
 25272 15694  434.78208  129  154  451.04867  413.11099  8.41%   154  332s
 25763 16141  426.29927  193  179  451.04867  413.11099  8.41%   154  335s
 27052 16886  438.18024  166  112  451.04867  413.11099  8.41%   152  341s
 28018 17625  418.98678   74  167  451.04867  413.22359  8.39%   152  347s
 28540 17921  420.79157   91  182  451.04867  413.22359  8.39%   152  350s
 29314 18280  423.47080  133  180  451.04867  413.22359  8.39%   153  356s
 30152 18749  446.43032  163  149  451.04867  413.22359  8.39%   154  362s
 30623 19138  425.64780  179  171  451.04867  413.31035  8.37%   154  365s
 31524 19927  428.10306  245  151  451.04867  413.31035  8.37%   154  371s
 32860 20901  418.73081   54  208  451.04867  413.50721  8.32%   152  377s
 33473 21371  436.98696  252  146  451.04867  413.50721  8.32%   151  380s
 34375 21769  422.44057  105  195  451.04867  413.60152  8.30%   151  386s
 35002 22491  424.09195  138  196  451.04867  413.67147  8.29%   152  392s
 35531 22820  433.92706  154  174  451.04867  413.71747  8.28%   152  395s
 36358 23433  427.98027  204  180  451.04867  413.71747  8.28%   152  401s
 36980 23781  431.92959  270  134  451.04867  413.82002  8.25%   153  406s
 38148 24780  440.09961  160  140  451.04867  413.93305  8.23%   151  412s
 39111 25356  428.08209  111  180  451.04867  413.97743  8.22%   149  415s
 40444 26202  437.69229   56  186  451.04867  414.03689  8.21%   147  420s

Cutting planes:
  Gomory: 2
  Cover: 18
  Implied bound: 120
  Projected implied bound: 12
  MIR: 166
  Mixing: 1
  Flow cover: 169
  Inf proof: 1
  Zero half: 15
  RLT: 4
  Relax-and-lift: 25
  BQP: 5
  Lazy constraints: 3

Explored 40712 nodes (6006179 simplex iterations) in 420.00 seconds (1499.23 work units)
Thread count was 4 (of 32 available processors)

Solution count 10: 451.049 451.049 451.774 ... 459.999

Time limit reached
Warning: max constraint violation (8.4024e-03) exceeds tolerance
         (model may be infeasible or unbounded - try turning presolve off)
Best objective 4.510486678189e+02, best bound 4.140497285450e+02, gap 8.2029%

User-callback calls 129833, time in user-callback 0.01 sec
Cap boundary opt: PORT-584 stations=46 obj=451.049 real=451.049 baseline=499.919
Set parameter Username
Set parameter LicenseID to value 2738882
Academic license - for non-commercial use only - expires 2026-11-14
Segment 1 eval: start=BOAT-0 end=PORT-581 stations=87 (optimize)
  Segment 1 order: 1 3 4 -25 -5 -6 10 11 143 15 16 17 -18 -13 14 12 -24 -23 -22 -21 19 20 -41 42 43 44 45 46 -396 -47 -40 39 48 49 50 -38 -37 51 -52 59 -57 56 55 -54 -53 66 67 69 -36 -35 -34 -33 -32 -31 -30 -29 -28 -27 -26 93 -92 94 -96 -95 90 91 -89 88 -87 86 -85 -84 -83 -82 -81 -80 79 -78 -77 -70 -76 75 72 73 -74 -71 -68
Segment 2 eval: start=PORT-581 end=PORT-591 stations=58 (optimize)
  Segment 2 order: 65 -63 64 -58 60 61 62 391 392 393 394 395 397 398 399 -400 -401 389 390 388 -387 -386 -385 -402 403 405 406 -407 -404 409 408 -410 411 412 -413 -415 416 -417 425 381 426 -368 -367 -366 -365 364 362 -361 -360 -359 -358 -357 -356 -355 354 -353 348 -363
Segment 3 eval: start=PORT-591 end=PORT-591 stations=111 (optimize)
  Segment 3 order: -346 276 277 278 279 280 281 -556 282 283 -284 555 558 559 -560 561 -562 -554 553 550 551 552 285 286 287 288 289 290 291 292 293 294 -295 296 297 306 -305 -298 299 300 301 302 304 -303 307 308 309 -310 311 312 -313 314 315 316 317 318 319 320 340 341 342 343 344 345 334 335 336 337 338 339 321 322 323 324 325 -327 328 330 -331 -329 -326 349 350 351 352 -373 372 -374 375 376 377 379 380 414 382 384 -383 419 420 421 -423 -422 424 -418 -378 -371 -370 369 332 -333 347
Segment 4 eval: start=PORT-591 end=PORT-593 stations=43 (optimize)
  Segment 4 order: 557 563 564 565 566 567 568 -542 543 540 541 549 548 -547 -546 -545 -544 -539 -538 -537 536 -535 -534 -572 569 570 571 573 574 576 533 -532 -531 -530 -529 -528 -527 577 575 578 -525 526 -524
Segment 5 eval: start=PORT-593 end=PORT-593 stations=19 (optimize)
  Segment 5 order: 430 -434 -433 -432 -431 -429 -428 427 517 518 519 520 521 -580 -579 -523 -522 -516 -515
Segment 6 eval: start=PORT-593 end=PORT-584 stations=31 (optimize)
  Segment 6 order: -512 513 -514 -511 -510 -509 -508 -507 -506 -505 -444 -443 -442 -441 440 -439 437 -436 435 438 445 446 447 448 449 450 451 452 453 -455 -454
Segment 7 eval: start=PORT-584 end=PORT-584 stations=33 (optimize)
  Segment 7 order: 500 502 -488 489 490 491 492 -493 482 483 -462 463 464 465 -466 474 -473 -475 479 480 -481 -478 -477 -476 -114 494 -113 -112 495 496 497 498 499
Segment 8 eval: start=PORT-584 end=PORT-584 stations=13 (optimize)
  Segment 8 order: -487 486 484 -460 -459 -458 -457 -456 461 485 -504 -503 501
Segment 9 eval: start=PORT-584 end=PORT-588 stations=20 (optimize)
  Segment 9 order: 467 468 469 470 -471 472 -122 -121 120 -119 -118 -117 -116 -115 -275 -111 -274 -107 -106 -105
Segment 10 eval: start=PORT-588 end=PORT-588 stations=37 (optimize)
  Segment 10 order: 109 110 -270 -269 -268 264 265 267 266 123 124 125 -126 127 -263 -262 -261 -260 -259 258 128 129 130 -256 257 -255 -254 -252 -253 273 -272 -271 -108 101 102 103 -104
Segment 11 eval: start=PORT-588 end=PORT-583 stations=41 (optimize)
  Segment 11 order: -248 -247 243 244 245 -249 251 -250 -208 -207 -206 -205 131 -204 -203 -202 -199 -198 -200 201 -209 -210 211 -212 197 -196 -195 -194 -193 -192 218 217 -213 214 215 -237 238 239 240 -241 242
Segment 12 eval: start=PORT-583 end=PORT-583 stations=59 (optimize)
  Segment 12 order: 133 134 230 232 233 234 -235 231 -227 -178 -226 -224 225 -222 -221 -236 97 98 99 100 246 216 -220 -219 -191 -189 190 223 -188 -187 -186 -185 -184 -183 -182 -177 171 -170 -169 -168 155 156 157 158 -150 -149 148 -140 -139 151 152 153 154 179 228 229 180 181 132
Segment 13 eval: start=PORT-583 end=BOAT-END stations=28 (optimize)
  Segment 13 order: -135 136 -137 -2 7 138 141 8 9 142 144 145 146 147 161 -160 159 163 -162 164 165 166 167 172 173 174 175 -176
Cap boundary debug: PORT-584 -> [503 504 485 461 456 457 458 459 460 484 486 487 501] -> PORT-584 -> [467 468 469 470 471 472 122 121 120 119 118 117 116 115 275 111 274 107 106 105] -> PORT-588 | load_left=44913 load_right=43796 cap=45000
Set parameter Username
Set parameter LicenseID to value 2738882
Academic license - for non-commercial use only - expires 2026-11-14
Set parameter TimeLimit to value 420
Set parameter Seed to value 30740509
Set parameter Threads to value 4
Set parameter OutputFlag to value 1
Set parameter LogToConsole to value 1
Set parameter LazyConstraints to value 1
Gurobi Optimizer version 13.0.0 build v13.0.0rc1 (linux64 - "Debian GNU/Linux 13 (trixie)")

CPU model: AMD Ryzen 9 5950X 16-Core Processor, instruction set [SSE2|AVX|AVX2]
Thread count: 16 physical cores, 32 logical processors, using up to 4 threads

Non-default parameters:
TimeLimit  420
Seed  30740509
Threads  4
LazyConstraints  1

Optimize a model with 5586 rows, 14700 columns and 29388 nonzeros (Min)
Model fingerprint: 0x701654cf
Model has 4756 linear objective coefficients
Variable types: 9800 continuous, 4900 integer (4900 binary)
Coefficient statistics:
  Matrix range     [1e+00, 4e+04]
  Objective range  [4e-01, 2e+02]
  Bounds range     [1e+00, 4e+04]
  RHS range        [1e+00, 2e+04]
Presolve removed 760 rows and 5351 columns
Presolve time: 0.04s
Presolved: 4826 rows, 9349 columns, 28035 nonzeros
Variable types: 4554 continuous, 4795 integer (4795 binary)

Root relaxation: objective 4.161593e+02, 9359 iterations, 0.31 seconds (0.90 work units)

    Nodes    |    Current Node    |     Objective Bounds      |     Work
 Expl Unexpl |  Obj  Depth IntInf | Incumbent    BestBd   Gap | It/Node Time

     0     0  416.15930    0  134          -  416.15930      -     -    0s
H    0     0                     498.6938765  416.15930  16.6%     -    0s
H    0     0                     443.7294158  416.15930  6.21%     -    0s
     0     0  419.48036    0  151  443.72942  419.48036  5.46%     -    0s
     0     0  419.48036    0  136  443.72942  419.48036  5.46%     -    0s
     0     0  419.52077    0  163  443.72942  419.52077  5.46%     -    0s
     0     0  419.52247    0  160  443.72942  419.52247  5.46%     -    0s
     0     0  420.62023    0  152  443.72942  420.62023  5.21%     -    0s
     0     0  420.62174    0  152  443.72942  420.62174  5.21%     -    0s
     0     0  421.15800    0  165  443.72942  421.15800  5.09%     -    1s
H    0     0                     436.0064458  421.15800  3.41%     -    1s
     0     0  421.16234    0  166  436.00645  421.16234  3.40%     -    1s
     0     0  421.16234    0  167  436.00645  421.16234  3.40%     -    1s
     0     0  421.23603    0  165  436.00645  421.23603  3.39%     -    1s
     0     0  421.23603    0  134  436.00645  421.23603  3.39%     -    1s
     0     0  421.23603    0  153  436.00645  421.23603  3.39%     -    1s
H    0     0                     434.0030634  421.23603  2.94%     -    1s
     0     0  421.23603    0  166  434.00306  421.23603  2.94%     -    1s
     0     0  421.23603    0  154  434.00306  421.23603  2.94%     -    1s
     0     0  421.24225    0  160  434.00306  421.24225  2.94%     -    1s
     0     0  421.24368    0  163  434.00306  421.24368  2.94%     -    1s
     0     0  421.24368    0  163  434.00306  421.24368  2.94%     -    1s
     0     0  421.73730    0  167  434.00306  421.73730  2.83%     -    1s
     0     0  421.73731    0  168  434.00306  421.73731  2.83%     -    1s
     0     0  421.74196    0  168  434.00306  421.74196  2.83%     -    1s
     0     0  421.74202    0  168  434.00306  421.74202  2.83%     -    1s
     0     0  421.74693    0  167  434.00306  421.74693  2.82%     -    1s
     0     0  421.74693    0  167  434.00306  421.74693  2.82%     -    1s
     0     0  421.74693    0  166  434.00306  421.74693  2.82%     -    1s
     0     0  421.74706    0  135  434.00306  421.74706  2.82%     -    1s
     0     0  421.74706    0  161  434.00306  421.74706  2.82%     -    1s
H    0     0                     433.9453912  421.74706  2.81%     -    1s
     0     0  421.74706    0  165  433.94539  421.74706  2.81%     -    1s
     0     0  421.74706    0  165  433.94539  421.74706  2.81%     -    1s
     0     0  421.74706    0  166  433.94539  421.74706  2.81%     -    1s
     0     0  421.74706    0  167  433.94539  421.74706  2.81%     -    1s
     0     0  421.74706    0  166  433.94539  421.74706  2.81%     -    1s
     0     0  421.76443    0  171  433.94539  421.76443  2.81%     -    1s
     0     0  421.76444    0  170  433.94539  421.76444  2.81%     -    1s
     0     0  421.76898    0  170  433.94539  421.76898  2.81%     -    1s
     0     0  421.77724    0  175  433.94539  421.77724  2.80%     -    1s
     0     0  421.77724    0  175  433.94539  421.77724  2.80%     -    1s
     0     0  421.77724    0  175  433.94539  421.77724  2.80%     -    1s
     0     0  421.77724    0  170  433.94539  421.77724  2.80%     -    1s
     0     2  421.78017    0  169  433.94539  421.78017  2.80%     -    1s

Cutting planes:
  Gomory: 3
  Cover: 1
  Implied bound: 102
  MIR: 30
  Flow cover: 36
  Inf proof: 6
  Zero half: 1
  RLT: 11
  Relax-and-lift: 34
  BQP: 1

Explored 1529 nodes (89766 simplex iterations) in 2.92 seconds (5.81 work units)
Thread count was 4 (of 32 available processors)

Solution count 5: 433.945 434.003 436.006 ... 498.694

Optimal solution found (tolerance 1.00e-04)
Best objective 4.339453911905e+02, best bound 4.339453911905e+02, gap 0.0000%

User-callback calls 4282, time in user-callback 0.00 sec
Cap boundary opt: PORT-584 stations=33 obj=433.945 real=433.945 baseline=434.003
Set parameter Username
Set parameter LicenseID to value 2738882
Academic license - for non-commercial use only - expires 2026-11-14
Segment 1 eval: start=BOAT-0 end=PORT-581 stations=87 (optimize)
  Segment 1 order: 1 3 4 -25 -5 -6 10 11 143 15 16 17 -18 -13 14 12 -24 -23 -22 -21 19 20 -41 42 43 44 45 46 -396 -47 -40 39 48 49 50 -38 -37 51 -52 59 -57 56 55 -54 -53 66 67 69 -36 -35 -34 -33 -32 -31 -30 -29 -28 -27 -26 93 -92 94 -96 -95 90 91 -89 88 -87 86 -85 -84 -83 -82 -81 -80 79 -78 -77 -70 -76 75 72 73 -74 -71 -68
Segment 2 eval: start=PORT-581 end=PORT-591 stations=58 (optimize)
  Segment 2 order: 65 -63 64 -58 60 61 62 391 392 393 394 395 397 398 399 -400 -401 389 390 388 -387 -386 -385 -402 403 405 406 -407 -404 409 408 -410 411 412 -413 -415 416 -417 425 381 426 -368 -367 -366 -365 364 362 -361 -360 -359 -358 -357 -356 -355 354 -353 348 -363
Segment 3 eval: start=PORT-591 end=PORT-591 stations=111 (optimize)
  Segment 3 order: -346 276 277 278 279 280 281 -556 282 283 -284 555 558 559 -560 561 -562 -554 553 550 551 552 285 286 287 288 289 290 291 292 293 294 -295 296 297 306 -305 -298 299 300 301 302 304 -303 307 308 309 -310 311 312 -313 314 315 316 317 318 319 320 340 341 342 343 344 345 334 335 336 337 338 339 321 322 323 324 325 -327 328 330 -331 -329 -326 349 350 351 352 -373 372 -374 375 376 377 379 380 414 382 384 -383 419 420 421 -423 -422 424 -418 -378 -371 -370 369 332 -333 347
Segment 4 eval: start=PORT-591 end=PORT-593 stations=43 (optimize)
  Segment 4 order: 557 563 564 565 566 567 568 -542 543 540 541 549 548 -547 -546 -545 -544 -539 -538 -537 536 -535 -534 -572 569 570 571 573 574 576 533 -532 -531 -530 -529 -528 -527 577 575 578 -525 526 -524
Segment 5 eval: start=PORT-593 end=PORT-593 stations=19 (optimize)
  Segment 5 order: 430 -434 -433 -432 -431 -429 -428 427 517 518 519 520 521 -580 -579 -523 -522 -516 -515
Segment 6 eval: start=PORT-593 end=PORT-584 stations=31 (optimize)
  Segment 6 order: -512 513 -514 -511 -510 -509 -508 -507 -506 -505 -444 -443 -442 -441 440 -439 437 -436 435 438 445 446 447 448 449 450 451 452 453 -455 -454
Segment 7 eval: start=PORT-584 end=PORT-584 stations=33 (optimize)
  Segment 7 order: 500 502 -488 489 490 491 492 -493 482 483 -462 463 464 465 -466 474 -473 -475 479 480 -481 -478 -477 -476 -114 494 -113 -112 495 496 497 498 499
Segment 8 eval: start=PORT-584 end=PORT-584 stations=12 (optimize)
  Segment 8 order: -487 486 484 -460 -459 -458 -457 -456 461 485 -504 -503
Segment 9 eval: start=PORT-584 end=PORT-588 stations=21 (optimize)
  Segment 9 order: -501 467 468 469 470 -471 472 -122 -121 120 -119 -118 -117 -116 -115 -275 -111 -274 -107 -106 -105
Segment 10 eval: start=PORT-588 end=PORT-588 stations=37 (optimize)
  Segment 10 order: 109 110 -270 -269 -268 264 265 267 266 123 124 125 -126 127 -263 -262 -261 -260 -259 258 128 129 130 -256 257 -255 -254 -252 -253 273 -272 -271 -108 101 102 103 -104
Segment 11 eval: start=PORT-588 end=PORT-583 stations=41 (optimize)
  Segment 11 order: -248 -247 243 244 245 -249 251 -250 -208 -207 -206 -205 131 -204 -203 -202 -199 -198 -200 201 -209 -210 211 -212 197 -196 -195 -194 -193 -192 218 217 -213 214 215 -237 238 239 240 -241 242
Segment 12 eval: start=PORT-583 end=PORT-583 stations=59 (optimize)
  Segment 12 order: 133 134 230 232 233 234 -235 231 -227 -178 -226 -224 225 -222 -221 -236 97 98 99 100 246 216 -220 -219 -191 -189 190 223 -188 -187 -186 -185 -184 -183 -182 -177 171 -170 -169 -168 155 156 157 158 -150 -149 148 -140 -139 151 152 153 154 179 228 229 180 181 132
Segment 13 eval: start=PORT-583 end=BOAT-END stations=28 (optimize)
  Segment 13 order: -135 136 -137 -2 7 138 141 8 9 142 144 145 146 147 161 -160 159 163 -162 164 165 166 167 172 173 174 175 -176
Cap boundary debug: PORT-584 -> [501 467 468 469 470 471 472 122 121 120 119 118 117 116 115 275 111 274 107 106 105] -> PORT-588 -> [104 103 102 101 108 109 110 273 272 271 270 269 268 264 265 267 266 123 124 263 262 261 260 252 253 254 255 256 257 259 258 128 127 126 125 129 130] -> PORT-588 | load_left=44727 load_right=40980 cap=45000
Set parameter Username
Set parameter LicenseID to value 2738882
Academic license - for non-commercial use only - expires 2026-11-14
Set parameter TimeLimit to value 420
Set parameter Seed to value 1716952159
Set parameter Threads to value 4
Set parameter OutputFlag to value 1
Set parameter LogToConsole to value 1
Set parameter LazyConstraints to value 1
Gurobi Optimizer version 13.0.0 build v13.0.0rc1 (linux64 - "Debian GNU/Linux 13 (trixie)")

CPU model: AMD Ryzen 9 5950X 16-Core Processor, instruction set [SSE2|AVX|AVX2]
Thread count: 16 physical cores, 32 logical processors, using up to 4 threads

Non-default parameters:
TimeLimit  420
Seed  1716952159
Threads  4
LazyConstraints  1

Optimize a model with 15586 rows, 43200 columns and 86388 nonzeros (Min)
Model fingerprint: 0x424acd79
Model has 14156 linear objective coefficients
Variable types: 28800 continuous, 14400 integer (14400 binary)
Coefficient statistics:
  Matrix range     [1e+00, 4e+04]
  Objective range  [3e-01, 2e+02]
  Bounds range     [1e+00, 4e+04]
  RHS range        [1e+00, 1e+04]
Presolve removed 1310 rows and 15176 columns
Presolve time: 0.13s
Presolved: 14276 rows, 28024 columns, 83903 nonzeros
Variable types: 13804 continuous, 14220 integer (14220 binary)

Root relaxation: objective 4.955587e+02, 35800 iterations, 3.62 seconds (11.14 work units)

    Nodes    |    Current Node    |     Objective Bounds      |     Work
 Expl Unexpl |  Obj  Depth IntInf | Incumbent    BestBd   Gap | It/Node Time

     0     0  495.55871    0  244          -  495.55871      -     -    4s
H    0     0                     591.8005593  495.55871  16.3%     -    4s
H    0     0                     586.5716074  495.55871  15.5%     -    4s
H    0     0                     580.1242958  495.55871  14.6%     -    4s
H    0     0                     577.9427240  495.55871  14.3%     -    4s
H    0     0                     577.8246212  495.55871  14.2%     -    4s
H    0     0                     564.4951611  495.55871  12.2%     -    4s
     0     0  496.79452    0  266  564.49516  496.79452  12.0%     -    5s
H    0     0                     561.7928795  496.81198  11.6%     -    6s
H    0     0                     547.1476637  496.81198  9.20%     -    6s
H    0     0                     544.0191059  496.81198  8.68%     -    6s
H    0     0                     542.7048979  496.81198  8.46%     -    7s
H    0     0                     528.9601780  496.81198  6.08%     -    7s
     0     0  496.81198    0  268  528.96018  496.81198  6.08%     -    7s
     0     0  497.01302    0  268  528.96018  497.01302  6.04%     -    8s
     0     0  497.01302    0  246  528.96018  497.01302  6.04%     -    9s
     0     0  497.01302    0  269  528.96018  497.01302  6.04%     -   10s
H    0     0                     527.6459700  497.06871  5.80%     -   10s
     0     0  497.06871    0  269  527.64597  497.06871  5.80%     -   10s
     0     0  497.06871    0  266  527.64597  497.06871  5.80%     -   10s
     0     0  498.54915    0  271  527.64597  498.54915  5.51%     -   11s
     0     0  498.59723    0  277  527.64597  498.59723  5.51%     -   11s
     0     0  498.59996    0  283  527.64597  498.59996  5.50%     -   11s
     0     0  498.59999    0  285  527.64597  498.59999  5.50%     -   11s
     0     0  499.21889    0  278  527.64597  499.21889  5.39%     -   11s
     0     0  499.28588    0  277  527.64597  499.28588  5.37%     -   11s
     0     0  499.28588    0  284  527.64597  499.28588  5.37%     -   11s
     0     0  499.37997    0  282  527.64597  499.37997  5.36%     -   12s
     0     0  499.43348    0  286  527.64597  499.43348  5.35%     -   12s
     0     0  499.43392    0  286  527.64597  499.43392  5.35%     -   12s
     0     0  500.30206    0  286  527.64597  500.30206  5.18%     -   13s
     0     0  500.31746    0  290  527.64597  500.31746  5.18%     -   13s
     0     0  500.31746    0  291  527.64597  500.31746  5.18%     -   13s
     0     0  501.00681    0  284  527.64597  501.00681  5.05%     -   13s
     0     0  501.01996    0  286  527.64597  501.01996  5.05%     -   13s
     0     0  501.01996    0  286  527.64597  501.01996  5.05%     -   13s
     0     0  501.26063    0  273  527.64597  501.26063  5.00%     -   14s
     0     0  501.27600    0  284  527.64597  501.27600  5.00%     -   14s
     0     0  501.27600    0  286  527.64597  501.27600  5.00%     -   14s
     0     0  501.49754    0  283  527.64597  501.49754  4.96%     -   14s
     0     0  501.49754    0  239  527.64597  501.49754  4.96%     -   15s
     0     0  501.49754    0  267  527.64597  501.49754  4.96%     -   15s
     0     0  501.49754    0  261  527.64597  501.49754  4.96%     -   16s
     0     0  501.49754    0  280  527.64597  501.49754  4.96%     -   16s
     0     0  501.49754    0  284  527.64597  501.49754  4.96%     -   16s
     0     0  501.49754    0  290  527.64597  501.49754  4.96%     -   16s
     0     0  501.49754    0  290  527.64597  501.49754  4.96%     -   16s
     0     0  501.73333    0  269  527.64597  501.73333  4.91%     -   16s
     0     0  501.73333    0  283  527.64597  501.73333  4.91%     -   16s
     0     0  505.05677    0  281  527.64597  505.05677  4.28%     -   17s
     0     0  505.07602    0  283  527.64597  505.07602  4.28%     -   17s
     0     0  505.07667    0  286  527.64597  505.07667  4.28%     -   17s
     0     0  505.10037    0  281  527.64597  505.10037  4.27%     -   17s
     0     0  505.10532    0  271  527.64597  505.10532  4.27%     -   17s
     0     0  505.10689    0  283  527.64597  505.10689  4.27%     -   17s
     0     0  505.14042    0  282  527.64597  505.14042  4.27%     -   18s
     0     0  505.14042    0  240  527.64597  505.14042  4.27%     -   18s
     0     0  505.14042    0  248  527.64597  505.14042  4.27%     -   19s
     0     0  505.14042    0  271  527.64597  505.14042  4.27%     -   19s
     0     0  505.14042    0  275  527.64597  505.14042  4.27%     -   19s
     0     0  505.14042    0  270  527.64597  505.14042  4.27%     -   19s
     0     0  505.14219    0  282  527.64597  505.14219  4.26%     -   19s
     0     0  505.14226    0  276  527.64597  505.14226  4.26%     -   19s
     0     0  506.24830    0  284  527.64597  506.24830  4.06%     -   19s
     0     0  506.24830    0  284  527.64597  506.24830  4.06%     -   19s
     0     0  507.42783    0  287  527.64597  507.42783  3.83%     -   20s
     0     0  507.43226    0  280  527.64597  507.43226  3.83%     -   20s
     0     0  507.43227    0  281  527.64597  507.43227  3.83%     -   20s
     0     0  508.73465    0  268  527.64597  508.73465  3.58%     -   20s
     0     0  509.48990    0  282  527.64597  509.48990  3.44%     -   20s
     0     0  509.48990    0  276  527.64597  509.48990  3.44%     -   20s
     0     0  509.49285    0  278  527.64597  509.49285  3.44%     -   20s
     0     0  509.49285    0  239  527.64597  509.49285  3.44%     -   21s
     0     0  509.49285    0  243  527.64597  509.49285  3.44%     -   21s
     0     0  509.49285    0  285  527.64597  509.49285  3.44%     -   21s
     0     0  509.49285    0  279  527.64597  509.49285  3.44%     -   21s
     0     0  509.52420    0  272  527.64597  509.52420  3.43%     -   21s
     0     0  509.52555    0  270  527.64597  509.52555  3.43%     -   21s
     0     0  509.65051    0  271  527.64597  509.65051  3.41%     -   22s
     0     0  509.65540    0  274  527.64597  509.65540  3.41%     -   22s
     0     0  509.65556    0  278  527.64597  509.65556  3.41%     -   22s
     0     0  509.72721    0  284  527.64597  509.72721  3.40%     -   22s
     0     0  509.73412    0  283  527.64597  509.73412  3.39%     -   22s
     0     0  509.73445    0  283  527.64597  509.73445  3.39%     -   22s
     0     0  509.81121    0  281  527.64597  509.81121  3.38%     -   22s
     0     0  509.83186    0  278  527.64597  509.83186  3.38%     -   22s
     0     0  509.83186    0  278  527.64597  509.83186  3.38%     -   22s
     0     0  509.86334    0  284  527.64597  509.86334  3.37%     -   22s
     0     0  509.86492    0  279  527.64597  509.86492  3.37%     -   22s
     0     0  509.86731    0  282  527.64597  509.86731  3.37%     -   22s
     0     0  509.86845    0  282  527.64597  509.86845  3.37%     -   22s
     0     0  509.86902    0  284  527.64597  509.86902  3.37%     -   23s
     0     0  509.87219    0  284  527.64597  509.87219  3.37%     -   23s
     0     0  509.87219    0  284  527.64597  509.87219  3.37%     -   23s
     0     0  509.87219    0  277  527.64597  509.87219  3.37%     -   23s
     0     2  509.88567    0  277  527.64597  509.88567  3.37%     -   23s
   115   103  514.46661   15  193  527.64597  510.60750  3.23%   315   25s
H  631   458                     526.8736557  511.03051  3.01%   220   27s
H  901   583                     526.2972796  511.90589  2.73%   217   28s
  1246   748  522.39834   11  203  526.29728  513.34047  2.46%   219   30s
  1937   932  518.61599   15  269  526.29728  515.31508  2.09%   204   36s
  2025   957  525.04701   32   70  526.29728  515.31688  2.09%   219   40s
  2613   940  521.04395   31  192  526.29728  515.64465  2.02%   216   45s
  4091   548     cutoff   25       526.29728  519.34829  1.32%   207   50s

Cutting planes:
  Cover: 18
  Implied bound: 75
  Projected implied bound: 6
  Clique: 3
  MIR: 49
  Flow cover: 97
  GUB cover: 1
  Inf proof: 7
  Zero half: 9
  Network: 1
  RLT: 4
  Relax-and-lift: 59
  BQP: 6

Explored 5143 nodes (1153948 simplex iterations) in 53.52 seconds (140.66 work units)
Thread count was 4 (of 32 available processors)

Solution count 10: 526.297 526.874 527.646 ... 577.825

Optimal solution found (tolerance 1.00e-04)
Best objective 5.262972795934e+02, best bound 5.262972795934e+02, gap 0.0000%

User-callback calls 19941, time in user-callback 0.00 sec
Cap boundary opt: PORT-588 stations=58 obj=526.297 real=526.297 baseline=536.193
Set parameter Username
Set parameter LicenseID to value 2738882
Academic license - for non-commercial use only - expires 2026-11-14
Segment 1 eval: start=BOAT-0 end=PORT-581 stations=87 (optimize)
  Segment 1 order: 1 3 4 -25 -5 -6 10 11 143 15 16 17 -18 -13 14 12 -24 -23 -22 -21 19 20 -41 42 43 44 45 46 -396 -47 -40 39 48 49 50 -38 -37 51 -52 59 -57 56 55 -54 -53 66 67 69 -36 -35 -34 -33 -32 -31 -30 -29 -28 -27 -26 93 -92 94 -96 -95 90 91 -89 88 -87 86 -85 -84 -83 -82 -81 -80 79 -78 -77 -70 -76 75 72 73 -74 -71 -68
Segment 2 eval: start=PORT-581 end=PORT-591 stations=58 (optimize)
  Segment 2 order: 65 -63 64 -58 60 61 62 391 392 393 394 395 397 398 399 -400 -401 389 390 388 -387 -386 -385 -402 403 405 406 -407 -404 409 408 -410 411 412 -413 -415 416 -417 425 381 426 -368 -367 -366 -365 364 362 -361 -360 -359 -358 -357 -356 -355 354 -353 348 -363
Segment 3 eval: start=PORT-591 end=PORT-591 stations=111 (optimize)
  Segment 3 order: -346 276 277 278 279 280 281 -556 282 283 -284 555 558 559 -560 561 -562 -554 553 550 551 552 285 286 287 288 289 290 291 292 293 294 -295 296 297 306 -305 -298 299 300 301 302 304 -303 307 308 309 -310 311 312 -313 314 315 316 317 318 319 320 340 341 342 343 344 345 334 335 336 337 338 339 321 322 323 324 325 -327 328 330 -331 -329 -326 349 350 351 352 -373 372 -374 375 376 377 379 380 414 382 384 -383 419 420 421 -423 -422 424 -418 -378 -371 -370 369 332 -333 347
Segment 4 eval: start=PORT-591 end=PORT-593 stations=43 (optimize)
  Segment 4 order: 557 563 564 565 566 567 568 -542 543 540 541 549 548 -547 -546 -545 -544 -539 -538 -537 536 -535 -534 -572 569 570 571 573 574 576 533 -532 -531 -530 -529 -528 -527 577 575 578 -525 526 -524
Segment 5 eval: start=PORT-593 end=PORT-593 stations=19 (optimize)
  Segment 5 order: 430 -434 -433 -432 -431 -429 -428 427 517 518 519 520 521 -580 -579 -523 -522 -516 -515
Segment 6 eval: start=PORT-593 end=PORT-584 stations=31 (optimize)
  Segment 6 order: -512 513 -514 -511 -510 -509 -508 -507 -506 -505 -444 -443 -442 -441 440 -439 437 -436 435 438 445 446 447 448 449 450 451 452 453 -455 -454
Segment 7 eval: start=PORT-584 end=PORT-584 stations=33 (optimize)
  Segment 7 order: 500 502 -488 489 490 491 492 -493 482 483 -462 463 464 465 -466 474 -473 -475 479 480 -481 -478 -477 -476 -114 494 -113 -112 495 496 497 498 499
Segment 8 eval: start=PORT-584 end=PORT-584 stations=12 (optimize)
  Segment 8 order: -487 486 484 -460 -459 -458 -457 -456 461 485 -504 -503
Segment 9 eval: start=PORT-584 end=PORT-588 stations=18 (optimize)
  Segment 9 order: -501 467 468 469 470 -471 472 -122 -121 120 -119 -118 -117 -116 -115 -275 -111 -274
Segment 10 eval: start=PORT-588 end=PORT-588 stations=40 (optimize)
  Segment 10 order: 106 107 109 110 -270 -269 -268 264 265 267 266 123 124 125 -126 127 -263 -262 -261 -260 -259 258 128 129 130 -256 257 -255 -254 -252 -253 273 -272 -271 -108 101 102 103 -104 105
Segment 11 eval: start=PORT-588 end=PORT-583 stations=41 (optimize)
  Segment 11 order: -248 -247 243 244 245 -249 251 -250 -208 -207 -206 -205 131 -204 -203 -202 -199 -198 -200 201 -209 -210 211 -212 197 -196 -195 -194 -193 -192 218 217 -213 214 215 -237 238 239 240 -241 242
Segment 12 eval: start=PORT-583 end=PORT-583 stations=59 (optimize)
  Segment 12 order: 133 134 230 232 233 234 -235 231 -227 -178 -226 -224 225 -222 -221 -236 97 98 99 100 246 216 -220 -219 -191 -189 190 223 -188 -187 -186 -185 -184 -183 -182 -177 171 -170 -169 -168 155 156 157 158 -150 -149 148 -140 -139 151 152 153 154 179 228 229 180 181 132
Segment 13 eval: start=PORT-583 end=BOAT-END stations=28 (optimize)
  Segment 13 order: -135 136 -137 -2 7 138 141 8 9 142 144 145 146 147 161 -160 159 163 -162 164 165 166 167 172 173 174 175 -176
Cap boundary debug: PORT-588 -> [105 104 103 102 101 108 271 272 273 253 252 254 255 257 256 130 129 128 258 259 260 261 262 263 127 126 125 124 123 266 267 265 264 268 269 270 110 109 107 106] -> PORT-588 -> [131 204 203 202 205 206 207 208 250 251 249 248 247 245 244 243 242 241 240 239 238 237 215 214 213 212 211 210 209 201 200 199 198 197 196 195 193 194 192 218 217] -> PORT-583 | load_left=43280 load_right=43652 cap=45000
Set parameter Username
Set parameter LicenseID to value 2738882
Academic license - for non-commercial use only - expires 2026-11-14
Set parameter TimeLimit to value 420
Set parameter Seed to value 1799450895
Set parameter Threads to value 4
Set parameter OutputFlag to value 1
Set parameter LogToConsole to value 1
Set parameter LazyConstraints to value 1
Gurobi Optimizer version 13.0.0 build v13.0.0rc1 (linux64 - "Debian GNU/Linux 13 (trixie)")

CPU model: AMD Ryzen 9 5950X 16-Core Processor, instruction set [SSE2|AVX|AVX2]
Thread count: 16 physical cores, 32 logical processors, using up to 4 threads

Non-default parameters:
TimeLimit  420
Seed  1799450895
Threads  4
LazyConstraints  1

Optimize a model with 29202 rows, 82668 columns and 165324 nonzeros (Min)
Model fingerprint: 0x89688e09
Model has 27220 linear objective coefficients
Variable types: 55112 continuous, 27556 integer (27556 binary)
Coefficient statistics:
  Matrix range     [1e+00, 4e+04]
  Objective range  [3e-01, 1e+02]
  Bounds range     [1e+00, 4e+04]
  RHS range        [1e+00, 9e+03]
Presolve removed 1816 rows and 28631 columns
Presolve time: 0.26s
Presolved: 27386 rows, 54037 columns, 161760 nonzeros
Variable types: 26730 continuous, 27307 integer (27307 binary)
Root relaxation presolved: 27386 rows, 54037 columns, 161760 nonzeros

Deterministic concurrent LP optimizer: primal and dual simplex
Showing primal log only...

Concurrent spin time: 0.00s

Solved with primal simplex

Root relaxation: objective 5.013783e+02, 69448 iterations, 2.77 seconds (5.77 work units)

    Nodes    |    Current Node    |     Objective Bounds      |     Work
 Expl Unexpl |  Obj  Depth IntInf | Incumbent    BestBd   Gap | It/Node Time

     0     0  501.37833    0  312          -  501.37833      -     -    4s
     0     0  501.37833    0  312          -  501.37833      -     -    9s
H    0     0                     725.9335469  501.37833  30.9%     -   14s
H    0     0                     657.0407420  501.37833  23.7%     -   20s
     0     0  501.37833    0  312  657.04074  501.37833  23.7%     -   20s
     0     0  503.90088    0  346  657.04074  503.90088  23.3%     -   26s
H    0     0                     642.7021171  503.90088  21.6%     -   27s
H    0     0                     637.3828891  503.90088  20.9%     -   27s
H    0     0                     630.6254948  503.90088  20.1%     -   29s
H    0     0                     624.2967387  503.90088  19.3%     -   29s
H    0     0                     618.4127781  503.90088  18.5%     -   30s
H    0     0                     617.6740227  503.90088  18.4%     -   31s
H    0     0                     596.9537838  503.90088  15.6%     -   31s
H    0     0                     596.2582619  503.90088  15.5%     -   32s
H    0     0                     592.1440242  503.90088  14.9%     -   32s
H    0     0                     590.6859993  503.90088  14.7%     -   33s
H    0     0                     582.0641514  503.90088  13.4%     -   38s
H    0     0                     581.6985688  503.90088  13.4%     -   40s
H    0     0                     575.7085813  503.90088  12.5%     -   41s
H    0     0                     569.6846158  503.90088  11.5%     -   41s
H    0     0                     566.8980932  503.90088  11.1%     -   46s
H    0     0                     566.7104699  503.90088  11.1%     -   47s
     0     0  504.38685    0  330  566.71047  504.38685  11.0%     -   49s
     0     0  504.38698    0  318  566.71047  504.38698  11.0%     -   50s
     0     0  505.25977    0  343  566.71047  505.25977  10.8%     -   54s
     0     0  505.26166    0  348  566.71047  505.26166  10.8%     -   54s
     0     0  505.26167    0  350  566.71047  505.26167  10.8%     -   54s
     0     0  507.24356    0  351  566.71047  507.24356  10.5%     -   61s
     0     0  507.31722    0  369  566.71047  507.31722  10.5%     -   62s
     0     0  507.31722    0  363  566.71047  507.31722  10.5%     -   63s
     0     0  507.31722    0  363  566.71047  507.31722  10.5%     -   63s
     0     0  508.90174    0  349  566.71047  508.90174  10.2%     -   71s
     0     0  508.90390    0  363  566.71047  508.90390  10.2%     -   72s
     0     0  509.26905    0  358  566.71047  509.26905  10.1%     -   79s
     0     0  509.34393    0  366  566.71047  509.34393  10.1%     -   80s
     0     0  509.34393    0  364  566.71047  509.34393  10.1%     -   80s
     0     0  509.59050    0  364  566.71047  509.59050  10.1%     -   83s
     0     0  509.59685    0  354  566.71047  509.59685  10.1%     -   84s
     0     0  509.59718    0  352  566.71047  509.59718  10.1%     -   84s
     0     0  509.80679    0  365  566.71047  509.80679  10.0%     -   87s
     0     0  509.81190    0  369  566.71047  509.81190  10.0%     -   87s
     0     0  509.81191    0  368  566.71047  509.81191  10.0%     -   88s
     0     0  509.93495    0  366  566.71047  509.93495  10.0%     -   90s
     0     0  509.98884    0  356  566.71047  509.98884  10.0%     -   92s
     0     0  510.09438    0  378  566.71047  510.09438  10.0%     -   98s
     0     0  510.09571    0  367  566.71047  510.09571  10.0%     -   98s
     0     0  510.20422    0  353  566.71047  510.20422  10.0%     -  101s
     0     0  510.20826    0  379  566.71047  510.20826  10.0%     -  102s
     0     0  510.27030    0  353  566.71047  510.27030  10.0%     -  103s
     0     0  510.27998    0  372  566.71047  510.27998  10.0%     -  104s
     0     0  510.28021    0  373  566.71047  510.28021  10.0%     -  104s
     0     0  510.43382    0  366  566.71047  510.43382  9.93%     -  107s
     0     0  510.43468    0  379  566.71047  510.43468  9.93%     -  107s
     0     0  510.84928    0  362  566.71047  510.84928  9.86%     -  109s
     0     0  510.87129    0  386  566.71047  510.87129  9.85%     -  109s
     0     0  510.87141    0  388  566.71047  510.87141  9.85%     -  110s
     0     0  511.32499    0  376  566.71047  511.32499  9.77%     -  113s
     0     0  511.33130    0  380  566.71047  511.33130  9.77%     -  113s
     0     0  511.33375    0  388  566.71047  511.33375  9.77%     -  114s
     0     0  511.34366    0  383  566.71047  511.34366  9.77%     -  121s
     0     0  511.34368    0  389  566.71047  511.34368  9.77%     -  122s
     0     0  511.40262    0  387  566.71047  511.40262  9.76%     -  124s
     0     0  511.49430    0  374  566.71047  511.49430  9.74%     -  127s
     0     0  511.49437    0  381  566.71047  511.49437  9.74%     -  128s
     0     0  511.51219    0  388  566.71047  511.51219  9.74%     -  130s
     0     0  511.51320    0  389  566.71047  511.51320  9.74%     -  130s
     0     0  511.63272    0  386  566.71047  511.63272  9.72%     -  132s
     0     0  511.64541    0  394  566.71047  511.64541  9.72%     -  132s
     0     0  511.64829    0  384  566.71047  511.64829  9.72%     -  133s
     0     0  511.67629    0  379  566.71047  511.67629  9.71%     -  136s
     0     0  511.67732    0  386  566.71047  511.67732  9.71%     -  137s
     0     0  511.67793    0  386  566.71047  511.67793  9.71%     -  138s
     0     0  511.68305    0  387  566.71047  511.68305  9.71%     -  138s
     0     0  511.69288    0  375  566.71047  511.69288  9.71%     -  140s
     0     0  511.69459    0  375  566.71047  511.69459  9.71%     -  140s
     0     0  512.54579    0  380  566.71047  512.54579  9.56%     -  140s
     0     0  512.54885    0  380  566.71047  512.54885  9.56%     -  141s
     0     0  512.54885    0  366  566.71047  512.54885  9.56%     -  141s
     0     0  514.16683    0  316  566.71047  514.16683  9.27%     -  162s
     0     0  514.16683    0  334  566.71047  514.16683  9.27%     -  169s
     0     0  514.16683    0  370  566.71047  514.16683  9.27%     -  178s
     0     0  514.16683    0  388  566.71047  514.16683  9.27%     -  179s
     0     0  514.16683    0  390  566.71047  514.16683  9.27%     -  181s
     0     0  514.16683    0  391  566.71047  514.16683  9.27%     -  182s
     0     0  514.16683    0  389  566.71047  514.16683  9.27%     -  182s
     0     0  514.16683    0  388  566.71047  514.16683  9.27%     -  182s
     0     0  514.16683    0  411  566.71047  514.16683  9.27%     -  185s
     0     0  514.16683    0  411  566.71047  514.16683  9.27%     -  185s
     0     0  514.16683    0  378  566.71047  514.16683  9.27%     -  191s
     0     0  514.16683    0  377  566.71047  514.16683  9.27%     -  192s
     0     0  514.16683    0  374  566.71047  514.16683  9.27%     -  192s
     0     0  514.16683    0  387  566.71047  514.16683  9.27%     -  196s
     0     0  514.16683    0  381  566.71047  514.16683  9.27%     -  196s
     0     0  514.16683    0  381  566.71047  514.16683  9.27%     -  197s
     0     0  514.16683    0  385  566.71047  514.16683  9.27%     -  197s
     0     0  514.16683    0  372  566.71047  514.16683  9.27%     -  198s
H    0     0                     566.4035914  514.16683  9.22%     -  199s
     0     0  514.16683    0  380  566.40359  514.16683  9.22%     -  199s
     0     0  514.16683    0  374  566.40359  514.16683  9.22%     -  201s
     0     0  514.16683    0  374  566.40359  514.16683  9.22%     -  201s
     0     0  514.16683    0  369  566.40359  514.16683  9.22%     -  201s
     0     2  514.54828    0  369  566.40359  514.54828  9.16%     -  215s
     7    11  514.54828    3  350  566.40359  514.54828  9.16%  2151  223s
    10    17  515.22769    4  357  566.40359  514.54828  9.16%  2220  227s
    21    28  515.57657    6  355  566.40359  514.54828  9.16%  2445  231s
    27    35  514.96496    7  319  566.40359  514.54828  9.16%  3155  235s
    38    43  516.42512    7  351  566.40359  514.54828  9.16%  3107  242s
    42    47  516.04810    8  343  566.40359  514.54828  9.16%  2948  246s
H   44    47                     565.8405771  514.54828  9.06%  2827  246s
    50    56  516.69309   10  319  565.84058  514.54828  9.06%  2970  252s
    55    64  517.30920   11  322  565.84058  514.54828  9.06%  3238  255s
    63    67  518.30206   11  330  565.84058  514.54828  9.06%  3213  260s
    66    72  517.65490   14  317  565.84058  514.54828  9.06%  3184  265s
    91   102  522.32661   18  277  565.84058  514.54828  9.06%  2616  271s
   111   122  524.12617   29  275  565.84058  514.54828  9.06%  2314  277s
   121   136  525.07298   35  316  565.84058  514.54828  9.06%  2147  281s
   135   140  525.70699   42  294  565.84058  514.54828  9.06%  2046  285s
   143   148  525.76651   44  298  565.84058  514.54828  9.06%  2126  290s
   159   173  525.90538   47  292  565.84058  514.54828  9.06%  2066  297s
   192   216  526.86006   62  290  565.84058  514.54828  9.06%  1893  302s
   215   242  527.27182   72  292  565.84058  514.54828  9.06%  1745  305s
   312   336  529.93719  110  284  565.84058  514.54828  9.06%  1397  312s
   378   428  533.89147  117  292  565.84058  514.54828  9.06%  1284  317s
   427   464  534.95468  131  283  565.84058  514.54828  9.06%  1226  320s
   504   536  535.40922  143  273  565.84058  514.54828  9.06%  1182  327s
   551   567  541.79555  151  164  565.84058  514.54828  9.06%  1255  332s
   566   621  538.07616  156  244  565.84058  514.54828  9.06%  1285  335s
   644   664  538.84388  182  239  565.84058  514.54828  9.06%  1247  342s
   665   691  538.86623  183  227  565.84058  514.54828  9.06%  1273  345s
   764   836  548.17055  198  235  565.84058  514.54828  9.06%  1250  352s
   855   863  536.64399   25  272  565.84058  514.54828  9.06%  1179  358s
   894   906  541.99473   29  222  565.84058  514.54828  9.06%  1193  362s
   937  1023  545.28404   37  192  565.84058  514.54828  9.06%  1210  365s
  1058  1024  516.37715   12  366  565.84058  514.54828  9.06%  1140  389s
  1060  1025  548.86569  200  321  565.84058  514.54828  9.06%  1137  395s
  1061  1026  527.06554   62  346  565.84058  514.54828  9.06%  1136  405s
  1062  1027  551.14778   41  369  565.84058  514.54828  9.06%  1135  412s
  1065  1029  544.20930  206  392  565.84058  514.54828  9.06%  1132  417s

Cutting planes:
  Gomory: 1
  Lift-and-project: 1
  Cover: 13
  Implied bound: 107
  Projected implied bound: 9
  MIR: 73
  Flow cover: 86
  Zero half: 23
  RLT: 9
  Relax-and-lift: 80
  BQP: 1

Explored 1066 nodes (1810766 simplex iterations) in 420.01 seconds (1270.41 work units)
Thread count was 4 (of 32 available processors)

Solution count 10: 565.841 566.404 566.71 ... 592.144

Time limit reached
Best objective 5.658405770501e+02, best bound 5.145482821002e+02, gap 9.0648%

User-callback calls 89315, time in user-callback 0.01 sec
Cap boundary reject: PORT-588 real=565.841 baseline=563.427
Cap boundary debug: PORT-588 -> [131 204 203 202 205 206 207 208 250 251 249 248 247 245 244 243 242 241 240 239 238 237 215 214 213 212 211 210 209 201 200 199 198 197 196 195 193 194 192 218 217] -> PORT-583 -> [216 220 222 221 236 97 98 246 99 100 189 225 224 223 219 191 190 188 187 186 185 184 183 182 226 178 227 231 232 230 233 234 235 133 134 132 181 180 229 228 179 154 153 152 151 139 140 148 149 150 158 157 156 155 169 168 170 171 177] -> PORT-583 | load_left=43652 load_right=43785 cap=45000
Set parameter Username
Set parameter LicenseID to value 2738882
Academic license - for non-commercial use only - expires 2026-11-14
Set parameter TimeLimit to value 420
Set parameter Seed to value 1302748386
Set parameter Threads to value 4
Set parameter OutputFlag to value 1
Set parameter LogToConsole to value 1
Set parameter LazyConstraints to value 1
Gurobi Optimizer version 13.0.0 build v13.0.0rc1 (linux64 - "Debian GNU/Linux 13 (trixie)")

CPU model: AMD Ryzen 9 5950X 16-Core Processor, instruction set [SSE2|AVX|AVX2]
Thread count: 16 physical cores, 32 logical processors, using up to 4 threads

Non-default parameters:
TimeLimit  420
Seed  1302748386
Threads  4
LazyConstraints  1

Optimize a model with 43642 rows, 124848 columns and 249684 nonzeros (Min)
Model fingerprint: 0x3ccfe9ca
Model has 41208 linear objective coefficients
Variable types: 83232 continuous, 41616 integer (41616 binary)
Coefficient statistics:
  Matrix range     [1e+00, 4e+04]
  Objective range  [5e-05, 1e+05]
  Bounds range     [1e+00, 4e+04]
  RHS range        [1e+00, 9e+03]
Presolve removed 2234 rows and 42938 columns
Presolve time: 0.26s
Presolved: 41408 rows, 81910 columns, 245220 nonzeros
Variable types: 40600 continuous, 41310 integer (41310 binary)
Root relaxation presolved: 41408 rows, 81910 columns, 245220 nonzeros

Deterministic concurrent LP optimizer: primal and dual simplex
Showing primal log only...


Root simplex log...

Iteration    Objective       Primal Inf.    Dual Inf.      Time
   80341    5.0631122e+02   6.395551e+03   0.000000e+00      5s
   91180    5.0542739e+02   0.000000e+00   7.654277e-01     10s
   97643    5.0528847e+02   0.000000e+00   0.000000e+00     10s
Concurrent spin time: 1.99s (can be avoided by choosing Method=3)

Solved with primal simplex

Root relaxation: objective 5.052885e+02, 97643 iterations, 11.95 seconds (32.62 work units)

    Nodes    |    Current Node    |     Objective Bounds      |     Work
 Expl Unexpl |  Obj  Depth IntInf | Incumbent    BestBd   Gap | It/Node Time

     0     0  505.28847    0  349          -  505.28847      -     -   12s
     0     0  505.28847    0  349          -  505.28847      -     -   27s
     0     0  505.28847    0  349          -  505.28847      -     -   42s
     0     0  505.28847    0  349          -  505.28847      -     -   58s
     0     0  505.28847    0  349          -  505.28847      -     -   73s
     0     0  505.28847    0  349          -  505.28847      -     -   79s
     0     0  505.28847    0  349          -  505.28847      -     -   79s
     0     0  509.16608    0  408          -  509.16608      -     -   88s
H    0     0                     723.4329320  509.16608  29.6%     -   97s
H    0     0                     671.3536306  509.16608  24.2%     -   99s
H    0     0                     670.5049582  509.16608  24.1%     -  100s
H    0     0                     664.0066112  509.16608  23.3%     -  100s
H    0     0                     622.7184508  509.16608  18.2%     -  101s
H    0     0                     619.0333983  509.16608  17.7%     -  102s
H    0     0                     590.0811415  509.16608  13.7%     -  102s
H    0     0                     587.8775395  509.16608  13.4%     -  104s
H    0     0                     583.4788707  509.16608  12.7%     -  107s
H    0     0                     563.3852319  509.16608  9.62%     -  109s
H    0     0                     561.3681550  509.16608  9.30%     -  109s
H    0     0                     558.9552858  509.16608  8.91%     -  110s
H    0     0                     558.4668571  509.16608  8.83%     -  111s
H    0     0                     555.1990061  509.16608  8.29%     -  113s
H    0     0                     554.3878955  509.16608  8.16%     -  115s
     0     0  509.16608    0  408  554.38790  509.16608  8.16%     -  123s
H    0     0                     550.2921393  509.16608  7.47%     -  127s
H    0     0                     548.7972832  509.16608  7.22%     -  129s
     0     0  509.99907    0  392  548.79728  509.99907  7.07%     -  138s
     0     0  509.99907    0  392  548.79728  509.99907  7.07%     -  138s
     0     0  512.36372    0  404  548.79728  512.36372  6.64%     -  143s
     0     0  512.36372    0  352  548.79728  512.36372  6.64%     -  146s
     0     0  512.85747    0  424  548.79728  512.85747  6.55%     -  151s
     0     0  515.01542    0  429  548.79728  515.01542  6.16%     -  160s
     0     0  515.21998    0  429  548.79728  515.21998  6.12%     -  160s
     0     0  515.21998    0  428  548.79728  515.21998  6.12%     -  160s
     0     0  518.03486    0  408  548.79728  518.03486  5.61%     -  162s
     0     0  518.08857    0  437  548.79728  518.08857  5.60%     -  163s
     0     0  518.08872    0  435  548.79728  518.08872  5.60%     -  163s
     0     0  521.77023    0  387  548.79728  521.77023  4.92%     -  167s
     0     0  522.87639    0  428  548.79728  522.87639  4.72%     -  168s
     0     0  522.90324    0  432  548.79728  522.90324  4.72%     -  168s
     0     0  522.90368    0  431  548.79728  522.90368  4.72%     -  168s
     0     0  523.80688    0  442  548.79728  523.80688  4.55%     -  171s
     0     0  523.80688    0  363  548.79728  523.80688  4.55%     -  173s
     0     0  523.80688    0  389  548.79728  523.80688  4.55%     -  176s
     0     0  523.80688    0  417  548.79728  523.80688  4.55%     -  180s
     0     0  523.80688    0  415  548.79728  523.80688  4.55%     -  180s
     0     0  523.80688    0  415  548.79728  523.80688  4.55%     -  181s
     0     0  524.23487    0  387  548.79728  524.23487  4.48%     -  183s
     0     0  524.25389    0  389  548.79728  524.25389  4.47%     -  183s
     0     0  524.25425    0  392  548.79728  524.25425  4.47%     -  183s
     0     0  524.75105    0  399  548.79728  524.75105  4.38%     -  185s
     0     0  524.76821    0  403  548.79728  524.76821  4.38%     -  186s
     0     0  524.76852    0  405  548.79728  524.76852  4.38%     -  186s
     0     0  524.82713    0  380  548.79728  524.82713  4.37%     -  188s
     0     0  524.82812    0  377  548.79728  524.82812  4.37%     -  188s
     0     0  524.83410    0  374  548.79728  524.83410  4.37%     -  189s
     0     0  524.83507    0  374  548.79728  524.83507  4.37%     -  189s
     0     0  524.83614    0  376  548.79728  524.83614  4.37%     -  189s
     0     0  524.83614    0  376  548.79728  524.83614  4.37%     -  189s
     0     0  524.83614    0  368  548.79728  524.83614  4.37%     -  190s
     0     2  527.19572    0  368  548.79728  527.19572  3.94%     -  191s
     7    12  527.19572    3  412  548.79728  527.19572  3.94%  4021  196s
    19    30  527.19572    6  402  548.79728  527.19572  3.94%  4763  201s
    29    37  527.49790    6  376  548.79728  527.19572  3.94%  5314  206s
    44    54  527.19572    9  356  548.79728  527.19572  3.94%  4832  212s
    64    71  527.19572   12  343  548.79728  527.19572  3.94%  4024  215s
    77    84  527.19572   17  370  548.79728  527.19572  3.94%  3822  220s
    95   100  529.08905   20  374  548.79728  527.19572  3.94%  3964  225s
   107   116  528.61756   23  377  548.79728  527.19572  3.94%  3801  230s
   125   136  529.31673   30  354  548.79728  527.19572  3.94%  3664  236s
   171   182  531.14943   52  306  548.79728  527.19572  3.94%  2971  241s
   239   221  543.76471   37  330  548.79728  527.19572  3.94%  2405  246s
   289   233  528.04766    4  354  548.79728  527.19572  3.94%  2198  251s
   314   244  528.59807    6  331  548.79728  527.19572  3.94%  2260  255s
   350   266  532.43046   10  281  548.79728  527.19572  3.94%  2334  260s
H  363   278                     548.7972831  527.19572  3.94%  2348  262s
   382   311  537.34972   21  272  548.79728  527.19572  3.94%  2352  266s
   430   369  538.60630   43  144  548.79728  527.19572  3.94%  2274  270s
   595   588  542.09445   95  193  548.79728  527.19572  3.94%  1823  275s
   732   608  528.69508    8  343  548.79728  527.19572  3.94%  1587  280s
   755   632  532.48421   12  328  548.79728  527.19572  3.94%  1649  286s
   793   667  535.24750   14  346  548.79728  527.19572  3.94%  1664  290s
H  807   682                     548.7972830  527.19572  3.94%  1685  293s
   819   745  534.87297   17  251  548.79728  527.19572  3.94%  1686  296s
H  883   749                     548.7972821  527.19572  3.94%  1617  298s
   886   761  536.09299   19  291  548.79728  527.19572  3.94%  1615  301s
   917   785  536.59758   21  291  548.79728  527.19572  3.94%  1622  307s
   936   818  536.65415   22  251  548.79728  527.19572  3.94%  1618  311s
  1014   883  539.92215   43  260  548.79728  527.19572  3.94%  1601  316s
  1149   972  531.83350    7  404  548.79728  527.19572  3.94%  1513  327s
  1151   973  539.53234   23  357  548.79728  527.19572  3.94%  1511  330s
  1152   974  530.02609   32  395  548.79728  527.19572  3.94%  1509  335s
  1160   979  536.90742   29  396  548.79728  531.52197  3.15%  1499  341s
  1168   986  541.46511   38  354  548.79728  531.66289  3.12%  1570  345s
  1171   988  541.67862   38  435  548.79728  531.66289  3.12%  1566  351s
  1179   994  537.41333   22  401  548.79728  532.68152  2.94%  1555  355s
  1192  1002  544.41948   67  435  548.79728  533.46626  2.79%  1538  360s
  1201  1008  533.52910   40  420  548.79728  533.52910  2.78%  1527  366s
  1205  1011  533.53709    4  388  548.79728  533.53709  2.78%  1522  371s
  1207  1014  538.40290   42  404  548.79728  533.53709  2.78%  1635  375s
  1212  1017  543.43680   60  408  548.79728  533.53709  2.78%  1628  380s
  1223  1025  533.56080   13  413  548.79728  533.56080  2.78%  1613  385s
  1227  1027  537.97868   37  396  548.79728  533.56130  2.78%  1608  390s
  1242  1042  533.73591   38  370  548.79728  533.59403  2.77%  1699  395s
  1267  1060  534.10071   41  318  548.79728  533.59403  2.77%  1699  401s
  1280  1071  535.00865   42  304  548.79728  533.59403  2.77%  1728  406s
  1299  1085  535.26786   44  343  548.79728  533.59403  2.77%  1732  410s
  1333  1102  535.30678   50  330  548.79728  533.59403  2.77%  1725  415s

Cutting planes:
  Gomory: 45
  Cover: 17
  Implied bound: 81
  Projected implied bound: 10
  Clique: 1
  MIR: 60
  Flow cover: 93
  GUB cover: 1
  Zero half: 38
  Network: 2
  RLT: 2
  Relax-and-lift: 31
  BQP: 3

Explored 1356 nodes (2704870 simplex iterations) in 420.00 seconds (1199.67 work units)
Thread count was 4 (of 32 available processors)

Solution count 10: 548.797 550.292 554.388 ... 587.878

Time limit reached
Best objective 5.487972821014e+02, best bound 5.335940302392e+02, gap 2.7703%

User-callback calls 115611, time in user-callback 0.02 sec
Cap boundary reject: PORT-583 real=604.935 baseline=594.535
Set parameter Username
Set parameter LicenseID to value 2738882
Academic license - for non-commercial use only - expires 2026-11-14
Segment 1 eval: start=BOAT-0 end=PORT-581 stations=87 (optimize)
  Segment 1 order: 1 3 4 -25 -5 -6 10 11 143 15 16 17 -18 -13 14 12 -24 -23 -22 -21 19 20 -41 42 43 44 45 46 -396 -47 -40 39 48 49 50 -38 -37 51 -52 59 -57 56 55 -54 -53 66 67 69 -36 -35 -34 -33 -32 -31 -30 -29 -28 -27 -26 93 -92 94 -96 -95 90 91 -89 88 -87 86 -85 -84 -83 -82 -81 -80 79 -78 -77 -70 -76 75 72 73 -74 -71 -68
Segment 2 eval: start=PORT-581 end=PORT-591 stations=58 (optimize)
  Segment 2 order: 65 -63 64 -58 60 61 62 391 392 393 394 395 397 398 399 -400 -401 389 390 388 -387 -386 -385 -402 403 405 406 -407 -404 409 408 -410 411 412 -413 -415 416 -417 425 381 426 -368 -367 -366 -365 364 362 -361 -360 -359 -358 -357 -356 -355 354 -353 348 -363
Segment 3 eval: start=PORT-591 end=PORT-591 stations=111 (optimize)
  Segment 3 order: -346 276 277 278 279 280 281 -556 282 283 -284 555 558 559 -560 561 -562 -554 553 550 551 552 285 286 287 288 289 290 291 292 293 294 -295 296 297 306 -305 -298 299 300 301 302 304 -303 307 308 309 -310 311 312 -313 314 315 316 317 318 319 320 340 341 342 343 344 345 334 335 336 337 338 339 321 322 323 324 325 -327 328 330 -331 -329 -326 349 350 351 352 -373 372 -374 375 376 377 379 380 414 382 384 -383 419 420 421 -423 -422 424 -418 -378 -371 -370 369 332 -333 347
Segment 4 eval: start=PORT-591 end=PORT-593 stations=43 (optimize)
  Segment 4 order: 557 563 564 565 566 567 568 -542 543 540 541 549 548 -547 -546 -545 -544 -539 -538 -537 536 -535 -534 -572 569 570 571 573 574 576 533 -532 -531 -530 -529 -528 -527 577 575 578 -525 526 -524
Segment 5 eval: start=PORT-593 end=PORT-593 stations=19 (optimize)
  Segment 5 order: 430 -434 -433 -432 -431 -429 -428 427 517 518 519 520 521 -580 -579 -523 -522 -516 -515
Segment 6 eval: start=PORT-593 end=PORT-584 stations=31 (optimize)
  Segment 6 order: -512 513 -514 -511 -510 -509 -508 -507 -506 -505 -444 -443 -442 -441 440 -439 437 -436 435 438 445 446 447 448 449 450 451 452 453 -455 -454
Segment 7 eval: start=PORT-584 end=PORT-584 stations=33 (optimize)
  Segment 7 order: 500 502 -488 489 490 491 492 -493 482 483 -462 463 464 465 -466 474 -473 -475 479 480 -481 -478 -477 -476 -114 494 -113 -112 495 496 497 498 499
Segment 8 eval: start=PORT-584 end=PORT-584 stations=12 (optimize)
  Segment 8 order: -487 486 484 -460 -459 -458 -457 -456 461 485 -504 -503
Segment 9 eval: start=PORT-584 end=PORT-588 stations=18 (optimize)
  Segment 9 order: -501 467 468 469 470 -471 472 -122 -121 120 -119 -118 -117 -116 -115 -275 -111 -274
Segment 10 eval: start=PORT-588 end=PORT-588 stations=40 (optimize)
  Segment 10 order: 106 107 109 110 -270 -269 -268 264 265 267 266 123 124 125 -126 127 -263 -262 -261 -260 -259 258 128 129 130 -256 257 -255 -254 -252 -253 273 -272 -271 -108 101 102 103 -104 105
Segment 11 eval: start=PORT-588 end=PORT-583 stations=41 (optimize)
  Segment 11 order: -248 -247 243 244 245 -249 251 -250 -208 -207 -206 -205 131 -204 -203 -202 -199 -198 -200 201 -209 -210 211 -212 197 -196 -195 -194 -193 -192 218 217 -213 214 215 -237 238 239 240 -241 242
Segment 12 eval: start=PORT-583 end=PORT-583 stations=60 (optimize)
  Segment 12 order: 133 134 230 232 233 234 -235 231 -227 -178 -226 -224 225 -222 -221 -236 97 98 99 100 246 216 -220 -219 -191 -189 190 223 -188 -187 -186 -185 -184 -183 -182 -177 171 -170 -169 -168 172 155 156 157 158 -150 -149 148 -140 -139 151 152 153 154 179 228 229 180 181 132
Segment 13 eval: start=PORT-583 end=BOAT-END stations=27 (optimize)
  Segment 13 order: -135 136 -137 -2 7 138 141 8 9 142 144 145 146 147 161 -160 159 163 -162 164 165 166 167 173 174 175 -176
Cap boundary debug: PORT-583 -> [216 220 222 221 236 97 98 246 99 100 189 225 224 223 219 191 190 188 187 186 185 184 183 182 226 178 227 231 232 230 233 234 235 133 134 132 181 180 229 228 179 154 153 152 151 139 140 148 149 150 158 157 156 155 169 168 170 171 177 172] -> PORT-583 -> [176 175 174 173 167 166 165 164 163 159 162 160 161 146 145 147 144 142 9 8 141 138 7 2 135 136 137] -> BOAT-END | load_left=43842 load_right=16497 cap=45000
Set parameter Username
Set parameter LicenseID to value 2738882
Academic license - for non-commercial use only - expires 2026-11-14
Set parameter TimeLimit to value 420
Set parameter Seed to value 1634682129
Set parameter Threads to value 4
Set parameter OutputFlag to value 1
Set parameter LogToConsole to value 1
Set parameter LazyConstraints to value 1
Gurobi Optimizer version 13.0.0 build v13.0.0rc1 (linux64 - "Debian GNU/Linux 13 (trixie)")

CPU model: AMD Ryzen 9 5950X 16-Core Processor, instruction set [SSE2|AVX|AVX2]
Thread count: 16 physical cores, 32 logical processors, using up to 4 threads

Non-default parameters:
TimeLimit  420
Seed  1634682129
Threads  4
LazyConstraints  1

Optimize a model with 33450 rows, 95052 columns and 190092 nonzeros (Min)
Model fingerprint: 0x6c7dccef
Model has 31328 linear objective coefficients
Variable types: 63368 continuous, 31684 integer (31684 binary)
Coefficient statistics:
  Matrix range     [1e+00, 4e+04]
  Objective range  [5e-05, 1e+05]
  Bounds range     [1e+00, 4e+04]
  RHS range        [1e+00, 9e+03]
Presolve removed 1948 rows and 32837 columns
Presolve time: 0.29s
Presolved: 31502 rows, 62215 columns, 186243 nonzeros
Variable types: 30798 continuous, 31417 integer (31417 binary)
Root relaxation presolved: 31502 rows, 62215 columns, 186243 nonzeros

Deterministic concurrent LP optimizer: primal and dual simplex
Showing primal log only...

Concurrent spin time: 0.00s

Solved with primal simplex

Root relaxation: objective 5.467253e+02, 72287 iterations, 3.09 seconds (6.53 work units)

    Nodes    |    Current Node    |     Objective Bounds      |     Work
 Expl Unexpl |  Obj  Depth IntInf | Incumbent    BestBd   Gap | It/Node Time

     0     0  546.72532    0  286          -  546.72532      -     -    5s
H    0     0                    1217.1573024  546.72532  55.1%     -    5s
H    0     0                    1042.7979520  546.72532  47.6%     -    6s
H    0     0                    1011.7490932  546.72532  46.0%     -   10s
H    0     0                     792.5891570  546.72532  31.0%     -   10s
H    0     0                     769.1250602  546.72532  28.9%     -   10s
     0     0  546.72532    0  284  769.12506  546.72532  28.9%     -   13s
     0     0  556.80582    0  305  769.12506  556.80582  27.6%     -   17s
H    0     0                     698.2625879  556.80582  20.3%     -   18s
H    0     0                     666.6313805  556.80582  16.5%     -   19s
H    0     0                     654.7985922  556.80582  15.0%     -   19s
H    0     0                     645.7268393  556.80582  13.8%     -   20s
H    0     0                     643.9253550  556.80582  13.5%     -   21s
H    0     0                     639.7409200  556.80582  13.0%     -   21s
H    0     0                     632.4961164  556.80582  12.0%     -   21s
H    0     0                     618.6136339  556.80582  10.0%     -   21s
H    0     0                     615.4247089  556.80582  9.52%     -   22s
H    0     0                     611.0028279  556.80582  8.87%     -   23s
     0     0  556.80582    0  305  611.00283  556.80582  8.87%     -   26s
H    0     0                     608.0544461  556.80582  8.43%     -   26s
H    0     0                     607.5813050  556.80582  8.36%     -   27s
H    0     0                     603.8576095  556.80582  7.79%     -   28s
H    0     0                     603.8576067  556.80582  7.79%     -   30s
H    0     0                     603.8576043  556.80582  7.79%     -   30s
H    0     0                     603.6066990  556.80582  7.75%     -   30s
H    0     0                     602.6610717  556.80582  7.61%     -   31s
H    0     0                     602.6610713  556.80582  7.61%     -   31s
H    0     0                     602.4101664  556.80582  7.57%     -   33s
H    0     0                     602.4101612  556.80582  7.57%     -   33s
     0     0  556.80582    0  305  602.41016  556.80582  7.57%     -   34s
     0     0  559.01036    0  313  602.41016  559.01036  7.20%     -   38s
     0     0  559.01036    0  290  602.41016  559.01036  7.20%     -   42s
     0     0  559.01036    0  300  602.41016  559.01036  7.20%     -   50s
H    0     0                     602.4101589  559.01036  7.20%     -   50s
H    0     0                     602.4101550  559.01036  7.20%     -   52s
     0     0  559.01045    0  322  602.41015  559.01045  7.20%     -   57s
     0     0  559.01047    0  326  602.41015  559.01047  7.20%     -   57s
     0     0  559.84619    0  324  602.41015  559.84619  7.07%     -   59s
     0     0  559.84619    0  324  602.41015  559.84619  7.07%     -   59s
     0     0  562.10520    0  322  602.41015  562.10520  6.69%     -   62s
     0     0  562.11505    0  326  602.41015  562.11505  6.69%     -   63s
     0     0  562.11505    0  324  602.41015  562.11505  6.69%     -   63s
     0     0  562.79021    0  335  602.41015  562.79021  6.58%     -   67s
     0     0  562.80112    0  338  602.41015  562.80112  6.58%     -   67s
     0     0  562.80163    0  336  602.41015  562.80163  6.58%     -   67s
     0     0  562.84276    0  335  602.41015  562.84276  6.57%     -   68s
     0     0  562.84351    0  338  602.41015  562.84351  6.57%     -   69s
     0     0  562.87482    0  337  602.41015  562.87482  6.56%     -   76s
     0     0  562.87492    0  334  602.41015  562.87492  6.56%     -   76s
     0     0  563.05626    0  331  602.41015  563.05626  6.53%     -   77s
     0     0  563.05627    0  331  602.41015  563.05627  6.53%     -   77s
     0     0  563.31909    0  339  602.41015  563.31909  6.49%     -   78s
     0     0  563.31949    0  341  602.41015  563.31949  6.49%     -   79s
     0     0  563.48431    0  324  602.41015  563.48431  6.46%     -   80s
     0     0  563.48431    0  327  602.41015  563.48431  6.46%     -   80s
     0     0  563.48431    0  338  602.41015  563.48431  6.46%     -   81s
     0     0  563.48431    0  333  602.41015  563.48431  6.46%     -   81s
     0     0  563.48431    0  330  602.41015  563.48431  6.46%     -   82s
     0     0  563.48431    0  304  602.41015  563.48431  6.46%     -   83s
     0     0  563.48431    0  327  602.41015  563.48431  6.46%     -   83s
     0     0  563.48431    0  329  602.41015  563.48431  6.46%     -   84s
     0     0  563.48431    0  329  602.41015  563.48431  6.46%     -   84s
     0     0  563.48431    0  317  602.41015  563.48431  6.46%     -   86s
     0     0  563.48431    0  317  602.41015  563.48431  6.46%     -   86s
     0     0  563.48431    0  317  602.41015  563.48431  6.46%     -   86s
     0     0  563.48431    0  317  602.41015  563.48431  6.46%     -   87s
     0     2  568.01365    0  317  602.41015  568.01365  5.71%     -   96s
    11    18  568.01365    4  265  602.41015  568.01365  5.71%  1043  101s
    21    28  568.01365    6  264  602.41015  568.01365  5.71%  2542  108s
    27    32  568.01365    7  263  602.41015  568.01365  5.71%  3157  113s
    31    38  568.01365    8  247  602.41015  568.01365  5.71%  3013  116s
    37    44  568.01365    8  246  602.41015  568.01365  5.71%  3207  120s
    43    49  568.01365    9  270  602.41015  568.01365  5.71%  3407  126s
    48    51  568.01365    9  246  602.41015  568.01365  5.71%  3740  130s
    50    54  568.01365   10  257  602.41015  568.01365  5.71%  3760  135s
    53    58  568.01365   11  259  602.41015  568.01365  5.71%  3787  140s
H   55    58                     602.4101495  568.01365  5.71%  3700  140s
    61    69  568.01365   12  223  602.41015  568.01365  5.71%  4194  149s
    68    75  568.01365   14  251  602.41015  568.01365  5.71%  4731  155s
H   70    75                     602.4101411  568.01365  5.71%  4682  155s
    74    80  568.01365   15  278  602.41014  568.01365  5.71%  4608  160s
    83    88  568.68395   16  283  602.41014  568.01365  5.71%  4945  169s
    87    92  568.01365   17  246  602.41014  568.01365  5.71%  4890  175s
    91    95  568.01365   19  240  602.41014  568.01365  5.71%  4805  181s
    94    99  568.01365   20  242  602.41014  568.01365  5.71%  4695  187s
   102   108  568.01365   22  260  602.41014  568.01365  5.71%  4892  195s
   111   117  568.19897   25  148  602.41014  568.01365  5.71%  5123  202s
   116   121  568.98949   26  145  602.41014  568.01365  5.71%  5192  206s
   120   129  568.54977   27  258  602.41014  568.01365  5.71%  5264  212s
   128   144  570.06917   29  240  602.41014  568.01365  5.71%  5417  217s
   143   159  570.77067   33  169  602.41014  568.01365  5.71%  5228  220s
   158   175  573.07513   35  160  602.41014  568.01365  5.71%  5114  226s
   174   197  572.07513   36  157  602.41014  568.01365  5.71%  4907  231s
   196   221  572.97434   40  198  602.41014  568.01365  5.71%  4636  236s
   220   228  574.91188   47  144  602.41014  568.01365  5.71%  4387  240s
   227   253  575.28578   48  144  602.41014  568.01365  5.71%  4384  245s
   252   264  575.56999   50  132  602.41014  568.01365  5.71%  4211  250s
   302   334  577.86873   65  134  602.41014  568.01365  5.71%  3772  257s
   339   371  578.81279   80  180  602.41014  568.01365  5.71%  3486  260s
   410   420  580.06559  106  221  602.41014  568.01365  5.71%  3060  267s
   438   439  580.65970  122  193  602.41014  568.01365  5.71%  2993  271s
   457   445  581.06713  128  185  602.41014  568.01365  5.71%  2939  276s
   463   475  581.07309  129  184  602.41014  568.01365  5.71%  2917  280s
   569   619  582.17093  172  202  602.41014  568.01365  5.71%  2564  287s
   640   690  582.66492  200  165  602.41014  568.01365  5.71%  2373  291s
   712   746  582.86214  232  187  602.41014  568.01365  5.71%  2191  296s
   783   826  583.08833  268  166  602.41014  568.01365  5.71%  2072  300s
   917   914  568.01365    6  268  602.41014  568.01365  5.71%  1905  308s
   969   942  568.01365    9  212  602.41014  568.01365  5.71%  1869  312s
  1009   976  568.75631   14  207  602.41014  568.01365  5.71%  1861  319s
  1043   998  573.32984   27   95  602.41014  568.01365  5.71%  1874  326s
  1065  1024  579.05859   28   77  602.41014  568.01365  5.71%  1882  331s
  1095  1025  590.91940  168  313  602.41014  568.01365  5.71%  1902  350s
  1097  1026  590.02826   43  277  602.41014  568.01365  5.71%  1899  355s
  1098  1027  568.01365   16  308  602.41014  568.01365  5.71%  1897  365s
  1102  1030  583.03434  240  336  602.41014  568.01365  5.71%  1890  371s
  1106  1032  593.57548   72  356  602.41014  568.01365  5.71%  1883  376s
  1111  1036  595.26602   75  350  602.41014  568.01365  5.71%  1875  380s
  1119  1042  583.48832  186  276  602.41014  573.26333  4.84%  1988  388s
  1120  1043  581.95424   17  318  602.41014  573.26333  4.84%  1987  395s
  1127  1048  573.62433    7  333  602.41014  573.62433  4.78%  1974  400s
  1134  1052  582.53168  171  337  602.41014  573.88720  4.73%  1962  406s
  1138  1055  579.23650   33  332  602.41014  573.88845  4.73%  1955  412s
  1139  1056  574.45317   12  332  602.41014  574.45317  4.64%  1954  417s
  1143  1061  574.45317   22  340  602.41014  574.45317  4.64%  2061  420s

Cutting planes:
  Gomory: 24
  Cover: 11
  Implied bound: 65
  Projected implied bound: 5
  MIR: 37
  Flow cover: 46
  Zero half: 24
  RLT: 1
  Relax-and-lift: 52
  BQP: 2

Explored 1145 nodes (2645611 simplex iterations) in 420.00 seconds (1369.31 work units)
Thread count was 4 (of 32 available processors)

Solution count 10: 602.41 602.41 602.661 ... 615.425

Time limit reached
Best objective 6.024101411074e+02, best bound 5.744531674665e+02, gap 4.6409%

User-callback calls 95850, time in user-callback 0.01 sec
Cap boundary opt: PORT-583 stations=87 obj=602.410 real=602.410 baseline=715.427
Set parameter Username
Set parameter LicenseID to value 2738882
Academic license - for non-commercial use only - expires 2026-11-14
Segment 1 eval: start=BOAT-0 end=PORT-581 stations=87 (optimize)
  Segment 1 order: 1 3 4 -25 -5 -6 10 11 143 15 16 17 -18 -13 14 12 -24 -23 -22 -21 19 20 -41 42 43 44 45 46 -396 -47 -40 39 48 49 50 -38 -37 51 -52 59 -57 56 55 -54 -53 66 67 69 -36 -35 -34 -33 -32 -31 -30 -29 -28 -27 -26 93 -92 94 -96 -95 90 91 -89 88 -87 86 -85 -84 -83 -82 -81 -80 79 -78 -77 -70 -76 75 72 73 -74 -71 -68
Segment 2 eval: start=PORT-581 end=PORT-591 stations=58 (optimize)
  Segment 2 order: 65 -63 64 -58 60 61 62 391 392 393 394 395 397 398 399 -400 -401 389 390 388 -387 -386 -385 -402 403 405 406 -407 -404 409 408 -410 411 412 -413 -415 416 -417 425 381 426 -368 -367 -366 -365 364 362 -361 -360 -359 -358 -357 -356 -355 354 -353 348 -363
Segment 3 eval: start=PORT-591 end=PORT-591 stations=111 (optimize)
  Segment 3 order: -346 276 277 278 279 280 281 -556 282 283 -284 555 558 559 -560 561 -562 -554 553 550 551 552 285 286 287 288 289 290 291 292 293 294 -295 296 297 306 -305 -298 299 300 301 302 304 -303 307 308 309 -310 311 312 -313 314 315 316 317 318 319 320 340 341 342 343 344 345 334 335 336 337 338 339 321 322 323 324 325 -327 328 330 -331 -329 -326 349 350 351 352 -373 372 -374 375 376 377 379 380 414 382 384 -383 419 420 421 -423 -422 424 -418 -378 -371 -370 369 332 -333 347
Segment 4 eval: start=PORT-591 end=PORT-593 stations=43 (optimize)
  Segment 4 order: 557 563 564 565 566 567 568 -542 543 540 541 549 548 -547 -546 -545 -544 -539 -538 -537 536 -535 -534 -572 569 570 571 573 574 576 533 -532 -531 -530 -529 -528 -527 577 575 578 -525 526 -524
Segment 5 eval: start=PORT-593 end=PORT-593 stations=19 (optimize)
  Segment 5 order: 430 -434 -433 -432 -431 -429 -428 427 517 518 519 520 521 -580 -579 -523 -522 -516 -515
Segment 6 eval: start=PORT-593 end=PORT-584 stations=31 (optimize)
  Segment 6 order: -512 513 -514 -511 -510 -509 -508 -507 -506 -505 -444 -443 -442 -441 440 -439 437 -436 435 438 445 446 447 448 449 450 451 452 453 -455 -454
Segment 7 eval: start=PORT-584 end=PORT-584 stations=33 (optimize)
  Segment 7 order: 500 502 -488 489 490 491 492 -493 482 483 -462 463 464 465 -466 474 -473 -475 479 480 -481 -478 -477 -476 -114 494 -113 -112 495 496 497 498 499
Segment 8 eval: start=PORT-584 end=PORT-584 stations=12 (optimize)
  Segment 8 order: -487 486 484 -460 -459 -458 -457 -456 461 485 -504 -503
Segment 9 eval: start=PORT-584 end=PORT-588 stations=18 (optimize)
  Segment 9 order: -501 467 468 469 470 -471 472 -122 -121 120 -119 -118 -117 -116 -115 -275 -111 -274
Segment 10 eval: start=PORT-588 end=PORT-588 stations=40 (optimize)
  Segment 10 order: 106 107 109 110 -270 -269 -268 264 265 267 266 123 124 125 -126 127 -263 -262 -261 -260 -259 258 128 129 130 -256 257 -255 -254 -252 -253 273 -272 -271 -108 101 102 103 -104 105
Segment 11 eval: start=PORT-588 end=PORT-583 stations=41 (optimize)
  Segment 11 order: -248 -247 243 244 245 -249 251 -250 -208 -207 -206 -205 131 -204 -203 -202 -199 -198 -200 201 -209 -210 211 -212 197 -196 -195 -194 -193 -192 218 217 -213 214 215 -237 238 239 240 -241 242
Segment 12 eval: start=PORT-583 end=PORT-583 stations=55 (optimize)
  Segment 12 order: -132 -229 -228 -178 -177 -176 -175 -174 -173 -172 -171 -170 -169 -168 -167 -166 -165 -164 -163 -162 -161 -160 159 -158 -157 -156 -155 -154 -153 -152 -151 -138 -141 -140 -139 -150 -149 -148 -147 -146 -145 -144 -142 -9 -8 -7 2 137 -136 135 179 180 181 -134 -133
Segment 13 eval: start=PORT-583 end=BOAT-END stations=32 (optimize)
  Segment 13 order: 230 232 233 234 -235 231 -227 -226 -182 -183 184 185 186 187 188 189 190 191 219 223 224 225 -222 -221 220 -216 -236 97 98 99 100 246
Set parameter Username
Set parameter LicenseID to value 2738882
Academic license - for non-commercial use only - expires 2026-11-14
Segment 1 eval: start=BOAT-0 end=PORT-581 stations=87 (optimize)
  Segment 1 order: 1 3 4 -25 -5 -6 10 11 143 15 16 17 -18 -13 14 12 -24 -23 -22 -21 19 20 -41 42 43 44 45 46 -396 -47 -40 39 48 49 50 -38 -37 51 -52 59 -57 56 55 -54 -53 66 67 69 -36 -35 -34 -33 -32 -31 -30 -29 -28 -27 -26 93 -92 94 -96 -95 90 91 -89 88 -87 86 -85 -84 -83 -82 -81 -80 79 -78 -77 -70 -76 75 72 73 -74 -71 -68
Segment 2 eval: start=PORT-581 end=PORT-591 stations=58 (optimize)
  Segment 2 order: 65 -63 64 -58 60 61 62 391 392 393 394 395 397 398 399 -400 -401 389 390 388 -387 -386 -385 -402 403 405 406 -407 -404 409 408 -410 411 412 -413 -415 416 -417 425 381 426 -368 -367 -366 -365 364 362 -361 -360 -359 -358 -357 -356 -355 354 -353 348 -363
Segment 3 eval: start=PORT-591 end=PORT-591 stations=111 (optimize)
  Segment 3 order: -346 276 277 278 279 280 281 -556 282 283 -284 555 558 559 -560 561 -562 -554 553 550 551 552 285 286 287 288 289 290 291 292 293 294 -295 296 297 306 -305 -298 299 300 301 302 304 -303 307 308 309 -310 311 312 -313 314 315 316 317 318 319 320 340 341 342 343 344 345 334 335 336 337 338 339 321 322 323 324 325 -327 328 330 -331 -329 -326 349 350 351 352 -373 372 -374 375 376 377 379 380 414 382 384 -383 419 420 421 -423 -422 424 -418 -378 -371 -370 369 332 -333 347
Segment 4 eval: start=PORT-591 end=PORT-593 stations=43 (optimize)
  Segment 4 order: 557 563 564 565 566 567 568 -542 543 540 541 549 548 -547 -546 -545 -544 -539 -538 -537 536 -535 -534 -572 569 570 571 573 574 576 533 -532 -531 -530 -529 -528 -527 577 575 578 -525 526 -524
Segment 5 eval: start=PORT-593 end=PORT-593 stations=19 (optimize)
  Segment 5 order: 430 -434 -433 -432 -431 -429 -428 427 517 518 519 520 521 -580 -579 -523 -522 -516 -515
Segment 6 eval: start=PORT-593 end=PORT-584 stations=31 (optimize)
  Segment 6 order: -512 513 -514 -511 -510 -509 -508 -507 -506 -505 -444 -443 -442 -441 440 -439 437 -436 435 438 445 446 447 448 449 450 451 452 453 -455 -454
Segment 7 eval: start=PORT-584 end=PORT-584 stations=33 (optimize)
  Segment 7 order: 500 502 -488 489 490 491 492 -493 482 483 -462 463 464 465 -466 474 -473 -475 479 480 -481 -478 -477 -476 -114 494 -113 -112 495 496 497 498 499
Segment 8 eval: start=PORT-584 end=PORT-584 stations=12 (optimize)
  Segment 8 order: -487 486 484 -460 -459 -458 -457 -456 461 485 -504 -503
Segment 9 eval: start=PORT-584 end=PORT-588 stations=18 (optimize)
  Segment 9 order: -501 467 468 469 470 -471 472 -122 -121 120 -119 -118 -117 -116 -115 -275 -111 -274
Segment 10 eval: start=PORT-588 end=PORT-588 stations=40 (optimize)
  Segment 10 order: 106 107 109 110 -270 -269 -268 264 265 267 266 123 124 125 -126 127 -263 -262 -261 -260 -259 258 128 129 130 -256 257 -255 -254 -252 -253 273 -272 -271 -108 101 102 103 -104 105
Segment 11 eval: start=PORT-588 end=PORT-583 stations=41 (optimize)
  Segment 11 order: -248 -247 243 244 245 -249 251 -250 -208 -207 -206 -205 131 -204 -203 -202 -199 -198 -200 201 -209 -210 211 -212 197 -196 -195 -194 -193 -192 218 217 -213 214 215 -237 238 239 240 -241 242
Segment 12 eval: start=PORT-583 end=PORT-583 stations=55 (optimize)
  Segment 12 order: -132 -229 -228 -178 -177 -176 -175 -174 -173 -172 -171 -170 -169 -168 -167 -166 -165 -164 -163 -162 -161 -160 159 -158 -157 -156 -155 -154 -153 -152 -151 -138 -141 -140 -139 -150 -149 -148 -147 -146 -145 -144 -142 -9 -8 -7 2 137 -136 135 179 180 181 -134 -133
Segment 13 eval: start=PORT-583 end=BOAT-END stations=32 (optimize)
  Segment 13 order: 230 232 233 234 -235 231 -227 -226 -182 -183 184 185 186 187 188 189 190 191 219 223 224 225 -222 -221 220 -216 -236 97 98 99 100 246
PROGRESS pass=1 changed=1 total=4841.290 best=4841.290 nseg=13 stall=0 mut=3/7 mut=STAT-172 src=13 dst=12 delta=-0.848
Capacity boundary sweep pass 2
Cap boundary debug: BOAT -> [1 3 4 5 6 10 11 12 14 13 18 17 16 15 143 31 32 36 35 34 33 30 29 27 26 28 80 79 78 77 70 76 75 71 72 73 74 68 69 67 66 55 56 54 53 51 52 49 50 37 38 48 39 40 47 396 44 45 46 43 42 41 20 19 21 22 23 24 25 93 92 94 96 95 90 91 89 88 81 82 83 87 84 85 86 59 57] -> PORT-581 -> [60 58 64 65 63 61 62 386 403 385 402 387 388 389 390 391 392 393 394 395 397 398 399 400 401 407 406 405 404 408 409 410 411 412 413 415 416 417 425 381 426 368 367 365 366 364 363 348 362 361 360 359 358 357 356 355 354 353] -> PORT-591 | load_left=43418 load_right=43833 cap=45000
Set parameter Username
Set parameter LicenseID to value 2738882
Academic license - for non-commercial use only - expires 2026-11-14
Set parameter TimeLimit to value 420
Set parameter Seed to value 836929445
Set parameter Threads to value 4
Set parameter OutputFlag to value 1
Set parameter LogToConsole to value 1
Set parameter LazyConstraints to value 1
Gurobi Optimizer version 13.0.0 build v13.0.0rc1 (linux64 - "Debian GNU/Linux 13 (trixie)")

CPU model: AMD Ryzen 9 5950X 16-Core Processor, instruction set [SSE2|AVX|AVX2]
Thread count: 16 physical cores, 32 logical processors, using up to 4 threads

Non-default parameters:
TimeLimit  420
Seed  836929445
Threads  4
LazyConstraints  1

Optimize a model with 89362 rows, 259308 columns and 518604 nonzeros (Min)
Model fingerprint: 0x22c1918e
Model has 85848 linear objective coefficients
Variable types: 172872 continuous, 86436 integer (86436 binary)
Coefficient statistics:
  Matrix range     [1e+00, 4e+04]
  Objective range  [1e+00, 1e+05]
  Bounds range     [1e+00, 4e+04]
  RHS range        [1e+00, 1e+04]
Presolve removed 3224 rows and 88343 columns
Presolve time: 0.57s
Presolved: 86138 rows, 170965 columns, 513314 nonzeros
Variable types: 84970 continuous, 85995 integer (85995 binary)
Root relaxation presolved: 86138 rows, 170965 columns, 513314 nonzeros

Deterministic concurrent LP optimizer: primal simplex, dual simplex, and barrier
Showing barrier log only...

Root barrier log...

Ordering time: 0.39s

Barrier statistics:
 AA' NZ     : 5.151e+05
 Factor NZ  : 9.733e+05 (roughly 110 MB of memory)
 Factor Ops : 3.024e+08 (less than 1 second per iteration)
 Threads    : 2

                  Objective                Residual
Iter       Primal          Dual         Primal    Dual     Compl     Time
   0   1.29112894e+10 -5.36889149e+13  2.63e+05 1.46e-11  2.11e+08     2s
   1   6.00028779e+09 -3.63236927e+13  1.22e+05 2.76e+04  1.22e+08     2s
   2   4.19003782e+09 -2.12791446e+12  8.58e+04 6.81e-10  2.71e+07     2s
   3   1.59761226e+09 -8.61322848e+11  3.28e+04 8.44e-10  1.02e+07     2s
   4   6.69987036e+08 -5.41556648e+11  1.37e+04 9.39e-10  4.64e+06     2s
   5   2.14192311e+08 -3.35332843e+11  4.36e+03 7.53e-10  1.83e+06     2s
   6   1.59022858e+07 -1.87079793e+11  2.75e+02 6.65e-10  5.00e+05     2s
   7   4.68741574e+06 -1.81310040e+10  4.28e+01 5.87e-10  4.89e+04     2s
   8   4.53587153e+06 -1.59262989e+10  3.85e+01 2.57e-09  4.28e+04     2s
   9   4.31032752e+06 -1.33532288e+10  3.40e+01 4.39e-09  3.58e+04     2s
  10   4.00552932e+06 -1.26514107e+10  2.79e+01 4.39e-09  3.32e+04     2s
  11   3.60057941e+06 -3.79695129e+09  2.05e+01 2.43e-08  9.75e+03     2s
  12   2.96681006e+06 -9.28313575e+08  9.75e+00 4.74e-09  2.34e+03     2s
  13   2.72743736e+06 -5.91507886e+08  5.35e+00 4.42e-09  1.45e+03     2s
  14   2.54994363e+06 -9.84592515e+07  2.27e+00 2.53e-09  2.43e+02     2s
  15   2.06671791e+06 -4.76839371e+07  3.67e-01 3.54e-09  1.17e+02     2s
  16   1.33291128e+06 -1.70431409e+07  1.41e-02 4.30e-09  4.31e+01     2s
  17   3.70647814e+05 -4.52925841e+06  8.08e-07 3.96e-09  1.15e+01     2s
  18   5.20319604e+04 -2.53439602e+05  7.58e-08 3.84e-09  7.16e-01     2s
  19   1.01089070e+04 -2.62613212e+04  1.49e-09 2.79e-09  8.52e-02     2s
  20   8.32202508e+03 -1.55332368e+04  3.46e-09 3.67e-09  5.59e-02     2s
  21   6.92681192e+03 -5.76391831e+03  1.24e-09 2.31e-09  2.97e-02     3s
  22   5.70424916e+03 -4.00674696e+03  5.18e-10 4.06e-09  2.27e-02     3s
  23   3.41187697e+03 -1.41633443e+03  2.48e-10 2.39e-09  1.13e-02     3s
  24   1.84108355e+03 -4.82771409e+02  4.25e-10 4.38e-09  5.44e-03     3s
  25   1.27135872e+03  5.58453883e+02  1.97e-09 2.75e-09  1.67e-03     3s
  26   1.17592629e+03  8.59184994e+02  8.37e-10 4.35e-09  7.42e-04     3s
  27   1.14192994e+03  1.00687432e+03  2.73e-10 3.70e-09  3.16e-04     3s
  28   1.12899048e+03  1.08173618e+03  1.03e-09 3.20e-09  1.11e-04     3s
  29   1.11898473e+03  1.10365974e+03  4.95e-10 3.49e-09  3.59e-05     3s
  30   1.11760817e+03  1.11208340e+03  2.48e-10 3.82e-09  1.29e-05     3s
  31   1.11723121e+03  1.11475274e+03  1.22e-10 5.35e-09  5.81e-06     3s
  32   1.11691314e+03  1.11629989e+03  3.88e-09 4.05e-09  1.44e-06     3s
  33   1.11678920e+03  1.11668510e+03  3.26e-09 4.03e-09  2.44e-07     3s
  34   1.11677140e+03  1.11674546e+03  1.26e-09 3.51e-09  6.08e-08     3s
  35   1.11676020e+03  1.11675649e+03  1.40e-10 3.27e-09  8.70e-09     3s
  36   1.11675895e+03  1.11675867e+03  4.68e-09 3.32e-09  6.52e-10     3s
  37   1.11675879e+03  1.11675878e+03  1.17e-08 3.16e-09  1.50e-11     3s

Barrier solved model in 37 iterations and 3.39 seconds (5.88 work units)
Optimal objective 1.11675879e+03

Crossover time: 0.40 seconds (0.85 work units)
Concurrent spin time: 0.00s

Solved with barrier

Root relaxation: objective 1.116759e+03, 45667 iterations, 2.95 seconds (4.79 work units)

    Nodes    |    Current Node    |     Objective Bounds      |     Work
 Expl Unexpl |  Obj  Depth IntInf | Incumbent    BestBd   Gap | It/Node Time

     0     0 1116.75879    0  463          - 1116.75879      -     -    5s
H    0     0                    1755.5023027 1116.75879  36.4%     -    7s
H    0     0                    1746.2780231 1116.75879  36.0%     -    7s
H    0     0                    1708.8226713 1116.75879  34.6%     -    7s
H    0     0                    1705.1475043 1116.75879  34.5%     -    8s
     0     0 1116.75879    0  463 1705.14750 1116.75879  34.5%     -   10s
H    0     0                    1704.4437071 1116.75879  34.5%     -   11s
H    0     0                    1678.5928236 1116.75879  33.5%     -   14s
H    0     0                    1530.1956007 1116.75879  27.0%     -   15s
H    0     0                    1494.7073566 1116.75879  25.3%     -   15s
     0     0 1116.75879    0  463 1494.70736 1116.75879  25.3%     -   18s
     0     0 1118.26767    0  520 1494.70736 1118.26767  25.2%     -   28s
H    0     0                    1479.0273986 1118.27514  24.4%     -   29s
H    0     0                    1453.8663737 1118.27514  23.1%     -   30s
H    0     0                    1447.4619176 1118.27514  22.7%     -   31s
H    0     0                    1434.6523359 1118.27514  22.1%     -   32s
H    0     0                    1374.5655161 1118.27514  18.6%     -   39s
H    0     0                    1371.2219669 1118.27514  18.4%     -   41s
H    0     0                    1361.3679887 1118.27514  17.9%     -   41s
H    0     0                    1356.6025101 1118.27514  17.6%     -   42s
H    0     0                    1356.3133076 1118.27514  17.6%     -   44s
H    0     0                    1354.7225813 1118.27514  17.5%     -   46s
     0     0 1118.42160    0  526 1354.72258 1118.42160  17.4%     -   50s
     0     0 1118.42160    0  527 1354.72258 1118.42160  17.4%     -   50s
     0     0 1124.46621    0  584 1354.72258 1124.46621  17.0%     -   60s
     0     0 1124.46772    0  586 1354.72258 1124.46772  17.0%     -   60s
     0     0 1126.26004    0  588 1354.72258 1126.26004  16.9%     -   61s
     0     0 1127.72811    0  590 1354.72258 1127.72811  16.8%     -   61s
     0     0 1132.62016    0  597 1354.72258 1132.62016  16.4%     -   71s
     0     0 1132.86052    0  601 1354.72258 1132.86052  16.4%     -   72s
     0     0 1132.86075    0  603 1354.72258 1132.86075  16.4%     -   72s
     0     0 1133.81921    0  594 1354.72258 1133.81921  16.3%     -   80s
     0     0 1133.81921    0  588 1354.72258 1133.81921  16.3%     -   81s
     0     0 1135.72382    0  601 1354.72258 1135.72382  16.2%     -   89s
     0     0 1135.72574    0  608 1354.72258 1135.72574  16.2%     -   89s
     0     0 1137.89935    0  585 1354.72258 1137.89935  16.0%     -   94s
     0     0 1137.95374    0  593 1354.72258 1137.95374  16.0%     -   95s
     0     0 1138.07193    0  590 1354.72258 1138.07193  16.0%     -   96s
     0     0 1138.07193    0  587 1354.72258 1138.07193  16.0%     -   96s
     0     0 1139.09857    0  623 1354.72258 1139.09857  15.9%     -  102s
     0     0 1140.70446    0  617 1354.72258 1140.70446  15.8%     -  102s
     0     0 1142.79748    0  606 1354.72258 1142.79748  15.6%     -  112s
     0     0 1142.95600    0  615 1354.72258 1142.95600  15.6%     -  113s
     0     0 1142.95820    0  617 1354.72258 1142.95820  15.6%     -  114s
     0     0 1145.24364    0  613 1354.72258 1145.24364  15.5%     -  124s
     0     0 1145.24809    0  614 1354.72258 1145.24809  15.5%     -  124s
     0     0 1145.39942    0  611 1354.72258 1145.39942  15.5%     -  129s
     0     0 1146.84006    0  610 1354.72258 1146.84006  15.3%     -  129s
     0     0 1146.84006    0  610 1354.72258 1146.84006  15.3%     -  129s
     0     0 1147.04775    0  607 1354.72258 1147.04775  15.3%     -  134s
     0     0 1147.04793    0  599 1354.72258 1147.04793  15.3%     -  135s
     0     0 1147.05621    0  596 1354.72258 1147.05621  15.3%     -  140s
     0     0 1147.05625    0  592 1354.72258 1147.05625  15.3%     -  140s
     0     0 1147.06117    0  591 1354.72258 1147.06117  15.3%     -  145s
     0     0 1147.06117    0  591 1354.72258 1147.06117  15.3%     -  145s
     0     0 1147.06117    0  553 1354.72258 1147.06117  15.3%     -  148s
H    0     0                    1348.6101354 1147.06117  14.9%     -  151s
H    0     0                    1338.0624389 1147.06117  14.3%     -  152s
H    0     0                    1332.6400874 1147.06117  13.9%     -  153s
H    0     0                    1330.8999408 1147.06117  13.8%     -  156s
H    0     0                    1328.4106327 1147.06117  13.7%     -  158s
     0     0 1158.59000    0  471 1328.41063 1158.59000  12.8%     -  195s
H    0     0                    1317.4703362 1158.59000  12.1%     -  196s
H    0     0                    1292.8208258 1158.59000  10.4%     -  197s
     0     0 1158.59000    0  519 1292.82083 1158.59000  10.4%     -  214s
H    0     0                    1282.7340129 1158.59000  9.68%     -  215s
H    0     0                    1277.9587994 1158.59000  9.34%     -  217s
H    0     0                    1275.7098417 1158.59000  9.18%     -  218s
H    0     0                    1275.4770720 1158.59000  9.16%     -  223s
H    0     0                    1270.3519028 1158.59000  8.80%     -  223s
H    0     0                    1269.9914624 1158.59000  8.77%     -  223s
H    0     0                    1269.7500743 1158.59000  8.75%     -  226s
H    0     0                    1267.7359245 1158.59000  8.61%     -  227s
H    0     0                    1266.4943888 1158.59000  8.52%     -  228s
H    0     0                    1266.1686187 1158.59000  8.50%     -  231s
H    0     0                    1261.2421817 1158.59000  8.14%     -  233s
     0     0 1158.59000    0  568 1261.24218 1158.59000  8.14%     -  238s
     0     0 1158.59000    0  588 1261.24218 1158.59000  8.14%     -  246s
     0     0 1158.59000    0  598 1261.24218 1158.59000  8.14%     -  248s
     0     0 1158.59000    0  595 1261.24218 1158.59000  8.14%     -  248s
     0     0 1158.59000    0  598 1261.24218 1158.59000  8.14%     -  251s
H    0     0                    1261.1844939 1158.59000  8.13%     -  252s
H    0     0                    1260.2137318 1158.59000  8.06%     -  253s
H    0     0                    1255.3684593 1158.59000  7.71%     -  253s
     0     0 1158.59000    0  608 1255.36846 1158.59000  7.71%     -  254s
     0     0 1158.59000    0  602 1255.36846 1158.59000  7.71%     -  265s
     0     0 1158.59000    0  584 1255.36846 1158.59000  7.71%     -  272s
     0     0 1158.59000    0  596 1255.36846 1158.59000  7.71%     -  272s
     0     0 1158.59000    0  600 1255.36846 1158.59000  7.71%     -  281s
     0     0 1158.59000    0  603 1255.36846 1158.59000  7.71%     -  283s
     0     0 1158.59000    0  566 1255.36846 1158.59000  7.71%     -  284s
     0     0 1158.59000    0  578 1255.36846 1158.59000  7.71%     -  286s
     0     0 1158.59000    0  578 1255.36846 1158.59000  7.71%     -  286s
     0     0 1158.59000    0  597 1255.36846 1158.59000  7.71%     -  288s
     0     0 1158.59000    0  602 1255.36846 1158.59000  7.71%     -  288s
     0     0 1161.50447    0  583 1255.36846 1161.50447  7.48%     -  295s
     0     0 1161.52807    0  577 1255.36846 1161.52807  7.48%     -  295s
     0     0 1161.52807    0  601 1255.36846 1161.52807  7.48%     -  298s
     0     0 1161.60213    0  611 1255.36846 1161.60213  7.47%     -  298s
     0     0 1161.65817    0  613 1255.36846 1161.65817  7.46%     -  299s
     0     0 1161.79123    0  573 1255.36846 1161.79123  7.45%     -  300s
     0     0 1161.79123    0  573 1255.36846 1161.79123  7.45%     -  301s
     0     0 1161.79123    0  589 1255.36846 1161.79123  7.45%     -  302s
     0     0 1161.79123    0  589 1255.36846 1161.79123  7.45%     -  302s
     0     0 1161.79123    0  562 1255.36846 1161.79123  7.45%     -  304s
H    0     0                    1254.4111455 1167.11200  6.96%     -  347s
H    0     0                    1251.8342258 1167.11200  6.77%     -  348s
H    0     0                    1251.3953382 1167.11200  6.74%     -  348s
H    0     0                    1251.3953376 1167.11200  6.74%     -  349s
     0     0 1167.11200    0  480 1251.39534 1167.11200  6.74%     -  360s
     0     0 1167.11200    0  548 1251.39534 1167.11200  6.74%     -  377s
H    0     0                    1250.8619397 1167.11200  6.70%     -  388s
H    0     0                    1250.8619377 1167.11200  6.70%     -  388s
     0     0 1167.11200    0  594 1250.86194 1167.11200  6.70%     -  395s
     0     0 1167.11200    0  575 1250.86194 1167.11200  6.70%     -  398s
     0     0 1167.11200    0  584 1250.86194 1167.11200  6.70%     -  399s
     0     0 1167.11200    0  598 1250.86194 1167.11200  6.70%     -  401s
     0     0 1167.11200    0  604 1250.86194 1167.11200  6.70%     -  402s
     0     0 1167.11200    0  578 1250.86194 1167.11200  6.70%     -  409s
     0     0 1167.11200    0  572 1250.86194 1167.11200  6.70%     -  410s
     0     0 1167.11200    0  572 1250.86194 1167.11200  6.70%     -  416s
     0     0 1167.11200    0  560 1250.86194 1167.11200  6.70%     -  417s
     0     0          -    0      1250.86194 1167.11200  6.70%     -  420s

Cutting planes:
  Gomory: 18
  Cover: 5
  Implied bound: 150
  Clique: 2
  MIR: 41
  Flow cover: 107
  GUB cover: 1
  Zero half: 33
  RLT: 6
  Relax-and-lift: 179
  BQP: 3

Explored 1 nodes (569502 simplex iterations) in 420.01 seconds (893.18 work units)
Thread count was 4 (of 32 available processors)

Solution count 10: 1250.86 1251.4 1251.83 ... 1266.49

Time limit reached
Best objective 1.250861937739e+03, best bound 1.167111996254e+03, gap 6.6954%

User-callback calls 38752, time in user-callback 0.02 sec
Cap boundary reject: PORT-581 segment infeasible left=793.867 right=100665.375
Cap boundary reject: PORT-581 real=1000000000000000052504760255204420248704468581108159154915854115511802457988908195786371375080447864043704443832883878176942523235360430575644792184786706982848387200926575803737830233794788090059368953234970799945081119038967640880074652742780142494579258788820056842838115669472196386865459400540160.000 baseline=1265.657
Cap boundary debug: PORT-591 -> [352 351 350 349 326 332 331 329 330 328 327 325 324 323 321 339 338 337 336 335 334 333 347 369 370 371 372 373 374 375 376 377 379 378 380 414 382 384 383 419 420 421 423 422 424 418 301 302 303 304 305 299 300 298 306 297 296 295 294 293 292 291 290 289 310 309 311 308 307 322 341 281 280 279 278 277 276 346 345 344 343 342 340 320 319 318 317 316 315 314 313 312 288 287 286 285 552 551 550 553 554 562 561 560 559 558 555 284 283 282 556] -> PORT-591 -> [557 567 568 565 564 563 566 548 546 547 549 545 541 544 539 540 543 542 538 537 536 529 528 527 530 531 532 533 535 534 572 569 570 571 573 574 576 577 575 526 525 524 578] -> PORT-593 | load_left=43366 load_right=42365 cap=45000
Set parameter Username
Set parameter LicenseID to value 2738882
Academic license - for non-commercial use only - expires 2026-11-14
Set parameter TimeLimit to value 420
Set parameter Seed to value 192444881
Set parameter Threads to value 4
Set parameter OutputFlag to value 1
Set parameter LogToConsole to value 1
Set parameter LazyConstraints to value 1
Gurobi Optimizer version 13.0.0 build v13.0.0rc1 (linux64 - "Debian GNU/Linux 13 (trixie)")

CPU model: AMD Ryzen 9 5950X 16-Core Processor, instruction set [SSE2|AVX|AVX2]
Thread count: 16 physical cores, 32 logical processors, using up to 4 threads

Non-default parameters:
TimeLimit  420
Seed  192444881
Threads  4
LazyConstraints  1

Optimize a model with 100450 rows, 292032 columns and 584052 nonzeros (Min)
Model fingerprint: 0xee09bd74
Model has 96716 linear objective coefficients
Variable types: 194688 continuous, 97344 integer (97344 binary)
Coefficient statistics:
  Matrix range     [1e+00, 4e+04]
  Objective range  [4e-01, 1e+05]
  Bounds range     [1e+00, 4e+04]
  RHS range        [1e+00, 1e+04]
Presolve removed 3422 rows and 99368 columns
Presolve time: 0.66s
Presolved: 97028 rows, 192664 columns, 578360 nonzeros
Variable types: 95788 continuous, 96876 integer (96876 binary)
Root relaxation presolved: 97028 rows, 192664 columns, 578360 nonzeros

Deterministic concurrent LP optimizer: primal simplex, dual simplex, and barrier
Showing barrier log only...

Root barrier log...

Ordering time: 0.06s

Barrier statistics:
 AA' NZ     : 5.802e+05
 Factor NZ  : 1.248e+06 (roughly 130 MB of memory)
 Factor Ops : 6.291e+08 (less than 1 second per iteration)
 Threads    : 2

                  Objective                Residual
Iter       Primal          Dual         Primal    Dual     Compl     Time
   0   2.12444929e+10 -6.06040396e+13  2.75e+05 1.46e-11  2.10e+08     1s
   1   9.52423431e+09 -4.10425243e+13  1.23e+05 2.72e+04  1.21e+08     1s
   2   6.87733403e+09 -2.10025001e+12  8.92e+04 9.31e-10  2.65e+07     1s
   3   1.83243053e+09 -5.72736368e+11  2.38e+04 7.05e-10  6.88e+06     1s
   4   1.93607381e+08 -3.53470531e+11  2.48e+03 1.63e-09  1.32e+06     2s
   5   5.89946191e+07 -2.34497611e+11  7.36e+02 1.57e-09  6.56e+05     2s
   6   5.68984650e+06 -2.36578483e+10  4.32e+01 7.41e-10  5.61e+04     2s
   7   5.17216379e+06 -1.89273342e+10  3.50e+01 5.85e-10  4.46e+04     2s
   8   4.83906468e+06 -1.66765714e+10  3.02e+01 1.06e-09  3.89e+04     2s
   9   4.34380945e+06 -1.50561614e+10  2.39e+01 9.82e-10  3.44e+04     2s
  10   3.86394349e+06 -1.33011201e+10  1.80e+01 1.59e-09  2.98e+04     2s
  11   3.57688794e+06 -1.01268877e+10  1.48e+01 1.74e-09  2.25e+04     2s
  12   3.40491655e+06 -6.85744466e+09  1.29e+01 3.26e-09  1.51e+04     2s
  13   2.75368926e+06 -2.26324841e+09  5.92e+00 6.00e-09  4.91e+03     2s
  14   2.35642130e+06 -2.90074576e+08  1.21e+00 4.26e-09  6.15e+02     2s
  15   2.10557237e+06 -5.65621090e+07  1.54e-01 1.34e-09  1.22e+02     2s
  16   1.62711391e+06 -3.70684701e+07  7.23e-03 1.11e-09  8.04e+01     2s
  17   9.87269254e+05 -2.62547795e+07  3.08e-05 1.00e-09  5.66e+01     2s
  18   3.49638917e+05 -4.59764371e+06  1.97e-08 1.13e-09  1.03e+01     2s
  19   4.07878065e+04 -4.16786606e+05  1.28e-09 9.07e-10  9.51e-01     2s
  20   1.48658075e+04 -1.33524198e+05  4.31e-10 1.21e-09  3.08e-01     2s
  21   1.23718032e+04 -8.38959315e+04  3.33e-11 1.22e-09  2.00e-01     2s
  22   1.07432297e+04 -2.62777620e+04  9.39e-11 5.82e-10  7.69e-02     3s
  23   7.75339689e+03 -8.08922380e+03  1.47e-10 1.12e-09  3.29e-02     3s
  24   4.52720227e+03 -3.86389026e+03  8.12e-10 9.05e-10  1.74e-02     3s
  25   3.36166788e+03 -1.86526463e+03  3.11e-10 1.04e-09  1.09e-02     3s
  26   2.66824695e+03 -1.01542285e+03  1.97e-10 1.12e-09  7.66e-03     3s
  27   1.92349805e+03 -2.43985784e+02  7.63e-11 1.32e-09  4.51e-03     3s
  28   1.43365117e+03  2.99870693e+02  1.94e-09 1.00e-09  2.36e-03     3s
  29   1.13997363e+03  7.40222861e+02  9.17e-10 8.32e-10  8.31e-04     3s
  30   1.09788825e+03  8.64027551e+02  7.49e-10 1.04e-09  4.86e-04     3s
  31   1.08014666e+03  9.25682864e+02  3.40e-10 1.18e-09  3.21e-04     3s
  32   1.07406925e+03  1.01214481e+03  7.26e-10 1.09e-09  1.29e-04     3s
  33   1.06638543e+03  1.03445460e+03  3.16e-10 8.25e-10  6.64e-05     3s
  34   1.06125013e+03  1.04624062e+03  4.88e-10 8.88e-10  3.12e-05     3s
  35   1.05967188e+03  1.05487346e+03  9.12e-10 1.05e-09  9.97e-06     3s
  36   1.05929412e+03  1.05802396e+03  7.25e-10 8.73e-10  2.64e-06     3s
  37   1.05921219e+03  1.05869421e+03  1.02e-10 9.17e-10  1.08e-06     3s
  38   1.05919101e+03  1.05893359e+03  3.56e-11 8.44e-10  5.35e-07     4s
  39   1.05918615e+03  1.05907272e+03  3.14e-11 1.19e-09  2.36e-07     4s
  40   1.05918302e+03  1.05914514e+03  5.46e-10 9.02e-10  7.87e-08     4s
  41   1.05917732e+03  1.05917297e+03  4.16e-09 5.24e-10  9.05e-09     4s
  42   1.05917699e+03  1.05917526e+03  5.23e-08 7.84e-10  3.61e-09     4s
  43   1.05917695e+03  1.05917664e+03  1.35e-08 8.68e-10  6.29e-10     4s
  44   1.05917692e+03  1.05917688e+03  3.52e-09 6.69e-10  7.30e-11     4s
  45   1.05917692e+03  1.05917691e+03  8.26e-10 5.74e-10  1.19e-12     4s

Barrier solved model in 45 iterations and 4.04 seconds (6.05 work units)
Optimal objective 1.05917692e+03

Crossover time: 0.36 seconds (0.75 work units)
Concurrent spin time: 0.00s

Solved with barrier

Root relaxation: objective 1.059177e+03, 48524 iterations, 3.45 seconds (4.59 work units)

    Nodes    |    Current Node    |     Objective Bounds      |     Work
 Expl Unexpl |  Obj  Depth IntInf | Incumbent    BestBd   Gap | It/Node Time

     0     0 1059.17691    0  488          - 1059.17691      -     -    6s
H    0     0                    803442.44611 1059.17691   100%     -    7s
H    0     0                    1726.9430315 1059.17691  38.7%     -    8s
H    0     0                    1622.4356261 1059.17691  34.7%     -    9s
H    0     0                    1571.7856541 1059.17691  32.6%     -   57s
     0     0 1059.56957    0  589 1571.78565 1059.56957  32.6%     -   63s
H    0     0                    1571.0750655 1059.61479  32.6%     -   66s
H    0     0                    1564.9321096 1059.61479  32.3%     -   67s
H    0     0                    1553.2974338 1059.61479  31.8%     -   68s
     0     0 1059.61479    0  589 1553.29743 1059.61479  31.8%     -  109s
H    0     0                    1522.7892609 1059.61479  30.4%     -  117s
H    0     0                    1505.4786540 1059.61479  29.6%     -  131s
H    0     0                    1499.1769987 1059.61479  29.3%     -  134s
H    0     0                    1486.1919983 1059.61479  28.7%     -  137s
H    0     0                    1475.7225074 1059.61479  28.2%     -  139s
H    0     0                    1452.8160196 1059.61479  27.1%     -  146s
     0     0 1059.61479    0  589 1452.81602 1059.61479  27.1%     -  155s
H    0     0                    1452.8160107 1059.61479  27.1%     -  194s
     0     0 1059.61479    0  587 1452.81601 1059.61479  27.1%     -  197s
     0     0 1061.64389    0  587 1452.81601 1061.64389  26.9%     -  197s
     0     0 1061.64389    0  591 1452.81601 1061.64389  26.9%     -  197s
     0     0 1065.28659    0  572 1452.81601 1065.28659  26.7%     -  207s
     0     0 1065.28749    0  574 1452.81601 1065.28749  26.7%     -  213s
     0     0 1066.94396    0  603 1452.81601 1066.94396  26.6%     -  224s
     0     0 1068.03672    0  611 1452.81601 1068.03672  26.5%     -  228s
     0     0 1068.03672    0  614 1452.81601 1068.03672  26.5%     -  231s
     0     0 1068.03672    0  616 1452.81601 1068.03672  26.5%     -  231s
     0     0 1068.03672    0  614 1452.81601 1068.03672  26.5%     -  237s
     0     0 1068.26573    0  616 1452.81601 1068.26573  26.5%     -  239s
     0     0 1068.26790    0  615 1452.81601 1068.26790  26.5%     -  239s
     0     0 1068.26790    0  616 1452.81601 1068.26790  26.5%     -  239s
     0     0 1069.89565    0  623 1452.81601 1069.89565  26.4%     -  247s
     0     0 1069.89789    0  626 1452.81601 1069.89789  26.4%     -  247s
     0     0 1069.89789    0  625 1452.81601 1069.89789  26.4%     -  247s
     0     0 1070.39324    0  624 1452.81601 1070.39324  26.3%     -  256s
     0     0 1070.40394    0  630 1452.81601 1070.40394  26.3%     -  261s
     0     0 1070.40394    0  630 1452.81601 1070.40394  26.3%     -  261s
     0     0 1070.72596    0  646 1452.81601 1070.72596  26.3%     -  269s
     0     0 1071.20772    0  644 1452.81601 1071.20772  26.3%     -  272s
     0     0 1071.20772    0  645 1452.81601 1071.20772  26.3%     -  272s
     0     0 1071.20772    0  647 1452.81601 1071.20772  26.3%     -  278s
     0     0 1071.20772    0  646 1452.81601 1071.20772  26.3%     -  278s
     0     0 1072.26662    0  608 1452.81601 1072.26662  26.2%     -  287s
     0     0 1072.26758    0  609 1452.81601 1072.26758  26.2%     -  296s
     0     0 1072.32321    0  635 1452.81601 1072.32321  26.2%     -  300s
     0     0 1072.33324    0  639 1452.81601 1072.33324  26.2%     -  302s
     0     0 1072.33485    0  629 1452.81601 1072.33485  26.2%     -  309s
     0     0 1072.76770    0  632 1452.81601 1072.76770  26.2%     -  312s
     0     0 1072.76771    0  643 1452.81601 1072.76771  26.2%     -  313s
     0     0 1073.02946    0  631 1452.81601 1073.02946  26.1%     -  317s
     0     0 1073.04091    0  628 1452.81601 1073.04091  26.1%     -  318s
     0     0 1073.04093    0  629 1452.81601 1073.04093  26.1%     -  322s
     0     0 1073.04471    0  633 1452.81601 1073.04471  26.1%     -  326s
     0     0 1073.04498    0  640 1452.81601 1073.04498  26.1%     -  326s
     0     0 1073.58704    0  638 1452.81601 1073.58704  26.1%     -  330s
     0     0 1073.58708    0  642 1452.81601 1073.58708  26.1%     -  330s
     0     0 1074.17581    0  595 1452.81601 1074.17581  26.1%     -  348s
     0     0 1074.20674    0  613 1452.81601 1074.20674  26.1%     -  350s
     0     0 1074.20675    0  617 1452.81601 1074.20675  26.1%     -  351s
     0     0 1074.69525    0  619 1452.81601 1074.69525  26.0%     -  355s
     0     0 1074.80437    0  627 1452.81601 1074.80437  26.0%     -  356s
     0     0 1074.80437    0  624 1452.81601 1074.80437  26.0%     -  356s
     0     0 1074.80437    0  624 1452.81601 1074.80437  26.0%     -  356s
     0     0 1076.23136    0  631 1452.81601 1076.23136  25.9%     -  359s
     0     0 1076.23235    0  630 1452.81601 1076.23235  25.9%     -  360s
     0     0 1076.45471    0  631 1452.81601 1076.45471  25.9%     -  365s
     0     0 1076.51479    0  646 1452.81601 1076.51479  25.9%     -  365s
     0     0 1076.52783    0  646 1452.81601 1076.52783  25.9%     -  365s
     0     0 1076.52783    0  646 1452.81601 1076.52783  25.9%     -  366s
     0     0 1076.65486    0  649 1452.81601 1076.65486  25.9%     -  369s
     0     0 1076.66658    0  647 1452.81601 1076.66658  25.9%     -  369s
     0     0 1076.71226    0  646 1452.81601 1076.71226  25.9%     -  372s
     0     0 1076.84321    0  643 1452.81601 1076.84321  25.9%     -  372s
     0     0 1076.88717    0  639 1452.81601 1076.88717  25.9%     -  373s
     0     0 1076.88878    0  646 1452.81601 1076.88878  25.9%     -  373s
     0     0 1077.02159    0  633 1452.81601 1077.02159  25.9%     -  376s
     0     0 1077.07873    0  644 1452.81601 1077.07873  25.9%     -  379s
     0     0 1077.08016    0  644 1452.81601 1077.08016  25.9%     -  379s
     0     0 1077.09524    0  648 1452.81601 1077.09524  25.9%     -  382s
     0     0 1077.09534    0  648 1452.81601 1077.09534  25.9%     -  383s
     0     0 1077.11035    0  641 1452.81601 1077.11035  25.9%     -  385s
     0     0 1077.11511    0  641 1452.81601 1077.11511  25.9%     -  386s
     0     0 1077.11511    0  641 1452.81601 1077.11511  25.9%     -  386s
     0     0 1077.24013    0  646 1452.81601 1077.24013  25.9%     -  388s
     0     0 1077.25258    0  652 1452.81601 1077.25258  25.9%     -  389s
     0     0 1077.25260    0  649 1452.81601 1077.25260  25.9%     -  389s
     0     0 1077.25488    0  648 1452.81601 1077.25488  25.9%     -  391s
     0     0 1077.29225    0  648 1452.81601 1077.29225  25.8%     -  392s
     0     0 1077.29225    0  648 1452.81601 1077.29225  25.8%     -  394s
     0     0 1077.29225    0  648 1452.81601 1077.29225  25.8%     -  394s
     0     0 1077.29225    0  604 1452.81601 1077.29225  25.8%     -  397s

Cutting planes:
  Gomory: 1
  Cover: 3
  Implied bound: 182
  MIR: 29
  Flow cover: 98
  Zero half: 62
  Relax-and-lift: 219
  Lazy constraints: 4

Explored 1 nodes (229940 simplex iterations) in 420.01 seconds (1177.60 work units)
Thread count was 4 (of 32 available processors)

Solution count 10: 1452.82 1475.72 1486.19 ... 1571.79

Time limit reached
Best objective 1.452816010737e+03, best bound 1.077292248736e+03, gap 25.8480%

User-callback calls 83077, time in user-callback 0.02 sec
Cap boundary reject: PORT-591 real=1431.386 baseline=1251.158
Cap boundary debug: PORT-591 -> [557 567 568 565 564 563 566 548 546 547 549 545 541 544 539 540 543 542 538 537 536 529 528 527 530 531 532 533 535 534 572 569 570 571 573 574 576 577 575 526 525 524 578] -> PORT-593 -> [579 580 521 522 523 520 519 518 517 516 515 427 428 429 430 431 432 433 434] -> PORT-593 | load_left=42365 load_right=44427 cap=45000
Set parameter Username
Set parameter LicenseID to value 2738882
Academic license - for non-commercial use only - expires 2026-11-14
Set parameter TimeLimit to value 420
Set parameter Seed to value 360393507
Set parameter Threads to value 4
Set parameter OutputFlag to value 1
Set parameter LogToConsole to value 1
Set parameter LazyConstraints to value 1
Gurobi Optimizer version 13.0.0 build v13.0.0rc1 (linux64 - "Debian GNU/Linux 13 (trixie)")

CPU model: AMD Ryzen 9 5950X 16-Core Processor, instruction set [SSE2|AVX|AVX2]
Thread count: 16 physical cores, 32 logical processors, using up to 4 threads

Non-default parameters:
TimeLimit  420
Seed  360393507
Threads  4
LazyConstraints  1

Optimize a model with 17650 rows, 49152 columns and 98292 nonzeros (Min)
Model fingerprint: 0x1556906e
Model has 16128 linear objective coefficients
Variable types: 32768 continuous, 16384 integer (16384 binary)
Coefficient statistics:
  Matrix range     [1e+00, 4e+04]
  Objective range  [5e-05, 1e+05]
  Bounds range     [1e+00, 4e+04]
  RHS range        [1e+00, 1e+04]
Presolve removed 1398 rows and 17212 columns
Presolve time: 0.16s
Presolved: 16252 rows, 31940 columns, 95624 nonzeros
Variable types: 15748 continuous, 16192 integer (16192 binary)

Root relaxation: objective 4.913067e+02, 42974 iterations, 4.28 seconds (12.69 work units)

    Nodes    |    Current Node    |     Objective Bounds      |     Work
 Expl Unexpl |  Obj  Depth IntInf | Incumbent    BestBd   Gap | It/Node Time

     0     0  491.30667    0  198          -  491.30667      -     -    4s
H    0     0                     926.2866905  491.30667  47.0%     -    7s
H    0     0                     728.0857637  491.30667  32.5%     -    7s
H    0     0                     721.6524741  491.30667  31.9%     -    7s
H    0     0                     721.2224845  491.30667  31.9%     -    7s
H    0     0                     715.0903062  491.30667  31.3%     -    7s
     0     0  497.94566    0  257  715.09031  497.94566  30.4%     -    9s
H    0     0                     683.5207028  498.02986  27.1%     -    9s
H    0     0                     681.3022462  498.02986  26.9%     -    9s
H    0     0                     680.7990359  498.02986  26.8%     -    9s
H    0     0                     658.5937042  498.02986  24.4%     -    9s
H    0     0                     650.8209075  498.02986  23.5%     -    9s
     0     0  498.02986    0  257  650.82091  498.02986  23.5%     -   10s
     0     0  501.88423    0  253  650.82091  501.88423  22.9%     -   11s
     0     0  507.44586    0  262  650.82091  507.44586  22.0%     -   12s
     0     0  507.54819    0  287  650.82091  507.54819  22.0%     -   12s
     0     0  507.54819    0  287  650.82091  507.54819  22.0%     -   12s
     0     0  510.61016    0  287  650.82091  510.61016  21.5%     -   14s
     0     0  510.63812    0  285  650.82091  510.63812  21.5%     -   14s
     0     0  510.64902    0  285  650.82091  510.64902  21.5%     -   14s
     0     0  510.64906    0  284  650.82091  510.64906  21.5%     -   14s
     0     0  512.70268    0  299  650.82091  512.70268  21.2%     -   15s
     0     0  512.83894    0  300  650.82091  512.83894  21.2%     -   15s
     0     0  512.85975    0  308  650.82091  512.85975  21.2%     -   16s
     0     0  512.86120    0  309  650.82091  512.86120  21.2%     -   16s
     0     0  513.31632    0  311  650.82091  513.31632  21.1%     -   16s
     0     0  513.31813    0  306  650.82091  513.31813  21.1%     -   16s
     0     0  513.84168    0  311  650.82091  513.84168  21.0%     -   17s
     0     0  514.01844    0  312  650.82091  514.01844  21.0%     -   17s
     0     0  514.02102    0  312  650.82091  514.02102  21.0%     -   17s
     0     0  514.60636    0  313  650.82091  514.60636  20.9%     -   18s
     0     0  514.61333    0  320  650.82091  514.61333  20.9%     -   18s
     0     0  514.61680    0  319  650.82091  514.61680  20.9%     -   18s
     0     0  514.85076    0  309  650.82091  514.85076  20.9%     -   18s
     0     0  514.85714    0  321  650.82091  514.85714  20.9%     -   18s
     0     0  515.22152    0  299  650.82091  515.22152  20.8%     -   19s
     0     0  515.29718    0  317  650.82091  515.29718  20.8%     -   19s
     0     0  515.30123    0  321  650.82091  515.30123  20.8%     -   19s
     0     0  515.73987    0  308  650.82091  515.73987  20.8%     -   20s
     0     0  515.74215    0  310  650.82091  515.74215  20.8%     -   20s
     0     0  515.88960    0  315  650.82091  515.88960  20.7%     -   20s
     0     0  515.95364    0  313  650.82091  515.95364  20.7%     -   20s
     0     0  515.97506    0  323  650.82091  515.97506  20.7%     -   20s
     0     0  515.97559    0  326  650.82091  515.97559  20.7%     -   20s
     0     0  516.83624    0  318  650.82091  516.83624  20.6%     -   21s
     0     0  516.86078    0  324  650.82091  516.86078  20.6%     -   21s
     0     0  516.87511    0  319  650.82091  516.87511  20.6%     -   21s
     0     0  516.87591    0  324  650.82091  516.87591  20.6%     -   21s
     0     0  517.02227    0  303  650.82091  517.02227  20.6%     -   22s
     0     0  517.03460    0  320  650.82091  517.03460  20.6%     -   22s
     0     0  517.03692    0  318  650.82091  517.03692  20.6%     -   22s
     0     0  518.68186    0  312  650.82091  518.68186  20.3%     -   23s
     0     0  518.68940    0  314  650.82091  518.68940  20.3%     -   24s
     0     0  518.68956    0  321  650.82091  518.68956  20.3%     -   24s
     0     0  518.72886    0  302  650.82091  518.72886  20.3%     -   25s
     0     0  518.77834    0  304  650.82091  518.77834  20.3%     -   25s
     0     0  518.77834    0  306  650.82091  518.77834  20.3%     -   25s
     0     0  518.77834    0  306  650.82091  518.77834  20.3%     -   25s
     0     0  518.77834    0  306  650.82091  518.77834  20.3%     -   25s
     0     0  518.77834    0  297  650.82091  518.77834  20.3%     -   26s
     0     0  518.77834    0  201  650.82091  518.77834  20.3%     -   31s
H    0     0                     626.8063570  518.77834  17.2%     -   31s
     0     0  518.77834    0  276  626.80636  518.77834  17.2%     -   33s
H    0     0                     624.4244101  518.77834  16.9%     -   33s
     0     0  518.77834    0  269  624.42441  518.77834  16.9%     -   34s
     0     0  518.77834    0  301  624.42441  518.77834  16.9%     -   34s
     0     0  518.77834    0  285  624.42441  518.77834  16.9%     -   34s
     0     0  518.77834    0  288  624.42441  518.77834  16.9%     -   34s
     0     0  518.77834    0  280  624.42441  518.77834  16.9%     -   34s
     0     0  518.77834    0  284  624.42441  518.77834  16.9%     -   34s
     0     0  518.77834    0  291  624.42441  518.77834  16.9%     -   34s
     0     0  518.77834    0  290  624.42441  518.77834  16.9%     -   34s
     0     0  518.79920    0  298  624.42441  518.79920  16.9%     -   34s
     0     0  518.81808    0  298  624.42441  518.81808  16.9%     -   35s
     0     0  518.83682    0  296  624.42441  518.83682  16.9%     -   35s
     0     0  518.84205    0  296  624.42441  518.84205  16.9%     -   35s
     0     0  518.84326    0  296  624.42441  518.84326  16.9%     -   35s
     0     0  520.06704    0  331  624.42441  520.06704  16.7%     -   36s
     0     0  520.07933    0  332  624.42441  520.07933  16.7%     -   36s
     0     0  520.07938    0  332  624.42441  520.07938  16.7%     -   36s
     0     0  521.19391    0  307  624.42441  521.19391  16.5%     -   37s
     0     0  521.21052    0  307  624.42441  521.21052  16.5%     -   38s
     0     0  521.24198    0  306  624.42441  521.24198  16.5%     -   39s
     0     0  521.26350    0  305  624.42441  521.26350  16.5%     -   39s
     0     0  521.26523    0  307  624.42441  521.26523  16.5%     -   39s
     0     0  521.40957    0  308  624.42441  521.40957  16.5%     -   40s
H    0     0                     624.4244028  521.40957  16.5%     -   40s
     0     0  521.41171    0  309  624.42440  521.41171  16.5%     -   40s
     0     0  521.41620    0  310  624.42440  521.41620  16.5%     -   40s
     0     0  521.41701    0  309  624.42440  521.41701  16.5%     -   41s
     0     0  521.42855    0  307  624.42440  521.42855  16.5%     -   41s
     0     0  521.43515    0  308  624.42440  521.43515  16.5%     -   41s
     0     0  521.43531    0  310  624.42440  521.43531  16.5%     -   41s
     0     0  521.44633    0  303  624.42440  521.44633  16.5%     -   42s
     0     0  521.46438    0  303  624.42440  521.46438  16.5%     -   42s
     0     0  521.46438    0  303  624.42440  521.46438  16.5%     -   42s
     0     0  521.46438    0  290  624.42440  521.46438  16.5%     -   42s
     0     0  525.41631    0  205  624.42440  525.41631  15.9%     -   46s
H    0     0                     624.3637980  525.41631  15.8%     -   46s
H    0     0                     617.5303464  525.41631  14.9%     -   46s
     0     0  525.41631    0  266  617.53035  525.41631  14.9%     -   48s
H    0     0                     617.4578176  525.41631  14.9%     -   48s
H    0     0                     614.8717385  525.41631  14.5%     -   48s
     0     0  525.41631    0  263  614.87174  525.41631  14.5%     -   48s
     0     0  525.41631    0  286  614.87174  525.41631  14.5%     -   49s
     0     0  525.41631    0  276  614.87174  525.41631  14.5%     -   49s
     0     0  525.41631    0  297  614.87174  525.41631  14.5%     -   49s
     0     0  525.41631    0  299  614.87174  525.41631  14.5%     -   49s
     0     0  525.41631    0  296  614.87174  525.41631  14.5%     -   49s
     0     0  525.41631    0  291  614.87174  525.41631  14.5%     -   49s
     0     0  525.41631    0  289  614.87174  525.41631  14.5%     -   49s
     0     0  525.41631    0  294  614.87174  525.41631  14.5%     -   49s
     0     0  525.41631    0  295  614.87174  525.41631  14.5%     -   49s
     0     0  525.41631    0  296  614.87174  525.41631  14.5%     -   49s
     0     0  525.41631    0  297  614.87174  525.41631  14.5%     -   49s
     0     0  525.41631    0  301  614.87174  525.41631  14.5%     -   50s
     0     0  525.41631    0  301  614.87174  525.41631  14.5%     -   50s
     0     0  525.41631    0  299  614.87174  525.41631  14.5%     -   51s
H    0     0                     614.5116721  525.41631  14.5%     -   51s
H    0     0                     613.7267087  525.41631  14.4%     -   52s
     0     0  525.41631    0  301  613.72671  525.41631  14.4%     -   52s
     0     0  525.41631    0  300  613.72671  525.41631  14.4%     -   52s
     0     0  525.41631    0  300  613.72671  525.41631  14.4%     -   53s
     0     0  525.41631    0  302  613.72671  525.41631  14.4%     -   53s
     0     0  525.41631    0  296  613.72671  525.41631  14.4%     -   53s
     0     0  525.41631    0  297  613.72671  525.41631  14.4%     -   53s
     0     0  525.41631    0  296  613.72671  525.41631  14.4%     -   54s
H    0     0                     608.5375926  525.41631  13.7%     -   54s
     0     0  525.41631    0  301  608.53759  525.41631  13.7%     -   54s
     0     0  525.41631    0  315  608.53759  525.41631  13.7%     -   54s
     0     0  525.41631    0  306  608.53759  525.41631  13.7%     -   55s
     0     0  525.41631    0  308  608.53759  525.41631  13.7%     -   55s
     0     0  525.41631    0  307  608.53759  525.41631  13.7%     -   55s
     0     0  525.41631    0  299  608.53759  525.41631  13.7%     -   55s
     0     0  525.41631    0  299  608.53759  525.41631  13.7%     -   56s
     0     0  525.41631    0  299  608.53759  525.41631  13.7%     -   56s
     0     0  525.41631    0  296  608.53759  525.41631  13.7%     -   56s
     0     2  525.41631    0  296  608.53759  525.41631  13.7%     -   57s
    11    24  527.14901    4  268  608.53759  525.41631  13.7%  1989   60s
H  246   253                     607.5219167  525.41631  13.5%   281   63s
   563   600  555.30921  147  134  607.52192  525.41631  13.5%   159   65s
   911   875  532.37361   11  155  607.52192  525.41631  13.5%   173   70s
  1162  1109  552.43327   83  297  607.52192  525.41631  13.5%   192   79s
  1164  1110  545.51660   71  204  607.52192  525.41631  13.5%   192   82s
  1168  1113  539.13119   37  286  607.52192  525.41631  13.5%   191   85s
  1197  1132  535.46284   12  326  607.52192  535.46284  11.9%   187   90s
  1213  1143  538.01253   46  335  607.52192  537.82533  11.5%   184   95s
  1234  1157  579.59568  242  337  607.52192  539.70897  11.2%   181  100s
  1252  1169  582.14395  160  362  607.52192  540.95922  11.0%   178  105s
  1274  1184  541.56379   14  356  607.52192  541.56379  10.9%   175  110s
  1295  1198  542.96986   99  386  607.52192  542.09544  10.8%   173  115s
  1311  1208  542.25107   19  367  607.52192  542.25107  10.7%   170  120s
  1331  1222  549.22459  126  357  607.52192  543.46023  10.5%   168  125s
  1347  1232  557.79163   59  351  607.52192  543.64140  10.5%   166  133s
H 1350  1174                     607.5219165  543.64140  10.5%   253  136s
  1360  1180  559.65918  138  355  607.52192  543.64140  10.5%   251  140s
  1375  1190  544.28366   26  352  607.52192  544.28366  10.4%   248  145s
  1392  1202  567.99577  170  354  607.52192  545.02618  10.3%   245  150s
  1397  1205  545.04139   12  357  607.52192  545.04139  10.3%   244  155s
H 1397  1144                     607.5219164  545.04139  10.3%   244  155s
H 1412  1100                     607.4992806  545.42689  10.2%   303  158s
  1427  1112  549.97179   30  227  607.49928  545.42689  10.2%   306  160s
  1490  1157  554.18871   38  234  607.49928  545.42689  10.2%   332  165s
  1569  1209  565.08078   49  152  607.49928  545.42689  10.2%   335  170s
  1682  1270  566.05526   65  146  607.49928  545.42689  10.2%   338  175s
  1920  1300  553.48784   33  201  607.49928  545.42689  10.2%   323  180s
  2284  1383 infeasible   89       607.49928  545.66107  10.2%   306  185s
H 2288  1326                     607.4992776  545.66107  10.2%   306  185s
H 2457  1345                     607.4992683  545.66107  10.2%   316  189s
  2461  1367  574.28152   53  176  607.49927  545.66107  10.2%   317  190s
  2841  1597  560.25666   72  173  607.49927  545.98807  10.1%   321  195s
  3467  1804  557.71809   45  145  607.49927  546.50609  10.0%   297  200s
  4144  2114  585.59404   89  158  607.49927  547.02961  10.0%   282  205s
  4624  2376  552.02468   38  238  607.49927  547.76816  9.83%   279  210s
  5147  2758  551.26451   32  255  607.49927  548.12965  9.77%   274  215s
  5662  3134  567.47593   48  177  607.49927  548.23365  9.76%   274  221s
  6209  3558  550.39569   36  225  607.49927  548.38514  9.73%   267  226s
  6848  3975  550.67316   33  246  607.49927  548.47765  9.72%   261  230s
  7242  4314  570.32097   39  182  607.49927  548.67541  9.68%   265  235s
  7753  4743  552.66532   35  239  607.49927  548.82663  9.66%   267  240s
  8429  5181  594.12852   41  184  607.49927  549.03957  9.62%   264  246s
  8913  5507  602.03080   63  192  607.49927  549.30210  9.58%   266  251s
  9557  6090  558.80852   41  234  607.49927  549.54869  9.54%   266  258s
  9843  6478  581.31775   72  165  607.49927  549.55585  9.54%   266  261s
 10284  6942  584.35092   79  191  607.49927  549.64263  9.52%   265  265s
 11311  7727  578.70793   44  164  607.49927  549.77384  9.50%   263  274s
 12000  8113  560.34781   32  223  607.49927  549.97569  9.47%   259  278s
 12448  8500  573.09274   67  165  607.49927  550.04050  9.46%   260  282s
H12843  8500                     607.4992593  550.04173  9.46%   257  282s
 13141  8837  559.05262   35  206  607.49926  550.17151  9.44%   256  286s
 13606  9299  580.83821   61  122  607.49926  550.26737  9.42%   257  290s
 14740  9939  592.80695  107  176  607.49926  550.32886  9.41%   254  298s
H14805  9939                     607.4992560  550.32886  9.41%   254  298s
 15040 10345  571.61368   67  174  607.49926  550.41892  9.40%   254  302s
 15537 10781  555.42207   39  222  607.49926  550.55846  9.37%   254  306s
 16074 11125  570.57503   66  198  607.49926  550.65694  9.36%   252  310s
 17182 11996  598.82241   86  204  607.49926  550.82333  9.33%   249  318s
 17717 12453  577.39658   57  198  607.49926  550.98281  9.30%   248  323s
 18319 12758  554.88119   40  236  607.49926  551.06881  9.29%   246  326s
 18804 13040  568.44629   39  194  607.49926  551.12561  9.28%   246  330s
 19768 13925  589.22594   63  207  607.49926  551.21214  9.27%   243  338s
 20445 14310  577.06967   62  164  607.49926  551.24795  9.26%   241  342s
 20994 14639  564.72059   35  225  607.49926  551.39088  9.24%   240  346s
 21930 15428  601.89383   66  187  607.49926  551.51770  9.22%   239  353s
 22466 15545  571.47893   66  205  607.49926  551.62343  9.20%   238  357s
 22703 15946  589.85540   87  183  607.49926  551.62516  9.20%   238  361s
 23261 16449  576.27448   50  226  607.49926  551.66714  9.19%   237  365s
 24383 17139  559.29838   41  222  607.49926  551.87863  9.16%   234  372s
 24858 17501  564.62226   48  216  607.49926  551.88382  9.15%   234  375s
 25883 18363  607.43470   84  134  607.49926  552.03073  9.13%   233  382s
 26601 18660  594.77326  101  182  607.49926  552.10913  9.12%   231  386s
 27489 19127  588.19545  110  169  607.49926  552.22525  9.10%   232  393s
 27669 19128  605.06729  155  172  607.49926  552.22525  9.10%   231  398s
 27688 19427  560.13879   44  190  607.49926  552.22525  9.10%   231  402s
 28070 19716  585.59925   92  159  607.49926  552.33339  9.08%   231  405s
 29265 20582  577.24752   67  215  607.49926  552.48770  9.06%   229  412s
 29808 21074  599.00247   84  202  607.49926  552.50906  9.05%   229  416s

Cutting planes:
  Gomory: 14
  Cover: 16
  Implied bound: 231
  Projected implied bound: 19
  Clique: 2
  MIR: 217
  Mixing: 1
  Flow cover: 192
  Inf proof: 3
  Zero half: 50
  RLT: 14
  Relax-and-lift: 41
  BQP: 2

Explored 31104 nodes (7251852 simplex iterations) in 420.00 seconds (1406.37 work units)
Thread count was 4 (of 32 available processors)

Solution count 10: 607.499 607.522 608.538 ... 624.424

Time limit reached
Best objective 6.074992559932e+02, best bound 5.526188899560e+02, gap 9.0338%

User-callback calls 120033, time in user-callback 0.01 sec
Cap boundary reject: PORT-593 segment infeasible left=100249.323 right=494.938
Cap boundary reject: PORT-593 real=1000000000000000052504760255204420248704468581108159154915854115511802457988908195786371375080447864043704443832883878176942523235360430575644792184786706982848387200926575803737830233794788090059368953234970799945081119038967640880074652742780142494579258788820056842838115669472196386865459400540160.000 baseline=619.473
Cap boundary debug: PORT-593 -> [579 580 521 522 523 520 519 518 517 516 515 427 428 429 430 431 432 433 434] -> PORT-593 -> [512 513 514 511 510 509 508 507 506 505 444 443 442 441 440 439 437 436 435 438 445 446 447 448 449 450 451 452 453 455 454] -> PORT-584 | load_left=44427 load_right=40321 cap=45000
Set parameter Username
Set parameter LicenseID to value 2738882
Academic license - for non-commercial use only - expires 2026-11-14
Set parameter TimeLimit to value 420
Set parameter Seed to value 1263547235
Set parameter Threads to value 4
Set parameter OutputFlag to value 1
Set parameter LogToConsole to value 1
Set parameter LazyConstraints to value 1
Gurobi Optimizer version 13.0.0 build v13.0.0rc1 (linux64 - "Debian GNU/Linux 13 (trixie)")

CPU model: AMD Ryzen 9 5950X 16-Core Processor, instruction set [SSE2|AVX|AVX2]
Thread count: 16 physical cores, 32 logical processors, using up to 4 threads

Non-default parameters:
TimeLimit  420
Seed  1263547235
Threads  4
LazyConstraints  1

Optimize a model with 11842 rows, 32448 columns and 64884 nonzeros (Min)
Model fingerprint: 0x4714fa6e
Model has 10608 linear objective coefficients
Variable types: 21632 continuous, 10816 integer (10816 binary)
Coefficient statistics:
  Matrix range     [1e+00, 4e+04]
  Objective range  [5e-05, 1e+05]
  Bounds range     [1e+00, 4e+04]
  RHS range        [1e+00, 1e+04]
Presolve removed 1134 rows and 11488 columns
Presolve time: 0.10s
Presolved: 10708 rows, 20960 columns, 62764 nonzeros
Variable types: 10300 continuous, 10660 integer (10660 binary)

Root relaxation: objective 3.581956e+02, 18807 iterations, 1.36 seconds (3.86 work units)

    Nodes    |    Current Node    |     Objective Bounds      |     Work
 Expl Unexpl |  Obj  Depth IntInf | Incumbent    BestBd   Gap | It/Node Time

     0     0  358.19564    0  194          -  358.19564      -     -    1s
H    0     0                     686.9637496  358.19564  47.9%     -    2s
H    0     0                     674.8656167  358.19564  46.9%     -    2s
H    0     0                     669.8878452  358.19564  46.5%     -    2s
H    0     0                     630.1760464  358.19564  43.2%     -    2s
H    0     0                     604.8175515  358.19564  40.8%     -    2s
H    0     0                     569.5595783  358.19564  37.1%     -    2s
H    0     0                     569.4268746  358.19564  37.1%     -    2s
H    0     0                     568.9028779  358.19564  37.0%     -    2s
     0     0  358.19564    0  195  568.90288  358.19564  37.0%     -    3s
     0     0  361.13212    0  220  568.90288  361.13212  36.5%     -    3s
H    0     0                     493.0527697  361.13212  26.8%     -    4s
H    0     0                     481.2903861  361.13212  25.0%     -    4s
H    0     0                     480.6842048  361.13212  24.9%     -    4s
H    0     0                     479.8384674  361.13212  24.7%     -    4s
H    0     0                     475.6895334  361.13212  24.1%     -    4s
H    0     0                     474.0941589  361.13212  23.8%     -    4s
H    0     0                     474.0818433  361.13212  23.8%     -    4s
H    0     0                     474.0818278  361.13212  23.8%     -    5s
     0     0  361.35222    0  224  474.08183  361.35222  23.8%     -    7s
     0     0  361.38904    0  227  474.08183  361.38904  23.8%     -    7s
     0     0  361.70961    0  226  474.08183  361.70961  23.7%     -    7s
     0     0  361.77997    0  226  474.08183  361.77997  23.7%     -    7s
     0     0  362.54866    0  225  474.08183  362.54866  23.5%     -    7s
     0     0  362.54866    0  225  474.08183  362.54866  23.5%     -    7s
     0     0  379.46324    0  221  474.08183  379.46324  20.0%     -    8s
     0     0  379.84168    0  229  474.08183  379.84168  19.9%     -    8s
     0     0  379.84168    0  224  474.08183  379.84168  19.9%     -    8s
     0     0  381.24705    0  230  474.08183  381.24705  19.6%     -    9s
     0     0  381.30034    0  227  474.08183  381.30034  19.6%     -   10s
     0     0  381.30131    0  227  474.08183  381.30131  19.6%     -   10s
     0     0  382.31329    0  237  474.08183  382.31329  19.4%     -   10s
     0     0  382.36275    0  232  474.08183  382.36275  19.3%     -   10s
     0     0  382.36277    0  232  474.08183  382.36277  19.3%     -   10s
     0     0  382.39837    0  231  474.08183  382.39837  19.3%     -   11s
     0     0  382.42519    0  231  474.08183  382.42519  19.3%     -   11s
     0     0  382.48343    0  225  474.08183  382.48343  19.3%     -   11s
     0     0  382.54438    0  225  474.08183  382.54438  19.3%     -   11s
     0     0  382.54438    0  236  474.08183  382.54438  19.3%     -   12s
     0     0  382.54438    0  237  474.08183  382.54438  19.3%     -   12s
     0     0  382.54438    0  230  474.08183  382.54438  19.3%     -   12s
     0     0  382.54438    0  230  474.08183  382.54438  19.3%     -   12s
     0     0  382.54438    0  230  474.08183  382.54438  19.3%     -   12s
     0     0  382.54438    0  226  474.08183  382.54438  19.3%     -   12s
     0     0  388.25965    0  195  474.08183  388.25965  18.1%     -   14s
H    0     0                     466.3789823  388.25965  16.8%     -   14s
H    0     0                     466.2790469  388.25965  16.7%     -   14s
H    0     0                     460.9096313  388.25965  15.8%     -   14s
H    0     0                     459.4765979  388.25965  15.5%     -   14s
     0     0  388.25965    0  228  459.47660  388.25965  15.5%     -   15s
     0     0  388.25965    0  239  459.47660  388.25965  15.5%     -   16s
     0     0  388.25965    0  235  459.47660  388.25965  15.5%     -   16s
     0     0  388.25965    0  235  459.47660  388.25965  15.5%     -   16s
     0     0  388.25965    0  228  459.47660  388.25965  15.5%     -   16s
     0     0  388.25965    0  242  459.47660  388.25965  15.5%     -   17s
     0     0  388.25965    0  246  459.47660  388.25965  15.5%     -   17s
     0     0  388.25965    0  215  459.47660  388.25965  15.5%     -   18s
     0     0  388.25965    0  228  459.47660  388.25965  15.5%     -   18s
     0     0  388.25965    0  229  459.47660  388.25965  15.5%     -   18s
     0     0  388.25965    0  233  459.47660  388.25965  15.5%     -   19s
     0     0  388.25965    0  237  459.47660  388.25965  15.5%     -   19s
     0     0  388.25965    0  235  459.47660  388.25965  15.5%     -   19s
     0     0  388.25965    0  232  459.47660  388.25965  15.5%     -   20s
     0     0  388.25965    0  236  459.47660  388.25965  15.5%     -   20s
     0     0  388.25965    0  231  459.47660  388.25965  15.5%     -   20s
     0     0  388.25965    0  231  459.47660  388.25965  15.5%     -   20s
     0     0  388.25965    0  227  459.47660  388.25965  15.5%     -   20s
     0     2  388.25965    0  227  459.47660  388.25965  15.5%     -   22s
   221   207  414.23863   48  199  459.47660  388.25965  15.5%  94.4   25s
H  283   260                     459.4765961  388.25965  15.5%   113   26s
   801   784  424.33099  159  193  459.47660  388.25965  15.5%   101   30s
  1091  1028  395.30628   17  197  459.47660  388.25965  15.5%   110   36s
  1103  1036  409.15139   25  223  459.47660  392.74958  14.5%   109   40s
  1123  1050  447.76978  246  240  459.47660  403.13604  12.3%   107   45s
  1141  1062  411.40434   68  251  459.47660  407.33025  11.3%   105   50s
  1147  1066  421.12615   28  234  459.47660  408.43912  11.1%   105   55s
  1152  1070  426.73490  201  214  459.47660  408.43912  11.1%   157   60s
  1167  1080  409.56591   15  219  459.47660  409.56591  10.9%   155   65s
  1196  1106  412.71032   26  223  459.47660  412.71032  10.2%   201   70s
  1283  1152  412.91040   35  208  459.47660  412.71032  10.2%   245   75s
  1421  1197  439.15056   50  195  459.47660  412.71032  10.2%   299   80s
  1551  1229  433.02429   33  155  459.47660  412.71032  10.2%   332   85s
H 1574  1169                     459.4765904  412.71032  10.2%   333   86s
  1816  1304  448.13979   54   86  459.47659  412.71032  10.2%   343   90s
H 1961  1302                     459.4241257  412.71032  10.2%   353   93s
  2124  1387  444.29668   57  125  459.42413  412.71032  10.2%   357   95s
  2484  1444  437.69217   35  198  459.42413  412.71032  10.2%   373  101s
  2825  1576  450.75615   59   65  459.42413  412.71032  10.2%   385  105s
  3042  1684  449.17708   78  175  459.42413  412.71032  10.2%   384  110s
  3668  1911  429.98994   34  218  459.42413  413.50326  10.0%   365  116s
  4067  2047  447.26385   54  189  459.42413  413.95307  9.90%   355  121s
  4308  2293  449.82996   44  199  459.42413  414.13458  9.86%   352  125s
  5048  2776  447.60612   71  156  459.42413  414.86174  9.70%   338  131s
  5447  3073  439.25095   36  152  459.42413  414.97253  9.68%   335  135s
  6195  3565  447.38520   51  173  459.42413  415.83717  9.49%   331  142s
  6660  3839  432.43086   32  207  459.42413  416.11262  9.43%   330  147s
  7154  4188  452.75172   55  140  459.42413  416.38923  9.37%   335  152s
  7556  4447  448.80274   66  188  459.42413  416.89897  9.26%   331  155s
H 8041  4690                     459.4241228  417.06020  9.22%   327  158s
H 8413  5034                     459.3998336  417.29621  9.16%   319  161s
  8935  5208  456.42413   61  157  459.39983  417.74853  9.07%   313  165s
  9711  5749  436.64424   38  221  459.39983  418.57167  8.89%   309  171s
 10093  5979  449.85499   44  189  459.39983  418.98165  8.80%   307  175s
 11158  6415  458.47132   71   73  459.39983  419.98402  8.58%   302  183s
 11629  6718     cutoff   56       459.39983  420.48336  8.47%   307  186s
 12263  6974  458.94448   47  139  459.39983  421.15763  8.32%   306  190s
 13500  7636  450.86789  108  135  459.39983  422.29496  8.08%   301  198s
 14103  7867  458.07856   43  216  459.39983  422.74280  7.98%   301  202s
 14684  7915     cutoff   63       459.39983  423.23879  7.87%   297  206s
 14893  8206  452.59448   45  180  459.39983  423.34296  7.85%   303  210s
H15555  8132                     457.9216970  423.82624  7.45%   306  214s
 15625  8217  445.11426   39  165  457.92170  424.00490  7.41%   306  218s
 15879  8334  451.96116   50  158  457.92170  424.44835  7.31%   311  221s
 16228  8560  443.36511   31  188  457.92170  424.72582  7.25%   315  225s
 16976  8842  453.81047   61  126  457.92170  425.21178  7.14%   321  233s
 17236  9042  450.00328   47   79  457.92170  425.48558  7.08%   326  237s
 17640  9182  457.14453   56   73  457.92170  426.08544  6.95%   328  242s
 17942  9273  452.99775   35  196  457.92170  426.25368  6.92%   331  246s
 18294  9416     cutoff   36       457.92170  426.77858  6.80%   333  250s
 19021  9704 infeasible   54       457.92170  427.26838  6.69%   336  258s
 19405  9766  455.67239   56  151  457.92170  427.62511  6.62%   339  263s
 19608  9883  450.85089   40  198  457.92170  427.71011  6.60%   341  268s
 19919 10062  436.06133   33  191  457.92170  428.00032  6.53%   341  272s
 20325 10231  444.74484   38  194  457.92170  428.19342  6.49%   343  276s
 20783 10446  441.47732   42  187  457.92170  428.44693  6.44%   344  280s
 21560 10694  457.24622   38  204  457.92170  428.91498  6.33%   349  288s
 21880 10900  438.41615   36  212  457.92170  429.10703  6.29%   350  293s
 22264 11116  454.39644   68  148  457.92170  429.26731  6.26%   352  297s
 22658 11261  456.91853   46  186  457.92170  429.61404  6.18%   354  301s
 22990 11402  441.22457   28  205  457.92170  429.77815  6.15%   356  305s
 23563 11652  439.73230   31  207  457.92170  430.48155  5.99%   363  313s
 23836 11855  447.88970   30  206  457.92170  430.65860  5.95%   365  318s
 24233 12008  454.44123   36  182  457.92170  430.81287  5.92%   366  322s
 24595 12175     cutoff   46       457.92170  431.04305  5.87%   369  326s
 25012 12240     cutoff   41       457.92170  431.31097  5.81%   370  330s
 25291 12295  444.51236   44  183  457.92170  431.61305  5.75%   373  335s
 25792 12490     cutoff   45       457.92170  432.06948  5.65%   379  343s
 26082 12568  446.88586   34  210  457.92170  432.38814  5.58%   383  347s
 26378 12623     cutoff   42       457.92170  432.88354  5.47%   386  352s
 26658 12669  455.89440   40  208  457.92170  433.11462  5.42%   389  355s
 26882 12698  455.81649   69  123  457.92170  433.37802  5.36%   393  360s
 27451 12859  455.08049   56  233  457.92170  434.20220  5.18%   399  369s
 27813 12866     cutoff   38       457.92170  434.46890  5.12%   400  373s
 28083 12902  453.18016   37  208  457.92170  435.04479  5.00%   403  377s
 28320 12951 infeasible   30       457.92170  435.47721  4.90%   407  383s
 28549 12991     cutoff   42       457.92170  435.70269  4.85%   410  389s
 28666 13011  456.89474   52  142  457.92170  435.77023  4.84%   411  393s
 28949 13104  451.37170   45  217  457.92170  436.06320  4.77%   415  398s
 29248 13073  453.46320   35  217  457.92170  436.54216  4.67%   417  402s
 29443 13209  457.23138   44  185  457.92170  437.06457  4.55%   422  407s
 29782 13254  456.48196   39  163  457.92170  437.27044  4.51%   423  411s
 30067 13264     cutoff   50       457.92170  437.64838  4.43%   426  415s
 30601 13320     cutoff   41       457.92170  438.13943  4.32%   431  420s

Cutting planes:
  Gomory: 7
  Cover: 25
  Implied bound: 83
  Projected implied bound: 9
  MIR: 84
  Flow cover: 112
  Inf proof: 22
  Zero half: 28
  RLT: 3
  Relax-and-lift: 21
  BQP: 1

Explored 30655 nodes (13310841 simplex iterations) in 420.00 seconds (1761.19 work units)
Thread count was 4 (of 32 available processors)

Solution count 10: 457.922 459.4 459.424 ... 474.082

Time limit reached
Best objective 4.579216969985e+02, best bound 4.381394306000e+02, gap 4.3200%

User-callback calls 116351, time in user-callback 0.01 sec
Cap boundary reject: PORT-593 real=525.235 baseline=475.228
Cap boundary debug: PORT-593 -> [512 513 514 511 510 509 508 507 506 505 444 443 442 441 440 439 437 436 435 438 445 446 447 448 449 450 451 452 453 455 454] -> PORT-584 -> [500 502 488 489 490 491 492 493 482 483 462 463 464 465 466 474 473 475 479 480 481 478 477 476 114 494 113 112 495 496 497 498 499] -> PORT-584 | load_left=40321 load_right=36655 cap=45000
Set parameter Username
Set parameter LicenseID to value 2738882
Academic license - for non-commercial use only - expires 2026-11-14
Set parameter TimeLimit to value 420
Set parameter Seed to value 1559495705
Set parameter Threads to value 4
Set parameter OutputFlag to value 1
Set parameter LogToConsole to value 1
Set parameter LazyConstraints to value 1
Gurobi Optimizer version 13.0.0 build v13.0.0rc1 (linux64 - "Debian GNU/Linux 13 (trixie)")

CPU model: AMD Ryzen 9 5950X 16-Core Processor, instruction set [SSE2|AVX|AVX2]
Thread count: 16 physical cores, 32 logical processors, using up to 4 threads

Non-default parameters:
TimeLimit  420
Seed  1559495705
Threads  4
LazyConstraints  1

Optimize a model with 18730 rows, 52272 columns and 104532 nonzeros (Min)
Model fingerprint: 0xfdbf5c02
Model has 17156 linear objective coefficients
Variable types: 34848 continuous, 17424 integer (17424 binary)
Coefficient statistics:
  Matrix range     [1e+00, 4e+04]
  Objective range  [6e-01, 1e+02]
  Bounds range     [1e+00, 4e+04]
  RHS range        [1e+00, 1e+04]
Presolve removed 1442 rows and 18278 columns
Presolve time: 0.16s
Presolved: 17288 rows, 33994 columns, 101776 nonzeros
Variable types: 16768 continuous, 17226 integer (17226 binary)
Found heuristic solution: objective 5543.9140552
Root relaxation presolved: 17288 rows, 33994 columns, 101776 nonzeros

Deterministic concurrent LP optimizer: primal and dual simplex
Showing primal log only...

Concurrent spin time: 0.00s

Solved with primal simplex

Root relaxation: objective 4.566770e+02, 23245 iterations, 0.69 seconds (1.37 work units)

    Nodes    |    Current Node    |     Objective Bounds      |     Work
 Expl Unexpl |  Obj  Depth IntInf | Incumbent    BestBd   Gap | It/Node Time

     0     0  456.67703    0  240 5543.91406  456.67703  91.8%     -    1s
H    0     0                     802.7849202  456.67703  43.1%     -    1s
H    0     0                     792.8713833  456.67703  42.4%     -    1s
H    0     0                     767.9974833  456.67703  40.5%     -    1s
H    0     0                     762.2964668  456.67703  40.1%     -    1s
H    0     0                     756.6571581  456.67703  39.6%     -    2s
H    0     0                     688.6588328  456.67703  33.7%     -    3s
H    0     0                     685.2504022  456.67703  33.4%     -    3s
H    0     0                     673.0211044  456.67703  32.1%     -    3s
     0     0  456.67703    0  237  673.02110  456.67703  32.1%     -    4s
     0     0  462.87156    0  228  673.02110  462.87156  31.2%     -    6s
H    0     0                     579.2010601  462.87156  20.1%     -    8s
H    0     0                     578.7636170  462.87156  20.0%     -    8s
H    0     0                     565.0051693  462.87156  18.1%     -    9s
H    0     0                     562.9692206  462.87156  17.8%     -    9s
H    0     0                     562.4617611  462.87156  17.7%     -   10s
H    0     0                     555.9898992  462.87156  16.7%     -   11s
     0     0  464.69113    0  228  555.98990  464.69113  16.4%     -   11s
     0     0  464.69200    0  228  555.98990  464.69200  16.4%     -   11s
     0     0  465.72737    0  264  555.98990  465.72737  16.2%     -   13s
     0     0  465.88438    0  255  555.98990  465.88438  16.2%     -   13s
     0     0  468.07880    0  275  555.98990  468.07880  15.8%     -   15s
     0     0  468.21286    0  286  555.98990  468.21286  15.8%     -   15s
     0     0  468.21286    0  285  555.98990  468.21286  15.8%     -   15s
     0     0  469.29100    0  285  555.98990  469.29100  15.6%     -   17s
     0     0  469.31080    0  290  555.98990  469.31080  15.6%     -   18s
     0     0  469.31627    0  292  555.98990  469.31627  15.6%     -   18s
     0     0  469.31633    0  293  555.98990  469.31633  15.6%     -   18s
     0     0  469.94024    0  298  555.98990  469.94024  15.5%     -   19s
     0     0  469.95385    0  302  555.98990  469.95385  15.5%     -   19s
     0     0  469.95385    0  300  555.98990  469.95385  15.5%     -   19s
     0     0  470.13804    0  286  555.98990  470.13804  15.4%     -   20s
     0     0  470.13974    0  280  555.98990  470.13974  15.4%     -   20s
     0     0  470.95038    0  267  555.98990  470.95038  15.3%     -   21s
     0     0  471.08273    0  293  555.98990  471.08273  15.3%     -   21s
     0     0  471.08362    0  297  555.98990  471.08362  15.3%     -   22s
     0     0  471.42922    0  286  555.98990  471.42922  15.2%     -   23s
     0     0  471.43409    0  283  555.98990  471.43409  15.2%     -   23s
     0     0  471.43474    0  287  555.98990  471.43474  15.2%     -   23s
     0     0  471.52399    0  297  555.98990  471.52399  15.2%     -   24s
     0     0  471.52399    0  296  555.98990  471.52399  15.2%     -   24s
     0     0  472.06024    0  283  555.98990  472.06024  15.1%     -   25s
     0     0  472.12582    0  307  555.98990  472.12582  15.1%     -   25s
     0     0  472.12605    0  308  555.98990  472.12605  15.1%     -   25s
     0     0  472.23736    0  292  555.98990  472.23736  15.1%     -   26s
     0     0  472.23746    0  290  555.98990  472.23746  15.1%     -   26s
     0     0  473.18495    0  308  555.98990  473.18495  14.9%     -   27s
     0     0  473.18869    0  297  555.98990  473.18869  14.9%     -   28s
     0     0  473.88794    0  289  555.98990  473.88794  14.8%     -   31s
     0     0  473.88794    0  289  555.98990  473.88794  14.8%     -   31s
     0     0  474.04893    0  290  555.98990  474.04893  14.7%     -   32s
     0     0  474.11193    0  293  555.98990  474.11193  14.7%     -   32s
     0     0  474.11193    0  293  555.98990  474.11193  14.7%     -   32s
     0     0  474.18271    0  294  555.98990  474.18271  14.7%     -   33s
     0     0  474.18554    0  292  555.98990  474.18554  14.7%     -   33s
     0     0  474.79209    0  292  555.98990  474.79209  14.6%     -   34s
     0     0  474.87341    0  293  555.98990  474.87341  14.6%     -   35s
     0     0  474.87572    0  294  555.98990  474.87572  14.6%     -   35s
     0     0  475.36343    0  314  555.98990  475.36343  14.5%     -   35s
     0     0  475.38034    0  321  555.98990  475.38034  14.5%     -   36s
     0     0  475.38034    0  320  555.98990  475.38034  14.5%     -   36s
     0     0  475.54347    0  300  555.98990  475.54347  14.5%     -   37s
     0     0  475.58082    0  312  555.98990  475.58082  14.5%     -   37s
     0     0  475.58082    0  309  555.98990  475.58082  14.5%     -   37s
     0     0  475.60055    0  312  555.98990  475.60055  14.5%     -   38s
     0     0  475.60084    0  306  555.98990  475.60084  14.5%     -   38s
     0     0  475.69710    0  318  555.98990  475.69710  14.4%     -   39s
     0     0  475.69725    0  317  555.98990  475.69725  14.4%     -   39s
     0     0  475.75176    0  294  555.98990  475.75176  14.4%     -   40s
     0     0  475.75176    0  294  555.98990  475.75176  14.4%     -   40s
     0     0  475.75176    0  278  555.98990  475.75176  14.4%     -   41s
     0     2  476.72002    0  278  555.98990  476.72002  14.3%     -   44s
     1     4  476.72002    1  263  555.98990  476.72002  14.3%  3628   45s
    27    37  484.74343    7  253  555.98990  476.72002  14.3%  1529   50s
    80    89  488.57488   15  223  555.98990  476.72002  14.3%  1197   55s
   113   122  489.54565   17  238  555.98990  476.72002  14.3%  1411   61s
H  124   126                     554.2912648  476.72002  14.0%  1357   62s
H  130   137                     536.8880897  476.72002  11.2%  1366   63s
   146   150  489.95621   21  209  536.88809  476.72002  11.2%  1327   65s
   196   220  490.78562   27  230  536.88809  476.72002  11.2%  1163   70s
H  249   250                     530.8594928  476.72002  10.2%  1011   72s
   286   317  491.92837   35  214  530.85949  476.72002  10.2%   943   75s
   711   710  497.15637  182  278  530.85949  476.72002  10.2%   488   90s
H  712   675                     529.1521168  476.72002  9.91%   488   93s
   714   676  496.18648   58  285  529.15212  476.72002  9.91%   486  100s
   720   680  494.39727  185  289  529.15212  480.55873  9.18%   482  105s
   726   684  516.59131  100  281  529.15212  483.73714  8.58%   478  110s
   733   689  503.60471  120  298  529.15212  484.60123  8.42%   474  115s
   740   693  487.18888   24  291  529.15212  485.46797  8.26%   469  121s
   744   696  491.30713   16  305  529.15212  485.46797  8.26%   467  125s
   750   700  486.59850   52  299  529.15212  486.19005  8.12%   463  131s
H  752   665                     529.1521159  486.33518  8.09%   462  137s
   756   668  493.44636  177  307  529.15212  486.58882  8.04%   459  141s
   759   670  492.00288   35  315  529.15212  486.95505  7.97%   458  146s
   767   676  491.45381  125  242  529.15212  487.27138  7.91%   708  152s
   768   677  498.74797  231  272  529.15212  487.27138  7.91%   707  155s
   776   682  488.95802   39  294  529.15212  488.20407  7.74%   700  160s
   783   687  498.99743   58  268  529.15212  489.46573  7.50%   693  165s
   789   691  492.73710   58  290  529.15212  491.56135  7.10%   688  171s
   793   694  492.10346    4  296  529.15212  492.10346  7.00%   685  175s
   799   698  492.73552   62  333  529.15212  492.28636  6.97%   679  180s
   805   702  492.68304   33  325  529.15212  492.68304  6.89%   674  186s
   809   704  498.10294  196  340  529.15212  492.81043  6.87%   671  190s
   814   708  496.18648   58  336  529.15212  493.06575  6.82%   667  195s
   821   712  493.24973   11  367  529.15212  493.24973  6.78%   661  200s
   828   717  494.07491   72  346  529.15212  493.49232  6.74%   656  205s
   835   722  502.46870  140  348  529.15212  493.70113  6.70%   650  210s
H  838   686                     529.1521159  493.71358  6.70%   648  214s
   840   687  493.71358   24  364  529.15212  493.71358  6.70%   646  215s
H  846   657                     529.1521158  493.72379  6.70%   905  221s
   855   663  493.73432    9  344  529.15212  493.73432  6.69%   895  226s
   860   667  493.76847  158  349  529.15212  493.76847  6.69%   890  230s
   866   671  493.83832   87  343  529.15212  493.83832  6.67%   884  235s
   868   672  498.74797  231  338  529.15212  493.86227  6.67%   882  240s
   907   706  502.03236   42  237  529.15212  496.53409  6.16%  1010  245s
  1012   772  516.78522   59  157  529.15212  496.53409  6.16%   995  250s
  1159   838  512.00611   78  207  529.15212  496.61898  6.15%   940  255s
  1356   857  518.95178  128  140  529.15212  496.71873  6.13%   856  260s
  1635   912  515.09608   61  194  529.15212  496.87922  6.10%   771  265s
  2004   960  504.98768   49  211  529.15212  497.51087  5.98%   691  270s
  2496  1166  510.25302   67  233  529.15212  497.62798  5.96%   604  275s
  2958  1241  503.77224   52  143  529.15212  498.28655  5.83%   549  281s
  3211  1507  514.99932   81  191  529.15212  498.71999  5.75%   528  285s
H 3459  1588                     529.1521158  498.80918  5.73%   518  288s
  3514  1668  501.20822   47  270  529.15212  498.96421  5.70%   517  290s
  3869  1970  525.74984  111  168  529.15212  498.96421  5.70%   501  295s
H 4047  2045                     529.1521145  499.18949  5.66%   492  297s
  4331  2199     cutoff  107       529.15211  499.21776  5.66%   489  301s
  4659  2387  500.68614   41  263  529.15211  499.22678  5.66%   482  305s
  4892  2482  508.49012   54  255  529.15211  499.22678  5.66%   475  310s
H 4932  2482                     529.1521089  499.22678  5.66%   479  310s
  5302  2847  515.85504   62  219  529.15211  499.55752  5.59%   477  316s
  5683  3132  513.30219   60  176  529.15211  499.67947  5.57%   474  322s
  5901  3206  514.84511   42  239  529.15211  500.01705  5.51%   473  325s
  6234  3557  518.26894   79  248  529.15211  500.02440  5.50%   475  331s
  6657  3856  507.35961   59  231  529.15211  500.22831  5.47%   471  337s
H 6767  3856                     529.1521062  500.30403  5.45%   474  337s
  6820  4000  521.88615   93  208  529.15211  500.31625  5.45%   474  341s
  7060  4100  513.57247   53  246  529.15211  500.36948  5.44%   469  345s
  7449  4488  515.15655   64  201  529.15211  500.43414  5.43%   466  352s
  7780  4698  510.15432   52  202  529.15211  500.57905  5.40%   462  355s
  8518  5281  513.72180   65  226  529.15211  500.96982  5.33%   456  363s
  9000  5423  512.95631   48  196  529.15211  501.13857  5.29%   450  368s
  9232  5670  512.03474   58  240  529.15211  501.30893  5.26%   454  372s
  9626  6012  506.83168   45  224  529.15211  501.51179  5.22%   453  377s
 10125  6262  508.39371   59  229  529.15211  501.56322  5.21%   447  381s
 10483  6655  518.89952   60  211  529.15211  501.63603  5.20%   448  387s
 11059  6981  520.56868   53  134  529.15211  501.78441  5.17%   444  392s
 11574  7309  516.76401   53  219  529.15211  501.94718  5.14%   440  397s
 12030  7694  523.50693   84  239  529.15211  502.18000  5.10%   439  403s
 12659  8039  508.89594   46  287  529.15211  502.29132  5.08%   434  408s
 13197  8328  513.17683   55  248  529.15211  502.43339  5.05%   430  414s
 13632  8677  513.17676   57  235  529.15211  502.50304  5.04%   431  419s
 14208  8691  510.65115   43  184  529.15211  502.62550  5.01%   427  420s

Cutting planes:
  Gomory: 7
  Cover: 28
  Implied bound: 154
  Projected implied bound: 26
  Clique: 2
  MIR: 151
  Mixing: 1
  Flow cover: 264
  GUB cover: 3
  Inf proof: 8
  Zero half: 45
  RLT: 18
  Relax-and-lift: 57
  BQP: 5

Explored 14231 nodes (6152225 simplex iterations) in 420.00 seconds (1303.73 work units)
Thread count was 4 (of 32 available processors)

Solution count 10: 529.152 530.859 536.888 ... 579.201

Time limit reached
Best objective 5.291521061920e+02, best bound 5.026254982341e+02, gap 5.0130%

User-callback calls 76992, time in user-callback 0.01 sec
Cap boundary opt: PORT-584 stations=64 obj=529.152 real=529.152 baseline=536.888
Set parameter Username
Set parameter LicenseID to value 2738882
Academic license - for non-commercial use only - expires 2026-11-14
Segment 1 eval: start=BOAT-0 end=PORT-581 stations=87 (optimize)
  Segment 1 order: 1 3 4 -25 -5 -6 10 11 143 15 16 17 -18 -13 14 12 -24 -23 -22 -21 19 20 -41 42 43 44 45 46 -396 -47 -40 39 48 49 50 -38 -37 51 -52 59 -57 56 55 -54 -53 66 67 69 -36 -35 -34 -33 -32 -31 -30 -29 -28 -27 -26 93 -92 94 -96 -95 90 91 -89 88 -87 86 -85 -84 -83 -82 -81 -80 79 -78 -77 -70 -76 75 72 73 -74 -71 -68
Segment 2 eval: start=PORT-581 end=PORT-591 stations=58 (optimize)
  Segment 2 order: 65 -63 64 -58 60 61 62 391 392 393 394 395 397 398 399 -400 -401 389 390 388 -387 -386 -385 -402 403 405 406 -407 -404 409 408 -410 411 412 -413 -415 416 -417 425 381 426 -368 -367 -366 -365 364 362 -361 -360 -359 -358 -357 -356 -355 354 -353 348 -363
Segment 3 eval: start=PORT-591 end=PORT-591 stations=111 (optimize)
  Segment 3 order: -346 276 277 278 279 280 281 -556 282 283 -284 555 558 559 -560 561 -562 -554 553 550 551 552 285 286 287 288 289 290 291 292 293 294 -295 296 297 306 -305 -298 299 300 301 302 304 -303 307 308 309 -310 311 312 -313 314 315 316 317 318 319 320 340 341 342 343 344 345 334 335 336 337 338 339 321 322 323 324 325 -327 328 330 -331 -329 -326 349 350 351 352 -373 372 -374 375 376 377 379 380 414 382 384 -383 419 420 421 -423 -422 424 -418 -378 -371 -370 369 332 -333 347
Segment 4 eval: start=PORT-591 end=PORT-593 stations=43 (optimize)
  Segment 4 order: 557 563 564 565 566 567 568 -542 543 540 541 549 548 -547 -546 -545 -544 -539 -538 -537 536 -535 -534 -572 569 570 571 573 574 576 533 -532 -531 -530 -529 -528 -527 577 575 578 -525 526 -524
Segment 5 eval: start=PORT-593 end=PORT-593 stations=19 (optimize)
  Segment 5 order: 430 -434 -433 -432 -431 -429 -428 427 517 518 519 520 521 -580 -579 -523 -522 -516 -515
Segment 6 eval: start=PORT-593 end=PORT-584 stations=35 (optimize)
  Segment 6 order: -512 513 -514 -511 -510 -509 -508 -507 -506 -505 -444 -443 -442 -441 440 -439 437 -436 435 438 445 446 447 448 449 450 451 452 453 -455 -454 462 -489 488 -502
Segment 7 eval: start=PORT-584 end=PORT-584 stations=29 (optimize)
  Segment 7 order: 500 490 491 492 -493 482 483 463 464 465 -466 474 -473 -475 479 480 -481 -478 -477 -476 -114 494 -113 -112 495 496 497 498 499
Segment 8 eval: start=PORT-584 end=PORT-584 stations=12 (optimize)
  Segment 8 order: -487 486 484 -460 -459 -458 -457 -456 461 485 -504 -503
Segment 9 eval: start=PORT-584 end=PORT-588 stations=18 (optimize)
  Segment 9 order: -501 467 468 469 470 -471 472 -122 -121 120 -119 -118 -117 -116 -115 -275 -111 -274
Segment 10 eval: start=PORT-588 end=PORT-588 stations=40 (optimize)
  Segment 10 order: 106 107 109 110 -270 -269 -268 264 265 267 266 123 124 125 -126 127 -263 -262 -261 -260 -259 258 128 129 130 -256 257 -255 -254 -252 -253 273 -272 -271 -108 101 102 103 -104 105
Segment 11 eval: start=PORT-588 end=PORT-583 stations=41 (optimize)
  Segment 11 order: -248 -247 243 244 245 -249 251 -250 -208 -207 -206 -205 131 -204 -203 -202 -199 -198 -200 201 -209 -210 211 -212 197 -196 -195 -194 -193 -192 218 217 -213 214 215 -237 238 239 240 -241 242
Segment 12 eval: start=PORT-583 end=PORT-583 stations=55 (optimize)
  Segment 12 order: -132 -229 -228 -178 -177 -176 -175 -174 -173 -172 -171 -170 -169 -168 -167 -166 -165 -164 -163 -162 -161 -160 159 -158 -157 -156 -155 -154 -153 -152 -151 -138 -141 -140 -139 -150 -149 -148 -147 -146 -145 -144 -142 -9 -8 -7 2 137 -136 135 179 180 181 -134 -133
Segment 13 eval: start=PORT-583 end=BOAT-END stations=32 (optimize)
  Segment 13 order: 230 232 233 234 -235 231 -227 -226 -182 -183 184 185 186 187 188 189 190 191 219 223 224 225 -222 -221 220 -216 -236 97 98 99 100 246
Cap boundary debug: PORT-584 -> [499 498 497 496 495 112 113 494 114 476 477 478 481 480 479 475 473 474 466 465 464 463 483 482 493 492 491 490 500] -> PORT-584 -> [503 504 485 461 456 457 458 459 460 484 486 487] -> PORT-584 | load_left=32837 load_right=43982 cap=45000
Set parameter Username
Set parameter LicenseID to value 2738882
Academic license - for non-commercial use only - expires 2026-11-14
Set parameter TimeLimit to value 420
Set parameter Seed to value 1284372391
Set parameter Threads to value 4
Set parameter OutputFlag to value 1
Set parameter LogToConsole to value 1
Set parameter LazyConstraints to value 1
Gurobi Optimizer version 13.0.0 build v13.0.0rc1 (linux64 - "Debian GNU/Linux 13 (trixie)")

CPU model: AMD Ryzen 9 5950X 16-Core Processor, instruction set [SSE2|AVX|AVX2]
Thread count: 16 physical cores, 32 logical processors, using up to 4 threads

Non-default parameters:
TimeLimit  420
Seed  1284372391
Threads  4
LazyConstraints  1

Optimize a model with 8242 rows, 22188 columns and 44364 nonzeros (Min)
Model fingerprint: 0x05328e9e
Model has 7216 linear objective coefficients
Variable types: 14792 continuous, 7396 integer (7396 binary)
Coefficient statistics:
  Matrix range     [1e+00, 4e+04]
  Objective range  [4e-01, 1e+02]
  Bounds range     [1e+00, 4e+04]
  RHS range        [1e+00, 2e+04]
Presolve removed 936 rows and 7951 columns
Presolve time: 0.07s
Presolved: 7306 rows, 14237 columns, 42652 nonzeros
Variable types: 6970 continuous, 7267 integer (7267 binary)

Root relaxation: objective 3.750342e+02, 13726 iterations, 0.68 seconds (2.01 work units)

    Nodes    |    Current Node    |     Objective Bounds      |     Work
 Expl Unexpl |  Obj  Depth IntInf | Incumbent    BestBd   Gap | It/Node Time

     0     0  375.03420    0  175          -  375.03420      -     -    0s
H    0     0                     589.6257876  375.03420  36.4%     -    0s
H    0     0                     587.8469218  375.03420  36.2%     -    0s
H    0     0                     582.3510289  375.03420  35.6%     -    1s
     0     0  375.03420    0  175  582.35103  375.03420  35.6%     -    1s
     0     0  376.38579    0  185  582.35103  376.38579  35.4%     -    2s
H    0     0                     576.6099648  376.38579  34.7%     -    2s
H    0     0                     572.6540432  376.38579  34.3%     -    2s
H    0     0                     536.9376619  376.38579  29.9%     -    2s
H    0     0                     536.1944453  376.38579  29.8%     -    2s
H    0     0                     533.9560645  376.38579  29.5%     -    3s
H    0     0                     531.4614490  376.38579  29.2%     -    3s
H    0     0                     531.2699288  376.38579  29.2%     -    3s
H    0     0                     514.6630814  376.38579  26.9%     -    4s
H    0     0                     513.9198648  376.38579  26.8%     -    4s
H    0     0                     512.9126975  376.38579  26.6%     -    4s
H    0     0                     510.2265619  376.38579  26.2%     -    4s
H    0     0                     509.3534914  376.38579  26.1%     -    4s
H    0     0                     481.7861641  376.38579  21.9%     -    4s
H    0     0                     479.5477833  376.38579  21.5%     -    5s
H    0     0                     472.5309355  376.38579  20.3%     -    5s
H    0     0                     468.0949776  376.38579  19.6%     -    5s
H    0     0                     461.8780928  376.38579  18.5%     -    5s
H    0     0                     460.4818252  376.38579  18.3%     -    5s
H    0     0                     456.7798199  376.38579  17.6%     -    6s
     0     0  376.39334    0  189  456.77982  376.39334  17.6%     -    6s
     0     0  376.39886    0  188  456.77982  376.39886  17.6%     -    6s
     0     0  379.26601    0  207  456.77982  379.26601  17.0%     -    6s
     0     0  379.29649    0  208  456.77982  379.29649  17.0%     -    6s
     0     0  381.22973    0  207  456.77982  381.22973  16.5%     -    7s
     0     0  381.32131    0  219  456.77982  381.32131  16.5%     -    7s
     0     0  381.32972    0  223  456.77982  381.32972  16.5%     -    7s
     0     0  381.34086    0  224  456.77982  381.34086  16.5%     -    7s
     0     0  381.34086    0  225  456.77982  381.34086  16.5%     -    7s
     0     0  382.08737    0  223  456.77982  382.08737  16.4%     -    7s
     0     0  382.08950    0  224  456.77982  382.08950  16.4%     -    8s
     0     0  382.08950    0  225  456.77982  382.08950  16.4%     -    8s
     0     0  383.01089    0  221  456.77982  383.01089  16.1%     -    8s
     0     0  383.03357    0  230  456.77982  383.03357  16.1%     -    8s
     0     0  383.09941    0  229  456.77982  383.09941  16.1%     -    8s
     0     0  383.10107    0  231  456.77982  383.10107  16.1%     -    8s
     0     0  383.16682    0  229  456.77982  383.16682  16.1%     -    9s
     0     0  383.19994    0  229  456.77982  383.19994  16.1%     -    9s
     0     0  383.20001    0  229  456.77982  383.20001  16.1%     -    9s
     0     0  383.28626    0  217  456.77982  383.28626  16.1%     -    9s
     0     0  383.28836    0  226  456.77982  383.28836  16.1%     -    9s
     0     0  383.32030    0  226  456.77982  383.32030  16.1%     -    9s
     0     0  383.32219    0  226  456.77982  383.32219  16.1%     -   10s
     0     0  384.42093    0  234  456.77982  384.42093  15.8%     -   10s
     0     0  384.42715    0  237  456.77982  384.42715  15.8%     -   10s
     0     0  384.42846    0  234  456.77982  384.42846  15.8%     -   10s
     0     0  384.43248    0  227  456.77982  384.43248  15.8%     -   10s
     0     0  384.43880    0  229  456.77982  384.43880  15.8%     -   10s
     0     0  384.43880    0  228  456.77982  384.43880  15.8%     -   11s
     0     0  384.43882    0  228  456.77982  384.43882  15.8%     -   11s
     0     0  384.43882    0  228  456.77982  384.43882  15.8%     -   11s
     0     0  384.43882    0  225  456.77982  384.43882  15.8%     -   11s
     0     2  384.43882    0  223  456.77982  384.43882  15.8%     -   11s
H   28    32                     456.5629275  384.73382  15.7%   203   12s
H   65    69                     453.2164916  384.73382  15.1%   214   12s
H  123   125                     449.1398237  384.73382  14.3%   217   13s
   241   252  396.14633   49  154  449.13982  384.73382  14.3%   209   15s
H  676   719                     446.7281355  384.73382  13.9%   130   16s
H 1557  1532                     441.1195694  384.87145  12.8%  96.6   19s
  1643  1680  388.91605    4  183  441.11957  385.31335  12.7%  95.4   20s
H 1722  1597                     440.0977230  385.31335  12.4%  94.9   23s
H 1722  1518                     440.0258712  385.31335  12.4%  94.9   23s
  1724  1519  427.35091  281  193  440.02587  385.50868  12.4%  94.8   25s
  1738  1528  392.00134   10  228  440.02587  392.00134  10.9%  94.0   30s
  1753  1538  407.84895  136  255  440.02587  393.78230  10.5%  93.2   35s
  1764  1546  408.92367  195  246  440.02587  394.20173  10.4%  92.6   40s
  1777  1554  399.82663   51  266  440.02587  394.59707  10.3%  92.0   45s
H 1777  1475                     439.0340967  394.82445  10.1%  92.0   46s
  1790  1484  423.71883  223  273  439.03410  395.35246  9.95%  91.3   50s
H 1792  1409                     437.0134460  395.43891  9.51%  91.2   52s
  1796  1412  405.87187  103  270  437.01345  395.48082  9.50%  91.0   55s
  1812  1424  424.63177  325  183  437.01345  395.58071  9.48%   111   60s
  1832  1437  395.91465   29  270  437.01345  395.91465  9.40%   109   65s
  1842  1444  403.29585   83  263  437.01345  396.12662  9.36%   109   70s
  1853  1451  407.84895  136  269  437.01345  396.34038  9.31%   108   75s
  1865  1459  396.55130   41  266  437.01345  396.55130  9.26%   107   80s
  1903  1494  403.93639   29  237  437.01345  397.19008  9.11%   138   85s
  1975  1536  417.16357   39  179  437.01345  397.19008  9.11%   150   91s
  2018  1564  405.96054   46  186  437.01345  397.19008  9.11%   156   95s
  2098  1605  413.98966   57  156  437.01345  398.37877  8.84%   170  100s
  2215  1635  424.54789   72  160  437.01345  398.37877  8.84%   191  105s
  2591  1693  406.21848   38  172  437.01345  399.31975  8.63%   211  110s
  3078  1701  416.51333  121  125  437.01345  400.48334  8.36%   226  115s
  3919  1716  410.59617   33  194  437.01345  400.48334  8.36%   208  120s
  5028  2122  412.29714   85  129  437.01345  400.71220  8.31%   182  125s
  6329  2796  419.78554  127  120  437.01345  401.98869  8.01%   159  130s
  7405  3530  435.74485   85  168  437.01345  402.57122  7.88%   149  135s
  8282  4010  426.99980   46  164  437.01345  403.00287  7.78%   144  140s
  9717  5215  406.78088   30  230  437.01345  403.53082  7.66%   139  146s
 10451  5877  416.88439   41  216  437.01345  403.93651  7.57%   138  150s
 11241  6442  417.84264   40  188  437.01345  404.10054  7.53%   141  155s
 12031  7198  417.65169   81  157  437.01345  404.11518  7.53%   142  160s
 13181  7799     cutoff   48       437.01345  404.68208  7.40%   142  165s
 14137  8402  423.39859   50  146  437.01345  404.83076  7.36%   141  171s
 15120  9101  424.99442   38  123  437.01345  405.00054  7.33%   142  177s
 15389  9623  427.21784   83  101  437.01345  405.00819  7.32%   141  180s
 16781 10588  420.27278  165  144  437.01345  405.27883  7.26%   138  185s
 17728 11313  429.15949   38  169  437.01345  405.49355  7.21%   139  190s
 19220 12360  424.92681   74  122  437.01345  405.64501  7.18%   136  195s
 20228 13374  410.62557   32  224  437.01345  405.89512  7.12%   137  200s
 22278 14370  414.84838   32  172  437.01345  406.27029  7.03%   134  206s
 22800 14801  426.77534  101  150  437.01345  406.27029  7.03%   138  211s
 23713 15519  409.55350   33  185  437.01345  406.45003  6.99%   139  215s
 24697 16188  422.05242   34  186  437.01345  406.68930  6.94%   139  220s
 26017 17098  423.85418  160  133  437.01345  406.79551  6.91%   137  225s
 27953 18511     cutoff   48       437.01345  406.94403  6.88%   135  231s
 29148 19219  425.99899   45  142  437.01345  407.10457  6.84%   135  236s
 30302 19834  424.73061   38  202  437.01345  407.16146  6.83%   134  240s
 31948 21375  419.29225  133  180  437.01345  407.28366  6.80%   134  246s
 33682 22765  425.83303  274  120  437.01345  407.41234  6.77%   130  251s
 34824 23428  421.10263  151  146  437.01345  407.50661  6.75%   129  255s
 36590 24926     cutoff   53       437.01345  407.63989  6.72%   128  261s
 37728 25558  415.75809   42  167  437.01345  407.78321  6.69%   127  265s
 38833 26217  415.96156   53  155  437.01345  407.90785  6.66%   128  271s
 39550 26776  428.30819   55  127  437.01345  408.00609  6.64%   129  275s
 40914 27866  423.62825   59  161  437.01345  408.12986  6.61%   129  281s
H42043 28603                     437.0134433  408.21259  6.59%   128  285s
 43170 29500  421.56969   44  121  437.01344  408.25329  6.58%   126  290s
H43840 29919                     437.0134392  408.31560  6.57%   126  294s
 44111 30319  410.36890   35  184  437.01344  408.40566  6.55%   127  296s
 45146 31014  422.95393   33  153  437.01344  408.49122  6.53%   127  300s
 46117 31511     cutoff  143       437.01344  408.51972  6.52%   128  306s
 46805 31942  417.05881   31  188  437.01344  408.57288  6.51%   128  310s
 48012 32496  424.28434   45  169  437.01344  408.62144  6.50%   129  316s
 48803 33105  420.77493   36  143  437.01344  408.71370  6.48%   130  320s
 50524 34488  421.49819   36  170  437.01344  408.83246  6.45%   129  326s
 51320 34879  432.74050   64  117  437.01344  408.87404  6.44%   129  330s
 52541 35487  417.68682   58  197  437.01344  409.07435  6.39%   130  336s
 53220 36136  413.23719   39  202  437.01344  409.14394  6.38%   130  340s
 54656 37071  431.16820   61  153  437.01344  409.19751  6.37%   130  346s
 55590 37745  434.87564   65  125  437.01344  409.28435  6.35%   130  350s
 57218 38842  427.73990   35  163  437.01344  409.38460  6.32%   130  355s
 58529 40012  430.32234   58  165  437.01344  409.45656  6.31%   130  361s
 59706 40668  426.09212   40  223  437.01344  409.52985  6.29%   129  365s
 60826 41291  417.37629   71  174  437.01344  409.59535  6.27%   130  370s
 62080 41891     cutoff  233       437.01344  409.65873  6.26%   131  376s
 62960 42279     cutoff   65       437.01344  409.73140  6.24%   131  380s
 64082 42857  419.28648   57  161  437.01344  409.75300  6.24%   132  385s
 64957 43418     cutoff  124       437.01344  409.76651  6.23%   132  391s
 65747 44233  425.92489   46  181  437.01344  409.83488  6.22%   132  395s
 67269 45050  420.34946   54  196  437.01344  409.92080  6.20%   132  400s
 68363 45893  413.87342   36  188  437.01344  409.97908  6.19%   132  406s
 69294 46449  436.44256   40  165  437.01344  410.04056  6.17%   132  410s
 70470 47128  428.19860   42  130  437.01344  410.12388  6.15%   133  415s
 71755 47713  421.80739   36  192  437.01344  410.21139  6.13%   133  420s

Cutting planes:
  Gomory: 10
  Cover: 23
  Implied bound: 206
  Projected implied bound: 19
  MIR: 286
  Mixing: 1
  Flow cover: 289
  GUB cover: 1
  Inf proof: 6
  Zero half: 17
  RLT: 15
  Relax-and-lift: 38
  BQP: 11

Explored 71878 nodes (9605839 simplex iterations) in 420.00 seconds (1682.51 work units)
Thread count was 4 (of 32 available processors)

Solution count 10: 437.013 437.013 439.034 ... 456.563

Time limit reached
Warning: max constraint violation (1.3127e-02) exceeds tolerance
         (model may be infeasible or unbounded - try turning presolve off)
Best objective 4.370134390567e+02, best bound 4.102179298088e+02, gap 6.1315%

User-callback calls 193268, time in user-callback 0.01 sec
Cap boundary reject: PORT-584 real=437.013 baseline=437.013
Set parameter Username
Set parameter LicenseID to value 2738882
Academic license - for non-commercial use only - expires 2026-11-14
Segment 1 eval: start=BOAT-0 end=PORT-581 stations=87 (optimize)
  Segment 1 order: 1 3 4 -25 -5 -6 10 11 143 15 16 17 -18 -13 14 12 -24 -23 -22 -21 19 20 -41 42 43 44 45 46 -396 -47 -40 39 48 49 50 -38 -37 51 -52 59 -57 56 55 -54 -53 66 67 69 -36 -35 -34 -33 -32 -31 -30 -29 -28 -27 -26 93 -92 94 -96 -95 90 91 -89 88 -87 86 -85 -84 -83 -82 -81 -80 79 -78 -77 -70 -76 75 72 73 -74 -71 -68
Segment 2 eval: start=PORT-581 end=PORT-591 stations=58 (optimize)
  Segment 2 order: 65 -63 64 -58 60 61 62 391 392 393 394 395 397 398 399 -400 -401 389 390 388 -387 -386 -385 -402 403 405 406 -407 -404 409 408 -410 411 412 -413 -415 416 -417 425 381 426 -368 -367 -366 -365 364 362 -361 -360 -359 -358 -357 -356 -355 354 -353 348 -363
Segment 3 eval: start=PORT-591 end=PORT-591 stations=111 (optimize)
  Segment 3 order: -346 276 277 278 279 280 281 -556 282 283 -284 555 558 559 -560 561 -562 -554 553 550 551 552 285 286 287 288 289 290 291 292 293 294 -295 296 297 306 -305 -298 299 300 301 302 304 -303 307 308 309 -310 311 312 -313 314 315 316 317 318 319 320 340 341 342 343 344 345 334 335 336 337 338 339 321 322 323 324 325 -327 328 330 -331 -329 -326 349 350 351 352 -373 372 -374 375 376 377 379 380 414 382 384 -383 419 420 421 -423 -422 424 -418 -378 -371 -370 369 332 -333 347
Segment 4 eval: start=PORT-591 end=PORT-593 stations=43 (optimize)
  Segment 4 order: 557 563 564 565 566 567 568 -542 543 540 541 549 548 -547 -546 -545 -544 -539 -538 -537 536 -535 -534 -572 569 570 571 573 574 576 533 -532 -531 -530 -529 -528 -527 577 575 578 -525 526 -524
Segment 5 eval: start=PORT-593 end=PORT-593 stations=19 (optimize)
  Segment 5 order: 430 -434 -433 -432 -431 -429 -428 427 517 518 519 520 521 -580 -579 -523 -522 -516 -515
Segment 6 eval: start=PORT-593 end=PORT-584 stations=34 (optimize)
  Segment 6 order: -512 513 -514 -511 -510 -509 -508 -507 -506 -505 -444 -443 -442 -441 440 -439 437 -436 435 438 445 446 447 448 449 450 451 452 453 -455 -454 462 -489 -502
Segment 7 eval: start=PORT-584 end=PORT-584 stations=29 (optimize)
  Segment 7 order: 500 490 491 492 -493 482 483 463 464 465 -466 474 -473 -475 479 480 -481 -478 -477 -476 -114 494 -113 -112 495 496 497 498 499
Segment 8 eval: start=PORT-584 end=PORT-584 stations=13 (optimize)
  Segment 8 order: -488 -487 486 484 -460 -459 -458 -457 -456 461 485 -504 -503
Segment 9 eval: start=PORT-584 end=PORT-588 stations=18 (optimize)
  Segment 9 order: -501 467 468 469 470 -471 472 -122 -121 120 -119 -118 -117 -116 -115 -275 -111 -274
Segment 10 eval: start=PORT-588 end=PORT-588 stations=40 (optimize)
  Segment 10 order: 106 107 109 110 -270 -269 -268 264 265 267 266 123 124 125 -126 127 -263 -262 -261 -260 -259 258 128 129 130 -256 257 -255 -254 -252 -253 273 -272 -271 -108 101 102 103 -104 105
Segment 11 eval: start=PORT-588 end=PORT-583 stations=41 (optimize)
  Segment 11 order: -248 -247 243 244 245 -249 251 -250 -208 -207 -206 -205 131 -204 -203 -202 -199 -198 -200 201 -209 -210 211 -212 197 -196 -195 -194 -193 -192 218 217 -213 214 215 -237 238 239 240 -241 242
Segment 12 eval: start=PORT-583 end=PORT-583 stations=55 (optimize)
  Segment 12 order: -132 -229 -228 -178 -177 -176 -175 -174 -173 -172 -171 -170 -169 -168 -167 -166 -165 -164 -163 -162 -161 -160 159 -158 -157 -156 -155 -154 -153 -152 -151 -138 -141 -140 -139 -150 -149 -148 -147 -146 -145 -144 -142 -9 -8 -7 2 137 -136 135 179 180 181 -134 -133
Segment 13 eval: start=PORT-583 end=BOAT-END stations=32 (optimize)
  Segment 13 order: 230 232 233 234 -235 231 -227 -226 -182 -183 184 185 186 187 188 189 190 191 219 223 224 225 -222 -221 220 -216 -236 97 98 99 100 246
Cap boundary debug: PORT-584 -> [503 504 485 461 456 457 458 459 460 484 486 487 488] -> PORT-584 -> [501 467 468 469 470 471 472 122 121 120 119 118 117 116 115 275 111 274] -> PORT-588 | load_left=44629 load_right=42427 cap=45000
Set parameter Username
Set parameter LicenseID to value 2738882
Academic license - for non-commercial use only - expires 2026-11-14
Set parameter TimeLimit to value 420
Set parameter Seed to value 88289349
Set parameter Threads to value 4
Set parameter OutputFlag to value 1
Set parameter LogToConsole to value 1
Set parameter LazyConstraints to value 1
Gurobi Optimizer version 13.0.0 build v13.0.0rc1 (linux64 - "Debian GNU/Linux 13 (trixie)")

CPU model: AMD Ryzen 9 5950X 16-Core Processor, instruction set [SSE2|AVX|AVX2]
Thread count: 16 physical cores, 32 logical processors, using up to 4 threads

Non-default parameters:
TimeLimit  420
Seed  88289349
Threads  4
LazyConstraints  1

Optimize a model with 5002 rows, 13068 columns and 26124 nonzeros (Min)
Model fingerprint: 0xfd861267
Model has 4220 linear objective coefficients
Variable types: 8712 continuous, 4356 integer (4356 binary)
Coefficient statistics:
  Matrix range     [1e+00, 4e+04]
  Objective range  [4e-01, 2e+02]
  Bounds range     [1e+00, 4e+04]
  RHS range        [1e+00, 2e+04]
Presolve removed 716 rows and 4781 columns
Presolve time: 0.04s
Presolved: 4286 rows, 8287 columns, 24862 nonzeros
Variable types: 4030 continuous, 4257 integer (4257 binary)

Root relaxation: objective 4.013229e+02, 7919 iterations, 0.22 seconds (0.61 work units)

    Nodes    |    Current Node    |     Objective Bounds      |     Work
 Expl Unexpl |  Obj  Depth IntInf | Incumbent    BestBd   Gap | It/Node Time

     0     0  401.32285    0  127          -  401.32285      -     -    0s
H    0     0                     499.4087333  401.32285  19.6%     -    0s
H    0     0                     424.2355920  401.32285  5.40%     -    0s
     0     0  401.32285    0  127  424.23559  401.32285  5.40%     -    0s
     0     0  405.04336    0  148  424.23559  405.04336  4.52%     -    0s
     0     0  405.04336    0  129  424.23559  405.04336  4.52%     -    0s
     0     0  405.07039    0  155  424.23559  405.07039  4.52%     -    0s
     0     0  405.41907    0  155  424.23559  405.41907  4.44%     -    0s
     0     0  406.15274    0  164  424.23559  406.15274  4.26%     -    0s
     0     0  406.19821    0  167  424.23559  406.19821  4.25%     -    0s
     0     0  406.30256    0  153  424.23559  406.30256  4.23%     -    0s
     0     0  406.31769    0  163  424.23559  406.31769  4.22%     -    0s
     0     0  406.31769    0  164  424.23559  406.31769  4.22%     -    0s
     0     0  406.51578    0  146  424.23559  406.51578  4.18%     -    1s
     0     0  406.59277    0  161  424.23559  406.59277  4.16%     -    1s
     0     0  406.59277    0  162  424.23559  406.59277  4.16%     -    1s
     0     0  406.83659    0  160  424.23559  406.83659  4.10%     -    1s
     0     0  406.95329    0  159  424.23559  406.95329  4.07%     -    1s
     0     0  406.95329    0  159  424.23559  406.95329  4.07%     -    1s
     0     0  406.95329    0  167  424.23559  406.95329  4.07%     -    1s
     0     0  406.97228    0  173  424.23559  406.97228  4.07%     -    1s
     0     0  406.97228    0  168  424.23559  406.97228  4.07%     -    1s
     0     0  406.98772    0  167  424.23559  406.98772  4.07%     -    1s
     0     0  406.98772    0  168  424.23559  406.98772  4.07%     -    1s
     0     0  406.98772    0  168  424.23559  406.98772  4.07%     -    1s
     0     0  406.98772    0  168  424.23559  406.98772  4.07%     -    1s
     0     0  406.98772    0  167  424.23559  406.98772  4.07%     -    1s
     0     2  407.06223    0  167  424.23559  407.06223  4.05%     -    1s
H   56    59                     424.1293125  408.52404  3.68%  90.6    1s
*  120    95              32     423.3439026  408.75541  3.45%  64.3    1s

Cutting planes:
  Gomory: 7
  Cover: 6
  Implied bound: 129
  MIR: 54
  Flow cover: 69
  Inf proof: 5
  Zero half: 2
  Mod-K: 1
  RLT: 9
  Relax-and-lift: 58
  BQP: 5
  Lazy constraints: 1

Explored 3255 nodes (192604 simplex iterations) in 4.17 seconds (10.36 work units)
Thread count was 4 (of 32 available processors)

Solution count 4: 423.344 424.129 424.236 499.409 

Optimal solution found (tolerance 1.00e-04)
Best objective 4.233439026433e+02, best bound 4.233439026433e+02, gap 0.0000%

User-callback calls 7772, time in user-callback 0.00 sec
Cap boundary reject: PORT-584 real=585.850 baseline=424.236
Cap boundary debug: PORT-584 -> [501 467 468 469 470 471 472 122 121 120 119 118 117 116 115 275 111 274] -> PORT-588 -> [105 104 103 102 101 108 271 272 273 253 252 254 255 257 256 130 129 128 258 259 260 261 262 263 127 126 125 124 123 266 267 265 264 268 269 270 110 109 107 106] -> PORT-588 | load_left=42427 load_right=43280 cap=45000
Set parameter Username
Set parameter LicenseID to value 2738882
Academic license - for non-commercial use only - expires 2026-11-14
Set parameter TimeLimit to value 420
Set parameter Seed to value 1110405375
Set parameter Threads to value 4
Set parameter OutputFlag to value 1
Set parameter LogToConsole to value 1
Set parameter LazyConstraints to value 1
Gurobi Optimizer version 13.0.0 build v13.0.0rc1 (linux64 - "Debian GNU/Linux 13 (trixie)")

CPU model: AMD Ryzen 9 5950X 16-Core Processor, instruction set [SSE2|AVX|AVX2]
Thread count: 16 physical cores, 32 logical processors, using up to 4 threads

Non-default parameters:
TimeLimit  420
Seed  1110405375
Threads  4
LazyConstraints  1

Optimize a model with 15586 rows, 43200 columns and 86388 nonzeros (Min)
Model fingerprint: 0x66c81e24
Model has 14156 linear objective coefficients
Variable types: 28800 continuous, 14400 integer (14400 binary)
Coefficient statistics:
  Matrix range     [1e+00, 4e+04]
  Objective range  [3e-01, 2e+02]
  Bounds range     [1e+00, 4e+04]
  RHS range        [1e+00, 1e+04]
Presolve removed 1310 rows and 15176 columns
Presolve time: 0.13s
Presolved: 14276 rows, 28024 columns, 83903 nonzeros
Variable types: 13804 continuous, 14220 integer (14220 binary)

Root relaxation: objective 4.955587e+02, 33356 iterations, 3.37 seconds (10.01 work units)

    Nodes    |    Current Node    |     Objective Bounds      |     Work
 Expl Unexpl |  Obj  Depth IntInf | Incumbent    BestBd   Gap | It/Node Time

     0     0  495.55871    0  246          -  495.55871      -     -    3s
H    0     0                     782.3658308  495.55871  36.7%     -    3s
H    0     0                     568.5705545  495.55871  12.8%     -    3s
H    0     0                     565.8642266  495.55871  12.4%     -    3s
     0     0  496.77210    0  265  565.86423  496.77210  12.2%     -    5s
H    0     0                     565.3827451  496.77210  12.1%     -    5s
H    0     0                     565.3737879  496.77210  12.1%     -    5s
H    0     0                     561.6187757  496.77210  11.5%     -    5s
H    0     0                     559.9931924  496.77210  11.3%     -    6s
H    0     0                     558.8316314  496.77210  11.1%     -    6s
H    0     0                     554.0875100  496.77210  10.3%     -    6s
H    0     0                     548.7610200  496.77210  9.47%     -    6s
H    0     0                     547.7537978  496.77210  9.31%     -    8s
H    0     0                     546.0083553  496.77210  9.02%     -    8s
     0     0  496.77210    0  262  546.00836  496.77210  9.02%     -    9s
     0     0  497.09059    0  244  546.00836  497.09059  8.96%     -   10s
     0     0  497.09059    0  246  546.00836  497.09059  8.96%     -   13s
H    0     0                     542.8423953  497.09059  8.43%     -   13s
     0     0  497.09059    0  235  542.84240  497.09059  8.43%     -   14s
H    0     0                     537.8504637  497.09059  7.58%     -   15s
H    0     0                     531.8314796  497.09059  6.53%     -   16s
     0     0  497.29004    0  247  531.83148  497.29004  6.49%     -   16s
     0     0  497.29711    0  241  531.83148  497.29711  6.49%     -   16s
     0     0  497.81020    0  259  531.83148  497.81020  6.40%     -   17s
     0     0  497.81020    0  252  531.83148  497.81020  6.40%     -   18s
H    0     0                     531.0541280  497.81020  6.26%     -   18s
H    0     0                     530.2356726  497.81020  6.12%     -   18s
H    0     0                     529.4583210  497.81020  5.98%     -   18s
     0     0  498.74166    0  255  529.45832  498.74166  5.80%     -   19s
     0     0  498.98069    0  251  529.45832  498.98069  5.76%     -   20s
     0     0  499.02248    0  258  529.45832  499.02248  5.75%     -   20s
     0     0  499.02280    0  264  529.45832  499.02280  5.75%     -   20s
     0     0  499.26082    0  274  529.45832  499.26082  5.70%     -   20s
     0     0  499.26093    0  278  529.45832  499.26093  5.70%     -   20s
     0     0  499.60752    0  282  529.45832  499.60752  5.64%     -   21s
     0     0  499.62602    0  281  529.45832  499.62602  5.63%     -   21s
     0     0  499.62602    0  280  529.45832  499.62602  5.63%     -   21s
     0     0  499.67393    0  282  529.45832  499.67393  5.63%     -   22s
     0     0  499.68261    0  285  529.45832  499.68261  5.62%     -   22s
     0     0  499.68261    0  290  529.45832  499.68261  5.62%     -   22s
     0     0  500.62335    0  282  529.45832  500.62335  5.45%     -   22s
     0     0  500.62375    0  286  529.45832  500.62375  5.45%     -   22s
     0     0  500.62971    0  282  529.45832  500.62971  5.44%     -   23s
     0     0  500.64095    0  285  529.45832  500.64095  5.44%     -   23s
     0     0  500.64095    0  275  529.45832  500.64095  5.44%     -   23s
     0     0  500.64095    0  275  529.45832  500.64095  5.44%     -   23s
     0     0  500.64095    0  275  529.45832  500.64095  5.44%     -   23s
     0     0  500.64095    0  275  529.45832  500.64095  5.44%     -   23s
     0     0  502.85175    0  243  529.45832  502.85175  5.03%     -   25s
     0     0  502.85175    0  262  529.45832  502.85175  5.03%     -   26s
     0     0  502.85175    0  277  529.45832  502.85175  5.03%     -   26s
     0     0  502.85175    0  278  529.45832  502.85175  5.03%     -   26s
     0     0  502.85175    0  279  529.45832  502.85175  5.03%     -   26s
     0     0  502.85175    0  285  529.45832  502.85175  5.03%     -   26s
     0     0  502.85175    0  281  529.45832  502.85175  5.03%     -   26s
     0     0  502.85175    0  281  529.45832  502.85175  5.03%     -   26s
     0     0  502.85175    0  284  529.45832  502.85175  5.03%     -   26s
     0     0  502.85175    0  292  529.45832  502.85175  5.03%     -   26s
     0     0  502.85175    0  286  529.45832  502.85175  5.03%     -   27s
     0     0  502.85175    0  283  529.45832  502.85175  5.03%     -   28s
     0     0  502.85175    0  281  529.45832  502.85175  5.03%     -   28s
     0     0  502.85175    0  266  529.45832  502.85175  5.03%     -   28s
     0     0  502.85175    0  283  529.45832  502.85175  5.03%     -   28s
     0     0  502.85175    0  291  529.45832  502.85175  5.03%     -   29s
     0     0  502.85175    0  290  529.45832  502.85175  5.03%     -   29s
     0     0  502.85175    0  289  529.45832  502.85175  5.03%     -   29s
     0     0  502.85175    0  289  529.45832  502.85175  5.03%     -   29s
     0     0  502.85175    0  283  529.45832  502.85175  5.03%     -   29s
     0     0  502.85175    0  283  529.45832  502.85175  5.03%     -   29s
     0     0  502.85175    0  286  529.45832  502.85175  5.03%     -   29s
     0     0  502.85175    0  282  529.45832  502.85175  5.03%     -   29s
     0     0  502.85175    0  282  529.45832  502.85175  5.03%     -   30s
     0     0  502.85175    0  282  529.45832  502.85175  5.03%     -   30s
     0     0  502.85175    0  282  529.45832  502.85175  5.03%     -   30s
     0     0  502.85175    0  280  529.45832  502.85175  5.03%     -   30s
     0     2  504.04775    0  280  529.45832  504.04775  4.80%     -   30s
H  202   195                     527.9772020  504.04775  4.53%   417   34s
   303   300  522.76988   82  112  527.97720  504.04775  4.53%   337   35s
   867   763  517.70587   50   51  527.97720  505.96900  4.17%   328   40s
H 1223   996                     527.6459700  506.07093  4.09%   298   44s
  1224   996  516.15289   15  247  527.64597  506.07093  4.09%   298   45s
  1253  1025  510.47508   18  214  527.64597  506.08952  4.09%   317   50s
H 1319  1004                     526.2972796  506.08952  3.84%   325   52s
  1467  1024  512.41712   19  210  526.29728  506.58637  3.75%   328   55s
  1871  1143  509.76823   22  211  526.29728  507.10805  3.65%   328   60s
  2530  1268  513.03853   25  178  526.29728  508.94294  3.30%   311   65s
  3269  1317  517.97401   26  161  526.29728  509.71321  3.15%   299   70s
  4007  1323  516.42153   23  101  526.29728  510.49587  3.00%   292   75s
  4679  1468  523.48095   32  193  526.29728  511.56273  2.80%   285   80s
  5654  1698  518.53320   22  239  526.29728  512.71952  2.58%   282   85s
  6698  1819  520.84118   25  176  526.29728  513.61721  2.41%   276   91s
  7619  1856 infeasible   27       526.29728  514.74322  2.20%   273   95s
  8768  1909 infeasible   27       526.29728  515.73686  2.01%   266  100s
 10043  1864     cutoff   35       526.29728  516.90812  1.78%   260  106s
 10921  1789  520.33075   26  189  526.29728  518.01119  1.57%   259  110s
 12431  1556  523.89389   30  160  526.29728  519.23265  1.34%   254  116s
 13573  1275     cutoff   25       526.29728  520.31056  1.14%   252  120s
 14613  1065     cutoff   34       526.29728  521.18246  0.97%   249  125s
 15627   398     cutoff   29       526.29728  522.53534  0.71%   248  130s

Cutting planes:
  Gomory: 4
  Cover: 19
  Implied bound: 88
  Projected implied bound: 10
  MIR: 67
  Flow cover: 102
  GUB cover: 1
  Inf proof: 21
  Zero half: 15
  Mod-K: 2
  Network: 1
  RLT: 9
  Relax-and-lift: 77
  BQP: 4

Explored 16459 nodes (4143710 simplex iterations) in 131.48 seconds (436.76 work units)
Thread count was 4 (of 32 available processors)

Solution count 10: 526.297 527.646 527.977 ... 546.008

Optimal solution found (tolerance 1.00e-04)
Best objective 5.262972795934e+02, best bound 5.262972795934e+02, gap 0.0000%

User-callback calls 53346, time in user-callback 0.00 sec
Cap boundary reject: PORT-588 real=667.595 baseline=526.297
Cap boundary debug: PORT-588 -> [105 104 103 102 101 108 271 272 273 253 252 254 255 257 256 130 129 128 258 259 260 261 262 263 127 126 125 124 123 266 267 265 264 268 269 270 110 109 107 106] -> PORT-588 -> [131 204 203 202 205 206 207 208 250 251 249 248 247 245 244 243 242 241 240 239 238 237 215 214 213 212 211 210 209 201 200 199 198 197 196 195 193 194 192 218 217] -> PORT-583 | load_left=43280 load_right=43652 cap=45000
Set parameter Username
Set parameter LicenseID to value 2738882
Academic license - for non-commercial use only - expires 2026-11-14
Set parameter TimeLimit to value 420
Set parameter Seed to value 1157287265
Set parameter Threads to value 4
Set parameter OutputFlag to value 1
Set parameter LogToConsole to value 1
Set parameter LazyConstraints to value 1
Gurobi Optimizer version 13.0.0 build v13.0.0rc1 (linux64 - "Debian GNU/Linux 13 (trixie)")

CPU model: AMD Ryzen 9 5950X 16-Core Processor, instruction set [SSE2|AVX|AVX2]
Thread count: 16 physical cores, 32 logical processors, using up to 4 threads

Non-default parameters:
TimeLimit  420
Seed  1157287265
Threads  4
LazyConstraints  1

Optimize a model with 29202 rows, 82668 columns and 165324 nonzeros (Min)
Model fingerprint: 0x89688e09
Model has 27220 linear objective coefficients
Variable types: 55112 continuous, 27556 integer (27556 binary)
Coefficient statistics:
  Matrix range     [1e+00, 4e+04]
  Objective range  [3e-01, 1e+02]
  Bounds range     [1e+00, 4e+04]
  RHS range        [1e+00, 9e+03]
Presolve removed 1816 rows and 28631 columns
Presolve time: 0.26s
Presolved: 27386 rows, 54037 columns, 161760 nonzeros
Variable types: 26730 continuous, 27307 integer (27307 binary)
Root relaxation presolved: 27386 rows, 54037 columns, 161760 nonzeros

Deterministic concurrent LP optimizer: primal and dual simplex
Showing primal log only...

Concurrent spin time: 0.00s

Solved with primal simplex

Root relaxation: objective 5.013783e+02, 69996 iterations, 2.79 seconds (5.79 work units)

    Nodes    |    Current Node    |     Objective Bounds      |     Work
 Expl Unexpl |  Obj  Depth IntInf | Incumbent    BestBd   Gap | It/Node Time

     0     0  501.37833    0  316          -  501.37833      -     -    3s
     0     0  501.37833    0  316          -  501.37833      -     -    7s
H    0     0                     781.4764650  501.37833  35.8%     -   13s
H    0     0                     629.0854419  501.37833  20.3%     -   21s
     0     0  501.37833    0  316  629.08544  501.37833  20.3%     -   21s
     0     0  503.11205    0  340  629.08544  503.11205  20.0%     -   27s
H    0     0                     613.2837441  503.11251  18.0%     -   27s
H    0     0                     607.8221060  503.11251  17.2%     -   28s
H    0     0                     605.1862235  503.11251  16.9%     -   28s
H    0     0                     604.6116533  503.11251  16.8%     -   29s
H    0     0                     603.6775657  503.11251  16.7%     -   29s
H    0     0                     600.3285051  503.11251  16.2%     -   30s
H    0     0                     596.5102872  503.11251  15.7%     -   30s
H    0     0                     595.8147652  503.11251  15.6%     -   31s
H    0     0                     595.3543085  503.11251  15.5%     -   31s
     0     0  504.38732    0  337  595.35431  504.38732  15.3%     -   37s
     0     0  504.38744    0  336  595.35431  504.38744  15.3%     -   37s
     0     0  505.47512    0  344  595.35431  505.47512  15.1%     -   41s
     0     0  505.47586    0  357  595.35431  505.47586  15.1%     -   41s
     0     0  505.47648    0  356  595.35431  505.47648  15.1%     -   41s
     0     0  508.12906    0  347  595.35431  508.12906  14.7%     -   49s
     0     0  508.25280    0  367  595.35431  508.25280  14.6%     -   49s
     0     0  508.25280    0  366  595.35431  508.25280  14.6%     -   50s
     0     0  508.25280    0  367  595.35431  508.25280  14.6%     -   50s
     0     0  508.96231    0  377  595.35431  508.96231  14.5%     -   55s
     0     0  508.98631    0  379  595.35431  508.98631  14.5%     -   56s
     0     0  508.98631    0  369  595.35431  508.98631  14.5%     -   56s
     0     0  509.19258    0  392  595.35431  509.19258  14.5%     -   63s
     0     0  509.19355    0  394  595.35431  509.19355  14.5%     -   63s
     0     0  509.76796    0  386  595.35431  509.76796  14.4%     -   72s
     0     0  509.78226    0  393  595.35431  509.78226  14.4%     -   73s
     0     0  509.78578    0  386  595.35431  509.78578  14.4%     -   75s
     0     0  509.78579    0  386  595.35431  509.78579  14.4%     -   75s
     0     0  510.07522    0  376  595.35431  510.07522  14.3%     -   78s
     0     0  510.12451    0  393  595.35431  510.12451  14.3%     -   78s
     0     0  510.12810    0  395  595.35431  510.12810  14.3%     -   78s
     0     0  510.12810    0  394  595.35431  510.12810  14.3%     -   78s
     0     0  510.91491    0  384  595.35431  510.91491  14.2%     -   82s
     0     0  510.92439    0  383  595.35431  510.92439  14.2%     -   83s
     0     0  510.92469    0  388  595.35431  510.92469  14.2%     -   83s
     0     0  511.07548    0  404  595.35431  511.07548  14.2%     -   88s
H    0     0                     595.1935781  511.07548  14.1%     -   89s
H    0     0                     590.8698673  511.07548  13.5%     -   91s
H    0     0                     584.4260644  511.07548  12.6%     -   95s
H    0     0                     577.0310698  511.07548  11.4%     -   98s
H    0     0                     574.2430469  511.07548  11.0%     -   98s
H    0     0                     570.9844087  511.07548  10.5%     -   99s
     0     0  511.07680    0  394  570.98441  511.07680  10.5%     -  101s
     0     0  511.07792    0  397  570.98441  511.07792  10.5%     -  103s
     0     0  511.07877    0  396  570.98441  511.07877  10.5%     -  103s
     0     0  511.08494    0  391  570.98441  511.08494  10.5%     -  107s
     0     0  511.08494    0  391  570.98441  511.08494  10.5%     -  107s
     0     0  511.08494    0  356  570.98441  511.08494  10.5%     -  108s
H    0     0                     570.8303504  511.08494  10.5%     -  115s
H    0     0                     568.2946593  511.08494  10.1%     -  117s
     0     0  513.49222    0  316  568.29466  513.49222  9.64%     -  122s
     0     0  513.49222    0  350  568.29466  513.49222  9.64%     -  129s
H    0     0                     567.2480529  513.49222  9.48%     -  132s
H    0     0                     565.0683940  513.49222  9.13%     -  134s
     0     0  513.49222    0  361  565.06839  513.49222  9.13%     -  139s
     0     0  513.49222    0  374  565.06839  513.49222  9.13%     -  143s
     0     0  513.49222    0  353  565.06839  513.49222  9.13%     -  148s
     0     0  513.49222    0  359  565.06839  513.49222  9.13%     -  151s
     0     0  513.49222    0  364  565.06839  513.49222  9.13%     -  155s
     0     0  513.49222    0  379  565.06839  513.49222  9.13%     -  157s
     0     0  513.49222    0  378  565.06839  513.49222  9.13%     -  157s
     0     0  513.49222    0  390  565.06839  513.49222  9.13%     -  163s
     0     0  513.49222    0  395  565.06839  513.49222  9.13%     -  164s
     0     0  513.49222    0  396  565.06839  513.49222  9.13%     -  164s
     0     0  513.49222    0  373  565.06839  513.49222  9.13%     -  171s
     0     0  513.49222    0  356  565.06839  513.49222  9.13%     -  173s
     0     0  513.49222    0  361  565.06839  513.49222  9.13%     -  176s
     0     0  513.49222    0  360  565.06839  513.49222  9.13%     -  178s
     0     0  513.49222    0  360  565.06839  513.49222  9.13%     -  179s
     0     0  513.49222    0  360  565.06839  513.49222  9.13%     -  180s
H    0     0                     565.0683934  513.49222  9.13%     -  182s
     0     0  513.49222    0  365  565.06839  513.49222  9.13%     -  185s
     0     0  513.49222    0  352  565.06839  513.49222  9.13%     -  187s
     0     0  513.49222    0  358  565.06839  513.49222  9.13%     -  187s
     0     0  513.49222    0  366  565.06839  513.49222  9.13%     -  189s
     0     0  513.49222    0  366  565.06839  513.49222  9.13%     -  189s
     0     0  513.49222    0  359  565.06839  513.49222  9.13%     -  189s
H    0     0                     565.0683924  514.70566  8.91%     -  215s
     0     2  514.70566    0  359  565.06839  514.70566  8.91%     -  217s
     3     7  514.70566    2  339  565.06839  514.70566  8.91%  6658  224s
     6    11  515.58131    3  329  565.06839  514.70566  8.91%  9822  230s
    10    14  516.05671    4  329  565.06839  514.70566  8.91% 10653  237s
    14    16  516.25478    5  330  565.06839  514.70566  8.91%  8600  243s
    17    19  517.06714    6  330  565.06839  514.70566  8.91%  9896  250s
    21    22  516.90138    6  291  565.06839  514.70566  8.91% 11726  257s
    24    30  517.74225    7  315  565.06839  514.70566  8.91% 10813  265s
    32    33  523.40980   11  316  565.06839  514.70566  8.91%  9879  273s
    35    43  521.55785   11  336  565.06839  514.70566  8.91%  9698  283s
    45    57  522.38400   15  329  565.06839  514.70566  8.91%  9694  291s
    59    72  522.89950   19  310  565.06839  514.70566  8.91%  7752  297s
    74    80  523.82093   23  302  565.06839  514.70566  8.91%  6807  303s
    82    96  524.02149   28  272  565.06839  514.70566  8.91%  6298  307s
    98   105  524.23379   31  253  565.06839  514.70566  8.91%  5703  313s
   107   116  524.96339   36  255  565.06839  514.70566  8.91%  5434  319s
   118   135  525.16225   38  245  565.06839  514.70566  8.91%  5204  323s
   137   148  525.77232   44  266  565.06839  514.70566  8.91%  4864  330s
   150   155  534.13441   23  276  565.06839  514.70566  8.91%  4654  336s
   157   173  527.21434   50  237  565.06839  514.70566  8.91%  4750  342s
   175   183  529.75763   38  254  565.06839  514.70566  8.91%  4463  349s
   185   205  527.25095   51  195  565.06839  514.70566  8.91%  4439  353s
   207   230  528.07477   58  161  565.06839  514.70566  8.91%  4216  358s
   232   258  528.79078   69  259  565.06839  514.70566  8.91%  4050  366s
   260   301  528.88943   72  200  565.06839  514.70566  8.91%  3788  370s
   340   363  529.92933   92  269  565.06839  514.70566  8.91%  3181  379s
   365   400  530.89420   93  230  565.06839  514.70566  8.91%  3157  386s
   402   430  530.86253   95  258  565.06839  514.70566  8.91%  3011  392s
   432   466  531.34481   96  297  565.06839  514.70566  8.91%  2885  397s
   468   509  532.57543   99  231  565.06839  514.70566  8.91%  2757  403s
   511   564  533.73895  104  237  565.06839  514.70566  8.91%  2644  409s
   566   584  533.35387  106  241  565.06839  514.70566  8.91%  2517  415s
H  567   584                     565.0683917  514.70566  8.91%  2513  415s
   586   606  533.37350  107  235  565.06839  514.70566  8.91%  2446  420s

Cutting planes:
  Gomory: 1
  Cover: 5
  Implied bound: 165
  Clique: 2
  MIR: 54
  Flow cover: 74
  GUB cover: 1
  Zero half: 34
  RLT: 13
  Relax-and-lift: 171
  BQP: 5
  Lazy constraints: 1

Explored 608 nodes (1979126 simplex iterations) in 420.01 seconds (1366.48 work units)
Thread count was 4 (of 32 available processors)

Solution count 10: 565.068 565.068 567.248 ... 590.87

Time limit reached
Best objective 5.650683917466e+02, best bound 5.147056568445e+02, gap 8.9127%

User-callback calls 99270, time in user-callback 0.01 sec
Cap boundary reject: PORT-588 real=565.068 baseline=563.427
Set parameter Username
Set parameter LicenseID to value 2738882
Academic license - for non-commercial use only - expires 2026-11-14
Segment 1 eval: start=BOAT-0 end=PORT-581 stations=87 (optimize)
  Segment 1 order: 1 3 4 -25 -5 -6 10 11 143 15 16 17 -18 -13 14 12 -24 -23 -22 -21 19 20 -41 42 43 44 45 46 -396 -47 -40 39 48 49 50 -38 -37 51 -52 59 -57 56 55 -54 -53 66 67 69 -36 -35 -34 -33 -32 -31 -30 -29 -28 -27 -26 93 -92 94 -96 -95 90 91 -89 88 -87 86 -85 -84 -83 -82 -81 -80 79 -78 -77 -70 -76 75 72 73 -74 -71 -68
Segment 2 eval: start=PORT-581 end=PORT-591 stations=58 (optimize)
  Segment 2 order: 65 -63 64 -58 60 61 62 391 392 393 394 395 397 398 399 -400 -401 389 390 388 -387 -386 -385 -402 403 405 406 -407 -404 409 408 -410 411 412 -413 -415 416 -417 425 381 426 -368 -367 -366 -365 364 362 -361 -360 -359 -358 -357 -356 -355 354 -353 348 -363
Segment 3 eval: start=PORT-591 end=PORT-591 stations=111 (optimize)
  Segment 3 order: -346 276 277 278 279 280 281 -556 282 283 -284 555 558 559 -560 561 -562 -554 553 550 551 552 285 286 287 288 289 290 291 292 293 294 -295 296 297 306 -305 -298 299 300 301 302 304 -303 307 308 309 -310 311 312 -313 314 315 316 317 318 319 320 340 341 342 343 344 345 334 335 336 337 338 339 321 322 323 324 325 -327 328 330 -331 -329 -326 349 350 351 352 -373 372 -374 375 376 377 379 380 414 382 384 -383 419 420 421 -423 -422 424 -418 -378 -371 -370 369 332 -333 347
Segment 4 eval: start=PORT-591 end=PORT-593 stations=43 (optimize)
  Segment 4 order: 557 563 564 565 566 567 568 -542 543 540 541 549 548 -547 -546 -545 -544 -539 -538 -537 536 -535 -534 -572 569 570 571 573 574 576 533 -532 -531 -530 -529 -528 -527 577 575 578 -525 526 -524
Segment 5 eval: start=PORT-593 end=PORT-593 stations=19 (optimize)
  Segment 5 order: 430 -434 -433 -432 -431 -429 -428 427 517 518 519 520 521 -580 -579 -523 -522 -516 -515
Segment 6 eval: start=PORT-593 end=PORT-584 stations=34 (optimize)
  Segment 6 order: -512 513 -514 -511 -510 -509 -508 -507 -506 -505 -444 -443 -442 -441 440 -439 437 -436 435 438 445 446 447 448 449 450 451 452 453 -455 -454 462 -489 -502
Segment 7 eval: start=PORT-584 end=PORT-584 stations=29 (optimize)
  Segment 7 order: 500 490 491 492 -493 482 483 463 464 465 -466 474 -473 -475 479 480 -481 -478 -477 -476 -114 494 -113 -112 495 496 497 498 499
Segment 8 eval: start=PORT-584 end=PORT-584 stations=13 (optimize)
  Segment 8 order: -488 -487 486 484 -460 -459 -458 -457 -456 461 485 -504 -503
Segment 9 eval: start=PORT-584 end=PORT-588 stations=18 (optimize)
  Segment 9 order: -501 467 468 469 470 -471 472 -122 -121 120 -119 -118 -117 -116 -115 -275 -111 -274
Segment 10 eval: start=PORT-588 end=PORT-588 stations=40 (optimize)
  Segment 10 order: 106 107 109 110 -270 -269 -268 264 265 267 266 123 124 125 -126 127 -263 -262 -261 -260 -259 258 128 129 130 -256 257 -255 -254 -252 -253 273 -272 -271 -108 101 102 103 -104 105
Segment 11 eval: start=PORT-588 end=PORT-583 stations=42 (optimize)
  Segment 11 order: -248 -247 245 -249 251 -250 -244 -243 -238 237 -215 -214 -213 -212 -211 -210 -209 -208 -207 -206 -205 131 -204 -203 -202 199 -201 200 -198 -197 -196 -195 -194 -193 -192 -218 -217 -216 239 240 -241 242
Segment 12 eval: start=PORT-583 end=PORT-583 stations=55 (optimize)
  Segment 12 order: -132 -229 -228 -178 -177 -176 -175 -174 -173 -172 -171 -170 -169 -168 -167 -166 -165 -164 -163 -162 -161 -160 159 -158 -157 -156 -155 -154 -153 -152 -151 -138 -141 -140 -139 -150 -149 -148 -147 -146 -145 -144 -142 -9 -8 -7 2 137 -136 135 179 180 181 -134 -133
Segment 13 eval: start=PORT-583 end=BOAT-END stations=31 (optimize)
  Segment 13 order: 230 232 233 234 -235 231 -227 -226 -182 -183 184 185 186 187 188 189 190 191 219 -220 223 224 225 -222 -221 -236 97 98 99 100 246
Cap boundary debug: PORT-588 -> [131 204 203 202 205 206 207 208 250 251 249 248 247 245 244 243 242 241 240 239 238 237 215 214 213 212 211 210 209 201 200 199 198 197 196 195 193 194 192 218 217 216] -> PORT-583 -> [133 134 181 180 179 135 136 137 2 7 8 9 142 144 145 146 147 148 149 150 139 140 141 138 151 152 153 154 155 156 157 158 159 160 161 162 163 164 165 166 167 168 169 170 171 172 173 174 175 176 177 178 228 229 132] -> PORT-583 | load_left=44131 load_right=43688 cap=45000
Set parameter Username
Set parameter LicenseID to value 2738882
Academic license - for non-commercial use only - expires 2026-11-14
Set parameter TimeLimit to value 420
Set parameter Seed to value 646331006
Set parameter Threads to value 4
Set parameter OutputFlag to value 1
Set parameter LogToConsole to value 1
Set parameter LazyConstraints to value 1
Gurobi Optimizer version 13.0.0 build v13.0.0rc1 (linux64 - "Debian GNU/Linux 13 (trixie)")

CPU model: AMD Ryzen 9 5950X 16-Core Processor, instruction set [SSE2|AVX|AVX2]
Thread count: 16 physical cores, 32 logical processors, using up to 4 threads

Non-default parameters:
TimeLimit  420
Seed  646331006
Threads  4
LazyConstraints  1

Optimize a model with 41170 rows, 117612 columns and 235212 nonzeros (Min)
Model fingerprint: 0xb5136eab
Model has 38808 linear objective coefficients
Variable types: 78408 continuous, 39204 integer (39204 binary)
Coefficient statistics:
  Matrix range     [1e+00, 4e+04]
  Objective range  [5e-05, 2e+02]
  Bounds range     [1e+00, 4e+04]
  RHS range        [1e+00, 9e+03]
Presolve removed 2168 rows and 40487 columns
Presolve time: 0.34s
Presolved: 39002 rows, 77125 columns, 230887 nonzeros
Variable types: 38218 continuous, 38907 integer (38907 binary)
Root relaxation presolved: 39002 rows, 77125 columns, 230887 nonzeros

Deterministic concurrent LP optimizer: primal and dual simplex
Showing primal log only...

Concurrent spin time: 0.00s

Solved with primal simplex

Root relaxation: objective 5.341520e+02, 69337 iterations, 3.32 seconds (7.19 work units)

    Nodes    |    Current Node    |     Objective Bounds      |     Work
 Expl Unexpl |  Obj  Depth IntInf | Incumbent    BestBd   Gap | It/Node Time

     0     0  534.15196    0  337          -  534.15196      -     -    4s
H    0     0                     995.8244163  534.15196  46.4%     -    4s
H    0     0                     757.8980583  534.15196  29.5%     -    5s
H    0     0                     739.8476919  534.15196  27.8%     -    5s
H    0     0                     738.8907833  534.15196  27.7%     -    5s
H    0     0                     738.6398728  534.15196  27.7%     -    5s
H    0     0                     703.1606394  534.15196  24.0%     -    5s
H    0     0                     688.3621592  534.15196  22.4%     -    5s
H    0     0                     658.6250727  534.15196  18.9%     -    5s
H    0     0                     655.8515118  534.15196  18.6%     -    6s
H    0     0                     654.4785466  534.15196  18.4%     -    6s
H    0     0                     653.7119897  534.15196  18.3%     -    6s
H    0     0                     653.0174671  534.15196  18.2%     -    6s
     0     0  534.15196    0  337  653.01747  534.15196  18.2%     -    6s
     0     0  539.00234    0  380  653.01747  539.00234  17.5%     -   15s
H    0     0                     613.9346544  539.00234  12.2%     -   16s
H    0     0                     602.3933999  539.00234  10.5%     -   16s
H    0     0                     590.0483351  539.00234  8.65%     -   16s
H    0     0                     588.6638686  539.00234  8.44%     -   17s
H    0     0                     588.0474423  539.00234  8.34%     -   18s
H    0     0                     586.9553057  539.00234  8.17%     -   19s
H    0     0                     584.8173317  539.00234  7.83%     -   19s
H    0     0                     583.4522135  539.00234  7.62%     -   19s
H    0     0                     570.4631250  539.00234  5.51%     -   20s
H    0     0                     569.2495397  539.00234  5.31%     -   21s
H    0     0                     569.0430736  539.00234  5.28%     -   27s
H    0     0                     568.3634189  539.00234  5.17%     -   29s
     0     0  539.71848    0  378  568.36342  539.71848  5.04%     -   32s
     0     0  540.90294    0  368  568.36342  540.90294  4.83%     -   36s
     0     0  540.90294    0  336  568.36342  540.90294  4.83%     -   40s
     0     0  540.90294    0  400  568.36342  540.90294  4.83%     -   43s
     0     0  541.06877    0  357  568.36342  541.06877  4.80%     -   48s
     0     0  541.33432    0  383  568.36342  541.33432  4.76%     -   48s
     0     0  541.33933    0  395  568.36342  541.33933  4.75%     -   48s
     0     0  541.33935    0  396  568.36342  541.33935  4.75%     -   48s
     0     0  541.62864    0  356  568.36342  541.62864  4.70%     -   49s
     0     0  541.62924    0  367  568.36342  541.62924  4.70%     -   49s
     0     0  543.01939    0  375  568.36342  543.01939  4.46%     -   51s
     0     0  543.18393    0  382  568.36342  543.18393  4.43%     -   52s
     0     0  543.18507    0  384  568.36342  543.18507  4.43%     -   52s
     0     0  543.54091    0  411  568.36342  543.54091  4.37%     -   54s
     0     0  543.56087    0  402  568.36342  543.56087  4.36%     -   54s
     0     0  543.56151    0  416  568.36342  543.56151  4.36%     -   55s
     0     0  543.69773    0  427  568.36342  543.69773  4.34%     -   56s
     0     0  543.81376    0  429  568.36342  543.81376  4.32%     -   56s
     0     0  543.81376    0  431  568.36342  543.81376  4.32%     -   56s
     0     0  543.90737    0  415  568.36342  543.90737  4.30%     -   58s
     0     0  543.90747    0  408  568.36342  543.90747  4.30%     -   59s
     0     0  543.90982    0  427  568.36342  543.90982  4.30%     -   60s
     0     0  543.90982    0  430  568.36342  543.90982  4.30%     -   60s
     0     0  543.92642    0  412  568.36342  543.92642  4.30%     -   61s
     0     0  543.93086    0  406  568.36342  543.93086  4.30%     -   61s
     0     0  543.93100    0  406  568.36342  543.93100  4.30%     -   61s
     0     0  543.93101    0  406  568.36342  543.93101  4.30%     -   62s
     0     0  543.93101    0  406  568.36342  543.93101  4.30%     -   62s
     0     0  543.93101    0  375  568.36342  543.93101  4.30%     -   62s
H    0     0                     568.3634188  543.93101  4.30%     -   63s
     0     2  546.66390    0  375  568.36342  546.66390  3.82%     -   66s
    11    19  546.66390    4  393  568.36342  546.66390  3.82%  2572   73s
    18    34  546.66390    7  366  568.36342  546.66390  3.82%  4093   76s
H   49    56                     565.3675116  546.66390  3.31%  2807   78s
H   75    74                     565.3675101  546.66390  3.31%  2086   79s
H   77    74                     563.5040480  546.66390  2.99%  2041   79s
    98   108  550.66590   28  328  563.50405  546.66390  2.99%  1657   80s
   428   403  548.31177    6  350  563.50405  546.66390  2.99%   578   85s
   615   546  546.87045    7  368  563.50405  546.66390  2.99%   517   94s
   617   547  551.68960   20  340  563.50405  546.66390  2.99%   516   97s
H  617   519                     562.5699604  546.66390  2.83%   516   99s
   619   521  552.48618    8  400  562.56996  546.66390  2.83%   514  100s
   634   531  556.09251   18  428  562.56996  546.66390  2.83%   502  105s
   654   544  558.18963  106  438  562.56996  546.66390  2.83%   487  110s
   672   557  560.68146   17  328  562.56996  546.79557  2.80%   582  115s
   683   565  554.54043   13  416  562.56996  548.39462  2.52%   573  120s
   700   576  550.86314   32  435  562.56996  549.26058  2.37%   559  125s
   708   581  551.46234   22  412  562.56996  549.31033  2.36%   553  130s
   720   590  558.29263   97  445  562.56996  549.33862  2.35%   636  135s
   728   599  550.46598   36  419  562.56996  549.51411  2.32%   701  140s
   746   617  551.12202   41  414  562.56996  550.45181  2.15%   761  145s
   842   656  554.83016   53  328  562.56996  550.45181  2.15%   840  150s
H  861   637                     562.0788566  550.45181  2.07%   842  152s
   978   650  559.54129   75  273  562.07886  550.45181  2.07%   787  155s
  1115   676  558.44886   48  334  562.07886  550.84354  2.00%   789  160s
  1345   704  551.00205   41  407  562.07886  551.00205  1.97%   725  165s
  1494   747  557.71927   49  317  562.07886  551.00205  1.97%   709  170s
  1780   795  553.80620   48  345  562.07886  551.13951  1.95%   680  175s
  2013   837  555.64759   47  301  562.07886  551.64875  1.86%   688  180s
  2270   874  557.92847   50  356  562.07886  551.75776  1.84%   674  186s
  2562   980  553.32029   45  368  562.07886  552.05342  1.78%   656  190s
  3015  1194  554.44021   51  286  562.07886  552.22468  1.75%   626  196s
  3337  1355  556.57347   48  212  562.07886  552.46709  1.71%   622  201s
  3566  1511  553.76689   47  247  562.07886  552.55332  1.69%   616  205s
  3900  1653  561.18587   60  206  562.07886  552.68739  1.67%   601  210s
H 4159  1745                     562.0788566  552.77827  1.65%   590  212s
  4236  1811  553.99269   43  366  562.07886  552.84619  1.64%   590  215s
  4610  2053  558.18009   52  321  562.07886  552.99449  1.62%   583  220s
  5101  2292  556.88393   48  368  562.07886  553.17423  1.58%   574  226s
H 5710  2549                     562.0788523  553.40541  1.54%   557  232s
  6018  2638  557.93565   49  317  562.07885  553.51959  1.52%   550  235s
  6551  2933  556.11533   49  268  562.07885  553.63364  1.50%   538  242s
  6821  3055  558.44124   52  299  562.07885  553.68717  1.49%   534  246s
  7430  3306  557.60858   55  306  562.07885  553.79518  1.47%   525  253s
  7732  3480  561.39956   58  280  562.07885  553.87441  1.46%   519  257s
  8191  3729  558.25751   46  403  562.07885  554.00000  1.44%   510  261s
  8715  3923  558.45160   45  198  562.07885  554.15132  1.41%   500  265s
  9156  4108  557.47735   52  277  562.07885  554.26179  1.39%   495  270s
 10281  4596  559.71274   56  331  562.07885  554.45070  1.36%   479  279s
 10838  4876  560.87974   53  241  562.07885  554.55061  1.34%   473  284s
 11462  5123  556.38067   53  360  562.07885  554.62905  1.33%   467  290s
 12228  5321  557.78051   51  344  562.07885  554.77680  1.30%   453  295s
 12866  5561  559.90096   48  263  562.07885  554.84584  1.29%   446  300s
 14300  6116  559.23749   50  262  562.07885  555.10948  1.24%   433  309s
 15065  6341  557.39220   43  278  562.07885  555.25703  1.21%   425  313s
 15862  6541  557.12359   49  268  562.07885  555.35489  1.20%   418  318s
 16614  6705  561.80104   48  277  562.07885  555.46845  1.18%   411  322s
 17213  6858  557.49335   51  268  562.07885  555.55631  1.16%   408  326s
 17769  7097  558.58157   52  313  562.07885  555.63261  1.15%   404  330s
 18576  7239  559.56980   55  233  562.07885  555.71798  1.13%   398  335s
 19129  7300  559.90155   54  333  562.07885  555.79030  1.12%   394  340s
 19953  7699  559.12436   49  294  562.07885  555.86984  1.10%   391  348s
 20626  7875     cutoff   50       562.07885  555.95158  1.09%   388  352s
 21291  8136  557.51424   53  360  562.07885  556.00025  1.08%   384  356s
 22090  8324  559.90611   52  309  562.07885  556.09927  1.06%   379  360s
 23573  8749     cutoff   66       562.07885  556.22676  1.04%   372  368s
 24050  8933  559.74655   61  194  562.07885  556.27002  1.03%   370  371s
 24742  9108  561.78063   60  129  562.07885  556.33882  1.02%   367  375s
 26062  9535  560.95177   59  337  562.07885  556.45957  1.00%   361  383s
 26854  9697  560.03469   63  243  562.07885  556.52624  0.99%   358  386s
 27543  9880  560.49682   56  163  562.07885  556.57305  0.98%   355  390s
 28856 10197  560.39529   55  224  562.07885  556.69254  0.96%   351  397s
 29493 10338  559.45560   54  341  562.07885  556.75038  0.95%   349  401s
 30735 10739  561.56310   49  273  562.07885  556.83817  0.93%   345  407s
 31520 10868  559.23052   56  296  562.07885  556.87985  0.92%   343  411s
 32928 11192  559.11763   51  287  562.07885  556.98709  0.91%   338  418s

Cutting planes:
  Gomory: 10
  Cover: 34
  Implied bound: 180
  Projected implied bound: 17
  MIR: 175
  Flow cover: 393
  GUB cover: 2
  Inf proof: 21
  Zero half: 55
  RLT: 5
  Relax-and-lift: 42
  BQP: 10

Explored 33943 nodes (11624907 simplex iterations) in 420.00 seconds (1331.15 work units)
Thread count was 4 (of 32 available processors)

Solution count 10: 562.079 562.57 563.504 ... 584.817

Time limit reached
Best objective 5.620788522976e+02, best bound 5.570461945154e+02, gap 0.8954%

User-callback calls 128165, time in user-callback 0.01 sec
Cap boundary opt: PORT-583 stations=97 obj=562.079 real=562.079 baseline=562.165
Set parameter Username
Set parameter LicenseID to value 2738882
Academic license - for non-commercial use only - expires 2026-11-14
Segment 1 eval: start=BOAT-0 end=PORT-581 stations=87 (optimize)
  Segment 1 order: 1 3 4 -25 -5 -6 10 11 143 15 16 17 -18 -13 14 12 -24 -23 -22 -21 19 20 -41 42 43 44 45 46 -396 -47 -40 39 48 49 50 -38 -37 51 -52 59 -57 56 55 -54 -53 66 67 69 -36 -35 -34 -33 -32 -31 -30 -29 -28 -27 -26 93 -92 94 -96 -95 90 91 -89 88 -87 86 -85 -84 -83 -82 -81 -80 79 -78 -77 -70 -76 75 72 73 -74 -71 -68
Segment 2 eval: start=PORT-581 end=PORT-591 stations=58 (optimize)
  Segment 2 order: 65 -63 64 -58 60 61 62 391 392 393 394 395 397 398 399 -400 -401 389 390 388 -387 -386 -385 -402 403 405 406 -407 -404 409 408 -410 411 412 -413 -415 416 -417 425 381 426 -368 -367 -366 -365 364 362 -361 -360 -359 -358 -357 -356 -355 354 -353 348 -363
Segment 3 eval: start=PORT-591 end=PORT-591 stations=111 (optimize)
  Segment 3 order: -346 276 277 278 279 280 281 -556 282 283 -284 555 558 559 -560 561 -562 -554 553 550 551 552 285 286 287 288 289 290 291 292 293 294 -295 296 297 306 -305 -298 299 300 301 302 304 -303 307 308 309 -310 311 312 -313 314 315 316 317 318 319 320 340 341 342 343 344 345 334 335 336 337 338 339 321 322 323 324 325 -327 328 330 -331 -329 -326 349 350 351 352 -373 372 -374 375 376 377 379 380 414 382 384 -383 419 420 421 -423 -422 424 -418 -378 -371 -370 369 332 -333 347
Segment 4 eval: start=PORT-591 end=PORT-593 stations=43 (optimize)
  Segment 4 order: 557 563 564 565 566 567 568 -542 543 540 541 549 548 -547 -546 -545 -544 -539 -538 -537 536 -535 -534 -572 569 570 571 573 574 576 533 -532 -531 -530 -529 -528 -527 577 575 578 -525 526 -524
Segment 5 eval: start=PORT-593 end=PORT-593 stations=19 (optimize)
  Segment 5 order: 430 -434 -433 -432 -431 -429 -428 427 517 518 519 520 521 -580 -579 -523 -522 -516 -515
Segment 6 eval: start=PORT-593 end=PORT-584 stations=34 (optimize)
  Segment 6 order: -512 513 -514 -511 -510 -509 -508 -507 -506 -505 -444 -443 -442 -441 440 -439 437 -436 435 438 445 446 447 448 449 450 451 452 453 -455 -454 462 -489 -502
Segment 7 eval: start=PORT-584 end=PORT-584 stations=29 (optimize)
  Segment 7 order: 500 490 491 492 -493 482 483 463 464 465 -466 474 -473 -475 479 480 -481 -478 -477 -476 -114 494 -113 -112 495 496 497 498 499
Segment 8 eval: start=PORT-584 end=PORT-584 stations=13 (optimize)
  Segment 8 order: -488 -487 486 484 -460 -459 -458 -457 -456 461 485 -504 -503
Segment 9 eval: start=PORT-584 end=PORT-588 stations=18 (optimize)
  Segment 9 order: -501 467 468 469 470 -471 472 -122 -121 120 -119 -118 -117 -116 -115 -275 -111 -274
Segment 10 eval: start=PORT-588 end=PORT-588 stations=40 (optimize)
  Segment 10 order: 106 107 109 110 -270 -269 -268 264 265 267 266 123 124 125 -126 127 -263 -262 -261 -260 -259 258 128 129 130 -256 257 -255 -254 -252 -253 273 -272 -271 -108 101 102 103 -104 105
Segment 11 eval: start=PORT-588 end=PORT-583 stations=43 (optimize)
  Segment 11 order: -248 -247 245 -249 251 -250 -244 -243 -238 237 -215 -214 -213 -212 -211 -210 -209 -208 -207 -206 -205 131 -204 -203 -202 199 -201 200 -198 -197 -196 -195 -194 -193 -192 -218 -217 -216 239 240 242 241 132
Segment 12 eval: start=PORT-583 end=PORT-583 stations=54 (optimize)
  Segment 12 order: 133 134 -229 -228 -178 -177 -176 -175 -174 -173 -172 -171 -170 -169 -168 -167 -166 -165 -164 -163 -162 -161 -160 159 -158 -157 -156 -155 -154 -153 -152 -151 -138 -141 -140 -139 -150 -149 -148 -147 -146 -145 -144 -142 -9 -8 -7 2 137 -136 135 179 180 181
Segment 13 eval: start=PORT-583 end=BOAT-END stations=31 (optimize)
  Segment 13 order: 230 232 233 234 -235 231 -227 -226 -182 -183 184 185 186 187 188 189 190 191 219 -220 223 224 225 -222 -221 -236 97 98 99 100 246
Cap boundary debug: PORT-583 -> [181 180 179 135 136 137 2 7 8 9 142 144 145 146 147 148 149 150 139 140 141 138 151 152 153 154 155 156 157 158 159 160 161 162 163 164 165 166 167 168 169 170 171 172 173 174 175 176 177 178 228 229 134 133] -> PORT-583 -> [230 232 233 234 235 231 227 226 182 183 184 185 186 187 188 189 190 191 219 223 224 225 222 221 220 236 97 98 99 100 246] -> BOAT-END | load_left=43558 load_right=16172 cap=45000
Set parameter Username
Set parameter LicenseID to value 2738882
Academic license - for non-commercial use only - expires 2026-11-14
Set parameter TimeLimit to value 420
Set parameter Seed to value 618256318
Set parameter Threads to value 4
Set parameter OutputFlag to value 1
Set parameter LogToConsole to value 1
Set parameter LazyConstraints to value 1
Gurobi Optimizer version 13.0.0 build v13.0.0rc1 (linux64 - "Debian GNU/Linux 13 (trixie)")

CPU model: AMD Ryzen 9 5950X 16-Core Processor, instruction set [SSE2|AVX|AVX2]
Thread count: 16 physical cores, 32 logical processors, using up to 4 threads

Non-default parameters:
TimeLimit  420
Seed  618256318
Threads  4
LazyConstraints  1

Optimize a model with 32002 rows, 90828 columns and 181644 nonzeros (Min)
Model fingerprint: 0xe43ebf4e
Model has 29928 linear objective coefficients
Variable types: 60552 continuous, 30276 integer (30276 binary)
Coefficient statistics:
  Matrix range     [1e+00, 4e+04]
  Objective range  [5e-05, 1e+05]
  Bounds range     [1e+00, 4e+04]
  RHS range        [1e+00, 9e+03]
Presolve removed 1904 rows and 31403 columns
Presolve time: 0.28s
Presolved: 30098 rows, 59425 columns, 177890 nonzeros
Variable types: 29410 continuous, 30015 integer (30015 binary)
Root relaxation presolved: 30098 rows, 59425 columns, 177890 nonzeros

Deterministic concurrent LP optimizer: primal and dual simplex
Showing primal log only...

Concurrent spin time: 0.00s

Solved with primal simplex

Root relaxation: objective 5.405070e+02, 58088 iterations, 2.41 seconds (4.96 work units)

    Nodes    |    Current Node    |     Objective Bounds      |     Work
 Expl Unexpl |  Obj  Depth IntInf | Incumbent    BestBd   Gap | It/Node Time

     0     0  540.50703    0  276          -  540.50703      -     -    3s
H    0     0                     762.9358172  540.50703  29.2%     -    3s
H    0     0                     703.0559095  540.50703  23.1%     -    3s
H    0     0                     688.3959927  540.50703  21.5%     -    3s
     0     0  540.50703    0  276  688.39599  540.50703  21.5%     -    5s
H    0     0                     632.2529071  540.50703  14.5%     -    5s
H    0     0                     616.8582501  540.50703  12.4%     -    5s
H    0     0                     616.3272408  540.50703  12.3%     -    5s
     0     0  540.50703    0  276  616.32724  540.50703  12.3%     -    6s
     0     0  553.59716    0  281  616.32724  553.59716  10.2%     -   13s
H    0     0                     598.0980725  553.59716  7.44%     -   14s
     0     0  553.59716    0  281  598.09807  553.59716  7.44%     -   18s
H    0     0                     598.0980530  553.59716  7.44%     -   22s
H    0     0                     598.0980447  553.59716  7.44%     -   22s
     0     0  553.59716    0  281  598.09804  553.59716  7.44%     -   26s
     0     0  555.06087    0  295  598.09804  555.06087  7.20%     -   28s
     0     0  555.06087    0  272  598.09804  555.06087  7.20%     -   32s
     0     0  555.06087    0  281  598.09804  555.06087  7.20%     -   37s
     0     0  555.26131    0  289  598.09804  555.26131  7.16%     -   43s
     0     0  555.26699    0  286  598.09804  555.26699  7.16%     -   43s
     0     0  555.26699    0  286  598.09804  555.26699  7.16%     -   44s
     0     0  555.99482    0  301  598.09804  555.99482  7.04%     -   46s
     0     0  555.99482    0  301  598.09804  555.99482  7.04%     -   46s
     0     0  557.30676    0  309  598.09804  557.30676  6.82%     -   48s
     0     0  557.30687    0  311  598.09804  557.30687  6.82%     -   48s
     0     0  559.22628    0  317  598.09804  559.22628  6.50%     -   53s
     0     0  559.23739    0  313  598.09804  559.23739  6.50%     -   53s
     0     0  559.23825    0  320  598.09804  559.23825  6.50%     -   53s
     0     0  559.26636    0  332  598.09804  559.26636  6.49%     -   55s
     0     0  559.26636    0  331  598.09804  559.26636  6.49%     -   55s
     0     0  559.26650    0  325  598.09804  559.26650  6.49%     -   56s
     0     0  559.26658    0  328  598.09804  559.26658  6.49%     -   61s
     0     0  559.26837    0  328  598.09804  559.26837  6.49%     -   62s
     0     0  559.26936    0  330  598.09804  559.26936  6.49%     -   62s
     0     0  559.39362    0  329  598.09804  559.39362  6.47%     -   63s
     0     0  559.39586    0  339  598.09804  559.39586  6.47%     -   63s
     0     0  559.39588    0  338  598.09804  559.39588  6.47%     -   64s
     0     0  559.39588    0  337  598.09804  559.39588  6.47%     -   64s
     0     0  559.39588    0  338  598.09804  559.39588  6.47%     -   65s
     0     0  559.39588    0  338  598.09804  559.39588  6.47%     -   67s
     0     0  559.39588    0  338  598.09804  559.39588  6.47%     -   67s
     0     0  559.39588    0  332  598.09804  559.39588  6.47%     -   67s
     0     2  563.91696    0  332  598.09804  563.91696  5.71%     -   76s
     7    12  563.91696    3  319  598.09804  563.91696  5.71%  4092   81s
    11    22  563.91696    4  319  598.09804  563.91696  5.71%  3899   85s
    21    27  563.91696    6  305  598.09804  563.91696  5.71%  4679   90s
    30    37  563.91696    8  229  598.09804  563.91696  5.71%  6251   96s
    36    41  563.91696    8  325  598.09804  563.91696  5.71%  6051  101s
    45    50  563.91696    9  289  598.09804  563.91696  5.71%  6323  107s
    49    55  563.91696   10  267  598.09804  563.91696  5.71%  6394  111s
    58    63  563.91696   11  200  598.09804  563.91696  5.71%  6292  117s
    67    73  563.91696   12  197  598.09804  563.91696  5.71%  6133  121s
    72    78  564.09365   13  211  598.09804  563.91696  5.71%  6183  126s
    77    81  563.91696   13  268  598.09804  563.91696  5.71%  6265  132s
    80    87  563.91696   14  255  598.09804  563.91696  5.71%  6254  135s
    92   101  564.64799   15  263  598.09804  563.91696  5.71%  6338  141s
   100   109  563.96861   15  258  598.09804  563.91696  5.71%  6043  146s
   108   114  564.30171   16  250  598.09804  563.91696  5.71%  5783  150s
   120   135  564.41258   17  259  598.09804  563.91696  5.71%  5632  155s
   142   157  573.09381   23  227  598.09804  563.91696  5.71%  5306  164s
   156   174  566.10752   19  253  598.09804  563.91696  5.71%  5071  168s
   173   194  566.57905   20  241  598.09804  563.91696  5.71%  4913  171s
   193   213  567.23244   22  258  598.09804  563.91696  5.71%  4744  175s
   247   277  567.56633   25  257  598.09804  563.91696  5.71%  4080  181s
   316   336  568.50421   28  248  598.09804  563.91696  5.71%  3392  188s
   366   344  569.44380   39  235  598.09804  563.91696  5.71%  3069  192s
   376   361  569.66178   40  232  598.09804  563.91696  5.71%  3110  195s
   410   384  570.30326   49  223  598.09804  563.91696  5.71%  3030  203s
   416   391  570.34357   50  205  598.09804  563.91696  5.71%  3054  206s
   423   418  574.88639   51  205  598.09804  563.91696  5.71%  3047  210s
   484   472  571.19353   57  217  598.09804  563.91696  5.71%  2845  218s
   516   508  571.95069   73  177  598.09804  563.91696  5.71%  2795  221s
   554   544  588.43521   97  105  598.09804  563.91696  5.71%  2692  227s
   590   601  589.00258  124  121  598.09804  563.91696  5.71%  2598  231s
   653   639  591.28822  152   88  598.09804  563.91696  5.71%  2429  237s
   707   646  563.91696    5  247  598.09804  563.91696  5.71%  2351  242s
   714   654  563.91696    6  244  598.09804  563.91696  5.71%  2351  246s
   722   660  563.91696    6  220  598.09804  563.91696  5.71%  2385  250s
   728   665  563.91696    7  208  598.09804  563.91696  5.71%  2430  255s
   739   693  563.91696    8  244  598.09804  563.91696  5.71%  2504  263s
   761   739  563.91696    9  203  598.09804  563.91696  5.71%  2471  267s
   807   791  563.91696   10  203  598.09804  563.91696  5.71%  2379  273s
   859   847  563.91696   18  117  598.09804  563.91696  5.71%  2301  277s
   915   862  563.91696   25  140  598.09804  563.91696  5.71%  2223  282s
   942   890  563.98081   28  208  598.09804  563.91696  5.71%  2231  287s
   970   922  564.15704   36   65  598.09804  563.91696  5.71%  2258  293s
  1012   942  572.68344   40   65  598.09804  563.91696  5.71%  2263  300s
  1037   961  566.00639   52  171  598.09804  563.91696  5.71%  2281  308s
  1065   994  563.91696    9  285  598.09804  563.91696  5.71%  2299  314s
  1105   995  572.15384   28  295  598.09804  563.91696  5.71%  2285  330s
  1108   997  577.65381  147  277  598.09804  563.91696  5.71%  2279  344s
  1109   998  567.19391   10  313  598.09804  563.91696  5.71%  2277  347s
  1114  1001  572.60671   27  323  598.09804  563.91696  5.71%  2267  350s
  1121  1006  577.46666  118  322  598.09804  564.75081  5.58%  2253  355s
  1128  1011  569.65164   21  260  598.09804  568.17665  5.00%  2336  361s
  1129  1012  592.81708  122  337  598.09804  568.17665  5.00%  2334  365s
  1136  1017  573.57030   32  323  598.09804  568.34545  4.97%  2320  370s
  1141  1020  588.57968   65  319  598.09804  568.34545  4.97%  2309  375s
  1142  1021  568.34545   14  319  598.09804  568.34545  4.97%  2307  380s
  1143  1021  578.94599   57  319  598.09804  568.52375  4.94%  2305  387s
  1144  1025  568.52375   25  325  598.09804  568.52375  4.94%  2394  390s
  1154  1035  569.71282   28  321  598.09804  568.52375  4.94%  2435  398s
  1159  1037  569.84734   29  341  598.09804  568.52375  4.94%  2466  401s
  1167  1042  570.03944   30  317  598.09804  568.52375  4.94%  2568  407s
  1171  1044  570.23772   30  229  598.09804  568.52375  4.94%  2621  412s
  1174  1048  570.24400   31  207  598.09804  568.52375  4.94%  2660  416s

Cutting planes:
  Gomory: 40
  Cover: 2
  Implied bound: 52
  Projected implied bound: 5
  MIR: 32
  Mixing: 2
  Flow cover: 42
  Zero half: 23
  RLT: 4
  Relax-and-lift: 48

Explored 1189 nodes (3497990 simplex iterations) in 420.00 seconds (1471.54 work units)
Thread count was 4 (of 32 available processors)

Solution count 7: 598.098 616.327 616.858 ... 762.936

Time limit reached
Best objective 5.980980446938e+02, best bound 5.685237487460e+02, gap 4.9447%

User-callback calls 80774, time in user-callback 0.01 sec
Cap boundary reject: PORT-583 real=671.604 baseline=598.098
Set parameter Username
Set parameter LicenseID to value 2738882
Academic license - for non-commercial use only - expires 2026-11-14
Segment 1 eval: start=BOAT-0 end=PORT-581 stations=87 (optimize)
  Segment 1 order: 1 3 4 -25 -5 -6 10 11 143 15 16 17 -18 -13 14 12 -24 -23 -22 -21 19 20 -41 42 43 44 45 46 -396 -47 -40 39 48 49 50 -38 -37 51 -52 59 -57 56 55 -54 -53 66 67 69 -36 -35 -34 -33 -32 -31 -30 -29 -28 -27 -26 93 -92 94 -96 -95 90 91 -89 88 -87 86 -85 -84 -83 -82 -81 -80 79 -78 -77 -70 -76 75 72 73 -74 -71 -68
Segment 2 eval: start=PORT-581 end=PORT-591 stations=58 (optimize)
  Segment 2 order: 65 -63 64 -58 60 61 62 391 392 393 394 395 397 398 399 -400 -401 389 390 388 -387 -386 -385 -402 403 405 406 -407 -404 409 408 -410 411 412 -413 -415 416 -417 425 381 426 -368 -367 -366 -365 364 362 -361 -360 -359 -358 -357 -356 -355 354 -353 348 -363
Segment 3 eval: start=PORT-591 end=PORT-591 stations=111 (optimize)
  Segment 3 order: -346 276 277 278 279 280 281 -556 282 283 -284 555 558 559 -560 561 -562 -554 553 550 551 552 285 286 287 288 289 290 291 292 293 294 -295 296 297 306 -305 -298 299 300 301 302 304 -303 307 308 309 -310 311 312 -313 314 315 316 317 318 319 320 340 341 342 343 344 345 334 335 336 337 338 339 321 322 323 324 325 -327 328 330 -331 -329 -326 349 350 351 352 -373 372 -374 375 376 377 379 380 414 382 384 -383 419 420 421 -423 -422 424 -418 -378 -371 -370 369 332 -333 347
Segment 4 eval: start=PORT-591 end=PORT-593 stations=43 (optimize)
  Segment 4 order: 557 563 564 565 566 567 568 -542 543 540 541 549 548 -547 -546 -545 -544 -539 -538 -537 536 -535 -534 -572 569 570 571 573 574 576 533 -532 -531 -530 -529 -528 -527 577 575 578 -525 526 -524
Segment 5 eval: start=PORT-593 end=PORT-593 stations=19 (optimize)
  Segment 5 order: 430 -434 -433 -432 -431 -429 -428 427 517 518 519 520 521 -580 -579 -523 -522 -516 -515
Segment 6 eval: start=PORT-593 end=PORT-584 stations=34 (optimize)
  Segment 6 order: -512 513 -514 -511 -510 -509 -508 -507 -506 -505 -444 -443 -442 -441 440 -439 437 -436 435 438 445 446 447 448 449 450 451 452 453 -455 -454 462 -489 -502
Segment 7 eval: start=PORT-584 end=PORT-584 stations=29 (optimize)
  Segment 7 order: 500 490 491 492 -493 482 483 463 464 465 -466 474 -473 -475 479 480 -481 -478 -477 -476 -114 494 -113 -112 495 496 497 498 499
Segment 8 eval: start=PORT-584 end=PORT-584 stations=13 (optimize)
  Segment 8 order: -488 -487 486 484 -460 -459 -458 -457 -456 461 485 -504 -503
Segment 9 eval: start=PORT-584 end=PORT-588 stations=18 (optimize)
  Segment 9 order: -501 467 468 469 470 -471 472 -122 -121 120 -119 -118 -117 -116 -115 -275 -111 -274
Segment 10 eval: start=PORT-588 end=PORT-588 stations=40 (optimize)
  Segment 10 order: 106 107 109 110 -270 -269 -268 264 265 267 266 123 124 125 -126 127 -263 -262 -261 -260 -259 258 128 129 130 -256 257 -255 -254 -252 -253 273 -272 -271 -108 101 102 103 -104 105
Segment 11 eval: start=PORT-588 end=PORT-583 stations=43 (optimize)
  Segment 11 order: -248 -247 245 -249 251 -250 -244 -243 -238 237 -215 -214 -213 -212 -211 -210 -209 -208 -207 -206 -205 131 -204 -203 -202 199 -201 200 -198 -197 -196 -195 -194 -193 -192 -218 -217 -216 239 240 242 241 132
Segment 12 eval: start=PORT-583 end=PORT-583 stations=54 (optimize)
  Segment 12 order: 133 134 -229 -228 -178 -177 -176 -175 -174 -173 -172 -171 -170 -169 -168 -167 -166 -165 -164 -163 -162 -161 -160 159 -158 -157 -156 -155 -154 -153 -152 -151 -138 -141 -140 -139 -150 -149 -148 -147 -146 -145 -144 -142 -9 -8 -7 2 137 -136 135 179 180 181
Segment 13 eval: start=PORT-583 end=BOAT-END stations=31 (optimize)
  Segment 13 order: 230 232 233 234 -235 231 -227 -226 -182 -183 184 185 186 187 188 189 190 191 219 -220 223 224 225 -222 -221 -236 97 98 99 100 246
PROGRESS pass=2 changed=1 total=4830.585 best=4830.585 nseg=13 stall=0 mut=2/9 mut=STAT-216 src=13 dst=11 delta=-2.131
Capacity boundary sweep pass 3
Cap boundary debug: PORT-593 -> [579 580 521 522 523 520 519 518 517 516 515 427 428 429 430 431 432 433 434] -> PORT-593 -> [512 513 514 511 510 509 508 507 506 505 444 443 442 441 440 439 437 436 435 438 445 446 447 448 449 450 451 452 453 455 454 462 489 502] -> PORT-584 | load_left=44427 load_right=43492 cap=45000
Set parameter Username
Set parameter LicenseID to value 2738882
Academic license - for non-commercial use only - expires 2026-11-14
Set parameter TimeLimit to value 420
Set parameter Seed to value 1497484245
Set parameter Threads to value 4
Set parameter OutputFlag to value 1
Set parameter LogToConsole to value 1
Set parameter LazyConstraints to value 1
Gurobi Optimizer version 13.0.0 build v13.0.0rc1 (linux64 - "Debian GNU/Linux 13 (trixie)")

CPU model: AMD Ryzen 9 5950X 16-Core Processor, instruction set [SSE2|AVX|AVX2]
Thread count: 16 physical cores, 32 logical processors, using up to 4 threads

Non-default parameters:
TimeLimit  420
Seed  1497484245
Threads  4
LazyConstraints  1

Optimize a model with 13186 rows, 36300 columns and 72588 nonzeros (Min)
Model fingerprint: 0x9a3632cc
Model has 11880 linear objective coefficients
Variable types: 24200 continuous, 12100 integer (12100 binary)
Coefficient statistics:
  Matrix range     [1e+00, 4e+04]
  Objective range  [5e-05, 1e+05]
  Bounds range     [1e+00, 4e+04]
  RHS range        [1e+00, 1e+04]
Presolve removed 1200 rows and 12811 columns
Presolve time: 0.11s
Presolved: 11986 rows, 23489 columns, 70331 nonzeros
Variable types: 11554 continuous, 11935 integer (11935 binary)

Root relaxation: objective 3.929888e+02, 25932 iterations, 2.24 seconds (6.94 work units)

    Nodes    |    Current Node    |     Objective Bounds      |     Work
 Expl Unexpl |  Obj  Depth IntInf | Incumbent    BestBd   Gap | It/Node Time

     0     0  392.98883    0  198          -  392.98883      -     -    2s
H    0     0                     684.3466440  392.98883  42.6%     -    3s
H    0     0                     684.0474980  392.98883  42.5%     -    3s
H    0     0                     668.8350731  392.98883  41.2%     -    3s
H    0     0                     654.7925306  392.98883  40.0%     -    4s
H    0     0                     650.7818529  392.98883  39.6%     -    4s
H    0     0                     650.4531876  392.98883  39.6%     -    5s
H    0     0                     650.2785060  392.98883  39.6%     -    5s
H    0     0                     650.2775520  392.98883  39.6%     -    5s
H    0     0                     646.5919548  392.98883  39.2%     -    5s
H    0     0                     646.3859730  392.98883  39.2%     -    8s
     0     0  392.98883    0  198  646.38597  392.98883  39.2%     -    9s
     0     0  396.19136    0  228  646.38597  396.19136  38.7%     -   10s
H    0     0                     642.9842018  396.99395  38.3%     -   10s
H    0     0                     642.9388306  396.99395  38.3%     -   11s
H    0     0                     641.8884055  396.99395  38.2%     -   11s
H    0     0                     635.8195318  396.99395  37.6%     -   11s
H    0     0                     493.3127915  396.99395  19.5%     -   12s
H    0     0                     487.1989016  396.99395  18.5%     -   13s
H    0     0                     485.7543147  396.99395  18.3%     -   13s
H    0     0                     476.5706978  396.99395  16.7%     -   13s
     0     0  397.08623    0  229  476.57070  397.08623  16.7%     -   14s
     0     0  397.08624    0  230  476.57070  397.08624  16.7%     -   14s
     0     0  400.84722    0  240  476.57070  400.84722  15.9%     -   14s
     0     0  400.84722    0  199  476.57070  400.84722  15.9%     -   16s
H    0     0                     474.5187711  400.84722  15.5%     -   16s
H    0     0                     473.4635851  400.84722  15.3%     -   16s
     0     0  401.07369    0  224  473.46359  401.07369  15.3%     -   17s
H    0     0                     473.3636497  401.10798  15.3%     -   17s
     0     0  402.90965    0  226  473.36365  402.90965  14.9%     -   18s
     0     0  402.92476    0  227  473.36365  402.92476  14.9%     -   18s
     0     0  402.92715    0  229  473.36365  402.92715  14.9%     -   18s
     0     0  402.92715    0  230  473.36365  402.92715  14.9%     -   18s
     0     0  416.94515    0  225  473.36365  416.94515  11.9%     -   18s
     0     0  416.96820    0  227  473.36365  416.96820  11.9%     -   18s
     0     0  416.96920    0  227  473.36365  416.96920  11.9%     -   18s
     0     0  419.45403    0  223  473.36365  419.45403  11.4%     -   19s
     0     0  419.55568    0  219  473.36365  419.55568  11.4%     -   19s
     0     0  419.55568    0  221  473.36365  419.55568  11.4%     -   19s
     0     0  420.52074    0  224  473.36365  420.52074  11.2%     -   20s
     0     0  420.63962    0  224  473.36365  420.63962  11.1%     -   20s
     0     0  420.64108    0  230  473.36365  420.64108  11.1%     -   20s
     0     0  421.08024    0  242  473.36365  421.08024  11.0%     -   20s
     0     0  421.14995    0  242  473.36365  421.14995  11.0%     -   20s
     0     0  421.14995    0  242  473.36365  421.14995  11.0%     -   20s
     0     0  421.32635    0  240  473.36365  421.32635  11.0%     -   21s
     0     0  421.37806    0  242  473.36365  421.37806  11.0%     -   21s
     0     0  421.38153    0  241  473.36365  421.38153  11.0%     -   21s
     0     0  421.49424    0  239  473.36365  421.49424  11.0%     -   21s
     0     0  421.49424    0  202  473.36365  421.49424  11.0%     -   22s
     0     0  421.49424    0  205  473.36365  421.49424  11.0%     -   23s
H    0     0                     468.3417403  421.49424  10.0%     -   24s
H    0     0                     468.3417383  421.49424  10.0%     -   24s
     0     0  421.49424    0  251  468.34174  421.49424  10.0%     -   25s
     0     0  421.49424    0  249  468.34174  421.49424  10.0%     -   25s
     0     0  421.57260    0  249  468.34174  421.57260  10.0%     -   25s
     0     0  421.65838    0  246  468.34174  421.65838  10.0%     -   25s
     0     0  421.65838    0  246  468.34174  421.65838  10.0%     -   25s
     0     0  422.80392    0  222  468.34174  422.80392  9.72%     -   25s
     0     0  423.08763    0  220  468.34174  423.08763  9.66%     -   25s
     0     0  423.21793    0  229  468.34174  423.21793  9.63%     -   26s
     0     0  424.65312    0  236  468.34174  424.65312  9.33%     -   26s
     0     0  425.91760    0  230  468.34174  425.91760  9.06%     -   26s
     0     0  425.92486    0  232  468.34174  425.92486  9.06%     -   26s
     0     0  425.92632    0  237  468.34174  425.92632  9.06%     -   26s
     0     0  426.03174    0  230  468.34174  426.03174  9.03%     -   26s
     0     0  426.12121    0  229  468.34174  426.12121  9.01%     -   26s
     0     0  426.12288    0  228  468.34174  426.12288  9.01%     -   26s
     0     0  426.17264    0  225  468.34174  426.17264  9.00%     -   27s
     0     0  426.23409    0  224  468.34174  426.23409  8.99%     -   27s
     0     0  426.23500    0  224  468.34174  426.23500  8.99%     -   27s
     0     0  426.24277    0  229  468.34174  426.24277  8.99%     -   27s
     0     0  426.26755    0  229  468.34174  426.26755  8.98%     -   27s
     0     0  426.26807    0  230  468.34174  426.26807  8.98%     -   27s
     0     0  426.28105    0  231  468.34174  426.28105  8.98%     -   27s
     0     0  426.30855    0  230  468.34174  426.30855  8.97%     -   27s
     0     0  426.30855    0  230  468.34174  426.30855  8.97%     -   28s
     0     0  426.30855    0  230  468.34174  426.30855  8.97%     -   28s
     0     0  426.30855    0  204  468.34174  426.30855  8.97%     -   28s
H    0     0                     466.9196738  426.30855  8.70%     -   28s
H    0     0                     466.0739364  426.30855  8.53%     -   28s
H    0     0                     466.0739359  426.30855  8.53%     -   28s
     0     0  428.74665    0  198  466.07394  428.74665  8.01%     -   29s
H    0     0                     465.9409914  428.74665  7.98%     -   30s
     0     0  428.74665    0  209  465.94099  428.74665  7.98%     -   31s
     0     0  428.74665    0  249  465.94099  428.74665  7.98%     -   31s
     0     0  428.74665    0  227  465.94099  428.74665  7.98%     -   31s
     0     0  428.74665    0  230  465.94099  428.74665  7.98%     -   32s
     0     0  428.74665    0  234  465.94099  428.74665  7.98%     -   32s
     0     0  428.74665    0  233  465.94099  428.74665  7.98%     -   32s
     0     0  428.74665    0  234  465.94099  428.74665  7.98%     -   32s
     0     0  428.74665    0  230  465.94099  428.74665  7.98%     -   32s
     0     0  428.74665    0  229  465.94099  428.74665  7.98%     -   32s
     0     0  428.74665    0  228  465.94099  428.74665  7.98%     -   32s
     0     0  428.74665    0  223  465.94099  428.74665  7.98%     -   32s
     0     0  428.74665    0  225  465.94099  428.74665  7.98%     -   32s
     0     0  428.74665    0  223  465.94099  428.74665  7.98%     -   32s
     0     0  430.00756    0  233  465.94099  430.00756  7.71%     -   33s
     0     0  430.01220    0  235  465.94099  430.01220  7.71%     -   33s
     0     0  430.10881    0  242  465.94099  430.10881  7.69%     -   33s
     0     0  430.11721    0  250  465.94099  430.11721  7.69%     -   33s
     0     0  430.13188    0  247  465.94099  430.13188  7.69%     -   33s
     0     0  430.14140    0  251  465.94099  430.14140  7.68%     -   33s
     0     0  430.14176    0  250  465.94099  430.14176  7.68%     -   33s
     0     0  430.15656    0  245  465.94099  430.15656  7.68%     -   34s
     0     0  430.16188    0  245  465.94099  430.16188  7.68%     -   34s
     0     0  430.16188    0  245  465.94099  430.16188  7.68%     -   34s
     0     0  430.16188    0  242  465.94099  430.16188  7.68%     -   34s
     0     2  432.04602    0  242  465.94099  432.04602  7.27%     -   36s
   387   294  460.01696   17  173  465.94099  432.04602  7.27%   281   40s
  1019   714  456.50801   20  183  465.94099  433.30935  7.00%   241   45s
  1355   906  437.95335   14  219  465.94099  433.70433  6.92%   241   50s
  1379   922  449.64229   17  233  465.94099  433.70433  6.92%   237   55s
  1476   976  450.78304   31  196  465.94099  433.70433  6.92%   279   60s
  1683   963  456.22191   19  196  465.94099  434.50349  6.75%   289   65s
  2175   976  448.00991   29  208  465.94099  436.86142  6.24%   305   70s
  2639  1084  452.69992   50  200  465.94099  439.07811  5.77%   317   75s
  3317  1165  445.55302   36  194  465.94099  443.61662  4.79%   314   80s
  4373  1210     cutoff   57       465.94099  446.99983  4.07%   289   85s
  5294  1419     cutoff   53       465.94099  448.86871  3.66%   278   90s
  6076  1451 infeasible   39       465.94099  451.65742  3.07%   279   95s
  7236  1782  455.58401   28   69  465.94099  455.30813  2.28%   269  101s
  8451  2092  456.89206   34  133  465.94099  455.98207  2.14%   258  106s
  8900  2236 infeasible   67       465.94099  456.06666  2.12%   257  110s
 10442  2744  459.89913   27  151  465.94099  456.48205  2.03%   246  116s
 11825  3086  464.55413   30   55  465.94099  456.81844  1.96%   239  121s
 13258  3184  463.41296   30   39  465.94099  457.30179  1.85%   235  126s
H13288  3184                     465.9409910  457.30179  1.85%   234  126s
 14135  3522     cutoff   28       465.94099  457.53904  1.80%   230  131s
 15677  3970     cutoff   32       465.94099  457.85983  1.73%   225  135s
 17793  4414  464.76847   53   56  465.94099  458.13042  1.68%   220  141s
 19177  4802  464.58268   44   79  465.94099  458.26557  1.65%   215  145s
 21370  5251     cutoff   35       465.94099  458.52241  1.59%   210  150s
 23337  5546  459.09501   34  131  465.94099  458.74149  1.55%   207  156s
 25321  5844     cutoff   27       465.94099  458.94913  1.50%   204  161s
 27382  6162  463.80740   24  165  465.94099  459.16640  1.45%   200  166s
 28493  6251  460.34336   47  117  465.94099  459.21178  1.44%   199  170s
 30371  6313  461.28863   29  125  465.94099  459.48329  1.39%   196  175s
 31055  6355  461.21471   37   95  465.94099  459.56290  1.37%   195  180s
 34127  6449  464.34973   35  107  465.94099  459.90631  1.30%   191  185s
 36702  6541 infeasible   35       465.94099  460.17702  1.24%   188  191s
 38429  6524  464.53875   49   32  465.94099  460.40615  1.19%   187  195s
 40613  6586     cutoff   48       465.94099  460.66678  1.13%   185  201s
 42576  6563     cutoff   27       465.94099  460.84040  1.09%   183  205s
 45007  6479  461.30515   28  108  465.94099  461.09056  1.04%   181  210s
 47346  6314     cutoff   29       465.94099  461.32743  0.99%   180  215s
 49390  6184     cutoff   47       465.94099  461.52161  0.95%   179  220s
 51505  6002     cutoff   36       465.94099  461.71961  0.91%   177  225s
 53705  5658  463.05377   26   50  465.94099  461.93990  0.86%   177  230s
 55737  5358     cutoff   36       465.94099  462.17256  0.81%   176  235s
 57430  5102  464.48888   33  123  465.94099  462.37819  0.76%   175  240s
 58947  4592     cutoff   40       465.94099  462.62116  0.71%   175  245s
 60945  3858  464.18234   38   56  465.94099  462.96448  0.64%   175  250s
 62344  3365  464.66269   20   99  465.94099  463.22503  0.58%   175  255s
 64452  2316     cutoff   55       465.94099  463.68148  0.48%   174  260s
 66678   848     cutoff   35       465.94099  464.33790  0.34%   173  265s

Cutting planes:
  Gomory: 10
  Cover: 26
  Implied bound: 147
  Projected implied bound: 7
  Clique: 2
  MIR: 139
  Mixing: 4
  Flow cover: 253
  Inf proof: 65
  Zero half: 21
  Network: 1
  RLT: 7
  Relax-and-lift: 49
  BQP: 3

Explored 68104 nodes (11816275 simplex iterations) in 267.45 seconds (964.91 work units)
Thread count was 4 (of 32 available processors)

Solution count 10: 465.941 465.941 466.074 ... 476.571

Optimal solution found (tolerance 1.00e-04)
Best objective 4.659409909656e+02, best bound 4.659409909656e+02, gap 0.0000%

User-callback calls 175970, time in user-callback 0.01 sec
Cap boundary reject: PORT-593 real=581.937 baseline=483.247
Cap boundary debug: PORT-593 -> [512 513 514 511 510 509 508 507 506 505 444 443 442 441 440 439 437 436 435 438 445 446 447 448 449 450 451 452 453 455 454 462 489 502] -> PORT-584 -> [499 498 497 496 495 112 113 494 114 476 477 478 481 480 479 475 473 474 466 465 464 463 483 482 493 492 491 490 500] -> PORT-584 | load_left=43492 load_right=32837 cap=45000
Set parameter Username
Set parameter LicenseID to value 2738882
Academic license - for non-commercial use only - expires 2026-11-14
Set parameter TimeLimit to value 420
Set parameter Seed to value 918460727
Set parameter Threads to value 4
Set parameter OutputFlag to value 1
Set parameter LogToConsole to value 1
Set parameter LazyConstraints to value 1
Gurobi Optimizer version 13.0.0 build v13.0.0rc1 (linux64 - "Debian GNU/Linux 13 (trixie)")

CPU model: AMD Ryzen 9 5950X 16-Core Processor, instruction set [SSE2|AVX|AVX2]
Thread count: 16 physical cores, 32 logical processors, using up to 4 threads

Non-default parameters:
TimeLimit  420
Seed  918460727
Threads  4
LazyConstraints  1

Optimize a model with 18186 rows, 50700 columns and 101388 nonzeros (Min)
Model fingerprint: 0x881e7441
Model has 16636 linear objective coefficients
Variable types: 33800 continuous, 16900 integer (16900 binary)
Coefficient statistics:
  Matrix range     [1e+00, 4e+04]
  Objective range  [6e-01, 1e+02]
  Bounds range     [1e+00, 4e+04]
  RHS range        [1e+00, 1e+04]
Presolve removed 1420 rows and 17741 columns
Presolve time: 0.16s
Presolved: 16766 rows, 32959 columns, 98674 nonzeros
Variable types: 16254 continuous, 16705 integer (16705 binary)

Root simplex log...

Iteration    Objective       Primal Inf.    Dual Inf.      Time
   44537    4.4076336e+02   7.412286e+03   0.000000e+00      5s
   55958    4.5174193e+02   0.000000e+00   0.000000e+00      7s

Root relaxation: objective 4.517419e+02, 55958 iterations, 6.81 seconds (20.14 work units)

    Nodes    |    Current Node    |     Objective Bounds      |     Work
 Expl Unexpl |  Obj  Depth IntInf | Incumbent    BestBd   Gap | It/Node Time

     0     0  451.74193    0  217          -  451.74193      -     -    7s
H    0     0                     678.2851979  451.74193  33.4%     -   10s
H    0     0                     663.0935953  451.74193  31.9%     -   10s
H    0     0                     652.8731735  451.74193  30.8%     -   10s
H    0     0                     652.6698773  451.74193  30.8%     -   10s
     0     0  451.74193    0  217  652.66988  451.74193  30.8%     -   11s
     0     0  458.02224    0  267  652.66988  458.02224  29.8%     -   13s
H    0     0                     649.6201405  458.02224  29.5%     -   13s
H    0     0                     626.3313266  458.02224  26.9%     -   13s
H    0     0                     622.0210746  458.02224  26.4%     -   14s
H    0     0                     618.6410683  458.02224  26.0%     -   14s
H    0     0                     615.1060334  458.02224  25.5%     -   15s
H    0     0                     614.4998521  458.02224  25.5%     -   16s
H    0     0                     610.4251512  458.02224  25.0%     -   16s
H    0     0                     608.6199045  458.02224  24.7%     -   16s
     0     0  458.26980    0  269  608.61990  458.26980  24.7%     -   16s
     0     0  458.26986    0  269  608.61990  458.26986  24.7%     -   16s
     0     0  461.82631    0  255  608.61990  461.82631  24.1%     -   18s
     0     0  461.82631    0  267  608.61990  461.82631  24.1%     -   18s
     0     0  465.21997    0  280  608.61990  465.21997  23.6%     -   20s
     0     0  465.24370    0  279  608.61990  465.24370  23.6%     -   20s
     0     0  465.24370    0  280  608.61990  465.24370  23.6%     -   20s
     0     0  467.15345    0  287  608.61990  467.15345  23.2%     -   22s
     0     0  467.47816    0  287  608.61990  467.47816  23.2%     -   23s
     0     0  467.49721    0  293  608.61990  467.49721  23.2%     -   23s
     0     0  467.49721    0  293  608.61990  467.49721  23.2%     -   23s
     0     0  469.31440    0  276  608.61990  469.31440  22.9%     -   25s
     0     0  469.34237    0  273  608.61990  469.34237  22.9%     -   25s
     0     0  469.34268    0  271  608.61990  469.34268  22.9%     -   25s
     0     0  469.38379    0  271  608.61990  469.38379  22.9%     -   26s
     0     0  469.38535    0  271  608.61990  469.38535  22.9%     -   26s
     0     0  469.51050    0  238  608.61990  469.51050  22.9%     -   27s
     0     0  469.55468    0  241  608.61990  469.55468  22.8%     -   27s
     0     0  469.55594    0  244  608.61990  469.55594  22.8%     -   27s
     0     0  469.80797    0  273  608.61990  469.80797  22.8%     -   29s
     0     0  469.81179    0  277  608.61990  469.81179  22.8%     -   29s
     0     0  470.04395    0  282  608.61990  470.04395  22.8%     -   30s
     0     0  470.04833    0  288  608.61990  470.04833  22.8%     -   30s
     0     0  470.04836    0  288  608.61990  470.04836  22.8%     -   30s
     0     0  470.75098    0  261  608.61990  470.75098  22.7%     -   31s
     0     0  470.85349    0  292  608.61990  470.85349  22.6%     -   32s
     0     0  470.86312    0  302  608.61990  470.86312  22.6%     -   32s
     0     0  470.86786    0  300  608.61990  470.86786  22.6%     -   32s
     0     0  470.86939    0  297  608.61990  470.86939  22.6%     -   32s
     0     0  471.03997    0  299  608.61990  471.03997  22.6%     -   33s
     0     0  471.04094    0  301  608.61990  471.04094  22.6%     -   33s
     0     0  471.04680    0  297  608.61990  471.04680  22.6%     -   34s
     0     0  471.04859    0  296  608.61990  471.04859  22.6%     -   34s
     0     0  471.05142    0  290  608.61990  471.05142  22.6%     -   35s
     0     0  471.05142    0  290  608.61990  471.05142  22.6%     -   35s
     0     0  471.05142    0  289  608.61990  471.05142  22.6%     -   35s
     0     2  471.05142    0  288  608.61990  471.05142  22.6%     -   36s
     1     3  473.45196    1  268  608.61990  471.05142  22.6% 14148   40s
     4     9  474.40496    3  270  608.61990  471.05142  22.6% 10555   46s
H    5     9                     605.8410619  471.05142  22.2%  8444   46s
H    8    13                     586.1686174  471.05142  19.6%  7621   48s
H   11    13                     583.2028224  471.05142  19.2%  6145   48s
H   12    20                     579.4264843  471.05142  18.7%  5852   50s
H   23    26                     544.8895257  471.05142  13.6%  9191   52s
    25    32  481.45141    8  248  544.88953  471.05142  13.6% 10116   55s
H   26    32                     543.2655055  471.05142  13.3%  9727   55s
H   32    36                     538.0263222  471.05142  12.4%  8986   57s
H   34    36                     537.3651883  471.05142  12.3%  9265   57s
    55    65  477.88441   13  221  537.36519  471.05142  12.3%  8937   61s
    85    89  483.83294   17  230  537.36519  471.05142  12.3%  7790   65s
   149   171  483.05672   22  227  537.36519  471.05142  12.3%  5821   70s
   283   310  498.92183   96  149  537.36519  471.05142  12.3%  4010   78s
   343   384  487.03520   38  201  537.36519  471.05142  12.3%  3535   80s
   481   521  488.40824   47  202  537.36519  471.05142  12.3%  3002   85s
   829   916  492.51304   73  185  537.36519  471.05142  12.3%  2074   90s
  1046  1054  497.77900   85  154  537.36519  471.05142  12.3%  1805   97s
  1125  1085  509.53256  129  289  537.36519  471.05142  12.3%  1808  111s
H 1126  1031                     537.3651855  471.05142  12.3%  1806  114s
  1127  1031  515.22586  199  221  537.36519  471.05142  12.3%  1804  115s
H 1127   980                     530.8110204  471.05142  11.3%  1804  118s
  1128   981  517.61090  266  252  530.81102  471.05142  11.3%  1803  120s
  1130   982  488.48922   53  297  530.81102  471.44075  11.2%  1800  125s
  1134   985  490.64638   66  290  530.81102  476.93169  10.2%  1793  131s
  1137   987  512.37410  169  323  530.81102  478.66160  9.82%  1789  135s
  1140   989  518.11716  272  308  530.81102  480.61355  9.46%  1784  141s
  1142   990  483.82054   26  282  530.81102  480.95961  9.39%  1781  145s
  1145   992  505.15037  135  329  530.81102  482.32855  9.13%  1776  150s
  1151   998  517.39625  252  258  530.81102  482.74977  9.05%  1893  158s
  1153   999  517.34296  235  305  530.81102  482.74977  9.05%  1890  161s
  1157  1002  516.44441  185  307  530.81102  485.22114  8.59%  1883  166s
  1160  1004  509.61549  154  295  530.81102  485.60222  8.52%  1878  170s
  1164  1007  507.85227   82  311  530.81102  486.87350  8.28%  1872  175s
  1167  1009  512.97947  151  279  530.81102  488.03489  8.06%  1867  180s
  1171  1011  528.58505  317  301  530.81102  488.93754  7.89%  1861  186s
  1175  1014  489.66509    5  305  530.81102  489.66509  7.75%  1855  191s
  1177  1015  518.57596  207  321  530.81102  490.27786  7.64%  1851  195s
  1181  1018  514.49340  186  317  530.81102  491.23858  7.46%  1845  201s
  1185  1021  503.12102   13  347  530.81102  491.61622  7.38%  1839  206s
  1189  1023  508.14010   87  338  530.81102  492.30744  7.25%  1833  211s
  1193  1026  524.76169  230  352  530.81102  492.40265  7.24%  1827  215s
  1198  1029  525.18593  243  383  530.81102  492.49882  7.22%  1819  220s
  1202  1032  492.77150   58  378  530.81102  492.77150  7.17%  1813  225s
  1207  1035  515.24077  206  341  530.81102  493.35174  7.06%  1805  230s
  1211  1038  502.61057  130  320  530.81102  493.36738  7.05%  1799  235s
  1216  1041  493.37860   33  343  530.81102  493.37860  7.05%  1792  240s
  1219  1043  528.09845  297  340  530.81102  493.56096  7.02%  1788  245s
  1226  1049  514.58499  156  214  530.81102  493.60561  7.01%  2045  250s
  1230  1052  494.14417   53  326  530.81102  494.14417  6.91%  2038  255s
  1236  1056  517.39625  252  326  530.81102  494.51788  6.84%  2028  261s
  1240  1058  518.11716  272  321  530.81102  494.70113  6.80%  2022  265s
  1246  1062  511.51343  166  322  530.81102  494.74202  6.80%  2012  270s
  1252  1066  530.02539  346  337  530.81102  494.80525  6.78%  2002  275s
  1256  1069  509.02840  117  306  530.81102  494.86089  6.77%  1996  281s
  1260  1072  509.61549  154  292  530.81102  494.87126  6.77%  1990  285s
  1266  1076  514.00501  147  292  530.81102  494.88473  6.77%  1980  291s
  1272  1081  494.88473   29  259  530.81102  494.88473  6.77%  2081  296s
  1276  1084  494.88473   46  295  530.81102  494.88473  6.77%  2074  300s
  1281  1087  514.49340  186  303  530.81102  494.91858  6.76%  2066  305s
  1287  1091  521.19590  210  300  530.81102  495.02782  6.74%  2057  310s
  1292  1094  508.92491  159  296  530.81102  495.02782  6.74%  2049  316s
  1296  1102  495.11283   45  302  530.81102  495.02782  6.74%  2120  320s
  1328  1125  497.50396   50  221  530.81102  495.02873  6.74%  2120  325s
H 1342  1081                     530.8110125  495.02873  6.74%  2114  327s
  1375  1103  498.56895   56  215  530.81101  495.02873  6.74%  2101  330s
  1442  1144  506.76401   60  220  530.81101  495.02873  6.74%  2041  335s
  1552  1210  503.07197   69  228  530.81101  495.02873  6.74%  1958  340s
  1657  1257  507.45254   80  129  530.81101  495.02873  6.74%  1883  345s
H 1747  1187                     530.8110107  495.02873  6.74%  1808  347s
  1882  1166  497.16413   48  262  530.81101  495.11283  6.73%  1694  350s
  1961  1213  504.09532   56  195  530.81101  495.27028  6.70%  1664  355s
  2082  1271  517.49236   72  189  530.81101  495.27028  6.70%  1610  361s
  2227  1277  500.05143   56  238  530.81101  495.27028  6.70%  1536  365s
  2330  1329  505.69740   62  183  530.81101  495.32313  6.69%  1497  370s
  2479  1370  515.01793   78  182  530.81101  495.60936  6.63%  1435  375s
  2763  1475  501.33155   57  210  530.81101  495.60936  6.63%  1324  381s
  2946  1549  513.86273   72  173  530.81101  495.83960  6.59%  1273  385s
  3390  1689  517.91453   72  172  530.81101  495.83960  6.59%  1150  392s
  3701  1802  506.27361   67  193  530.81101  495.83960  6.59%  1093  396s
  3970  1886  507.53771   59  236  530.81101  497.14612  6.34%  1050  402s
  4257  2050  508.75729   67  278  530.81101  497.27292  6.32%  1013  407s
  4453  2195  522.65606  122  199  530.81101  497.27292  6.32%   987  410s
  4864  2498  526.01857  174  176  530.81101  497.51651  6.27%   934  415s

Cutting planes:
  Gomory: 9
  Cover: 34
  Implied bound: 111
  Projected implied bound: 18
  Clique: 2
  MIR: 144
  Mixing: 2
  Flow cover: 221
  GUB cover: 1
  Zero half: 41
  Mod-K: 4
  RLT: 10
  Relax-and-lift: 32
  BQP: 4

Explored 5377 nodes (4863304 simplex iterations) in 420.00 seconds (1160.32 work units)
Thread count was 4 (of 32 available processors)

Solution count 10: 530.811 537.365 538.026 ... 608.62

Time limit reached
Best objective 5.308110107491e+02, best bound 4.977291492640e+02, gap 6.2323%

User-callback calls 67324, time in user-callback 0.01 sec
Cap boundary reject: PORT-584 real=638.009 baseline=530.811
Cap boundary debug: PORT-584 -> [499 498 497 496 495 112 113 494 114 476 477 478 481 480 479 475 473 474 466 465 464 463 483 482 493 492 491 490 500] -> PORT-584 -> [503 504 485 461 456 457 458 459 460 484 486 487 488] -> PORT-584 | load_left=32837 load_right=44629 cap=45000
Set parameter Username
Set parameter LicenseID to value 2738882
Academic license - for non-commercial use only - expires 2026-11-14
Set parameter TimeLimit to value 420
Set parameter Seed to value 2000000000
Set parameter Threads to value 4
Set parameter OutputFlag to value 1
Set parameter LogToConsole to value 1
Set parameter LazyConstraints to value 1
Gurobi Optimizer version 13.0.0 build v13.0.0rc1 (linux64 - "Debian GNU/Linux 13 (trixie)")

CPU model: AMD Ryzen 9 5950X 16-Core Processor, instruction set [SSE2|AVX|AVX2]
Thread count: 16 physical cores, 32 logical processors, using up to 4 threads

Non-default parameters:
TimeLimit  420
Seed  2000000000
Threads  4
LazyConstraints  1

Optimize a model with 8610 rows, 23232 columns and 46452 nonzeros (Min)
Model fingerprint: 0x2de4ac0e
Model has 7560 linear objective coefficients
Variable types: 15488 continuous, 7744 integer (7744 binary)
Coefficient statistics:
  Matrix range     [1e+00, 4e+04]
  Objective range  [4e-01, 1e+02]
  Bounds range     [1e+00, 4e+04]
  RHS range        [1e+00, 2e+04]
Presolve removed 958 rows and 8312 columns
Presolve time: 0.07s
Presolved: 7652 rows, 14920 columns, 44696 nonzeros
Variable types: 7308 continuous, 7612 integer (7612 binary)

Root relaxation: objective 3.735295e+02, 14377 iterations, 0.71 seconds (2.10 work units)

    Nodes    |    Current Node    |     Objective Bounds      |     Work
 Expl Unexpl |  Obj  Depth IntInf | Incumbent    BestBd   Gap | It/Node Time

     0     0  373.52950    0  177          -  373.52950      -     -    0s
H    0     0                    1130.8232864  373.52950  67.0%     -    0s
H    0     0                     597.1103602  373.52950  37.4%     -    0s
H    0     0                     579.3034687  373.52950  35.5%     -    1s
H    0     0                     577.3215951  373.52950  35.3%     -    1s
H    0     0                     552.4677088  373.52950  32.4%     -    1s
H    0     0                     549.0835591  373.52950  32.0%     -    1s
H    0     0                     547.4736786  373.52950  31.8%     -    1s
     0     0  376.46440    0  193  547.47368  376.46440  31.2%     -    2s
H    0     0                     543.6977972  376.47013  30.8%     -    2s
H    0     0                     537.8182786  376.47013  30.0%     -    2s
H    0     0                     532.5175086  376.47013  29.3%     -    3s
H    0     0                     512.0801511  376.47013  26.5%     -    3s
H    0     0                     507.8643762  376.47013  25.9%     -    3s
H    0     0                     507.7661847  376.47013  25.9%     -    3s
H    0     0                     485.6101354  376.47013  22.5%     -    3s
H    0     0                     481.6030893  376.47013  21.8%     -    3s
H    0     0                     472.9617571  376.47013  20.4%     -    3s
H    0     0                     467.5000294  376.47013  19.5%     -    4s
     0     0  376.73017    0  194  467.50003  376.73017  19.4%     -    4s
     0     0  376.73089    0  195  467.50003  376.73089  19.4%     -    4s
     0     0  376.73101    0  195  467.50003  376.73101  19.4%     -    4s
     0     0  380.06515    0  215  467.50003  380.06515  18.7%     -    5s
     0     0  380.13706    0  206  467.50003  380.13706  18.7%     -    5s
     0     0  380.13706    0  220  467.50003  380.13706  18.7%     -    5s
     0     0  381.76564    0  227  467.50003  381.76564  18.3%     -    5s
     0     0  381.78310    0  235  467.50003  381.78310  18.3%     -    5s
     0     0  381.79370    0  235  467.50003  381.79370  18.3%     -    5s
     0     0  381.79540    0  235  467.50003  381.79540  18.3%     -    5s
     0     0  382.15014    0  231  467.50003  382.15014  18.3%     -    6s
     0     0  382.15772    0  234  467.50003  382.15772  18.3%     -    6s
     0     0  382.15772    0  237  467.50003  382.15772  18.3%     -    6s
     0     0  382.75164    0  234  467.50003  382.75164  18.1%     -    7s
     0     0  382.75563    0  242  467.50003  382.75563  18.1%     -    7s
     0     0  382.75563    0  240  467.50003  382.75563  18.1%     -    7s
     0     0  383.24738    0  237  467.50003  383.24738  18.0%     -    7s
     0     0  383.26187    0  238  467.50003  383.26187  18.0%     -    7s
     0     0  383.27020    0  241  467.50003  383.27020  18.0%     -    7s
     0     0  383.27020    0  243  467.50003  383.27020  18.0%     -    7s
     0     0  383.73836    0  227  467.50003  383.73836  17.9%     -    8s
     0     0  383.77752    0  234  467.50003  383.77752  17.9%     -    8s
     0     0  383.77807    0  233  467.50003  383.77807  17.9%     -    8s
     0     0  383.82976    0  235  467.50003  383.82976  17.9%     -    8s
     0     0  383.83598    0  236  467.50003  383.83598  17.9%     -    8s
     0     0  383.83654    0  232  467.50003  383.83654  17.9%     -    8s
     0     0  383.84968    0  232  467.50003  383.84968  17.9%     -    9s
     0     0  383.86399    0  236  467.50003  383.86399  17.9%     -    9s
     0     0  383.86399    0  238  467.50003  383.86399  17.9%     -    9s
     0     0  383.87445    0  236  467.50003  383.87445  17.9%     -    9s
     0     0  383.88102    0  236  467.50003  383.88102  17.9%     -    9s
     0     0  383.88102    0  230  467.50003  383.88102  17.9%     -    9s
     0     2  383.88102    0  230  467.50003  383.88102  17.9%     -    9s
    11    17  384.43406    4  219  467.50003  384.31626  17.8%   263   10s
   317   322  394.78990   79  149  467.50003  384.31626  17.8%   145   15s
H  360   362                     461.0712483  384.31626  16.6%   153   16s
H  385   390                     459.9402086  384.31626  16.4%   150   17s
H  387   390                     441.1278781  384.31626  12.9%   151   17s
H  524   534                     438.3403229  384.31626  12.3%   140   18s
H 1166  1171                     437.6150352  384.31626  12.2%  99.4   19s
  1170  1359  416.69657  234  112  437.61504  384.31626  12.2%  99.3   20s
  1922  1896  417.98514  347  175  437.61504  384.57902  12.1%  79.9   25s
  1931  1902  392.75448   63  248  437.61504  388.33605  11.3%  79.5   30s
  1943  1910  413.34895  209  261  437.61504  390.41860  10.8%  79.0   36s
  1954  1918  412.37698  210  262  437.61504  390.53288  10.8%  78.5   40s
  1964  1924  416.64614  148  283  437.61504  390.68812  10.7%  78.1   45s
  1976  1932  418.41832  276  285  437.61504  391.89855  10.4%  77.7   50s
  1988  1940  420.06839  369  282  437.61504  393.16419  10.2%  77.2   55s
  1995  1945  405.67720  135  281  437.61504  394.76377  9.79%  76.9   60s
  2016  1959  411.83808  299  286  437.61504  395.22550  9.69%  76.1   65s
  2044  1978  396.70909   46  299  437.61504  396.03952  9.50%  75.1   70s
  2054  1986  412.37698  210  262  437.61504  396.04710  9.50%  99.3   75s
  2065  1993  409.70934  151  289  437.61504  396.23583  9.46%  98.8   80s
  2074  1999  418.67955  314  291  437.61504  396.42929  9.41%  98.4   85s
  2081  2004  415.64442  169  300  437.61504  396.48469  9.40%  98.1   90s
  2090  2015  401.08060   29  253  437.61504  397.22155  9.23%   115   95s
  2160  2064  403.62416   38  234  437.61504  397.22155  9.23%   132  100s
H 2163  1962                     434.6026100  397.22155  8.60%   132  100s
  2356  2056  420.08001   60  144  434.60261  397.22155  8.60%   158  105s
  2720  2024  420.46019   57  143  434.60261  398.56818  8.29%   172  110s
  3213  2101  412.14520   51  179  434.60261  398.97933  8.20%   178  115s
  3895  2328  416.05992   43  164  434.60261  400.02362  7.96%   180  120s
  4507  2530  427.29153  122  125  434.60261  400.97307  7.74%   180  125s
  5265  2864  423.95526   50  170  434.60261  401.80397  7.55%   176  130s
H 5950  3034                     434.6026005  402.28002  7.44%   170  134s
  6079  3262  407.44082   33  218  434.60260  402.32389  7.43%   168  135s
  6880  3349  418.48974   54  180  434.60260  403.11308  7.25%   164  140s
  7659  3711  432.07643   59  137  434.60260  403.45928  7.17%   164  146s
  8419  4142  418.92578   63  199  434.60260  403.55567  7.14%   166  151s
  8765  4393  425.67620   71  130  434.60260  403.69979  7.11%   171  156s
  9195  4736  411.13093   37  153  434.60260  403.96921  7.05%   173  160s
  9746  5151  407.58246   40  214  434.60260  404.10676  7.02%   174  165s
H 9926  5151                     434.6025968  404.16768  7.00%   174  165s
 10563  5773  406.59479   37  243  434.60260  404.21157  6.99%   169  170s
 11314  6549  429.11519   79  139  434.60260  404.48216  6.93%   173  175s
 12348  7137  410.12539   41  189  434.60260  404.72965  6.87%   175  181s
 13515  8030  412.14352   36  187  434.60260  405.02953  6.80%   173  187s
 14048  8231  415.99056   36  159  434.60260  405.15306  6.78%   172  190s
 14742  8529  420.89348   55  184  434.60260  405.22291  6.76%   176  197s
H14754  8529                     434.6025968  405.22291  6.76%   176  197s
 14855  8899  410.17986   38  212  434.60260  405.22291  6.76%   177  200s
 15718  9460  416.07562   42  184  434.60260  405.42212  6.71%   179  206s
 16644 10062  422.86670   63  148  434.60260  405.59367  6.67%   182  212s
 17686 10692  427.12730   58  139  434.60260  405.77745  6.63%   182  218s
 18291 11012  432.15875   46  114  434.60260  405.86701  6.61%   180  221s
 19435 11856  428.01627   42  178  434.60260  406.04074  6.57%   180  228s
 19931 12179  412.64988   43  202  434.60260  406.12147  6.55%   180  231s
 20859 12629  426.85858   59  151  434.60260  406.31524  6.51%   181  237s
 21258 12683  411.70938   42  217  434.60260  406.38203  6.49%   183  241s
 21818 13286  429.69012   69  168  434.60260  406.43415  6.48%   184  247s
 22247 13691  409.31037   36  197  434.60260  406.47340  6.47%   184  250s
H22555 13691                     434.6025907  406.49453  6.47%   185  250s
 23234 14172  426.17106   48  129  434.60259  406.52831  6.46%   184  256s
 24198 14759  420.36415   46  176  434.60259  406.69016  6.42%   184  262s
 24621 15195  416.65836   49  163  434.60259  406.76802  6.40%   184  265s
 25714 15925  423.85002   59  192  434.60259  406.84397  6.39%   183  271s
 26669 16564  420.88017   54  157  434.60259  406.96045  6.36%   184  276s
 27110 16988  412.27806   42  174  434.60259  407.03168  6.34%   185  280s
 28312 17731     cutoff   54       434.60259  407.11025  6.33%   183  286s
 29285 18423     cutoff   48       434.60259  407.21519  6.30%   183  292s
 29725 18775  429.74787   58  124  434.60259  407.26151  6.29%   183  295s
 30737 19392  412.59624   38  202  434.60259  407.41568  6.26%   183  300s
 31871 20145  425.46104   67  153  434.60259  407.45999  6.25%   182  305s
 32662 20771 infeasible   70       434.60259  407.54284  6.23%   182  311s
 33466 21375  424.98415   62  162  434.60259  407.59753  6.21%   182  316s
 34267 21851  416.52056   66  192  434.60259  407.62757  6.21%   184  322s
 34700 22045  421.02372   94  177  434.60259  407.68864  6.19%   184  325s
 35627 22519  413.75944   35  184  434.60259  407.76543  6.18%   185  332s
 35846 22829     cutoff   59       434.60259  407.76543  6.18%   185  335s
 36630 23463  421.26084   70  200  434.60259  407.86792  6.15%   185  340s
 37754 24243  422.10257   55  149  434.60259  407.92691  6.14%   184  346s
 38568 24789  425.74328   62  182  434.60259  407.99972  6.12%   185  351s
 39386 25256  428.53348   76  173  434.60259  408.09766  6.10%   186  356s
 40349 26024  428.00932   47  129  434.60259  408.13669  6.09%   186  362s
 41265 26614  429.83710   77  181  434.60259  408.21497  6.07%   185  367s
 41627 26868 infeasible   51       434.60259  408.25217  6.06%   185  370s
 42328 27360  424.84734   75  186  434.60259  408.29465  6.05%   186  375s
 43290 28003  428.55440  142  137  434.60259  408.38355  6.03%   186  380s
 44292 28581  425.35601   52  168  434.60259  408.42684  6.02%   185  386s
 44999 29053  426.65565   57  151  434.60259  408.50498  6.00%   187  391s
 45813 29419  432.27086   55  164  434.60259  408.54998  5.99%   188  396s
 46693 29997  421.49536   42  208  434.60259  408.63056  5.98%   188  401s
 47362 30386  422.05991   39  171  434.60259  408.68923  5.96%   189  406s
 48165 30757  426.70197   43  174  434.60259  408.73791  5.95%   190  412s
 48421 30969  425.35734   49  190  434.60259  408.77479  5.94%   191  415s
 49268 31551     cutoff   56       434.60259  408.83552  5.93%   191  420s

Cutting planes:
  Gomory: 4
  Cover: 25
  Implied bound: 182
  Projected implied bound: 15
  MIR: 302
  Mixing: 2
  Flow cover: 280
  GUB cover: 4
  Inf proof: 18
  Zero half: 13
  RLT: 13
  Relax-and-lift: 35
  BQP: 4
  Lazy constraints: 1

Explored 49629 nodes (9518908 simplex iterations) in 420.01 seconds (1595.33 work units)
Thread count was 4 (of 32 available processors)

Solution count 10: 434.603 437.615 438.34 ... 485.61

Time limit reached
Best objective 4.346025907415e+02, best bound 4.088553476591e+02, gap 5.9243%

User-callback calls 147025, time in user-callback 0.01 sec
Cap boundary reject: PORT-584 real=434.603 baseline=434.603
Cap boundary debug: PORT-584 -> [501 467 468 469 470 471 472 122 121 120 119 118 117 116 115 275 111 274] -> PORT-588 -> [105 104 103 102 101 108 271 272 273 253 252 254 255 257 256 130 129 128 258 259 260 261 262 263 127 126 125 124 123 266 267 265 264 268 269 270 110 109 107 106] -> PORT-588 | load_left=42427 load_right=43280 cap=45000
Set parameter Username
Set parameter LicenseID to value 2738882
Academic license - for non-commercial use only - expires 2026-11-14
Set parameter TimeLimit to value 420
Set parameter Seed to value 2000000000
Set parameter Threads to value 4
Set parameter OutputFlag to value 1
Set parameter LogToConsole to value 1
Set parameter LazyConstraints to value 1
Gurobi Optimizer version 13.0.0 build v13.0.0rc1 (linux64 - "Debian GNU/Linux 13 (trixie)")

CPU model: AMD Ryzen 9 5950X 16-Core Processor, instruction set [SSE2|AVX|AVX2]
Thread count: 16 physical cores, 32 logical processors, using up to 4 threads

Non-default parameters:
TimeLimit  420
Seed  2000000000
Threads  4
LazyConstraints  1

Optimize a model with 15586 rows, 43200 columns and 86388 nonzeros (Min)
Model fingerprint: 0x66c81e24
Model has 14156 linear objective coefficients
Variable types: 28800 continuous, 14400 integer (14400 binary)
Coefficient statistics:
  Matrix range     [1e+00, 4e+04]
  Objective range  [3e-01, 2e+02]
  Bounds range     [1e+00, 4e+04]
  RHS range        [1e+00, 1e+04]
Presolve removed 1310 rows and 15176 columns
Presolve time: 0.13s
Presolved: 14276 rows, 28024 columns, 83903 nonzeros
Variable types: 13804 continuous, 14220 integer (14220 binary)

Root relaxation: objective 4.955587e+02, 33280 iterations, 3.23 seconds (10.08 work units)

    Nodes    |    Current Node    |     Objective Bounds      |     Work
 Expl Unexpl |  Obj  Depth IntInf | Incumbent    BestBd   Gap | It/Node Time

     0     0  495.55871    0  245          -  495.55871      -     -    3s
H    0     0                     625.1342937  495.55871  20.7%     -    3s
H    0     0                     623.3798922  495.55871  20.5%     -    3s
H    0     0                     608.5065761  495.55871  18.6%     -    3s
H    0     0                     598.5481382  495.55871  17.2%     -    3s
H    0     0                     577.2666099  495.55871  14.2%     -    3s
H    0     0                     574.5602821  495.55871  13.7%     -    3s
     0     0  496.77165    0  258  574.56028  496.77165  13.5%     -    5s
H    0     0                     561.9471518  496.77297  11.6%     -    5s
H    0     0                     557.5185002  496.77297  10.9%     -    5s
H    0     0                     555.6537863  496.77297  10.6%     -    5s
H    0     0                     555.4475247  496.77297  10.6%     -    5s
H    0     0                     546.4439867  496.77297  9.09%     -    6s
H    0     0                     545.4592142  496.77297  8.93%     -    6s
H    0     0                     545.1840522  496.77297  8.88%     -    6s
H    0     0                     543.5826261  496.77297  8.61%     -    6s
H    0     0                     543.3074640  496.77297  8.57%     -    7s
H    0     0                     541.9868191  496.77297  8.34%     -    7s
H    0     0                     539.7849655  496.77297  7.97%     -    8s
H    0     0                     534.0066995  496.77297  6.97%     -    8s
H    0     0                     526.7580960  496.77297  5.69%     -    8s
     0     0  497.01621    0  262  526.75810  497.01621  5.65%     -   10s
     0     0  497.01621    0  245  526.75810  497.01621  5.65%     -   11s
     0     0  497.01621    0  262  526.75810  497.01621  5.65%     -   12s
     0     0  497.14019    0  259  526.75810  497.14019  5.62%     -   12s
     0     0  497.19558    0  263  526.75810  497.19558  5.61%     -   12s
     0     0  497.20043    0  261  526.75810  497.20043  5.61%     -   12s
     0     0  497.20044    0  262  526.75810  497.20044  5.61%     -   12s
     0     0  497.32924    0  263  526.75810  497.32924  5.59%     -   13s
H    0     0                     526.2972796  497.33026  5.50%     -   13s
     0     0  497.33613    0  264  526.29728  497.33613  5.50%     -   13s
     0     0  497.33613    0  265  526.29728  497.33613  5.50%     -   13s
     0     0  497.80019    0  286  526.29728  497.80019  5.41%     -   13s
     0     0  497.83971    0  279  526.29728  497.83971  5.41%     -   14s
     0     0  497.84152    0  282  526.29728  497.84152  5.41%     -   14s
     0     0  497.84167    0  284  526.29728  497.84167  5.41%     -   14s
     0     0  498.42492    0  289  526.29728  498.42492  5.30%     -   15s
     0     0  498.43488    0  291  526.29728  498.43488  5.29%     -   15s
     0     0  498.43496    0  293  526.29728  498.43496  5.29%     -   15s
     0     0  498.46308    0  288  526.29728  498.46308  5.29%     -   15s
     0     0  498.47062    0  282  526.29728  498.47062  5.29%     -   15s
     0     0  498.47062    0  282  526.29728  498.47062  5.29%     -   15s
     0     0  498.47223    0  290  526.29728  498.47223  5.29%     -   16s
     0     0  498.47326    0  288  526.29728  498.47326  5.29%     -   16s
     0     0  498.47385    0  291  526.29728  498.47385  5.29%     -   16s
     0     0  498.86646    0  289  526.29728  498.86646  5.21%     -   16s
     0     0  498.86939    0  292  526.29728  498.86939  5.21%     -   16s
     0     0  498.87361    0  288  526.29728  498.87361  5.21%     -   16s
     0     0  498.87547    0  289  526.29728  498.87547  5.21%     -   16s
     0     0  498.89803    0  287  526.29728  498.89803  5.21%     -   17s
     0     0  498.93503    0  290  526.29728  498.93503  5.20%     -   17s
     0     0  498.93518    0  290  526.29728  498.93518  5.20%     -   17s
     0     0  498.93553    0  290  526.29728  498.93553  5.20%     -   17s
     0     0  498.93928    0  291  526.29728  498.93928  5.20%     -   17s
     0     0  498.93928    0  291  526.29728  498.93928  5.20%     -   17s
     0     0  498.95066    0  291  526.29728  498.95066  5.20%     -   17s
     0     0  498.95066    0  291  526.29728  498.95066  5.20%     -   17s
     0     0  498.95066    0  291  526.29728  498.95066  5.20%     -   18s
     0     0  498.95344    0  291  526.29728  498.95344  5.20%     -   18s
     0     0  498.95344    0  291  526.29728  498.95344  5.20%     -   18s
     0     0  498.95344    0  291  526.29728  498.95344  5.20%     -   18s
     0     2  501.10410    0  290  526.29728  501.10410  4.79%     -   18s
    28    33  502.04638    5  241  526.29728  501.10410  4.79%   767   20s
   315   344  517.43478   75  175  526.29728  501.10410  4.79%   450   25s
   605   638  515.33459   32  175  526.29728  501.10410  4.79%   364   30s
  1089   988  513.10059    9  262  526.29728  501.10410  4.79%   309   35s
  1102   997  503.04372   16  289  526.29728  501.10410  4.79%   305   40s
  1121  1017  502.07657   20  229  526.29728  501.84173  4.65%   335   45s
  1344  1055  506.42160   22  203  526.29728  501.84173  4.65%   349   50s
  1607  1090  513.47439   28  216  526.29728  502.41016  4.54%   360   55s
  2079  1133  525.32465   34  153  526.29728  506.09044  3.84%   354   60s
  2554  1172  517.65565   27  223  526.29728  507.49129  3.57%   344   65s
  3150  1228  518.19945   28  220  526.29728  509.05143  3.28%   341   70s
  3739  1270  522.00569   28  208  526.29728  510.34500  3.03%   335   75s
H 4091  1233                     526.2972795  510.93692  2.92%   331   77s
  4374  1318  518.40370   25  203  526.29728  511.28419  2.85%   325   80s
H 4613  1369                     526.2972794  511.69009  2.78%   322   81s
  5248  1617  522.63714   32  192  526.29728  512.35071  2.65%   313   85s
  6009  1794  520.43345   31  205  526.29728  513.16981  2.49%   301   90s
  6873  1950  521.66529   28  197  526.29728  513.82594  2.37%   291   95s
H 6890  1950                     526.2972793  513.82594  2.37%   290   95s
  7623  2187  519.29496   30  253  526.29728  514.40325  2.26%   285  100s
  8706  2354  521.93489   41  201  526.29728  515.16294  2.12%   277  106s
  9756  2485     cutoff   29       526.29728  515.67729  2.02%   268  110s
 10696  2559 infeasible   30       526.29728  516.26325  1.91%   264  115s
 11903  2638  525.34778   23  235  526.29728  516.91571  1.78%   258  121s
 13259  2709     cutoff   30       526.29728  517.58485  1.66%   251  126s
 14513  2700  522.97751   30  174  526.29728  518.12123  1.55%   247  130s
 15696  2493     cutoff   39       526.29728  518.85729  1.41%   249  136s
 16420  2303  521.94898   36  170  526.29728  519.35127  1.32%   250  141s
 17248  1960     cutoff   41       526.29728  520.04157  1.19%   253  145s
 18496  1403     cutoff   26       526.29728  521.16809  0.97%   257  151s
 19602   622 infeasible   44       526.29728  522.47764  0.73%   261  157s
 19996   370     cutoff   31       526.29728  522.94134  0.64%   261  160s

Cutting planes:
  Cover: 26
  Implied bound: 98
  Projected implied bound: 8
  Clique: 1
  MIR: 57
  Flow cover: 119
  GUB cover: 1
  Inf proof: 32
  Zero half: 12
  Mod-K: 3
  RLT: 8
  Relax-and-lift: 83
  BQP: 11

Explored 20710 nodes (5401706 simplex iterations) in 161.23 seconds (579.27 work units)
Thread count was 4 (of 32 available processors)

Solution count 10: 526.297 526.758 534.007 ... 546.444

Optimal solution found (tolerance 1.00e-04)
Best objective 5.262972793052e+02, best bound 5.262972793052e+02, gap 0.0000%

User-callback calls 67766, time in user-callback 0.00 sec
Cap boundary reject: PORT-588 real=667.595 baseline=526.297
Cap boundary debug: PORT-588 -> [105 104 103 102 101 108 271 272 273 253 252 254 255 257 256 130 129 128 258 259 260 261 262 263 127 126 125 124 123 266 267 265 264 268 269 270 110 109 107 106] -> PORT-588 -> [248 247 245 249 251 250 244 243 238 237 215 214 213 212 211 210 209 208 207 206 205 131 204 203 202 199 201 200 198 197 196 195 194 193 192 218 217 216 239 240 242 241 132] -> PORT-583 | load_left=43280 load_right=44261 cap=45000
Set parameter Username
Set parameter LicenseID to value 2738882
Academic license - for non-commercial use only - expires 2026-11-14
Set parameter TimeLimit to value 420
Set parameter Seed to value 976421746
Set parameter Threads to value 4
Set parameter OutputFlag to value 1
Set parameter LogToConsole to value 1
Set parameter LazyConstraints to value 1
Gurobi Optimizer version 13.0.0 build v13.0.0rc1 (linux64 - "Debian GNU/Linux 13 (trixie)")

CPU model: AMD Ryzen 9 5950X 16-Core Processor, instruction set [SSE2|AVX|AVX2]
Thread count: 16 physical cores, 32 logical processors, using up to 4 threads

Non-default parameters:
TimeLimit  420
Seed  976421746
Threads  4
LazyConstraints  1

Optimize a model with 30586 rows, 86700 columns and 173388 nonzeros (Min)
Model fingerprint: 0x289603ff
Model has 28556 linear objective coefficients
Variable types: 57800 continuous, 28900 integer (28900 binary)
Coefficient statistics:
  Matrix range     [1e+00, 4e+04]
  Objective range  [3e-01, 1e+02]
  Bounds range     [1e+00, 4e+04]
  RHS range        [1e+00, 9e+03]
Presolve removed 1860 rows and 30001 columns
Presolve time: 0.27s
Presolved: 28726 rows, 56699 columns, 169729 nonzeros
Variable types: 28054 continuous, 28645 integer (28645 binary)
Root relaxation presolved: 28726 rows, 56699 columns, 169729 nonzeros

Deterministic concurrent LP optimizer: primal and dual simplex
Showing primal log only...

Concurrent spin time: 0.00s

Solved with primal simplex

Root relaxation: objective 5.020036e+02, 75815 iterations, 3.11 seconds (6.57 work units)

    Nodes    |    Current Node    |     Objective Bounds      |     Work
 Expl Unexpl |  Obj  Depth IntInf | Incumbent    BestBd   Gap | It/Node Time

     0     0  502.00358    0  334          -  502.00358      -     -    4s
     0     0  502.00358    0  334          -  502.00358      -     -   12s
     0     0  502.00358    0  334          -  502.00358      -     -   18s
     0     0  502.00358    0  334          -  502.00358      -     -   25s
     0     0  502.00358    0  334          -  502.00358      -     -   32s
     0     0  502.00358    0  334          -  502.00358      -     -   39s
H    0     0                    2225.0138490  502.00358  77.4%     -   40s
H    0     0                    2174.1522954  502.00358  76.9%     -   40s
H    0     0                    2081.2692330  502.00358  75.9%     -   42s
H    0     0                    2079.0937816  502.00358  75.9%     -   42s
     0     0  502.00358    0  328 2079.09378  502.00358  75.9%     -   45s
     0     0  505.41043    0  317 2079.09378  505.41043  75.7%     -   52s
H    0     0                    1215.3082476  505.41043  58.4%     -   56s
H    0     0                    1214.4105189  505.41043  58.4%     -   56s
H    0     0                    1209.2631154  505.41043  58.2%     -   56s
H    0     0                    1085.1234505  505.41043  53.4%     -   56s
H    0     0                    1084.2257217  505.41043  53.4%     -   56s
H    0     0                     834.8451531  505.41043  39.5%     -   56s
H    0     0                     817.3800496  505.41043  38.2%     -   56s
H    0     0                     813.1788525  505.41043  37.8%     -   56s
H    0     0                     798.1643057  505.41043  36.7%     -   56s
H    0     0                     791.1422503  505.41043  36.1%     -   56s
H    0     0                     787.9761747  505.41043  35.9%     -   56s
H    0     0                     786.9240004  505.41043  35.8%     -   56s
H    0     0                     774.2168777  505.41043  34.7%     -   56s
H    0     0                     772.5503032  505.41043  34.6%     -   57s
H    0     0                     772.3724089  505.41043  34.6%     -   57s
H    0     0                     769.6072132  505.41043  34.3%     -   57s
H    0     0                     768.1531739  505.41043  34.2%     -   57s
H    0     0                     621.0568082  505.41043  18.6%     -   58s
H    0     0                     618.5713970  505.41043  18.3%     -   58s
H    0     0                     617.2992133  505.41043  18.1%     -   58s
H    0     0                     614.1882855  505.41043  17.7%     -   58s
H    0     0                     609.1842448  505.41043  17.0%     -   58s
H    0     0                     605.1133149  505.41043  16.5%     -   60s
H    0     0                     603.2667322  505.41043  16.2%     -   60s
H    0     0                     602.9513660  505.41043  16.2%     -   63s
H    0     0                     602.1309627  505.41043  16.1%     -   63s
H    0     0                     596.8375576  505.41043  15.3%     -   64s
H    0     0                     596.7424152  505.41043  15.3%     -   65s
H    0     0                     594.1026889  505.41043  14.9%     -   71s
H    0     0                     592.0683708  505.41043  14.6%     -   72s
H    0     0                     590.1905684  505.41043  14.4%     -   72s
H    0     0                     589.8109490  505.41043  14.3%     -   75s
     0     0  505.41178    0  315  589.81095  505.41178  14.3%     -   76s
     0     0  507.38529    0  367  589.81095  507.38529  14.0%     -   82s
     0     0  507.38907    0  363  589.81095  507.38907  14.0%     -   82s
     0     0  507.38907    0  365  589.81095  507.38907  14.0%     -   82s
     0     0  509.88336    0  364  589.81095  509.88336  13.6%     -   89s
     0     0  510.09599    0  346  589.81095  510.09599  13.5%     -   92s
     0     0  510.09845    0  358  589.81095  510.09845  13.5%     -   92s
     0     0  510.44464    0  376  589.81095  510.44464  13.5%     -  104s
H    0     0                     589.4445749  510.44501  13.4%     -  105s
H    0     0                     586.9077220  510.44501  13.0%     -  105s
     0     0  510.51051    0  379  586.90772  510.51051  13.0%     -  106s
     0     0  510.51051    0  379  586.90772  510.51051  13.0%     -  106s
     0     0  510.98528    0  389  586.90772  510.98528  12.9%     -  110s
     0     0  510.99583    0  388  586.90772  510.99583  12.9%     -  113s
     0     0  511.06505    0  374  586.90772  511.06505  12.9%     -  115s
     0     0  511.06691    0  362  586.90772  511.06691  12.9%     -  116s
     0     0  511.81094    0  391  586.90772  511.81094  12.8%     -  121s
H    0     0                     585.4481625  511.85867  12.6%     -  122s
     0     0  511.88140    0  378  585.44816  511.88140  12.6%     -  123s
     0     0  511.89419    0  381  585.44816  511.89419  12.6%     -  124s
     0     0  511.89566    0  392  585.44816  511.89566  12.6%     -  127s
     0     0  511.90591    0  391  585.44816  511.90591  12.6%     -  130s
     0     0  511.90591    0  385  585.44816  511.90591  12.6%     -  130s
     0     0  512.02542    0  379  585.44816  512.02542  12.5%     -  134s
     0     0  512.02604    0  391  585.44816  512.02604  12.5%     -  135s
     0     0  512.14296    0  352  585.44816  512.14296  12.5%     -  142s
     0     0  512.17134    0  378  585.44816  512.17134  12.5%     -  144s
     0     0  512.17134    0  367  585.44816  512.17134  12.5%     -  144s
     0     0  512.24530    0  375  585.44816  512.24530  12.5%     -  146s
     0     0  512.24901    0  381  585.44816  512.24901  12.5%     -  148s
     0     0  512.37276    0  394  585.44816  512.37276  12.5%     -  153s
     0     0  512.37385    0  396  585.44816  512.37385  12.5%     -  154s
     0     0  512.57550    0  388  585.44816  512.57550  12.4%     -  157s
H    0     0                     573.4293356  512.57550  10.6%     -  158s
     0     0  512.57693    0  391  573.42934  512.57693  10.6%     -  162s
     0     0  512.65529    0  387  573.42934  512.65529  10.6%     -  165s
     0     0  512.65862    0  397  573.42934  512.65862  10.6%     -  166s
     0     0  512.85314    0  389  573.42934  512.85314  10.6%     -  169s
     0     0  512.85769    0  401  573.42934  512.85769  10.6%     -  170s
     0     0  512.87396    0  390  573.42934  512.87396  10.6%     -  172s
     0     0  512.87396    0  390  573.42934  512.87396  10.6%     -  172s
     0     0  512.87396    0  390  573.42934  512.87396  10.6%     -  172s
     0     0  512.87396    0  372  573.42934  512.87396  10.6%     -  174s
     0     0  515.96149    0  342  573.42934  515.96149  10.0%     -  187s
     0     0  515.96149    0  386  573.42934  515.96149  10.0%     -  194s
H    0     0                     573.0786188  515.96149  10.0%     -  197s
H    0     0                     572.9017920  515.96149  9.94%     -  198s
H    0     0                     565.5284194  515.96149  8.76%     -  198s
H    0     0                     560.4591023  515.96149  7.94%     -  198s
H    0     0                     560.3197518  515.96149  7.92%     -  199s
H    0     0                     559.0689455  515.96149  7.71%     -  199s
     0     0  515.96149    0  376  559.06895  515.96149  7.71%     -  203s
     0     0  515.96149    0  362  559.06895  515.96149  7.71%     -  204s
     0     0  515.96149    0  379  559.06895  515.96149  7.71%     -  204s
     0     0  515.96149    0  388  559.06895  515.96149  7.71%     -  205s
     0     0  515.96149    0  385  559.06895  515.96149  7.71%     -  207s
     0     0  515.96149    0  386  559.06895  515.96149  7.71%     -  209s
     0     0  515.96149    0  362  559.06895  515.96149  7.71%     -  210s
     0     0  515.96149    0  392  559.06895  515.96149  7.71%     -  210s
     0     0  515.96149    0  381  559.06895  515.96149  7.71%     -  213s
     0     0  515.96149    0  381  559.06895  515.96149  7.71%     -  214s
     0     0  515.96149    0  388  559.06895  515.96149  7.71%     -  219s
     0     0  515.96149    0  391  559.06895  515.96149  7.71%     -  221s
     0     0  515.96149    0  394  559.06895  515.96149  7.71%     -  221s
     0     0  515.96571    0  390  559.06895  515.96571  7.71%     -  222s
     0     0  515.96571    0  387  559.06895  515.96571  7.71%     -  223s
     0     0  515.97983    0  387  559.06895  515.97983  7.71%     -  224s
H    0     0                     558.0068890  515.97983  7.53%     -  225s
H    0     0                     557.6561722  515.97983  7.47%     -  225s
     0     0  515.98072    0  396  557.65617  515.98072  7.47%     -  226s
     0     0  516.35567    0  380  557.65617  516.35567  7.41%     -  228s
     0     0  516.35567    0  320  557.65617  516.35567  7.41%     -  232s
H    0     0                     557.5380695  516.35567  7.39%     -  233s
     0     0  516.35567    0  367  557.53807  516.35567  7.39%     -  236s
     0     0  516.35567    0  342  557.53807  516.35567  7.39%     -  245s
     0     0  516.83975    0  375  557.53807  516.83975  7.30%     -  246s
     0     0  517.07058    0  380  557.53807  517.07058  7.26%     -  247s
     0     0  517.07767    0  393  557.53807  517.07767  7.26%     -  247s
     0     0  518.21350    0  374  557.53807  518.21350  7.05%     -  250s
     0     0  518.21429    0  375  557.53807  518.21429  7.05%     -  252s
     0     0  518.51195    0  376  557.53807  518.51195  7.00%     -  255s
     0     0  518.58639    0  406  557.53807  518.58639  6.99%     -  256s
     0     0  518.58717    0  401  557.53807  518.58717  6.99%     -  256s
     0     0  518.87092    0  431  557.53807  518.87092  6.94%     -  260s
     0     0  518.87104    0  432  557.53807  518.87104  6.94%     -  260s
     0     0  519.10070    0  406  557.53807  519.10070  6.89%     -  262s
     0     0  519.10539    0  421  557.53807  519.10539  6.89%     -  263s
     0     0  519.22884    0  424  557.53807  519.22884  6.87%     -  264s
     0     0  519.22943    0  410  557.53807  519.22943  6.87%     -  265s
     0     0  519.23031    0  417  557.53807  519.23031  6.87%     -  266s
     0     0  519.23031    0  413  557.53807  519.23031  6.87%     -  266s
     0     0  519.23226    0  422  557.53807  519.23226  6.87%     -  267s
     0     0  519.23290    0  418  557.53807  519.23290  6.87%     -  268s
     0     0  519.23559    0  426  557.53807  519.23559  6.87%     -  270s
     0     0  519.23559    0  426  557.53807  519.23559  6.87%     -  270s
     0     0  519.23559    0  412  557.53807  519.23559  6.87%     -  270s
     0     2  519.79573    0  409  557.53807  519.79573  6.77%     -  279s
     3     8  519.79573    2  393  557.53807  519.79573  6.77%  1845  281s
    11    18  519.86257    4  383  557.53807  519.79573  6.77%  2305  285s
    17    22  520.01287    6  374  557.53807  519.79573  6.77%  3000  290s
    30    38  520.56038    8  355  557.53807  519.79573  6.77%  3338  296s
H   47    53                     556.9249932  519.79573  6.67%  3049  300s
    52    64  521.65270   11  350  556.92499  519.79573  6.67%  3080  305s
    75    82  521.77168   13  358  556.92499  519.79573  6.67%  2963  310s
    99   109  522.67421   21  339  556.92499  519.79573  6.67%  2700  317s
   125   142  523.58073   26  333  556.92499  519.79573  6.67%  2401  321s
H  149   151                     555.4654337  519.79573  6.42%  2352  324s
   150   158  525.17375   31  339  555.46543  519.79573  6.42%  2372  326s
H  172   177                     553.0205179  519.79573  6.01%  2299  329s
   176   181  526.10490   33  307  553.02052  519.79573  6.01%  2276  331s
   220   242  530.95011   50  295  553.02052  519.79573  6.01%  2003  336s
   265   279  530.51701   62  294  553.02052  519.79573  6.01%  1872  341s
   295   300  531.97532   67  275  553.02052  519.79573  6.01%  1901  346s
   303   308  532.42565   69  289  553.02052  519.79573  6.01%  1872  351s
H  309   312                     550.6832415  519.79573  5.61%  1841  353s
   311   370  536.32338   70  272  550.68324  519.79573  5.61%  1837  355s
   467   532  538.66040   97  226  550.68324  519.79573  5.61%  1400  361s
   533   533  530.55176   58  372  550.68324  519.79573  5.61%  1274  378s
   535   534  526.47216   21  338  550.68324  519.79573  5.61%  1269  382s
   536   535  542.71676  127  359  550.68324  519.79573  5.61%  1267  388s
   537   536  543.18351  128  381  550.68324  519.79573  5.61%  1264  390s
   542   539  525.62917   15  420  550.68324  519.79573  5.61%  1253  395s
   546   542  520.68569    6  401  550.68324  519.79573  5.61%  1243  400s
   550   544  528.17307   29  385  550.68324  519.94591  5.58%  1234  408s
   551   545  526.35212   20  385  550.68324  520.23584  5.53%  1232  417s
   552   549  520.23584   13  366  550.68324  520.23584  5.53%  1468  420s

Cutting planes:
  Gomory: 7
  Cover: 10
  Implied bound: 89
  Projected implied bound: 4
  Clique: 3
  MIR: 53
  Flow cover: 66
  Zero half: 35
  RLT: 14
  Relax-and-lift: 50
  BQP: 2

Explored 554 nodes (1465305 simplex iterations) in 420.01 seconds (1117.11 work units)
Thread count was 4 (of 32 available processors)

Solution count 10: 550.683 553.021 555.465 ... 560.459

Time limit reached
Best objective 5.506832414927e+02, best bound 5.202358356135e+02, gap 5.5290%

User-callback calls 88910, time in user-callback 0.03 sec
Cap boundary opt: PORT-588 stations=83 obj=550.683 real=550.683 baseline=565.523
Set parameter Username
Set parameter LicenseID to value 2738882
Academic license - for non-commercial use only - expires 2026-11-14
Segment 1 eval: start=BOAT-0 end=PORT-581 stations=87 (optimize)
  Segment 1 order: 1 3 4 -25 -5 -6 10 11 143 15 16 17 -18 -13 14 12 -24 -23 -22 -21 19 20 -41 42 43 44 45 46 -396 -47 -40 39 48 49 50 -38 -37 51 -52 59 -57 56 55 -54 -53 66 67 69 -36 -35 -34 -33 -32 -31 -30 -29 -28 -27 -26 93 -92 94 -96 -95 90 91 -89 88 -87 86 -85 -84 -83 -82 -81 -80 79 -78 -77 -70 -76 75 72 73 -74 -71 -68
Segment 2 eval: start=PORT-581 end=PORT-591 stations=58 (optimize)
  Segment 2 order: 65 -63 64 -58 60 61 62 391 392 393 394 395 397 398 399 -400 -401 389 390 388 -387 -386 -385 -402 403 405 406 -407 -404 409 408 -410 411 412 -413 -415 416 -417 425 381 426 -368 -367 -366 -365 364 362 -361 -360 -359 -358 -357 -356 -355 354 -353 348 -363
Segment 3 eval: start=PORT-591 end=PORT-591 stations=111 (optimize)
  Segment 3 order: -346 276 277 278 279 280 281 -556 282 283 -284 555 558 559 -560 561 -562 -554 553 550 551 552 285 286 287 288 289 290 291 292 293 294 -295 296 297 306 -305 -298 299 300 301 302 304 -303 307 308 309 -310 311 312 -313 314 315 316 317 318 319 320 340 341 342 343 344 345 334 335 336 337 338 339 321 322 323 324 325 -327 328 330 -331 -329 -326 349 350 351 352 -373 372 -374 375 376 377 379 380 414 382 384 -383 419 420 421 -423 -422 424 -418 -378 -371 -370 369 332 -333 347
Segment 4 eval: start=PORT-591 end=PORT-593 stations=43 (optimize)
  Segment 4 order: 557 563 564 565 566 567 568 -542 543 540 541 549 548 -547 -546 -545 -544 -539 -538 -537 536 -535 -534 -572 569 570 571 573 574 576 533 -532 -531 -530 -529 -528 -527 577 575 578 -525 526 -524
Segment 5 eval: start=PORT-593 end=PORT-593 stations=19 (optimize)
  Segment 5 order: 430 -434 -433 -432 -431 -429 -428 427 517 518 519 520 521 -580 -579 -523 -522 -516 -515
Segment 6 eval: start=PORT-593 end=PORT-584 stations=34 (optimize)
  Segment 6 order: -512 513 -514 -511 -510 -509 -508 -507 -506 -505 -444 -443 -442 -441 440 -439 437 -436 435 438 445 446 447 448 449 450 451 452 453 -455 -454 462 -489 -502
Segment 7 eval: start=PORT-584 end=PORT-584 stations=29 (optimize)
  Segment 7 order: 500 490 491 492 -493 482 483 463 464 465 -466 474 -473 -475 479 480 -481 -478 -477 -476 -114 494 -113 -112 495 496 497 498 499
Segment 8 eval: start=PORT-584 end=PORT-584 stations=13 (optimize)
  Segment 8 order: -488 -487 486 484 -460 -459 -458 -457 -456 461 485 -504 -503
Segment 9 eval: start=PORT-584 end=PORT-588 stations=18 (optimize)
  Segment 9 order: -501 467 468 469 470 -471 472 -122 -121 120 -119 -118 -117 -116 -115 -275 -111 -274
Segment 10 eval: start=PORT-588 end=PORT-588 stations=39 (optimize)
  Segment 10 order: 106 107 110 -270 -269 -268 264 265 267 266 123 124 125 -126 127 128 -258 259 -263 -262 -261 260 254 -251 -250 -244 -243 245 247 248 -249 -252 -271 -108 101 102 103 -104 105
Segment 11 eval: start=PORT-588 end=PORT-583 stations=44 (optimize)
  Segment 11 order: 109 -273 -272 253 255 256 257 129 130 131 -204 -203 -202 -199 -198 -200 201 205 206 207 208 209 210 211 -212 197 -196 -195 -194 -193 -192 -218 -217 -216 -213 214 215 -237 238 239 240 242 241 132
Segment 12 eval: start=PORT-583 end=PORT-583 stations=54 (optimize)
  Segment 12 order: 133 134 -229 -228 -178 -177 -176 -175 -174 -173 -172 -171 -170 -169 -168 -167 -166 -165 -164 -163 -162 -161 -160 159 -158 -157 -156 -155 -154 -153 -152 -151 -138 -141 -140 -139 -150 -149 -148 -147 -146 -145 -144 -142 -9 -8 -7 2 137 -136 135 179 180 181
Segment 13 eval: start=PORT-583 end=BOAT-END stations=31 (optimize)
  Segment 13 order: 230 232 233 234 -235 231 -227 -226 -182 -183 184 185 186 187 188 189 190 191 219 -220 223 224 225 -222 -221 -236 97 98 99 100 246
Cap boundary debug: PORT-588 -> [109 273 272 253 255 256 257 129 130 131 204 203 202 199 198 200 201 205 206 207 208 209 210 211 212 197 196 195 194 193 192 218 217 216 213 214 215 237 238 239 240 242 241 132] -> PORT-583 -> [181 180 179 135 136 137 2 7 8 9 142 144 145 146 147 148 149 150 139 140 141 138 151 152 153 154 155 156 157 158 159 160 161 162 163 164 165 166 167 168 169 170 171 172 173 174 175 176 177 178 228 229 134 133] -> PORT-583 | load_left=44748 load_right=43558 cap=45000
Set parameter Username
Set parameter LicenseID to value 2738882
Academic license - for non-commercial use only - expires 2026-11-14
Set parameter TimeLimit to value 420
Set parameter Seed to value 1618364869
Set parameter Threads to value 4
Set parameter OutputFlag to value 1
Set parameter LogToConsole to value 1
Set parameter LazyConstraints to value 1
Gurobi Optimizer version 13.0.0 build v13.0.0rc1 (linux64 - "Debian GNU/Linux 13 (trixie)")

CPU model: AMD Ryzen 9 5950X 16-Core Processor, instruction set [SSE2|AVX|AVX2]
Thread count: 16 physical cores, 32 logical processors, using up to 4 threads

Non-default parameters:
TimeLimit  420
Seed  1618364869
Threads  4
LazyConstraints  1

Optimize a model with 41986 rows, 120000 columns and 239988 nonzeros (Min)
Model fingerprint: 0xe2f85694
Model has 39600 linear objective coefficients
Variable types: 80000 continuous, 40000 integer (40000 binary)
Coefficient statistics:
  Matrix range     [1e+00, 4e+04]
  Objective range  [5e-05, 2e+02]
  Bounds range     [1e+00, 4e+04]
  RHS range        [1e+00, 9e+03]
Presolve removed 2190 rows and 41296 columns
Presolve time: 0.34s
Presolved: 39796 rows, 78704 columns, 235616 nonzeros
Variable types: 39004 continuous, 39700 integer (39700 binary)
Root relaxation presolved: 39796 rows, 78704 columns, 235616 nonzeros

Deterministic concurrent LP optimizer: primal and dual simplex
Showing primal log only...

Concurrent spin time: 0.00s

Solved with primal simplex

Root relaxation: objective 5.362997e+02, 71731 iterations, 3.29 seconds (6.97 work units)

    Nodes    |    Current Node    |     Objective Bounds      |     Work
 Expl Unexpl |  Obj  Depth IntInf | Incumbent    BestBd   Gap | It/Node Time

     0     0  536.29966    0  314          -  536.29966      -     -    4s
H    0     0                     928.2372089  536.29966  42.2%     -    5s
H    0     0                     651.6476326  536.29966  17.7%     -    5s
H    0     0                     646.9324977  536.29966  17.1%     -    5s
H    0     0                     646.6815872  536.29966  17.1%     -    5s
H    0     0                     646.2142890  536.29966  17.0%     -    5s
H    0     0                     645.9755891  536.29966  17.0%     -    6s
H    0     0                     645.7246786  536.29966  16.9%     -    6s
H    0     0                     639.5869750  536.29966  16.1%     -    6s
H    0     0                     595.7087956  536.29966  10.0%     -    6s
H    0     0                     595.0831612  536.29966  9.88%     -    6s
H    0     0                     593.3298314  536.29966  9.61%     -    6s
     0     0  536.29966    0  315  593.32983  536.29966  9.61%     -    6s
     0     0  539.59306    0  327  593.32983  539.59306  9.06%     -   11s
     0     0  539.59306    0  325  593.32983  539.59306  9.06%     -   15s
H    0     0                     579.6318042  539.59306  6.91%     -   19s
     0     0  540.93579    0  377  579.63180  540.93579  6.68%     -   22s
     0     0  540.93579    0  309  579.63180  540.93579  6.68%     -   25s
     0     0  541.85134    0  381  579.63180  541.85134  6.52%     -   29s
H    0     0                     576.0108597  541.85875  5.93%     -   29s
H    0     0                     567.2416408  541.85875  4.47%     -   29s
H    0     0                     564.1775680  541.85875  3.96%     -   29s
H    0     0                     563.2654314  541.85875  3.80%     -   30s
H    0     0                     558.6913742  541.85875  3.01%     -   30s
     0     0  542.95241    0  352  558.69137  542.95241  2.82%     -   31s
     0     0  542.95325    0  353  558.69137  542.95325  2.82%     -   31s
     0     0  542.96782    0  354  558.69137  542.96782  2.81%     -   31s
     0     0  545.32664    0  361  558.69137  545.32664  2.39%     -   32s
     0     0  545.32664    0  327  558.69137  545.32664  2.39%     -   33s
     0     0  545.32664    0  377  558.69137  545.32664  2.39%     -   34s
     0     0  545.64804    0  333  558.69137  545.64804  2.33%     -   34s
     0     0  545.69536    0  342  558.69137  545.69536  2.33%     -   34s
     0     0  545.80135    0  341  558.69137  545.80135  2.31%     -   34s
     0     0  545.80145    0  341  558.69137  545.80145  2.31%     -   34s
     0     0  546.05096    0  338  558.69137  546.05096  2.26%     -   34s
     0     0  546.05133    0  349  558.69137  546.05133  2.26%     -   35s
     0     0  546.38582    0  373  558.69137  546.38582  2.20%     -   35s
     0     0  546.39977    0  367  558.69137  546.39977  2.20%     -   35s
     0     0  546.40121    0  366  558.69137  546.40121  2.20%     -   35s
     0     0  546.97880    0  385  558.69137  546.97880  2.10%     -   36s
     0     0  546.97906    0  377  558.69137  546.97906  2.10%     -   36s
     0     0  546.97926    0  366  558.69137  546.97926  2.10%     -   36s
     0     0  546.97926    0  367  558.69137  546.97926  2.10%     -   36s
     0     0  547.00062    0  382  558.69137  547.00062  2.09%     -   36s
     0     0  547.00217    0  387  558.69137  547.00217  2.09%     -   36s
     0     0  547.04097    0  370  558.69137  547.04097  2.09%     -   36s
H    0     0                     557.2713228  547.04097  1.84%     -   36s
     0     0  547.04134    0  372  557.27132  547.04134  1.84%     -   36s
     0     0  547.04971    0  374  557.27132  547.04971  1.83%     -   36s
     0     0  547.04971    0  304  557.27132  547.04971  1.83%     -   37s
     0     0  547.04971    0  398  557.27132  547.04971  1.83%     -   37s
     0     0  547.04971    0  372  557.27132  547.04971  1.83%     -   37s
     0     0  547.04971    0  366  557.27132  547.04971  1.83%     -   37s
     0     0  547.04971    0  365  557.27132  547.04971  1.83%     -   38s
     0     0  547.05322    0  347  557.27132  547.05322  1.83%     -   38s
     0     0  547.05331    0  358  557.27132  547.05331  1.83%     -   38s
     0     0  547.13562    0  375  557.27132  547.13562  1.82%     -   38s
     0     0  547.14132    0  364  557.27132  547.14132  1.82%     -   38s
     0     0  547.14132    0  358  557.27132  547.14132  1.82%     -   38s
     0     0  547.14226    0  356  557.27132  547.14226  1.82%     -   38s
     0     0  547.14226    0  355  557.27132  547.14226  1.82%     -   38s
     0     0  547.15140    0  362  557.27132  547.15140  1.82%     -   38s
     0     0  547.15486    0  359  557.27132  547.15486  1.82%     -   38s
     0     0  547.15486    0  358  557.27132  547.15486  1.82%     -   38s
     0     0  547.18381    0  359  557.27132  547.18381  1.81%     -   38s
     0     0  547.18416    0  360  557.27132  547.18416  1.81%     -   38s
     0     0  547.18920    0  362  557.27132  547.18920  1.81%     -   39s
     0     0  547.18921    0  362  557.27132  547.18921  1.81%     -   39s
     0     0  547.18921    0  363  557.27132  547.18921  1.81%     -   39s
     0     0  547.18964    0  362  557.27132  547.18964  1.81%     -   39s
     0     0  547.18964    0  362  557.27132  547.18964  1.81%     -   39s
     0     0  547.18964    0  353  557.27132  547.18964  1.81%     -   39s
     0     2  547.18973    0  353  557.27132  547.18973  1.81%     -   39s
    11    20  547.61335    4  240  557.27132  547.53628  1.75%   876   40s
   599   440  549.64561   19  125  557.27132  547.73036  1.71%   292   45s
  1365   913  550.85355   18  333  557.27132  548.63030  1.55%   243   50s
  1415   948  550.77092   13  374  557.27132  550.77092  1.17%   252   56s
  1473   988  551.43005   40  238  557.27132  550.84287  1.15%   285   60s
  2027  1023  551.96335   37  214  557.27132  551.33923  1.06%   246   65s
  3616  1278  553.67104   48  192  557.27132  551.98339  0.95%   183   70s
  6046  1972     cutoff   52       557.27132  552.62221  0.83%   152   75s
  8011  2668     cutoff   80       557.27132  552.87697  0.79%   147   80s
 10310  3415  554.68296   79  129  557.27132  553.19084  0.73%   142   85s
 12854  4159  554.69346   50  193  557.27132  553.43557  0.69%   138   90s
 14975  4777  555.36216   65  184  557.27132  553.60058  0.66%   136   95s
 17428  5249  556.91276   67  118  557.27132  553.80774  0.62%   135  100s
 20378  5833  556.24407   51  206  557.27132  554.04132  0.58%   133  105s
 22908  6090  555.54780   53  214  557.27132  554.20602  0.55%   131  110s
 24793  6417  554.98898   67   99  557.27132  554.32094  0.53%   130  115s
 27690  6751  556.29857   60  103  557.27132  554.48090  0.50%   129  120s
 30748  6950 infeasible   50       557.27132  554.64302  0.47%   127  125s
 33874  7115  555.43080   46  218  557.27132  554.81617  0.44%   125  130s
 36052  7001  557.00072   54  140  557.27132  554.97094  0.41%   125  135s
 38840  6637  556.21812   58  136  557.27132  555.14935  0.38%   125  140s
 41600  5972     cutoff   54       557.27132  555.36402  0.34%   125  145s
 43967  4946 infeasible   57       557.27132  555.60912  0.30%   125  150s
 46505  3514     cutoff   48       557.27132  555.89638  0.25%   126  155s
H48714  2010                     557.2713225  556.23200  0.19%   125  159s
 49119  1706     cutoff   53       557.27132  556.28293  0.18%   125  160s

Cutting planes:
  Gomory: 17
  Cover: 52
  Implied bound: 125
  Projected implied bound: 16
  MIR: 106
  Mixing: 4
  Flow cover: 302
  GUB cover: 1
  Inf proof: 37
  Zero half: 20
  Network: 1
  RLT: 11
  Relax-and-lift: 28
  BQP: 2

Explored 51386 nodes (6720467 simplex iterations) in 164.80 seconds (476.94 work units)
Thread count was 4 (of 32 available processors)

Solution count 10: 557.271 557.271 558.691 ... 595.083

Optimal solution found (tolerance 1.00e-04)
Best objective 5.572713225396e+02, best bound 5.572713225396e+02, gap 0.0000%

User-callback calls 127466, time in user-callback 0.01 sec
Cap boundary reject: PORT-583 real=712.966 baseline=557.271
Set parameter Username
Set parameter LicenseID to value 2738882
Academic license - for non-commercial use only - expires 2026-11-14
Segment 1 eval: start=BOAT-0 end=PORT-581 stations=87 (optimize)
  Segment 1 order: 1 3 4 -25 -5 -6 10 11 143 15 16 17 -18 -13 14 12 -24 -23 -22 -21 19 20 -41 42 43 44 45 46 -396 -47 -40 39 48 49 50 -38 -37 51 -52 59 -57 56 55 -54 -53 66 67 69 -36 -35 -34 -33 -32 -31 -30 -29 -28 -27 -26 93 -92 94 -96 -95 90 91 -89 88 -87 86 -85 -84 -83 -82 -81 -80 79 -78 -77 -70 -76 75 72 73 -74 -71 -68
Segment 2 eval: start=PORT-581 end=PORT-591 stations=58 (optimize)
  Segment 2 order: 65 -63 64 -58 60 61 62 391 392 393 394 395 397 398 399 -400 -401 389 390 388 -387 -386 -385 -402 403 405 406 -407 -404 409 408 -410 411 412 -413 -415 416 -417 425 381 426 -368 -367 -366 -365 364 362 -361 -360 -359 -358 -357 -356 -355 354 -353 348 -363
Segment 3 eval: start=PORT-591 end=PORT-591 stations=111 (optimize)
  Segment 3 order: -346 276 277 278 279 280 281 -556 282 283 -284 555 558 559 -560 561 -562 -554 553 550 551 552 285 286 287 288 289 290 291 292 293 294 -295 296 297 306 -305 -298 299 300 301 302 304 -303 307 308 309 -310 311 312 -313 314 315 316 317 318 319 320 340 341 342 343 344 345 334 335 336 337 338 339 321 322 323 324 325 -327 328 330 -331 -329 -326 349 350 351 352 -373 372 -374 375 376 377 379 380 414 382 384 -383 419 420 421 -423 -422 424 -418 -378 -371 -370 369 332 -333 347
Segment 4 eval: start=PORT-591 end=PORT-593 stations=43 (optimize)
  Segment 4 order: 557 563 564 565 566 567 568 -542 543 540 541 549 548 -547 -546 -545 -544 -539 -538 -537 536 -535 -534 -572 569 570 571 573 574 576 533 -532 -531 -530 -529 -528 -527 577 575 578 -525 526 -524
Segment 5 eval: start=PORT-593 end=PORT-593 stations=19 (optimize)
  Segment 5 order: 430 -434 -433 -432 -431 -429 -428 427 517 518 519 520 521 -580 -579 -523 -522 -516 -515
Segment 6 eval: start=PORT-593 end=PORT-584 stations=34 (optimize)
  Segment 6 order: -512 513 -514 -511 -510 -509 -508 -507 -506 -505 -444 -443 -442 -441 440 -439 437 -436 435 438 445 446 447 448 449 450 451 452 453 -455 -454 462 -489 -502
Segment 7 eval: start=PORT-584 end=PORT-584 stations=29 (optimize)
  Segment 7 order: 500 490 491 492 -493 482 483 463 464 465 -466 474 -473 -475 479 480 -481 -478 -477 -476 -114 494 -113 -112 495 496 497 498 499
Segment 8 eval: start=PORT-584 end=PORT-584 stations=13 (optimize)
  Segment 8 order: -488 -487 486 484 -460 -459 -458 -457 -456 461 485 -504 -503
Segment 9 eval: start=PORT-584 end=PORT-588 stations=18 (optimize)
  Segment 9 order: -501 467 468 469 470 -471 472 -122 -121 120 -119 -118 -117 -116 -115 -275 -111 -274
Segment 10 eval: start=PORT-588 end=PORT-588 stations=39 (optimize)
  Segment 10 order: 106 107 110 -270 -269 -268 264 265 267 266 123 124 125 -126 127 128 -258 259 -263 -262 -261 260 254 -251 -250 -244 -243 245 247 248 -249 -252 -271 -108 101 102 103 -104 105
Segment 11 eval: start=PORT-588 end=PORT-583 stations=45 (optimize)
  Segment 11 order: 109 -273 -272 253 255 256 257 129 130 131 -204 -203 -202 -199 -198 -200 201 205 206 207 208 209 210 211 -212 197 -196 -195 -194 -193 -192 -218 -217 220 -216 -213 214 215 -237 238 239 240 242 241 132
Segment 12 eval: start=PORT-583 end=PORT-583 stations=54 (optimize)
  Segment 12 order: 133 134 -229 -228 -178 -177 -176 -175 -174 -173 -172 -171 -170 -169 -168 -167 -166 -165 -164 -163 -162 -161 -160 159 -158 -157 -156 -155 -154 -153 -152 -151 -138 -141 -140 -139 -150 -149 -148 -147 -146 -145 -144 -142 -9 -8 -7 2 137 -136 135 179 180 181
Segment 13 eval: start=PORT-583 end=BOAT-END stations=30 (optimize)
  Segment 13 order: 230 232 233 234 -235 231 -227 -226 -182 -183 184 185 186 187 188 189 190 191 219 223 224 225 -222 -221 -236 97 98 99 100 246
Cap boundary debug: PORT-583 -> [181 180 179 135 136 137 2 7 8 9 142 144 145 146 147 148 149 150 139 140 141 138 151 152 153 154 155 156 157 158 159 160 161 162 163 164 165 166 167 168 169 170 171 172 173 174 175 176 177 178 228 229 134 133] -> PORT-583 -> [230 232 233 234 235 231 227 226 182 183 184 185 186 187 188 189 190 191 219 223 224 225 222 221 236 97 98 99 100 246] -> BOAT-END | load_left=43558 load_right=15996 cap=45000
Set parameter Username
Set parameter LicenseID to value 2738882
Academic license - for non-commercial use only - expires 2026-11-14
Set parameter TimeLimit to value 420
Set parameter Seed to value 1551076974
Set parameter Threads to value 4
Set parameter OutputFlag to value 1
Set parameter LogToConsole to value 1
Set parameter LazyConstraints to value 1
Gurobi Optimizer version 13.0.0 build v13.0.0rc1 (linux64 - "Debian GNU/Linux 13 (trixie)")

CPU model: AMD Ryzen 9 5950X 16-Core Processor, instruction set [SSE2|AVX|AVX2]
Thread count: 16 physical cores, 32 logical processors, using up to 4 threads

Non-default parameters:
TimeLimit  420
Seed  1551076974
Threads  4
LazyConstraints  1

Optimize a model with 31290 rows, 88752 columns and 177492 nonzeros (Min)
Model fingerprint: 0xc6ca0cee
Model has 29240 linear objective coefficients
Variable types: 59168 continuous, 29584 integer (29584 binary)
Coefficient statistics:
  Matrix range     [1e+00, 4e+04]
  Objective range  [5e-05, 1e+05]
  Bounds range     [1e+00, 4e+04]
  RHS range        [1e+00, 9e+03]
Presolve removed 1882 rows and 30698 columns
Presolve time: 0.28s
Presolved: 29408 rows, 58054 columns, 173785 nonzeros
Variable types: 28728 continuous, 29326 integer (29326 binary)
Root relaxation presolved: 29409 rows, 58054 columns, 179409 nonzeros

Deterministic concurrent LP optimizer: primal and dual simplex
Showing primal log only...

Concurrent spin time: 0.00s

Solved with primal simplex

Root relaxation: objective 5.335629e+02, 61717 iterations, 2.53 seconds (5.26 work units)

    Nodes    |    Current Node    |     Objective Bounds      |     Work
 Expl Unexpl |  Obj  Depth IntInf | Incumbent    BestBd   Gap | It/Node Time

     0     0  533.56287    0  268          -  533.56287      -     -    3s
H    0     0                     850.9131898  533.56287  37.3%     -    3s
H    0     0                     674.0080613  533.56287  20.8%     -    3s
H    0     0                     613.8508054  533.56287  13.1%     -    5s
H    0     0                     607.7673311  533.56287  12.2%     -    5s
     0     0  533.56287    0  267  607.76733  533.56287  12.2%     -    6s
     0     0  538.62501    0  300  607.76733  538.62501  11.4%     -   11s
H    0     0                     604.4415042  538.62501  10.9%     -   11s
H    0     0                     599.3186066  538.62501  10.1%     -   12s
H    0     0                     598.7875973  538.62501  10.0%     -   13s
H    0     0                     590.0451249  538.62501  8.71%     -   13s
H    0     0                     590.0451249  538.62501  8.71%     -   14s
H    0     0                     589.9105339  538.62501  8.69%     -   14s
H    0     0                     589.9105282  538.62501  8.69%     -   14s
H    0     0                     589.9105261  538.62501  8.69%     -   15s
     0     0  538.62501    0  296  589.91053  538.62501  8.69%     -   16s
     0     0  540.47236    0  301  589.91053  540.47236  8.38%     -   23s
     0     0  541.08504    0  311  589.91053  541.08504  8.28%     -   23s
     0     0  541.08504    0  311  589.91053  541.08504  8.28%     -   23s
     0     0  541.45023    0  331  589.91053  541.45023  8.21%     -   28s
     0     0  541.66087    0  334  589.91053  541.66087  8.18%     -   28s
     0     0  541.66087    0  334  589.91053  541.66087  8.18%     -   28s
     0     0  543.58058    0  337  589.91053  543.58058  7.85%     -   34s
     0     0  543.58058    0  273  589.91053  543.58058  7.85%     -   37s
     0     0  543.58058    0  285  589.91053  543.58058  7.85%     -   43s
     0     0  543.75770    0  293  589.91053  543.75770  7.82%     -   51s
     0     0  544.11962    0  319  589.91053  544.11962  7.76%     -   51s
     0     0  544.12144    0  316  589.91053  544.12144  7.76%     -   51s
     0     0  544.94121    0  331  589.91053  544.94121  7.62%     -   53s
     0     0  544.94276    0  333  589.91053  544.94276  7.62%     -   53s
     0     0  544.94308    0  334  589.91053  544.94308  7.62%     -   53s
     0     0  545.75584    0  326  589.91053  545.75584  7.48%     -   58s
     0     0  545.77405    0  322  589.91053  545.77405  7.48%     -   59s
     0     0  545.77589    0  328  589.91053  545.77589  7.48%     -   59s
     0     0  545.80510    0  320  589.91053  545.80510  7.48%     -   61s
     0     0  545.80510    0  320  589.91053  545.80510  7.48%     -   62s
     0     0  545.80677    0  320  589.91053  545.80677  7.48%     -   63s
     0     0  545.80694    0  323  589.91053  545.80694  7.48%     -   63s
     0     0  545.80931    0  313  589.91053  545.80931  7.48%     -   65s
     0     0  545.81178    0  319  589.91053  545.81178  7.48%     -   66s
     0     0  545.81192    0  319  589.91053  545.81192  7.48%     -   66s
     0     0  545.81494    0  321  589.91053  545.81494  7.47%     -   67s
     0     0  545.81494    0  322  589.91053  545.81494  7.47%     -   67s
     0     0  545.81645    0  316  589.91053  545.81645  7.47%     -   69s
     0     0  545.81654    0  316  589.91053  545.81654  7.47%     -   69s
     0     0  545.81654    0  302  589.91053  545.81654  7.47%     -   70s
H    0     0                     589.9104858  545.81654  7.47%     -   77s
     0     2  551.28982    0  302  589.91049  551.28982  6.55%     -   79s
     1     4  551.28982    1  321  589.91049  551.28982  6.55%  9160   81s
     7    12  551.53632    3  217  589.91049  551.28982  6.55%  4327   87s
    11    20  551.53632    4  216  589.91049  551.28982  6.55%  5302   94s
    19    26  551.81853    8  191  589.91049  551.28982  6.55%  5464   99s
    25    31  552.00581    9  180  589.91049  551.28982  6.55%  5349  105s
    30    37  553.89841   10  297  589.91049  551.28982  6.55%  5583  112s
    36    40  552.14832   11  165  589.91049  551.28982  6.55%  5572  117s
    39    43  553.52054   11  222  589.91049  551.28982  6.55%  6466  122s
    42    47  553.09554   12  253  589.91049  551.28982  6.55%  7389  126s
    46    51  552.71295   12  176  589.91049  551.28982  6.55%  7320  130s
    50    56  553.86927   13  171  589.91049  551.28982  6.55%  7182  138s
    55    60  553.16427   13  165  589.91049  551.28982  6.55%  7028  144s
    59    70  553.47574   14  251  589.91049  551.28982  6.55%  7172  148s
    69    77  555.36399   15  200  589.91049  551.28982  6.55%  7861  153s
    76    89  553.63067   15  249  589.91049  551.28982  6.55%  7617  157s
    88    98  554.38163   18  199  589.91049  551.28982  6.55%  7093  166s
   111   123  557.55449   20  206  589.91049  551.28982  6.55%  6358  172s
   122   137  555.80568   20  171  589.91049  551.28982  6.55%  5980  175s
   157   174  557.25753   24  161  589.91049  551.28982  6.55%  5023  180s
   199   224  557.60151   27  168  589.91049  551.28982  6.55%  4265  186s
   258   284  559.59297   45  150  589.91049  551.28982  6.55%  3628  191s
   291   309  560.01321   48  150  589.91049  551.28982  6.55%  3326  195s
   336   354  563.48061   53  135  589.91049  551.28982  6.55%  3073  201s
   418   450  566.24195   61  140  589.91049  551.28982  6.55%  2655  206s
   540   534  567.68464   88  120  589.91049  551.28982  6.55%  2117  211s
   561   545  567.68753   89  112  589.91049  551.28982  6.55%  2043  215s
   620   557  552.07705    5  176  589.91049  551.28982  6.55%  1956  221s
   639   575  553.86065    9  176  589.91049  551.28982  6.55%  2064  229s
   648   587  553.51688   10  145  589.91049  551.28982  6.55%  2113  232s
   660   594  554.40304   12  145  589.91049  551.28982  6.55%  2161  235s
   680   625  556.78627   15  205  589.91049  551.28982  6.55%  2244  241s
   730   701  557.00735   20  192  589.91049  551.28982  6.55%  2223  248s
   794   729  557.99070   28  137  589.91049  551.28982  6.55%  2117  252s
   832   740  559.41473   42  144  589.91049  551.28982  6.55%  2089  259s
   843   762  561.59373   46  161  589.91049  551.28982  6.55%  2102  263s
   865   789  562.61321   56  164  589.91049  551.28982  6.55%  2122  270s
   915   824  562.40469   40  189  589.91049  551.28982  6.55%  2071  277s
   956   866  563.24896   42  209  589.91049  551.28982  6.55%  2063  282s
   998   908  578.22448   52  170  589.91049  551.28982  6.55%  2080  286s
  1041   994 infeasible   64       589.91049  551.28982  6.55%  2080  290s
  1166   995  558.01080   20  337  589.91049  551.28982  6.55%  1945  308s
  1168   996  565.70023   59  268  589.91049  551.28982  6.55%  1942  314s
  1169   997  553.03507    6  313  589.91049  551.28982  6.55%  1940  324s
  1170   998  568.36072  133  304  589.91049  551.38962  6.53%  1938  327s
  1174  1000  567.66117   22  349  589.91049  551.87125  6.45%  1932  330s
  1180  1004  577.11987   67  324  589.91049  552.30650  6.37%  1922  335s
  1186  1008  557.80858   27  335  589.91049  552.32914  6.37%  1912  341s
  1194  1014  557.57320   21  320  589.91049  552.34101  6.37%  1900  346s
  1197  1016  574.87231   58  322  589.91049  552.34194  6.37%  1895  350s
  1200  1018  567.73650   57  325  589.91049  552.50557  6.34%  1890  355s
  1205  1021  563.80304   56  330  589.91049  552.61755  6.32%  1882  361s
  1210  1024  558.98747   39  315  589.91049  552.61755  6.32%  1874  369s
  1211  1025  561.97058   54  315  589.91049  555.82535  5.78%  1873  384s
  1214  1028  565.59393   92  272  589.91049  555.82535  5.78%  2013  390s
  1215  1029  565.34017   41  280  589.91049  555.82535  5.78%  2011  400s
  1219  1032  565.92976  128  338  589.91049  555.82535  5.78%  2004  405s
  1226  1036  569.67254  130  342  589.91049  556.53357  5.66%  1993  410s
  1234  1043  561.21572   33  282  589.91049  561.21572  4.86%  2097  417s

Cutting planes:
  Gomory: 33
  Cover: 7
  Implied bound: 38
  Projected implied bound: 4
  MIR: 34
  Mixing: 1
  Flow cover: 40
  Zero half: 20
  RLT: 9
  Relax-and-lift: 37
  BQP: 14

Explored 1234 nodes (2906841 simplex iterations) in 420.00 seconds (1293.28 work units)
Thread count was 4 (of 32 available processors)

Solution count 10: 589.91 589.911 590.045 ... 850.913

Time limit reached
Best objective 5.899104857993e+02, best bound 5.612157160955e+02, gap 4.8643%

User-callback calls 88253, time in user-callback 0.01 sec
Cap boundary reject: PORT-583 real=663.417 baseline=589.911
Set parameter Username
Set parameter LicenseID to value 2738882
Academic license - for non-commercial use only - expires 2026-11-14
Segment 1 eval: start=BOAT-0 end=PORT-581 stations=87 (optimize)
  Segment 1 order: 1 3 4 -25 -5 -6 10 11 143 15 16 17 -18 -13 14 12 -24 -23 -22 -21 19 20 -41 42 43 44 45 46 -396 -47 -40 39 48 49 50 -38 -37 51 -52 59 -57 56 55 -54 -53 66 67 69 -36 -35 -34 -33 -32 -31 -30 -29 -28 -27 -26 93 -92 94 -96 -95 90 91 -89 88 -87 86 -85 -84 -83 -82 -81 -80 79 -78 -77 -70 -76 75 72 73 -74 -71 -68
Segment 2 eval: start=PORT-581 end=PORT-591 stations=58 (optimize)
  Segment 2 order: 65 -63 64 -58 60 61 62 391 392 393 394 395 397 398 399 -400 -401 389 390 388 -387 -386 -385 -402 403 405 406 -407 -404 409 408 -410 411 412 -413 -415 416 -417 425 381 426 -368 -367 -366 -365 364 362 -361 -360 -359 -358 -357 -356 -355 354 -353 348 -363
Segment 3 eval: start=PORT-591 end=PORT-591 stations=111 (optimize)
  Segment 3 order: -346 276 277 278 279 280 281 -556 282 283 -284 555 558 559 -560 561 -562 -554 553 550 551 552 285 286 287 288 289 290 291 292 293 294 -295 296 297 306 -305 -298 299 300 301 302 304 -303 307 308 309 -310 311 312 -313 314 315 316 317 318 319 320 340 341 342 343 344 345 334 335 336 337 338 339 321 322 323 324 325 -327 328 330 -331 -329 -326 349 350 351 352 -373 372 -374 375 376 377 379 380 414 382 384 -383 419 420 421 -423 -422 424 -418 -378 -371 -370 369 332 -333 347
Segment 4 eval: start=PORT-591 end=PORT-593 stations=43 (optimize)
  Segment 4 order: 557 563 564 565 566 567 568 -542 543 540 541 549 548 -547 -546 -545 -544 -539 -538 -537 536 -535 -534 -572 569 570 571 573 574 576 533 -532 -531 -530 -529 -528 -527 577 575 578 -525 526 -524
Segment 5 eval: start=PORT-593 end=PORT-593 stations=19 (optimize)
  Segment 5 order: 430 -434 -433 -432 -431 -429 -428 427 517 518 519 520 521 -580 -579 -523 -522 -516 -515
Segment 6 eval: start=PORT-593 end=PORT-584 stations=34 (optimize)
  Segment 6 order: -512 513 -514 -511 -510 -509 -508 -507 -506 -505 -444 -443 -442 -441 440 -439 437 -436 435 438 445 446 447 448 449 450 451 452 453 -455 -454 462 -489 -502
Segment 7 eval: start=PORT-584 end=PORT-584 stations=29 (optimize)
  Segment 7 order: 500 490 491 492 -493 482 483 463 464 465 -466 474 -473 -475 479 480 -481 -478 -477 -476 -114 494 -113 -112 495 496 497 498 499
Segment 8 eval: start=PORT-584 end=PORT-584 stations=13 (optimize)
  Segment 8 order: -488 -487 486 484 -460 -459 -458 -457 -456 461 485 -504 -503
Segment 9 eval: start=PORT-584 end=PORT-588 stations=18 (optimize)
  Segment 9 order: -501 467 468 469 470 -471 472 -122 -121 120 -119 -118 -117 -116 -115 -275 -111 -274
Segment 10 eval: start=PORT-588 end=PORT-588 stations=39 (optimize)
  Segment 10 order: 106 107 110 -270 -269 -268 264 265 267 266 123 124 125 -126 127 128 -258 259 -263 -262 -261 260 254 -251 -250 -244 -243 245 247 248 -249 -252 -271 -108 101 102 103 -104 105
Segment 11 eval: start=PORT-588 end=PORT-583 stations=45 (optimize)
  Segment 11 order: 109 -273 -272 253 255 256 257 129 130 131 -204 -203 -202 -199 -198 -200 201 205 206 207 208 209 210 211 -212 197 -196 -195 -194 -193 -192 -218 -217 220 -216 -213 214 215 -237 238 239 240 242 241 132
Segment 12 eval: start=PORT-583 end=PORT-583 stations=54 (optimize)
  Segment 12 order: 133 134 -229 -228 -178 -177 -176 -175 -174 -173 -172 -171 -170 -169 -168 -167 -166 -165 -164 -163 -162 -161 -160 159 -158 -157 -156 -155 -154 -153 -152 -151 -138 -141 -140 -139 -150 -149 -148 -147 -146 -145 -144 -142 -9 -8 -7 2 137 -136 135 179 180 181
Segment 13 eval: start=PORT-583 end=BOAT-END stations=30 (optimize)
  Segment 13 order: 230 232 233 234 -235 231 -227 -226 -182 -183 184 185 186 187 188 189 190 191 219 223 224 225 -222 -221 -236 97 98 99 100 246
PROGRESS pass=3 changed=1 total=4813.738 best=4813.738 nseg=13 stall=0 mut=1/6 mut=STAT-220 src=13 dst=11 delta=-2.008
Capacity boundary sweep pass 4
Cap boundary debug: PORT-584 -> [501 467 468 469 470 471 472 122 121 120 119 118 117 116 115 275 111 274] -> PORT-588 -> [106 107 110 270 269 268 264 265 267 266 123 124 125 126 127 128 258 259 263 262 261 260 254 251 250 244 243 245 247 248 249 252 271 108 101 102 103 104 105] -> PORT-588 | load_left=42427 load_right=42793 cap=45000
Set parameter Username
Set parameter LicenseID to value 2738882
Academic license - for non-commercial use only - expires 2026-11-14
Set parameter TimeLimit to value 420
Set parameter Seed to value 1082341196
Set parameter Threads to value 4
Set parameter OutputFlag to value 1
Set parameter LogToConsole to value 1
Set parameter LazyConstraints to value 1
Gurobi Optimizer version 13.0.0 build v13.0.0rc1 (linux64 - "Debian GNU/Linux 13 (trixie)")

CPU model: AMD Ryzen 9 5950X 16-Core Processor, instruction set [SSE2|AVX|AVX2]
Thread count: 16 physical cores, 32 logical processors, using up to 4 threads

Non-default parameters:
TimeLimit  420
Seed  1082341196
Threads  4
LazyConstraints  1

Optimize a model with 15090 rows, 41772 columns and 83532 nonzeros (Min)
Model fingerprint: 0xcda6cb5c
Model has 13684 linear objective coefficients
Variable types: 27848 continuous, 13924 integer (13924 binary)
Coefficient statistics:
  Matrix range     [1e+00, 4e+04]
  Objective range  [3e-01, 2e+02]
  Bounds range     [1e+00, 4e+04]
  RHS range        [1e+00, 1e+04]
Presolve removed 1288 rows and 14687 columns
Presolve time: 0.13s
Presolved: 13802 rows, 27085 columns, 81093 nonzeros
Variable types: 13338 continuous, 13747 integer (13747 binary)

Root relaxation: objective 4.994662e+02, 29590 iterations, 2.56 seconds (7.76 work units)

    Nodes    |    Current Node    |     Objective Bounds      |     Work
 Expl Unexpl |  Obj  Depth IntInf | Incumbent    BestBd   Gap | It/Node Time

     0     0  499.46624    0  224          -  499.46624      -     -    2s
H    0     0                     550.2868880  499.46624  9.24%     -    3s
H    0     0                     549.0711028  499.46624  9.03%     -    3s
H    0     0                     546.8428806  499.46624  8.66%     -    3s
H    0     0                     544.5845541  499.46624  8.28%     -    3s
H    0     0                     540.6046072  499.46624  7.61%     -    3s
     0     0  499.46624    0  224  540.60461  499.46624  7.61%     -    3s
     0     0  502.18339    0  234  540.60461  502.18339  7.11%     -    4s
     0     0  502.18339    0  221  540.60461  502.18339  7.11%     -    5s
H    0     0                     538.9058240  502.18339  6.81%     -    5s
H    0     0                     535.4978758  502.18339  6.22%     -    5s
H    0     0                     530.3375021  502.18339  5.31%     -    5s
     0     0  503.39412    0  231  530.33750  503.39412  5.08%     -    5s
     0     0  503.39412    0  228  530.33750  503.39412  5.08%     -    6s
     0     0  503.39412    0  236  530.33750  503.39412  5.08%     -    6s
H    0     0                     528.8631703  503.39412  4.82%     -    7s
     0     0  503.42232    0  238  528.86317  503.42232  4.81%     -    7s
     0     0  503.42238    0  242  528.86317  503.42238  4.81%     -    7s
     0     0  504.24340    0  259  528.86317  504.24340  4.66%     -    7s
     0     0  504.25751    0  253  528.86317  504.25751  4.65%     -    7s
     0     0  504.25786    0  257  528.86317  504.25786  4.65%     -    7s
     0     0  504.84638    0  249  528.86317  504.84638  4.54%     -    7s
     0     0  504.92624    0  248  528.86317  504.92624  4.53%     -    7s
     0     0  506.55131    0  263  528.86317  506.55131  4.22%     -    8s
     0     0  506.55560    0  266  528.86317  506.55560  4.22%     -    8s
     0     0  506.55841    0  265  528.86317  506.55841  4.22%     -    8s
     0     0  506.57908    0  271  528.86317  506.57908  4.21%     -    8s
     0     0  506.57910    0  274  528.86317  506.57910  4.21%     -    8s
     0     0  506.58520    0  272  528.86317  506.58520  4.21%     -    8s
     0     0  506.60793    0  269  528.86317  506.60793  4.21%     -    8s
     0     0  506.60798    0  271  528.86317  506.60798  4.21%     -    8s
     0     0  506.61324    0  262  528.86317  506.61324  4.21%     -    8s
     0     0  506.61325    0  262  528.86317  506.61325  4.21%     -    8s
     0     0  506.66498    0  266  528.86317  506.66498  4.20%     -    8s
     0     0  506.66517    0  267  528.86317  506.66517  4.20%     -    8s
     0     0  506.66818    0  268  528.86317  506.66818  4.20%     -    8s
     0     0  506.66818    0  264  528.86317  506.66818  4.20%     -    8s
     0     0  506.92150    0  270  528.86317  506.92150  4.15%     -    8s
     0     0  506.92267    0  266  528.86317  506.92267  4.15%     -    8s
     0     0  506.92814    0  269  528.86317  506.92814  4.15%     -    9s
     0     0  506.93094    0  268  528.86317  506.93094  4.15%     -    9s
     0     0  506.93173    0  268  528.86317  506.93173  4.15%     -    9s
     0     0  506.94263    0  268  528.86317  506.94263  4.14%     -    9s
     0     0  506.94263    0  268  528.86317  506.94263  4.14%     -    9s
     0     0  506.94263    0  248  528.86317  506.94263  4.14%     -    9s
H    0     0                     516.2654147  506.94263  1.81%     -    9s
     0     0  506.96726    0  219  516.26541  506.96726  1.80%     -    9s
     0     0  506.96726    0  254  516.26541  506.96726  1.80%     -    9s
     0     0  508.38881    0  269  516.26541  508.38881  1.53%     -    9s
     0     0  508.63698    0  259  516.26541  508.63698  1.48%     -    9s
     0     0  508.64314    0  263  516.26541  508.64314  1.48%     -    9s
     0     0  508.64323    0  265  516.26541  508.64323  1.48%     -    9s
     0     0  508.66557    0  264  516.26541  508.66557  1.47%     -    9s
     0     0  508.66589    0  266  516.26541  508.66589  1.47%     -    9s
     0     0  509.09619    0  272  516.26541  509.09619  1.39%     -   10s
     0     0  509.10304    0  272  516.26541  509.10304  1.39%     -   10s
     0     0  509.10304    0  272  516.26541  509.10304  1.39%     -   10s
     0     0  509.14444    0  272  516.26541  509.14444  1.38%     -   10s
     0     0  509.29477    0  275  516.26541  509.29477  1.35%     -   10s
     0     0  509.29655    0  276  516.26541  509.29655  1.35%     -   10s
     0     0  509.30642    0  274  516.26541  509.30642  1.35%     -   10s
     0     0  509.30642    0  203  516.26541  509.30642  1.35%     -   10s
     0     0  509.30642    0  244  516.26541  509.30642  1.35%     -   10s
     0     0  509.30642    0  246  516.26541  509.30642  1.35%     -   10s
     0     0  509.30642    0  248  516.26541  509.30642  1.35%     -   10s
     0     0  509.36583    0  258  516.26541  509.36583  1.34%     -   10s
     0     0  509.38082    0  254  516.26541  509.38082  1.33%     -   10s
     0     0  509.38313    0  251  516.26541  509.38313  1.33%     -   10s
     0     0  509.38333    0  251  516.26541  509.38333  1.33%     -   10s
     0     0  509.40182    0  247  516.26541  509.40182  1.33%     -   10s
     0     0  509.40462    0  252  516.26541  509.40462  1.33%     -   10s
     0     0  509.40495    0  256  516.26541  509.40495  1.33%     -   10s
     0     0  509.47490    0  252  516.26541  509.47490  1.32%     -   10s
     0     0  509.47982    0  255  516.26541  509.47982  1.31%     -   10s
     0     0  509.48154    0  256  516.26541  509.48154  1.31%     -   10s
     0     0  509.73988    0  260  516.26541  509.73988  1.26%     -   10s
     0     0  509.76401    0  260  516.26541  509.76401  1.26%     -   10s
     0     0  509.76452    0  265  516.26541  509.76452  1.26%     -   10s
     0     0  509.76970    0  265  516.26541  509.76970  1.26%     -   10s
     0     0  509.77341    0  266  516.26541  509.77341  1.26%     -   10s
     0     0  509.77341    0  268  516.26541  509.77341  1.26%     -   10s
     0     0  509.77341    0  265  516.26541  509.77341  1.26%     -   10s
     0     0  509.77341    0  266  516.26541  509.77341  1.26%     -   10s
     0     0  509.77851    0  266  516.26541  509.77851  1.26%     -   10s
     0     0  509.77851    0  266  516.26541  509.77851  1.26%     -   10s
     0     0  509.77851    0  230  516.26541  509.77851  1.26%     -   10s
     0     2  509.77860    0  227  516.26541  509.77860  1.26%     -   11s

Cutting planes:
  Gomory: 4
  Cover: 3
  Implied bound: 75
  MIR: 35
  Flow cover: 51
  Zero half: 9
  Mod-K: 6
  RLT: 6
  Relax-and-lift: 62
  BQP: 2

Explored 177 nodes (113190 simplex iterations) in 11.60 seconds (23.75 work units)
Thread count was 4 (of 32 available processors)

Solution count 10: 516.265 528.863 530.338 ... 550.287

Optimal solution found (tolerance 1.00e-04)
Best objective 5.162654146942e+02, best bound 5.162654146942e+02, gap 0.0000%

User-callback calls 3009, time in user-callback 0.00 sec
Cap boundary reject: PORT-588 real=651.382 baseline=516.265
Cap boundary debug: PORT-588 -> [106 107 110 270 269 268 264 265 267 266 123 124 125 126 127 128 258 259 263 262 261 260 254 251 250 244 243 245 247 248 249 252 271 108 101 102 103 104 105] -> PORT-588 -> [109 273 272 253 255 256 257 129 130 131 204 203 202 199 198 200 201 205 206 207 208 209 210 211 212 197 196 195 194 193 192 218 217 216 213 214 215 237 238 239 240 242 241 132 220] -> PORT-583 | load_left=42793 load_right=44924 cap=45000
Set parameter Username
Set parameter LicenseID to value 2738882
Academic license - for non-commercial use only - expires 2026-11-14
Set parameter TimeLimit to value 420
Set parameter Seed to value 427757703
Set parameter Threads to value 4
Set parameter OutputFlag to value 1
Set parameter LogToConsole to value 1
Set parameter LazyConstraints to value 1
Gurobi Optimizer version 13.0.0 build v13.0.0rc1 (linux64 - "Debian GNU/Linux 13 (trixie)")

CPU model: AMD Ryzen 9 5950X 16-Core Processor, instruction set [SSE2|AVX|AVX2]
Thread count: 16 physical cores, 32 logical processors, using up to 4 threads

Non-default parameters:
TimeLimit  420
Seed  427757703
Threads  4
LazyConstraints  1

Optimize a model with 31290 rows, 88752 columns and 177492 nonzeros (Min)
Model fingerprint: 0x7de478fe
Model has 29236 linear objective coefficients
Variable types: 59168 continuous, 29584 integer (29584 binary)
Coefficient statistics:
  Matrix range     [1e+00, 4e+04]
  Objective range  [3e-01, 1e+02]
  Bounds range     [1e+00, 4e+04]
  RHS range        [1e+00, 9e+03]
Presolve removed 1882 rows and 30698 columns
Presolve time: 0.27s
Presolved: 29408 rows, 58054 columns, 173786 nonzeros
Variable types: 28728 continuous, 29326 integer (29326 binary)
Root relaxation presolved: 29408 rows, 58054 columns, 173786 nonzeros

Deterministic concurrent LP optimizer: primal and dual simplex
Showing primal log only...

Concurrent spin time: 0.00s

Solved with primal simplex

Root relaxation: objective 5.085313e+02, 75213 iterations, 3.05 seconds (6.56 work units)

    Nodes    |    Current Node    |     Objective Bounds      |     Work
 Expl Unexpl |  Obj  Depth IntInf | Incumbent    BestBd   Gap | It/Node Time

     0     0  508.53134    0  343          -  508.53134      -     -    4s
H    0     0                    2319.8575119  508.53134  78.1%     -    4s
H    0     0                     777.7409289  508.53134  34.6%     -    4s
     0     0  508.53134    0  343  777.74093  508.53134  34.6%     -    6s
H    0     0                     756.5319188  508.53134  32.8%     -    6s
H    0     0                     722.9126741  508.53134  29.7%     -    6s
H    0     0                     669.1937563  508.53134  24.0%     -    7s
H    0     0                     655.0040985  508.53134  22.4%     -    8s
H    0     0                     648.7313927  508.53134  21.6%     -    9s
H    0     0                     629.3890001  508.53134  19.2%     -   11s
H    0     0                     629.0621994  508.53134  19.2%     -   12s
H    0     0                     625.4856442  508.53134  18.7%     -   12s
H    0     0                     624.7878284  508.53134  18.6%     -   12s
H    0     0                     624.0240483  508.53134  18.5%     -   13s
H    0     0                     623.2033691  508.53134  18.4%     -   14s
     0     0  508.53134    0  343  623.20337  508.53134  18.4%     -   15s
     0     0  511.88153    0  316  623.20337  511.88153  17.9%     -   24s
H    0     0                     615.0191998  511.88263  16.8%     -   25s
H    0     0                     611.1679981  511.88263  16.2%     -   26s
H    0     0                     575.7241254  511.88263  11.1%     -   29s
H    0     0                     575.0286034  511.88263  11.0%     -   30s
H    0     0                     565.4668797  511.88263  9.48%     -   30s
H    0     0                     564.9910815  511.88263  9.40%     -   30s
H    0     0                     564.7402500  511.88263  9.36%     -   30s
H    0     0                     563.2822272  511.88263  9.13%     -   35s
H    0     0                     562.8747740  511.88263  9.06%     -   37s
     0     0  511.88282    0  306  562.87477  511.88282  9.06%     -   43s
     0     0  511.88282    0  314  562.87477  511.88282  9.06%     -   43s
     0     0  513.86222    0  360  562.87477  513.86222  8.71%     -   48s
     0     0  513.93989    0  359  562.87477  513.93989  8.69%     -   48s
     0     0  513.94101    0  364  562.87477  513.94101  8.69%     -   49s
     0     0  515.63638    0  379  562.87477  515.63638  8.39%     -   57s
     0     0  515.63638    0  336  562.87477  515.63638  8.39%     -   61s
     0     0  515.63638    0  363  562.87477  515.63638  8.39%     -   65s
H    0     0                     561.4625849  515.63638  8.16%     -   67s
     0     0  515.63638    0  373  561.46258  515.63638  8.16%     -   73s
     0     0  515.63638    0  364  561.46258  515.63638  8.16%     -   74s
     0     0  515.63638    0  364  561.46258  515.63638  8.16%     -   74s
     0     0  515.63638    0  364  561.46258  515.63638  8.16%     -   74s
     0     0  516.31160    0  398  561.46258  516.31160  8.04%     -   78s
     0     0  516.35610    0  388  561.46258  516.35610  8.03%     -   79s
     0     0  516.35634    0  388  561.46258  516.35634  8.03%     -   79s
     0     0  517.01306    0  386  561.46258  517.01306  7.92%     -   84s
     0     0  517.03795    0  385  561.46258  517.03795  7.91%     -   85s
     0     0  517.03806    0  385  561.46258  517.03806  7.91%     -   85s
     0     0  517.65727    0  388  561.46258  517.65727  7.80%     -   94s
     0     0  517.67648    0  381  561.46258  517.67648  7.80%     -   95s
     0     0  517.68340    0  390  561.46258  517.68340  7.80%     -   95s
     0     0  517.68368    0  388  561.46258  517.68368  7.80%     -   95s
     0     0  518.35072    0  357  561.46258  518.35072  7.68%     -   99s
     0     0  518.41914    0  364  561.46258  518.41914  7.67%     -  100s
     0     0  518.45793    0  385  561.46258  518.45793  7.66%     -  101s
     0     0  518.45793    0  389  561.46258  518.45793  7.66%     -  101s
     0     0  518.54282    0  393  561.46258  518.54282  7.64%     -  102s
     0     0  518.54321    0  388  561.46258  518.54321  7.64%     -  103s
     0     0  518.73008    0  382  561.46258  518.73008  7.61%     -  104s
     0     0  518.73227    0  397  561.46258  518.73227  7.61%     -  104s
     0     0  518.73228    0  398  561.46258  518.73228  7.61%     -  105s
     0     0  518.97408    0  388  561.46258  518.97408  7.57%     -  107s
     0     0  518.97489    0  388  561.46258  518.97489  7.57%     -  108s
     0     0  519.00819    0  385  561.46258  519.00819  7.56%     -  109s
     0     0  519.00977    0  386  561.46258  519.00977  7.56%     -  110s
     0     0  519.14489    0  380  561.46258  519.14489  7.54%     -  112s
     0     0  519.15794    0  385  561.46258  519.15794  7.53%     -  113s
     0     0  519.15796    0  383  561.46258  519.15796  7.53%     -  113s
     0     0  519.28534    0  373  561.46258  519.28534  7.51%     -  115s
     0     0  519.28576    0  370  561.46258  519.28576  7.51%     -  115s
     0     0  519.52912    0  412  561.46258  519.52912  7.47%     -  119s
H    0     0                     561.4625843  519.52912  7.47%     -  125s
     0     0  519.53493    0  420  561.46258  519.53493  7.47%     -  126s
     0     0  519.53534    0  419  561.46258  519.53534  7.47%     -  127s
     0     0  519.53557    0  421  561.46258  519.53557  7.47%     -  128s
     0     0  519.53574    0  423  561.46258  519.53574  7.47%     -  128s
     0     0  519.53936    0  419  561.46258  519.53936  7.47%     -  129s
     0     0  519.53936    0  419  561.46258  519.53936  7.47%     -  130s
     0     0  519.53936    0  419  561.46258  519.53936  7.47%     -  130s
     0     0  519.53936    0  414  561.46258  519.53936  7.47%     -  131s
     0     2  521.89508    0  414  561.46258  521.89508  7.05%     -  148s
     1     4  521.89508    1  392  561.46258  521.89508  7.05%  7632  150s
     7    12  521.89508    3  374  561.46258  521.89508  7.05%  4914  157s
    11    16  521.89508    4  361  561.46258  521.89508  7.05%  6406  162s
    15    20  521.89508    5  364  561.46258  521.89508  7.05%  6011  167s
    19    22  521.89508    5  348  561.46258  521.89508  7.05%  5153  176s
    21    30  521.89508    6  347  561.46258  521.89508  7.05%  5608  181s
    29    32  522.60081    8  306  561.46258  521.89508  7.05%  5336  187s
    31    36  522.14076    9  326  561.46258  521.89508  7.05%  5848  191s
    35    43  522.31381   10  287  561.46258  521.89508  7.05%  6676  200s
    42    51  523.67442   11  278  561.46258  521.89508  7.05%  7799  205s
    50    55  524.03045   12  286  561.46258  521.89508  7.05%  7443  210s
    54    59  525.58194   12  329  561.46258  521.89508  7.05%  7724  216s
    58    63  524.24731   13  277  561.46258  521.89508  7.05%  7954  220s
    63    64  525.01414   13  253  561.46258  521.89508  7.05%  8045  229s
    66    71  524.25460   14  270  561.46258  521.89508  7.05%  7996  234s
    75    84  526.41472   14  274  561.46258  521.89508  7.05%  8016  238s
    90    94  524.87323   15  271  561.46258  521.89508  7.05%  6789  243s
   100   106  525.08724   16  282  561.46258  521.89508  7.05%  6393  250s
   112   116  525.27289   16  275  561.46258  521.89508  7.05%  6037  256s
   122   135  525.15474   17  282  561.46258  521.89508  7.05%  5712  260s
   141   153  527.20819   24  288  561.46258  521.89508  7.05%  5106  265s
   178   194  529.66801   30  289  561.46258  521.89508  7.05%  4516  276s
   200   210  530.61078   39  254  561.46258  521.89508  7.05%  4239  280s
   225   224  530.78413   44  273  561.46258  521.89508  7.05%  3890  288s
   230   228  530.84058   45  265  561.46258  521.89508  7.05%  3841  292s
   234   243  534.76898   46  267  561.46258  521.89508  7.05%  3803  296s
H  263   259                     558.9268930  521.89508  6.63%  3501  299s
   265   308  532.99284   70  249  558.92689  521.89508  6.63%  3479  303s
   314   361  533.37080   83  251  558.92689  521.89508  6.63%  3116  305s
   434   470  538.04250  108  251  558.92689  521.89508  6.63%  2432  311s
   536   584  535.36881  116  227  558.92689  521.89508  6.63%  2097  317s
   594   621  536.93976  126  215  558.92689  521.89508  6.63%  1987  320s
   647   696  539.19008  142  212  558.92689  521.89508  6.63%  1905  326s
   810   886  539.74876  211  192  558.92689  521.89508  6.63%  1620  330s
  1038  1082  543.73125  293  162  558.92689  521.89508  6.63%  1334  339s
  1123  1141  555.88934  344  150  558.92689  521.89508  6.63%  1278  344s
  1204  1162  521.89508    6  374  558.92689  521.89508  6.63%  1255  350s
  1233  1163  549.37144  253  379  558.92689  521.89508  6.63%  1266  368s
  1235  1164  543.46879   81  333  558.92689  521.89508  6.63%  1264  373s
  1236  1165  536.46678  120  389  558.92689  521.89508  6.63%  1263  379s
  1237  1166  552.89316  297  375  558.92689  521.89508  6.63%  1262  381s
  1243  1170  549.45672  316  413  558.92689  521.89508  6.63%  1256  387s
  1246  1172  556.88131   72  398  558.92689  521.89508  6.63%  1253  391s
  1250  1174  553.01675  299  398  558.92689  522.63306  6.49%  1249  395s
  1254  1177  542.46650  273  396  558.92689  523.18922  6.39%  1245  400s
  1259  1180  530.40408   13  382  558.92689  523.47292  6.34%  1240  408s
  1262  1182  552.42427  340  377  558.92689  523.47910  6.34%  1237  410s
  1270  1188  540.94995   68  373  558.92689  523.57203  6.33%  1230  415s

Cutting planes:
  Gomory: 6
  Cover: 9
  Implied bound: 118
  Projected implied bound: 5
  Clique: 1
  MIR: 63
  Flow cover: 99
  GUB cover: 3
  Zero half: 31
  Network: 1
  RLT: 2
  Relax-and-lift: 102
  BQP: 3

Explored 1272 nodes (2145430 simplex iterations) in 420.00 seconds (1167.93 work units)
Thread count was 4 (of 32 available processors)

Solution count 10: 558.927 561.463 562.875 ... 611.168

Time limit reached
Best objective 5.589268930249e+02, best bound 5.235720292964e+02, gap 6.3255%

User-callback calls 104592, time in user-callback 0.01 sec
Cap boundary reject: PORT-588 real=558.927 baseline=556.863
Set parameter Username
Set parameter LicenseID to value 2738882
Academic license - for non-commercial use only - expires 2026-11-14
Segment 1 eval: start=BOAT-0 end=PORT-581 stations=87 (optimize)
  Segment 1 order: 1 3 4 -25 -5 -6 10 11 143 15 16 17 -18 -13 14 12 -24 -23 -22 -21 19 20 -41 42 43 44 45 46 -396 -47 -40 39 48 49 50 -38 -37 51 -52 59 -57 56 55 -54 -53 66 67 69 -36 -35 -34 -33 -32 -31 -30 -29 -28 -27 -26 93 -92 94 -96 -95 90 91 -89 88 -87 86 -85 -84 -83 -82 -81 -80 79 -78 -77 -70 -76 75 72 73 -74 -71 -68
Segment 2 eval: start=PORT-581 end=PORT-591 stations=58 (optimize)
  Segment 2 order: 65 -63 64 -58 60 61 62 391 392 393 394 395 397 398 399 -400 -401 389 390 388 -387 -386 -385 -402 403 405 406 -407 -404 409 408 -410 411 412 -413 -415 416 -417 425 381 426 -368 -367 -366 -365 364 362 -361 -360 -359 -358 -357 -356 -355 354 -353 348 -363
Segment 3 eval: start=PORT-591 end=PORT-591 stations=111 (optimize)
  Segment 3 order: -346 276 277 278 279 280 281 -556 282 283 -284 555 558 559 -560 561 -562 -554 553 550 551 552 285 286 287 288 289 290 291 292 293 294 -295 296 297 306 -305 -298 299 300 301 302 304 -303 307 308 309 -310 311 312 -313 314 315 316 317 318 319 320 340 341 342 343 344 345 334 335 336 337 338 339 321 322 323 324 325 -327 328 330 -331 -329 -326 349 350 351 352 -373 372 -374 375 376 377 379 380 414 382 384 -383 419 420 421 -423 -422 424 -418 -378 -371 -370 369 332 -333 347
Segment 4 eval: start=PORT-591 end=PORT-593 stations=43 (optimize)
  Segment 4 order: 557 563 564 565 566 567 568 -542 543 540 541 549 548 -547 -546 -545 -544 -539 -538 -537 536 -535 -534 -572 569 570 571 573 574 576 533 -532 -531 -530 -529 -528 -527 577 575 578 -525 526 -524
Segment 5 eval: start=PORT-593 end=PORT-593 stations=19 (optimize)
  Segment 5 order: 430 -434 -433 -432 -431 -429 -428 427 517 518 519 520 521 -580 -579 -523 -522 -516 -515
Segment 6 eval: start=PORT-593 end=PORT-584 stations=34 (optimize)
  Segment 6 order: -512 513 -514 -511 -510 -509 -508 -507 -506 -505 -444 -443 -442 -441 440 -439 437 -436 435 438 445 446 447 448 449 450 451 452 453 -455 -454 462 -489 -502
Segment 7 eval: start=PORT-584 end=PORT-584 stations=29 (optimize)
  Segment 7 order: 500 490 491 492 -493 482 483 463 464 465 -466 474 -473 -475 479 480 -481 -478 -477 -476 -114 494 -113 -112 495 496 497 498 499
Segment 8 eval: start=PORT-584 end=PORT-584 stations=13 (optimize)
  Segment 8 order: -488 -487 486 484 -460 -459 -458 -457 -456 461 485 -504 -503
Segment 9 eval: start=PORT-584 end=PORT-588 stations=18 (optimize)
  Segment 9 order: -501 467 468 469 470 -471 472 -122 -121 120 -119 -118 -117 -116 -115 -275 -111 -274
Segment 10 eval: start=PORT-588 end=PORT-588 stations=40 (optimize)
  Segment 10 order: 106 107 110 -270 -269 -268 264 265 267 266 123 124 125 -126 127 128 -258 259 -263 -262 -261 260 254 -251 -250 -244 -243 245 -247 246 -248 -249 -252 -271 -108 101 102 103 -104 105
Segment 11 eval: start=PORT-588 end=PORT-583 stations=45 (optimize)
  Segment 11 order: 109 -273 -272 253 255 256 257 129 130 131 -204 -203 -202 -199 -198 -200 201 205 206 207 208 209 210 211 -212 197 -196 -195 -194 -193 -192 -218 -217 220 -216 -213 214 215 -237 238 239 240 242 241 132
Segment 12 eval: start=PORT-583 end=PORT-583 stations=54 (optimize)
  Segment 12 order: 133 134 -229 -228 -178 -177 -176 -175 -174 -173 -172 -171 -170 -169 -168 -167 -166 -165 -164 -163 -162 -161 -160 159 -158 -157 -156 -155 -154 -153 -152 -151 -138 -141 -140 -139 -150 -149 -148 -147 -146 -145 -144 -142 -9 -8 -7 2 137 -136 135 179 180 181
Segment 13 eval: start=PORT-583 end=BOAT-END stations=29 (optimize)
  Segment 13 order: 230 232 233 234 -235 231 -227 -226 -182 -183 184 185 186 187 188 189 190 191 219 223 224 225 -222 -221 -236 97 98 99 100
Cap boundary debug: PORT-588 -> [109 273 272 253 255 256 257 129 130 131 204 203 202 199 198 200 201 205 206 207 208 209 210 211 212 197 196 195 194 193 192 218 217 216 213 214 215 237 238 239 240 242 241 132 220] -> PORT-583 -> [181 180 179 135 136 137 2 7 8 9 142 144 145 146 147 148 149 150 139 140 141 138 151 152 153 154 155 156 157 158 159 160 161 162 163 164 165 166 167 168 169 170 171 172 173 174 175 176 177 178 228 229 134 133] -> PORT-583 | load_left=44924 load_right=43558 cap=45000
Set parameter Username
Set parameter LicenseID to value 2738882
Academic license - for non-commercial use only - expires 2026-11-14
Set parameter TimeLimit to value 420
Set parameter Seed to value 407318893
Set parameter Threads to value 4
Set parameter OutputFlag to value 1
Set parameter LogToConsole to value 1
Set parameter LazyConstraints to value 1
Gurobi Optimizer version 13.0.0 build v13.0.0rc1 (linux64 - "Debian GNU/Linux 13 (trixie)")

CPU model: AMD Ryzen 9 5950X 16-Core Processor, instruction set [SSE2|AVX|AVX2]
Thread count: 16 physical cores, 32 logical processors, using up to 4 threads

Non-default parameters:
TimeLimit  420
Seed  407318893
Threads  4
LazyConstraints  1

Optimize a model with 42810 rows, 122412 columns and 244812 nonzeros (Min)
Model fingerprint: 0x7e6cdabe
Model has 40400 linear objective coefficients
Variable types: 81608 continuous, 40804 integer (40804 binary)
Coefficient statistics:
  Matrix range     [1e+00, 4e+04]
  Objective range  [5e-05, 2e+02]
  Bounds range     [1e+00, 4e+04]
  RHS range        [1e+00, 9e+03]
Presolve removed 2212 rows and 42113 columns
Presolve time: 0.26s
Presolved: 40598 rows, 80299 columns, 240392 nonzeros
Variable types: 39798 continuous, 40501 integer (40501 binary)
Root relaxation presolved: 40598 rows, 80299 columns, 240392 nonzeros

Deterministic concurrent LP optimizer: primal and dual simplex
Showing primal log only...

Concurrent spin time: 0.00s

Solved with primal simplex

Root relaxation: objective 5.428128e+02, 68498 iterations, 3.40 seconds (7.41 work units)

    Nodes    |    Current Node    |     Objective Bounds      |     Work
 Expl Unexpl |  Obj  Depth IntInf | Incumbent    BestBd   Gap | It/Node Time

     0     0  542.81277    0  332          -  542.81277      -     -    4s
     0     0  542.81277    0  332          -  542.81277      -     -    5s
H    0     0                     942.8656152  542.81277  42.4%     -    6s
H    0     0                     777.6522053  542.81277  30.2%     -    6s
H    0     0                     761.0904364  542.81277  28.7%     -    6s
H    0     0                     736.4124020  542.81277  26.3%     -    6s
H    0     0                     632.2487214  542.81277  14.1%     -    7s
H    0     0                     631.9443302  542.81277  14.1%     -    7s
     0     0  542.81277    0  333  631.94433  542.81277  14.1%     -    8s
     0     0  548.54670    0  312  631.94433  548.54670  13.2%     -   17s
H    0     0                     630.0941627  549.41415  12.8%     -   18s
H    0     0                     603.4224923  549.41415  8.95%     -   18s
H    0     0                     589.7655507  549.41415  6.84%     -   18s
H    0     0                     572.1708907  549.41415  3.98%     -   19s
H    0     0                     570.7508394  549.41415  3.74%     -   20s
H    0     0                     563.6547823  549.41415  2.53%     -   20s
H    0     0                     563.4513347  549.41415  2.49%     -   21s
     0     0  549.41415    0  348  563.45133  549.41415  2.49%     -   23s
     0     0  549.41415    0  348  563.45133  549.41415  2.49%     -   23s
     0     0  550.54347    0  372  563.45133  550.54347  2.29%     -   24s
     0     0  550.54347    0  327  563.45133  550.54347  2.29%     -   25s
     0     0  550.54347    0  339  563.45133  550.54347  2.29%     -   26s
     0     0  550.65641    0  370  563.45133  550.65641  2.27%     -   26s
     0     0  550.78650    0  368  563.45133  550.78650  2.25%     -   26s
     0     0  550.78651    0  365  563.45133  550.78651  2.25%     -   26s
     0     0  551.89953    0  374  563.45133  551.89953  2.05%     -   26s
     0     0  551.94472    0  385  563.45133  551.94472  2.04%     -   26s
     0     0  552.46922    0  351  563.45133  552.46922  1.95%     -   27s
     0     0  552.61719    0  372  563.45133  552.61719  1.92%     -   27s
     0     0  552.61728    0  361  563.45133  552.61728  1.92%     -   27s
     0     0  553.32022    0  362  563.45133  553.32022  1.80%     -   27s
     0     0  553.32332    0  369  563.45133  553.32332  1.80%     -   27s
     0     0  553.32380    0  366  563.45133  553.32380  1.80%     -   28s
     0     0  553.53511    0  366  563.45133  553.53511  1.76%     -   28s
     0     0  553.53511    0  331  563.45133  553.53511  1.76%     -   28s
     0     0  553.53511    0  362  563.45133  553.53511  1.76%     -   29s
     0     0  553.53511    0  377  563.45133  553.53511  1.76%     -   29s
     0     0  553.53511    0  375  563.45133  553.53511  1.76%     -   29s
     0     0  553.53511    0  382  563.45133  553.53511  1.76%     -   29s
     0     0  553.53511    0  360  563.45133  553.53511  1.76%     -   29s
     0     0  553.53511    0  360  563.45133  553.53511  1.76%     -   29s
     0     0  553.72907    0  375  563.45133  553.72907  1.73%     -   29s
     0     0  553.72941    0  381  563.45133  553.72941  1.73%     -   29s
     0     0  553.78900    0  382  563.45133  553.78900  1.71%     -   30s
     0     0  553.79892    0  350  563.45133  553.79892  1.71%     -   30s
     0     0  553.79892    0  360  563.45133  553.79892  1.71%     -   30s
     0     0  553.79892    0  365  563.45133  553.79892  1.71%     -   30s
     0     0  553.79892    0  363  563.45133  553.79892  1.71%     -   30s
     0     0  553.79892    0  364  563.45133  553.79892  1.71%     -   30s
     0     0  553.79892    0  376  563.45133  553.79892  1.71%     -   30s
     0     0  553.79892    0  376  563.45133  553.79892  1.71%     -   30s
     0     0  553.79892    0  361  563.45133  553.79892  1.71%     -   31s
     0     2  553.80457    0  361  563.45133  553.80457  1.71%     -   31s
H   25    33                     563.4513337  553.88953  1.70%  1281   32s
   193   163  557.50534   30  269  563.45133  553.91365  1.69%   463   35s
  1444   911  559.76831   25  328  563.45133  555.38582  1.43%   183   40s
H 1477   887                     563.4513311  556.84751  1.17%   194   43s
  1499   902  560.82755   47  390  563.45133  557.08485  1.13%   191   45s
  1648   962  557.75839   42  194  563.45133  557.20430  1.11%   219   50s
  2473  1100  560.88177   37  178  563.45133  557.43677  1.07%   202   55s
  3813  1186     cutoff   55       563.45133  557.90162  0.98%   185   60s
  5557  1748  558.62669   31  270  563.45133  558.45114  0.89%   171   65s
  7382  2538  559.69825   50  101  563.45133  558.70492  0.84%   163   70s
  9033  3209  561.18144   52  161  563.45133  558.92415  0.80%   158   75s
 11160  3973  561.24655   43  209  563.45133  559.15833  0.76%   154   81s
 13554  4895  561.22500   45  161  563.45133  559.34136  0.73%   147   86s
 15688  5422  561.33302   43  182  563.45133  559.49430  0.70%   143   90s
 17948  5991  562.43975   51   91  563.45133  559.68533  0.67%   140   95s
 20854  6516     cutoff   72       563.45133  559.88418  0.63%   138  100s
 23084  6845  561.61497   64  103  563.45133  560.02100  0.61%   137  105s
 25486  7002  562.34815   54  133  563.45133  560.22412  0.57%   137  110s
 27872  7081 infeasible   45       563.45133  560.40849  0.54%   138  115s
 30376  7021     cutoff   33       563.45133  560.59137  0.51%   138  120s
 32459  6903  561.99303   37  308  563.45133  560.74313  0.48%   139  125s
 34847  6563  562.87817   38   76  563.45133  560.93737  0.45%   141  130s
 37132  6126  562.77178   45  194  563.45133  561.11703  0.41%   142  135s
 39687  5536     cutoff   61       563.45133  561.31618  0.38%   143  140s
 41782  4903     cutoff   50       563.45133  561.50728  0.35%   143  145s
 44355  3926  562.82634   66  104  563.45133  561.79078  0.29%   143  150s
 46553  2983  562.85528   47  114  563.45133  562.04342  0.25%   143  155s
 48782  1733  563.17750   43   56  563.45133  562.37067  0.19%   143  160s

Cutting planes:
  Gomory: 7
  Cover: 62
  Implied bound: 137
  Projected implied bound: 16
  Clique: 3
  MIR: 152
  Mixing: 1
  Flow cover: 379
  GUB cover: 1
  Inf proof: 35
  Zero half: 31
  RLT: 8
  Relax-and-lift: 35
  BQP: 2

Explored 51310 nodes (7377427 simplex iterations) in 163.58 seconds (486.76 work units)
Thread count was 4 (of 32 available processors)

Solution count 10: 563.451 563.451 563.655 ... 632.249

Optimal solution found (tolerance 1.00e-04)
Best objective 5.634513310982e+02, best bound 5.634513310982e+02, gap 0.0000%

User-callback calls 124550, time in user-callback 0.01 sec
Cap boundary reject: PORT-583 real=719.146 baseline=563.451
Cap boundary debug: PORT-583 -> [181 180 179 135 136 137 2 7 8 9 142 144 145 146 147 148 149 150 139 140 141 138 151 152 153 154 155 156 157 158 159 160 161 162 163 164 165 166 167 168 169 170 171 172 173 174 175 176 177 178 228 229 134 133] -> PORT-583 -> [230 232 233 234 235 231 227 226 182 183 184 185 186 187 188 189 190 191 219 223 224 225 222 221 236 97 98 99 100] -> BOAT-END | load_left=43558 load_right=15606 cap=45000
Set parameter Username
Set parameter LicenseID to value 2738882
Academic license - for non-commercial use only - expires 2026-11-14
Set parameter TimeLimit to value 420
Set parameter Seed to value 477384255
Set parameter Threads to value 4
Set parameter OutputFlag to value 1
Set parameter LogToConsole to value 1
Set parameter LazyConstraints to value 1
Gurobi Optimizer version 13.0.0 build v13.0.0rc1 (linux64 - "Debian GNU/Linux 13 (trixie)")

CPU model: AMD Ryzen 9 5950X 16-Core Processor, instruction set [SSE2|AVX|AVX2]
Thread count: 16 physical cores, 32 logical processors, using up to 4 threads

Non-default parameters:
TimeLimit  420
Seed  477384255
Threads  4
LazyConstraints  1

Optimize a model with 30586 rows, 86700 columns and 173388 nonzeros (Min)
Model fingerprint: 0xfef3ae48
Model has 28560 linear objective coefficients
Variable types: 57800 continuous, 28900 integer (28900 binary)
Coefficient statistics:
  Matrix range     [1e+00, 4e+04]
  Objective range  [5e-05, 1e+05]
  Bounds range     [1e+00, 4e+04]
  RHS range        [1e+00, 9e+03]
Presolve removed 1860 rows and 30001 columns
Presolve time: 0.27s
Presolved: 28726 rows, 56699 columns, 169729 nonzeros
Variable types: 28054 continuous, 28645 integer (28645 binary)
Root relaxation presolved: 28726 rows, 56699 columns, 169729 nonzeros

Deterministic concurrent LP optimizer: primal and dual simplex
Showing primal log only...

Concurrent spin time: 0.00s

Solved with primal simplex

Root relaxation: objective 5.293785e+02, 58752 iterations, 2.48 seconds (5.18 work units)

    Nodes    |    Current Node    |     Objective Bounds      |     Work
 Expl Unexpl |  Obj  Depth IntInf | Incumbent    BestBd   Gap | It/Node Time

     0     0  529.37848    0  265          -  529.37848      -     -    3s
H    0     0                     815.8974911  529.37848  35.1%     -    3s
H    0     0                     660.7018925  529.37848  19.9%     -    3s
H    0     0                     595.5148057  529.37848  11.1%     -    4s
H    0     0                     595.5147960  529.37848  11.1%     -    5s
H    0     0                     595.5147955  529.37848  11.1%     -    5s
     0     0  529.37848    0  265  595.51480  529.37848  11.1%     -    6s
     0     0  533.24976    0  288  595.51480  533.24976  10.5%     -   11s
H    0     0                     586.7859825  533.24976  9.12%     -   11s
H    0     0                     579.3289705  533.24976  7.95%     -   13s
H    0     0                     578.0434989  533.24976  7.75%     -   14s
     0     0  533.78499    0  290  578.04350  533.78499  7.66%     -   16s
     0     0  533.78499    0  287  578.04350  533.78499  7.66%     -   16s
     0     0  536.43635    0  300  578.04350  536.43635  7.20%     -   21s
     0     0  536.43635    0  275  578.04350  536.43635  7.20%     -   23s
     0     0  536.43635    0  277  578.04350  536.43635  7.20%     -   28s
H    0     0                     577.9089191  536.43635  7.18%     -   30s
     0     0  536.47846    0  310  577.90892  536.47846  7.17%     -   33s
     0     0  536.47846    0  306  577.90892  536.47846  7.17%     -   33s
     0     0  544.96455    0  282  577.90892  544.96455  5.70%     -   36s
     0     0  544.96475    0  297  577.90892  544.96475  5.70%     -   36s
     0     0  545.46348    0  300  577.90892  545.46348  5.61%     -   38s
     0     0  545.46348    0  279  577.90892  545.46348  5.61%     -   40s
     0     0  545.46348    0  275  577.90892  545.46348  5.61%     -   44s
     0     0  545.46348    0  299  577.90892  545.46348  5.61%     -   49s
     0     0  545.46348    0  301  577.90892  545.46348  5.61%     -   50s
     0     0  545.46348    0  289  577.90892  545.46348  5.61%     -   50s
     0     0  545.46348    0  300  577.90892  545.46348  5.61%     -   50s
     0     0  545.47565    0  302  577.90892  545.47565  5.61%     -   51s
     0     0  545.47569    0  308  577.90892  545.47569  5.61%     -   51s
     0     0  546.50516    0  311  577.90892  546.50516  5.43%     -   53s
     0     0  546.51379    0  305  577.90892  546.51379  5.43%     -   53s
     0     0  546.51389    0  305  577.90892  546.51389  5.43%     -   53s
     0     0  546.66097    0  330  577.90892  546.66097  5.41%     -   55s
     0     0  546.66975    0  334  577.90892  546.66975  5.41%     -   55s
     0     0  546.66975    0  337  577.90892  546.66975  5.41%     -   55s
     0     0  546.67223    0  339  577.90892  546.67223  5.41%     -   56s
     0     0  546.67227    0  339  577.90892  546.67227  5.41%     -   56s
     0     0  546.67230    0  332  577.90892  546.67230  5.41%     -   56s
H    0     0                     577.9088945  546.67230  5.41%     -   57s
H    0     0                     577.9088944  546.67230  5.41%     -   57s
     0     0  546.67236    0  331  577.90889  546.67236  5.41%     -   58s
     0     0  546.67236    0  331  577.90889  546.67236  5.41%     -   58s
     0     0  546.67236    0  314  577.90889  546.67236  5.41%     -   58s
     0     2  547.06010    0  314  577.90889  547.06010  5.34%     -   64s
     1     4  547.06010    1  262  577.90889  547.06010  5.34%  2566   65s
    15    20  547.33364    5  248  577.90889  547.06010  5.34%  2600   74s
    19    26  547.62715    6  233  577.90889  547.06010  5.34%  3543   78s
    25    31  547.96399    6  226  577.90889  547.06010  5.34%  2870   82s
    40    49  548.24889   11  243  577.90889  547.06010  5.34%  3245   85s
    53    56  549.24794   17  287  577.90889  547.06010  5.34%  3774   90s
    65    68  549.71042   19  244  577.90889  547.06010  5.34%  3582   96s
    73    76  550.25817   20  251  577.90889  547.06010  5.34%  3561  100s
    89    92  550.57444   22  235  577.90889  547.06010  5.34%  3733  106s
   106   116  550.95060   26  250  577.90889  547.06010  5.34%  3471  111s
   130   149  552.12898   35  196  577.90889  547.06010  5.34%  3289  115s
   187   211  553.38137   54  204  577.90889  547.06010  5.34%  2716  122s
   255   286  556.82725   73  164  577.90889  547.06010  5.34%  2143  125s
   338   356  558.66069   98  166  577.90889  547.06010  5.34%  1744  131s
   452   495  567.04111  132  165  577.90889  547.06010  5.34%  1543  135s
   620   656  571.35510    4  199  577.90889  547.06010  5.34%  1272  142s
   744   759  571.99710    8  166  577.90889  547.06010  5.34%  1154  146s
   892   936  573.37516   83  137  577.90889  547.06010  5.34%  1054  153s
  1006   972  547.83905    7  223  577.90889  547.06010  5.34%   999  156s
  1096  1024  560.93929   58  300  577.90889  547.06010  5.34%  1010  169s
  1098  1025  562.54126  143  267  577.90889  547.06010  5.34%  1009  176s
  1099  1026  568.32637  163  294  577.90889  547.06010  5.34%  1008  183s
  1100  1027  558.99696   83  319  577.90889  547.06010  5.34%  1007  185s
  1107  1031  572.41667    6  312  577.90889  548.17748  5.14%  1000  190s
  1112  1035  573.05852   34  329  577.90889  548.43686  5.10%   996  195s
  1118  1039  571.08307  181  317  577.90889  548.52557  5.08%   991  201s
  1122  1041  561.26774  145  321  577.90889  548.54618  5.08%   987  205s
  1127  1045  570.09025  152  324  577.90889  548.55168  5.08%   983  210s
  1133  1049  552.07818   34  332  577.90889  548.67359  5.06%   977  215s
  1143  1056  553.36369   51  264  577.90889  548.67622  5.06%  1096  223s
  1144  1057  558.07199   73  281  577.90889  548.67622  5.06%  1095  228s
  1145  1058  573.57949   70  321  577.90889  548.67622  5.06%  1094  231s
  1149  1060  557.28763   57  337  577.90889  548.68341  5.06%  1090  235s
  1155  1064  568.16903  166  318  577.90889  548.69048  5.06%  1084  240s
  1156  1065  558.56551  113  318  577.90889  548.69048  5.06%  1083  245s
  1157  1066  573.64873   46  318  577.90889  549.01626  5.00%  1082  252s
  1168  1081  549.01626   27  240  577.90889  549.01626  5.00%  1154  256s
  1183  1088  549.01626   29  179  577.90889  549.01626  5.00%  1184  262s
  1192  1093  549.01626   31  182  577.90889  549.01626  5.00%  1215  265s
  1210  1104  549.37873   33  166  577.90889  549.01626  5.00%  1237  271s
  1224  1114  549.51686   35  170  577.90889  549.01626  5.00%  1258  276s
  1246  1124  550.14074   36  168  577.90889  549.01626  5.00%  1261  280s
  1269  1139  550.84912   40  155  577.90889  549.01626  5.00%  1304  285s
  1282  1146  550.95025   42  165  577.90889  549.01626  5.00%  1348  290s
  1305  1162  551.11482   44  213  577.90889  549.01626  5.00%  1400  296s
  1322  1177  551.62907   46  156  577.90889  549.01626  5.00%  1435  300s
  1359  1195  552.31434   49  128  577.90889  549.01626  5.00%  1472  306s
  1382  1204  553.43627   54  166  577.90889  549.01626  5.00%  1483  311s
  1404  1213  554.08329   59  176  577.90889  549.01626  5.00%  1503  316s
H 1409  1158                     577.9088943  549.01626  5.00%  1508  316s
  1435  1175  555.44019   62  189  577.90889  549.01626  5.00%  1512  321s
  1492  1181  556.92840   69  217  577.90889  549.01626  5.00%  1515  327s
  1538  1208  559.59144   74  230  577.90889  549.01626  5.00%  1528  332s
  1570  1220  558.63350   80  133  577.90889  549.01626  5.00%  1531  335s
  1653  1225  560.14428   88  191  577.90889  549.01626  5.00%  1518  340s
H 1672  1168                     577.9088888  549.01626  5.00%  1512  340s
  1736  1175  560.77460   97  161  577.90889  549.01626  5.00%  1500  346s
  1831  1165     cutoff  108       577.90889  549.01626  5.00%  1494  353s
H 1832  1117                     577.9088839  549.01626  5.00%  1493  353s
  1860  1119  562.70043  118  187  577.90888  549.01626  5.00%  1485  356s
  1947  1132  564.76012  155  157  577.90888  549.01626  5.00%  1487  364s
  1993  1134  565.53718  176  155  577.90888  549.01626  5.00%  1481  368s
  2013  1145     cutoff  176       577.90888  549.01626  5.00%  1488  372s
  2074  1148  549.01626   29  215  577.90888  549.01626  5.00%  1474  376s
  2101  1161  549.13837   31  248  577.90888  549.03878  5.00%  1481  380s
  2143  1175  549.26114   33  264  577.90888  549.03878  5.00%  1488  385s
  2193  1195  549.68155   35  186  577.90888  549.03878  5.00%  1490  390s
  2247  1191  550.44128   38  181  577.90888  549.03878  5.00%  1489  396s
  2283  1202  550.51836   42  196  577.90888  549.03878  5.00%  1487  400s
  2350  1205  551.02121   47  241  577.90888  549.03878  5.00%  1485  406s
  2427  1208  552.63118   51  177  577.90888  549.03878  5.00%  1476  411s
  2508  1203  552.65213   55  236  577.90888  549.06285  4.99%  1467  417s

Cutting planes:
  Gomory: 26
  Cover: 11
  Implied bound: 70
  Projected implied bound: 6
  MIR: 44
  Mixing: 1
  Flow cover: 67
  GUB cover: 1
  Zero half: 17
  RLT: 5
  Relax-and-lift: 60
  BQP: 1

Explored 2595 nodes (4107042 simplex iterations) in 420.00 seconds (1403.60 work units)
Thread count was 4 (of 32 available processors)

Solution count 8: 577.909 578.043 579.329 ... 815.897

Time limit reached
Best objective 5.779088839233e+02, best bound 5.490628500304e+02, gap 4.9915%

User-callback calls 88331, time in user-callback 0.01 sec
Cap boundary reject: PORT-583 real=652.525 baseline=577.909
Set parameter Username
Set parameter LicenseID to value 2738882
Academic license - for non-commercial use only - expires 2026-11-14
Segment 1 eval: start=BOAT-0 end=PORT-581 stations=87 (optimize)
  Segment 1 order: 1 3 4 -25 -5 -6 10 11 143 15 16 17 -18 -13 14 12 -24 -23 -22 -21 19 20 -41 42 43 44 45 46 -396 -47 -40 39 48 49 50 -38 -37 51 -52 59 -57 56 55 -54 -53 66 67 69 -36 -35 -34 -33 -32 -31 -30 -29 -28 -27 -26 93 -92 94 -96 -95 90 91 -89 88 -87 86 -85 -84 -83 -82 -81 -80 79 -78 -77 -70 -76 75 72 73 -74 -71 -68
Segment 2 eval: start=PORT-581 end=PORT-591 stations=58 (optimize)
  Segment 2 order: 65 -63 64 -58 60 61 62 391 392 393 394 395 397 398 399 -400 -401 389 390 388 -387 -386 -385 -402 403 405 406 -407 -404 409 408 -410 411 412 -413 -415 416 -417 425 381 426 -368 -367 -366 -365 364 362 -361 -360 -359 -358 -357 -356 -355 354 -353 348 -363
Segment 3 eval: start=PORT-591 end=PORT-591 stations=111 (optimize)
  Segment 3 order: -346 276 277 278 279 280 281 -556 282 283 -284 555 558 559 -560 561 -562 -554 553 550 551 552 285 286 287 288 289 290 291 292 293 294 -295 296 297 306 -305 -298 299 300 301 302 304 -303 307 308 309 -310 311 312 -313 314 315 316 317 318 319 320 340 341 342 343 344 345 334 335 336 337 338 339 321 322 323 324 325 -327 328 330 -331 -329 -326 349 350 351 352 -373 372 -374 375 376 377 379 380 414 382 384 -383 419 420 421 -423 -422 424 -418 -378 -371 -370 369 332 -333 347
Segment 4 eval: start=PORT-591 end=PORT-593 stations=43 (optimize)
  Segment 4 order: 557 563 564 565 566 567 568 -542 543 540 541 549 548 -547 -546 -545 -544 -539 -538 -537 536 -535 -534 -572 569 570 571 573 574 576 533 -532 -531 -530 -529 -528 -527 577 575 578 -525 526 -524
Segment 5 eval: start=PORT-593 end=PORT-593 stations=19 (optimize)
  Segment 5 order: 430 -434 -433 -432 -431 -429 -428 427 517 518 519 520 521 -580 -579 -523 -522 -516 -515
Segment 6 eval: start=PORT-593 end=PORT-584 stations=34 (optimize)
  Segment 6 order: -512 513 -514 -511 -510 -509 -508 -507 -506 -505 -444 -443 -442 -441 440 -439 437 -436 435 438 445 446 447 448 449 450 451 452 453 -455 -454 462 -489 -502
Segment 7 eval: start=PORT-584 end=PORT-584 stations=29 (optimize)
  Segment 7 order: 500 490 491 492 -493 482 483 463 464 465 -466 474 -473 -475 479 480 -481 -478 -477 -476 -114 494 -113 -112 495 496 497 498 499
Segment 8 eval: start=PORT-584 end=PORT-584 stations=13 (optimize)
  Segment 8 order: -488 -487 486 484 -460 -459 -458 -457 -456 461 485 -504 -503
Segment 9 eval: start=PORT-584 end=PORT-588 stations=18 (optimize)
  Segment 9 order: -501 467 468 469 470 -471 472 -122 -121 120 -119 -118 -117 -116 -115 -275 -111 -274
Segment 10 eval: start=PORT-588 end=PORT-588 stations=40 (optimize)
  Segment 10 order: 106 107 110 -270 -269 -268 264 265 267 266 123 124 125 -126 127 128 -258 259 -263 -262 -261 260 254 -251 -250 -244 -243 245 -247 246 -248 -249 -252 -271 -108 101 102 103 -104 105
Segment 11 eval: start=PORT-588 end=PORT-583 stations=45 (optimize)
  Segment 11 order: 109 -273 -272 253 255 256 257 129 130 131 -204 -203 -202 -199 -198 -200 201 205 206 207 208 209 210 211 -212 197 -196 -195 -194 -193 -192 -218 -217 220 -216 -213 214 215 -237 238 239 240 242 241 132
Segment 12 eval: start=PORT-583 end=PORT-583 stations=54 (optimize)
  Segment 12 order: 133 134 -229 -228 -178 -177 -176 -175 -174 -173 -172 -171 -170 -169 -168 -167 -166 -165 -164 -163 -162 -161 -160 159 -158 -157 -156 -155 -154 -153 -152 -151 -138 -141 -140 -139 -150 -149 -148 -147 -146 -145 -144 -142 -9 -8 -7 2 137 -136 135 179 180 181
Segment 13 eval: start=PORT-583 end=BOAT-END stations=29 (optimize)
  Segment 13 order: 230 232 233 234 -235 231 -227 -226 -182 -183 184 185 186 187 188 189 190 191 219 223 224 225 -222 -221 -236 97 98 99 100
PROGRESS pass=4 changed=1 total=4809.826 best=4809.826 nseg=13 stall=0 mut=1/4 mut=STAT-246 src=13 dst=10 delta=-3.912
Capacity boundary sweep pass 5
Cap boundary debug: PORT-584 -> [501 467 468 469 470 471 472 122 121 120 119 118 117 116 115 275 111 274] -> PORT-588 -> [106 107 110 270 269 268 264 265 267 266 123 124 125 126 127 128 258 259 263 262 261 260 254 251 250 244 243 245 247 248 249 252 271 108 101 102 103 104 105 246] -> PORT-588 | load_left=42427 load_right=43183 cap=45000
Set parameter Username
Set parameter LicenseID to value 2738882
Academic license - for non-commercial use only - expires 2026-11-14
Set parameter TimeLimit to value 420
Set parameter Seed to value 1735494649
Set parameter Threads to value 4
Set parameter OutputFlag to value 1
Set parameter LogToConsole to value 1
Set parameter LazyConstraints to value 1
Gurobi Optimizer version 13.0.0 build v13.0.0rc1 (linux64 - "Debian GNU/Linux 13 (trixie)")

CPU model: AMD Ryzen 9 5950X 16-Core Processor, instruction set [SSE2|AVX|AVX2]
Thread count: 16 physical cores, 32 logical processors, using up to 4 threads

Non-default parameters:
TimeLimit  420
Seed  1735494649
Threads  4
LazyConstraints  1

Optimize a model with 15586 rows, 43200 columns and 86388 nonzeros (Min)
Model fingerprint: 0x5f601d13
Model has 14156 linear objective coefficients
Variable types: 28800 continuous, 14400 integer (14400 binary)
Coefficient statistics:
  Matrix range     [1e+00, 4e+04]
  Objective range  [3e-01, 2e+02]
  Bounds range     [1e+00, 4e+04]
  RHS range        [1e+00, 1e+04]
Presolve removed 1310 rows and 15176 columns
Presolve time: 0.13s
Presolved: 14276 rows, 28024 columns, 83903 nonzeros
Variable types: 13804 continuous, 14220 integer (14220 binary)

Root relaxation: objective 5.080730e+02, 32894 iterations, 3.30 seconds (9.69 work units)

    Nodes    |    Current Node    |     Objective Bounds      |     Work
 Expl Unexpl |  Obj  Depth IntInf | Incumbent    BestBd   Gap | It/Node Time

     0     0  508.07296    0  227          -  508.07296      -     -    3s
H    0     0                     544.0268427  508.07296  6.61%     -    3s
H    0     0                     537.0801214  508.07296  5.40%     -    3s
H    0     0                     534.1569721  508.07296  4.88%     -    3s
     0     0  508.07296    0  228  534.15697  508.07296  4.88%     -    4s
     0     0  511.88718    0  231  534.15697  511.88718  4.17%     -    4s
     0     0  511.88718    0  226  534.15697  511.88718  4.17%     -    5s
H    0     0                     532.4581890  511.88718  3.86%     -    5s
     0     0  511.88718    0  267  532.45819  511.88718  3.86%     -    5s
     0     0  511.90849    0  243  532.45819  511.90849  3.86%     -    5s
     0     0  511.90930    0  247  532.45819  511.90930  3.86%     -    5s
     0     0  511.90930    0  248  532.45819  511.90930  3.86%     -    5s
     0     0  512.19079    0  267  532.45819  512.19079  3.81%     -    5s
     0     0  512.20126    0  270  532.45819  512.20126  3.80%     -    5s
     0     0  512.20489    0  274  532.45819  512.20489  3.80%     -    5s
     0     0  512.20775    0  277  532.45819  512.20775  3.80%     -    5s
     0     0  512.20775    0  277  532.45819  512.20775  3.80%     -    5s
     0     0  512.65644    0  258  532.45819  512.65644  3.72%     -    6s
     0     0  512.66371    0  264  532.45819  512.66371  3.72%     -    6s
     0     0  512.66371    0  263  532.45819  512.66371  3.72%     -    6s
     0     0  512.77299    0  290  532.45819  512.77299  3.70%     -    6s
     0     0  512.89943    0  284  532.45819  512.89943  3.67%     -    6s
     0     0  512.93343    0  290  532.45819  512.93343  3.67%     -    6s
     0     0  513.03024    0  281  532.45819  513.03024  3.65%     -    6s
     0     0  513.04071    0  281  532.45819  513.04071  3.65%     -    6s
     0     0  513.04164    0  281  532.45819  513.04164  3.65%     -    6s
     0     0  513.05013    0  274  532.45819  513.05013  3.64%     -    6s
H    0     0                     530.6288877  513.05951  3.31%     -    6s
     0     0  513.05951    0  280  530.62889  513.05951  3.31%     -    6s
     0     0  513.05951    0  282  530.62889  513.05951  3.31%     -    6s
     0     0  513.09960    0  281  530.62889  513.09960  3.30%     -    7s
     0     0  513.09960    0  223  530.62889  513.09960  3.30%     -    7s
H    0     0                     530.5063732  513.09960  3.28%     -    7s
H    0     0                     526.9564921  513.09960  2.63%     -    7s
     0     0  513.09960    0  266  526.95649  513.09960  2.63%     -    7s
     0     0  513.09960    0  280  526.95649  513.09960  2.63%     -    7s
     0     0  513.09960    0  288  526.95649  513.09960  2.63%     -    7s
     0     0  513.10107    0  280  526.95649  513.10107  2.63%     -    7s
     0     0  513.10108    0  280  526.95649  513.10108  2.63%     -    7s
     0     0  513.10321    0  276  526.95649  513.10321  2.63%     -    7s
     0     0  513.10321    0  222  526.95649  513.10321  2.63%     -    8s
H    0     0                     525.0322964  513.10321  2.27%     -    8s
     0     0  513.10321    0  273  525.03230  513.10321  2.27%     -    8s
     0     0  513.10321    0  267  525.03230  513.10321  2.27%     -    8s
     0     0  513.10321    0  266  525.03230  513.10321  2.27%     -    8s
     0     0  513.10321    0  278  525.03230  513.10321  2.27%     -    8s
     0     0  513.12552    0  279  525.03230  513.12552  2.27%     -    8s
     0     0  513.19930    0  274  525.03230  513.19930  2.25%     -    8s
     0     0  513.19930    0  274  525.03230  513.19930  2.25%     -    8s
     0     0  514.44813    0  279  525.03230  514.44813  2.02%     -    8s
     0     0  514.47728    0  285  525.03230  514.47728  2.01%     -    8s
     0     0  514.47728    0  286  525.03230  514.47728  2.01%     -    8s
     0     0  514.79432    0  266  525.03230  514.79432  1.95%     -    8s
H    0     0                     524.4008728  514.79773  1.83%     -    8s
     0     0  514.90950    0  251  524.40087  514.90950  1.81%     -    8s
     0     0  514.91090    0  251  524.40087  514.91090  1.81%     -    8s
     0     0  515.00275    0  256  524.40087  515.00275  1.79%     -    8s
     0     0  515.00275    0  210  524.40087  515.00275  1.79%     -    8s
     0     0  515.00275    0  268  524.40087  515.00275  1.79%     -    9s
     0     0  515.00275    0  265  524.40087  515.00275  1.79%     -    9s
     0     0  515.00275    0  240  524.40087  515.00275  1.79%     -    9s
     0     0  515.00377    0  220  524.40087  515.00377  1.79%     -    9s
     0     0  515.00456    0  211  524.40087  515.00456  1.79%     -    9s
     0     0  515.03782    0  254  524.40087  515.03782  1.79%     -    9s
     0     0  515.03914    0  255  524.40087  515.03914  1.79%     -    9s
     0     0  515.05439    0  246  524.40087  515.05439  1.78%     -    9s
     0     0  515.05501    0  247  524.40087  515.05501  1.78%     -    9s
     0     0  515.06909    0  257  524.40087  515.06909  1.78%     -    9s
     0     0  515.07057    0  257  524.40087  515.07057  1.78%     -    9s
     0     0  515.07057    0  257  524.40087  515.07057  1.78%     -    9s
     0     0  515.07057    0  241  524.40087  515.07057  1.78%     -    9s
H    0     0                     524.3546946  515.07443  1.77%     -    9s
     0     2  515.07443    0  240  524.35469  515.07443  1.77%     -    9s
   120    74  519.14013   12  222  524.35469  516.37661  1.52%   176   10s

Cutting planes:
  Learned: 1
  Gomory: 8
  Implied bound: 112
  Clique: 2
  MIR: 42
  Flow cover: 58
  Inf proof: 2
  Zero half: 14
  Network: 1
  RLT: 8
  Relax-and-lift: 85
  BQP: 2

Explored 604 nodes (168139 simplex iterations) in 11.14 seconds (24.05 work units)
Thread count was 4 (of 32 available processors)

Solution count 10: 524.355 524.401 525.032 ... 544.027

Optimal solution found (tolerance 1.00e-04)
Best objective 5.243546946437e+02, best bound 5.243546946437e+02, gap 0.0000%

User-callback calls 3541, time in user-callback 0.00 sec
Cap boundary reject: PORT-588 real=659.471 baseline=524.355
Cap boundary debug: PORT-588 -> [106 107 110 270 269 268 264 265 267 266 123 124 125 126 127 128 258 259 263 262 261 260 254 251 250 244 243 245 247 248 249 252 271 108 101 102 103 104 105 246] -> PORT-588 -> [109 273 272 253 255 256 257 129 130 131 204 203 202 199 198 200 201 205 206 207 208 209 210 211 212 197 196 195 194 193 192 218 217 216 213 214 215 237 238 239 240 242 241 132 220] -> PORT-583 | load_left=43183 load_right=44924 cap=45000
Set parameter Username
Set parameter LicenseID to value 2738882
Academic license - for non-commercial use only - expires 2026-11-14
Set parameter TimeLimit to value 420
Set parameter Seed to value 1891200137
Set parameter Threads to value 4
Set parameter OutputFlag to value 1
Set parameter LogToConsole to value 1
Set parameter LazyConstraints to value 1
Gurobi Optimizer version 13.0.0 build v13.0.0rc1 (linux64 - "Debian GNU/Linux 13 (trixie)")

CPU model: AMD Ryzen 9 5950X 16-Core Processor, instruction set [SSE2|AVX|AVX2]
Thread count: 16 physical cores, 32 logical processors, using up to 4 threads

Non-default parameters:
TimeLimit  420
Seed  1891200137
Threads  4
LazyConstraints  1

Optimize a model with 32002 rows, 90828 columns and 181644 nonzeros (Min)
Model fingerprint: 0x1f316025
Model has 29924 linear objective coefficients
Variable types: 60552 continuous, 30276 integer (30276 binary)
Coefficient statistics:
  Matrix range     [1e+00, 4e+04]
  Objective range  [3e-01, 1e+02]
  Bounds range     [1e+00, 4e+04]
  RHS range        [1e+00, 9e+03]
Presolve removed 1904 rows and 31403 columns
Presolve time: 0.28s
Presolved: 30098 rows, 59425 columns, 177890 nonzeros
Variable types: 29410 continuous, 30015 integer (30015 binary)
Root relaxation presolved: 30098 rows, 59425 columns, 177890 nonzeros

Deterministic concurrent LP optimizer: primal and dual simplex
Showing primal log only...

Concurrent spin time: 0.00s

Solved with primal simplex

Root relaxation: objective 5.175709e+02, 78489 iterations, 3.82 seconds (8.94 work units)

    Nodes    |    Current Node    |     Objective Bounds      |     Work
 Expl Unexpl |  Obj  Depth IntInf | Incumbent    BestBd   Gap | It/Node Time

     0     0  517.57087    0  340          -  517.57087      -     -    6s
H    0     0                     744.6121152  517.57087  30.5%     -    6s
H    0     0                     709.2995208  517.57087  27.0%     -    6s
H    0     0                     671.5644988  517.57087  22.9%     -    9s
H    0     0                     657.7885112  517.57087  21.3%     -    9s
H    0     0                     647.5397144  517.57087  20.1%     -   12s
H    0     0                     644.3688689  517.57087  19.7%     -   12s
     0     0  517.57087    0  333  644.36887  517.57087  19.7%     -   15s
     0     0  520.94372    0  343  644.36887  520.94372  19.2%     -   26s
H    0     0                     628.4368655  520.94372  17.1%     -   26s
H    0     0                     622.4129000  520.94372  16.3%     -   27s
H    0     0                     620.2679798  520.94372  16.0%     -   29s
H    0     0                     593.6422829  520.94372  12.2%     -   29s
H    0     0                     591.5718500  520.94372  11.9%     -   29s
H    0     0                     590.9536112  520.94372  11.8%     -   29s
H    0     0                     589.4562253  520.94372  11.6%     -   29s
     0     0  520.94372    0  343  589.45623  520.94372  11.6%     -   33s
H    0     0                     586.8208652  520.94372  11.2%     -   34s
H    0     0                     584.9388934  520.94372  10.9%     -   37s
H    0     0                     577.1239247  520.94372  9.73%     -   38s
H    0     0                     566.9665575  520.94372  8.12%     -   39s
H    0     0                     564.8442783  520.94372  7.77%     -   40s
     0     0  520.94458    0  346  564.84428  520.94458  7.77%     -   49s
     0     0  522.72230    0  368  564.84428  522.72230  7.46%     -   53s
     0     0  522.72230    0  323  564.84428  522.72230  7.46%     -   56s
     0     0  522.72230    0  361  564.84428  522.72230  7.46%     -   60s
     0     0  522.72230    0  359  564.84428  522.72230  7.46%     -   69s
     0     0  522.72665    0  368  564.84428  522.72665  7.46%     -   69s
     0     0  522.72730    0  368  564.84428  522.72730  7.46%     -   69s
     0     0  523.46233    0  383  564.84428  523.46233  7.33%     -   73s
     0     0  523.46717    0  379  564.84428  523.46717  7.33%     -   73s
     0     0  523.46723    0  380  564.84428  523.46723  7.33%     -   73s
     0     0  526.75887    0  378  564.84428  526.75887  6.74%     -   78s
     0     0  527.05700    0  401  564.84428  527.05700  6.69%     -   79s
     0     0  527.05810    0  393  564.84428  527.05810  6.69%     -   79s
     0     0  528.10803    0  395  564.84428  528.10803  6.50%     -   83s
     0     0  528.11355    0  391  564.84428  528.11355  6.50%     -   84s
     0     0  528.11729    0  389  564.84428  528.11729  6.50%     -   84s
     0     0  528.11730    0  392  564.84428  528.11730  6.50%     -   84s
     0     0  528.35260    0  392  564.84428  528.35260  6.46%     -   86s
     0     0  528.35770    0  385  564.84428  528.35770  6.46%     -   87s
     0     0  528.36210    0  379  564.84428  528.36210  6.46%     -   87s
     0     0  528.37318    0  371  564.84428  528.37318  6.46%     -   87s
     0     0  528.37338    0  371  564.84428  528.37338  6.46%     -   87s
     0     0  528.44036    0  404  564.84428  528.44036  6.44%     -   89s
     0     0  528.44502    0  409  564.84428  528.44502  6.44%     -   90s
     0     0  528.44502    0  410  564.84428  528.44502  6.44%     -   90s
     0     0  528.74106    0  399  564.84428  528.74106  6.39%     -   92s
     0     0  528.74361    0  400  564.84428  528.74361  6.39%     -   93s
     0     0  528.74446    0  388  564.84428  528.74446  6.39%     -   93s
     0     0  528.78454    0  404  564.84428  528.78454  6.38%     -   94s
     0     0  528.78720    0  412  564.84428  528.78720  6.38%     -   95s
     0     0  528.78776    0  412  564.84428  528.78776  6.38%     -   95s
     0     0  528.80319    0  409  564.84428  528.80319  6.38%     -   96s
     0     0  528.80379    0  424  564.84428  528.80379  6.38%     -   97s
     0     0  528.94571    0  407  564.84428  528.94571  6.36%     -   99s
     0     0  529.21528    0  399  564.84428  529.21528  6.31%     -   99s
     0     0  529.21528    0  411  564.84428  529.21528  6.31%     -  100s
     0     0  529.21528    0  407  564.84428  529.21528  6.31%     -  102s
     0     0  529.21528    0  411  564.84428  529.21528  6.31%     -  103s
     0     0  529.21528    0  402  564.84428  529.21528  6.31%     -  104s
     0     0  529.21528    0  406  564.84428  529.21528  6.31%     -  107s
     0     0  529.21528    0  420  564.84428  529.21528  6.31%     -  108s
     0     0  529.21528    0  408  564.84428  529.21528  6.31%     -  109s
     0     0  529.21528    0  408  564.84428  529.21528  6.31%     -  109s
     0     0  529.21528    0  403  564.84428  529.21528  6.31%     -  109s
     0     0  529.21528    0  326  564.84428  529.21528  6.31%     -  119s
     0     0  529.21528    0  377  564.84428  529.21528  6.31%     -  124s
     0     0  529.21528    0  358  564.84428  529.21528  6.31%     -  132s
     0     0  529.21528    0  390  564.84428  529.21528  6.31%     -  134s
     0     0  529.21528    0  396  564.84428  529.21528  6.31%     -  134s
     0     0  529.21528    0  398  564.84428  529.21528  6.31%     -  135s
     0     0  529.21528    0  412  564.84428  529.21528  6.31%     -  136s
     0     0  529.21528    0  417  564.84428  529.21528  6.31%     -  136s
     0     0  529.21528    0  408  564.84428  529.21528  6.31%     -  136s
     0     0  529.21528    0  417  564.84428  529.21528  6.31%     -  138s
     0     0  529.21528    0  419  564.84428  529.21528  6.31%     -  138s
     0     0  529.53636    0  409  564.84428  529.53636  6.25%     -  142s
     0     0  529.53911    0  427  564.84428  529.53911  6.25%     -  144s
     0     0  529.54481    0  406  564.84428  529.54481  6.25%     -  146s
     0     0  529.55015    0  407  564.84428  529.55015  6.25%     -  147s
     0     0  529.55015    0  409  564.84428  529.55015  6.25%     -  148s
     0     0  529.55509    0  415  564.84428  529.55509  6.25%     -  148s
     0     0  529.55696    0  415  564.84428  529.55696  6.25%     -  148s
     0     0  529.55696    0  401  564.84428  529.55696  6.25%     -  149s
     0     2  532.14173    0  401  564.84428  532.14173  5.79%     -  158s
     3     8  532.14173    2  395  564.84428  532.14173  5.79%  3020  160s
     7     9  532.14173    3  394  564.84428  532.14173  5.79%  3478  170s
H    8    10                     564.8442774  532.14173  5.79%  3043  175s
     9    11  532.14173    5  394  564.84428  532.14173  5.79%  4485  180s
    14    20  532.14173    7  367  564.84428  532.14173  5.79%  8417  188s
H   18    20                     564.8442748  532.14173  5.79% 10980  188s
    19    23  533.43420    8  351  564.84427  532.14173  5.79% 13757  194s
    22    31  532.14173    9  377  564.84427  532.14173  5.79% 12880  197s
    30    40  532.14173   11  388  564.84427  532.14173  5.79% 11113  203s
    39    48  532.99994   11  385  564.84427  532.14173  5.79% 12900  207s
    47    52  533.61940   12  338  564.84427  532.14173  5.79% 11731  211s
    55    61  532.93211   14  310  564.84427  532.14173  5.79% 10657  217s
    66    71  533.71785   15  302  564.84427  532.14173  5.79%  9474  224s
    70    78  533.12331   15  315  564.84427  532.14173  5.79%  9399  228s
    77    85  533.58974   16  395  564.84427  532.14173  5.79%  8963  232s
    84    99  533.64632   16  371  564.84427  532.14173  5.79%  8594  235s
   110   121  534.53711   22  372  564.84427  532.14173  5.79%  7151  240s
   128   141  535.26019   24  367  564.84427  532.14173  5.79%  6681  246s
   140   156  535.70819   28  307  564.84427  532.14173  5.79%  6356  250s
   180   197  537.10121   38  317  564.84427  532.14173  5.79%  5492  255s
   220   222  544.13884   43  296  564.84427  532.14173  5.79%  4841  262s
   227   245  548.60673   44  287  564.84427  532.14173  5.79%  4818  265s
   282   316  545.70482   66  288  564.84427  532.14173  5.79%  4069  272s
   328   352  546.35933   78  291  564.84427  532.14173  5.79%  3633  275s
   416   442  548.59803  108  295  564.84427  532.14173  5.79%  3058  281s
   465   475  550.19486  123  266  564.84427  532.14173  5.79%  2822  286s
   552   524  553.73003  167  263  564.84427  532.14173  5.79%  2535  292s
   579   551  532.14173    4  392  564.84427  532.14173  5.79%  2505  296s
   624   600  533.49771   11  326  564.84427  532.14173  5.79%  2443  303s
   655   617  537.72315   17  247  564.84427  532.14173  5.79%  2384  306s
   718   730  542.74057   31  218  564.84427  532.14173  5.79%  2314  313s
   785   795  544.46890   35  275  564.84427  532.14173  5.79%  2207  320s
   981  1019  556.04754   65   79  564.84427  532.14173  5.79%  1854  328s
  1111  1020  554.20943   41  368  564.84427  532.14173  5.79%  1691  344s
  1113  1021  547.75061   41  320  564.84427  532.14173  5.79%  1688  349s
H 1113   969                     564.8442722  532.14173  5.79%  1688  355s
  1116   971  537.88540   16  389  564.84427  532.14173  5.79%  1684  362s
  1119   973  548.76772   97  406  564.84427  532.14173  5.79%  1679  365s
  1124   977  532.14173   11  404  564.84427  532.14173  5.79%  1672  370s
  1130   981  536.11465   27  396  564.84427  532.18949  5.78%  1663  375s
  1136   985  550.36119  126  393  564.84427  532.49100  5.73%  1654  380s
  1144   990  541.82519   95  389  564.84427  532.73976  5.68%  1643  386s
  1150   994  547.19139  153  426  564.84427  533.36300  5.57%  1634  390s
  1159  1000  542.80123   31  393  564.84427  533.48255  5.55%  1621  396s
  1165  1004  549.72277  120  365  564.84427  533.90434  5.48%  1613  401s
  1172  1009  547.99114   98  381  564.84427  533.92985  5.47%  1603  405s
  1186  1018  555.44944   54  388  564.84427  534.08318  5.45%  1584  411s
  1190  1021  543.74696   56  417  564.84427  534.12817  5.44%  1579  416s

Cutting planes:
  Gomory: 3
  Cover: 18
  Implied bound: 123
  Projected implied bound: 5
  MIR: 81
  Flow cover: 104
  Zero half: 38
  Mod-K: 1
  Network: 1
  RLT: 7
  Relax-and-lift: 80
  BQP: 1

Explored 1195 nodes (2603091 simplex iterations) in 420.01 seconds (1230.25 work units)
Thread count was 4 (of 32 available processors)

Solution count 10: 564.844 566.967 577.124 ... 620.268

Time limit reached
Best objective 5.648442722114e+02, best bound 5.343213384402e+02, gap 5.4038%

User-callback calls 72225, time in user-callback 0.01 sec
Cap boundary opt: PORT-588 stations=85 obj=564.844 real=564.844 baseline=564.953
Set parameter Username
Set parameter LicenseID to value 2738882
Academic license - for non-commercial use only - expires 2026-11-14
Segment 1 eval: start=BOAT-0 end=PORT-581 stations=87 (optimize)
  Segment 1 order: 1 3 4 -25 -5 -6 10 11 143 15 16 17 -18 -13 14 12 -24 -23 -22 -21 19 20 -41 42 43 44 45 46 -396 -47 -40 39 48 49 50 -38 -37 51 -52 59 -57 56 55 -54 -53 66 67 69 -36 -35 -34 -33 -32 -31 -30 -29 -28 -27 -26 93 -92 94 -96 -95 90 91 -89 88 -87 86 -85 -84 -83 -82 -81 -80 79 -78 -77 -70 -76 75 72 73 -74 -71 -68
Segment 2 eval: start=PORT-581 end=PORT-591 stations=58 (optimize)
  Segment 2 order: 65 -63 64 -58 60 61 62 391 392 393 394 395 397 398 399 -400 -401 389 390 388 -387 -386 -385 -402 403 405 406 -407 -404 409 408 -410 411 412 -413 -415 416 -417 425 381 426 -368 -367 -366 -365 364 362 -361 -360 -359 -358 -357 -356 -355 354 -353 348 -363
Segment 3 eval: start=PORT-591 end=PORT-591 stations=111 (optimize)
  Segment 3 order: -346 276 277 278 279 280 281 -556 282 283 -284 555 558 559 -560 561 -562 -554 553 550 551 552 285 286 287 288 289 290 291 292 293 294 -295 296 297 306 -305 -298 299 300 301 302 304 -303 307 308 309 -310 311 312 -313 314 315 316 317 318 319 320 340 341 342 343 344 345 334 335 336 337 338 339 321 322 323 324 325 -327 328 330 -331 -329 -326 349 350 351 352 -373 372 -374 375 376 377 379 380 414 382 384 -383 419 420 421 -423 -422 424 -418 -378 -371 -370 369 332 -333 347
Segment 4 eval: start=PORT-591 end=PORT-593 stations=43 (optimize)
  Segment 4 order: 557 563 564 565 566 567 568 -542 543 540 541 549 548 -547 -546 -545 -544 -539 -538 -537 536 -535 -534 -572 569 570 571 573 574 576 533 -532 -531 -530 -529 -528 -527 577 575 578 -525 526 -524
Segment 5 eval: start=PORT-593 end=PORT-593 stations=19 (optimize)
  Segment 5 order: 430 -434 -433 -432 -431 -429 -428 427 517 518 519 520 521 -580 -579 -523 -522 -516 -515
Segment 6 eval: start=PORT-593 end=PORT-584 stations=34 (optimize)
  Segment 6 order: -512 513 -514 -511 -510 -509 -508 -507 -506 -505 -444 -443 -442 -441 440 -439 437 -436 435 438 445 446 447 448 449 450 451 452 453 -455 -454 462 -489 -502
Segment 7 eval: start=PORT-584 end=PORT-584 stations=29 (optimize)
  Segment 7 order: 500 490 491 492 -493 482 483 463 464 465 -466 474 -473 -475 479 480 -481 -478 -477 -476 -114 494 -113 -112 495 496 497 498 499
Segment 8 eval: start=PORT-584 end=PORT-584 stations=13 (optimize)
  Segment 8 order: -488 -487 486 484 -460 -459 -458 -457 -456 461 485 -504 -503
Segment 9 eval: start=PORT-584 end=PORT-588 stations=18 (optimize)
  Segment 9 order: -501 467 468 469 470 -471 472 -122 -121 120 -119 -118 -117 -116 -115 -275 -111 -274
Segment 10 eval: start=PORT-588 end=PORT-588 stations=53 (optimize)
  Segment 10 order: 106 107 109 -273 -260 261 262 263 -259 -257 -256 205 206 207 208 209 -201 200 -198 -197 -196 -195 -194 -193 -192 -218 -217 220 -216 239 -241 242 243 244 245 -246 247 248 249 250 251 -255 -254 -252 -253 272 271 -108 101 102 103 -104 105
Segment 11 eval: start=PORT-588 end=PORT-583 stations=32 (optimize)
  Segment 11 order: 110 -270 -269 -268 264 265 267 266 123 124 125 -126 127 128 -258 129 130 131 -204 -203 -202 199 210 211 212 213 214 215 -237 238 -240 132
Segment 12 eval: start=PORT-583 end=PORT-583 stations=54 (optimize)
  Segment 12 order: 133 134 -229 -228 -178 -177 -176 -175 -174 -173 -172 -171 -170 -169 -168 -167 -166 -165 -164 -163 -162 -161 -160 159 -158 -157 -156 -155 -154 -153 -152 -151 -138 -141 -140 -139 -150 -149 -148 -147 -146 -145 -144 -142 -9 -8 -7 2 137 -136 135 179 180 181
Segment 13 eval: start=PORT-583 end=BOAT-END stations=29 (optimize)
  Segment 13 order: 230 232 233 234 -235 231 -227 -226 -182 -183 184 185 186 187 188 189 190 191 219 223 224 225 -222 -221 -236 97 98 99 100
Cap boundary debug: PORT-588 -> [110 270 269 268 264 265 267 266 123 124 125 126 127 128 258 129 130 131 204 203 202 199 210 211 212 213 214 215 237 238 240 132] -> PORT-583 -> [181 180 179 135 136 137 2 7 8 9 142 144 145 146 147 148 149 150 139 140 141 138 151 152 153 154 155 156 157 158 159 160 161 162 163 164 165 166 167 168 169 170 171 172 173 174 175 176 177 178 228 229 134 133] -> PORT-583 | load_left=43993 load_right=43558 cap=45000
Set parameter Username
Set parameter LicenseID to value 2738882
Academic license - for non-commercial use only - expires 2026-11-14
Set parameter TimeLimit to value 420
Set parameter Seed to value 1219530383
Set parameter Threads to value 4
Set parameter OutputFlag to value 1
Set parameter LogToConsole to value 1
Set parameter LazyConstraints to value 1
Gurobi Optimizer version 13.0.0 build v13.0.0rc1 (linux64 - "Debian GNU/Linux 13 (trixie)")

CPU model: AMD Ryzen 9 5950X 16-Core Processor, instruction set [SSE2|AVX|AVX2]
Thread count: 16 physical cores, 32 logical processors, using up to 4 threads

Non-default parameters:
TimeLimit  420
Seed  1219530383
Threads  4
LazyConstraints  1

Optimize a model with 32722 rows, 92928 columns and 185844 nonzeros (Min)
Model fingerprint: 0x32a1e36e
Model has 30624 linear objective coefficients
Variable types: 61952 continuous, 30976 integer (30976 binary)
Coefficient statistics:
  Matrix range     [1e+00, 4e+04]
  Objective range  [5e-05, 2e+02]
  Bounds range     [1e+00, 4e+04]
  RHS range        [1e+00, 9e+03]
Presolve removed 1926 rows and 32116 columns
Presolve time: 0.29s
Presolved: 30796 rows, 60812 columns, 182043 nonzeros
Variable types: 30100 continuous, 30712 integer (30712 binary)
Root relaxation presolved: 30796 rows, 60812 columns, 182043 nonzeros

Deterministic concurrent LP optimizer: primal and dual simplex
Showing primal log only...

Concurrent spin time: 0.00s

Solved with primal simplex

Root relaxation: objective 5.117175e+02, 57104 iterations, 2.35 seconds (5.01 work units)

    Nodes    |    Current Node    |     Objective Bounds      |     Work
 Expl Unexpl |  Obj  Depth IntInf | Incumbent    BestBd   Gap | It/Node Time

     0     0  511.71754    0  273          -  511.71754      -     -    3s
H    0     0                     557.2123628  511.71754  8.16%     -    3s
H    0     0                     555.0927312  511.71754  7.81%     -    3s
H    0     0                     542.9181078  511.71754  5.75%     -    4s
H    0     0                     542.3796431  511.71754  5.65%     -    4s
H    0     0                     539.2428570  511.71754  5.10%     -    4s
H    0     0                     538.9501161  511.71754  5.05%     -    4s
H    0     0                     535.3298918  511.71754  4.41%     -    4s
H    0     0                     535.0700466  511.71754  4.36%     -    4s
H    0     0                     532.5047857  511.71754  3.90%     -    4s
H    0     0                     532.3414621  511.71754  3.87%     -    4s
     0     0  511.71754    0  272  532.34146  511.71754  3.87%     -    4s
     0     0  517.28022    0  307  532.34146  517.28022  2.83%     -    6s
     0     0  517.28022    0  271  532.34146  517.28022  2.83%     -    6s
     0     0  517.90366    0  318  532.34146  517.90366  2.71%     -    7s
     0     0  517.90464    0  318  532.34146  517.90464  2.71%     -    7s
     0     0  518.48907    0  309  532.34146  518.48907  2.60%     -    7s
     0     0  518.50622    0  316  532.34146  518.50622  2.60%     -    7s
     0     0  518.50652    0  316  532.34146  518.50652  2.60%     -    7s
     0     0  519.02735    0  334  532.34146  519.02735  2.50%     -    8s
     0     0  519.06455    0  335  532.34146  519.06455  2.49%     -    8s
     0     0  519.06455    0  339  532.34146  519.06455  2.49%     -    8s
     0     0  519.06455    0  339  532.34146  519.06455  2.49%     -    8s
     0     0  519.13025    0  327  532.34146  519.13025  2.48%     -    8s
     0     0  519.13025    0  324  532.34146  519.13025  2.48%     -    8s
     0     0  519.13269    0  325  532.34146  519.13269  2.48%     -    8s
     0     0  519.13356    0  328  532.34146  519.13356  2.48%     -    9s
     0     0  519.13632    0  318  532.34146  519.13632  2.48%     -    9s
H    0     0                     530.2315214  519.13632  2.09%     -    9s
     0     0  519.13659    0  316  530.23152  519.13659  2.09%     -    9s
     0     0  519.14160    0  310  530.23152  519.14160  2.09%     -    9s
     0     0  519.14160    0  266  530.23152  519.14160  2.09%     -   10s
     0     0  519.14160    0  328  530.23152  519.14160  2.09%     -   10s
H    0     0                     528.7901890  519.14160  1.82%     -   10s
     0     0  519.14160    0  311  528.79019  519.14160  1.82%     -   10s
     0     0  519.14160    0  303  528.79019  519.14160  1.82%     -   10s
     0     0  519.14160    0  335  528.79019  519.14160  1.82%     -   10s
     0     0  519.14218    0  332  528.79019  519.14218  1.82%     -   10s
     0     0  519.14240    0  332  528.79019  519.14240  1.82%     -   10s
     0     0  519.18665    0  328  528.79019  519.18665  1.82%     -   10s
     0     0  519.19004    0  331  528.79019  519.19004  1.82%     -   11s
     0     0  519.19004    0  331  528.79019  519.19004  1.82%     -   11s
     0     0  519.19159    0  338  528.79019  519.19159  1.82%     -   11s
     0     0  519.19174    0  337  528.79019  519.19174  1.82%     -   11s
     0     0  519.19281    0  338  528.79019  519.19281  1.81%     -   11s
     0     0  519.19281    0  338  528.79019  519.19281  1.81%     -   11s
     0     0  519.19281    0  330  528.79019  519.19281  1.81%     -   11s
     0     0  519.19281    0  278  528.79019  519.19281  1.81%     -   12s
     0     0  519.19281    0  315  528.79019  519.19281  1.81%     -   12s
     0     0  519.19281    0  297  528.79019  519.19281  1.81%     -   12s
     0     0  519.19281    0  325  528.79019  519.19281  1.81%     -   12s
     0     0  519.19281    0  324  528.79019  519.19281  1.81%     -   12s
     0     0  519.19281    0  326  528.79019  519.19281  1.81%     -   12s
     0     0  519.19291    0  322  528.79019  519.19291  1.81%     -   12s
     0     0  519.19359    0  325  528.79019  519.19359  1.81%     -   12s
     0     0  519.20005    0  321  528.79019  519.20005  1.81%     -   12s
     0     0  519.20006    0  322  528.79019  519.20006  1.81%     -   12s
     0     0  519.20275    0  330  528.79019  519.20275  1.81%     -   13s
     0     0  519.20278    0  321  528.79019  519.20278  1.81%     -   13s
     0     0  519.20291    0  325  528.79019  519.20291  1.81%     -   13s
     0     0  519.20291    0  325  528.79019  519.20291  1.81%     -   13s
     0     0  519.20291    0  325  528.79019  519.20291  1.81%     -   13s
     0     0  519.20291    0  305  528.79019  519.20291  1.81%     -   13s
     0     2  519.20294    0  304  528.79019  519.20294  1.81%     -   13s
    36    35  521.86968    7  314  528.79019  519.23505  1.81%   960   15s
H   93    85                     526.6274710  519.23505  1.40%   693   16s
H  103    97                     526.6274691  519.23505  1.40%   642   16s
H  110    97                     526.5575100  519.23505  1.39%   614   16s
H  198   163                     526.5575079  519.25588  1.39%   413   16s
H  263   217                     525.6126187  519.27008  1.21%   351   17s
  1189   753  521.85447   10  147  525.61262  520.13297  1.04%   224   20s
H 1570   852                     525.3617082  520.27234  0.97%   212   22s
  1597   871  523.94355   38  283  525.36171  520.29610  0.96%   216   25s
  2467   895  522.78853   41  105  525.36171  521.29913  0.77%   201   30s
  6244   449     cutoff   45       525.36171  523.60384  0.33%   146   35s

Cutting planes:
  Gomory: 36
  Cover: 26
  Implied bound: 64
  Projected implied bound: 11
  MIR: 51
  Flow cover: 122
  GUB cover: 1
  Inf proof: 8
  Zero half: 7
  RLT: 5
  Relax-and-lift: 22
  BQP: 1

Explored 7592 nodes (1157415 simplex iterations) in 36.62 seconds (89.46 work units)
Thread count was 4 (of 32 available processors)

Solution count 10: 525.362 525.613 526.558 ... 535.07

Optimal solution found (tolerance 1.00e-04)
Best objective 5.253617081558e+02, best bound 5.253617081558e+02, gap 0.0000%

User-callback calls 23181, time in user-callback 0.00 sec
Cap boundary reject: PORT-583 real=525.362 baseline=525.362
Set parameter Username
Set parameter LicenseID to value 2738882
Academic license - for non-commercial use only - expires 2026-11-14
Segment 1 eval: start=BOAT-0 end=PORT-581 stations=87 (optimize)
  Segment 1 order: 1 3 4 -25 -5 -6 10 11 143 15 16 17 -18 -13 14 12 -24 -23 -22 -21 19 20 -41 42 43 44 45 46 -396 -47 -40 39 48 49 50 -38 -37 51 -52 59 -57 56 55 -54 -53 66 67 69 -36 -35 -34 -33 -32 -31 -30 -29 -28 -27 -26 93 -92 94 -96 -95 90 91 -89 88 -87 86 -85 -84 -83 -82 -81 -80 79 -78 -77 -70 -76 75 72 73 -74 -71 -68
Segment 2 eval: start=PORT-581 end=PORT-591 stations=58 (optimize)
  Segment 2 order: 65 -63 64 -58 60 61 62 391 392 393 394 395 397 398 399 -400 -401 389 390 388 -387 -386 -385 -402 403 405 406 -407 -404 409 408 -410 411 412 -413 -415 416 -417 425 381 426 -368 -367 -366 -365 364 362 -361 -360 -359 -358 -357 -356 -355 354 -353 348 -363
Segment 3 eval: start=PORT-591 end=PORT-591 stations=111 (optimize)
  Segment 3 order: -346 276 277 278 279 280 281 -556 282 283 -284 555 558 559 -560 561 -562 -554 553 550 551 552 285 286 287 288 289 290 291 292 293 294 -295 296 297 306 -305 -298 299 300 301 302 304 -303 307 308 309 -310 311 312 -313 314 315 316 317 318 319 320 340 341 342 343 344 345 334 335 336 337 338 339 321 322 323 324 325 -327 328 330 -331 -329 -326 349 350 351 352 -373 372 -374 375 376 377 379 380 414 382 384 -383 419 420 421 -423 -422 424 -418 -378 -371 -370 369 332 -333 347
Segment 4 eval: start=PORT-591 end=PORT-593 stations=43 (optimize)
  Segment 4 order: 557 563 564 565 566 567 568 -542 543 540 541 549 548 -547 -546 -545 -544 -539 -538 -537 536 -535 -534 -572 569 570 571 573 574 576 533 -532 -531 -530 -529 -528 -527 577 575 578 -525 526 -524
Segment 5 eval: start=PORT-593 end=PORT-593 stations=19 (optimize)
  Segment 5 order: 430 -434 -433 -432 -431 -429 -428 427 517 518 519 520 521 -580 -579 -523 -522 -516 -515
Segment 6 eval: start=PORT-593 end=PORT-584 stations=34 (optimize)
  Segment 6 order: -512 513 -514 -511 -510 -509 -508 -507 -506 -505 -444 -443 -442 -441 440 -439 437 -436 435 438 445 446 447 448 449 450 451 452 453 -455 -454 462 -489 -502
Segment 7 eval: start=PORT-584 end=PORT-584 stations=29 (optimize)
  Segment 7 order: 500 490 491 492 -493 482 483 463 464 465 -466 474 -473 -475 479 480 -481 -478 -477 -476 -114 494 -113 -112 495 496 497 498 499
Segment 8 eval: start=PORT-584 end=PORT-584 stations=13 (optimize)
  Segment 8 order: -488 -487 486 484 -460 -459 -458 -457 -456 461 485 -504 -503
Segment 9 eval: start=PORT-584 end=PORT-588 stations=18 (optimize)
  Segment 9 order: -501 467 468 469 470 -471 472 -122 -121 120 -119 -118 -117 -116 -115 -275 -111 -274
Segment 10 eval: start=PORT-588 end=PORT-588 stations=53 (optimize)
  Segment 10 order: 106 107 109 -273 -260 261 262 263 -259 -257 -256 205 206 207 208 209 -201 200 -198 -197 -196 -195 -194 -193 -192 -218 -217 220 -216 239 -241 242 243 244 245 -246 247 248 249 250 251 -255 -254 -252 -253 272 271 -108 101 102 103 -104 105
Segment 11 eval: start=PORT-588 end=PORT-583 stations=32 (optimize)
  Segment 11 order: 110 -270 -269 -268 264 265 267 266 123 124 125 -126 127 128 -258 129 130 131 -204 -203 -202 199 210 211 212 213 214 215 -237 238 -240 132
Segment 12 eval: start=PORT-583 end=PORT-583 stations=54 (optimize)
  Segment 12 order: 133 134 -229 -228 -178 -177 -176 -175 -174 -173 -172 -171 -170 -169 -168 -167 -166 -165 -164 -163 -162 -161 -160 159 -158 -157 -156 -155 -154 -153 -152 -151 -138 -141 -140 -139 -150 -149 -148 -147 -146 -145 -144 -142 -9 -8 -7 2 137 -136 135 179 180 181
Segment 13 eval: start=PORT-583 end=BOAT-END stations=29 (optimize)
  Segment 13 order: 230 232 233 234 -235 231 -227 -226 -182 -183 184 185 186 187 188 189 190 191 219 223 224 225 -222 -221 -236 97 98 99 100
PROGRESS pass=5 changed=1 total=4809.717 best=4809.717 nseg=13 stall=0 mut=0/2
Capacity boundary sweep pass 6
Cap boundary debug: PORT-584 -> [501 467 468 469 470 471 472 122 121 120 119 118 117 116 115 275 111 274] -> PORT-588 -> [105 104 103 102 101 108 271 272 253 252 254 255 251 250 249 248 247 246 245 244 243 242 241 239 216 220 217 218 192 193 194 195 196 197 198 200 201 209 208 207 206 205 256 257 259 263 262 261 260 273 109 107 106] -> PORT-588 | load_left=42427 load_right=44114 cap=45000
Set parameter Username
Set parameter LicenseID to value 2738882
Academic license - for non-commercial use only - expires 2026-11-14
Set parameter TimeLimit to value 420
Set parameter Seed to value 237022911
Set parameter Threads to value 4
Set parameter OutputFlag to value 1
Set parameter LogToConsole to value 1
Set parameter LazyConstraints to value 1
Gurobi Optimizer version 13.0.0 build v13.0.0rc1 (linux64 - "Debian GNU/Linux 13 (trixie)")

CPU model: AMD Ryzen 9 5950X 16-Core Processor, instruction set [SSE2|AVX|AVX2]
Thread count: 16 physical cores, 32 logical processors, using up to 4 threads

Non-default parameters:
TimeLimit  420
Seed  237022911
Threads  4
LazyConstraints  1

Optimize a model with 22762 rows, 63948 columns and 127884 nonzeros (Min)
Model fingerprint: 0xfe2d8d6d
Model has 21020 linear objective coefficients
Variable types: 42632 continuous, 21316 integer (21316 binary)
Coefficient statistics:
  Matrix range     [1e+00, 4e+04]
  Objective range  [6e-01, 2e+02]
  Bounds range     [1e+00, 4e+04]
  RHS range        [1e+00, 1e+04]
Presolve removed 1596 rows and 22261 columns
Presolve time: 0.20s
Presolved: 21166 rows, 41687 columns, 124796 nonzeros
Variable types: 20590 continuous, 21097 integer (21097 binary)
Root relaxation presolved: 21166 rows, 41687 columns, 124796 nonzeros

Deterministic concurrent LP optimizer: primal and dual simplex
Showing primal log only...

Concurrent spin time: 0.00s

Solved with primal simplex

Root relaxation: objective 5.368275e+02, 27562 iterations, 0.94 seconds (1.90 work units)

    Nodes    |    Current Node    |     Objective Bounds      |     Work
 Expl Unexpl |  Obj  Depth IntInf | Incumbent    BestBd   Gap | It/Node Time

     0     0  536.82754    0  274          -  536.82754      -     -    1s
     0     0  536.82754    0  274          -  536.82754      -     -    6s
     0     0  536.82754    0  274          -  536.82754      -     -   10s
     0     0  536.82754    0  274          -  536.82754      -     -   17s
H    0     0                    1007.9815247  536.82754  46.7%     -   20s
H    0     0                    1001.7630896  536.82754  46.4%     -   20s
H    0     0                     976.4442017  536.82754  45.0%     -   20s
H    0     0                     894.5948750  536.82754  40.0%     -   20s
H    0     0                     892.1218846  536.82754  39.8%     -   20s
H    0     0                     888.6846425  536.82754  39.6%     -   20s
H    0     0                     883.0973184  536.82754  39.2%     -   21s
H    0     0                     882.8100215  536.82754  39.2%     -   22s
H    0     0                     882.0483452  536.82754  39.1%     -   22s
H    0     0                     881.7610483  536.82754  39.1%     -   22s
H    0     0                     856.2508500  536.82754  37.3%     -   22s
H    0     0                     855.4165192  536.82754  37.2%     -   22s
     0     0  536.82754    0  270  855.41652  536.82754  37.2%     -   22s
     0     0  541.05902    0  288  855.41652  541.05902  36.7%     -   24s
H    0     0                     748.1374061  541.05902  27.7%     -   24s
H    0     0                     649.9217499  541.05902  16.8%     -   24s
H    0     0                     608.4665847  541.05902  11.1%     -   25s
H    0     0                     604.8967118  541.05902  10.6%     -   26s
H    0     0                     567.4729637  541.05902  4.65%     -   26s
H    0     0                     567.3473665  541.05902  4.63%     -   26s
H    0     0                     566.3072791  541.05902  4.46%     -   26s
H    0     0                     562.6732939  541.05902  3.84%     -   26s
H    0     0                     562.3360662  541.05902  3.78%     -   26s
     0     0  541.05940    0  288  562.33607  541.05940  3.78%     -   28s
     0     0  542.61494    0  281  562.33607  542.61494  3.51%     -   28s
     0     0  542.61494    0  269  562.33607  542.61494  3.51%     -   29s
     0     0  542.96612    0  290  562.33607  542.96612  3.44%     -   29s
     0     0  543.31063    0  306  562.33607  543.31063  3.38%     -   29s
     0     0  543.34430    0  298  562.33607  543.34430  3.38%     -   29s
     0     0  543.34430    0  298  562.33607  543.34430  3.38%     -   29s
     0     0  545.47942    0  313  562.33607  545.47942  3.00%     -   30s
     0     0  545.51105    0  320  562.33607  545.51105  2.99%     -   30s
     0     0  545.51242    0  321  562.33607  545.51242  2.99%     -   30s
     0     0  545.95624    0  321  562.33607  545.95624  2.91%     -   30s
     0     0  545.96203    0  320  562.33607  545.96203  2.91%     -   30s
     0     0  545.96203    0  316  562.33607  545.96203  2.91%     -   30s
     0     0  546.25394    0  333  562.33607  546.25394  2.86%     -   31s
     0     0  546.25394    0  272  562.33607  546.25394  2.86%     -   31s
     0     0  546.25394    0  320  562.33607  546.25394  2.86%     -   31s
     0     0  546.25394    0  318  562.33607  546.25394  2.86%     -   31s
     0     0  546.26344    0  321  562.33607  546.26344  2.86%     -   31s
     0     0  546.27087    0  325  562.33607  546.27087  2.86%     -   31s
     0     0  546.27096    0  327  562.33607  546.27096  2.86%     -   31s
     0     0  546.31325    0  333  562.33607  546.31325  2.85%     -   32s
     0     0  546.31327    0  326  562.33607  546.31327  2.85%     -   32s
     0     0  546.63914    0  354  562.33607  546.63914  2.79%     -   32s
     0     0  546.64648    0  351  562.33607  546.64648  2.79%     -   32s
     0     0  546.64703    0  351  562.33607  546.64703  2.79%     -   32s
     0     0  546.85100    0  351  562.33607  546.85100  2.75%     -   33s
     0     0  546.85246    0  354  562.33607  546.85246  2.75%     -   33s
     0     0  546.86328    0  353  562.33607  546.86328  2.75%     -   33s
     0     0  546.86404    0  349  562.33607  546.86404  2.75%     -   33s
     0     0  546.89034    0  344  562.33607  546.89034  2.75%     -   33s
     0     0  546.89034    0  344  562.33607  546.89034  2.75%     -   33s
     0     0  546.89034    0  330  562.33607  546.89034  2.75%     -   34s
     0     2  546.89256    0  330  562.33607  546.89256  2.75%     -   34s
    11    25  552.26634    4  345  562.33607  548.00395  2.55%   950   35s
   517   440  556.81356   44  205  562.33607  548.74572  2.42%   346   40s
  1099   859  558.10403   16  238  562.33607  549.38171  2.30%   309   45s
  1335   960  560.72982   25  347  562.33607  549.83069  2.22%   322   50s
  1372   994  551.65137   20  264  562.33607  549.86474  2.22%   344   55s
  1765   977  558.61033   46  242  562.33607  549.86474  2.22%   334   60s
  2230  1028  560.58387   34  185  562.33607  549.86474  2.22%   320   65s
  2978  1118  555.88093   28  236  562.33607  549.98007  2.20%   302   70s
  4074  1120  559.65491   30  151  562.33607  551.17028  1.99%   278   75s
  5019  1287     cutoff   26       562.33607  552.02707  1.83%   268   80s
H 5761  1438                     562.3360661  552.68207  1.72%   259   83s
  6007  1500  557.02277   26  168  562.33607  553.04772  1.65%   259   85s
  7224  1615     cutoff   28       562.33607  554.11219  1.46%   249   90s
  8418  1632  560.84666   29  246  562.33607  555.16312  1.28%   243   96s
  9510  1531  559.62247   30  156  562.33607  556.01386  1.12%   239  100s
 10689  1224  562.00502   21  237  562.33607  557.04472  0.94%   240  106s
 11677   629     cutoff   25       562.33607  558.53182  0.68%   245  111s

Cutting planes:
  Gomory: 14
  Cover: 29
  Implied bound: 132
  Projected implied bound: 12
  Clique: 1
  MIR: 70
  Flow cover: 104
  Inf proof: 16
  Zero half: 49
  RLT: 18
  Relax-and-lift: 94
  BQP: 6

Explored 12730 nodes (3124776 simplex iterations) in 114.13 seconds (358.99 work units)
Thread count was 4 (of 32 available processors)

Solution count 10: 562.336 562.336 562.673 ... 748.137

Optimal solution found (tolerance 1.00e-04)
Best objective 5.623360661219e+02, best bound 5.623360661219e+02, gap 0.0000%

User-callback calls 51344, time in user-callback 0.01 sec
Cap boundary debug: PORT-588 -> [105 104 103 102 101 108 271 272 253 252 254 255 251 250 249 248 247 246 245 244 243 242 241 239 216 220 217 218 192 193 194 195 196 197 198 200 201 209 208 207 206 205 256 257 259 263 262 261 260 273 109 107 106] -> PORT-588 -> [110 270 269 268 264 265 267 266 123 124 125 126 127 128 258 129 130 131 204 203 202 199 210 211 212 213 214 215 237 238 240 132] -> PORT-583 | load_left=44114 load_right=43993 cap=45000
Set parameter Username
Set parameter LicenseID to value 2738882
Academic license - for non-commercial use only - expires 2026-11-14
Set parameter TimeLimit to value 420
Set parameter Seed to value 1921940647
Set parameter Threads to value 4
Set parameter OutputFlag to value 1
Set parameter LogToConsole to value 1
Set parameter LazyConstraints to value 1
Gurobi Optimizer version 13.0.0 build v13.0.0rc1 (linux64 - "Debian GNU/Linux 13 (trixie)")

CPU model: AMD Ryzen 9 5950X 16-Core Processor, instruction set [SSE2|AVX|AVX2]
Thread count: 16 physical cores, 32 logical processors, using up to 4 threads

Non-default parameters:
TimeLimit  420
Seed  1921940647
Threads  4
LazyConstraints  1

Optimize a model with 32002 rows, 90828 columns and 181644 nonzeros (Min)
Model fingerprint: 0x1706fff2
Model has 29924 linear objective coefficients
Variable types: 60552 continuous, 30276 integer (30276 binary)
Coefficient statistics:
  Matrix range     [1e+00, 4e+04]
  Objective range  [3e-01, 1e+02]
  Bounds range     [1e+00, 4e+04]
  RHS range        [1e+00, 9e+03]
Presolve removed 1904 rows and 31403 columns
Presolve time: 0.28s
Presolved: 30098 rows, 59425 columns, 177890 nonzeros
Variable types: 29410 continuous, 30015 integer (30015 binary)
Root relaxation presolved: 30098 rows, 59425 columns, 177890 nonzeros

Deterministic concurrent LP optimizer: primal and dual simplex
Showing primal log only...

Concurrent spin time: 0.00s

Solved with primal simplex

Root relaxation: objective 5.175709e+02, 74059 iterations, 3.30 seconds (7.21 work units)

    Nodes    |    Current Node    |     Objective Bounds      |     Work
 Expl Unexpl |  Obj  Depth IntInf | Incumbent    BestBd   Gap | It/Node Time

     0     0  517.57087    0  342          -  517.57087      -     -    5s
H    0     0                    1832.1149631  517.57087  71.8%     -    5s
H    0     0                     672.4296915  517.57087  23.0%     -   14s
H    0     0                     649.7474015  517.57087  20.3%     -   21s
     0     0  520.95207    0  312  649.74740  520.95207  19.8%     -   29s
H    0     0                     645.5183811  520.95207  19.3%     -   30s
     0     0  520.95207    0  312  645.51838  520.95207  19.3%     -   37s
H    0     0                     644.3682123  520.95207  19.2%     -   38s
H    0     0                     634.8058268  520.95207  17.9%     -   39s
H    0     0                     633.9131882  520.95207  17.8%     -   40s
H    0     0                     624.9155333  520.95207  16.6%     -   40s
H    0     0                     624.4550766  520.95207  16.6%     -   40s
H    0     0                     621.8909478  520.95207  16.2%     -   40s
H    0     0                     621.7715086  520.95207  16.2%     -   40s
H    0     0                     612.3870503  520.95207  14.9%     -   40s
H    0     0                     609.8410454  520.95207  14.6%     -   40s
H    0     0                     608.9171918  520.95207  14.4%     -   40s
H    0     0                     602.3168287  520.95207  13.5%     -   40s
H    0     0                     599.7708238  520.95207  13.1%     -   41s
H    0     0                     598.9281856  520.95207  13.0%     -   41s
H    0     0                     572.2014286  520.95207  8.96%     -   44s
H    0     0                     569.0893852  520.95207  8.46%     -   44s
H    0     0                     562.8767586  520.95207  7.45%     -   49s
H    0     0                     562.6733109  520.95207  7.41%     -   49s
     0     0  520.95312    0  313  562.67331  520.95312  7.41%     -   55s
     0     0  522.31642    0  356  562.67331  522.31642  7.17%     -   58s
     0     0  522.31642    0  325  562.67331  522.31642  7.17%     -   62s
     0     0  522.31642    0  356  562.67331  522.31642  7.17%     -   65s
     0     0  523.59249    0  372  562.67331  523.59249  6.95%     -   73s
     0     0  523.59515    0  379  562.67331  523.59515  6.95%     -   73s
     0     0  523.59575    0  377  562.67331  523.59575  6.94%     -   73s
     0     0  523.98689    0  374  562.67331  523.98689  6.88%     -   76s
     0     0  523.98695    0  374  562.67331  523.98695  6.88%     -   77s
     0     0  526.07046    0  372  562.67331  526.07046  6.51%     -   80s
     0     0  526.60371    0  381  562.67331  526.60371  6.41%     -   82s
     0     0  526.62295    0  378  562.67331  526.62295  6.41%     -   86s
     0     0  526.62486    0  375  562.67331  526.62486  6.41%     -   86s
     0     0  526.62520    0  396  562.67331  526.62520  6.41%     -   88s
     0     0  527.85551    0  381  562.67331  527.85551  6.19%     -   92s
     0     0  527.98034    0  366  562.67331  527.98034  6.17%     -   93s
     0     0  527.98132    0  375  562.67331  527.98132  6.17%     -   93s
     0     0  528.14688    0  367  562.67331  528.14688  6.14%     -   95s
     0     0  528.16063    0  366  562.67331  528.16063  6.13%     -   95s
     0     0  528.16403    0  368  562.67331  528.16403  6.13%     -   96s
     0     0  528.16418    0  372  562.67331  528.16418  6.13%     -   96s
     0     0  528.26497    0  395  562.67331  528.26497  6.12%     -  100s
     0     0  528.26500    0  380  562.67331  528.26500  6.12%     -  101s
     0     0  528.41804    0  382  562.67331  528.41804  6.09%     -  103s
     0     0  528.42373    0  393  562.67331  528.42373  6.09%     -  105s
     0     0  528.42454    0  393  562.67331  528.42454  6.09%     -  105s
     0     0  528.49334    0  391  562.67331  528.49334  6.07%     -  108s
     0     0  528.49739    0  393  562.67331  528.49739  6.07%     -  109s
     0     0  528.49740    0  387  562.67331  528.49740  6.07%     -  109s
     0     0  529.27677    0  400  562.67331  529.27677  5.94%     -  112s
     0     0  529.27691    0  399  562.67331  529.27691  5.94%     -  114s
     0     0  529.30318    0  394  562.67331  529.30318  5.93%     -  115s
     0     0  529.30371    0  394  562.67331  529.30371  5.93%     -  116s
     0     0  529.33627    0  382  562.67331  529.33627  5.92%     -  117s
     0     0  529.34169    0  390  562.67331  529.34169  5.92%     -  117s
     0     0  529.34954    0  393  562.67331  529.34954  5.92%     -  118s
     0     0  529.34955    0  391  562.67331  529.34955  5.92%     -  118s
     0     0  529.35385    0  388  562.67331  529.35385  5.92%     -  119s
     0     0  529.35385    0  397  562.67331  529.35385  5.92%     -  123s
     0     0  529.42768    0  394  562.67331  529.42768  5.91%     -  125s
     0     0  529.42769    0  384  562.67331  529.42769  5.91%     -  126s
     0     0  529.43069    0  402  562.67331  529.43069  5.91%     -  126s
     0     0  529.51557    0  399  562.67331  529.51557  5.89%     -  127s
     0     0  529.51557    0  389  562.67331  529.51557  5.89%     -  127s
     0     0  529.52757    0  401  562.67331  529.52757  5.89%     -  129s
     0     0  529.53438    0  406  562.67331  529.53438  5.89%     -  133s
     0     0  529.53438    0  409  562.67331  529.53438  5.89%     -  134s
     0     0  529.53622    0  405  562.67331  529.53622  5.89%     -  135s
     0     0  529.53622    0  405  562.67331  529.53622  5.89%     -  135s
     0     0  529.53678    0  413  562.67331  529.53678  5.89%     -  136s
     0     0  529.53678    0  413  562.67331  529.53678  5.89%     -  136s
     0     0  529.53678    0  397  562.67331  529.53678  5.89%     -  137s
     0     0  532.83953    0  335  562.67331  532.83953  5.30%     -  153s
     0     0  532.83953    0  337  562.67331  532.83953  5.30%     -  157s
     0     0  532.83953    0  381  562.67331  532.83953  5.30%     -  164s
     0     0  532.83953    0  395  562.67331  532.83953  5.30%     -  166s
     0     0  532.83953    0  388  562.67331  532.83953  5.30%     -  167s
     0     0  532.83953    0  397  562.67331  532.83953  5.30%     -  167s
     0     0  532.83953    0  392  562.67331  532.83953  5.30%     -  167s
     0     0  532.83953    0  420  562.67331  532.83953  5.30%     -  169s
     0     0  532.83953    0  416  562.67331  532.83953  5.30%     -  169s
     0     0  532.83953    0  391  562.67331  532.83953  5.30%     -  173s
     0     0  532.83953    0  394  562.67331  532.83953  5.30%     -  173s
     0     0  532.83953    0  398  562.67331  532.83953  5.30%     -  173s
     0     0  532.83953    0  413  562.67331  532.83953  5.30%     -  175s
     0     0  532.83953    0  408  562.67331  532.83953  5.30%     -  176s
     0     0  532.83953    0  408  562.67331  532.83953  5.30%     -  176s
     0     0  532.83953    0  403  562.67331  532.83953  5.30%     -  177s
     0     0  532.83953    0  405  562.67331  532.83953  5.30%     -  177s
     0     0  532.83953    0  416  562.67331  532.83953  5.30%     -  178s
     0     0  532.83953    0  414  562.67331  532.83953  5.30%     -  179s
     0     0  532.83953    0  426  562.67331  532.83953  5.30%     -  180s
     0     0  532.83953    0  426  562.67331  532.83953  5.30%     -  180s
     0     0  532.83953    0  419  562.67331  532.83953  5.30%     -  180s
     0     2  532.83953    0  419  562.67331  532.83953  5.30%     -  186s
     7    12  532.83953    3  388  562.67331  532.83953  5.30%  5319  191s
    20    23  532.83953    5  369  562.67331  532.83953  5.30%  6127  198s
    22    30  532.83953    6  344  562.67331  532.83953  5.30%  5674  201s
    29    33  532.83953    8  330  562.67331  532.83953  5.30%  5036  206s
    32    36  532.83953    8  324  562.67331  532.83953  5.30%  5281  211s
    35    46  532.83953    7  336  562.67331  532.83953  5.30%  5199  215s
    55    64  533.99410   13  330  562.67331  532.83953  5.30%  4195  224s
    63    68  532.83953   11  297  562.67331  532.83953  5.30%  4166  226s
    76    86  532.83953   13  285  562.67331  532.83953  5.30%  3906  232s
    87   100  532.83953   14  287  562.67331  532.83953  5.30%  3735  236s
   114   125  533.43896   19  276  562.67331  532.83953  5.30%  3327  242s
   128   144  534.60466   20  282  562.67331  532.83953  5.30%  3232  245s
   147   160  535.36881   22  289  562.67331  532.83953  5.30%  2957  250s
   204   217  538.65713   38  289  562.67331  532.83953  5.30%  2542  257s
   253   272  539.44703   41  292  562.67331  532.83953  5.30%  2288  261s
   284   285  540.13863   44  312  562.67331  532.83953  5.30%  2140  266s
   301   311  541.44332   52  262  562.67331  532.83953  5.30%  2104  271s
   374   415  547.99757   68  270  562.67331  532.83953  5.30%  1873  275s
   507   503     cutoff  104       562.67331  532.83953  5.30%  1482  282s
   550   545  559.50691   22  316  562.67331  532.83953  5.30%  1447  288s
   592   593  560.05261   23  297  562.67331  532.83953  5.30%  1367  292s
   651   615  546.54112   32  276  562.67331  532.83953  5.30%  1280  298s
   688   618  553.57849   35  288  562.67331  532.83953  5.30%  1235  304s
   691   653  532.83953    4  326  562.67331  532.83953  5.30%  1263  308s
   728   725  532.83953    5  328  562.67331  532.83953  5.30%  1227  313s
   807   749  532.83953    9  348  562.67331  532.83953  5.30%  1188  319s
   854   762  544.58372   22  295  562.67331  532.83953  5.30%  1164  325s
   886   798  532.83953    9  359  562.67331  532.83953  5.30%  1186  334s
   914   843  532.83953   10  344  562.67331  532.83953  5.30%  1177  337s
H  962   843                     562.6733101  532.83953  5.30%  1144  337s
   963   872  532.83953    9  315  562.67331  532.83953  5.30%  1168  344s
  1008   879  532.83953   10  308  562.67331  532.83953  5.30%  1153  349s
H 1009   879                     562.6733081  532.83953  5.30%  1152  349s
  1015   915  532.83953   11  349  562.67331  532.83953  5.30%  1192  356s
  1067   950  532.83953   11  313  562.67331  532.83953  5.30%  1200  363s
  1111  1000  532.83953   12  303  562.67331  532.83953  5.30%  1204  371s
  1223  1001  541.42569   21  356  562.67331  532.83953  5.30%  1155  384s
  1225  1002  550.34723   45  313  562.67331  532.83953  5.30%  1153  388s
  1226  1003  558.59518   85  359  562.67331  532.83953  5.30%  1152  397s
  1227  1004  560.87044   48  384  562.67331  532.83953  5.30%  1151  400s
  1230  1006  556.77924   73  419  562.67331  532.83953  5.30%  1148  405s
  1235  1009  539.52814   42  415  562.67331  532.83953  5.30%  1144  411s
  1239  1012  557.09131   43  416  562.67331  532.83953  5.30%  1140  415s

Cutting planes:
  Gomory: 4
  Lift-and-project: 1
  Cover: 16
  Implied bound: 131
  Projected implied bound: 9
  Clique: 2
  MIR: 80
  Mixing: 1
  Flow cover: 104
  Zero half: 30
  RLT: 9
  Relax-and-lift: 74
  BQP: 5

Explored 1243 nodes (2068674 simplex iterations) in 420.01 seconds (1290.99 work units)
Thread count was 4 (of 32 available processors)

Solution count 10: 562.673 562.877 569.089 ... 612.387

Time limit reached
Best objective 5.626733081082e+02, best bound 5.328395309916e+02, gap 5.3021%

User-callback calls 88915, time in user-callback 0.01 sec
Cap boundary opt: PORT-588 stations=85 obj=562.673 real=562.673 baseline=564.844
Set parameter Username
Set parameter LicenseID to value 2738882
Academic license - for non-commercial use only - expires 2026-11-14
Segment 1 eval: start=BOAT-0 end=PORT-581 stations=87 (optimize)
  Segment 1 order: 1 3 4 -25 -5 -6 10 11 143 15 16 17 -18 -13 14 12 -24 -23 -22 -21 19 20 -41 42 43 44 45 46 -396 -47 -40 39 48 49 50 -38 -37 51 -52 59 -57 56 55 -54 -53 66 67 69 -36 -35 -34 -33 -32 -31 -30 -29 -28 -27 -26 93 -92 94 -96 -95 90 91 -89 88 -87 86 -85 -84 -83 -82 -81 -80 79 -78 -77 -70 -76 75 72 73 -74 -71 -68
Segment 2 eval: start=PORT-581 end=PORT-591 stations=58 (optimize)
  Segment 2 order: 65 -63 64 -58 60 61 62 391 392 393 394 395 397 398 399 -400 -401 389 390 388 -387 -386 -385 -402 403 405 406 -407 -404 409 408 -410 411 412 -413 -415 416 -417 425 381 426 -368 -367 -366 -365 364 362 -361 -360 -359 -358 -357 -356 -355 354 -353 348 -363
Segment 3 eval: start=PORT-591 end=PORT-591 stations=111 (optimize)
  Segment 3 order: -346 276 277 278 279 280 281 -556 282 283 -284 555 558 559 -560 561 -562 -554 553 550 551 552 285 286 287 288 289 290 291 292 293 294 -295 296 297 306 -305 -298 299 300 301 302 304 -303 307 308 309 -310 311 312 -313 314 315 316 317 318 319 320 340 341 342 343 344 345 334 335 336 337 338 339 321 322 323 324 325 -327 328 330 -331 -329 -326 349 350 351 352 -373 372 -374 375 376 377 379 380 414 382 384 -383 419 420 421 -423 -422 424 -418 -378 -371 -370 369 332 -333 347
Segment 4 eval: start=PORT-591 end=PORT-593 stations=43 (optimize)
  Segment 4 order: 557 563 564 565 566 567 568 -542 543 540 541 549 548 -547 -546 -545 -544 -539 -538 -537 536 -535 -534 -572 569 570 571 573 574 576 533 -532 -531 -530 -529 -528 -527 577 575 578 -525 526 -524
Segment 5 eval: start=PORT-593 end=PORT-593 stations=19 (optimize)
  Segment 5 order: 430 -434 -433 -432 -431 -429 -428 427 517 518 519 520 521 -580 -579 -523 -522 -516 -515
Segment 6 eval: start=PORT-593 end=PORT-584 stations=34 (optimize)
  Segment 6 order: -512 513 -514 -511 -510 -509 -508 -507 -506 -505 -444 -443 -442 -441 440 -439 437 -436 435 438 445 446 447 448 449 450 451 452 453 -455 -454 462 -489 -502
Segment 7 eval: start=PORT-584 end=PORT-584 stations=29 (optimize)
  Segment 7 order: 500 490 491 492 -493 482 483 463 464 465 -466 474 -473 -475 479 480 -481 -478 -477 -476 -114 494 -113 -112 495 496 497 498 499
Segment 8 eval: start=PORT-584 end=PORT-584 stations=13 (optimize)
  Segment 8 order: -488 -487 486 484 -460 -459 -458 -457 -456 461 485 -504 -503
Segment 9 eval: start=PORT-584 end=PORT-588 stations=18 (optimize)
  Segment 9 order: -501 467 468 469 470 -471 472 -122 -121 120 -119 -118 -117 -116 -115 -275 -111 -274
Segment 10 eval: start=PORT-588 end=PORT-588 stations=34 (optimize)
  Segment 10 order: -105 104 -103 -102 -101 108 -271 -272 253 252 254 255 207 208 209 -201 200 198 199 202 203 204 -131 -130 -129 259 -263 -262 -261 260 273 -109 -107 -106
Segment 11 eval: start=PORT-588 end=PORT-583 stations=51 (optimize)
  Segment 11 order: 110 -270 -269 -268 264 265 267 266 123 124 125 -126 127 128 -258 -257 -256 205 -206 210 211 -212 197 -196 -195 -194 -193 -192 -218 -217 220 -216 -213 214 215 -237 238 243 244 250 -251 249 -248 -245 247 -246 -242 241 -240 239 -132
Segment 12 eval: start=PORT-583 end=PORT-583 stations=54 (optimize)
  Segment 12 order: 133 134 -229 -228 -178 -177 -176 -175 -174 -173 -172 -171 -170 -169 -168 -167 -166 -165 -164 -163 -162 -161 -160 159 -158 -157 -156 -155 -154 -153 -152 -151 -138 -141 -140 -139 -150 -149 -148 -147 -146 -145 -144 -142 -9 -8 -7 2 137 -136 135 179 180 181
Segment 13 eval: start=PORT-583 end=BOAT-END stations=29 (optimize)
  Segment 13 order: 230 232 233 234 -235 231 -227 -226 -182 -183 184 185 186 187 188 189 190 191 219 223 224 225 -222 -221 -236 97 98 99 100
Cap boundary debug: PORT-588 -> [110 270 269 268 264 265 267 266 123 124 125 126 127 128 258 257 256 205 206 210 211 212 197 196 195 194 193 192 218 217 220 216 213 214 215 237 238 243 244 250 251 249 248 245 247 246 242 241 240 239 132] -> PORT-583 -> [181 180 179 135 136 137 2 7 8 9 142 144 145 146 147 148 149 150 139 140 141 138 151 152 153 154 155 156 157 158 159 160 161 162 163 164 165 166 167 168 169 170 171 172 173 174 175 176 177 178 228 229 134 133] -> PORT-583 | load_left=43925 load_right=43558 cap=45000
Set parameter Username
Set parameter LicenseID to value 2738882
Academic license - for non-commercial use only - expires 2026-11-14
Set parameter TimeLimit to value 420
Set parameter Seed to value 788998895
Set parameter Threads to value 4
Set parameter OutputFlag to value 1
Set parameter LogToConsole to value 1
Set parameter LazyConstraints to value 1
Gurobi Optimizer version 13.0.0 build v13.0.0rc1 (linux64 - "Debian GNU/Linux 13 (trixie)")

CPU model: AMD Ryzen 9 5950X 16-Core Processor, instruction set [SSE2|AVX|AVX2]
Thread count: 16 physical cores, 32 logical processors, using up to 4 threads

Non-default parameters:
TimeLimit  420
Seed  788998895
Threads  4
LazyConstraints  1

Optimize a model with 47922 rows, 137388 columns and 274764 nonzeros (Min)
Model fingerprint: 0x31514889
Model has 45368 linear objective coefficients
Variable types: 91592 continuous, 45796 integer (45796 binary)
Coefficient statistics:
  Matrix range     [1e+00, 4e+04]
  Objective range  [5e-05, 2e+02]
  Bounds range     [1e+00, 4e+04]
  RHS range        [1e+00, 9e+03]
Presolve removed 2344 rows and 47183 columns
Presolve time: 0.28s
Presolved: 45578 rows, 90205 columns, 270065 nonzeros
Variable types: 44730 continuous, 45475 integer (45475 binary)
Root relaxation presolved: 45578 rows, 90205 columns, 270065 nonzeros

Deterministic concurrent LP optimizer: primal and dual simplex
Showing primal log only...

Concurrent spin time: 0.00s

Solved with primal simplex

Root relaxation: objective 5.916354e+02, 74955 iterations, 3.63 seconds (7.64 work units)

    Nodes    |    Current Node    |     Objective Bounds      |     Work
 Expl Unexpl |  Obj  Depth IntInf | Incumbent    BestBd   Gap | It/Node Time

     0     0  591.63539    0  338          -  591.63539      -     -    5s
H    0     0                    1013.3096452  591.63539  41.6%     -    5s
H    0     0                     741.4093704  591.63539  20.2%     -    5s
H    0     0                     739.6710083  591.63539  20.0%     -    6s
H    0     0                     710.0465040  591.63539  16.7%     -    6s
H    0     0                     708.4847493  591.63539  16.5%     -   15s
     0     0  591.63539    0  337  708.48475  591.63539  16.5%     -   15s
     0     0  596.47992    0  362  708.48475  596.47992  15.8%     -   24s
H    0     0                     700.4067641  596.47992  14.8%     -   25s
H    0     0                     644.0957315  596.47992  7.39%     -   25s
H    0     0                     643.2704508  596.47992  7.27%     -   26s
H    0     0                     630.2268848  596.47992  5.35%     -   26s
H    0     0                     617.8319642  596.47992  3.46%     -   27s
H    0     0                     613.1978959  596.47992  2.73%     -   27s
H    0     0                     611.4435049  596.47992  2.45%     -   27s
     0     0  596.48031    0  360  611.44350  596.48031  2.45%     -   32s
     0     0  598.52306    0  337  611.44350  598.52306  2.11%     -   33s
     0     0  598.52306    0  338  611.44350  598.52306  2.11%     -   34s
     0     0  598.52306    0  366  611.44350  598.52306  2.11%     -   34s
     0     0  598.53624    0  349  611.44350  598.53624  2.11%     -   35s
     0     0  598.65210    0  355  611.44350  598.65210  2.09%     -   35s
     0     0  598.65211    0  368  611.44350  598.65211  2.09%     -   35s
     0     0  599.79769    0  361  611.44350  599.79769  1.90%     -   35s
     0     0  599.79769    0  369  611.44350  599.79769  1.90%     -   35s
     0     0  600.21037    0  395  611.44350  600.21037  1.84%     -   35s
     0     0  600.49679    0  403  611.44350  600.49679  1.79%     -   36s
     0     0  600.52269    0  396  611.44350  600.52269  1.79%     -   36s
     0     0  600.53084    0  396  611.44350  600.53084  1.78%     -   36s
     0     0  600.53129    0  405  611.44350  600.53129  1.78%     -   36s
     0     0  601.15585    0  400  611.44350  601.15585  1.68%     -   36s
     0     0  601.19919    0  390  611.44350  601.19919  1.68%     -   37s
     0     0  601.19964    0  394  611.44350  601.19964  1.68%     -   37s
     0     0  601.29164    0  408  611.44350  601.29164  1.66%     -   37s
     0     0  601.29164    0  321  611.44350  601.29164  1.66%     -   37s
     0     0  601.29164    0  382  611.44350  601.29164  1.66%     -   38s
     0     0  601.29164    0  376  611.44350  601.29164  1.66%     -   38s
     0     0  601.29164    0  392  611.44350  601.29164  1.66%     -   38s
     0     0  601.37403    0  390  611.44350  601.37403  1.65%     -   38s
     0     0  601.37826    0  400  611.44350  601.37826  1.65%     -   38s
     0     0  601.37832    0  401  611.44350  601.37832  1.65%     -   38s
     0     0  602.00805    0  422  611.44350  602.00805  1.54%     -   38s
     0     0  602.03079    0  421  611.44350  602.03079  1.54%     -   38s
     0     0  602.03084    0  419  611.44350  602.03084  1.54%     -   38s
     0     0  602.24210    0  408  611.44350  602.24210  1.50%     -   39s
     0     0  602.24255    0  412  611.44350  602.24255  1.50%     -   39s
     0     0  602.31757    0  427  611.44350  602.31757  1.49%     -   39s
     0     0  602.32631    0  437  611.44350  602.32631  1.49%     -   39s
     0     0  602.32634    0  440  611.44350  602.32634  1.49%     -   39s
     0     0  602.33732    0  428  611.44350  602.33732  1.49%     -   39s
     0     0  602.33774    0  431  611.44350  602.33774  1.49%     -   39s
     0     0  602.34042    0  428  611.44350  602.34042  1.49%     -   39s
     0     0  602.34042    0  428  611.44350  602.34042  1.49%     -   39s
     0     0  602.34042    0  419  611.44350  602.34042  1.49%     -   39s
     0     2  602.34042    0  418  611.44350  602.34042  1.49%     -   40s
   587   399  606.32229   17  328  611.44350  604.63829  1.11%   282   45s
  1633   848  606.36111    9  337  611.44350  605.92658  0.90%   226   50s
  1652   861  608.06596   17  333  611.44350  605.92658  0.90%   224   56s
  1876   894  607.93814   14  179  611.44350  605.92658  0.90%   245   60s
H 1973   846                     611.4435032  605.92658  0.90%   245   61s
  2795   848  608.29681   33   79  611.44350  606.54093  0.80%   226   65s
  3966   749  609.56426   21  143  611.44350  607.19942  0.69%   206   70s
H 5239   999                     611.4435031  607.65710  0.62%   189   72s
H 5422   999                     611.4435025  607.67414  0.62%   186   72s
  6233  1209  609.46577   31  129  611.44350  608.02979  0.56%   181   75s
H 6534  1237                     611.4435022  608.10163  0.55%   178   75s
H 6567  1237                     611.4434989  608.10163  0.55%   178   75s
  8585  1381  610.02926   33   50  611.44350  608.60589  0.46%   165   80s
 11066  1460 infeasible   35       611.44350  609.16065  0.37%   153   85s
 15039   526  610.57487   35  197  611.44350  610.20455  0.20%   141   90s

Cutting planes:
  Gomory: 17
  Cover: 25
  Implied bound: 133
  Projected implied bound: 7
  Clique: 3
  MIR: 30
  StrongCG: 1
  Flow cover: 79
  GUB cover: 1
  Inf proof: 32
  Zero half: 38
  Relax-and-lift: 108
  BQP: 1

Explored 16134 nodes (2395025 simplex iterations) in 91.26 seconds (252.94 work units)
Thread count was 4 (of 32 available processors)

Solution count 10: 611.443 611.444 611.444 ... 708.485

Optimal solution found (tolerance 1.00e-04)
Best objective 6.114434989014e+02, best bound 6.114170496800e+02, gap 0.0043%

User-callback calls 52857, time in user-callback 0.01 sec
Cap boundary reject: PORT-583 real=751.001 baseline=611.925
Set parameter Username
Set parameter LicenseID to value 2738882
Academic license - for non-commercial use only - expires 2026-11-14
Segment 1 eval: start=BOAT-0 end=PORT-581 stations=87 (optimize)
  Segment 1 order: 1 3 4 -25 -5 -6 10 11 143 15 16 17 -18 -13 14 12 -24 -23 -22 -21 19 20 -41 42 43 44 45 46 -396 -47 -40 39 48 49 50 -38 -37 51 -52 59 -57 56 55 -54 -53 66 67 69 -36 -35 -34 -33 -32 -31 -30 -29 -28 -27 -26 93 -92 94 -96 -95 90 91 -89 88 -87 86 -85 -84 -83 -82 -81 -80 79 -78 -77 -70 -76 75 72 73 -74 -71 -68
Segment 2 eval: start=PORT-581 end=PORT-591 stations=58 (optimize)
  Segment 2 order: 65 -63 64 -58 60 61 62 391 392 393 394 395 397 398 399 -400 -401 389 390 388 -387 -386 -385 -402 403 405 406 -407 -404 409 408 -410 411 412 -413 -415 416 -417 425 381 426 -368 -367 -366 -365 364 362 -361 -360 -359 -358 -357 -356 -355 354 -353 348 -363
Segment 3 eval: start=PORT-591 end=PORT-591 stations=111 (optimize)
  Segment 3 order: -346 276 277 278 279 280 281 -556 282 283 -284 555 558 559 -560 561 -562 -554 553 550 551 552 285 286 287 288 289 290 291 292 293 294 -295 296 297 306 -305 -298 299 300 301 302 304 -303 307 308 309 -310 311 312 -313 314 315 316 317 318 319 320 340 341 342 343 344 345 334 335 336 337 338 339 321 322 323 324 325 -327 328 330 -331 -329 -326 349 350 351 352 -373 372 -374 375 376 377 379 380 414 382 384 -383 419 420 421 -423 -422 424 -418 -378 -371 -370 369 332 -333 347
Segment 4 eval: start=PORT-591 end=PORT-593 stations=43 (optimize)
  Segment 4 order: 557 563 564 565 566 567 568 -542 543 540 541 549 548 -547 -546 -545 -544 -539 -538 -537 536 -535 -534 -572 569 570 571 573 574 576 533 -532 -531 -530 -529 -528 -527 577 575 578 -525 526 -524
Segment 5 eval: start=PORT-593 end=PORT-593 stations=19 (optimize)
  Segment 5 order: 430 -434 -433 -432 -431 -429 -428 427 517 518 519 520 521 -580 -579 -523 -522 -516 -515
Segment 6 eval: start=PORT-593 end=PORT-584 stations=34 (optimize)
  Segment 6 order: -512 513 -514 -511 -510 -509 -508 -507 -506 -505 -444 -443 -442 -441 440 -439 437 -436 435 438 445 446 447 448 449 450 451 452 453 -455 -454 462 -489 -502
Segment 7 eval: start=PORT-584 end=PORT-584 stations=29 (optimize)
  Segment 7 order: 500 490 491 492 -493 482 483 463 464 465 -466 474 -473 -475 479 480 -481 -478 -477 -476 -114 494 -113 -112 495 496 497 498 499
Segment 8 eval: start=PORT-584 end=PORT-584 stations=13 (optimize)
  Segment 8 order: -488 -487 486 484 -460 -459 -458 -457 -456 461 485 -504 -503
Segment 9 eval: start=PORT-584 end=PORT-588 stations=18 (optimize)
  Segment 9 order: -501 467 468 469 470 -471 472 -122 -121 120 -119 -118 -117 -116 -115 -275 -111 -274
Segment 10 eval: start=PORT-588 end=PORT-588 stations=34 (optimize)
  Segment 10 order: -105 104 -103 -102 -101 108 -271 -272 253 252 254 255 207 208 209 -201 200 198 199 202 203 204 -131 -130 -129 259 -263 -262 -261 260 273 -109 -107 -106
Segment 11 eval: start=PORT-588 end=PORT-583 stations=51 (optimize)
  Segment 11 order: 110 -270 -269 -268 264 265 267 266 123 124 125 -126 127 128 -258 -257 -256 205 -206 210 211 -212 197 -196 -195 -194 -193 -192 -218 -217 220 -216 -213 214 215 -237 238 243 244 250 -251 249 -248 -245 247 -246 -242 241 -240 239 -132
Segment 12 eval: start=PORT-583 end=PORT-583 stations=54 (optimize)
  Segment 12 order: 133 134 -229 -228 -178 -177 -176 -175 -174 -173 -172 -171 -170 -169 -168 -167 -166 -165 -164 -163 -162 -161 -160 159 -158 -157 -156 -155 -154 -153 -152 -151 -138 -141 -140 -139 -150 -149 -148 -147 -146 -145 -144 -142 -9 -8 -7 2 137 -136 135 179 180 181
Segment 13 eval: start=PORT-583 end=BOAT-END stations=29 (optimize)
  Segment 13 order: 230 232 233 234 -235 231 -227 -226 -182 -183 184 185 186 187 188 189 190 191 219 223 224 225 -222 -221 -236 97 98 99 100
PROGRESS pass=6 changed=1 total=4807.547 best=4807.547 nseg=13 stall=0 mut=0/2
Capacity boundary sweep pass 7
Cap boundary debug: PORT-584 -> [501 467 468 469 470 471 472 122 121 120 119 118 117 116 115 275 111 274] -> PORT-588 -> [106 107 109 273 260 261 262 263 259 129 130 131 204 203 202 199 198 200 201 209 208 207 255 254 252 253 272 271 108 101 102 103 104 105] -> PORT-588 | load_left=42427 load_right=44182 cap=45000
Set parameter Username
Set parameter LicenseID to value 2738882
Academic license - for non-commercial use only - expires 2026-11-14
Set parameter TimeLimit to value 420
Set parameter Seed to value 2000000000
Set parameter Threads to value 4
Set parameter OutputFlag to value 1
Set parameter LogToConsole to value 1
Set parameter LazyConstraints to value 1
Gurobi Optimizer version 13.0.0 build v13.0.0rc1 (linux64 - "Debian GNU/Linux 13 (trixie)")

CPU model: AMD Ryzen 9 5950X 16-Core Processor, instruction set [SSE2|AVX|AVX2]
Thread count: 16 physical cores, 32 logical processors, using up to 4 threads

Non-default parameters:
TimeLimit  420
Seed  2000000000
Threads  4
LazyConstraints  1

Optimize a model with 12730 rows, 34992 columns and 69972 nonzeros (Min)
Model fingerprint: 0x20dffd69
Model has 11444 linear objective coefficients
Variable types: 23328 continuous, 11664 integer (11664 binary)
Coefficient statistics:
  Matrix range     [1e+00, 4e+04]
  Objective range  [4e-01, 2e+02]
  Bounds range     [1e+00, 4e+04]
  RHS range        [1e+00, 1e+04]
Presolve removed 1178 rows and 12362 columns
Presolve time: 0.12s
Presolved: 11552 rows, 22630 columns, 67761 nonzeros
Variable types: 11128 continuous, 11502 integer (11502 binary)

Root relaxation: objective 4.543733e+02, 23757 iterations, 2.13 seconds (5.85 work units)

    Nodes    |    Current Node    |     Objective Bounds      |     Work
 Expl Unexpl |  Obj  Depth IntInf | Incumbent    BestBd   Gap | It/Node Time

     0     0  454.37325    0  207          -  454.37325      -     -    2s
H    0     0                     496.6222465  454.37325  8.51%     -    2s
H    0     0                     482.4462296  454.37325  5.82%     -    2s
H    0     0                     478.6853838  454.37325  5.08%     -    2s
H    0     0                     475.6903499  454.37325  4.48%     -    2s
H    0     0                     473.8992708  454.37325  4.12%     -    2s
H    0     0                     473.8518768  454.37325  4.11%     -    2s
H    0     0                     473.6014667  454.37325  4.06%     -    2s
     0     0  454.37325    0  210  473.60147  454.37325  4.06%     -    3s
     0     0  457.32703    0  217  473.60147  457.32703  3.44%     -    3s
     0     0  457.32703    0  198  473.60147  457.32703  3.44%     -    3s
     0     0  457.42711    0  227  473.60147  457.42711  3.42%     -    3s
     0     0  457.42792    0  225  473.60147  457.42792  3.42%     -    3s
     0     0  457.42792    0  225  473.60147  457.42792  3.42%     -    3s
     0     0  457.74526    0  216  473.60147  457.74526  3.35%     -    3s
     0     0  457.75562    0  225  473.60147  457.75562  3.35%     -    3s
     0     0  457.75596    0  227  473.60147  457.75596  3.35%     -    3s
     0     0  457.97399    0  227  473.60147  457.97399  3.30%     -    4s
     0     0  457.97859    0  230  473.60147  457.97859  3.30%     -    4s
     0     0  458.13911    0  179  473.60147  458.13911  3.26%     -    4s
     0     0  458.15413    0  179  473.60147  458.15413  3.26%     -    4s
     0     0  458.15647    0  183  473.60147  458.15647  3.26%     -    4s
     0     0  458.16103    0  186  473.60147  458.16103  3.26%     -    4s
     0     0  458.16162    0  188  473.60147  458.16162  3.26%     -    4s
     0     0  458.21000    0  187  473.60147  458.21000  3.25%     -    4s
     0     0  458.21720    0  187  473.60147  458.21720  3.25%     -    4s
     0     0  458.21720    0  243  473.60147  458.21720  3.25%     -    4s
     0     0  458.21720    0  244  473.60147  458.21720  3.25%     -    4s
     0     0  458.21720    0  243  473.60147  458.21720  3.25%     -    4s
     0     0  458.21720    0  243  473.60147  458.21720  3.25%     -    4s
     0     0  458.21720    0  243  473.60147  458.21720  3.25%     -    4s
     0     0  458.21720    0  188  473.60147  458.21720  3.25%     -    4s
     0     2  458.22027    0  188  473.60147  458.22027  3.25%     -    4s
    87    93  465.32355   19  217  473.60147  458.66662  3.15%   150    5s
  2587   721     cutoff    9       473.60147  465.80920  1.65%  96.4   10s

Cutting planes:
  Gomory: 5
  Cover: 5
  Implied bound: 116
  MIR: 29
  Flow cover: 55
  Inf proof: 12
  Zero half: 3
  RLT: 11
  Relax-and-lift: 68
  BQP: 9

Explored 3570 nodes (476781 simplex iterations) in 12.72 seconds (36.48 work units)
Thread count was 4 (of 32 available processors)

Solution count 7: 473.601 473.852 473.899 ... 496.622

Optimal solution found (tolerance 1.00e-04)
Best objective 4.736014667423e+02, best bound 4.736014667423e+02, gap 0.0000%

User-callback calls 9533, time in user-callback 0.00 sec
Cap boundary reject: PORT-588 real=473.601 baseline=473.601
Cap boundary debug: PORT-588 -> [106 107 109 273 260 261 262 263 259 129 130 131 204 203 202 199 198 200 201 209 208 207 255 254 252 253 272 271 108 101 102 103 104 105] -> PORT-588 -> [110 270 269 268 264 265 267 266 123 124 125 126 127 128 258 257 256 205 206 210 211 212 197 196 195 194 193 192 218 217 220 216 213 214 215 237 238 243 244 250 251 249 248 245 247 246 242 241 240 239 132] -> PORT-583 | load_left=44182 load_right=43925 cap=45000
Set parameter Username
Set parameter LicenseID to value 2738882
Academic license - for non-commercial use only - expires 2026-11-14
Set parameter TimeLimit to value 420
Set parameter Seed to value 1077205385
Set parameter Threads to value 4
Set parameter OutputFlag to value 1
Set parameter LogToConsole to value 1
Set parameter LazyConstraints to value 1
Gurobi Optimizer version 13.0.0 build v13.0.0rc1 (linux64 - "Debian GNU/Linux 13 (trixie)")

CPU model: AMD Ryzen 9 5950X 16-Core Processor, instruction set [SSE2|AVX|AVX2]
Thread count: 16 physical cores, 32 logical processors, using up to 4 threads

Non-default parameters:
TimeLimit  420
Seed  1077205385
Threads  4
LazyConstraints  1

Optimize a model with 32002 rows, 90828 columns and 181644 nonzeros (Min)
Model fingerprint: 0xe463c4ea
Model has 29924 linear objective coefficients
Variable types: 60552 continuous, 30276 integer (30276 binary)
Coefficient statistics:
  Matrix range     [1e+00, 4e+04]
  Objective range  [3e-01, 1e+02]
  Bounds range     [1e+00, 4e+04]
  RHS range        [1e+00, 9e+03]
Presolve removed 1904 rows and 31403 columns
Presolve time: 0.28s
Presolved: 30098 rows, 59425 columns, 177890 nonzeros
Variable types: 29410 continuous, 30015 integer (30015 binary)
Root relaxation presolved: 30098 rows, 59425 columns, 177890 nonzeros

Deterministic concurrent LP optimizer: primal and dual simplex
Showing primal log only...

Concurrent spin time: 0.00s

Solved with primal simplex

Root relaxation: objective 5.175710e+02, 76324 iterations, 3.38 seconds (7.44 work units)

    Nodes    |    Current Node    |     Objective Bounds      |     Work
 Expl Unexpl |  Obj  Depth IntInf | Incumbent    BestBd   Gap | It/Node Time

     0     0  517.57100    0  360          -  517.57100      -     -    4s
H    0     0                    2219.9100921  517.57100  76.7%     -    4s
H    0     0                     804.1504831  517.57100  35.6%     -    5s
H    0     0                     743.0774596  517.57100  30.3%     -    5s
H    0     0                     739.2650671  517.57100  30.0%     -    7s
H    0     0                     728.5143538  517.57100  29.0%     -    8s
     0     0  517.57100    0  360  728.51435  517.57100  29.0%     -   10s
H    0     0                     724.1335924  517.57100  28.5%     -   13s
H    0     0                     723.1735485  517.57100  28.4%     -   13s
H    0     0                     717.9988754  517.57100  27.9%     -   13s
     0     0  517.57100    0  360  717.99888  517.57100  27.9%     -   17s
H    0     0                     697.1653167  517.57100  25.8%     -   17s
     0     0  517.57100    0  360  697.16532  517.57100  25.8%     -   20s
H    0     0                     687.9788697  517.57100  24.8%     -   23s
     0     0  517.57100    0  351  687.97887  517.57100  24.8%     -   24s
     0     0  520.99751    0  364  687.97887  520.99751  24.3%     -   34s
H    0     0                     676.2433506  520.99751  23.0%     -   34s
H    0     0                     673.7227752  520.99751  22.7%     -   35s
     0     0  520.99751    0  364  673.72278  520.99751  22.7%     -   42s
H    0     0                     644.2963015  520.99751  19.1%     -   46s
H    0     0                     640.8737131  520.99751  18.7%     -   46s
H    0     0                     631.1810354  520.99751  17.5%     -   47s
H    0     0                     628.6592805  520.99751  17.1%     -   48s
H    0     0                     628.5782982  520.99751  17.1%     -   48s
H    0     0                     628.1617456  520.99751  17.1%     -   52s
H    0     0                     613.8977198  520.99751  15.1%     -   53s
H    0     0                     611.5305788  520.99751  14.8%     -   54s
     0     0  520.99864    0  367  611.53058  520.99864  14.8%     -   54s
     0     0  523.91701    0  360  611.53058  523.91701  14.3%     -   62s
     0     0  523.92836    0  340  611.53058  523.92836  14.3%     -   63s
     0     0  523.92866    0  341  611.53058  523.92866  14.3%     -   63s
     0     0  525.29011    0  351  611.53058  525.29011  14.1%     -   69s
     0     0  525.33987    0  338  611.53058  525.33987  14.1%     -   71s
     0     0  525.38273    0  355  611.53058  525.38273  14.1%     -   72s
     0     0  525.38380    0  353  611.53058  525.38380  14.1%     -   73s
     0     0  526.26532    0  364  611.53058  526.26532  13.9%     -   80s
     0     0  526.29249    0  362  611.53058  526.29249  13.9%     -   80s
     0     0  526.29249    0  362  611.53058  526.29249  13.9%     -   80s
     0     0  526.38098    0  360  611.53058  526.38098  13.9%     -   83s
     0     0  526.40745    0  349  611.53058  526.40745  13.9%     -   83s
     0     0  526.40823    0  368  611.53058  526.40823  13.9%     -   83s
     0     0  526.60594    0  391  611.53058  526.60594  13.9%     -   88s
     0     0  526.60936    0  383  611.53058  526.60936  13.9%     -   90s
     0     0  526.63407    0  387  611.53058  526.63407  13.9%     -   92s
     0     0  526.64017    0  381  611.53058  526.64017  13.9%     -   93s
     0     0  526.64041    0  384  611.53058  526.64041  13.9%     -   93s
     0     0  526.66050    0  395  611.53058  526.66050  13.9%     -   95s
     0     0  526.66050    0  395  611.53058  526.66050  13.9%     -   95s
     0     0  526.66050    0  385  611.53058  526.66050  13.9%     -   96s
     0     2  528.49995    0  383  611.53058  528.49995  13.6%     -  109s
     1     4  528.49995    1  370  611.53058  528.49995  13.6%  7241  111s
     3     8  528.49995    2  351  611.53058  528.49995  13.6%  6365  120s
     7    10  528.49995    3  333  611.53058  528.49995  13.6% 13121  126s
     9    16  528.49995    4  335  611.53058  528.49995  13.6% 10276  132s
    15    17  528.50065    5  336  611.53058  528.49995  13.6% 14265  139s
    16    19  528.64558    6  321  611.53058  528.49995  13.6% 13381  145s
    18    22  529.09081    6  331  611.53058  528.49995  13.6% 12341  151s
    21    26  536.88050    7  316  611.53058  528.49995  13.6% 11545  159s
    25    28  537.65439    8  303  611.53058  528.49995  13.6% 10072  167s
    27    31  539.42004   10  293  611.53058  528.49995  13.6% 10383  177s
H   29    31                     611.0278110  528.49995  13.5% 10551  177s
    30    33  539.48124   11  275  611.02781  528.49995  13.5% 10495  186s
H   32    36                     595.2399393  528.49995  11.2% 10002  197s
H   33    36                     588.3479358  528.49995  10.2%  9749  197s
    35    42  541.20332   11  287  588.34794  528.49995  10.2%  9489  208s
    41    52  545.94369   13  281  588.34794  528.49995  10.2%  9537  215s
    51    69  546.76554   16  267  588.34794  528.49995  10.2%  9652  226s
    68    78  547.94236   19  268  588.34794  528.49995  10.2% 12018  233s
    77    92  549.39792   20  271  588.34794  528.49995  10.2% 11246  240s
    91   102  550.97202   25  277  588.34794  528.49995  10.2%  9937  247s
   101   108  551.94715   30  270  588.34794  528.49995  10.2%  9264  252s
   107   112  553.59117   31  269  588.34794  528.49995  10.2%  9031  260s
H  111   116                     587.1315181  528.49995  10.0%  9008  266s
H  114   116                     581.9675837  528.49995  9.19%  8864  266s
   115   124  554.43925   33  265  581.96758  528.49995  9.19%  8908  273s
   125   137  555.63181   34  269  581.96758  528.49995  9.19%  8636  279s
   141   145  556.72186   37  276  581.96758  528.49995  9.19%  8129  286s
   156   164  558.45617   44  261  581.96758  528.49995  9.19%  7609  294s
   176   192  560.11029   48  284  581.96758  528.49995  9.19%  7170  302s
H  204   215                     581.0182811  528.49995  9.04%  6478  310s
H  208   215                     580.8743072  528.49995  9.02%  6476  310s
   227   219  568.35838   56  277  580.87431  528.49995  9.02%  6205  317s
H  229   219                     577.4071341  528.49995  8.47%  6157  317s
H  230   219                     577.0863345  528.49995  8.42%  6130  317s
   231   255  562.47036   59  256  577.08633  528.49995  8.42%  6130  323s
   267   290  567.68276   70  232  577.08633  528.49995  8.42%  5538  328s
   302   332  566.80110   82  249  577.08633  528.49995  8.42%  5166  334s
   344   387  568.36557   98  256  577.08633  528.49995  8.42%  4774  341s
   399   446  569.85524  114  238  577.08633  528.49995  8.42%  4287  345s
   462   482  575.39597  127  240  577.08633  528.49995  8.42%  3829  353s
H  506   482                     575.4482784  528.49995  8.16%  3554  353s
   507   533 infeasible   30       575.44828  528.49995  8.16%  3567  361s
   567   534  564.34184  107  385  575.44828  528.49995  8.16%  3275  392s
   569   535  548.76640   18  332  575.44828  528.49995  8.16%  3264  399s
H  569   508                     575.2282868  528.49995  8.12%  3264  408s
H  569   482                     574.8627042  528.49995  8.07%  3264  409s
H  569   458                     570.7608986  528.49995  7.40%  3264  410s

Cutting planes:
  Gomory: 7
  Cover: 5
  Implied bound: 57
  MIR: 23
  Flow cover: 37
  Zero half: 14
  RLT: 1
  Relax-and-lift: 47
  BQP: 4
  Lazy constraints: 2

Explored 569 nodes (2157342 simplex iterations) in 420.01 seconds (1465.16 work units)
Thread count was 4 (of 32 available processors)

Solution count 10: 570.761 574.863 575.228 ... 587.132

Time limit reached
Best objective 5.707608986111e+02, best bound 5.284999469583e+02, gap 7.4043%

User-callback calls 102089, time in user-callback 0.02 sec
Cap boundary reject: PORT-588 real=570.761 baseline=562.673
Set parameter Username
Set parameter LicenseID to value 2738882
Academic license - for non-commercial use only - expires 2026-11-14
Segment 1 eval: start=BOAT-0 end=PORT-581 stations=87 (optimize)
  Segment 1 order: 1 3 4 -25 -5 -6 10 11 143 15 16 17 -18 -13 14 12 -24 -23 -22 -21 19 20 -41 42 43 44 45 46 -396 -47 -40 39 48 49 50 -38 -37 51 -52 59 -57 56 55 -54 -53 66 67 69 -36 -35 -34 -33 -32 -31 -30 -29 -28 -27 -26 93 -92 94 -96 -95 90 91 -89 88 -87 86 -85 -84 -83 -82 -81 -80 79 -78 -77 -70 -76 75 72 73 -74 -71 -68
Segment 2 eval: start=PORT-581 end=PORT-591 stations=58 (optimize)
  Segment 2 order: 65 -63 64 -58 60 61 62 391 392 393 394 395 397 398 399 -400 -401 389 390 388 -387 -386 -385 -402 403 405 406 -407 -404 409 408 -410 411 412 -413 -415 416 -417 425 381 426 -368 -367 -366 -365 364 362 -361 -360 -359 -358 -357 -356 -355 354 -353 348 -363
Segment 3 eval: start=PORT-591 end=PORT-591 stations=111 (optimize)
  Segment 3 order: -346 276 277 278 279 280 281 -556 282 283 -284 555 558 559 -560 561 -562 -554 553 550 551 552 285 286 287 288 289 290 291 292 293 294 -295 296 297 306 -305 -298 299 300 301 302 304 -303 307 308 309 -310 311 312 -313 314 315 316 317 318 319 320 340 341 342 343 344 345 334 335 336 337 338 339 321 322 323 324 325 -327 328 330 -331 -329 -326 349 350 351 352 -373 372 -374 375 376 377 379 380 414 382 384 -383 419 420 421 -423 -422 424 -418 -378 -371 -370 369 332 -333 347
Segment 4 eval: start=PORT-591 end=PORT-593 stations=43 (optimize)
  Segment 4 order: 557 563 564 565 566 567 568 -542 543 540 541 549 548 -547 -546 -545 -544 -539 -538 -537 536 -535 -534 -572 569 570 571 573 574 576 533 -532 -531 -530 -529 -528 -527 577 575 578 -525 526 -524
Segment 5 eval: start=PORT-593 end=PORT-593 stations=19 (optimize)
  Segment 5 order: 430 -434 -433 -432 -431 -429 -428 427 517 518 519 520 521 -580 -579 -523 -522 -516 -515
Segment 6 eval: start=PORT-593 end=PORT-584 stations=34 (optimize)
  Segment 6 order: -512 513 -514 -511 -510 -509 -508 -507 -506 -505 -444 -443 -442 -441 440 -439 437 -436 435 438 445 446 447 448 449 450 451 452 453 -455 -454 462 -489 -502
Segment 7 eval: start=PORT-584 end=PORT-584 stations=29 (optimize)
  Segment 7 order: 500 490 491 492 -493 482 483 463 464 465 -466 474 -473 -475 479 480 -481 -478 -477 -476 -114 494 -113 -112 495 496 497 498 499
Segment 8 eval: start=PORT-584 end=PORT-584 stations=13 (optimize)
  Segment 8 order: -488 -487 486 484 -460 -459 -458 -457 -456 461 485 -504 -503
Segment 9 eval: start=PORT-584 end=PORT-588 stations=18 (optimize)
  Segment 9 order: -501 467 468 469 470 -471 472 -122 -121 120 -119 -118 -117 -116 -115 -275 -111 -274
Segment 10 eval: start=PORT-588 end=PORT-588 stations=34 (optimize)
  Segment 10 order: -105 104 -103 -102 -101 108 -271 -272 253 252 254 255 207 208 209 -201 200 198 199 202 203 204 -131 -130 -129 259 -263 -262 -261 260 273 -109 -107 -106
Segment 11 eval: start=PORT-588 end=PORT-583 stations=51 (optimize)
  Segment 11 order: 110 -270 -269 -268 264 265 267 266 123 124 125 -126 127 128 -258 -257 -256 205 -206 210 211 -212 197 -196 -195 -194 -193 -192 -218 -217 220 -216 -213 214 215 -237 238 243 244 250 -251 249 -248 -245 247 -246 -242 241 -240 239 -132
Segment 12 eval: start=PORT-583 end=PORT-583 stations=54 (optimize)
  Segment 12 order: 133 134 -229 -228 -178 -177 -176 -175 -174 -173 -172 -171 -170 -169 -168 -167 -166 -165 -164 -163 -162 -161 -160 159 -158 -157 -156 -155 -154 -153 -152 -151 -138 -141 -140 -139 -150 -149 -148 -147 -146 -145 -144 -142 -9 -8 -7 2 137 -136 135 179 180 181
Segment 13 eval: start=PORT-583 end=BOAT-END stations=29 (optimize)
  Segment 13 order: 230 232 233 234 -235 231 -227 -226 -182 -183 184 185 186 187 188 189 190 191 219 223 224 225 -222 -221 -236 97 98 99 100
PROGRESS pass=7 changed=0 total=4807.547 best=4807.547 nseg=13 stall=1 mut=0/2
Capacity boundary sweep completed with changes.
Best pass 6 total distance: 4807.547
Updated segment plan:
Segment plan:
  Segment 1 -> START
    stations: 1 3 4 5 6 10 11 12 14 13 18 17 16 15 143 31 32 36 35 34 33 30 29 27 26 28 80 79 78 77 70 76 75 71 72 73 74 68 69 67 66 55 56 54 53 51 52 49 50 37 38 48 39 40 47 396 44 45 46 43 42 41 20 19 21 22 23 24 25 93 92 94 96 95 90 91 89 88 81 82 83 87 84 85 86 59 57
    end: PORT-581("Siglufjörður")
  Segment 2 -> PORT-581
    stations: 60 58 64 65 63 61 62 386 403 385 402 387 388 389 390 391 392 393 394 395 397 398 399 400 401 407 406 405 404 408 409 410 411 412 413 415 416 417 425 381 426 368 367 365 366 364 363 348 362 361 360 359 358 357 356 355 354 353
    end: PORT-591("Seyðisfjörður")
  Segment 3 -> PORT-591
    stations: 352 351 350 349 326 332 331 329 330 328 327 325 324 323 321 339 338 337 336 335 334 333 347 369 370 371 372 373 374 375 376 377 379 378 380 414 382 384 383 419 420 421 423 422 424 418 301 302 303 304 305 299 300 298 306 297 296 295 294 293 292 291 290 289 310 309 311 308 307 322 341 281 280 279 278 277 276 346 345 344 343 342 340 320 319 318 317 316 315 314 313 312 288 287 286 285 552 551 550 553 554 562 561 560 559 558 555 284 283 282 556
    end: PORT-591("Seyðisfjörður")
  Segment 4 -> PORT-591
    stations: 557 567 568 565 564 563 566 548 546 547 549 545 541 544 539 540 543 542 538 537 536 529 528 527 530 531 532 533 535 534 572 569 570 571 573 574 576 577 575 526 525 524 578
    end: PORT-593("Vestmannaeyjar")
  Segment 5 -> PORT-593
    stations: 579 580 521 522 523 520 519 518 517 516 515 427 428 429 430 431 432 433 434
    end: PORT-593("Vestmannaeyjar")
  Segment 6 -> PORT-593
    stations: 512 513 514 511 510 509 508 507 506 505 444 443 442 441 440 439 437 436 435 438 445 446 447 448 449 450 451 452 453 455 454 462 489 502
    end: PORT-584("Hafnarfjörður")
  Segment 7 -> PORT-584
    stations: 499 498 497 496 495 112 113 494 114 476 477 478 481 480 479 475 473 474 466 465 464 463 483 482 493 492 491 490 500
    end: PORT-584("Hafnarfjörður")
  Segment 8 -> PORT-584
    stations: 503 504 485 461 456 457 458 459 460 484 486 487 488
    end: PORT-584("Hafnarfjörður")
  Segment 9 -> PORT-584
    stations: 501 467 468 469 470 471 472 122 121 120 119 118 117 116 115 275 111 274
    end: PORT-588("Ólafsvík")
  Segment 10 -> PORT-588
    stations: 106 107 109 273 260 261 262 263 259 129 130 131 204 203 202 199 198 200 201 209 208 207 255 254 252 253 272 271 108 101 102 103 104 105
    end: PORT-588("Ólafsvík")
  Segment 11 -> PORT-588
    stations: 110 270 269 268 264 265 267 266 123 124 125 126 127 128 258 257 256 205 206 210 211 212 197 196 195 194 193 192 218 217 220 216 213 214 215 237 238 243 244 250 251 249 248 245 247 246 242 241 240 239 132
    end: PORT-583("Ísafjörður")
  Segment 12 -> PORT-583
    stations: 181 180 179 135 136 137 2 7 8 9 142 144 145 146 147 148 149 150 139 140 141 138 151 152 153 154 155 156 157 158 159 160 161 162 163 164 165 166 167 168 169 170 171 172 173 174 175 176 177 178 228 229 134 133
    end: PORT-583("Ísafjörður")
  Segment 13 -> PORT-583
    stations: 230 232 233 234 235 231 227 226 182 183 184 185 186 187 188 189 190 191 219 223 224 225 222 221 236 97 98 99 100
    end: BOAT-END
Segment 1: "Árni Friðriksson" -> "Siglufjörður" | stations=87 distance=813.785 amount=43418
Segment 2: "Siglufjörður" -> "Seyðisfjörður" | stations=58 distance=451.872 amount=43833
Segment 3: "Seyðisfjörður" -> "Seyðisfjörður" | stations=111 distance=826.787 amount=43366
Segment 4: "Seyðisfjörður" -> "Vestmannaeyjar" | stations=43 distance=424.370 amount=42365
Segment 5: "Vestmannaeyjar" -> "Vestmannaeyjar" | stations=19 distance=195.103 amount=44427
Segment 6: "Vestmannaeyjar" -> "Hafnarfjörður" | stations=34 distance=288.144 amount=43492
Segment 7: "Hafnarfjörður" -> "Hafnarfjörður" | stations=29 distance=242.667 amount=32837
Segment 8: "Hafnarfjörður" -> "Hafnarfjörður" | stations=13 distance=191.936 amount=44629
Segment 9: "Hafnarfjörður" -> "Ólafsvík" | stations=18 distance=232.300 amount=42427
Segment 10: "Ólafsvík" -> "Ólafsvík" | stations=34 distance=241.302 amount=44182
Segment 11: "Ólafsvík" -> "Ísafjörður" | stations=51 distance=321.371 amount=43925
Segment 12: "Ísafjörður" -> "Ísafjörður" | stations=54 distance=290.554 amount=43558
Segment 13: "Ísafjörður" -> "Árni Friðriksson"-END | stations=29 distance=287.355 amount=15606
Segmented total distance: 4807.547
SelectedSize=622  Size=595
