Ship: Árni Friðriksson
ShipCap: 45000
Init strategy: greedy nearest-neighbor with capacity resets.
Init segments min: 13 (total=528065.0, init_cap=44000.0, ship_cap=45000.0)
Init strategy: greedy edge
Heuristic no-port order length (min-pair): 5104.338
Insert port before STAT-60: PORT-581("Siglufjörður") load=43418 dist=30.703
Insert port before STAT-352: PORT-591("Seyðisfjörður") load=43833 dist=66.652
Insert port before STAT-557: PORT-591("Seyðisfjörður") load=43366 dist=53.840
Insert port before STAT-579: PORT-593("Vestmannaeyjar") load=42365 dist=100082.920
Insert port before STAT-434: PORT-593("Vestmannaeyjar") load=42413 dist=28.909
Insert port before STAT-457: PORT-584("Hafnarfjörður") load=43160 dist=85.654
Insert port before STAT-484: PORT-584("Hafnarfjörður") load=43286 dist=63.476
Insert port before STAT-467: PORT-584("Hafnarfjörður") load=37457 dist=88.042
Insert port before STAT-104: PORT-588("Ólafsvík") load=43796 dist=7.321
Insert port before STAT-131: PORT-588("Ólafsvík") load=40980 dist=85.637
Insert port before STAT-216: PORT-583("Ísafjörður") load=43652 dist=59.639
Insert port before STAT-176: PORT-583("Ísafjörður") load=43785 dist=49.913
Init segments built: 13 (min=13)
Visit order (592): STAT-1 STAT-3 STAT-4 STAT-5 STAT-6 STAT-10 STAT-11 STAT-12 STAT-14 STAT-13 STAT-18 STAT-17 STAT-16 STAT-15 STAT-143 STAT-31 STAT-32 STAT-36 STAT-35 STAT-34 STAT-33 STAT-30 STAT-29 STAT-27 STAT-26 STAT-28 STAT-80 STAT-79 STAT-78 STAT-77 STAT-70 STAT-76 STAT-75 STAT-71 STAT-72 STAT-73 STAT-74 STAT-68 STAT-69 STAT-67 STAT-66 STAT-55 STAT-56 STAT-54 STAT-53 STAT-51 STAT-52 STAT-49 STAT-50 STAT-37 STAT-38 STAT-48 STAT-39 STAT-40 STAT-47 STAT-396 STAT-44 STAT-45 STAT-46 STAT-43 STAT-42 STAT-41 STAT-20 STAT-19 STAT-21 STAT-22 STAT-23 STAT-24 STAT-25 STAT-93 STAT-92 STAT-94 STAT-96 STAT-95 STAT-90 STAT-91 STAT-89 STAT-88 STAT-81 STAT-82 STAT-83 STAT-87 STAT-84 STAT-85 STAT-86 STAT-59 STAT-57 PORT-581("Siglufjörður") STAT-60 STAT-58 STAT-64 STAT-65 STAT-63 STAT-61 STAT-62 STAT-386 STAT-403 STAT-385 STAT-402 STAT-387 STAT-388 STAT-389 STAT-390 STAT-391 STAT-392 STAT-393 STAT-394 STAT-395 STAT-397 STAT-398 STAT-399 STAT-400 STAT-401 STAT-407 STAT-406 STAT-405 STAT-404 STAT-408 STAT-409 STAT-410 STAT-411 STAT-412 STAT-413 STAT-415 STAT-416 STAT-417 STAT-425 STAT-381 STAT-426 STAT-368 STAT-367 STAT-365 STAT-366 STAT-364 STAT-363 STAT-348 STAT-362 STAT-361 STAT-360 STAT-359 STAT-358 STAT-357 STAT-356 STAT-355 STAT-354 STAT-353 PORT-591("Seyðisfjörður") STAT-352 STAT-351 STAT-350 STAT-349 STAT-326 STAT-332 STAT-331 STAT-329 STAT-330 STAT-328 STAT-327 STAT-325 STAT-324 STAT-323 STAT-321 STAT-339 STAT-338 STAT-337 STAT-336 STAT-335 STAT-334 STAT-333 STAT-347 STAT-369 STAT-370 STAT-371 STAT-372 STAT-373 STAT-374 STAT-375 STAT-376 STAT-377 STAT-379 STAT-378 STAT-380 STAT-414 STAT-382 STAT-384 STAT-383 STAT-419 STAT-420 STAT-421 STAT-423 STAT-422 STAT-424 STAT-418 STAT-301 STAT-302 STAT-303 STAT-304 STAT-305 STAT-299 STAT-300 STAT-298 STAT-306 STAT-297 STAT-296 STAT-295 STAT-294 STAT-293 STAT-292 STAT-291 STAT-290 STAT-289 STAT-310 STAT-309 STAT-311 STAT-308 STAT-307 STAT-322 STAT-341 STAT-281 STAT-280 STAT-279 STAT-278 STAT-277 STAT-276 STAT-346 STAT-345 STAT-344 STAT-343 STAT-342 STAT-340 STAT-320 STAT-319 STAT-318 STAT-317 STAT-316 STAT-315 STAT-314 STAT-313 STAT-312 STAT-288 STAT-287 STAT-286 STAT-285 STAT-552 STAT-551 STAT-550 STAT-553 STAT-554 STAT-562 STAT-561 STAT-560 STAT-559 STAT-558 STAT-555 STAT-284 STAT-283 STAT-282 STAT-556 PORT-591("Seyðisfjörður") STAT-557 STAT-567 STAT-568 STAT-565 STAT-564 STAT-563 STAT-566 STAT-548 STAT-546 STAT-547 STAT-549 STAT-545 STAT-541 STAT-544 STAT-539 STAT-540 STAT-543 STAT-542 STAT-538 STAT-537 STAT-536 STAT-529 STAT-528 STAT-527 STAT-530 STAT-531 STAT-532 STAT-533 STAT-535 STAT-534 STAT-572 STAT-569 STAT-570 STAT-571 STAT-573 STAT-574 STAT-576 STAT-577 STAT-575 STAT-526 STAT-525 STAT-524 STAT-578 PORT-593("Vestmannaeyjar") STAT-579 STAT-580 STAT-521 STAT-522 STAT-523 STAT-520 STAT-519 STAT-518 STAT-517 STAT-516 STAT-515 STAT-427 STAT-428 STAT-429 STAT-430 STAT-431 STAT-432 STAT-433 PORT-593("Vestmannaeyjar") STAT-434 STAT-445 STAT-446 STAT-447 STAT-507 STAT-508 STAT-509 STAT-510 STAT-511 STAT-514 STAT-513 STAT-512 STAT-436 STAT-435 STAT-438 STAT-437 STAT-439 STAT-440 STAT-441 STAT-442 STAT-443 STAT-444 STAT-506 STAT-505 STAT-449 STAT-448 STAT-450 STAT-451 STAT-453 STAT-452 STAT-454 STAT-455 STAT-456 PORT-584("Hafnarfjörður") STAT-457 STAT-458 STAT-459 STAT-460 STAT-464 STAT-482 STAT-483 STAT-463 PORT-584("Hafnarfjörður") STAT-484 STAT-462 STAT-461 STAT-485 STAT-486 STAT-487 STAT-488 STAT-489 STAT-490 STAT-491 STAT-492 STAT-493 STAT-114 STAT-112 STAT-113 STAT-494 STAT-495 STAT-496 STAT-497 STAT-499 STAT-498 STAT-500 STAT-501 STAT-502 STAT-503 STAT-504 STAT-473 STAT-474 STAT-475 STAT-477 STAT-476 STAT-478 STAT-479 STAT-481 STAT-480 STAT-465 STAT-466 PORT-584("Hafnarfjörður") STAT-467 STAT-468 STAT-469 STAT-470 STAT-471 STAT-472 STAT-122 STAT-121 STAT-120 STAT-119 STAT-118 STAT-117 STAT-116 STAT-115 STAT-275 STAT-111 STAT-274 STAT-107 STAT-106 STAT-105 PORT-588("Ólafsvík") STAT-104 STAT-103 STAT-102 STAT-101 STAT-108 STAT-109 STAT-110 STAT-273 STAT-272 STAT-271 STAT-270 STAT-269 STAT-268 STAT-264 STAT-265 STAT-267 STAT-266 STAT-123 STAT-124 STAT-263 STAT-262 STAT-261 STAT-260 STAT-252 STAT-253 STAT-254 STAT-255 STAT-256 STAT-257 STAT-259 STAT-258 STAT-128 STAT-127 STAT-126 STAT-125 STAT-129 STAT-130 PORT-588("Ólafsvík") STAT-131 STAT-204 STAT-203 STAT-202 STAT-205 STAT-206 STAT-207 STAT-208 STAT-250 STAT-251 STAT-249 STAT-248 STAT-247 STAT-245 STAT-244 STAT-243 STAT-242 STAT-241 STAT-240 STAT-239 STAT-238 STAT-237 STAT-215 STAT-214 STAT-213 STAT-212 STAT-211 STAT-210 STAT-209 STAT-201 STAT-200 STAT-199 STAT-198 STAT-197 STAT-196 STAT-195 STAT-193 STAT-194 STAT-192 STAT-218 STAT-217 PORT-583("Ísafjörður") STAT-216 STAT-220 STAT-222 STAT-221 STAT-236 STAT-97 STAT-98 STAT-246 STAT-99 STAT-100 STAT-189 STAT-225 STAT-224 STAT-223 STAT-219 STAT-191 STAT-190 STAT-188 STAT-187 STAT-186 STAT-185 STAT-184 STAT-183 STAT-182 STAT-226 STAT-178 STAT-227 STAT-231 STAT-232 STAT-230 STAT-233 STAT-234 STAT-235 STAT-133 STAT-134 STAT-132 STAT-181 STAT-180 STAT-229 STAT-228 STAT-179 STAT-154 STAT-153 STAT-152 STAT-151 STAT-139 STAT-140 STAT-148 STAT-149 STAT-150 STAT-158 STAT-157 STAT-156 STAT-155 STAT-169 STAT-168 STAT-170 STAT-171 STAT-177 PORT-583("Ísafjörður") STAT-176 STAT-175 STAT-174 STAT-173 STAT-172 STAT-167 STAT-166 STAT-165 STAT-164 STAT-163 STAT-159 STAT-162 STAT-160 STAT-161 STAT-146 STAT-145 STAT-147 STAT-144 STAT-142 STAT-9 STAT-8 STAT-141 STAT-138 STAT-7 STAT-2 STAT-135 STAT-136 STAT-137
Initial segment plan:
Segment plan:
  Segment 1 -> START
    stations: 1 3 4 5 6 10 11 12 14 13 18 17 16 15 143 31 32 36 35 34 33 30 29 27 26 28 80 79 78 77 70 76 75 71 72 73 74 68 69 67 66 55 56 54 53 51 52 49 50 37 38 48 39 40 47 396 44 45 46 43 42 41 20 19 21 22 23 24 25 93 92 94 96 95 90 91 89 88 81 82 83 87 84 85 86 59 57
    end: PORT-581("Siglufjörður")
  Segment 2 -> PORT-581
    stations: 60 58 64 65 63 61 62 386 403 385 402 387 388 389 390 391 392 393 394 395 397 398 399 400 401 407 406 405 404 408 409 410 411 412 413 415 416 417 425 381 426 368 367 365 366 364 363 348 362 361 360 359 358 357 356 355 354 353
    end: PORT-591("Seyðisfjörður")
  Segment 3 -> PORT-591
    stations: 352 351 350 349 326 332 331 329 330 328 327 325 324 323 321 339 338 337 336 335 334 333 347 369 370 371 372 373 374 375 376 377 379 378 380 414 382 384 383 419 420 421 423 422 424 418 301 302 303 304 305 299 300 298 306 297 296 295 294 293 292 291 290 289 310 309 311 308 307 322 341 281 280 279 278 277 276 346 345 344 343 342 340 320 319 318 317 316 315 314 313 312 288 287 286 285 552 551 550 553 554 562 561 560 559 558 555 284 283 282 556
    end: PORT-591("Seyðisfjörður")
  Segment 4 -> PORT-591
    stations: 557 567 568 565 564 563 566 548 546 547 549 545 541 544 539 540 543 542 538 537 536 529 528 527 530 531 532 533 535 534 572 569 570 571 573 574 576 577 575 526 525 524 578
    end: PORT-593("Vestmannaeyjar")
  Segment 5 -> PORT-593
    stations: 579 580 521 522 523 520 519 518 517 516 515 427 428 429 430 431 432 433
    end: PORT-593("Vestmannaeyjar")
  Segment 6 -> PORT-593
    stations: 434 445 446 447 507 508 509 510 511 514 513 512 436 435 438 437 439 440 441 442 443 444 506 505 449 448 450 451 453 452 454 455 456
    end: PORT-584("Hafnarfjörður")
  Segment 7 -> PORT-584
    stations: 457 458 459 460 464 482 483 463
    end: PORT-584("Hafnarfjörður")
  Segment 8 -> PORT-584
    stations: 484 462 461 485 486 487 488 489 490 491 492 493 114 112 113 494 495 496 497 499 498 500 501 502 503 504 473 474 475 477 476 478 479 481 480 465 466
    end: PORT-584("Hafnarfjörður")
  Segment 9 -> PORT-584
    stations: 467 468 469 470 471 472 122 121 120 119 118 117 116 115 275 111 274 107 106 105
    end: PORT-588("Ólafsvík")
  Segment 10 -> PORT-588
    stations: 104 103 102 101 108 109 110 273 272 271 270 269 268 264 265 267 266 123 124 263 262 261 260 252 253 254 255 256 257 259 258 128 127 126 125 129 130
    end: PORT-588("Ólafsvík")
  Segment 11 -> PORT-588
    stations: 131 204 203 202 205 206 207 208 250 251 249 248 247 245 244 243 242 241 240 239 238 237 215 214 213 212 211 210 209 201 200 199 198 197 196 195 193 194 192 218 217
    end: PORT-583("Ísafjörður")
  Segment 12 -> PORT-583
    stations: 216 220 222 221 236 97 98 246 99 100 189 225 224 223 219 191 190 188 187 186 185 184 183 182 226 178 227 231 232 230 233 234 235 133 134 132 181 180 229 228 179 154 153 152 151 139 140 148 149 150 158 157 156 155 169 168 170 171 177
    end: PORT-583("Ísafjörður")
  Segment 13 -> PORT-583
    stations: 176 175 174 173 172 167 166 165 164 163 159 162 160 161 146 145 147 144 142 9 8 141 138 7 2 135 136 137
    end: BOAT-END
Set parameter Username
Set parameter LicenseID to value 2738882
Academic license - for non-commercial use only - expires 2026-11-14
Segment 1 eval: start=BOAT-0 end=PORT-581 stations=87 (optimize)
  Segment 1 order: 1 3 4 -25 -5 -6 10 11 143 15 16 17 -18 -13 14 12 -24 -23 -22 -21 19 20 -41 42 43 44 45 46 -396 -47 -40 39 48 49 50 -38 -37 51 -52 59 -57 56 55 -54 -53 66 67 69 -36 -35 -34 -33 -32 -31 -30 -29 -28 -27 -26 93 -92 94 -96 -95 90 91 -89 88 -87 86 -85 -84 -83 -82 -81 -80 79 -78 -77 -70 -76 75 72 73 -74 -71 -68
Segment 2 eval: start=PORT-581 end=PORT-591 stations=58 (optimize)
  Segment 2 order: 65 -63 64 -58 60 61 62 391 392 393 394 395 397 398 399 -400 -401 389 390 388 -387 -386 -385 -402 403 405 406 -407 -404 409 408 -410 411 412 -413 -415 416 -417 425 381 426 -368 -367 -366 -365 364 362 -361 -360 -359 -358 -357 -356 -355 354 -353 348 -363
Segment 3 eval: start=PORT-591 end=PORT-591 stations=111 (optimize)
  Segment 3 order: -346 276 277 278 279 280 281 -556 282 283 -284 555 558 559 -560 561 -562 -554 553 550 551 552 285 286 287 288 289 290 291 292 293 294 -295 296 297 306 -305 -298 299 300 301 302 304 -303 307 308 309 -310 311 312 -313 314 315 316 317 318 319 320 340 341 342 343 344 345 334 335 336 337 338 339 321 322 323 324 325 -327 328 330 -331 -329 -326 349 350 351 352 -373 372 -374 375 376 377 379 380 414 382 384 -383 419 420 421 -423 -422 424 -418 -378 -371 -370 369 332 -333 347
Segment 4 eval: start=PORT-591 end=PORT-593 stations=43 (optimize)
  Segment 4 order: 557 563 564 565 566 567 568 -542 543 540 541 549 548 -547 -546 -545 -544 -539 -538 -537 536 -535 -534 -572 569 570 571 573 574 576 533 -532 -531 -530 -529 -528 -527 577 575 578 -525 526 -524
Segment 5 eval: start=PORT-593 end=PORT-593 stations=18 (optimize)
  Segment 5 order: 515 516 522 523 579 580 -521 -520 -519 -518 -517 -427 428 429 431 432 433 -430
Segment 6 eval: start=PORT-593 end=PORT-584 stations=33 (optimize)
  Segment 6 order: -512 513 -514 -511 -510 -509 -508 -507 -506 -505 -444 -443 -442 -441 440 -439 437 -436 -435 -434 438 445 446 447 448 449 450 451 452 453 -456 -455 -454
Segment 7 eval: start=PORT-584 end=PORT-584 stations=8 (optimize)
  Segment 7 order: 482 483 463 -464 -460 -459 -458 -457
Segment 8 eval: start=PORT-584 end=PORT-584 stations=37 (optimize)
  Segment 8 order: -501 500 502 503 -504 -488 -487 -486 -485 -461 -484 462 -489 490 491 492 -493 477 -480 -481 479 -465 -466 474 -473 -475 -478 -476 -114 494 -113 -112 495 496 497 498 499
Segment 9 eval: start=PORT-584 end=PORT-588 stations=20 (optimize)
  Segment 9 order: 467 468 469 470 -471 472 -122 -121 120 -119 -118 -117 -116 -115 -275 -111 -274 -107 -106 -105
Segment 10 eval: start=PORT-588 end=PORT-588 stations=37 (optimize)
  Segment 10 order: 109 110 -270 -269 -268 264 265 267 266 123 124 125 -126 127 -263 -262 -261 -260 -259 258 128 129 130 -256 257 -255 -254 -252 -253 273 -272 -271 -108 101 102 103 -104
Segment 11 eval: start=PORT-588 end=PORT-583 stations=41 (optimize)
  Segment 11 order: -248 -247 243 244 245 -249 251 -250 -208 -207 -206 -205 131 -204 -203 -202 -199 -198 -200 201 -209 -210 211 -212 197 -196 -195 -194 -193 -192 218 217 -213 214 215 -237 238 239 240 -241 242
Segment 12 eval: start=PORT-583 end=PORT-583 stations=59 (optimize)
  Segment 12 order: 133 134 230 232 233 234 -235 231 -227 -178 -226 -224 225 -222 -221 -236 97 98 99 100 246 216 -220 -219 -191 -189 190 223 -188 -187 -186 -185 -184 -183 -182 -177 171 -170 -169 -168 155 156 157 158 -150 -149 148 -140 -139 151 152 153 154 179 228 229 180 181 132
Segment 13 eval: start=PORT-583 end=BOAT-END stations=28 (optimize)
  Segment 13 order: -135 136 -137 -2 7 138 141 8 9 142 144 145 146 147 161 -160 159 163 -162 164 165 166 167 172 173 174 175 -176
PROGRESS pass=0 changed=0 total=5027.031 best=5027.031 nseg=13 stall=0
Set parameter Username
Set parameter LicenseID to value 2738882
Academic license - for non-commercial use only - expires 2026-11-14
Capacity boundary sweep pass 1
Cap boundary debug: BOAT -> [1 3 4 5 6 10 11 12 14 13 18 17 16 15 143 31 32 36 35 34 33 30 29 27 26 28 80 79 78 77 70 76 75 71 72 73 74 68 69 67 66 55 56 54 53 51 52 49 50 37 38 48 39 40 47 396 44 45 46 43 42 41 20 19 21 22 23 24 25 93 92 94 96 95 90 91 89 88 81 82 83 87 84 85 86 59 57] -> PORT-581 -> [60 58 64 65 63 61 62 386 403 385 402 387 388 389 390 391 392 393 394 395 397 398 399 400 401 407 406 405 404 408 409 410 411 412 413 415 416 417 425 381 426 368 367 365 366 364 363 348 362 361 360 359 358 357 356 355 354 353] -> PORT-591 | load_left=43418 load_right=43833 cap=45000
Set parameter Username
Set parameter LicenseID to value 2738882
Academic license - for non-commercial use only - expires 2026-11-14
Set parameter TimeLimit to value 360
Set parameter Seed to value 443747539
Set parameter Threads to value 4
Set parameter OutputFlag to value 1
Set parameter LogToConsole to value 1
Set parameter LazyConstraints to value 1
Gurobi Optimizer version 13.0.0 build v13.0.0rc1 (linux64 - "Debian GNU/Linux 13 (trixie)")

CPU model: AMD Ryzen 9 5950X 16-Core Processor, instruction set [SSE2|AVX|AVX2]
Thread count: 16 physical cores, 32 logical processors, using up to 4 threads

Non-default parameters:
TimeLimit  360
Seed  443747539
Threads  4
LazyConstraints  1

Optimize a model with 89362 rows, 259308 columns and 518604 nonzeros (Min)
Model fingerprint: 0x22c1918e
Model has 85848 linear objective coefficients
Variable types: 172872 continuous, 86436 integer (86436 binary)
Coefficient statistics:
  Matrix range     [1e+00, 4e+04]
  Objective range  [1e+00, 1e+05]
  Bounds range     [1e+00, 4e+04]
  RHS range        [1e+00, 1e+04]
Presolve removed 3224 rows and 88343 columns
Presolve time: 0.63s
Presolved: 86138 rows, 170965 columns, 513314 nonzeros
Variable types: 84970 continuous, 85995 integer (85995 binary)
Root relaxation presolved: 86138 rows, 170965 columns, 513314 nonzeros

Deterministic concurrent LP optimizer: primal simplex, dual simplex, and barrier
Showing barrier log only...

Root barrier log...

Ordering time: 0.43s

Barrier statistics:
 AA' NZ     : 5.151e+05
 Factor NZ  : 9.620e+05 (roughly 110 MB of memory)
 Factor Ops : 2.953e+08 (less than 1 second per iteration)
 Threads    : 2

                  Objective                Residual
Iter       Primal          Dual         Primal    Dual     Compl     Time
   0   1.29112894e+10 -5.36889149e+13  2.63e+05 1.46e-11  2.11e+08     2s
   1   6.00028779e+09 -3.63236927e+13  1.22e+05 2.76e+04  1.22e+08     2s
   2   4.19003782e+09 -2.12791446e+12  8.58e+04 4.66e-10  2.71e+07     2s
   3   1.59761226e+09 -8.61322848e+11  3.28e+04 5.72e-10  1.02e+07     2s
   4   6.69987036e+08 -5.41556648e+11  1.37e+04 7.53e-10  4.64e+06     2s
   5   2.14192311e+08 -3.35332843e+11  4.36e+03 5.70e-10  1.83e+06     2s
   6   1.59022858e+07 -1.87079793e+11  2.75e+02 5.47e-10  5.00e+05     2s
   7   4.68741574e+06 -1.81310040e+10  4.28e+01 4.40e-10  4.89e+04     2s
   8   4.53587153e+06 -1.59262989e+10  3.85e+01 3.75e-10  4.28e+04     2s
   9   4.31032752e+06 -1.33532288e+10  3.40e+01 2.80e-09  3.58e+04     2s
  10   4.00552932e+06 -1.26514107e+10  2.79e+01 2.80e-09  3.32e+04     2s
  11   3.60057941e+06 -3.79695129e+09  2.05e+01 1.55e-08  9.75e+03     2s
  12   2.96681006e+06 -9.28313575e+08  9.75e+00 4.49e-09  2.34e+03     2s
  13   2.72743738e+06 -5.91507875e+08  5.35e+00 2.65e-09  1.45e+03     2s
  14   2.54994363e+06 -9.84592470e+07  2.27e+00 1.53e-09  2.43e+02     2s
  15   2.06671789e+06 -4.76839361e+07  3.67e-01 2.26e-09  1.17e+02     3s
  16   1.33291124e+06 -1.70431409e+07  1.41e-02 2.78e-09  4.31e+01     3s
  17   3.70647807e+05 -4.52925878e+06  8.08e-07 1.21e-09  1.15e+01     3s
  18   5.20319603e+04 -2.53439606e+05  7.22e-08 1.19e-09  7.16e-01     3s
  19   1.01089070e+04 -2.62613213e+04  2.47e-09 1.41e-09  8.52e-02     3s
  20   8.32202509e+03 -1.55332368e+04  3.33e-09 1.48e-09  5.59e-02     3s
  21   6.92681215e+03 -5.76391531e+03  1.78e-09 1.91e-09  2.97e-02     3s
  22   5.70425478e+03 -4.00675360e+03  1.08e-09 1.46e-09  2.27e-02     3s
  23   3.09220051e+03 -9.65285646e+02  5.12e-10 1.98e-09  9.50e-03     3s
  24   1.60184289e+03  3.30442369e+02  6.39e-10 1.78e-09  2.98e-03     3s
  25   1.23766195e+03  8.02425339e+02  1.24e-09 1.41e-09  1.02e-03     3s
  26   1.19094836e+03  8.69293520e+02  6.76e-10 2.43e-09  7.53e-04     3s
  27   1.14858406e+03  1.02071304e+03  2.32e-10 1.80e-09  3.00e-04     3s
  28   1.12605505e+03  1.08191592e+03  1.31e-09 3.37e-09  1.03e-04     3s
  29   1.11977289e+03  1.10563714e+03  9.42e-10 2.07e-09  3.31e-05     3s
  30   1.11744293e+03  1.11314712e+03  1.93e-09 7.59e-10  1.01e-05     3s
  31   1.11718437e+03  1.11528824e+03  1.12e-09 1.43e-09  4.44e-06     3s
  32   1.11697758e+03  1.11651738e+03  1.60e-09 1.59e-09  1.08e-06     4s
  33   1.11678299e+03  1.11671008e+03  2.20e-09 1.63e-09  1.71e-07     4s
  34   1.11677190e+03  1.11675150e+03  1.21e-09 1.56e-09  4.78e-08     4s
  35   1.11676840e+03  1.11675499e+03  8.51e-10 1.85e-09  3.14e-08     4s
  36   1.11675908e+03  1.11675861e+03  2.16e-09 1.66e-09  1.09e-09     4s
  37   1.11675882e+03  1.11675878e+03  1.56e-09 7.11e-10  8.77e-11     4s
  38   1.11675879e+03  1.11675879e+03  1.54e-09 1.66e-09  6.41e-12     4s

Barrier solved model in 38 iterations and 3.87 seconds (5.98 work units)
Optimal objective 1.11675879e+03

Crossover time: 0.43 seconds (0.85 work units)
Concurrent spin time: 0.01s

Solved with barrier

Root relaxation: objective 1.116759e+03, 46100 iterations, 3.33 seconds (4.89 work units)

    Nodes    |    Current Node    |     Objective Bounds      |     Work
 Expl Unexpl |  Obj  Depth IntInf | Incumbent    BestBd   Gap | It/Node Time

     0     0 1116.75879    0  452          - 1116.75879      -     -    6s
H    0     0                    1757.9546399 1116.75879  36.5%     -    7s
H    0     0                    1755.0425698 1116.75879  36.4%     -    7s
H    0     0                    1711.4935500 1116.75879  34.7%     -    8s
H    0     0                    1709.2514306 1116.75879  34.7%     -    8s
H    0     0                    1704.4437071 1116.75879  34.5%     -    9s
     0     0 1116.75879    0  452 1704.44371 1116.75879  34.5%     -   11s
H    0     0                    1686.0813075 1116.75879  33.8%     -   15s
H    0     0                    1591.6437296 1116.75879  29.8%     -   15s
H    0     0                    1590.5267314 1116.75879  29.8%     -   15s
H    0     0                    1579.7381770 1116.75879  29.3%     -   17s
     0     0 1116.75879    0  452 1579.73818 1116.75879  29.3%     -   20s
     0     0 1119.43188    0  529 1579.73818 1119.43188  29.1%     -   32s
H    0     0                    1556.9462607 1119.43188  28.1%     -   35s
H    0     0                    1546.9157061 1119.43188  27.6%     -   36s
H    0     0                    1540.5250525 1119.43188  27.3%     -   36s
H    0     0                    1539.6810423 1119.43188  27.3%     -   38s
H    0     0                    1532.3884973 1119.43188  26.9%     -   40s
H    0     0                    1461.1251842 1119.43188  23.4%     -   52s
     0     0 1119.43188    0  529 1461.12518 1119.43188  23.4%     -   55s
H    0     0                    1459.4519806 1119.43188  23.3%     -   62s
H    0     0                    1422.1316597 1119.43188  21.3%     -   69s
H    0     0                    1417.9926404 1119.43188  21.1%     -   75s
     0     0 1119.60990    0  531 1417.99264 1119.60990  21.0%     -   77s
     0     0 1119.60997    0  533 1417.99264 1119.60997  21.0%     -   78s
     0     0 1125.53370    0  575 1417.99264 1125.53370  20.6%     -   87s
     0     0 1125.75862    0  575 1417.99264 1125.75862  20.6%     -   87s
     0     0 1125.91337    0  576 1417.99264 1125.91337  20.6%     -   87s
     0     0 1126.71466    0  578 1417.99264 1126.71466  20.5%     -   88s
     0     0 1131.05725    0  595 1417.99264 1131.05725  20.2%     -   96s
     0     0 1131.28715    0  601 1417.99264 1131.28715  20.2%     -   97s
     0     0 1131.28724    0  600 1417.99264 1131.28724  20.2%     -   97s
     0     0 1132.11518    0  606 1417.99264 1132.11518  20.2%     -  104s
H    0     0                    1414.0465974 1132.11518  19.9%     -  105s
H    0     0                    1413.6178320 1132.11518  19.9%     -  106s
     0     0 1132.11518    0  602 1413.61783 1132.11518  19.9%     -  106s
     0     0 1134.10019    0  627 1413.61783 1134.10019  19.8%     -  113s
     0     0 1134.14947    0  620 1413.61783 1134.14947  19.8%     -  113s
     0     0 1134.14950    0  621 1413.61783 1134.14950  19.8%     -  113s
     0     0 1135.86937    0  629 1413.61783 1135.86937  19.6%     -  122s
     0     0 1137.07686    0  607 1413.61783 1137.07686  19.6%     -  129s
     0     0 1137.07720    0  611 1413.61783 1137.07720  19.6%     -  129s
     0     0 1140.49217    0  603 1413.61783 1140.49217  19.3%     -  138s
     0     0 1140.92741    0  618 1413.61783 1140.92741  19.3%     -  139s
     0     0 1140.98524    0  622 1413.61783 1140.98524  19.3%     -  139s
     0     0 1141.02862    0  624 1413.61783 1141.02862  19.3%     -  139s
     0     0 1143.99754    0  618 1413.61783 1143.99754  19.1%     -  148s
     0     0 1143.99772    0  604 1413.61783 1143.99772  19.1%     -  150s
     0     0 1144.99095    0  606 1413.61783 1144.99095  19.0%     -  157s
     0     0 1145.00076    0  626 1413.61783 1145.00076  19.0%     -  157s
     0     0 1145.00081    0  613 1413.61783 1145.00081  19.0%     -  158s
     0     0 1145.13854    0  615 1413.61783 1145.13854  19.0%     -  165s
H    0     0                    1402.8207582 1145.13854  18.4%     -  166s
H    0     0                    1385.8563927 1145.13854  17.4%     -  166s
H    0     0                    1384.6070551 1145.13854  17.3%     -  166s
H    0     0                    1368.2192433 1145.13854  16.3%     -  166s
H    0     0                    1366.4037187 1145.13854  16.2%     -  167s
H    0     0                    1366.1955877 1145.13854  16.2%     -  167s
     0     0 1145.13854    0  612 1366.19559 1145.13854  16.2%     -  168s
     0     0 1145.30984    0  613 1366.19559 1145.30984  16.2%     -  173s
     0     0 1145.46547    0  619 1366.19559 1145.46547  16.2%     -  173s
     0     0 1145.46547    0  617 1366.19559 1145.46547  16.2%     -  173s
     0     0 1145.55590    0  628 1366.19559 1145.55590  16.1%     -  178s
     0     0 1145.56618    0  620 1366.19559 1145.56618  16.1%     -  179s
     0     0 1145.87743    0  618 1366.19559 1145.87743  16.1%     -  185s
     0     0 1145.88182    0  622 1366.19559 1145.88182  16.1%     -  186s
     0     0 1145.94906    0  612 1366.19559 1145.94906  16.1%     -  190s
     0     0 1145.94906    0  609 1366.19559 1145.94906  16.1%     -  191s
     0     0 1146.26581    0  612 1366.19559 1146.26581  16.1%     -  195s
     0     0 1146.27122    0  618 1366.19559 1146.27122  16.1%     -  196s
     0     0 1146.39269    0  620 1366.19559 1146.39269  16.1%     -  202s
     0     0 1146.39405    0  624 1366.19559 1146.39405  16.1%     -  202s
     0     0 1146.39472    0  627 1366.19559 1146.39472  16.1%     -  207s
     0     0 1146.39472    0  624 1366.19559 1146.39472  16.1%     -  207s
     0     0 1146.39769    0  623 1366.19559 1146.39769  16.1%     -  212s
     0     0 1146.41205    0  623 1366.19559 1146.41205  16.1%     -  212s
     0     0 1146.41205    0  593 1366.19559 1146.41205  16.1%     -  215s
H    0     0                    1354.2340623 1146.41205  15.3%     -  228s
H    0     0                    1351.0964723 1146.41205  15.1%     -  229s
H    0     0                    1350.3772184 1146.41205  15.1%     -  229s
H    0     0                    1330.8752432 1146.41205  13.9%     -  230s
     0     0 1146.41205    0  476 1330.87524 1146.41205  13.9%     -  255s
H    0     0                    1329.7688163 1146.41205  13.8%     -  256s
H    0     0                    1312.6383701 1146.41205  12.7%     -  257s
H    0     0                    1312.1013635 1146.41205  12.6%     -  258s
     0     0 1146.41205    0  556 1312.10136 1146.41205  12.6%     -  274s
H    0     0                    1308.1493442 1146.41205  12.4%     -  276s
H    0     0                    1307.9987941 1146.41205  12.4%     -  278s
H    0     0                    1302.2159187 1146.41205  12.0%     -  278s
H    0     0                    1301.9745306 1146.41205  11.9%     -  279s
H    0     0                    1296.9023026 1146.41205  11.6%     -  284s
H    0     0                    1295.9510913 1146.41205  11.5%     -  284s
H    0     0                    1283.7794201 1146.41205  10.7%     -  285s
H    0     0                    1278.7071921 1146.41205  10.3%     -  287s
H    0     0                    1277.8788657 1146.41205  10.3%     -  288s
H    0     0                    1264.0265516 1146.41205  9.30%     -  290s
     0     0 1146.41205    0  583 1264.02655 1146.41205  9.30%     -  297s
     0     0 1146.41205    0  589 1264.02655 1146.41205  9.30%     -  301s
     0     0 1146.41205    0  597 1264.02655 1146.41205  9.30%     -  306s
     0     0 1147.12700    0  606 1264.02655 1147.12700  9.25%     -  311s
     0     0 1147.12710    0  605 1264.02655 1147.12710  9.25%     -  311s
     0     0 1147.13169    0  613 1264.02655 1147.13169  9.25%     -  314s
     0     0 1147.99956    0  615 1264.02655 1147.99956  9.18%     -  314s
     0     0 1148.05590    0  629 1264.02655 1148.05590  9.17%     -  327s
     0     0 1148.13286    0  630 1264.02655 1148.13286  9.17%     -  331s
     0     0 1148.13286    0  631 1264.02655 1148.13286  9.17%     -  331s
     0     0 1152.07603    0  615 1264.02655 1152.07603  8.86%     -  350s
     0     0 1152.11356    0  627 1264.02655 1152.11356  8.85%     -  352s
     0     0 1152.39485    0  625 1264.02655 1152.39485  8.83%     -  355s
     0     0 1152.39485    0  625 1264.02655 1152.39485  8.83%     -  355s
     0     0 1152.42316    0  628 1264.02655 1152.42316  8.83%     -  358s
     0     0 1152.42354    0  623 1264.02655 1152.42354  8.83%     -  359s

Cutting planes:
  Gomory: 4
  Cover: 6
  Implied bound: 185
  Clique: 3
  MIR: 34
  Flow cover: 93
  GUB cover: 1
  Zero half: 82
  RLT: 5
  Relax-and-lift: 235
  BQP: 4

Explored 1 nodes (379110 simplex iterations) in 360.03 seconds (773.85 work units)
Thread count was 4 (of 32 available processors)

Solution count 10: 1264.03 1277.88 1278.71 ... 1308.15

Time limit reached
Best objective 1.264026551613e+03, best bound 1.152423535879e+03, gap 8.8292%

User-callback calls 31381, time in user-callback 0.03 sec
Cap boundary reject: PORT-581 segment infeasible left=745.203 right=100691.815
Cap boundary reject: PORT-581 real=1000000000000000052504760255204420248704468581108159154915854115511802457988908195786371375080447864043704443832883878176942523235360430575644792184786706982848387200926575803737830233794788090059368953234970799945081119038967640880074652742780142494579258788820056842838115669472196386865459400540160.000 baseline=1265.657
Cap boundary debug: PORT-581 -> [60 58 64 65 63 61 62 386 403 385 402 387 388 389 390 391 392 393 394 395 397 398 399 400 401 407 406 405 404 408 409 410 411 412 413 415 416 417 425 381 426 368 367 365 366 364 363 348 362 361 360 359 358 357 356 355 354 353] -> PORT-591 -> [352 351 350 349 326 332 331 329 330 328 327 325 324 323 321 339 338 337 336 335 334 333 347 369 370 371 372 373 374 375 376 377 379 378 380 414 382 384 383 419 420 421 423 422 424 418 301 302 303 304 305 299 300 298 306 297 296 295 294 293 292 291 290 289 310 309 311 308 307 322 341 281 280 279 278 277 276 346 345 344 343 342 340 320 319 318 317 316 315 314 313 312 288 287 286 285 552 551 550 553 554 562 561 560 559 558 555 284 283 282 556] -> PORT-591 | load_left=43833 load_right=43366 cap=45000
Set parameter Username
Set parameter LicenseID to value 2738882
Academic license - for non-commercial use only - expires 2026-11-14
Set parameter TimeLimit to value 360
Set parameter Seed to value 476587275
Set parameter Threads to value 4
Set parameter OutputFlag to value 1
Set parameter LogToConsole to value 1
Set parameter LazyConstraints to value 1
Gurobi Optimizer version 13.0.0 build v13.0.0rc1 (linux64 - "Debian GNU/Linux 13 (trixie)")

CPU model: AMD Ryzen 9 5950X 16-Core Processor, instruction set [SSE2|AVX|AVX2]
Thread count: 16 physical cores, 32 logical processors, using up to 4 threads

Non-default parameters:
TimeLimit  360
Seed  476587275
Threads  4
LazyConstraints  1

Optimize a model with 120370 rows, 350892 columns and 701772 nonzeros (Min)
Model fingerprint: 0xd4239383
Model has 116276 linear objective coefficients
Variable types: 233928 continuous, 116964 integer (116964 binary)
Coefficient statistics:
  Matrix range     [1e+00, 4e+04]
  Objective range  [4e-01, 1e+05]
  Bounds range     [1e+00, 4e+04]
  RHS range        [1e+00, 1e+04]
Presolve removed 3752 rows and 119183 columns
Presolve time: 0.85s
Presolved: 116618 rows, 231709 columns, 695408 nonzeros
Variable types: 115258 continuous, 116451 integer (116451 binary)
Root relaxation presolved: 116618 rows, 231709 columns, 695408 nonzeros

Deterministic concurrent LP optimizer: primal simplex, dual simplex, and barrier
Showing barrier log only...

Root barrier log...

Ordering time: 0.07s

Barrier statistics:
 AA' NZ     : 6.973e+05
 Factor NZ  : 1.503e+06 (roughly 150 MB of memory)
 Factor Ops : 8.354e+08 (less than 1 second per iteration)
 Threads    : 2

                  Objective                Residual
Iter       Primal          Dual         Primal    Dual     Compl     Time
   0   2.08042048e+10 -7.29352957e+13  3.06e+05 1.46e-11  2.12e+08     2s
   1   9.83457760e+09 -4.98100707e+13  1.45e+05 2.79e+04  1.24e+08     2s
   2   6.92055923e+09 -2.84789063e+12  1.02e+05 6.98e-10  2.78e+07     2s
   3   3.75202559e+09 -1.23591082e+12  5.51e+04 5.45e-10  1.42e+07     2s
   4   3.40362098e+09 -1.22053912e+12  5.00e+04 5.88e-10  1.31e+07     2s
   5   1.85866568e+09 -1.09990219e+12  2.73e+04 7.04e-10  7.85e+06     2s
   6   8.59467520e+08 -6.71906467e+11  1.26e+04 1.48e-09  3.85e+06     2s
   7   7.73301533e+08 -4.22607606e+11  1.13e+04 9.51e-10  3.08e+06     2s
   8   7.38320701e+07 -2.92325662e+11  1.05e+03 1.02e-09  7.21e+05     2s
   9   7.84027559e+06 -2.33525801e+11  7.93e+01 9.23e-10  4.19e+05     2s
  10   4.95667793e+06 -3.09522965e+10  3.71e+01 5.83e-10  5.78e+04     2s
  11   4.78714259e+06 -2.91482721e+10  3.47e+01 5.54e-10  5.44e+04     2s
  12   4.27329157e+06 -2.35642151e+10  2.69e+01 5.97e-10  4.38e+04     2s
  13   3.23205699e+06 -1.73396498e+10  1.11e+01 3.02e-08  3.11e+04     3s
  14   3.15289420e+06 -1.37974850e+10  9.94e+00 3.23e-08  2.47e+04     3s
  15   2.89468441e+06 -4.27725889e+09  6.00e+00 1.78e-08  7.57e+03     3s
  16   2.59262669e+06 -5.58252915e+08  1.56e+00 1.46e-08  9.82e+02     3s
  17   2.37108908e+06 -6.63627648e+07  7.21e-02 1.19e-08  1.19e+02     3s
  18   1.32705295e+06 -3.33105771e+07  4.88e-04 1.42e-08  5.99e+01     3s
  19   7.43040900e+05 -2.82858288e+07  4.67e-05 2.54e-08  5.02e+01     3s
  20   2.19691145e+05 -5.17790841e+06  4.22e-08 1.98e-08  9.33e+00     3s
  21   4.14844893e+04 -2.34115529e+05  2.96e-09 1.01e-08  4.76e-01     3s
  22   1.85145757e+04 -6.10112184e+04  5.65e-10 1.73e-08  1.37e-01     3s
  23   1.27440288e+04 -5.19738666e+04  2.75e-09 2.49e-08  1.12e-01     3s
  24   9.54809222e+03 -2.12745651e+04  2.70e-09 1.34e-08  5.33e-02     3s
  25   6.85366930e+03 -1.08677958e+04  4.92e-09 1.05e-08  3.06e-02     3s
  26   4.37142696e+03 -4.78523056e+03  3.76e-09 1.75e-08  1.58e-02     3s
  27   2.40292649e+03 -2.09407722e+03  2.42e-10 2.03e-08  7.77e-03     3s
  28   1.43976656e+03 -6.05333411e+02  1.82e-10 1.91e-08  3.53e-03     4s
  29   1.28008740e+03  3.40905778e+02  8.18e-11 1.17e-08  1.62e-03     4s
  30   1.17584304e+03  7.03026866e+02  3.04e-10 1.90e-08  8.17e-04     4s
  31   1.13639312e+03  9.22336822e+02  7.72e-10 1.23e-08  3.70e-04     4s
  32   1.09581919e+03  1.02695657e+03  2.41e-09 1.48e-08  1.19e-04     4s
  33   1.08804660e+03  1.05150166e+03  7.54e-10 1.31e-08  6.32e-05     4s
  34   1.08615311e+03  1.06769940e+03  7.89e-10 1.54e-08  3.19e-05     4s
  35   1.08529860e+03  1.07833328e+03  3.66e-10 1.10e-08  1.20e-05     4s
  36   1.08446786e+03  1.08160130e+03  8.74e-09 1.49e-08  4.95e-06     4s
  37   1.08432880e+03  1.08342412e+03  4.11e-09 1.54e-08  1.56e-06     4s
  38   1.08424298e+03  1.08354293e+03  1.09e-09 1.47e-08  1.21e-06     4s
  39   1.08423795e+03  1.08375772e+03  9.65e-10 1.31e-08  8.30e-07     4s
  40   1.08421810e+03  1.08400976e+03  3.62e-10 1.69e-08  3.60e-07     5s
  41   1.08420018e+03  1.08408920e+03  6.30e-11 8.82e-09  1.92e-07     5s
  42   1.08419663e+03  1.08413106e+03  6.31e-11 9.47e-09  1.13e-07     5s
  43   1.08419059e+03  1.08416805e+03  6.32e-09 1.61e-08  3.90e-08     5s
  44   1.08419065e+03  1.08418670e+03  4.47e-09 1.23e-08  6.82e-09     5s
  45   1.08419008e+03  1.08418973e+03  2.79e-08 1.49e-08  6.09e-10     5s
  46   1.08419008e+03  1.08418999e+03  2.36e-08 1.55e-08  1.51e-10     5s
  47   1.08419007e+03  1.08419006e+03  8.48e-09 7.09e-09  1.49e-11     5s

Barrier solved model in 47 iterations and 5.13 seconds (7.48 work units)
Optimal objective 1.08419007e+03


Root crossover log...

  114658 DPushes remaining with DInf 2.7600663e-02                 5s
       0 DPushes remaining with DInf 8.2593513e-01                 5s

     354 PPushes remaining with PInf 1.2111072e-05                 5s
       0 PPushes remaining with PInf 0.0000000e+00                 5s

  Push phase complete: Pinf 0.0000000e+00, Dinf 1.0229241e+00      5s


Root simplex log...

Iteration    Objective       Primal Inf.    Dual Inf.      Time
   55420    1.0841901e+03   0.000000e+00   1.022924e+00      5s
   61421    1.0841901e+03   0.000000e+00   0.000000e+00      6s
Crossover time: 0.80 seconds (1.89 work units)
Concurrent spin time: 0.01s

Solved with barrier

Root relaxation: objective 1.084190e+03, 61421 iterations, 4.71 seconds (6.71 work units)

    Nodes    |    Current Node    |     Objective Bounds      |     Work
 Expl Unexpl |  Obj  Depth IntInf | Incumbent    BestBd   Gap | It/Node Time

     0     0 1084.19007    0  620          - 1084.19007      -     -   20s
H    0     0                    3119.5870171 1084.19007  65.2%     -   22s
H    0     0                    2333.6918156 1084.19007  53.5%     -   22s
H    0     0                    2275.8596603 1084.19007  52.4%     -   24s
H    0     0                    1678.5691669 1084.19007  35.4%     -   29s
H    0     0                    1503.5301796 1084.19007  27.9%     -   30s
H    0     0                    1498.5419716 1084.19007  27.7%     -   33s
H    0     0                    1441.5074640 1084.19007  24.8%     -   33s
     0     0 1084.19007    0  620 1441.50746 1084.19007  24.8%     -   37s
H    0     0                    1430.7356374 1084.19007  24.2%     -   39s
     0     0 1084.19007    0  620 1430.73564 1084.19007  24.2%     -   43s
H    0     0                    1408.0533232 1084.19007  23.0%     -   44s
     0     0 1084.19007    0  620 1408.05332 1084.19007  23.0%     -   50s
H    0     0                    1407.1713676 1084.19007  23.0%     -   52s
H    0     0                    1395.6345426 1084.19007  22.3%     -   53s
H    0     0                    1393.7138352 1084.19007  22.2%     -   55s
H    0     0                    1392.1955794 1084.19007  22.1%     -   59s
     0     0 1084.19007    0  547 1392.19558 1084.19007  22.1%     -   74s
     0     0 1085.88375    0  610 1392.19558 1085.88375  22.0%     -  101s
     0     0 1085.88375    0  627 1392.19558 1085.88375  22.0%     -  117s
H    0     0                    1368.3755334 1085.88375  20.6%     -  119s
     0     0 1085.88375    0  627 1368.37553 1085.88375  20.6%     -  127s
H    0     0                    1354.0102274 1085.88375  19.8%     -  129s
H    0     0                    1353.9815045 1085.88375  19.8%     -  132s
H    0     0                    1351.0391170 1085.88375  19.6%     -  135s
     0     0 1085.88375    0  561 1351.03912 1085.88375  19.6%     -  147s
     0     0 1085.88376    0  557 1351.03912 1085.88376  19.6%     -  155s
     0     0 1089.11621    0  607 1351.03912 1089.11621  19.4%     -  179s
H    0     0                    1344.4711844 1089.11621  19.0%     -  193s
H    0     0                    1332.1148878 1089.11621  18.2%     -  196s
H    0     0                    1329.3882588 1089.11621  18.1%     -  203s
     0     0 1089.11621    0  607 1329.38826 1089.11621  18.1%     -  221s
     0     0 1089.66723    0  613 1329.38826 1089.66723  18.0%     -  270s
     0     0 1089.66729    0  615 1329.38826 1089.66729  18.0%     -  270s
     0     0 1091.63043    0  618 1329.38826 1091.63043  17.9%     -  303s
     0     0 1091.63100    0  617 1329.38826 1091.63100  17.9%     -  304s
     0     0 1093.95269    0  608 1329.38826 1093.95269  17.7%     -  338s
     0     0 1094.04146    0  622 1329.38826 1094.04146  17.7%     -  354s
     0     0 1094.09750    0  626 1329.38826 1094.09750  17.7%     -  359s
     0     0          -    0      1329.38826 1094.09750  17.7%     -  360s

Cutting planes:
  Gomory: 4
  Cover: 3
  Implied bound: 98
  MIR: 19
  Flow cover: 41
  Zero half: 43
  Network: 1
  RLT: 1
  Relax-and-lift: 151
  BQP: 4
  Lazy constraints: 2

Explored 1 nodes (347579 simplex iterations) in 360.00 seconds (977.69 work units)
Thread count was 4 (of 32 available processors)

Solution count 10: 1329.39 1332.11 1344.47 ... 1395.63

Time limit reached
Best objective 1.329388258796e+03, best bound 1.094097500002e+03, gap 17.6992%

User-callback calls 34137, time in user-callback 0.03 sec
Cap boundary reject: PORT-591 real=1327.660 baseline=1278.660
Cap boundary debug: PORT-591 -> [352 351 350 349 326 332 331 329 330 328 327 325 324 323 321 339 338 337 336 335 334 333 347 369 370 371 372 373 374 375 376 377 379 378 380 414 382 384 383 419 420 421 423 422 424 418 301 302 303 304 305 299 300 298 306 297 296 295 294 293 292 291 290 289 310 309 311 308 307 322 341 281 280 279 278 277 276 346 345 344 343 342 340 320 319 318 317 316 315 314 313 312 288 287 286 285 552 551 550 553 554 562 561 560 559 558 555 284 283 282 556] -> PORT-591 -> [557 567 568 565 564 563 566 548 546 547 549 545 541 544 539 540 543 542 538 537 536 529 528 527 530 531 532 533 535 534 572 569 570 571 573 574 576 577 575 526 525 524 578] -> PORT-593 | load_left=43366 load_right=42365 cap=45000
Set parameter Username
Set parameter LicenseID to value 2738882
Academic license - for non-commercial use only - expires 2026-11-14
Set parameter TimeLimit to value 360
Set parameter Seed to value 60409029
Set parameter Threads to value 4
Set parameter OutputFlag to value 1
Set parameter LogToConsole to value 1
Set parameter LazyConstraints to value 1
Gurobi Optimizer version 13.0.0 build v13.0.0rc1 (linux64 - "Debian GNU/Linux 13 (trixie)")

CPU model: AMD Ryzen 9 5950X 16-Core Processor, instruction set [SSE2|AVX|AVX2]
Thread count: 16 physical cores, 32 logical processors, using up to 4 threads

Non-default parameters:
TimeLimit  360
Seed  60409029
Threads  4
LazyConstraints  1

Optimize a model with 100450 rows, 292032 columns and 584052 nonzeros (Min)
Model fingerprint: 0xee09bd74
Model has 96716 linear objective coefficients
Variable types: 194688 continuous, 97344 integer (97344 binary)
Coefficient statistics:
  Matrix range     [1e+00, 4e+04]
  Objective range  [4e-01, 1e+05]
  Bounds range     [1e+00, 4e+04]
  RHS range        [1e+00, 1e+04]
Presolve removed 3422 rows and 99368 columns
Presolve time: 0.65s
Presolved: 97028 rows, 192664 columns, 578360 nonzeros
Variable types: 95788 continuous, 96876 integer (96876 binary)
Root relaxation presolved: 97028 rows, 192664 columns, 578360 nonzeros

Deterministic concurrent LP optimizer: primal simplex, dual simplex, and barrier
Showing barrier log only...

Root barrier log...

Ordering time: 0.06s

Barrier statistics:
 AA' NZ     : 5.802e+05
 Factor NZ  : 1.248e+06 (roughly 130 MB of memory)
 Factor Ops : 6.291e+08 (less than 1 second per iteration)
 Threads    : 2

                  Objective                Residual
Iter       Primal          Dual         Primal    Dual     Compl     Time
   0   2.12444929e+10 -6.06040396e+13  2.75e+05 1.46e-11  2.10e+08     1s
   1   9.52423431e+09 -4.10425243e+13  1.23e+05 2.72e+04  1.21e+08     1s
   2   6.87733403e+09 -2.10025001e+12  8.92e+04 6.98e-10  2.65e+07     1s
   3   1.83243053e+09 -5.72736368e+11  2.38e+04 6.98e-10  6.88e+06     1s
   4   1.93607381e+08 -3.53470531e+11  2.48e+03 2.06e-09  1.32e+06     2s
   5   5.89946191e+07 -2.34497611e+11  7.36e+02 1.15e-09  6.56e+05     2s
   6   5.68984650e+06 -2.36578483e+10  4.32e+01 1.03e-09  5.61e+04     2s
   7   5.17216379e+06 -1.89273342e+10  3.50e+01 8.23e-10  4.46e+04     2s
   8   4.83906468e+06 -1.66765714e+10  3.02e+01 1.04e-09  3.89e+04     2s
   9   4.34380945e+06 -1.50561614e+10  2.39e+01 1.19e-09  3.44e+04     2s
  10   3.86394349e+06 -1.33011201e+10  1.80e+01 1.04e-09  2.98e+04     2s
  11   3.57688794e+06 -1.01268877e+10  1.48e+01 2.49e-09  2.25e+04     2s
  12   3.40491655e+06 -6.85744466e+09  1.29e+01 6.69e-09  1.51e+04     2s
  13   2.75368926e+06 -2.26324841e+09  5.92e+00 2.89e-09  4.91e+03     2s
  14   2.35642130e+06 -2.90074576e+08  1.21e+00 3.70e-09  6.15e+02     2s
  15   2.10557237e+06 -5.65621090e+07  1.54e-01 1.47e-09  1.22e+02     2s
  16   1.62711391e+06 -3.70684701e+07  7.23e-03 1.57e-09  8.04e+01     2s
  17   9.87269254e+05 -2.62547795e+07  3.08e-05 1.82e-09  5.66e+01     2s
  18   3.49638918e+05 -4.59764371e+06  8.01e-09 6.58e-10  1.03e+01     2s
  19   4.07878065e+04 -4.16786606e+05  6.03e-10 2.74e-10  9.51e-01     2s
  20   1.48658075e+04 -1.33524198e+05  5.80e-10 5.09e-10  3.08e-01     2s
  21   1.23718032e+04 -8.38959318e+04  6.43e-11 5.29e-10  2.00e-01     2s
  22   1.07432297e+04 -2.62777619e+04  9.56e-11 4.38e-10  7.69e-02     3s
  23   7.75339689e+03 -8.08922381e+03  1.53e-10 5.04e-10  3.29e-02     3s
  24   4.52720227e+03 -3.86389023e+03  2.62e-10 3.27e-10  1.74e-02     3s
  25   3.36166788e+03 -1.86526464e+03  3.29e-10 5.01e-10  1.09e-02     3s
  26   2.66824696e+03 -1.01542284e+03  2.04e-10 3.78e-10  7.66e-03     3s
  27   1.92349805e+03 -2.43985786e+02  8.07e-11 4.80e-10  4.51e-03     3s
  28   1.43365118e+03  2.99870692e+02  1.85e-09 5.82e-10  2.36e-03     3s
  29   1.13997363e+03  7.40222860e+02  8.58e-10 3.34e-10  8.31e-04     3s
  30   1.09788825e+03  8.64027552e+02  8.79e-10 3.39e-10  4.86e-04     3s
  31   1.08014666e+03  9.25682864e+02  4.03e-10 5.58e-10  3.21e-04     3s
  32   1.07406925e+03  1.01214481e+03  7.86e-10 4.66e-10  1.29e-04     3s
  33   1.06638543e+03  1.03445460e+03  3.36e-10 6.26e-10  6.64e-05     3s
  34   1.06125013e+03  1.04624062e+03  4.83e-10 5.45e-10  3.12e-05     3s
  35   1.05967188e+03  1.05487346e+03  8.20e-10 5.04e-10  9.97e-06     3s
  36   1.05929412e+03  1.05802396e+03  7.14e-10 5.13e-10  2.64e-06     3s
  37   1.05921219e+03  1.05869421e+03  1.01e-10 3.21e-10  1.08e-06     4s
  38   1.05919101e+03  1.05893359e+03  3.46e-11 4.03e-10  5.35e-07     4s
  39   1.05918615e+03  1.05907272e+03  3.17e-11 5.74e-10  2.36e-07     4s
  40   1.05918302e+03  1.05914514e+03  5.08e-10 5.82e-10  7.87e-08     4s
  41   1.05917732e+03  1.05917297e+03  1.12e-08 4.38e-10  9.05e-09     4s
  42   1.05917699e+03  1.05917526e+03  4.58e-09 3.09e-10  3.61e-09     4s
  43   1.05917695e+03  1.05917662e+03  2.23e-08 4.77e-10  6.74e-10     4s
  44   1.05917692e+03  1.05917688e+03  4.19e-09 4.81e-10  7.81e-11     4s
  45   1.05917692e+03  1.05917691e+03  1.17e-09 3.49e-10  1.16e-12     4s

Barrier solved model in 45 iterations and 4.14 seconds (6.12 work units)
Optimal objective 1.05917692e+03

Crossover time: 0.35 seconds (0.73 work units)
Concurrent spin time: 0.00s

Solved with barrier

Root relaxation: objective 1.059177e+03, 48497 iterations, 3.54 seconds (4.64 work units)

    Nodes    |    Current Node    |     Objective Bounds      |     Work
 Expl Unexpl |  Obj  Depth IntInf | Incumbent    BestBd   Gap | It/Node Time

     0     0 1059.17691    0  501          - 1059.17691      -     -    5s
H    0     0                    103678.45443 1059.17691  99.0%     -    7s
H    0     0                    103663.43829 1059.17691  99.0%     -    7s
H    0     0                    2510.3906093 1059.17691  57.8%     -    8s
H    0     0                    2443.2103805 1059.17691  56.6%     -    8s
H    0     0                    2429.9184907 1059.17691  56.4%     -    8s
H    0     0                    1782.2521574 1059.17691  40.6%     -   12s
H    0     0                    1705.9379544 1059.17691  37.9%     -   12s
     0     0 1059.58508    0  595 1705.93795 1059.58508  37.9%     -   22s
H    0     0                    1696.8548441 1059.63029  37.6%     -   24s
H    0     0                    1610.0262201 1059.63029  34.2%     -   25s
H    0     0                    1609.6611365 1059.63029  34.2%     -   27s
H    0     0                    1520.5000028 1059.63029  30.3%     -   29s
H    0     0                    1500.3375152 1059.63029  29.4%     -   30s
     0     0 1059.81043    0  595 1500.33752 1059.81043  29.4%     -   37s
     0     0 1059.81043    0  595 1500.33752 1059.81043  29.4%     -   37s
     0     0 1065.11295    0  581 1500.33752 1065.11295  29.0%     -   45s
     0     0 1065.51755    0  589 1500.33752 1065.51755  29.0%     -   46s
     0     0 1065.53467    0  589 1500.33752 1065.53467  29.0%     -   47s
     0     0 1065.53468    0  590 1500.33752 1065.53468  29.0%     -   47s
     0     0 1066.87596    0  601 1500.33752 1066.87596  28.9%     -   53s
     0     0 1067.96872    0  601 1500.33752 1067.96872  28.8%     -   53s
     0     0 1067.96872    0  587 1500.33752 1067.96872  28.8%     -   57s
     0     0 1067.96872    0  587 1500.33752 1067.96872  28.8%     -   58s
     0     0 1069.44119    0  588 1500.33752 1069.44119  28.7%     -   64s
     0     0 1069.45307    0  589 1500.33752 1069.45307  28.7%     -   64s
     0     0 1069.45307    0  591 1500.33752 1069.45307  28.7%     -   64s
     0     0 1069.65559    0  599 1500.33752 1069.65559  28.7%     -   67s
     0     0 1069.69016    0  602 1500.33752 1069.69016  28.7%     -   67s
     0     0 1070.09811    0  591 1500.33752 1070.09811  28.7%     -   70s
     0     0 1070.36231    0  590 1500.33752 1070.36231  28.7%     -   71s
     0     0 1070.36338    0  611 1500.33752 1070.36338  28.7%     -   74s
     0     0 1070.38900    0  612 1500.33752 1070.38900  28.7%     -   74s
     0     0 1071.23286    0  619 1500.33752 1071.23286  28.6%     -   78s
     0     0 1071.23360    0  618 1500.33752 1071.23360  28.6%     -   78s
     0     0 1071.50097    0  611 1500.33752 1071.50097  28.6%     -   80s
     0     0 1071.50097    0  614 1500.33752 1071.50097  28.6%     -   81s
     0     0 1072.55728    0  606 1500.33752 1072.55728  28.5%     -   85s
     0     0 1072.55781    0  611 1500.33752 1072.55781  28.5%     -   86s
     0     0 1075.27770    0  578 1500.33752 1075.27770  28.3%     -   89s
     0     0 1075.27770    0  585 1500.33752 1075.27770  28.3%     -   89s
     0     0 1075.63979    0  588 1500.33752 1075.63979  28.3%     -   92s
     0     0 1076.21725    0  585 1500.33752 1076.21725  28.3%     -   93s
     0     0 1076.23399    0  582 1500.33752 1076.23399  28.3%     -   94s
     0     0 1076.23399    0  580 1500.33752 1076.23399  28.3%     -   94s
     0     0 1077.16573    0  591 1500.33752 1077.16573  28.2%     -   98s
     0     0 1077.16573    0  589 1500.33752 1077.16573  28.2%     -   99s
     0     0 1077.16574    0  587 1500.33752 1077.16574  28.2%     -  101s
     0     0 1077.16574    0  592 1500.33752 1077.16574  28.2%     -  102s
     0     0 1077.16770    0  601 1500.33752 1077.16770  28.2%     -  104s
     0     0 1077.17858    0  599 1500.33752 1077.17858  28.2%     -  105s
     0     0 1077.17858    0  600 1500.33752 1077.17858  28.2%     -  105s
     0     0 1077.39218    0  611 1500.33752 1077.39218  28.2%     -  107s
     0     0 1077.39227    0  607 1500.33752 1077.39227  28.2%     -  108s
     0     0 1077.41664    0  620 1500.33752 1077.41664  28.2%     -  111s
     0     0 1077.41739    0  619 1500.33752 1077.41739  28.2%     -  111s
     0     0 1078.00941    0  600 1500.33752 1078.00941  28.1%     -  116s
     0     0 1078.01047    0  602 1500.33752 1078.01047  28.1%     -  117s
     0     0 1078.01058    0  600 1500.33752 1078.01058  28.1%     -  119s
H    0     0                    1428.3881245 1078.01058  24.5%     -  120s
H    0     0                    1412.6509266 1078.01058  23.7%     -  121s
H    0     0                    1412.2531147 1078.01058  23.7%     -  122s
H    0     0                    1407.9160118 1078.01058  23.4%     -  125s
H    0     0                    1407.5133452 1078.01058  23.4%     -  129s
     0     0 1078.01058    0  604 1407.51335 1078.01058  23.4%     -  130s
     0     0 1078.13796    0  592 1407.51335 1078.13796  23.4%     -  133s
     0     0 1078.13848    0  586 1407.51335 1078.13848  23.4%     -  134s
     0     0 1078.14978    0  618 1407.51335 1078.14978  23.4%     -  142s
     0     0 1078.14978    0  618 1407.51335 1078.14978  23.4%     -  142s
     0     0 1078.14978    0  612 1407.51335 1078.14978  23.4%     -  145s
     0     0 1078.14978    0  612 1407.51335 1078.14978  23.4%     -  145s
     0     0 1078.14978    0  553 1407.51335 1078.14978  23.4%     -  147s
     0     0 1092.63500    0  498 1407.51335 1092.63500  22.4%     -  184s
     0     0 1092.63500    0  498 1407.51335 1092.63500  22.4%     -  238s
H    0     0                    1353.3856253 1092.63500  19.3%     -  279s
     0     0 1092.63500    0  545 1353.38563 1092.63500  19.3%     -  294s
     0     0 1092.63500    0  554 1353.38563 1092.63500  19.3%     -  299s
     0     0 1092.63500    0  571 1353.38563 1092.63500  19.3%     -  310s
     0     0 1092.63500    0  570 1353.38563 1092.63500  19.3%     -  312s
     0     0 1092.63500    0  583 1353.38563 1092.63500  19.3%     -  325s
H    0     0                    1349.1095845 1092.63500  19.0%     -  328s
H    0     0                    1341.2497496 1092.63500  18.5%     -  328s
H    0     0                    1324.6310748 1092.63500  17.5%     -  329s
H    0     0                    1319.0985462 1092.63500  17.2%     -  330s
H    0     0                    1313.4842191 1092.63500  16.8%     -  334s
H    0     0                    1303.4974488 1092.63500  16.2%     -  335s
H    0     0                    1298.4165071 1092.63500  15.8%     -  335s
H    0     0                    1295.9101978 1092.63500  15.7%     -  341s
     0     0 1092.63500    0  584 1295.91020 1092.63500  15.7%     -  345s
     0     0 1092.63500    0  588 1295.91020 1092.63500  15.7%     -  358s
     0     0 1092.63500    0  589 1295.91020 1092.63500  15.7%     -  359s

Cutting planes:
  Cover: 10
  Implied bound: 125
  MIR: 24
  Flow cover: 73
  Zero half: 40
  RLT: 4
  Relax-and-lift: 180
  BQP: 4
  Lazy constraints: 1

Explored 1 nodes (332688 simplex iterations) in 360.01 seconds (852.37 work units)
Thread count was 4 (of 32 available processors)

Solution count 10: 1295.91 1298.42 1303.5 ... 1407.51

Time limit reached
Best objective 1.295910197821e+03, best bound 1.092634996706e+03, gap 15.6859%

User-callback calls 88589, time in user-callback 0.02 sec
Cap boundary reject: PORT-591 real=1386.451 baseline=1251.158
Cap boundary debug: PORT-591 -> [557 567 568 565 564 563 566 548 546 547 549 545 541 544 539 540 543 542 538 537 536 529 528 527 530 531 532 533 535 534 572 569 570 571 573 574 576 577 575 526 525 524 578] -> PORT-593 -> [579 580 521 522 523 520 519 518 517 516 515 427 428 429 430 431 432 433] -> PORT-593 | load_left=42365 load_right=42413 cap=45000
Set parameter Username
Set parameter LicenseID to value 2738882
Academic license - for non-commercial use only - expires 2026-11-14
Set parameter TimeLimit to value 360
Set parameter Seed to value 1915464999
Set parameter Threads to value 4
Set parameter OutputFlag to value 1
Set parameter LogToConsole to value 1
Set parameter LazyConstraints to value 1
Gurobi Optimizer version 13.0.0 build v13.0.0rc1 (linux64 - "Debian GNU/Linux 13 (trixie)")

CPU model: AMD Ryzen 9 5950X 16-Core Processor, instruction set [SSE2|AVX|AVX2]
Thread count: 16 physical cores, 32 logical processors, using up to 4 threads

Non-default parameters:
TimeLimit  360
Seed  1915464999
Threads  4
LazyConstraints  1

Optimize a model with 17122 rows, 47628 columns and 95244 nonzeros (Min)
Model fingerprint: 0xe490f67b
Model has 15624 linear objective coefficients
Variable types: 31752 continuous, 15876 integer (15876 binary)
Coefficient statistics:
  Matrix range     [1e+00, 4e+04]
  Objective range  [5e-05, 1e+05]
  Bounds range     [1e+00, 4e+04]
  RHS range        [1e+00, 1e+04]
Presolve removed 1376 rows and 16691 columns
Presolve time: 0.14s
Presolved: 15746 rows, 30937 columns, 92622 nonzeros
Variable types: 15250 continuous, 15687 integer (15687 binary)

Root relaxation: objective 4.963796e+02, 39561 iterations, 4.62 seconds (13.60 work units)

    Nodes    |    Current Node    |     Objective Bounds      |     Work
 Expl Unexpl |  Obj  Depth IntInf | Incumbent    BestBd   Gap | It/Node Time

     0     0  496.37963    0  204          -  496.37963      -     -    5s
H    0     0                    302250.12884  496.37963   100%     -    5s
H    0     0                     888.9740042  496.37963  44.2%     -    7s
H    0     0                     872.8381075  496.37963  43.1%     -    7s
     0     0  496.37963    0  204  872.83811  496.37963  43.1%     -   10s
H    0     0                     757.2449136  496.37963  34.4%     -   10s
H    0     0                     735.8953353  496.37963  32.5%     -   10s
     0     0  496.37963    0  192  735.89534  496.37963  32.5%     -   11s
     0     0  501.32223    0  236  735.89534  501.32223  31.9%     -   12s
H    0     0                     716.8508474  502.23248  29.9%     -   12s
H    0     0                     707.6950587  502.23248  29.0%     -   12s
H    0     0                     707.1918484  502.23248  29.0%     -   12s
H    0     0                     613.9044519  502.23248  18.2%     -   13s
H    0     0                     613.8466753  502.23248  18.2%     -   14s
     0     0  503.91780    0  242  613.84668  503.91780  17.9%     -   15s
     0     0  503.91780    0  245  613.84668  503.91780  17.9%     -   15s
     0     0  507.43471    0  235  613.84668  507.43471  17.3%     -   15s
     0     0  507.43471    0  195  613.84668  507.43471  17.3%     -   18s
     0     0  507.43471    0  255  613.84668  507.43471  17.3%     -   19s
     0     0  507.80101    0  282  613.84668  507.80101  17.3%     -   20s
     0     0  508.12609    0  276  613.84668  508.12609  17.2%     -   20s
     0     0  508.13398    0  277  613.84668  508.13398  17.2%     -   20s
     0     0  508.13398    0  278  613.84668  508.13398  17.2%     -   20s
     0     0  516.43965    0  285  613.84668  516.43965  15.9%     -   21s
H    0     0                     607.8054602  516.43965  15.0%     -   21s
     0     0  516.51536    0  297  607.80546  516.51536  15.0%     -   21s
     0     0  516.51596    0  297  607.80546  516.51596  15.0%     -   21s
     0     0  520.72462    0  288  607.80546  520.72462  14.3%     -   22s
H    0     0                     606.9086217  520.74723  14.2%     -   23s
     0     0  521.40578    0  279  606.90862  521.40578  14.1%     -   23s
     0     0  521.41720    0  282  606.90862  521.41720  14.1%     -   23s
     0     0  522.21517    0  279  606.90862  522.21517  14.0%     -   23s
     0     0  522.22081    0  282  606.90862  522.22081  14.0%     -   23s
     0     0  522.22484    0  282  606.90862  522.22484  14.0%     -   23s
     0     0  522.94449    0  295  606.90862  522.94449  13.8%     -   24s
     0     0  523.01502    0  300  606.90862  523.01502  13.8%     -   24s
     0     0  523.01558    0  299  606.90862  523.01558  13.8%     -   24s
     0     0  523.80105    0  289  606.90862  523.80105  13.7%     -   25s
     0     0  523.84909    0  290  606.90862  523.84909  13.7%     -   26s
     0     0  523.84917    0  292  606.90862  523.84917  13.7%     -   26s
     0     0  524.23751    0  291  606.90862  524.23751  13.6%     -   26s
     0     0  524.28700    0  299  606.90862  524.28700  13.6%     -   27s
     0     0  524.29784    0  303  606.90862  524.29784  13.6%     -   27s
     0     0  524.30013    0  303  606.90862  524.30013  13.6%     -   27s
     0     0  524.83108    0  293  606.90862  524.83108  13.5%     -   27s
     0     0  524.89985    0  294  606.90862  524.89985  13.5%     -   27s
     0     0  524.91963    0  293  606.90862  524.91963  13.5%     -   27s
     0     0  524.92117    0  299  606.90862  524.92117  13.5%     -   27s
     0     0  525.07679    0  308  606.90862  525.07679  13.5%     -   28s
     0     0  525.12549    0  308  606.90862  525.12549  13.5%     -   28s
     0     0  525.13599    0  308  606.90862  525.13599  13.5%     -   28s
     0     0  525.27544    0  305  606.90862  525.27544  13.5%     -   28s
     0     0  525.28402    0  311  606.90862  525.28402  13.4%     -   28s
     0     0  525.28483    0  309  606.90862  525.28483  13.4%     -   28s
     0     0  525.32695    0  310  606.90862  525.32695  13.4%     -   29s
     0     0  525.33126    0  310  606.90862  525.33126  13.4%     -   29s
     0     0  525.58216    0  308  606.90862  525.58216  13.4%     -   30s
     0     0  525.58238    0  308  606.90862  525.58238  13.4%     -   30s
     0     0  525.58868    0  308  606.90862  525.58868  13.4%     -   30s
     0     0  525.65934    0  305  606.90862  525.65934  13.4%     -   30s
     0     0  527.38224    0  304  606.90862  527.38224  13.1%     -   30s
     0     0  527.39865    0  307  606.90862  527.39865  13.1%     -   30s
     0     0  527.39914    0  311  606.90862  527.39914  13.1%     -   30s
     0     0  527.44745    0  310  606.90862  527.44745  13.1%     -   31s
     0     0  527.45422    0  310  606.90862  527.45422  13.1%     -   31s
     0     0  527.47147    0  314  606.90862  527.47147  13.1%     -   31s
     0     0  527.47147    0  314  606.90862  527.47147  13.1%     -   31s
     0     0  527.47147    0  314  606.90862  527.47147  13.1%     -   31s
     0     0  527.47147    0  296  606.90862  527.47147  13.1%     -   31s
     0     0  527.47877    0  197  606.90862  527.47877  13.1%     -   35s
     0     0  527.47877    0  257  606.90862  527.47877  13.1%     -   36s
     0     0  527.47877    0  279  606.90862  527.47877  13.1%     -   37s
     0     0  527.47877    0  291  606.90862  527.47877  13.1%     -   37s
     0     0  527.47877    0  316  606.90862  527.47877  13.1%     -   37s
     0     0  527.47877    0  301  606.90862  527.47877  13.1%     -   37s
     0     0  527.47877    0  302  606.90862  527.47877  13.1%     -   38s
     0     0  527.47877    0  300  606.90862  527.47877  13.1%     -   38s
     0     0  527.47877    0  297  606.90862  527.47877  13.1%     -   38s
     0     0  527.47877    0  299  606.90862  527.47877  13.1%     -   38s
     0     0  527.47877    0  308  606.90862  527.47877  13.1%     -   38s
     0     0  527.47877    0  307  606.90862  527.47877  13.1%     -   38s
     0     0  527.47877    0  314  606.90862  527.47877  13.1%     -   38s
     0     0  527.47877    0  312  606.90862  527.47877  13.1%     -   38s
     0     0  527.47877    0  312  606.90862  527.47877  13.1%     -   38s
     0     0  527.47877    0  310  606.90862  527.47877  13.1%     -   38s
     0     0  527.47877    0  306  606.90862  527.47877  13.1%     -   38s
     0     0  527.63546    0  312  606.90862  527.63546  13.1%     -   38s
     0     0  527.70636    0  309  606.90862  527.70636  13.1%     -   38s
     0     0  527.70806    0  311  606.90862  527.70806  13.0%     -   38s
     0     0  527.77594    0  313  606.90862  527.77594  13.0%     -   39s
     0     0  527.78115    0  314  606.90862  527.78115  13.0%     -   39s
     0     0  528.78671    0  310  606.90862  528.78671  12.9%     -   40s
     0     0  528.84190    0  307  606.90862  528.84190  12.9%     -   40s
     0     0  528.84474    0  308  606.90862  528.84474  12.9%     -   40s
     0     0  529.34643    0  303  606.90862  529.34643  12.8%     -   41s
     0     0  530.38947    0  314  606.90862  530.38947  12.6%     -   41s
     0     0  530.41121    0  314  606.90862  530.41121  12.6%     -   41s
     0     0  530.41125    0  315  606.90862  530.41125  12.6%     -   41s
     0     0  530.53218    0  318  606.90862  530.53218  12.6%     -   42s
     0     0  530.53846    0  317  606.90862  530.53846  12.6%     -   42s
     0     0  530.55061    0  323  606.90862  530.55061  12.6%     -   42s
     0     0  530.55304    0  321  606.90862  530.55304  12.6%     -   43s
     0     0  530.58696    0  326  606.90862  530.58696  12.6%     -   43s
     0     0  530.59352    0  328  606.90862  530.59352  12.6%     -   43s
     0     0  531.26058    0  292  606.90862  531.26058  12.5%     -   43s
     0     0  531.27492    0  296  606.90862  531.27492  12.5%     -   44s
     0     0  531.28786    0  296  606.90862  531.28786  12.5%     -   44s
     0     0  531.29382    0  296  606.90862  531.29382  12.5%     -   44s
     0     0  531.31016    0  287  606.90862  531.31016  12.5%     -   44s
     0     0  531.32103    0  287  606.90862  531.32103  12.5%     -   44s
     0     0  531.32103    0  266  606.90862  531.32103  12.5%     -   44s
     0     2  531.32103    0  265  606.90862  531.32103  12.5%     -   46s
   114   119  538.43091   14  191  606.90862  531.42655  12.4%   521   50s
   443   463  555.09199   96   93  606.90862  531.42655  12.4%   220   55s
H  719   712                     606.8859856  531.44060  12.4%   187   59s
   812   841  574.37030  157   82  606.88599  531.44060  12.4%   182   60s
  1316  1233  567.61773  143  235  606.88599  532.08057  12.3%   159   68s
  1318  1234  554.99044   16  199  606.88599  532.08057  12.3%   158   70s
  1334  1245  538.28756   15  324  606.88599  532.08057  12.3%   156   75s
  1345  1252  570.85794  160  311  606.88599  536.46953  11.6%   155   80s
  1362  1264  550.74744   61  341  606.88599  544.36721  10.3%   153   85s
  1384  1278  550.34255   38  344  606.88599  544.89123  10.2%   151   90s
  1408  1294  555.75468   43  354  606.88599  544.91019  10.2%   148   95s
  1420  1304  554.93230   81  284  606.88599  544.92529  10.2%   188  100s
  1438  1316  567.14972  140  361  606.88599  544.96273  10.2%   186  105s
  1453  1326  565.38078  100  353  606.88599  544.97201  10.2%   184  110s
  1478  1343  593.64128   68  354  606.88599  545.24475  10.2%   181  115s
  1499  1357  563.90225  116  343  606.88599  545.50274  10.1%   178  120s
  1524  1373  559.39040   81  348  606.88599  547.72663  9.75%   175  125s
  1544  1387  587.60748  197  353  606.88599  548.68820  9.59%   173  130s
  1568  1403  549.40011    7  375  606.88599  549.40011  9.47%   170  135s
  1593  1419  549.40509    4  377  606.88599  549.40509  9.47%   168  140s
  1613  1433  558.47773   86  384  606.88599  549.43850  9.47%   166  145s
  1626  1443  568.45855  135  284  606.88599  549.44272  9.47%   220  150s
  1645  1455  570.85794  160  365  606.88599  549.46490  9.46%   217  155s
  1655  1462  549.52353   30  351  606.88599  549.52353  9.45%   216  162s
  1656  1463  549.52353    8  351  606.88599  549.52353  9.45%   216  166s
  1678  1484  550.88660   44  297  606.88599  549.52353  9.45%   258  170s
  1756  1535  556.94018   53  174  606.88599  549.52353  9.45%   269  175s
  1846  1596  562.61056   64  157  606.88599  549.52353  9.45%   285  180s
  1993  1643  583.74007   77  147  606.88599  549.77816  9.41%   303  185s
  2178  1667  588.73897   94  136  606.88599  549.91340  9.39%   300  190s
  2335  1759  572.58784   78  162  606.88599  549.91340  9.39%   306  195s
  2783  1968  561.33951   56  190  606.88599  550.33205  9.32%   304  200s
  3395  2279  591.18143   83  115  606.88599  550.61522  9.27%   292  205s
  4010  2438 infeasible   48       606.88599  550.80299  9.24%   281  210s
  4591  2707  576.40880   86  168  606.88599  550.81659  9.24%   276  215s
  5096  2941  595.56233   79  161  606.88599  551.06056  9.20%   273  220s
  5716  3071  576.61340   52  219  606.88599  551.33956  9.15%   270  226s
  6118  3295  600.38461  146  147  606.88599  551.49205  9.13%   270  230s
  6816  3767  592.47284  101  224  606.88599  551.72376  9.09%   268  237s
  7226  3875  568.65631   67  166  606.88599  551.82337  9.07%   264  243s
  7231  4036  569.06929   68  169  606.88599  551.82337  9.07%   264  245s
  7779  4520  592.77030  102  181  606.88599  552.10256  9.03%   260  250s
  8541  4931  558.67479   51  217  606.88599  552.20204  9.01%   256  256s
  9092  5475  602.45159  133  148  606.88599  552.20204  9.01%   256  262s
  9365  5851  602.33590  106  177  606.88599  552.33629  8.99%   256  265s
 10438  6555  555.93430   57  224  606.88599  552.50804  8.96%   248  272s
 10812  6973  556.84447   52  191  606.88599  552.56930  8.95%   248  276s
 11356  7536  571.87072   73  202  606.88599  552.63123  8.94%   246  280s
 12743  8334  581.15279   85  123  606.88599  552.71399  8.93%   239  288s
 13266  8707  598.13274   79  186  606.88599  552.76766  8.92%   240  292s
 13760  8956  564.79657   50  203  606.88599  552.84125  8.91%   240  297s
 14081  9215  567.65163   55  198  606.88599  552.90257  8.90%   241  301s
 15190 10169  565.16666   60  245  606.88599  553.11756  8.86%   241  308s
 15770 10443  590.76037   95  198  606.88599  553.20614  8.85%   240  312s
 16134 10658  573.02960   63  177  606.88599  553.27234  8.83%   241  315s
 17073 11383     cutoff   85       606.88599  553.35887  8.82%   243  323s
 17634 11715  576.83639   57  195  606.88599  553.52143  8.79%   242  327s
 18248 12265  574.58708   53  218  606.88599  553.61657  8.78%   241  330s
 19417 13014  590.90062   90  175  606.88599  553.77031  8.75%   238  337s
 19932 13270  566.22408   56  198  606.88599  553.81979  8.74%   238  341s
 20963 14016  583.39630   63  210  606.88599  553.96323  8.72%   237  348s
 21421 14429  593.78142   47  184  606.88599  554.00262  8.71%   238  351s
 21999 14765  572.20014   53  197  606.88599  554.11314  8.70%   237  355s
 22919 15219  565.36643   60  259  606.88599  554.24712  8.67%   237  360s

Cutting planes:
  Gomory: 6
  Cover: 19
  Implied bound: 192
  Projected implied bound: 7
  Clique: 2
  MIR: 186
  Mixing: 1
  Flow cover: 210
  GUB cover: 2
  Inf proof: 6
  Zero half: 17
  Network: 2
  RLT: 9
  Relax-and-lift: 29
  BQP: 4

Explored 23067 nodes (5621028 simplex iterations) in 360.00 seconds (1148.29 work units)
Thread count was 4 (of 32 available processors)

Solution count 10: 606.886 606.909 607.805 ... 757.245

Time limit reached
Best objective 6.068859855631e+02, best bound 5.542471247067e+02, gap 8.6736%

User-callback calls 102184, time in user-callback 0.01 sec
Cap boundary reject: PORT-593 segment infeasible left=100257.615 right=494.938
Cap boundary reject: PORT-593 real=1000000000000000052504760255204420248704468581108159154915854115511802457988908195786371375080447864043704443832883878176942523235360430575644792184786706982848387200926575803737830233794788090059368953234970799945081119038967640880074652742780142494579258788820056842838115669472196386865459400540160.000 baseline=618.860
Set parameter Username
Set parameter LicenseID to value 2738882
Academic license - for non-commercial use only - expires 2026-11-14
Segment 1 eval: start=BOAT-0 end=PORT-581 stations=87 (optimize)
  Segment 1 order: 1 3 4 -25 -5 -6 10 11 143 15 16 17 -18 -13 14 12 -24 -23 -22 -21 19 20 -41 42 43 44 45 46 -396 -47 -40 39 48 49 50 -38 -37 51 -52 59 -57 56 55 -54 -53 66 67 69 -36 -35 -34 -33 -32 -31 -30 -29 -28 -27 -26 93 -92 94 -96 -95 90 91 -89 88 -87 86 -85 -84 -83 -82 -81 -80 79 -78 -77 -70 -76 75 72 73 -74 -71 -68
Segment 2 eval: start=PORT-581 end=PORT-591 stations=58 (optimize)
  Segment 2 order: 65 -63 64 -58 60 61 62 391 392 393 394 395 397 398 399 -400 -401 389 390 388 -387 -386 -385 -402 403 405 406 -407 -404 409 408 -410 411 412 -413 -415 416 -417 425 381 426 -368 -367 -366 -365 364 362 -361 -360 -359 -358 -357 -356 -355 354 -353 348 -363
Segment 3 eval: start=PORT-591 end=PORT-591 stations=111 (optimize)
  Segment 3 order: -346 276 277 278 279 280 281 -556 282 283 -284 555 558 559 -560 561 -562 -554 553 550 551 552 285 286 287 288 289 290 291 292 293 294 -295 296 297 306 -305 -298 299 300 301 302 304 -303 307 308 309 -310 311 312 -313 314 315 316 317 318 319 320 340 341 342 343 344 345 334 335 336 337 338 339 321 322 323 324 325 -327 328 330 -331 -329 -326 349 350 351 352 -373 372 -374 375 376 377 379 380 414 382 384 -383 419 420 421 -423 -422 424 -418 -378 -371 -370 369 332 -333 347
Segment 4 eval: start=PORT-591 end=PORT-593 stations=43 (optimize)
  Segment 4 order: 557 563 564 565 566 567 568 -542 543 540 541 549 548 -547 -546 -545 -544 -539 -538 -537 536 -535 -534 -572 569 570 571 573 574 576 533 -532 -531 -530 -529 -528 -527 577 575 578 -525 526 -524
Segment 5 eval: start=PORT-593 end=PORT-593 stations=19 (optimize)
  Segment 5 order: 430 -434 -433 -432 -431 -429 -428 427 517 518 519 520 521 -580 -579 -523 -522 -516 -515
Segment 6 eval: start=PORT-593 end=PORT-584 stations=32 (optimize)
  Segment 6 order: -512 513 -514 -511 -510 -509 -508 -507 -506 -505 -444 -443 -442 -441 440 -439 437 -436 435 438 445 446 447 448 449 450 451 452 453 -456 -455 -454
Segment 7 eval: start=PORT-584 end=PORT-584 stations=8 (optimize)
  Segment 7 order: 482 483 463 -464 -460 -459 -458 -457
Segment 8 eval: start=PORT-584 end=PORT-584 stations=37 (optimize)
  Segment 8 order: -501 500 502 503 -504 -488 -487 -486 -485 -461 -484 462 -489 490 491 492 -493 477 -480 -481 479 -465 -466 474 -473 -475 -478 -476 -114 494 -113 -112 495 496 497 498 499
Segment 9 eval: start=PORT-584 end=PORT-588 stations=20 (optimize)
  Segment 9 order: 467 468 469 470 -471 472 -122 -121 120 -119 -118 -117 -116 -115 -275 -111 -274 -107 -106 -105
Segment 10 eval: start=PORT-588 end=PORT-588 stations=37 (optimize)
  Segment 10 order: 109 110 -270 -269 -268 264 265 267 266 123 124 125 -126 127 -263 -262 -261 -260 -259 258 128 129 130 -256 257 -255 -254 -252 -253 273 -272 -271 -108 101 102 103 -104
Segment 11 eval: start=PORT-588 end=PORT-583 stations=41 (optimize)
  Segment 11 order: -248 -247 243 244 245 -249 251 -250 -208 -207 -206 -205 131 -204 -203 -202 -199 -198 -200 201 -209 -210 211 -212 197 -196 -195 -194 -193 -192 218 217 -213 214 215 -237 238 239 240 -241 242
Segment 12 eval: start=PORT-583 end=PORT-583 stations=59 (optimize)
  Segment 12 order: 133 134 230 232 233 234 -235 231 -227 -178 -226 -224 225 -222 -221 -236 97 98 99 100 246 216 -220 -219 -191 -189 190 223 -188 -187 -186 -185 -184 -183 -182 -177 171 -170 -169 -168 155 156 157 158 -150 -149 148 -140 -139 151 152 153 154 179 228 229 180 181 132
Segment 13 eval: start=PORT-583 end=BOAT-END stations=28 (optimize)
  Segment 13 order: -135 136 -137 -2 7 138 141 8 9 142 144 145 146 147 161 -160 159 163 -162 164 165 166 167 172 173 174 175 -176
Cap boundary debug: PORT-593 -> [579 580 521 522 523 520 519 518 517 516 515 427 428 429 430 431 432 433 434] -> PORT-593 -> [445 446 447 507 508 509 510 511 514 513 512 436 435 438 437 439 440 441 442 443 444 506 505 449 448 450 451 453 452 454 455 456] -> PORT-584 | load_left=44427 load_right=41146 cap=45000
Set parameter Username
Set parameter LicenseID to value 2738882
Academic license - for non-commercial use only - expires 2026-11-14
Set parameter TimeLimit to value 360
Set parameter Seed to value 1723704959
Set parameter Threads to value 4
Set parameter OutputFlag to value 1
Set parameter LogToConsole to value 1
Set parameter LazyConstraints to value 1
Gurobi Optimizer version 13.0.0 build v13.0.0rc1 (linux64 - "Debian GNU/Linux 13 (trixie)")

CPU model: AMD Ryzen 9 5950X 16-Core Processor, instruction set [SSE2|AVX|AVX2]
Thread count: 16 physical cores, 32 logical processors, using up to 4 threads

Non-default parameters:
TimeLimit  360
Seed  1723704959
Threads  4
LazyConstraints  1

Optimize a model with 12282 rows, 33708 columns and 67404 nonzeros (Min)
Model fingerprint: 0x70d932bb
Model has 11024 linear objective coefficients
Variable types: 22472 continuous, 11236 integer (11236 binary)
Coefficient statistics:
  Matrix range     [1e+00, 4e+04]
  Objective range  [5e-05, 1e+05]
  Bounds range     [1e+00, 4e+04]
  RHS range        [1e+00, 1e+04]
Presolve removed 1156 rows and 11921 columns
Presolve time: 0.10s
Presolved: 11126 rows, 21787 columns, 65238 nonzeros
Variable types: 10710 continuous, 11077 integer (11077 binary)
Found heuristic solution: objective 304705.31231

Root relaxation: objective 3.616217e+02, 24417 iterations, 2.16 seconds (6.26 work units)

    Nodes    |    Current Node    |     Objective Bounds      |     Work
 Expl Unexpl |  Obj  Depth IntInf | Incumbent    BestBd   Gap | It/Node Time

     0     0  361.62171    0  198 304705.312  361.62171   100%     -    2s
H    0     0                     564.0548510  361.62171  35.9%     -    2s
H    0     0                     545.9929714  361.62171  33.8%     -    2s
H    0     0                     543.6271541  361.62171  33.5%     -    2s
H    0     0                     519.9939990  361.62171  30.5%     -    2s
H    0     0                     510.3367202  361.62171  29.1%     -    3s
H    0     0                     506.7907800  361.62171  28.6%     -    3s
H    0     0                     488.5793122  361.62171  26.0%     -    3s
H    0     0                     483.5256657  361.62171  25.2%     -    3s
     0     0  364.75004    0  231  483.52567  364.75004  24.6%     -    4s
H    0     0                     482.9194844  364.75373  24.5%     -    5s
H    0     0                     478.1471638  364.75373  23.7%     -    5s
H    0     0                     477.1569776  364.75373  23.6%     -    5s
     0     0  365.32763    0  229  477.15698  365.32763  23.4%     -    6s
     0     0  365.34536    0  232  477.15698  365.34536  23.4%     -    6s
     0     0  365.34632    0  233  477.15698  365.34632  23.4%     -    6s
     0     0  365.41327    0  232  477.15698  365.41327  23.4%     -    6s
     0     0  365.41379    0  233  477.15698  365.41379  23.4%     -    6s
     0     0  368.49088    0  232  477.15698  368.49088  22.8%     -    7s
     0     0  368.85516    0  234  477.15698  368.85516  22.7%     -    7s
     0     0  368.85517    0  234  477.15698  368.85517  22.7%     -    7s
     0     0  381.83707    0  245  477.15698  381.83707  20.0%     -    8s
     0     0  381.87032    0  236  477.15698  381.87032  20.0%     -    8s
     0     0  381.87035    0  236  477.15698  381.87035  20.0%     -    8s
     0     0  383.72325    0  238  477.15698  383.72325  19.6%     -    9s
     0     0  383.81896    0  239  477.15698  383.81896  19.6%     -   10s
     0     0  383.85799    0  243  477.15698  383.85799  19.6%     -   10s
     0     0  383.85799    0  243  477.15698  383.85799  19.6%     -   10s
     0     0  384.23511    0  253  477.15698  384.23511  19.5%     -   10s
     0     0  384.32088    0  256  477.15698  384.32088  19.5%     -   10s
     0     0  384.32088    0  254  477.15698  384.32088  19.5%     -   10s
     0     0  384.32088    0  254  477.15698  384.32088  19.5%     -   10s
     0     0  385.22874    0  255  477.15698  385.22874  19.3%     -   11s
     0     0  385.25569    0  253  477.15698  385.25569  19.3%     -   11s
     0     0  385.25569    0  254  477.15698  385.25569  19.3%     -   11s
     0     0  385.29908    0  253  477.15698  385.29908  19.3%     -   11s
     0     0  385.30223    0  251  477.15698  385.30223  19.3%     -   11s
     0     0  386.04553    0  254  477.15698  386.04553  19.1%     -   12s
     0     0  386.06824    0  251  477.15698  386.06824  19.1%     -   12s
     0     0  386.06824    0  253  477.15698  386.06824  19.1%     -   12s
     0     0  386.29093    0  252  477.15698  386.29093  19.0%     -   12s
     0     0  386.30237    0  255  477.15698  386.30237  19.0%     -   12s
     0     0  386.30238    0  254  477.15698  386.30238  19.0%     -   12s
     0     0  386.52999    0  257  477.15698  386.52999  19.0%     -   13s
     0     0  386.57184    0  258  477.15698  386.57184  19.0%     -   13s
     0     0  386.57193    0  259  477.15698  386.57193  19.0%     -   13s
     0     0  386.92584    0  256  477.15698  386.92584  18.9%     -   13s
     0     0  386.94068    0  262  477.15698  386.94068  18.9%     -   13s
     0     0  386.94068    0  260  477.15698  386.94068  18.9%     -   13s
     0     0  387.18981    0  256  477.15698  387.18981  18.9%     -   14s
     0     0  387.19363    0  257  477.15698  387.19363  18.9%     -   14s
     0     0  387.20067    0  261  477.15698  387.20067  18.9%     -   14s
     0     0  387.21650    0  261  477.15698  387.21650  18.8%     -   14s
     0     0  387.77445    0  244  477.15698  387.77445  18.7%     -   15s
     0     0  387.85436    0  263  477.15698  387.85436  18.7%     -   15s
     0     0  387.86275    0  263  477.15698  387.86275  18.7%     -   15s
     0     0  387.86275    0  263  477.15698  387.86275  18.7%     -   15s
     0     0  387.86333    0  264  477.15698  387.86333  18.7%     -   15s
     0     0  387.88403    0  264  477.15698  387.88403  18.7%     -   15s
     0     0  387.96865    0  262  477.15698  387.96865  18.7%     -   16s
     0     0  388.00331    0  269  477.15698  388.00331  18.7%     -   16s
     0     0  388.52044    0  241  477.15698  388.52044  18.6%     -   17s
     0     0  388.56540    0  245  477.15698  388.56540  18.6%     -   17s
     0     0  388.56540    0  239  477.15698  388.56540  18.6%     -   17s
     0     0  388.59807    0  262  477.15698  388.59807  18.6%     -   17s
     0     0  388.59840    0  262  477.15698  388.59840  18.6%     -   17s
     0     0  388.72717    0  270  477.15698  388.72717  18.5%     -   18s
     0     0  388.72892    0  267  477.15698  388.72892  18.5%     -   18s
     0     0  388.76800    0  262  477.15698  388.76800  18.5%     -   18s
     0     0  388.77666    0  266  477.15698  388.77666  18.5%     -   18s
     0     0  388.79113    0  268  477.15698  388.79113  18.5%     -   19s
     0     0  388.80534    0  268  477.15698  388.80534  18.5%     -   19s
     0     0  388.80534    0  268  477.15698  388.80534  18.5%     -   19s
     0     0  388.80534    0  254  477.15698  388.80534  18.5%     -   19s
     0     0  393.99133    0  201  477.15698  393.99133  17.4%     -   21s
H    0     0                     476.4845884  393.99133  17.3%     -   21s
H    0     0                     470.9607099  393.99133  16.3%     -   21s
H    0     0                     463.5905237  393.99133  15.0%     -   21s
H    0     0                     463.4905883  393.99133  15.0%     -   21s
     0     0  393.99133    0  239  463.49059  393.99133  15.0%     -   22s
     0     0  393.99133    0  235  463.49059  393.99133  15.0%     -   24s
     0     0  393.99133    0  250  463.49059  393.99133  15.0%     -   24s
     0     0  393.99133    0  263  463.49059  393.99133  15.0%     -   24s
     0     0  393.99133    0  267  463.49059  393.99133  15.0%     -   24s
     0     0  393.99133    0  264  463.49059  393.99133  15.0%     -   24s
     0     0  393.99133    0  249  463.49059  393.99133  15.0%     -   24s
     0     0  393.99133    0  263  463.49059  393.99133  15.0%     -   24s
     0     0  393.99133    0  262  463.49059  393.99133  15.0%     -   24s
     0     0  393.99133    0  275  463.49059  393.99133  15.0%     -   26s
     0     0  393.99133    0  271  463.49059  393.99133  15.0%     -   26s
     0     0  393.99133    0  267  463.49059  393.99133  15.0%     -   27s
     0     0  393.99133    0  268  463.49059  393.99133  15.0%     -   27s
     0     0  393.99133    0  280  463.49059  393.99133  15.0%     -   27s
     0     0  393.99133    0  276  463.49059  393.99133  15.0%     -   28s
     0     0  393.99133    0  277  463.49059  393.99133  15.0%     -   28s
     0     0  393.99133    0  274  463.49059  393.99133  15.0%     -   28s
     0     0  393.99133    0  274  463.49059  393.99133  15.0%     -   28s
     0     0  393.99133    0  258  463.49059  393.99133  15.0%     -   28s
H    0     0                     462.6448509  393.99133  14.8%     -   28s
H    0     0                     462.5923788  393.99133  14.8%     -   28s
     0     2  393.99133    0  258  462.59238  393.99133  14.8%     -   29s
     7    12  393.99133    3  257  462.59238  393.99133  14.8%   355   30s
   162   167  409.87672   21  214  462.59238  393.99133  14.8%   430   35s
   462   441  431.79836   82  172  462.59238  393.99133  14.8%   368   40s
   862   807  402.83672   11  198  462.59238  393.99133  14.8%   322   45s
H 1023   937                     462.5680866  393.99133  14.8%   343   49s
  1110   999  422.43009   17  254  462.56809  393.99133  14.8%   340   54s
  1112  1000  453.57400  122  199  462.56809  393.99133  14.8%   339   56s
  1122  1007  461.95755   46  259  462.56809  398.70893  13.8%   336   60s
  1139  1018  415.11804   38  259  462.56809  407.25666  12.0%   331   65s
  1154  1028  420.26361   12  263  462.56809  409.68239  11.4%   327   70s
  1162  1034  450.31831   79  249  462.56809  411.46862  11.0%   325   75s
  1166  1036  422.51399   25  228  462.56809  414.26868  10.4%   324   82s
  1170  1040  451.26086   31  221  462.56809  414.26868  10.4%   376   85s
  1181  1047  448.45462   51  263  462.56809  414.26868  10.4%   372   90s
  1185  1050  414.88243    8  263  462.56809  414.88243  10.3%   371   98s
  1188  1057  414.88243   28  253  462.56809  414.88243  10.3%   424  100s
  1232  1085  414.88243   34  208  462.56809  414.88243  10.3%   475  105s
  1292  1117  417.72991   39  184  462.56809  414.88243  10.3%   500  110s
  1388  1162  431.29255   44  175  462.56809  414.88243  10.3%   540  115s
  1493  1196  449.63805   59  179  462.56809  414.88243  10.3%   578  120s
  1655  1239  435.23566   52  200  462.56809  414.88243  10.3%   588  125s
  1806  1262  415.45260   35  223  462.56809  414.88243  10.3%   594  130s
  1971  1367  460.50074   61  166  462.56809  414.90053  10.3%   614  135s
  2295  1474  439.60473   36  218  462.56809  415.00559  10.3%   605  140s
  2607  1559  444.10415   50  208  462.56809  415.28631  10.2%   588  145s
  2885  1651  439.28622   45  185  462.56809  415.48249  10.2%   583  150s
  3120  1684  438.83323   41  145  462.56809  416.20972  10.0%   591  155s
  3308  1828  449.67470   49  163  462.56809  416.40754  10.0%   621  161s
  3563  1842  451.73614   52  183  462.56809  416.85294  9.88%   616  166s
  3746  1859  418.67129   44  217  462.56809  417.23750  9.80%   623  171s
  3957  1908  424.35899   57  214  462.56809  417.33171  9.78%   634  176s
  4182  2041  440.10553   42  175  462.56809  417.61966  9.72%   638  182s
  4386  2127  439.28401   58  160  462.56809  417.76500  9.69%   626  185s
  4867  2345  446.64006   55  187  462.56809  418.17468  9.60%   606  192s
  5110  2455  456.22754   61  185  462.56809  418.17468  9.60%   599  195s
  5569  2772  425.31883   48  200  462.56809  418.48781  9.53%   587  202s
  5755  2853  444.52442   36  214  462.56809  418.83002  9.46%   586  206s
  6065  3028  442.13523   45  205  462.56809  419.18863  9.38%   600  214s
  6211  3096  446.52468   46  180  462.56809  419.35841  9.34%   603  217s
  6408  3182  444.82773   48  202  462.56809  419.51965  9.31%   611  222s
  6586  3334  444.45652   48  184  462.56809  419.60553  9.29%   615  226s
H 6691  3257                     461.0899501  419.67085  8.98%   617  226s
  6850  3369  438.84766   43  193  461.08995  419.92573  8.93%   615  231s
  7034  3505  450.54287   53  136  461.08995  419.92573  8.93%   618  237s
  7243  3658  446.89945   47  204  461.08995  420.25156  8.86%   620  241s
  7516  3795  436.78010   42  212  461.08995  420.68812  8.76%   622  246s
  7810  3946  448.65900   54   82  461.08995  421.18179  8.66%   620  252s
  8175  4056  454.92253   43  178  461.08995  421.42032  8.60%   611  259s
  8460  4240  461.02664   74  129  461.08995  421.42258  8.60%   608  264s
  8948  4437  439.58012   39  196  461.08995  421.88647  8.50%   601  269s
  9327  4637  454.44759   61  196  461.08995  422.42774  8.38%   599  275s
  9783  4828  448.49640   35  213  461.08995  422.91785  8.28%   598  281s
 10233  4987  448.01484   51  194  461.08995  423.53960  8.14%   594  288s
 10709  5287  444.67715   44  168  461.08995  423.88919  8.07%   595  295s
 11315  5536  459.07055   51  178  461.08995  424.56027  7.92%   588  302s
 11972  5885     cutoff   70       461.08995  425.26218  7.77%   583  309s
 12692  6106  455.27648   58  140  461.08995  425.81001  7.65%   574  316s
 13202  6383  448.18136   53  192  461.08995  426.37546  7.53%   572  323s
 13769  6645  453.09402   57  190  461.08995  426.96046  7.40%   570  330s
 14348  6987  460.72295   46  190  461.08995  427.43067  7.30%   567  336s
 15030  7161  458.51751   44  171  461.08995  427.97242  7.18%   561  342s
 15493  7428  441.26018   48  187  461.08995  428.39705  7.09%   563  349s
 16053  7683  456.00836   40  191  461.08995  428.91698  6.98%   561  356s
 16596  7845  454.15376   45  196  461.08995  429.36347  6.88%   560  360s

Cutting planes:
  Gomory: 9
  Cover: 10
  Implied bound: 76
  Projected implied bound: 10
  Clique: 1
  MIR: 80
  Flow cover: 111
  GUB cover: 1
  Inf proof: 18
  Zero half: 36
  RLT: 2
  Relax-and-lift: 15
  Lazy constraints: 1

Explored 16933 nodes (9509648 simplex iterations) in 360.00 seconds (1403.21 work units)
Thread count was 4 (of 32 available processors)

Solution count 10: 461.09 462.568 462.592 ... 478.147

Time limit reached
Best objective 4.610899500540e+02, best bound 4.296263204888e+02, gap 6.8238%

User-callback calls 82201, time in user-callback 0.00 sec
Cap boundary reject: PORT-593 real=528.404 baseline=478.396
Set parameter Username
Set parameter LicenseID to value 2738882
Academic license - for non-commercial use only - expires 2026-11-14
Segment 1 eval: start=BOAT-0 end=PORT-581 stations=87 (optimize)
  Segment 1 order: 1 3 4 -25 -5 -6 10 11 143 15 16 17 -18 -13 14 12 -24 -23 -22 -21 19 20 -41 42 43 44 45 46 -396 -47 -40 39 48 49 50 -38 -37 51 -52 59 -57 56 55 -54 -53 66 67 69 -36 -35 -34 -33 -32 -31 -30 -29 -28 -27 -26 93 -92 94 -96 -95 90 91 -89 88 -87 86 -85 -84 -83 -82 -81 -80 79 -78 -77 -70 -76 75 72 73 -74 -71 -68
Segment 2 eval: start=PORT-581 end=PORT-591 stations=58 (optimize)
  Segment 2 order: 65 -63 64 -58 60 61 62 391 392 393 394 395 397 398 399 -400 -401 389 390 388 -387 -386 -385 -402 403 405 406 -407 -404 409 408 -410 411 412 -413 -415 416 -417 425 381 426 -368 -367 -366 -365 364 362 -361 -360 -359 -358 -357 -356 -355 354 -353 348 -363
Segment 3 eval: start=PORT-591 end=PORT-591 stations=111 (optimize)
  Segment 3 order: -346 276 277 278 279 280 281 -556 282 283 -284 555 558 559 -560 561 -562 -554 553 550 551 552 285 286 287 288 289 290 291 292 293 294 -295 296 297 306 -305 -298 299 300 301 302 304 -303 307 308 309 -310 311 312 -313 314 315 316 317 318 319 320 340 341 342 343 344 345 334 335 336 337 338 339 321 322 323 324 325 -327 328 330 -331 -329 -326 349 350 351 352 -373 372 -374 375 376 377 379 380 414 382 384 -383 419 420 421 -423 -422 424 -418 -378 -371 -370 369 332 -333 347
Segment 4 eval: start=PORT-591 end=PORT-593 stations=43 (optimize)
  Segment 4 order: 557 563 564 565 566 567 568 -542 543 540 541 549 548 -547 -546 -545 -544 -539 -538 -537 536 -535 -534 -572 569 570 571 573 574 576 533 -532 -531 -530 -529 -528 -527 577 575 578 -525 526 -524
Segment 5 eval: start=PORT-593 end=PORT-593 stations=19 (optimize)
  Segment 5 order: 430 -434 -433 -432 -431 -429 -428 427 517 518 519 520 521 -580 -579 -523 -522 -516 -515
Segment 6 eval: start=PORT-593 end=PORT-584 stations=33 (optimize)
  Segment 6 order: -512 513 -514 -511 -510 -509 -508 -507 -506 -505 -444 -443 -442 -441 440 -439 437 -436 435 438 445 446 447 448 449 450 451 452 453 457 -456 -455 -454
Segment 7 eval: start=PORT-584 end=PORT-584 stations=7 (optimize)
  Segment 7 order: 482 483 463 -464 -458 459 460
Segment 8 eval: start=PORT-584 end=PORT-584 stations=37 (optimize)
  Segment 8 order: -501 500 502 503 -504 -488 -487 -486 -485 -461 -484 462 -489 490 491 492 -493 477 -480 -481 479 -465 -466 474 -473 -475 -478 -476 -114 494 -113 -112 495 496 497 498 499
Segment 9 eval: start=PORT-584 end=PORT-588 stations=20 (optimize)
  Segment 9 order: 467 468 469 470 -471 472 -122 -121 120 -119 -118 -117 -116 -115 -275 -111 -274 -107 -106 -105
Segment 10 eval: start=PORT-588 end=PORT-588 stations=37 (optimize)
  Segment 10 order: 109 110 -270 -269 -268 264 265 267 266 123 124 125 -126 127 -263 -262 -261 -260 -259 258 128 129 130 -256 257 -255 -254 -252 -253 273 -272 -271 -108 101 102 103 -104
Segment 11 eval: start=PORT-588 end=PORT-583 stations=41 (optimize)
  Segment 11 order: -248 -247 243 244 245 -249 251 -250 -208 -207 -206 -205 131 -204 -203 -202 -199 -198 -200 201 -209 -210 211 -212 197 -196 -195 -194 -193 -192 218 217 -213 214 215 -237 238 239 240 -241 242
Segment 12 eval: start=PORT-583 end=PORT-583 stations=59 (optimize)
  Segment 12 order: 133 134 230 232 233 234 -235 231 -227 -178 -226 -224 225 -222 -221 -236 97 98 99 100 246 216 -220 -219 -191 -189 190 223 -188 -187 -186 -185 -184 -183 -182 -177 171 -170 -169 -168 155 156 157 158 -150 -149 148 -140 -139 151 152 153 154 179 228 229 180 181 132
Segment 13 eval: start=PORT-583 end=BOAT-END stations=28 (optimize)
  Segment 13 order: -135 136 -137 -2 7 138 141 8 9 142 144 145 146 147 161 -160 159 163 -162 164 165 166 167 172 173 174 175 -176
Cap boundary debug: PORT-593 -> [445 446 447 507 508 509 510 511 514 513 512 436 435 438 437 439 440 441 442 443 444 506 505 449 448 450 451 453 452 454 455 456 457] -> PORT-584 -> [458 459 460 464 482 483 463] -> PORT-584 | load_left=42659 load_right=41773 cap=45000
Set parameter Username
Set parameter LicenseID to value 2738882
Academic license - for non-commercial use only - expires 2026-11-14
Set parameter TimeLimit to value 360
Set parameter Seed to value 1280389313
Set parameter Threads to value 4
Set parameter OutputFlag to value 1
Set parameter LogToConsole to value 1
Set parameter LazyConstraints to value 1
Gurobi Optimizer version 13.0.0 build v13.0.0rc1 (linux64 - "Debian GNU/Linux 13 (trixie)")

CPU model: AMD Ryzen 9 5950X 16-Core Processor, instruction set [SSE2|AVX|AVX2]
Thread count: 16 physical cores, 32 logical processors, using up to 4 threads

Non-default parameters:
TimeLimit  360
Seed  1280389313
Threads  4
LazyConstraints  1

Optimize a model with 7882 rows, 21168 columns and 42324 nonzeros (Min)
Model fingerprint: 0x77c4c386
Model has 6884 linear objective coefficients
Variable types: 14112 continuous, 7056 integer (7056 binary)
Coefficient statistics:
  Matrix range     [1e+00, 4e+04]
  Objective range  [4e-01, 1e+02]
  Bounds range     [1e+00, 4e+04]
  RHS range        [1e+00, 2e+04]
Presolve removed 914 rows and 7598 columns
Presolve time: 0.06s
Presolved: 6968 rows, 13570 columns, 40653 nonzeros
Variable types: 6640 continuous, 6930 integer (6930 binary)

Root relaxation: objective 3.955298e+02, 12922 iterations, 0.72 seconds (2.16 work units)

    Nodes    |    Current Node    |     Objective Bounds      |     Work
 Expl Unexpl |  Obj  Depth IntInf | Incumbent    BestBd   Gap | It/Node Time

     0     0  395.52985    0  144          -  395.52985      -     -    0s
H    0     0                    1641.7909640  395.52985  75.9%     -    0s
H    0     0                     579.1874685  395.52985  31.7%     -    0s
H    0     0                     558.0659615  395.52985  29.1%     -    0s
H    0     0                     550.7374532  395.52985  28.2%     -    0s
H    0     0                     540.4934699  395.52985  26.8%     -    1s
H    0     0                     538.3540776  395.52985  26.5%     -    2s
H    0     0                     530.3555787  395.52985  25.4%     -    3s
H    0     0                     529.5203149  395.52985  25.3%     -    3s
     0     0  395.52985    0  142  529.52031  395.52985  25.3%     -    3s
     0     0  396.75155    0  173  529.52031  396.75155  25.1%     -    3s
H    0     0                     528.9637687  396.75155  25.0%     -    3s
H    0     0                     525.1874306  396.75155  24.5%     -    3s
H    0     0                     524.4873558  396.75155  24.4%     -    4s
H    0     0                     520.8122878  396.75155  23.8%     -    4s
H    0     0                     514.2421557  396.75155  22.8%     -    4s
H    0     0                     511.1391643  396.75155  22.4%     -    4s
     0     0  396.75408    0  174  511.13916  396.75408  22.4%     -    4s
     0     0  397.65524    0  185  511.13916  397.65524  22.2%     -    4s
     0     0  398.21202    0  184  511.13916  398.21202  22.1%     -    4s
     0     0  398.21202    0  184  511.13916  398.21202  22.1%     -    5s
     0     0  398.22292    0  187  511.13916  398.22292  22.1%     -    5s
     0     0  398.22311    0  187  511.13916  398.22311  22.1%     -    5s
     0     0  398.23772    0  186  511.13916  398.23772  22.1%     -    6s
     0     0  398.24164    0  183  511.13916  398.24164  22.1%     -    6s
     0     0  398.47664    0  178  511.13916  398.47664  22.0%     -    6s
     0     0  398.47664    0  178  511.13916  398.47664  22.0%     -    6s
     0     0  398.48821    0  185  511.13916  398.48821  22.0%     -    7s
     0     0  398.49410    0  187  511.13916  398.49410  22.0%     -    7s
     0     0  398.49410    0  188  511.13916  398.49410  22.0%     -    7s
     0     0  398.63351    0  188  511.13916  398.63351  22.0%     -    7s
     0     0  398.67603    0  185  511.13916  398.67603  22.0%     -    7s
     0     0  398.67618    0  186  511.13916  398.67618  22.0%     -    7s
     0     0  398.73132    0  188  511.13916  398.73132  22.0%     -    7s
     0     0  398.74616    0  190  511.13916  398.74616  22.0%     -    7s
     0     0  398.74616    0  191  511.13916  398.74616  22.0%     -    7s
     0     0  398.77834    0  191  511.13916  398.77834  22.0%     -    8s
     0     0  398.79606    0  190  511.13916  398.79606  22.0%     -    8s
     0     0  398.90016    0  191  511.13916  398.90016  22.0%     -    8s
     0     0  398.91709    0  191  511.13916  398.91709  22.0%     -    8s
     0     0  398.92336    0  191  511.13916  398.92336  22.0%     -    8s
     0     0  398.95656    0  192  511.13916  398.95656  21.9%     -    8s
     0     0  398.95656    0  192  511.13916  398.95656  21.9%     -    8s
     0     0  398.95656    0  193  511.13916  398.95656  21.9%     -    9s
     0     0  399.06511    0  189  511.13916  399.06511  21.9%     -    9s
     0     0  399.06511    0  190  511.13916  399.06511  21.9%     -    9s
     0     0  399.06511    0  192  511.13916  399.06511  21.9%     -    9s
     0     0  399.06511    0  193  511.13916  399.06511  21.9%     -    9s
     0     0  399.06511    0  195  511.13916  399.06511  21.9%     -   10s
     0     0  399.06511    0  196  511.13916  399.06511  21.9%     -   10s
     0     0  399.06511    0  192  511.13916  399.06511  21.9%     -   10s
     0     0  399.06511    0  193  511.13916  399.06511  21.9%     -   10s
     0     0  399.06511    0  192  511.13916  399.06511  21.9%     -   10s
     0     0  399.06511    0  193  511.13916  399.06511  21.9%     -   10s
     0     0  399.43681    0  196  511.13916  399.43681  21.9%     -   11s
     0     0  399.44184    0  195  511.13916  399.44184  21.9%     -   11s
     0     0  399.44184    0  190  511.13916  399.44184  21.9%     -   11s
     0     0  399.45357    0  190  511.13916  399.45357  21.9%     -   11s
     0     0  399.45357    0  192  511.13916  399.45357  21.9%     -   11s
     0     0  399.45393    0  195  511.13916  399.45393  21.9%     -   11s
     0     0  399.45652    0  200  511.13916  399.45652  21.8%     -   11s
     0     0  399.46528    0  200  511.13916  399.46528  21.8%     -   11s
     0     0  399.46528    0  207  511.13916  399.46528  21.8%     -   11s
     0     0  399.50514    0  199  511.13916  399.50514  21.8%     -   11s
     0     0  399.51457    0  204  511.13916  399.51457  21.8%     -   11s
     0     0  399.51457    0  203  511.13916  399.51457  21.8%     -   11s
     0     0  399.51457    0  203  511.13916  399.51457  21.8%     -   11s
     0     0  399.51457    0  203  511.13916  399.51457  21.8%     -   12s
     0     0  399.53080    0  206  511.13916  399.53080  21.8%     -   12s
     0     0  399.53669    0  207  511.13916  399.53669  21.8%     -   12s
     0     0  400.72651    0  207  511.13916  400.72651  21.6%     -   12s
     0     0  400.97404    0  203  511.13916  400.97404  21.6%     -   12s
     0     0  400.97404    0  203  511.13916  400.97404  21.6%     -   12s
     0     0  401.18424    0  202  511.13916  401.18424  21.5%     -   13s
     0     0  401.18777    0  201  511.13916  401.18777  21.5%     -   13s
     0     0  401.18786    0  205  511.13916  401.18786  21.5%     -   13s
     0     0  401.18789    0  210  511.13916  401.18789  21.5%     -   13s
     0     0  401.18789    0  210  511.13916  401.18789  21.5%     -   13s
     0     0  401.18789    0  210  511.13916  401.18789  21.5%     -   13s
     0     0  401.18789    0  206  511.13916  401.18789  21.5%     -   13s
H    0     0                     501.1373458  401.18789  19.9%     -   13s
H    0     0                     497.3610077  401.18789  19.3%     -   13s
H    0     0                     496.6194564  401.18789  19.2%     -   13s
H    0     0                     496.2750654  401.18789  19.2%     -   13s
H    0     0                     495.6139315  401.18789  19.1%     -   13s
     0     2  401.18789    0  206  495.61393  401.18789  19.1%     -   14s
    27    32  403.65720    7  159  495.61393  401.48605  19.0%   286   15s
H   67    69                     494.8920460  401.48605  18.9%   418   16s
H   68    86                     494.7471578  401.48605  18.9%   413   16s
H  582   584                     493.1768442  401.48605  18.6%   104   19s
   737   771  411.61803  191  129  493.17684  401.48605  18.6%  93.0   20s
H 1174  1158                     489.0496002  401.65721  17.9%  94.6   21s
  1384  1358  471.00478  304  167  489.04960  402.37210  17.7%  93.7   26s
H 1384  1290                     488.9573488  411.17556  15.9%  93.7   28s
  1390  1294  424.73901  117  206  488.95735  414.16153  15.3%  93.3   30s
  1402  1302  447.37576  200  208  488.95735  417.08179  14.7%  92.5   35s
  1412  1309  419.73588  108  250  488.95735  417.89093  14.5%  91.8   40s
  1425  1318  452.29949  129  211  488.95735  419.72335  14.2%  91.0   45s
  1434  1324  420.36664   43  208  488.95735  420.36664  14.0%  90.4   50s
  1442  1329  428.80868   70  223  488.95735  421.75341  13.7%  89.9   55s
  1460  1342  469.58983  244  162  488.95735  422.24391  13.6%   141   60s
  1468  1348  455.77729  187  225  488.95735  422.30110  13.6%   140   65s
  1473  1351  422.30742   16  236  488.95735  422.30742  13.6%   139   70s
H 1491  1299                     488.1009318  422.45871  13.4%   168   73s
H 1494  1237                     485.8670480  422.45871  13.1%   170   73s
  1518  1255  426.87667   36  168  485.86705  422.45871  13.1%   190   75s
  1595  1308  428.81561   44  135  485.86705  422.45871  13.1%   236   80s
  1674  1354  430.21636   54  137  485.86705  422.45871  13.1%   274   85s
H 1679  1291                     484.9752447  422.45871  12.9%   274   85s
  1793  1314  425.67373   36  178  484.97524  422.51683  12.9%   307   90s
H 1881  1261                     484.5908830  422.51683  12.8%   323   93s
  1889  1275  455.37159   46  123  484.59088  422.51683  12.8%   329   95s
  2070  1328  425.52939   49  176  484.59088  422.71884  12.8%   355  100s
  2296  1451  442.38852   44  143  484.59088  422.93303  12.7%   362  105s
  2766  1595  427.12943   41  156  484.59088  424.24448  12.5%   357  110s
  3376  1804  443.58116   56  141  484.59088  424.72662  12.4%   348  116s
  3786  1915  468.72842   48  139  484.59088  425.24480  12.2%   346  120s
  4469  2044  471.08879   57  149  484.59088  425.71011  12.2%   341  126s
  4999  2280  434.48451   55  157  484.59088  426.03027  12.1%   343  131s
  5570  2594  446.70730   44  106  484.59088  426.28953  12.0%   341  136s
  5856  2735     cutoff   52       484.59088  426.44452  12.0%   348  140s
  6601  3199  460.41407   53  164  484.59088  426.77161  11.9%   345  147s
  7228  3560  452.86852   52  117  484.59088  427.15906  11.9%   340  152s
  7887  3970 infeasible   61       484.59088  427.33660  11.8%   336  157s
  8282  4103  448.67422   42  128  484.59088  427.58204  11.8%   333  160s
  8977  4588  442.35414   49  138  484.59088  427.83495  11.7%   331  166s
  9782  5035  468.44853   61  117  484.59088  428.20736  11.6%   325  172s
 10159  5330  443.61281   55  140  484.59088  428.28189  11.6%   323  175s
 11068  5772  482.54616   52   69  484.59088  428.61123  11.6%   321  184s
 11445  6033  475.15480   39  101  484.59088  428.71860  11.5%   321  188s
 11957  6334  451.60768   45  191  484.59088  428.77241  11.5%   322  193s
 12475  6669  461.20308   44  155  484.59088  429.01310  11.5%   321  197s
 13049  6987  466.83231   55  107  484.59088  429.24516  11.4%   320  201s
 13697  7267  467.17390   54  114  484.59088  429.45101  11.4%   317  205s
 14520  7696  479.45683   58  127  484.59088  429.62538  11.3%   321  213s
 14970  7740  481.41165   68  137  484.59088  429.77659  11.3%   319  219s
 15105  8030  452.18980   43  130  484.59088  429.83184  11.3%   320  223s
 15685  8274  435.05723   38  190  484.59088  429.98841  11.3%   319  227s
 16162  8598  473.09987   48  160  484.59088  430.09592  11.2%   319  231s
 16735  8839  436.67068   45  134  484.59088  430.31053  11.2%   318  235s
 17689  9372     cutoff   50       484.59088  430.55160  11.2%   319  244s
 18236  9614  467.30613   49   80  484.59088  430.66088  11.1%   318  248s
 18697  9854  448.72083   48  171  484.59088  430.76155  11.1%   318  251s
 19188 10056  437.02041   44  161  484.59088  430.88145  11.1%   319  255s
 20040 10609  447.51644   49  146  484.59088  431.10995  11.0%   318  263s
 20653 10862  434.88405   39  169  484.59088  431.20237  11.0%   317  267s
 21095 11110  444.88298   37  152  484.59088  431.28764  11.0%   317  271s
 21580 11288  436.65532   43  160  484.59088  431.32691  11.0%   317  275s
 22457 11831  459.13569   52  125  484.59088  431.51226  11.0%   317  283s
 22939 12035  470.34104   52  140  484.59088  431.68821  10.9%   318  286s
 23435 12263  473.19797   50  148  484.59088  431.75326  10.9%   317  290s
 24382 12670  443.92385   38  165  484.59088  431.97530  10.9%   317  297s
 24716 12899  442.05637   49  161  484.59088  432.01517  10.8%   318  301s
 25241 13135  463.60913   44  127  484.59088  432.08479  10.8%   318  305s
 26308 13598     cutoff   53       484.59088  432.23945  10.8%   317  312s
 26720 13811  473.17299   65  150  484.59088  432.33185  10.8%   319  316s
 27660 14264  451.86949   52  153  484.59088  432.46185  10.8%   319  323s
 28006 14544  454.82648   50  150  484.59088  432.50029  10.7%   321  327s
 28492 14740  458.47527   56  161  484.59088  432.56625  10.7%   321  331s
 29406 15119     cutoff   49       484.59088  432.73836  10.7%   321  338s
 29823 15382     cutoff   52       484.59088  432.87523  10.7%   321  342s
 30298 15581  450.28261   42  187  484.59088  432.93915  10.7%   321  345s
 31373 16031  475.43265   79  124  484.59088  433.07650  10.6%   319  353s
 31733 16240     cutoff   66       484.59088  433.18488  10.6%   319  357s
 32112 16416  453.38155   45  170  484.59088  433.26727  10.6%   319  360s

Cutting planes:
  Learned: 1
  Cover: 13
  Implied bound: 95
  Projected implied bound: 18
  Clique: 1
  MIR: 188
  Mixing: 3
  Flow cover: 247
  Inf proof: 12
  Zero half: 28
  RLT: 18
  Relax-and-lift: 33
  BQP: 9

Explored 32472 nodes (10408308 simplex iterations) in 360.00 seconds (1519.41 work units)
Thread count was 4 (of 32 available processors)

Solution count 10: 484.591 484.975 485.867 ... 495.614

Time limit reached
Best objective 4.845908830065e+02, best bound 4.332937266886e+02, gap 10.5857%

User-callback calls 111495, time in user-callback 0.00 sec
Cap boundary opt: PORT-584 stations=40 obj=484.591 real=483.113 baseline=488.980
Set parameter Username
Set parameter LicenseID to value 2738882
Academic license - for non-commercial use only - expires 2026-11-14
Segment 1 eval: start=BOAT-0 end=PORT-581 stations=87 (optimize)
  Segment 1 order: 1 3 4 -25 -5 -6 10 11 143 15 16 17 -18 -13 14 12 -24 -23 -22 -21 19 20 -41 42 43 44 45 46 -396 -47 -40 39 48 49 50 -38 -37 51 -52 59 -57 56 55 -54 -53 66 67 69 -36 -35 -34 -33 -32 -31 -30 -29 -28 -27 -26 93 -92 94 -96 -95 90 91 -89 88 -87 86 -85 -84 -83 -82 -81 -80 79 -78 -77 -70 -76 75 72 73 -74 -71 -68
Segment 2 eval: start=PORT-581 end=PORT-591 stations=58 (optimize)
  Segment 2 order: 65 -63 64 -58 60 61 62 391 392 393 394 395 397 398 399 -400 -401 389 390 388 -387 -386 -385 -402 403 405 406 -407 -404 409 408 -410 411 412 -413 -415 416 -417 425 381 426 -368 -367 -366 -365 364 362 -361 -360 -359 -358 -357 -356 -355 354 -353 348 -363
Segment 3 eval: start=PORT-591 end=PORT-591 stations=111 (optimize)
  Segment 3 order: -346 276 277 278 279 280 281 -556 282 283 -284 555 558 559 -560 561 -562 -554 553 550 551 552 285 286 287 288 289 290 291 292 293 294 -295 296 297 306 -305 -298 299 300 301 302 304 -303 307 308 309 -310 311 312 -313 314 315 316 317 318 319 320 340 341 342 343 344 345 334 335 336 337 338 339 321 322 323 324 325 -327 328 330 -331 -329 -326 349 350 351 352 -373 372 -374 375 376 377 379 380 414 382 384 -383 419 420 421 -423 -422 424 -418 -378 -371 -370 369 332 -333 347
Segment 4 eval: start=PORT-591 end=PORT-593 stations=43 (optimize)
  Segment 4 order: 557 563 564 565 566 567 568 -542 543 540 541 549 548 -547 -546 -545 -544 -539 -538 -537 536 -535 -534 -572 569 570 571 573 574 576 533 -532 -531 -530 -529 -528 -527 577 575 578 -525 526 -524
Segment 5 eval: start=PORT-593 end=PORT-593 stations=19 (optimize)
  Segment 5 order: 430 -434 -433 -432 -431 -429 -428 427 517 518 519 520 521 -580 -579 -523 -522 -516 -515
Segment 6 eval: start=PORT-593 end=PORT-584 stations=31 (optimize)
  Segment 6 order: -512 513 -514 -511 -510 -509 -508 -507 -506 -505 -444 -443 -442 -441 440 -439 437 -436 435 438 445 446 447 448 449 450 451 452 453 -455 -454
Segment 7 eval: start=PORT-584 end=PORT-584 stations=9 (optimize)
  Segment 7 order: 482 483 463 -464 -460 -459 -458 -457 -456
Segment 8 eval: start=PORT-584 end=PORT-584 stations=37 (optimize)
  Segment 8 order: -501 500 502 503 -504 -488 -487 -486 -485 -461 -484 462 -489 490 491 492 -493 477 -480 -481 479 -465 -466 474 -473 -475 -478 -476 -114 494 -113 -112 495 496 497 498 499
Segment 9 eval: start=PORT-584 end=PORT-588 stations=20 (optimize)
  Segment 9 order: 467 468 469 470 -471 472 -122 -121 120 -119 -118 -117 -116 -115 -275 -111 -274 -107 -106 -105
Segment 10 eval: start=PORT-588 end=PORT-588 stations=37 (optimize)
  Segment 10 order: 109 110 -270 -269 -268 264 265 267 266 123 124 125 -126 127 -263 -262 -261 -260 -259 258 128 129 130 -256 257 -255 -254 -252 -253 273 -272 -271 -108 101 102 103 -104
Segment 11 eval: start=PORT-588 end=PORT-583 stations=41 (optimize)
  Segment 11 order: -248 -247 243 244 245 -249 251 -250 -208 -207 -206 -205 131 -204 -203 -202 -199 -198 -200 201 -209 -210 211 -212 197 -196 -195 -194 -193 -192 218 217 -213 214 215 -237 238 239 240 -241 242
Segment 12 eval: start=PORT-583 end=PORT-583 stations=59 (optimize)
  Segment 12 order: 133 134 230 232 233 234 -235 231 -227 -178 -226 -224 225 -222 -221 -236 97 98 99 100 246 216 -220 -219 -191 -189 190 223 -188 -187 -186 -185 -184 -183 -182 -177 171 -170 -169 -168 155 156 157 158 -150 -149 148 -140 -139 151 152 153 154 179 228 229 180 181 132
Segment 13 eval: start=PORT-583 end=BOAT-END stations=28 (optimize)
  Segment 13 order: -135 136 -137 -2 7 138 141 8 9 142 144 145 146 147 161 -160 159 163 -162 164 165 166 167 172 173 174 175 -176
Cap boundary debug: PORT-584 -> [482 483 463 464 460 459 458 457 456] -> PORT-584 -> [484 462 461 485 486 487 488 489 490 491 492 493 114 112 113 494 495 496 497 499 498 500 501 502 503 504 473 474 475 477 476 478 479 481 480 465 466] -> PORT-584 | load_left=44111 load_right=37457 cap=45000
Set parameter Username
Set parameter LicenseID to value 2738882
Academic license - for non-commercial use only - expires 2026-11-14
Set parameter TimeLimit to value 360
Set parameter Seed to value 755454721
Set parameter Threads to value 4
Set parameter OutputFlag to value 1
Set parameter LogToConsole to value 1
Set parameter LazyConstraints to value 1
Gurobi Optimizer version 13.0.0 build v13.0.0rc1 (linux64 - "Debian GNU/Linux 13 (trixie)")

CPU model: AMD Ryzen 9 5950X 16-Core Processor, instruction set [SSE2|AVX|AVX2]
Thread count: 16 physical cores, 32 logical processors, using up to 4 threads

Non-default parameters:
TimeLimit  360
Seed  755454721
Threads  4
LazyConstraints  1

Optimize a model with 10162 rows, 27648 columns and 55284 nonzeros (Min)
Model fingerprint: 0x2767b120
Model has 9016 linear objective coefficients
Variable types: 18432 continuous, 9216 integer (9216 binary)
Coefficient statistics:
  Matrix range     [1e+00, 4e+04]
  Objective range  [4e-01, 1e+02]
  Bounds range     [1e+00, 4e+04]
  RHS range        [1e+00, 2e+04]
Presolve removed 1046 rows and 9836 columns
Presolve time: 0.08s
Presolved: 9116 rows, 17812 columns, 53346 nonzeros
Variable types: 8740 continuous, 9072 integer (9072 binary)

Root relaxation: objective 3.864442e+02, 17703 iterations, 1.05 seconds (3.11 work units)

    Nodes    |    Current Node    |     Objective Bounds      |     Work
 Expl Unexpl |  Obj  Depth IntInf | Incumbent    BestBd   Gap | It/Node Time

     0     0  386.44417    0  187          -  386.44417      -     -    1s
H    0     0                     782.2312885  386.44417  50.6%     -    5s
H    0     0                     759.5269323  386.44417  49.1%     -    5s
     0     0  386.44417    0  187  759.52693  386.44417  49.1%     -    7s
     0     0  389.37847    0  219  759.52693  389.37847  48.7%     -    7s
H    0     0                     666.6277174  389.41028  41.6%     -    8s
H    0     0                     527.2145396  389.41028  26.1%     -    8s
H    0     0                     512.5488173  389.41028  24.0%     -    8s
H    0     0                     498.2450677  389.41028  21.8%     -    8s
H    0     0                     489.5594847  389.41028  20.5%     -    8s
H    0     0                     480.5147480  389.41028  19.0%     -    8s
     0     0  389.41028    0  219  480.51475  389.41028  19.0%     -   12s
H    0     0                     480.0877003  389.41028  18.9%     -   12s
     0     0  389.41028    0  221  480.08770  389.41028  18.9%     -   14s
     0     0  389.41762    0  221  480.08770  389.41762  18.9%     -   14s
     0     0  389.41831    0  222  480.08770  389.41831  18.9%     -   14s
     0     0  391.01415    0  231  480.08770  391.01415  18.6%     -   15s
     0     0  391.02228    0  233  480.08770  391.02228  18.6%     -   15s
     0     0  392.34627    0  230  480.08770  392.34627  18.3%     -   15s
     0     0  392.35522    0  223  480.08770  392.35522  18.3%     -   15s
     0     0  392.81523    0  237  480.08770  392.81523  18.2%     -   16s
     0     0  392.82961    0  242  480.08770  392.82961  18.2%     -   16s
     0     0  392.83870    0  245  480.08770  392.83870  18.2%     -   16s
     0     0  392.83871    0  246  480.08770  392.83871  18.2%     -   16s
     0     0  393.01219    0  229  480.08770  393.01219  18.1%     -   16s
     0     0  393.01735    0  232  480.08770  393.01735  18.1%     -   16s
     0     0  393.01735    0  232  480.08770  393.01735  18.1%     -   16s
     0     0  393.07466    0  229  480.08770  393.07466  18.1%     -   17s
     0     0  393.13464    0  230  480.08770  393.13464  18.1%     -   17s
     0     0  393.13464    0  238  480.08770  393.13464  18.1%     -   17s
     0     0  393.14245    0  232  480.08770  393.14245  18.1%     -   17s
     0     0  393.21473    0  239  480.08770  393.21473  18.1%     -   18s
     0     0  393.50112    0  249  480.08770  393.50112  18.0%     -   18s
     0     0  393.51059    0  250  480.08770  393.51059  18.0%     -   18s
     0     0  393.51101    0  248  480.08770  393.51101  18.0%     -   18s
     0     0  393.69714    0  231  480.08770  393.69714  18.0%     -   18s
     0     0  393.71301    0  235  480.08770  393.71301  18.0%     -   18s
     0     0  393.86334    0  250  480.08770  393.86334  18.0%     -   18s
     0     0  393.95218    0  242  480.08770  393.95218  17.9%     -   18s
     0     0  393.97802    0  259  480.08770  393.97802  17.9%     -   18s
     0     0  393.97802    0  259  480.08770  393.97802  17.9%     -   18s
     0     0  394.24691    0  251  480.08770  394.24691  17.9%     -   19s
     0     0  394.24747    0  251  480.08770  394.24747  17.9%     -   19s
     0     0  394.28337    0  255  480.08770  394.28337  17.9%     -   19s
     0     0  394.29475    0  251  480.08770  394.29475  17.9%     -   19s
     0     0  394.29475    0  252  480.08770  394.29475  17.9%     -   19s
     0     0  394.42920    0  251  480.08770  394.42920  17.8%     -   19s
     0     0  394.43029    0  251  480.08770  394.43029  17.8%     -   19s
     0     0  394.43029    0  250  480.08770  394.43029  17.8%     -   19s
     0     0  394.46429    0  253  480.08770  394.46429  17.8%     -   20s
     0     0  394.48067    0  253  480.08770  394.48067  17.8%     -   20s
     0     0  394.48067    0  253  480.08770  394.48067  17.8%     -   20s
     0     0  394.48067    0  253  480.08770  394.48067  17.8%     -   20s
     0     0  394.48067    0  246  480.08770  394.48067  17.8%     -   20s
     0     1  394.48067    0  244  480.08770  394.48067  17.8%     -   20s
   338   358  406.48567  105  163  480.08770  394.77624  17.8%   221   25s
H  603   614                     470.2738873  394.77624  16.1%   186   26s
H 1331  1335                     462.9754785  394.77624  14.7%   130   29s
  1335  1510  427.34594  391   99  462.97548  394.77624  14.7%   130   30s
H 2517  2541                     461.8500411  394.77624  14.5%  79.7   31s
H 2518  2541                     461.3727175  394.77624  14.4%  79.7   31s
H 2555  2493                     452.3953407  394.77624  12.7%  79.4   32s
H 2928  2845                     452.2630199  394.77624  12.7%  76.2   33s
H 2934  2838                     451.6434083  394.77624  12.6%  76.3   33s
  2937  2839  436.81719  666  246  451.64341  394.77624  12.6%  76.6   37s
H 2938  2698                     450.7266004  394.77624  12.4%  76.6   39s
  2939  2698  433.18167  588  183  450.72660  394.77624  12.4%  76.5   40s
  2948  2704  423.82903  319  252  450.72660  397.63621  11.8%  76.3   45s
  2960  2712  423.43581  305  280  450.72660  400.02189  11.2%  76.0   50s
  2973  2721  426.12478  168  275  450.72660  401.44058  10.9%  75.7   55s
  2984  2728  401.64036   21  300  450.72660  401.64036  10.9%  75.4   60s
  2995  2736  413.61935  194  302  450.72660  401.77732  10.9%  75.1   65s
  3004  2742  434.25893  504  292  450.72660  401.99312  10.8%  74.9   70s
  3013  2748  437.55945  601  299  450.72660  402.14115  10.8%  74.7   75s
  3022  2754  450.08894  787  313  450.72660  402.18242  10.8%  74.4   80s
  3030  2759  435.33262  488  303  450.72660  402.25170  10.8%  74.2   85s
  3043  2768  408.32392   77  312  450.72660  402.48010  10.7%  73.9   90s
H 3050  2631                     450.7265975  402.56469  10.7%  73.7   92s
H 3050  2498                     450.7265974  402.56469  10.7%  73.7   92s
  3064  2508  431.99690  522  327  450.72660  402.68529  10.7%  73.4   95s
  3096  2529  443.08198  482  329  450.72660  402.93844  10.6%  72.6  100s
H 3104  2409                     450.2271246  402.95298  10.5%  90.8  102s
H 3105  2288                     448.9293892  402.95298  10.2%  90.8  105s
  3119  2298  428.24218  407  319  448.92939  403.02569  10.2%  90.4  110s
  3130  2305  435.33262  488  323  448.92939  403.13502  10.2%  90.1  115s
  3137  2310  436.81719  666  318  448.92939  403.32940  10.2%  89.9  120s
  3146  2316  444.98381  743  302  448.92939  403.38160  10.1%  89.6  125s
  3153  2320  416.85952   70  305  448.92939  403.43243  10.1%  89.4  131s
  3159  2324  430.46445  512  307  448.92939  403.45331  10.1%  89.2  135s
  3163  2330  403.48311   28  301  448.92939  403.48311  10.1%  99.2  140s
  3218  2370  414.79935   35  256  448.92939  403.54230  10.1%   108  145s
  3297  2424  434.79075   44  203  448.92939  403.54230  10.1%   117  150s
  3410  2484  408.94864   37  163  448.92939  405.20748  9.74%   129  155s
  3611  2554  413.36695   58  163  448.92939  405.32653  9.71%   140  160s
  3923  2601  417.00186   81  154  448.92939  405.32653  9.71%   152  165s
  4319  2574  420.06890  109  145  448.92939  405.32653  9.71%   155  170s
  4551  2581  420.61513  126  171  448.92939  405.32653  9.71%   161  175s
  5063  2605  424.04416  184  114  448.92939  405.79725  9.61%   167  180s
  5988  2496  428.92191  323  102  448.92939  405.91370  9.58%   160  185s
  7114  2991  427.10876  252  109  448.92939  406.23079  9.51%   149  191s
  8090  3536  420.37907   76  138  448.92939  406.38118  9.48%   140  195s
  9005  3893  434.33892  111  145  448.92939  407.62660  9.20%   133  201s
  9768  4260  412.86139   38  166  448.92939  407.90699  9.14%   129  205s
 11071  5403  435.77287   72  207  448.92939  408.88994  8.92%   126  212s
 11637  5576  414.56589   50  197  448.92939  408.88994  8.92%   123  215s
H12136  5785                     448.9293890  408.97003  8.90%   129  218s
 12235  5842  416.95149   90  180  448.92939  408.97003  8.90%   129  221s
H12259  5842                     448.9293884  408.97003  8.90%   130  221s
H12283  5842                     448.9293863  408.97003  8.90%   130  221s
 12414  6365  418.28106  102  170  448.92939  408.97003  8.90%   130  226s
 13628  6903  423.18241  149  149  448.92939  409.01816  8.89%   131  232s
 14044  7054  426.40406  192  148  448.92939  409.62617  8.75%   132  235s
 14355  7057  430.75728  249  148  448.92939  409.62617  8.75%   134  241s
H14358  7057                     448.9293857  409.62617  8.75%   134  241s
 14359  7266     cutoff  249       448.92939  409.62617  8.75%   134  245s
 15228  8075  436.85857  384  111  448.92939  409.91906  8.69%   133  252s
 15849  8619  434.32522  113  151  448.92939  409.96920  8.68%   132  255s
 16992  9198  443.91648   68  198  448.92939  410.15157  8.64%   131  262s
 17348  9659  415.80513   69  205  448.92939  410.21009  8.62%   133  265s
 18468 10281  420.30635  101  144  448.92939  410.22676  8.62%   134  271s
 19795 11070  439.29734  176  139  448.92939  410.56723  8.55%   134  277s
 20277 11628  417.88994   75  170  448.92939  410.56729  8.55%   135  280s
 21422 12191  439.20864   48  164  448.92939  410.57665  8.54%   135  286s
 22843 12925  436.49488   81  160  448.92939  410.68315  8.52%   133  292s
 23472 13815  424.48024  113  172  448.92939  410.98736  8.45%   132  295s
 24961 14661  421.46449   57  169  448.92939  411.22104  8.40%   129  300s
 26294 15619     cutoff  107       448.92939  411.38459  8.36%   127  306s
 27360 16118  416.45144   41  201  448.92939  411.54360  8.33%   126  313s
 27383 16452  415.82721   44  203  448.92939  411.54360  8.33%   127  316s
 28139 17042  430.87553   95  129  448.92939  411.57930  8.32%   127  322s
 29539 17800  425.69492   59  183  448.92939  411.74913  8.28%   125  327s
 30071 18375  417.83034   45  225  448.92939  411.80459  8.27%   125  330s
 31494 19175  420.35853   47  256  448.92939  411.90977  8.25%   123  335s
 32410 20032  428.47299   76  159  448.92939  411.90977  8.25%   123  340s
 33812 21006  435.84380  186  166  448.92939  411.95402  8.24%   121  345s
 35475 22295  417.38244   39  206  448.92939  412.09923  8.20%   118  350s
 36809 23821  422.75504   89  175  448.92939  412.15238  8.19%   117  357s

Cutting planes:
  Gomory: 1
  Cover: 15
  Implied bound: 128
  Projected implied bound: 11
  MIR: 226
  Mixing: 4
  Flow cover: 240
  GUB cover: 1
  Zero half: 9
  RLT: 12
  Relax-and-lift: 32
  BQP: 10
  Lazy constraints: 1

Explored 38117 nodes (4443850 simplex iterations) in 360.00 seconds (1196.57 work units)
Thread count was 4 (of 32 available processors)

Solution count 10: 448.929 448.929 450.227 ... 461.85

Time limit reached
Warning: max constraint violation (7.9408e-03) exceeds tolerance
         (model may be infeasible or unbounded - try turning presolve off)
Best objective 4.489293857112e+02, best bound 4.121878761292e+02, gap 8.1843%

User-callback calls 130572, time in user-callback 0.01 sec
Cap boundary opt: PORT-584 stations=46 obj=448.929 real=448.929 baseline=499.919
Set parameter Username
Set parameter LicenseID to value 2738882
Academic license - for non-commercial use only - expires 2026-11-14
Segment 1 eval: start=BOAT-0 end=PORT-581 stations=87 (optimize)
  Segment 1 order: 1 3 4 -25 -5 -6 10 11 143 15 16 17 -18 -13 14 12 -24 -23 -22 -21 19 20 -41 42 43 44 45 46 -396 -47 -40 39 48 49 50 -38 -37 51 -52 59 -57 56 55 -54 -53 66 67 69 -36 -35 -34 -33 -32 -31 -30 -29 -28 -27 -26 93 -92 94 -96 -95 90 91 -89 88 -87 86 -85 -84 -83 -82 -81 -80 79 -78 -77 -70 -76 75 72 73 -74 -71 -68
Segment 2 eval: start=PORT-581 end=PORT-591 stations=58 (optimize)
  Segment 2 order: 65 -63 64 -58 60 61 62 391 392 393 394 395 397 398 399 -400 -401 389 390 388 -387 -386 -385 -402 403 405 406 -407 -404 409 408 -410 411 412 -413 -415 416 -417 425 381 426 -368 -367 -366 -365 364 362 -361 -360 -359 -358 -357 -356 -355 354 -353 348 -363
Segment 3 eval: start=PORT-591 end=PORT-591 stations=111 (optimize)
  Segment 3 order: -346 276 277 278 279 280 281 -556 282 283 -284 555 558 559 -560 561 -562 -554 553 550 551 552 285 286 287 288 289 290 291 292 293 294 -295 296 297 306 -305 -298 299 300 301 302 304 -303 307 308 309 -310 311 312 -313 314 315 316 317 318 319 320 340 341 342 343 344 345 334 335 336 337 338 339 321 322 323 324 325 -327 328 330 -331 -329 -326 349 350 351 352 -373 372 -374 375 376 377 379 380 414 382 384 -383 419 420 421 -423 -422 424 -418 -378 -371 -370 369 332 -333 347
Segment 4 eval: start=PORT-591 end=PORT-593 stations=43 (optimize)
  Segment 4 order: 557 563 564 565 566 567 568 -542 543 540 541 549 548 -547 -546 -545 -544 -539 -538 -537 536 -535 -534 -572 569 570 571 573 574 576 533 -532 -531 -530 -529 -528 -527 577 575 578 -525 526 -524
Segment 5 eval: start=PORT-593 end=PORT-593 stations=19 (optimize)
  Segment 5 order: 430 -434 -433 -432 -431 -429 -428 427 517 518 519 520 521 -580 -579 -523 -522 -516 -515
Segment 6 eval: start=PORT-593 end=PORT-584 stations=31 (optimize)
  Segment 6 order: -512 513 -514 -511 -510 -509 -508 -507 -506 -505 -444 -443 -442 -441 440 -439 437 -436 435 438 445 446 447 448 449 450 451 452 453 -455 -454
Segment 7 eval: start=PORT-584 end=PORT-584 stations=33 (optimize)
  Segment 7 order: 500 502 -488 -487 -489 490 491 492 -493 482 483 463 464 465 -466 474 -473 -475 479 480 -481 -478 -477 -476 -114 494 -113 -112 495 496 497 498 499
Segment 8 eval: start=PORT-584 end=PORT-584 stations=13 (optimize)
  Segment 8 order: 503 504 -485 -461 456 457 458 459 460 -484 462 -486 501
Segment 9 eval: start=PORT-584 end=PORT-588 stations=20 (optimize)
  Segment 9 order: 467 468 469 470 -471 472 -122 -121 120 -119 -118 -117 -116 -115 -275 -111 -274 -107 -106 -105
Segment 10 eval: start=PORT-588 end=PORT-588 stations=37 (optimize)
  Segment 10 order: 109 110 -270 -269 -268 264 265 267 266 123 124 125 -126 127 -263 -262 -261 -260 -259 258 128 129 130 -256 257 -255 -254 -252 -253 273 -272 -271 -108 101 102 103 -104
Segment 11 eval: start=PORT-588 end=PORT-583 stations=41 (optimize)
  Segment 11 order: -248 -247 243 244 245 -249 251 -250 -208 -207 -206 -205 131 -204 -203 -202 -199 -198 -200 201 -209 -210 211 -212 197 -196 -195 -194 -193 -192 218 217 -213 214 215 -237 238 239 240 -241 242
Segment 12 eval: start=PORT-583 end=PORT-583 stations=59 (optimize)
  Segment 12 order: 133 134 230 232 233 234 -235 231 -227 -178 -226 -224 225 -222 -221 -236 97 98 99 100 246 216 -220 -219 -191 -189 190 223 -188 -187 -186 -185 -184 -183 -182 -177 171 -170 -169 -168 155 156 157 158 -150 -149 148 -140 -139 151 152 153 154 179 228 229 180 181 132
Segment 13 eval: start=PORT-583 end=BOAT-END stations=28 (optimize)
  Segment 13 order: -135 136 -137 -2 7 138 141 8 9 142 144 145 146 147 161 -160 159 163 -162 164 165 166 167 172 173 174 175 -176
Cap boundary debug: PORT-584 -> [501 503 504 485 461 456 457 458 459 460 484 462 486] -> PORT-584 -> [467 468 469 470 471 472 122 121 120 119 118 117 116 115 275 111 274 107 106 105] -> PORT-588 | load_left=44520 load_right=43796 cap=45000
Set parameter Username
Set parameter LicenseID to value 2738882
Academic license - for non-commercial use only - expires 2026-11-14
Set parameter TimeLimit to value 360
Set parameter Seed to value 1007779242
Set parameter Threads to value 4
Set parameter OutputFlag to value 1
Set parameter LogToConsole to value 1
Set parameter LazyConstraints to value 1
Gurobi Optimizer version 13.0.0 build v13.0.0rc1 (linux64 - "Debian GNU/Linux 13 (trixie)")

CPU model: AMD Ryzen 9 5950X 16-Core Processor, instruction set [SSE2|AVX|AVX2]
Thread count: 16 physical cores, 32 logical processors, using up to 4 threads

Non-default parameters:
TimeLimit  360
Seed  1007779242
Threads  4
LazyConstraints  1

Optimize a model with 5586 rows, 14700 columns and 29388 nonzeros (Min)
Model fingerprint: 0x62da2d9f
Model has 4756 linear objective coefficients
Variable types: 9800 continuous, 4900 integer (4900 binary)
Coefficient statistics:
  Matrix range     [1e+00, 4e+04]
  Objective range  [4e-01, 2e+02]
  Bounds range     [1e+00, 4e+04]
  RHS range        [1e+00, 2e+04]
Presolve removed 760 rows and 5351 columns
Presolve time: 0.05s
Presolved: 4826 rows, 9349 columns, 28035 nonzeros
Variable types: 4554 continuous, 4795 integer (4795 binary)

Root relaxation: objective 4.182529e+02, 10170 iterations, 0.39 seconds (1.14 work units)

    Nodes    |    Current Node    |     Objective Bounds      |     Work
 Expl Unexpl |  Obj  Depth IntInf | Incumbent    BestBd   Gap | It/Node Time

     0     0  418.25288    0  135          -  418.25288      -     -    0s
H    0     0                     646.1719903  418.25288  35.3%     -    0s
H    0     0                     540.7020200  418.25288  22.6%     -    0s
H    0     0                     441.9270897  418.25288  5.36%     -    0s
H    0     0                     438.6961865  418.25288  4.66%     -    0s
     0     0  421.35982    0  162  438.69619  421.35982  3.95%     -    0s
     0     0  421.35982    0  134  438.69619  421.35982  3.95%     -    0s
     0     0  421.36702    0  163  438.69619  421.36702  3.95%     -    0s
H    0     0                     436.1968500  421.36702  3.40%     -    0s
     0     0  421.37738    0  163  436.19685  421.37738  3.40%     -    0s
     0     0  422.05552    0  155  436.19685  422.05552  3.24%     -    0s
     0     0  422.08563    0  162  436.19685  422.08563  3.24%     -    0s
     0     0  422.08570    0  162  436.19685  422.08570  3.24%     -    0s
     0     0  422.57583    0  158  436.19685  422.57583  3.12%     -    1s
     0     0  422.58888    0  161  436.19685  422.58888  3.12%     -    1s
     0     0  422.58904    0  161  436.19685  422.58904  3.12%     -    1s
     0     0  422.60639    0  163  436.19685  422.60639  3.12%     -    1s
     0     0  422.65167    0  164  436.19685  422.65167  3.11%     -    1s
     0     0  422.65177    0  164  436.19685  422.65177  3.11%     -    1s
     0     0  422.65910    0  170  436.19685  422.65910  3.10%     -    1s
     0     0  422.66344    0  162  436.19685  422.66344  3.10%     -    1s
     0     0  422.66371    0  171  436.19685  422.66371  3.10%     -    1s
     0     0  422.66978    0  171  436.19685  422.66978  3.10%     -    1s
     0     0  422.67099    0  171  436.19685  422.67099  3.10%     -    1s
     0     0  422.68790    0  175  436.19685  422.68790  3.10%     -    1s
     0     0  422.68790    0  175  436.19685  422.68790  3.10%     -    1s
     0     0  422.68790    0  173  436.19685  422.68790  3.10%     -    1s
     0     0  422.69375    0  138  436.19685  422.69375  3.10%     -    1s
     0     0  422.69375    0  160  436.19685  422.69375  3.10%     -    1s
     0     0  422.88611    0  158  436.19685  422.88611  3.05%     -    1s
     0     0  423.23304    0  167  436.19685  423.23304  2.97%     -    1s
     0     0  423.28478    0  162  436.19685  423.28478  2.96%     -    1s
     0     0  423.30773    0  164  436.19685  423.30773  2.95%     -    1s
     0     0  423.31874    0  172  436.19685  423.31874  2.95%     -    1s
     0     0  423.31874    0  173  436.19685  423.31874  2.95%     -    1s
     0     0  423.33007    0  172  436.19685  423.33007  2.95%     -    1s
     0     0  423.33007    0  173  436.19685  423.33007  2.95%     -    1s
     0     0  423.33833    0  173  436.19685  423.33833  2.95%     -    1s
     0     0  423.33943    0  176  436.19685  423.33943  2.95%     -    1s
     0     0  423.34226    0  176  436.19685  423.34226  2.95%     -    1s
     0     0  423.34226    0  176  436.19685  423.34226  2.95%     -    1s
     0     0  423.34226    0  174  436.19685  423.34226  2.95%     -    1s
     0     2  423.34226    0  172  436.19685  423.34226  2.95%     -    1s

Cutting planes:
  Gomory: 2
  Implied bound: 87
  MIR: 28
  Flow cover: 39
  Inf proof: 1
  Zero half: 1
  Mod-K: 6
  RLT: 6
  Relax-and-lift: 37

Explored 784 nodes (50834 simplex iterations) in 2.28 seconds (4.35 work units)
Thread count was 4 (of 32 available processors)

Solution count 5: 436.197 438.696 441.927 ... 646.172

Optimal solution found (tolerance 1.00e-04)
Best objective 4.361968499552e+02, best bound 4.361968499552e+02, gap 0.0000%

User-callback calls 2697, time in user-callback 0.00 sec
Cap boundary opt: PORT-584 stations=33 obj=436.197 real=436.197 baseline=436.255
Set parameter Username
Set parameter LicenseID to value 2738882
Academic license - for non-commercial use only - expires 2026-11-14
Segment 1 eval: start=BOAT-0 end=PORT-581 stations=87 (optimize)
  Segment 1 order: 1 3 4 -25 -5 -6 10 11 143 15 16 17 -18 -13 14 12 -24 -23 -22 -21 19 20 -41 42 43 44 45 46 -396 -47 -40 39 48 49 50 -38 -37 51 -52 59 -57 56 55 -54 -53 66 67 69 -36 -35 -34 -33 -32 -31 -30 -29 -28 -27 -26 93 -92 94 -96 -95 90 91 -89 88 -87 86 -85 -84 -83 -82 -81 -80 79 -78 -77 -70 -76 75 72 73 -74 -71 -68
Segment 2 eval: start=PORT-581 end=PORT-591 stations=58 (optimize)
  Segment 2 order: 65 -63 64 -58 60 61 62 391 392 393 394 395 397 398 399 -400 -401 389 390 388 -387 -386 -385 -402 403 405 406 -407 -404 409 408 -410 411 412 -413 -415 416 -417 425 381 426 -368 -367 -366 -365 364 362 -361 -360 -359 -358 -357 -356 -355 354 -353 348 -363
Segment 3 eval: start=PORT-591 end=PORT-591 stations=111 (optimize)
  Segment 3 order: -346 276 277 278 279 280 281 -556 282 283 -284 555 558 559 -560 561 -562 -554 553 550 551 552 285 286 287 288 289 290 291 292 293 294 -295 296 297 306 -305 -298 299 300 301 302 304 -303 307 308 309 -310 311 312 -313 314 315 316 317 318 319 320 340 341 342 343 344 345 334 335 336 337 338 339 321 322 323 324 325 -327 328 330 -331 -329 -326 349 350 351 352 -373 372 -374 375 376 377 379 380 414 382 384 -383 419 420 421 -423 -422 424 -418 -378 -371 -370 369 332 -333 347
Segment 4 eval: start=PORT-591 end=PORT-593 stations=43 (optimize)
  Segment 4 order: 557 563 564 565 566 567 568 -542 543 540 541 549 548 -547 -546 -545 -544 -539 -538 -537 536 -535 -534 -572 569 570 571 573 574 576 533 -532 -531 -530 -529 -528 -527 577 575 578 -525 526 -524
Segment 5 eval: start=PORT-593 end=PORT-593 stations=19 (optimize)
  Segment 5 order: 430 -434 -433 -432 -431 -429 -428 427 517 518 519 520 521 -580 -579 -523 -522 -516 -515
Segment 6 eval: start=PORT-593 end=PORT-584 stations=31 (optimize)
  Segment 6 order: -512 513 -514 -511 -510 -509 -508 -507 -506 -505 -444 -443 -442 -441 440 -439 437 -436 435 438 445 446 447 448 449 450 451 452 453 -455 -454
Segment 7 eval: start=PORT-584 end=PORT-584 stations=33 (optimize)
  Segment 7 order: 500 502 -488 -487 -489 490 491 492 -493 482 483 463 464 465 -466 474 -473 -475 479 480 -481 -478 -477 -476 -114 494 -113 -112 495 496 497 498 499
Segment 8 eval: start=PORT-584 end=PORT-584 stations=12 (optimize)
  Segment 8 order: 486 -462 484 -460 -459 -458 -457 -456 461 485 -504 -503
Segment 9 eval: start=PORT-584 end=PORT-588 stations=21 (optimize)
  Segment 9 order: -501 467 468 469 470 -471 472 -122 -121 120 -119 -118 -117 -116 -115 -275 -111 -274 -107 -106 -105
Segment 10 eval: start=PORT-588 end=PORT-588 stations=37 (optimize)
  Segment 10 order: 109 110 -270 -269 -268 264 265 267 266 123 124 125 -126 127 -263 -262 -261 -260 -259 258 128 129 130 -256 257 -255 -254 -252 -253 273 -272 -271 -108 101 102 103 -104
Segment 11 eval: start=PORT-588 end=PORT-583 stations=41 (optimize)
  Segment 11 order: -248 -247 243 244 245 -249 251 -250 -208 -207 -206 -205 131 -204 -203 -202 -199 -198 -200 201 -209 -210 211 -212 197 -196 -195 -194 -193 -192 218 217 -213 214 215 -237 238 239 240 -241 242
Segment 12 eval: start=PORT-583 end=PORT-583 stations=59 (optimize)
  Segment 12 order: 133 134 230 232 233 234 -235 231 -227 -178 -226 -224 225 -222 -221 -236 97 98 99 100 246 216 -220 -219 -191 -189 190 223 -188 -187 -186 -185 -184 -183 -182 -177 171 -170 -169 -168 155 156 157 158 -150 -149 148 -140 -139 151 152 153 154 179 228 229 180 181 132
Segment 13 eval: start=PORT-583 end=BOAT-END stations=28 (optimize)
  Segment 13 order: -135 136 -137 -2 7 138 141 8 9 142 144 145 146 147 161 -160 159 163 -162 164 165 166 167 172 173 174 175 -176
Cap boundary debug: PORT-584 -> [501 467 468 469 470 471 472 122 121 120 119 118 117 116 115 275 111 274 107 106 105] -> PORT-588 -> [104 103 102 101 108 109 110 273 272 271 270 269 268 264 265 267 266 123 124 263 262 261 260 252 253 254 255 256 257 259 258 128 127 126 125 129 130] -> PORT-588 | load_left=44727 load_right=40980 cap=45000
Set parameter Username
Set parameter LicenseID to value 2738882
Academic license - for non-commercial use only - expires 2026-11-14
Set parameter TimeLimit to value 360
Set parameter Seed to value 1047242236
Set parameter Threads to value 4
Set parameter OutputFlag to value 1
Set parameter LogToConsole to value 1
Set parameter LazyConstraints to value 1
Gurobi Optimizer version 13.0.0 build v13.0.0rc1 (linux64 - "Debian GNU/Linux 13 (trixie)")

CPU model: AMD Ryzen 9 5950X 16-Core Processor, instruction set [SSE2|AVX|AVX2]
Thread count: 16 physical cores, 32 logical processors, using up to 4 threads

Non-default parameters:
TimeLimit  360
Seed  1047242236
Threads  4
LazyConstraints  1

Optimize a model with 15586 rows, 43200 columns and 86388 nonzeros (Min)
Model fingerprint: 0x424acd79
Model has 14156 linear objective coefficients
Variable types: 28800 continuous, 14400 integer (14400 binary)
Coefficient statistics:
  Matrix range     [1e+00, 4e+04]
  Objective range  [3e-01, 2e+02]
  Bounds range     [1e+00, 4e+04]
  RHS range        [1e+00, 1e+04]
Presolve removed 1310 rows and 15176 columns
Presolve time: 0.13s
Presolved: 14276 rows, 28024 columns, 83903 nonzeros
Variable types: 13804 continuous, 14220 integer (14220 binary)

Root relaxation: objective 4.955587e+02, 35164 iterations, 3.77 seconds (11.43 work units)

    Nodes    |    Current Node    |     Objective Bounds      |     Work
 Expl Unexpl |  Obj  Depth IntInf | Incumbent    BestBd   Gap | It/Node Time

     0     0  495.55871    0  245          -  495.55871      -     -    4s
H    0     0                     572.5278996  495.55871  13.4%     -    5s
H    0     0                     569.8215717  495.55871  13.0%     -    5s
     0     0  496.79545    0  253  569.82157  496.79545  12.8%     -    6s
H    0     0                     537.7207697  496.80289  7.61%     -    7s
H    0     0                     533.1390256  496.80289  6.82%     -    7s
H    0     0                     532.9340803  496.80289  6.78%     -   10s
H    0     0                     529.4583210  496.80289  6.17%     -   10s
     0     0  497.01520    0  267  529.45832  497.01520  6.13%     -   11s
     0     0  497.01520    0  246  529.45832  497.01520  6.13%     -   13s
H    0     0                     529.2608125  497.01520  6.09%     -   13s
H    0     0                     526.2972796  497.01520  5.56%     -   13s
     0     0  497.01520    0  270  526.29728  497.01520  5.56%     -   13s
     0     0  497.05406    0  272  526.29728  497.05406  5.56%     -   13s
     0     0  497.07775    0  269  526.29728  497.07775  5.55%     -   13s
     0     0  497.07778    0  268  526.29728  497.07778  5.55%     -   13s
     0     0  498.60209    0  247  526.29728  498.60209  5.26%     -   14s
     0     0  498.61463    0  264  526.29728  498.61463  5.26%     -   14s
     0     0  498.62219    0  269  526.29728  498.62219  5.26%     -   14s
     0     0  498.62232    0  270  526.29728  498.62232  5.26%     -   14s
     0     0  499.20998    0  282  526.29728  499.20998  5.15%     -   14s
     0     0  499.21136    0  283  526.29728  499.21136  5.15%     -   15s
     0     0  499.21136    0  283  526.29728  499.21136  5.15%     -   15s
     0     0  500.72337    0  280  526.29728  500.72337  4.86%     -   15s
     0     0  500.79204    0  284  526.29728  500.79204  4.85%     -   15s
     0     0  500.79594    0  284  526.29728  500.79594  4.85%     -   15s
     0     0  501.01798    0  266  526.29728  501.01798  4.80%     -   16s
     0     0  501.01798    0  245  526.29728  501.01798  4.80%     -   16s
     0     0  501.01798    0  265  526.29728  501.01798  4.80%     -   17s
     0     0  501.01798    0  288  526.29728  501.01798  4.80%     -   17s
     0     0  501.02276    0  280  526.29728  501.02276  4.80%     -   17s
     0     0  501.02483    0  296  526.29728  501.02483  4.80%     -   17s
     0     0  501.02483    0  296  526.29728  501.02483  4.80%     -   17s
     0     0  501.31375    0  294  526.29728  501.31375  4.75%     -   17s
     0     0  501.31899    0  295  526.29728  501.31899  4.75%     -   18s
     0     0  501.31901    0  296  526.29728  501.31901  4.75%     -   18s
     0     0  502.06355    0  280  526.29728  502.06355  4.60%     -   18s
     0     0  502.08753    0  277  526.29728  502.08753  4.60%     -   18s
     0     0  502.08753    0  276  526.29728  502.08753  4.60%     -   18s
     0     0  503.16811    0  278  526.29728  503.16811  4.39%     -   19s
     0     0  503.22556    0  289  526.29728  503.22556  4.38%     -   19s
     0     0  503.23826    0  286  526.29728  503.23826  4.38%     -   19s
     0     0  503.45434    0  269  526.29728  503.45434  4.34%     -   19s
     0     0  503.46016    0  276  526.29728  503.46016  4.34%     -   19s
     0     0  503.46031    0  270  526.29728  503.46031  4.34%     -   19s
     0     0  503.47066    0  280  526.29728  503.47066  4.34%     -   19s
     0     0  503.47465    0  282  526.29728  503.47465  4.34%     -   19s
     0     0  503.48903    0  287  526.29728  503.48903  4.33%     -   20s
     0     0  503.51680    0  287  526.29728  503.51680  4.33%     -   20s
     0     0  503.51680    0  280  526.29728  503.51680  4.33%     -   20s
     0     0  503.51680    0  282  526.29728  503.51680  4.33%     -   20s
     0     0  503.51680    0  278  526.29728  503.51680  4.33%     -   20s
     0     0  503.51680    0  278  526.29728  503.51680  4.33%     -   20s
     0     0  504.67884    0  277  526.29728  504.67884  4.11%     -   20s
     0     0  504.67884    0  280  526.29728  504.67884  4.11%     -   20s
     0     0  504.89192    0  277  526.29728  504.89192  4.07%     -   20s
     0     0  504.89192    0  275  526.29728  504.89192  4.07%     -   20s
     0     0  505.70785    0  271  526.29728  505.70785  3.91%     -   21s
     0     0  505.70785    0  254  526.29728  505.70785  3.91%     -   21s
     0     0  505.70785    0  274  526.29728  505.70785  3.91%     -   21s
     0     0  505.70785    0  265  526.29728  505.70785  3.91%     -   22s
     0     0  505.70785    0  263  526.29728  505.70785  3.91%     -   22s
     0     0  505.70785    0  264  526.29728  505.70785  3.91%     -   22s
     0     0  505.71035    0  266  526.29728  505.71035  3.91%     -   22s
     0     0  505.71203    0  263  526.29728  505.71203  3.91%     -   22s
     0     0  505.71203    0  264  526.29728  505.71203  3.91%     -   22s
     0     0  505.78177    0  277  526.29728  505.78177  3.90%     -   22s
     0     0  505.78194    0  275  526.29728  505.78194  3.90%     -   22s
     0     0  509.66467    0  271  526.29728  509.66467  3.16%     -   22s
     0     0  509.69742    0  262  526.29728  509.69742  3.15%     -   23s
     0     0  509.69749    0  267  526.29728  509.69749  3.15%     -   23s
     0     0  510.32492    0  273  526.29728  510.32492  3.03%     -   23s
     0     0  510.33350    0  278  526.29728  510.33350  3.03%     -   23s
     0     0  510.33619    0  280  526.29728  510.33619  3.03%     -   23s
     0     0  510.38317    0  281  526.29728  510.38317  3.02%     -   23s
     0     0  510.38317    0  256  526.29728  510.38317  3.02%     -   24s
     0     0  510.38317    0  276  526.29728  510.38317  3.02%     -   24s
     0     0  510.38317    0  266  526.29728  510.38317  3.02%     -   24s
     0     0  510.38317    0  275  526.29728  510.38317  3.02%     -   24s
     0     0  510.38317    0  273  526.29728  510.38317  3.02%     -   24s
     0     0  510.38317    0  283  526.29728  510.38317  3.02%     -   24s
     0     0  510.38317    0  273  526.29728  510.38317  3.02%     -   24s
     0     0  510.38333    0  282  526.29728  510.38333  3.02%     -   24s
     0     0  510.38333    0  282  526.29728  510.38333  3.02%     -   24s
     0     0  510.57273    0  269  526.29728  510.57273  2.99%     -   24s
     0     0  510.58139    0  274  526.29728  510.58139  2.99%     -   24s
     0     0  510.58139    0  275  526.29728  510.58139  2.99%     -   24s
     0     0  511.37928    0  312  526.29728  511.37928  2.83%     -   25s
     0     0  511.38211    0  315  526.29728  511.38211  2.83%     -   25s
     0     0  514.08593    0  288  526.29728  514.08593  2.32%     -   25s
     0     0  514.75377    0  291  526.29728  514.75377  2.19%     -   25s
     0     0  514.75380    0  292  526.29728  514.75380  2.19%     -   25s
     0     0  514.78124    0  291  526.29728  514.78124  2.19%     -   25s
     0     0  514.78124    0  243  526.29728  514.78124  2.19%     -   26s
     0     0  514.78124    0  258  526.29728  514.78124  2.19%     -   26s
     0     0  514.78124    0  268  526.29728  514.78124  2.19%     -   26s
     0     0  514.78124    0  282  526.29728  514.78124  2.19%     -   26s
     0     0  514.78124    0  290  526.29728  514.78124  2.19%     -   26s
     0     0  514.78124    0  275  526.29728  514.78124  2.19%     -   26s
     0     0  514.78124    0  293  526.29728  514.78124  2.19%     -   26s
     0     0  514.78224    0  276  526.29728  514.78224  2.19%     -   26s
     0     0  514.78226    0  279  526.29728  514.78226  2.19%     -   26s
     0     0  514.86076    0  293  526.29728  514.86076  2.17%     -   26s
     0     0  514.86076    0  292  526.29728  514.86076  2.17%     -   26s
     0     0  515.02409    0  294  526.29728  515.02409  2.14%     -   27s
     0     0  515.02483    0  296  526.29728  515.02483  2.14%     -   27s
     0     0  515.39278    0  277  526.29728  515.39278  2.07%     -   27s
     0     0  515.39300    0  273  526.29728  515.39300  2.07%     -   27s
     0     0  515.39708    0  270  526.29728  515.39708  2.07%     -   27s
     0     0  515.39709    0  276  526.29728  515.39709  2.07%     -   27s
     0     0  515.39709    0  276  526.29728  515.39709  2.07%     -   27s
     0     0  515.39709    0  274  526.29728  515.39709  2.07%     -   27s
     0     2  515.39715    0  274  526.29728  515.39715  2.07%     -   27s
   287   246  520.91500   42  187  526.29728  515.64842  2.02%   202   30s
  1770   733     cutoff   17       526.29728  519.09006  1.37%   181   35s
  3392   559  525.61368   13  193  526.29728  522.10795  0.80%   191   40s

Cutting planes:
  Gomory: 1
  Cover: 12
  Implied bound: 280
  Clique: 4
  MIR: 60
  Flow cover: 82
  Inf proof: 2
  Zero half: 29
  Network: 2
  RLT: 20
  Relax-and-lift: 151
  BQP: 8

Explored 4559 nodes (967821 simplex iterations) in 42.33 seconds (102.91 work units)
Thread count was 4 (of 32 available processors)

Solution count 8: 526.297 529.261 529.458 ... 572.528

Optimal solution found (tolerance 1.00e-04)
Best objective 5.262972795934e+02, best bound 5.262798097098e+02, gap 0.0033%

User-callback calls 16610, time in user-callback 0.00 sec
Cap boundary opt: PORT-588 stations=58 obj=526.297 real=526.297 baseline=536.193
Set parameter Username
Set parameter LicenseID to value 2738882
Academic license - for non-commercial use only - expires 2026-11-14
Segment 1 eval: start=BOAT-0 end=PORT-581 stations=87 (optimize)
  Segment 1 order: 1 3 4 -25 -5 -6 10 11 143 15 16 17 -18 -13 14 12 -24 -23 -22 -21 19 20 -41 42 43 44 45 46 -396 -47 -40 39 48 49 50 -38 -37 51 -52 59 -57 56 55 -54 -53 66 67 69 -36 -35 -34 -33 -32 -31 -30 -29 -28 -27 -26 93 -92 94 -96 -95 90 91 -89 88 -87 86 -85 -84 -83 -82 -81 -80 79 -78 -77 -70 -76 75 72 73 -74 -71 -68
Segment 2 eval: start=PORT-581 end=PORT-591 stations=58 (optimize)
  Segment 2 order: 65 -63 64 -58 60 61 62 391 392 393 394 395 397 398 399 -400 -401 389 390 388 -387 -386 -385 -402 403 405 406 -407 -404 409 408 -410 411 412 -413 -415 416 -417 425 381 426 -368 -367 -366 -365 364 362 -361 -360 -359 -358 -357 -356 -355 354 -353 348 -363
Segment 3 eval: start=PORT-591 end=PORT-591 stations=111 (optimize)
  Segment 3 order: -346 276 277 278 279 280 281 -556 282 283 -284 555 558 559 -560 561 -562 -554 553 550 551 552 285 286 287 288 289 290 291 292 293 294 -295 296 297 306 -305 -298 299 300 301 302 304 -303 307 308 309 -310 311 312 -313 314 315 316 317 318 319 320 340 341 342 343 344 345 334 335 336 337 338 339 321 322 323 324 325 -327 328 330 -331 -329 -326 349 350 351 352 -373 372 -374 375 376 377 379 380 414 382 384 -383 419 420 421 -423 -422 424 -418 -378 -371 -370 369 332 -333 347
Segment 4 eval: start=PORT-591 end=PORT-593 stations=43 (optimize)
  Segment 4 order: 557 563 564 565 566 567 568 -542 543 540 541 549 548 -547 -546 -545 -544 -539 -538 -537 536 -535 -534 -572 569 570 571 573 574 576 533 -532 -531 -530 -529 -528 -527 577 575 578 -525 526 -524
Segment 5 eval: start=PORT-593 end=PORT-593 stations=19 (optimize)
  Segment 5 order: 430 -434 -433 -432 -431 -429 -428 427 517 518 519 520 521 -580 -579 -523 -522 -516 -515
Segment 6 eval: start=PORT-593 end=PORT-584 stations=31 (optimize)
  Segment 6 order: -512 513 -514 -511 -510 -509 -508 -507 -506 -505 -444 -443 -442 -441 440 -439 437 -436 435 438 445 446 447 448 449 450 451 452 453 -455 -454
Segment 7 eval: start=PORT-584 end=PORT-584 stations=33 (optimize)
  Segment 7 order: 500 502 -488 -487 -489 490 491 492 -493 482 483 463 464 465 -466 474 -473 -475 479 480 -481 -478 -477 -476 -114 494 -113 -112 495 496 497 498 499
Segment 8 eval: start=PORT-584 end=PORT-584 stations=12 (optimize)
  Segment 8 order: 486 -462 484 -460 -459 -458 -457 -456 461 485 -504 -503
Segment 9 eval: start=PORT-584 end=PORT-588 stations=18 (optimize)
  Segment 9 order: -501 467 468 469 470 -471 472 -122 -121 120 -119 -118 -117 -116 -115 -275 -111 -274
Segment 10 eval: start=PORT-588 end=PORT-588 stations=40 (optimize)
  Segment 10 order: -105 104 -103 -102 -101 108 271 272 -273 253 252 254 255 -257 256 -130 -129 -128 -258 259 260 261 262 263 -127 126 -125 -124 -123 -266 -267 -265 -264 268 269 270 -110 -109 -107 -106
Segment 11 eval: start=PORT-588 end=PORT-583 stations=41 (optimize)
  Segment 11 order: -248 -247 243 244 245 -249 251 -250 -208 -207 -206 -205 131 -204 -203 -202 -199 -198 -200 201 -209 -210 211 -212 197 -196 -195 -194 -193 -192 218 217 -213 214 215 -237 238 239 240 -241 242
Segment 12 eval: start=PORT-583 end=PORT-583 stations=59 (optimize)
  Segment 12 order: 133 134 230 232 233 234 -235 231 -227 -178 -226 -224 225 -222 -221 -236 97 98 99 100 246 216 -220 -219 -191 -189 190 223 -188 -187 -186 -185 -184 -183 -182 -177 171 -170 -169 -168 155 156 157 158 -150 -149 148 -140 -139 151 152 153 154 179 228 229 180 181 132
Segment 13 eval: start=PORT-583 end=BOAT-END stations=28 (optimize)
  Segment 13 order: -135 136 -137 -2 7 138 141 8 9 142 144 145 146 147 161 -160 159 163 -162 164 165 166 167 172 173 174 175 -176
Cap boundary debug: PORT-588 -> [106 107 109 110 270 269 268 264 265 267 266 123 124 125 126 127 263 262 261 260 259 258 128 129 130 256 257 255 254 252 253 273 272 271 108 101 102 103 104 105] -> PORT-588 -> [131 204 203 202 205 206 207 208 250 251 249 248 247 245 244 243 242 241 240 239 238 237 215 214 213 212 211 210 209 201 200 199 198 197 196 195 193 194 192 218 217] -> PORT-583 | load_left=43280 load_right=43652 cap=45000
Set parameter Username
Set parameter LicenseID to value 2738882
Academic license - for non-commercial use only - expires 2026-11-14
Set parameter TimeLimit to value 360
Set parameter Seed to value 1599436183
Set parameter Threads to value 4
Set parameter OutputFlag to value 1
Set parameter LogToConsole to value 1
Set parameter LazyConstraints to value 1
Gurobi Optimizer version 13.0.0 build v13.0.0rc1 (linux64 - "Debian GNU/Linux 13 (trixie)")

CPU model: AMD Ryzen 9 5950X 16-Core Processor, instruction set [SSE2|AVX|AVX2]
Thread count: 16 physical cores, 32 logical processors, using up to 4 threads

Non-default parameters:
TimeLimit  360
Seed  1599436183
Threads  4
LazyConstraints  1

Optimize a model with 29202 rows, 82668 columns and 165324 nonzeros (Min)
Model fingerprint: 0x8b18fb2c
Model has 27220 linear objective coefficients
Variable types: 55112 continuous, 27556 integer (27556 binary)
Coefficient statistics:
  Matrix range     [1e+00, 4e+04]
  Objective range  [3e-01, 1e+02]
  Bounds range     [1e+00, 4e+04]
  RHS range        [1e+00, 9e+03]
Presolve removed 1816 rows and 28631 columns
Presolve time: 0.26s
Presolved: 27386 rows, 54037 columns, 161761 nonzeros
Variable types: 26730 continuous, 27307 integer (27307 binary)
Root relaxation presolved: 27386 rows, 54037 columns, 161761 nonzeros

Deterministic concurrent LP optimizer: primal and dual simplex
Showing primal log only...

Concurrent spin time: 0.00s

Solved with primal simplex

Root relaxation: objective 5.013783e+02, 65859 iterations, 2.55 seconds (5.34 work units)

    Nodes    |    Current Node    |     Objective Bounds      |     Work
 Expl Unexpl |  Obj  Depth IntInf | Incumbent    BestBd   Gap | It/Node Time

     0     0  501.37833    0  322          -  501.37833      -     -    4s
H    0     0                     835.0897888  501.37833  40.0%     -    4s
H    0     0                     728.4597143  501.37833  31.2%     -    4s
H    0     0                     704.3454511  501.37833  28.8%     -    4s
H    0     0                     697.7820410  501.37833  28.1%     -    4s
H    0     0                     683.1212993  501.37833  26.6%     -    4s
H    0     0                     661.7989973  501.37833  24.2%     -    4s
H    0     0                     651.9783895  501.37833  23.1%     -    6s
H    0     0                     640.6120102  501.37833  21.7%     -    6s
     0     0  501.37833    0  322  640.61201  501.37833  21.7%     -    6s
     0     0  503.17332    0  324  640.61201  503.17332  21.5%     -   11s
H    0     0                     570.0955763  503.17407  11.7%     -   18s
H    0     0                     568.7418408  503.17407  11.5%     -   19s
     0     0  503.17407    0  324  568.74184  503.17407  11.5%     -   23s
H    0     0                     564.3173102  503.17407  10.8%     -   23s
H    0     0                     562.3437562  503.17407  10.5%     -   26s
H    0     0                     562.3437451  503.17407  10.5%     -   27s
H    0     0                     562.3437450  503.17407  10.5%     -   27s
     0     0  504.44818    0  313  562.34374  504.44818  10.3%     -   32s
     0     0  504.44833    0  318  562.34374  504.44833  10.3%     -   32s
     0     0  505.49954    0  348  562.34374  505.49954  10.1%     -   35s
     0     0  505.53481    0  332  562.34374  505.53481  10.1%     -   35s
     0     0  505.53569    0  329  562.34374  505.53569  10.1%     -   35s
     0     0  505.53694    0  333  562.34374  505.53694  10.1%     -   35s
     0     0  508.14034    0  342  562.34374  508.14034  9.64%     -   43s
     0     0  508.22193    0  356  562.34374  508.22193  9.62%     -   43s
     0     0  508.22291    0  358  562.34374  508.22291  9.62%     -   43s
     0     0  509.17019    0  361  562.34374  509.17019  9.46%     -   49s
     0     0  509.25739    0  363  562.34374  509.25739  9.44%     -   51s
     0     0  509.27112    0  370  562.34374  509.27112  9.44%     -   51s
     0     0  509.27136    0  370  562.34374  509.27136  9.44%     -   52s
     0     0  509.51978    0  382  562.34374  509.51978  9.39%     -   54s
     0     0  509.62102    0  380  562.34374  509.62102  9.38%     -   54s
     0     0  509.62295    0  385  562.34374  509.62295  9.38%     -   55s
     0     0  509.62503    0  383  562.34374  509.62503  9.37%     -   55s
     0     0  509.62503    0  384  562.34374  509.62503  9.37%     -   55s
     0     0  510.03112    0  367  562.34374  510.03112  9.30%     -   57s
     0     0  510.04060    0  373  562.34374  510.04060  9.30%     -   58s
     0     0  510.04074    0  379  562.34374  510.04074  9.30%     -   58s
     0     0  510.09309    0  380  562.34374  510.09309  9.29%     -   60s
     0     0  510.10375    0  387  562.34374  510.10375  9.29%     -   61s
     0     0  510.10906    0  384  562.34374  510.10906  9.29%     -   61s
     0     0  510.10911    0  386  562.34374  510.10911  9.29%     -   61s
     0     0  510.20639    0  386  562.34374  510.20639  9.27%     -   65s
     0     0  510.20990    0  389  562.34374  510.20990  9.27%     -   68s
     0     0  510.21127    0  393  562.34374  510.21127  9.27%     -   69s
     0     0  510.83627    0  358  562.34374  510.83627  9.16%     -   77s
     0     0  510.86042    0  359  562.34374  510.86042  9.16%     -   77s
     0     0  510.91319    0  371  562.34374  510.91319  9.15%     -   79s
     0     0  510.91543    0  379  562.34374  510.91543  9.15%     -   81s
     0     0  511.05327    0  362  562.34374  511.05327  9.12%     -   85s
     0     0  511.07012    0  360  562.34374  511.07012  9.12%     -   85s
     0     0  511.07060    0  371  562.34374  511.07060  9.12%     -   85s
     0     0  511.12019    0  389  562.34374  511.12019  9.11%     -   88s
     0     0  511.13210    0  382  562.34374  511.13210  9.11%     -   89s
     0     0  511.14311    0  378  562.34374  511.14311  9.10%     -   92s
     0     0  511.14338    0  382  562.34374  511.14338  9.10%     -   92s
     0     0  511.28515    0  379  562.34374  511.28515  9.08%     -   95s
     0     0  511.38237    0  388  562.34374  511.38237  9.06%     -   96s
     0     0  511.38347    0  387  562.34374  511.38347  9.06%     -   97s
     0     0  511.39483    0  395  562.34374  511.39483  9.06%     -  100s
     0     0  511.45447    0  415  562.34374  511.45447  9.05%     -  101s
     0     0  511.46031    0  409  562.34374  511.46031  9.05%     -  102s
     0     0  511.46041    0  413  562.34374  511.46041  9.05%     -  102s
     0     0  511.46598    0  404  562.34374  511.46598  9.05%     -  104s
     0     0  511.46826    0  405  562.34374  511.46826  9.05%     -  104s
     0     0  511.46892    0  405  562.34374  511.46892  9.05%     -  105s
     0     0  511.48237    0  405  562.34374  511.48237  9.04%     -  105s
     0     0  511.48237    0  405  562.34374  511.48237  9.04%     -  105s
     0     0  511.59188    0  410  562.34374  511.59188  9.03%     -  108s
     0     0  512.42497    0  409  562.34374  512.42497  8.88%     -  108s
     0     0  512.46130    0  399  562.34374  512.46130  8.87%     -  109s
     0     0  512.46152    0  407  562.34374  512.46152  8.87%     -  109s
     0     0  512.46169    0  404  562.34374  512.46169  8.87%     -  110s
     0     0  512.46169    0  405  562.34374  512.46169  8.87%     -  111s
     0     0  512.46572    0  402  562.34374  512.46572  8.87%     -  112s
     0     0  512.46875    0  403  562.34374  512.46875  8.87%     -  112s
     0     0  512.46875    0  404  562.34374  512.46875  8.87%     -  113s
     0     0  512.46875    0  404  562.34374  512.46875  8.87%     -  113s
     0     0  512.46875    0  404  562.34374  512.46875  8.87%     -  113s
     0     0  512.46875    0  398  562.34374  512.46875  8.87%     -  114s
     0     0  512.46875    0  321  562.34374  512.46875  8.87%     -  131s
H    0     0                     560.6285118  512.46875  8.59%     -  132s
     0     0  512.46875    0  358  560.62851  512.46875  8.59%     -  138s
H    0     0                     560.6285102  512.46875  8.59%     -  142s
     0     0  512.46875    0  375  560.62851  512.46875  8.59%     -  148s
     0     0  512.46875    0  365  560.62851  512.46875  8.59%     -  151s
     0     0  512.46875    0  393  560.62851  512.46875  8.59%     -  152s
     0     0  512.46875    0  409  560.62851  512.46875  8.59%     -  153s
     0     0  512.46875    0  405  560.62851  512.46875  8.59%     -  154s
     0     0  512.46875    0  411  560.62851  512.46875  8.59%     -  154s
     0     0  512.46875    0  412  560.62851  512.46875  8.59%     -  154s
     0     0  512.46893    0  403  560.62851  512.46893  8.59%     -  156s
     0     0  512.46893    0  414  560.62851  512.46893  8.59%     -  156s
     0     0  512.67923    0  384  560.62851  512.67923  8.55%     -  158s
     0     0  512.67927    0  390  560.62851  512.67927  8.55%     -  158s
     0     0  512.74798    0  402  560.62851  512.74798  8.54%     -  162s
     0     0  512.75460    0  404  560.62851  512.75460  8.54%     -  162s
     0     0  512.75673    0  406  560.62851  512.75673  8.54%     -  163s
     0     0  512.75674    0  406  560.62851  512.75674  8.54%     -  163s
     0     0  513.00950    0  371  560.62851  513.00950  8.49%     -  165s
     0     0  513.01716    0  382  560.62851  513.01716  8.49%     -  165s
     0     0  513.01716    0  382  560.62851  513.01716  8.49%     -  165s
     0     0  513.19666    0  408  560.62851  513.19666  8.46%     -  167s
     0     0  513.32132    0  414  560.62851  513.32132  8.44%     -  170s
     0     0  513.33457    0  405  560.62851  513.33457  8.44%     -  170s
     0     0  513.33575    0  407  560.62851  513.33575  8.44%     -  170s
     0     0  513.49657    0  389  560.62851  513.49657  8.41%     -  172s
     0     0  513.50041    0  385  560.62851  513.50041  8.41%     -  172s
     0     0  513.50047    0  386  560.62851  513.50047  8.41%     -  173s
     0     0  514.31021    0  390  560.62851  514.31021  8.26%     -  175s
     0     0  514.31028    0  390  560.62851  514.31028  8.26%     -  175s
     0     0  514.31135    0  400  560.62851  514.31135  8.26%     -  178s
     0     0  514.31135    0  396  560.62851  514.31135  8.26%     -  178s
     0     0  514.33507    0  397  560.62851  514.33507  8.26%     -  180s
     0     0  514.34007    0  400  560.62851  514.34007  8.26%     -  181s
     0     0  514.34160    0  405  560.62851  514.34160  8.26%     -  181s
     0     0  514.37921    0  395  560.62851  514.37921  8.25%     -  182s
     0     0  514.40275    0  400  560.62851  514.40275  8.25%     -  182s
     0     0  514.40489    0  409  560.62851  514.40489  8.24%     -  182s
     0     0  514.40489    0  409  560.62851  514.40489  8.24%     -  182s
     0     0  514.44786    0  404  560.62851  514.44786  8.24%     -  187s
     0     0  514.44858    0  407  560.62851  514.44858  8.24%     -  187s
     0     0  514.45008    0  402  560.62851  514.45008  8.24%     -  188s
     0     0  514.45717    0  403  560.62851  514.45717  8.24%     -  188s
     0     0  514.45717    0  394  560.62851  514.45717  8.24%     -  190s
     0     0  514.45717    0  394  560.62851  514.45717  8.24%     -  190s
     0     0  514.45717    0  390  560.62851  514.45717  8.24%     -  190s
     0     2  515.21555    0  388  560.62851  515.21555  8.10%     -  211s
     7    12  515.21555    3  369  560.62851  515.21555  8.10%  3054  218s
    11    26  515.21555    4  369  560.62851  515.21555  8.10%  5900  221s
    25    28  515.58280    6  358  560.62851  515.21555  8.10%  4983  228s
    27    31  515.27259    6  376  560.62851  515.21555  8.10%  4875  233s
    30    37  515.68832    6  364  560.62851  515.21555  8.10%  4614  236s
    36    43  515.29401    7  371  560.62851  515.21555  8.10%  4122  241s
    42    46  515.41722   10  362  560.62851  515.21555  8.10%  4161  246s
    45    50  515.63653   11  361  560.62851  515.21555  8.10%  4142  250s
    49    53  517.45097   11  341  560.62851  515.21555  8.10%  4175  259s
    52    55  516.03031    7  347  560.62851  515.21555  8.10%  4297  267s
    54    56  520.18067   13  325  560.62851  515.21555  8.10%  4165  275s
    59    61  520.35638   15  327  560.62851  515.21555  8.10%  4029  286s
    60    62  520.38616   16  319  560.62851  515.21555  8.10%  4236  294s
    61    65  528.69047   13  218  560.62851  515.21555  8.10%  4409  300s
    64    69  529.45001   14  229  560.62851  515.21555  8.10%  4327  306s
    68    74  529.67874   15  225  560.62851  515.21555  8.10%  4616  315s
    73    75  551.23913   16  219  560.62851  515.21555  8.10%  4707  323s
    76    79  529.76921   16  225  560.62851  515.21555  8.10%  4545  329s
    80    84  530.50609   18  219  560.62851  515.21555  8.10%  4881  334s
    85    90  530.94652   19  161  560.62851  515.21555  8.10%  4740  343s
    91    97  531.68023   19  211  560.62851  515.21555  8.10%  4561  351s
    98   106  530.97709   20  241  560.62851  515.21555  8.10%  4282  359s
   107   108  554.79267   30  288  560.62851  515.21555  8.10%  4123  360s

Cutting planes:
  Gomory: 2
  Cover: 4
  Implied bound: 160
  MIR: 45
  Flow cover: 88
  Zero half: 35
  RLT: 21
  Relax-and-lift: 168
  BQP: 1

Explored 109 nodes (947591 simplex iterations) in 360.00 seconds (968.86 work units)
Thread count was 4 (of 32 available processors)

Solution count 10: 560.629 560.629 562.344 ... 683.121

Time limit reached
Best objective 5.606285101720e+02, best bound 5.152155456673e+02, gap 8.1004%

User-callback calls 92926, time in user-callback 0.01 sec
Cap boundary reject: PORT-588 real=625.104 baseline=563.427
Cap boundary debug: PORT-588 -> [131 204 203 202 205 206 207 208 250 251 249 248 247 245 244 243 242 241 240 239 238 237 215 214 213 212 211 210 209 201 200 199 198 197 196 195 193 194 192 218 217] -> PORT-583 -> [216 220 222 221 236 97 98 246 99 100 189 225 224 223 219 191 190 188 187 186 185 184 183 182 226 178 227 231 232 230 233 234 235 133 134 132 181 180 229 228 179 154 153 152 151 139 140 148 149 150 158 157 156 155 169 168 170 171 177] -> PORT-583 | load_left=43652 load_right=43785 cap=45000
Set parameter Username
Set parameter LicenseID to value 2738882
Academic license - for non-commercial use only - expires 2026-11-14
Set parameter TimeLimit to value 360
Set parameter Seed to value 1059163173
Set parameter Threads to value 4
Set parameter OutputFlag to value 1
Set parameter LogToConsole to value 1
Set parameter LazyConstraints to value 1
Gurobi Optimizer version 13.0.0 build v13.0.0rc1 (linux64 - "Debian GNU/Linux 13 (trixie)")

CPU model: AMD Ryzen 9 5950X 16-Core Processor, instruction set [SSE2|AVX|AVX2]
Thread count: 16 physical cores, 32 logical processors, using up to 4 threads

Non-default parameters:
TimeLimit  360
Seed  1059163173
Threads  4
LazyConstraints  1

Optimize a model with 43642 rows, 124848 columns and 249684 nonzeros (Min)
Model fingerprint: 0x3ccfe9ca
Model has 41208 linear objective coefficients
Variable types: 83232 continuous, 41616 integer (41616 binary)
Coefficient statistics:
  Matrix range     [1e+00, 4e+04]
  Objective range  [5e-05, 1e+05]
  Bounds range     [1e+00, 4e+04]
  RHS range        [1e+00, 9e+03]
Presolve removed 2234 rows and 42938 columns
Presolve time: 0.26s
Presolved: 41408 rows, 81910 columns, 245220 nonzeros
Variable types: 40600 continuous, 41310 integer (41310 binary)
Root relaxation presolved: 41408 rows, 81910 columns, 245220 nonzeros

Deterministic concurrent LP optimizer: primal and dual simplex
Showing primal log only...


Root simplex log...

Iteration    Objective       Primal Inf.    Dual Inf.      Time
   75524    5.0836667e+02   2.976955e+03   0.000000e+00      5s
   78673    5.0528761e+02   0.000000e+00   0.000000e+00      5s
Concurrent spin time: 0.00s

Solved with primal simplex

Root relaxation: objective 5.052876e+02, 78673 iterations, 4.91 seconds (12.92 work units)

    Nodes    |    Current Node    |     Objective Bounds      |     Work
 Expl Unexpl |  Obj  Depth IntInf | Incumbent    BestBd   Gap | It/Node Time

     0     0  505.28761    0  353          -  505.28761      -     -    5s
H    0     0                     674.6775865  505.28761  25.1%     -   20s
H    0     0                     640.8650284  505.28761  21.2%     -   37s
     0     0  505.28761    0  353  640.86503  505.28761  21.2%     -   37s
     0     0  508.86861    0  398  640.86503  508.86861  20.6%     -   46s
H    0     0                     631.8295851  508.86861  19.5%     -   47s
H    0     0                     604.9434130  508.86861  15.9%     -   51s
H    0     0                     604.9434118  508.86861  15.9%     -   53s
H    0     0                     599.0790761  508.86861  15.1%     -   54s
H    0     0                     591.0686321  508.86861  13.9%     -   55s
H    0     0                     568.9243277  508.86861  10.6%     -   56s
H    0     0                     567.9078040  508.86861  10.4%     -   57s
H    0     0                     560.6176016  508.86861  9.23%     -   58s
H    0     0                     558.8850862  508.86861  8.95%     -   58s
     0     0  508.86861    0  398  558.88509  508.86861  8.95%     -   61s
H    0     0                     557.5881847  508.86861  8.74%     -   66s
H    0     0                     555.3857508  508.86861  8.38%     -   67s
H    0     0                     554.7154349  508.86861  8.26%     -   75s
     0     0  509.21920    0  397  554.71543  509.21920  8.20%     -   77s
     0     0  509.21920    0  397  554.71543  509.21920  8.20%     -   78s
     0     0  511.79771    0  405  554.71543  511.79771  7.74%     -   83s
     0     0  511.79771    0  361  554.71543  511.79771  7.74%     -   86s
     0     0  514.51138    0  422  554.71543  514.51138  7.25%     -   93s
H    0     0                     553.6598452  514.51138  7.07%     -   98s
     0     0  516.62034    0  406  553.65985  516.62034  6.69%     -  102s
     0     0  516.62034    0  410  553.65985  516.62034  6.69%     -  102s
     0     0  524.42703    0  381  553.65985  524.42703  5.28%     -  108s
     0     0  524.75871    0  390  553.65985  524.75871  5.22%     -  109s
     0     0  524.76393    0  393  553.65985  524.76393  5.22%     -  109s
     0     0  524.76393    0  394  553.65985  524.76393  5.22%     -  109s
     0     0  529.04969    0  456  553.65985  529.04969  4.44%     -  113s
     0     0  529.04969    0  364  553.65985  529.04969  4.44%     -  119s
H    0     0                     553.3219465  529.04969  4.39%     -  119s
     0     0  529.04969    0  404  553.32195  529.04969  4.39%     -  122s
H    0     0                     553.3219445  529.04969  4.39%     -  125s
     0     0  529.04969    0  424  553.32194  529.04969  4.39%     -  128s
     0     0  529.04969    0  410  553.32194  529.04969  4.39%     -  130s
     0     0  529.05234    0  447  553.32194  529.05234  4.39%     -  130s
     0     0  529.05302    0  450  553.32194  529.05302  4.39%     -  130s
     0     0  529.17556    0  448  553.32194  529.17556  4.36%     -  131s
     0     0  529.17727    0  457  553.32194  529.17727  4.36%     -  132s
     0     0  530.03722    0  441  553.32194  530.03722  4.21%     -  134s
     0     0  530.38506    0  454  553.32194  530.38506  4.15%     -  135s
     0     0  530.38506    0  451  553.32194  530.38506  4.15%     -  135s
     0     0  531.33069    0  450  553.32194  531.33069  3.97%     -  138s
     0     0  531.36873    0  413  553.32194  531.36873  3.97%     -  138s
     0     0  531.37287    0  460  553.32194  531.37287  3.97%     -  139s
     0     0  531.39861    0  455  553.32194  531.39861  3.96%     -  142s
     0     0  531.51503    0  398  553.32194  531.51503  3.94%     -  142s
     0     0  531.51591    0  404  553.32194  531.51591  3.94%     -  142s
     0     0  531.52209    0  405  553.32194  531.52209  3.94%     -  143s
     0     0  531.52248    0  406  553.32194  531.52248  3.94%     -  145s
     0     0  531.53028    0  435  553.32194  531.53028  3.94%     -  145s
     0     0  531.53055    0  440  553.32194  531.53055  3.94%     -  145s
     0     0  531.55875    0  447  553.32194  531.55875  3.93%     -  147s
     0     0  531.55875    0  447  553.32194  531.55875  3.93%     -  147s
     0     0  531.55875    0  447  553.32194  531.55875  3.93%     -  147s
     0     0  531.55875    0  399  553.32194  531.55875  3.93%     -  147s
     0     0  533.44919    0  357  553.32194  533.44919  3.59%     -  158s
     0     0  533.44919    0  415  553.32194  533.44919  3.59%     -  160s
     0     0  533.44919    0  378  553.32194  533.44919  3.59%     -  163s
     0     0  533.44919    0  419  553.32194  533.44919  3.59%     -  165s
     0     0  533.44919    0  432  553.32194  533.44919  3.59%     -  165s
     0     0  533.44919    0  434  553.32194  533.44919  3.59%     -  165s
     0     0  533.44919    0  415  553.32194  533.44919  3.59%     -  166s
     0     0  533.44919    0  422  553.32194  533.44919  3.59%     -  166s
     0     0  533.44919    0  404  553.32194  533.44919  3.59%     -  168s
     0     0  533.44919    0  406  553.32194  533.44919  3.59%     -  168s
     0     0  533.44919    0  426  553.32194  533.44919  3.59%     -  171s
     0     0  533.44919    0  366  553.32194  533.44919  3.59%     -  172s
     0     0  533.44919    0  430  553.32194  533.44919  3.59%     -  172s
     0     0  533.48577    0  437  553.32194  533.48577  3.58%     -  174s
     0     0  533.49683    0  435  553.32194  533.49683  3.58%     -  174s
     0     0  533.49736    0  435  553.32194  533.49736  3.58%     -  174s
     0     0  533.69020    0  434  553.32194  533.69020  3.55%     -  175s
     0     0  533.69065    0  446  553.32194  533.69065  3.55%     -  176s
     0     0  533.69734    0  442  553.32194  533.69734  3.55%     -  177s
     0     0  533.69739    0  441  553.32194  533.69739  3.55%     -  177s
     0     0  533.69837    0  439  553.32194  533.69837  3.55%     -  177s
     0     0  533.69837    0  439  553.32194  533.69837  3.55%     -  177s
     0     0  533.69837    0  419  553.32194  533.69837  3.55%     -  178s
     0     0  534.04791    0  357  553.32194  534.04791  3.48%     -  186s
     0     0  534.04791    0  410  553.32194  534.04791  3.48%     -  188s
     0     0  534.04791    0  389  553.32194  534.04791  3.48%     -  194s
     0     0  534.04791    0  424  553.32194  534.04791  3.48%     -  195s
     0     0  534.04791    0  430  553.32194  534.04791  3.48%     -  196s
     0     0  534.04791    0  426  553.32194  534.04791  3.48%     -  196s
     0     0  534.04791    0  424  553.32194  534.04791  3.48%     -  196s
     0     0  534.04791    0  427  553.32194  534.04791  3.48%     -  196s
     0     0  534.04791    0  420  553.32194  534.04791  3.48%     -  197s
     0     0  534.04791    0  424  553.32194  534.04791  3.48%     -  197s
     0     0  534.04791    0  421  553.32194  534.04791  3.48%     -  198s
     0     0  534.04791    0  421  553.32194  534.04791  3.48%     -  198s
     0     0  534.04791    0  411  553.32194  534.04791  3.48%     -  199s
     0     2  534.04791    0  409  553.32194  534.04791  3.48%     -  208s
     3     8  534.04791    2  414  553.32194  534.04791  3.48%  4506  210s
    16    20  534.42806    5  375  553.32194  534.04791  3.48%  4400  217s
    31    42  534.19361    6  368  553.32194  534.04791  3.48%  6972  224s
    41    52  534.26588    7  382  553.32194  534.04791  3.48%  6532  231s
    58    63  534.35236    9  337  553.32194  534.04791  3.48%  6496  235s
    73    79  535.36899   12  351  553.32194  534.04791  3.48%  5991  241s
    78    83  537.41858   15  343  553.32194  534.04791  3.48%  5772  249s
    82    88  535.40259   13  349  553.32194  534.04791  3.48%  5696  253s
    87    99  535.64315   15  353  553.32194  534.04791  3.48%  5640  255s
    98   108  535.67520   17  318  553.32194  534.04791  3.48%  5174  262s
   124   136  537.31411   21  367  553.32194  534.04791  3.48%  4859  266s
   183   202  537.89444   26  367  553.32194  534.04791  3.48%  3937  270s
   272   300  540.71470   38  321  553.32194  534.04791  3.48%  3035  275s
   385   413  543.70355   52  291  553.32194  534.04791  3.48%  2366  280s
   551   551  547.99824   72  280  553.32194  534.04791  3.48%  1977  291s
   599   565  550.14369   88  248  553.32194  534.04791  3.48%  1957  296s
   639   578  535.37161    6  342  553.32194  534.04791  3.48%  2070  300s
   647   589  535.73601    7  354  553.32194  534.04791  3.48%  2150  306s
   670   628  536.62491    9  347  553.32194  534.04791  3.48%  2282  311s
   731   702  539.56450   16  308  553.32194  534.04791  3.48%  2420  316s
   832   797  544.58241   33  325  553.32194  534.04791  3.48%  2514  321s
   887   802  546.20869   44  345  553.32194  534.04791  3.48%  2543  327s
   902   832  546.20979   45  346  553.32194  534.04791  3.48%  2543  330s
   934   888  546.35941   47  349  553.32194  534.04791  3.48%  2569  337s
   990   966  548.07332   61  314  553.32194  534.04791  3.48%  2560  340s
  1160  1024  538.39994   13  405  553.32194  534.04791  3.48%  2475  348s
  1162  1025  538.52174    8  353  553.32194  534.04791  3.48%  2471  352s
  1163  1026  549.81748  174  354  553.32194  534.04791  3.48%  2469  357s

Cutting planes:
  Gomory: 26
  Cover: 10
  Implied bound: 112
  Projected implied bound: 2
  Clique: 2
  MIR: 54
  Flow cover: 50
  Zero half: 44
  Network: 5
  RLT: 5
  Relax-and-lift: 94

Explored 1166 nodes (3508803 simplex iterations) in 360.01 seconds (919.55 work units)
Thread count was 4 (of 32 available processors)

Solution count 10: 553.322 553.66 554.715 ... 591.069

Time limit reached
Best objective 5.533219445457e+02, best bound 5.340479116050e+02, gap 3.4833%

User-callback calls 85117, time in user-callback 0.01 sec
Cap boundary opt: PORT-583 stations=100 obj=553.322 real=594.247 baseline=594.535
Set parameter Username
Set parameter LicenseID to value 2738882
Academic license - for non-commercial use only - expires 2026-11-14
Segment 1 eval: start=BOAT-0 end=PORT-581 stations=87 (optimize)
  Segment 1 order: 1 3 4 -25 -5 -6 10 11 143 15 16 17 -18 -13 14 12 -24 -23 -22 -21 19 20 -41 42 43 44 45 46 -396 -47 -40 39 48 49 50 -38 -37 51 -52 59 -57 56 55 -54 -53 66 67 69 -36 -35 -34 -33 -32 -31 -30 -29 -28 -27 -26 93 -92 94 -96 -95 90 91 -89 88 -87 86 -85 -84 -83 -82 -81 -80 79 -78 -77 -70 -76 75 72 73 -74 -71 -68
Segment 2 eval: start=PORT-581 end=PORT-591 stations=58 (optimize)
  Segment 2 order: 65 -63 64 -58 60 61 62 391 392 393 394 395 397 398 399 -400 -401 389 390 388 -387 -386 -385 -402 403 405 406 -407 -404 409 408 -410 411 412 -413 -415 416 -417 425 381 426 -368 -367 -366 -365 364 362 -361 -360 -359 -358 -357 -356 -355 354 -353 348 -363
Segment 3 eval: start=PORT-591 end=PORT-591 stations=111 (optimize)
  Segment 3 order: -346 276 277 278 279 280 281 -556 282 283 -284 555 558 559 -560 561 -562 -554 553 550 551 552 285 286 287 288 289 290 291 292 293 294 -295 296 297 306 -305 -298 299 300 301 302 304 -303 307 308 309 -310 311 312 -313 314 315 316 317 318 319 320 340 341 342 343 344 345 334 335 336 337 338 339 321 322 323 324 325 -327 328 330 -331 -329 -326 349 350 351 352 -373 372 -374 375 376 377 379 380 414 382 384 -383 419 420 421 -423 -422 424 -418 -378 -371 -370 369 332 -333 347
Segment 4 eval: start=PORT-591 end=PORT-593 stations=43 (optimize)
  Segment 4 order: 557 563 564 565 566 567 568 -542 543 540 541 549 548 -547 -546 -545 -544 -539 -538 -537 536 -535 -534 -572 569 570 571 573 574 576 533 -532 -531 -530 -529 -528 -527 577 575 578 -525 526 -524
Segment 5 eval: start=PORT-593 end=PORT-593 stations=19 (optimize)
  Segment 5 order: 430 -434 -433 -432 -431 -429 -428 427 517 518 519 520 521 -580 -579 -523 -522 -516 -515
Segment 6 eval: start=PORT-593 end=PORT-584 stations=31 (optimize)
  Segment 6 order: -512 513 -514 -511 -510 -509 -508 -507 -506 -505 -444 -443 -442 -441 440 -439 437 -436 435 438 445 446 447 448 449 450 451 452 453 -455 -454
Segment 7 eval: start=PORT-584 end=PORT-584 stations=33 (optimize)
  Segment 7 order: 500 502 -488 -487 -489 490 491 492 -493 482 483 463 464 465 -466 474 -473 -475 479 480 -481 -478 -477 -476 -114 494 -113 -112 495 496 497 498 499
Segment 8 eval: start=PORT-584 end=PORT-584 stations=12 (optimize)
  Segment 8 order: 486 -462 484 -460 -459 -458 -457 -456 461 485 -504 -503
Segment 9 eval: start=PORT-584 end=PORT-588 stations=18 (optimize)
  Segment 9 order: -501 467 468 469 470 -471 472 -122 -121 120 -119 -118 -117 -116 -115 -275 -111 -274
Segment 10 eval: start=PORT-588 end=PORT-588 stations=40 (optimize)
  Segment 10 order: -105 104 -103 -102 -101 108 271 272 -273 253 252 254 255 -257 256 -130 -129 -128 -258 259 260 261 262 263 -127 126 -125 -124 -123 -266 -267 -265 -264 268 269 270 -110 -109 -107 -106
Segment 11 eval: start=PORT-588 end=PORT-583 stations=49 (optimize)
  Segment 11 order: -98 97 -242 241 -238 237 -215 -214 -213 -212 -211 -210 -209 -208 -207 -206 -205 131 -204 -203 -202 199 -201 200 -198 -197 -196 -195 -194 -193 -192 -218 -217 -216 -220 222 -225 224 226 178 227 -231 235 -234 -233 -232 -230 -134 -133
Segment 12 eval: start=PORT-583 end=PORT-583 stations=51 (optimize)
  Segment 12 order: 99 100 246 -247 245 248 -249 251 -250 -244 -243 -240 -239 -236 221 -223 -219 -191 -190 -189 -188 -187 -186 -185 -184 -183 -182 -177 171 -170 -169 -168 155 156 157 158 -150 -149 148 -140 -139 151 152 153 154 179 228 229 180 181 132
Segment 13 eval: start=PORT-583 end=BOAT-END stations=28 (optimize)
  Segment 13 order: -135 136 -137 -2 7 138 141 8 9 142 144 145 146 147 161 -160 159 163 -162 164 165 166 167 172 173 174 175 -176
Cap boundary debug: PORT-583 -> [132 181 180 229 228 179 154 153 152 151 139 140 148 149 150 158 157 156 155 168 169 170 171 177 182 183 184 185 186 187 188 189 190 191 219 223 221 236 239 240 243 244 250 251 249 248 245 247 246 100 99] -> PORT-583 -> [176 175 174 173 172 167 166 165 164 163 159 162 160 161 146 145 147 144 142 9 8 141 138 7 2 135 136 137] -> BOAT-END | load_left=42868 load_right=16554 cap=45000
Set parameter Username
Set parameter LicenseID to value 2738882
Academic license - for non-commercial use only - expires 2026-11-14
Set parameter TimeLimit to value 360
Set parameter Seed to value 191711603
Set parameter Threads to value 4
Set parameter OutputFlag to value 1
Set parameter LogToConsole to value 1
Set parameter LazyConstraints to value 1
Gurobi Optimizer version 13.0.0 build v13.0.0rc1 (linux64 - "Debian GNU/Linux 13 (trixie)")

CPU model: AMD Ryzen 9 5950X 16-Core Processor, instruction set [SSE2|AVX|AVX2]
Thread count: 16 physical cores, 32 logical processors, using up to 4 threads

Non-default parameters:
TimeLimit  360
Seed  191711603
Threads  4
LazyConstraints  1

Optimize a model with 27850 rows, 78732 columns and 157452 nonzeros (Min)
Model fingerprint: 0xe48d2e19
Model has 25920 linear objective coefficients
Variable types: 52488 continuous, 26244 integer (26244 binary)
Coefficient statistics:
  Matrix range     [1e+00, 4e+04]
  Objective range  [5e-05, 2e+02]
  Bounds range     [1e+00, 4e+04]
  RHS range        [1e+00, 9e+03]
Presolve removed 1772 rows and 27293 columns
Presolve time: 0.24s
Presolved: 26078 rows, 51439 columns, 153984 nonzeros
Variable types: 25438 continuous, 26001 integer (26001 binary)
Root relaxation presolved: 26078 rows, 51439 columns, 153984 nonzeros

Deterministic concurrent LP optimizer: primal and dual simplex
Showing primal log only...

Concurrent spin time: 0.00s

Solved with primal simplex

Root relaxation: objective 4.835974e+02, 54545 iterations, 2.49 seconds (5.64 work units)

    Nodes    |    Current Node    |     Objective Bounds      |     Work
 Expl Unexpl |  Obj  Depth IntInf | Incumbent    BestBd   Gap | It/Node Time

     0     0  483.59737    0  251          -  483.59737      -     -    3s
H    0     0                     981.1900263  483.59737  50.7%     -    4s
H    0     0                     886.2414202  483.59737  45.4%     -    4s
     0     0  483.59737    0  251  886.24142  483.59737  45.4%     -    5s
H    0     0                     865.5576951  483.59737  44.1%     -    5s
H    0     0                     832.3108799  483.59737  41.9%     -    5s
H    0     0                     782.1190477  483.59737  38.2%     -    6s
H    0     0                     642.3941195  483.59737  24.7%     -    7s
     0     0  483.59737    0  251  642.39412  483.59737  24.7%     -    7s
     0     0  486.40366    0  276  642.39412  486.40366  24.3%     -   11s
H    0     0                     609.2052201  486.42807  20.2%     -   11s
H    0     0                     598.2335130  486.42807  18.7%     -   11s
H    0     0                     587.9562461  486.42807  17.3%     -   12s
H    0     0                     586.5065135  486.42807  17.1%     -   12s
H    0     0                     579.6266317  486.42807  16.1%     -   13s
H    0     0                     570.0286025  486.42807  14.7%     -   14s
H    0     0                     563.9657594  486.42807  13.7%     -   14s
     0     0  486.42807    0  276  563.96576  486.42807  13.7%     -   15s
H    0     0                     563.1223214  486.42807  13.6%     -   16s
H    0     0                     560.8541304  486.42807  13.3%     -   18s
     0     0  490.07575    0  251  560.85413  490.07575  12.6%     -   23s
     0     0  503.54282    0  249  560.85413  503.54282  10.2%     -   23s
     0     0  503.86741    0  264  560.85413  503.86741  10.2%     -   25s
     0     0  503.86741    0  237  560.85413  503.86741  10.2%     -   29s
     0     0  503.86741    0  238  560.85413  503.86741  10.2%     -   32s
     0     0  504.47657    0  281  560.85413  504.47657  10.1%     -   36s
H    0     0                     558.4544790  504.48033  9.66%     -   37s
     0     0  504.48033    0  285  558.45448  504.48033  9.66%     -   40s
     0     0  504.48738    0  285  558.45448  504.48738  9.66%     -   41s
     0     0  504.49183    0  281  558.45448  504.49183  9.66%     -   42s
     0     0  505.70443    0  301  558.45448  505.70443  9.45%     -   46s
     0     0  506.19165    0  289  558.45448  506.19165  9.36%     -   47s
     0     0  506.19166    0  287  558.45448  506.19166  9.36%     -   47s
     0     0  506.35880    0  294  558.45448  506.35880  9.33%     -   49s
     0     0  506.47093    0  286  558.45448  506.47093  9.31%     -   49s
     0     0  506.47344    0  290  558.45448  506.47344  9.31%     -   49s
     0     0  506.47600    0  289  558.45448  506.47600  9.31%     -   49s
     0     0  506.47600    0  289  558.45448  506.47600  9.31%     -   49s
     0     0  506.50682    0  285  558.45448  506.50682  9.30%     -   50s
     0     0  506.50928    0  289  558.45448  506.50928  9.30%     -   50s
     0     0  506.51814    0  291  558.45448  506.51814  9.30%     -   51s
H    0     0                     555.5839949  506.53645  8.83%     -   51s
     0     0  506.53645    0  292  555.58399  506.53645  8.83%     -   53s
     0     0  506.54662    0  291  555.58399  506.54662  8.83%     -   54s
     0     0  506.54740    0  290  555.58399  506.54740  8.83%     -   54s
     0     0  506.54741    0  291  555.58399  506.54741  8.83%     -   54s
     0     0  506.55183    0  292  555.58399  506.55183  8.83%     -   55s
     0     0  506.55377    0  295  555.58399  506.55377  8.82%     -   55s
     0     0  506.55377    0  295  555.58399  506.55377  8.82%     -   55s
     0     0  506.55849    0  292  555.58399  506.55849  8.82%     -   56s
     0     0  506.55849    0  293  555.58399  506.55849  8.82%     -   56s
     0     0  506.58583    0  295  555.58399  506.58583  8.82%     -   56s
     0     0  506.58629    0  295  555.58399  506.58629  8.82%     -   56s
     0     0  506.58629    0  296  555.58399  506.58629  8.82%     -   57s
     0     0  506.59013    0  297  555.58399  506.59013  8.82%     -   57s
     0     0  506.59013    0  297  555.58399  506.59013  8.82%     -   58s
     0     0  506.60695    0  297  555.58399  506.60695  8.82%     -   58s
     0     0  506.60695    0  297  555.58399  506.60695  8.82%     -   58s
     0     0  506.60695    0  290  555.58399  506.60695  8.82%     -   59s
     0     2  511.78697    0  279  555.58399  511.78697  7.88%     -   63s
     1     4  511.78697    1  161  555.58399  511.78697  7.88% 16023   65s
    11    28  511.78697    4  156  555.58399  511.78697  7.88%  4260   72s
    27    44  511.78697    6  152  555.58399  511.78697  7.88%  1986   76s
    50    63  512.23915   10  137  555.58399  511.78697  7.88%  2266   80s
    79    91  514.59113   16  155  555.58399  511.78697  7.88%  2197   86s
    96   102  518.48610   19  173  555.58399  511.78697  7.88%  2303   91s
   109   114  515.74120   25  131  555.58399  511.78697  7.88%  2368   95s
H  122   133                     552.5875715  511.78697  7.38%  2432   99s
   132   147  516.10215   29  134  552.58757  511.78697  7.38%  2312  101s
   177   200  518.78575   50  207  552.58757  511.78697  7.38%  1952  105s
   226   263  519.64513   55  172  552.58757  511.78697  7.38%  1625  110s
   299   333  519.98890   61  187  552.58757  511.78697  7.38%  1396  115s
   494   498  521.56278   86  173  552.58757  511.78697  7.38%  1067  120s
H  505   503                     552.5875538  511.78697  7.38%  1052  121s
   547   529  513.07994    4  205  552.58755  511.78697  7.38%  1086  126s
   583   560  514.88489    9  172  552.58755  511.78697  7.38%  1127  132s
   603   578  516.17601   13  200  552.58755  511.78697  7.38%  1141  135s
H  633   591                     552.5875529  511.78697  7.38%  1202  139s
   634   599  517.76307   23  186  552.58755  511.78697  7.38%  1203  142s
   642   638  517.79436   26  182  552.58755  511.78697  7.38%  1230  145s
   695   674  518.61476   29  178  552.58755  511.78697  7.38%  1192  151s
   774   768  523.44337   60  185  552.58755  511.78697  7.38%  1138  155s
   866   830  511.78697    8  186  552.58755  511.78697  7.38%  1123  161s
   901   862  512.73807   19  185  552.58755  511.78697  7.38%  1163  166s
   935   902  513.10706   23  189  552.58755  511.78697  7.38%  1200  171s
   965   919  513.31834   26  149  552.58755  511.78697  7.38%  1209  176s
  1012   987  514.11232   41  147  552.58755  511.78697  7.38%  1246  184s
  1058  1018  511.78697    5  174  552.58755  511.78697  7.38%  1272  187s
H 1089  1018                     552.5875259  511.78697  7.38%  1270  187s
  1090  1019  533.18174  137  264  552.58753  511.78697  7.38%  1269  201s
  1092  1020  519.99984   60  264  552.58753  511.78697  7.38%  1266  206s
  1093  1021  530.98594   52  306  552.58753  511.78697  7.38%  1265  213s
  1095  1022  523.30110  134  310  552.58753  511.78697  7.38%  1263  215s
  1101  1026  514.13347   35  306  552.58753  511.78697  7.38%  1256  220s
  1107  1030  516.17058   71  301  552.58753  514.08887  6.97%  1249  225s
  1111  1033  514.08887    9  256  552.58753  514.08887  6.97%  1245  231s
  1115  1036  514.15325   17  306  552.58753  514.15325  6.96%  1240  236s
  1119  1038  539.69547   94  298  552.58753  514.18688  6.95%  1236  240s
  1123  1041  518.55647   17  283  552.58753  514.18688  6.95%  1231  246s
  1124  1042  520.27855   51  283  552.58753  518.50099  6.17%  1230  251s
  1127  1045  529.63974   17  260  552.58753  518.50099  6.17%  1381  258s
  1128  1046  518.50099   60  259  552.58753  518.50099  6.17%  1380  265s
  1133  1049  528.99975  103  258  552.58753  518.50099  6.17%  1374  270s
  1140  1054  518.50099   23  287  552.58753  518.50099  6.17%  1366  279s
  1141  1055  523.70722   68  287  552.58753  518.50099  6.17%  1364  284s
  1142  1058  518.50099   23  154  552.58753  518.50099  6.17%  1456  285s
  1152  1069  518.50099   26  153  552.58753  518.50099  6.17%  1486  293s
  1158  1077  518.50099   28  101  552.58753  518.50099  6.17%  1511  296s
  1175  1084  518.50099   31   89  552.58753  518.50099  6.17%  1563  300s
  1186  1093  518.50099   32  116  552.58753  518.50099  6.17%  1591  307s
  1194  1095  518.56936   32   99  552.58753  518.50099  6.17%  1617  310s
  1209  1105  518.50099   34  136  552.58753  518.50099  6.17%  1714  316s
  1221  1110  518.50099   36  154  552.58753  518.50099  6.17%  1780  320s
  1233  1117  543.65229   37  242  552.58753  518.50099  6.17%  1799  325s
  1242  1126  519.06337   38  163  552.58753  518.50099  6.17%  1822  330s
H 1257  1084                     552.5875241  518.50099  6.17%  1817  332s
  1267  1091  518.60370   42  145  552.58752  518.50099  6.17%  1811  335s
  1290  1098  518.98954   45  137  552.58752  518.50099  6.17%  1854  341s
  1309  1110  519.14772   47  122  552.58752  518.50099  6.17%  1877  345s
  1335  1121  521.92795   53  216  552.58752  518.50099  6.17%  1910  350s
  1355  1135  522.43968   55  108  552.58752  518.50099  6.17%  1942  355s

Cutting planes:
  Gomory: 31
  Cover: 10
  Implied bound: 47
  Projected implied bound: 5
  MIR: 23
  Flow cover: 47
  Zero half: 16
  Mod-K: 3
  RLT: 3
  Relax-and-lift: 42

Explored 1421 nodes (2994362 simplex iterations) in 360.00 seconds (1227.68 work units)
Thread count was 4 (of 32 available processors)

Solution count 10: 552.588 555.584 558.454 ... 587.956

Time limit reached
Warning: max constraint violation (3.0648e-02) exceeds tolerance
         (model may be infeasible or unbounded - try turning presolve off)
Best objective 5.525875241243e+02, best bound 5.185009850882e+02, gap 6.1685%

User-callback calls 68149, time in user-callback 0.01 sec
Cap boundary opt: PORT-583 stations=79 obj=552.588 real=638.929 baseline=666.579
Set parameter Username
Set parameter LicenseID to value 2738882
Academic license - for non-commercial use only - expires 2026-11-14
Segment 1 eval: start=BOAT-0 end=PORT-581 stations=87 (optimize)
  Segment 1 order: 1 3 4 -25 -5 -6 10 11 143 15 16 17 -18 -13 14 12 -24 -23 -22 -21 19 20 -41 42 43 44 45 46 -396 -47 -40 39 48 49 50 -38 -37 51 -52 59 -57 56 55 -54 -53 66 67 69 -36 -35 -34 -33 -32 -31 -30 -29 -28 -27 -26 93 -92 94 -96 -95 90 91 -89 88 -87 86 -85 -84 -83 -82 -81 -80 79 -78 -77 -70 -76 75 72 73 -74 -71 -68
Segment 2 eval: start=PORT-581 end=PORT-591 stations=58 (optimize)
  Segment 2 order: 65 -63 64 -58 60 61 62 391 392 393 394 395 397 398 399 -400 -401 389 390 388 -387 -386 -385 -402 403 405 406 -407 -404 409 408 -410 411 412 -413 -415 416 -417 425 381 426 -368 -367 -366 -365 364 362 -361 -360 -359 -358 -357 -356 -355 354 -353 348 -363
Segment 3 eval: start=PORT-591 end=PORT-591 stations=111 (optimize)
  Segment 3 order: -346 276 277 278 279 280 281 -556 282 283 -284 555 558 559 -560 561 -562 -554 553 550 551 552 285 286 287 288 289 290 291 292 293 294 -295 296 297 306 -305 -298 299 300 301 302 304 -303 307 308 309 -310 311 312 -313 314 315 316 317 318 319 320 340 341 342 343 344 345 334 335 336 337 338 339 321 322 323 324 325 -327 328 330 -331 -329 -326 349 350 351 352 -373 372 -374 375 376 377 379 380 414 382 384 -383 419 420 421 -423 -422 424 -418 -378 -371 -370 369 332 -333 347
Segment 4 eval: start=PORT-591 end=PORT-593 stations=43 (optimize)
  Segment 4 order: 557 563 564 565 566 567 568 -542 543 540 541 549 548 -547 -546 -545 -544 -539 -538 -537 536 -535 -534 -572 569 570 571 573 574 576 533 -532 -531 -530 -529 -528 -527 577 575 578 -525 526 -524
Segment 5 eval: start=PORT-593 end=PORT-593 stations=19 (optimize)
  Segment 5 order: 430 -434 -433 -432 -431 -429 -428 427 517 518 519 520 521 -580 -579 -523 -522 -516 -515
Segment 6 eval: start=PORT-593 end=PORT-584 stations=31 (optimize)
  Segment 6 order: -512 513 -514 -511 -510 -509 -508 -507 -506 -505 -444 -443 -442 -441 440 -439 437 -436 435 438 445 446 447 448 449 450 451 452 453 -455 -454
Segment 7 eval: start=PORT-584 end=PORT-584 stations=33 (optimize)
  Segment 7 order: 500 502 -488 -487 -489 490 491 492 -493 482 483 463 464 465 -466 474 -473 -475 479 480 -481 -478 -477 -476 -114 494 -113 -112 495 496 497 498 499
Segment 8 eval: start=PORT-584 end=PORT-584 stations=12 (optimize)
  Segment 8 order: 486 -462 484 -460 -459 -458 -457 -456 461 485 -504 -503
Segment 9 eval: start=PORT-584 end=PORT-588 stations=18 (optimize)
  Segment 9 order: -501 467 468 469 470 -471 472 -122 -121 120 -119 -118 -117 -116 -115 -275 -111 -274
Segment 10 eval: start=PORT-588 end=PORT-588 stations=40 (optimize)
  Segment 10 order: -105 104 -103 -102 -101 108 271 272 -273 253 252 254 255 -257 256 -130 -129 -128 -258 259 260 261 262 263 -127 126 -125 -124 -123 -266 -267 -265 -264 268 269 270 -110 -109 -107 -106
Segment 11 eval: start=PORT-588 end=PORT-583 stations=49 (optimize)
  Segment 11 order: -98 97 -242 241 -238 237 -215 -214 -213 -212 -211 -210 -209 -208 -207 -206 -205 131 -204 -203 -202 199 -201 200 -198 -197 -196 -195 -194 -193 -192 -218 -217 -216 -220 222 -225 224 226 178 227 -231 235 -234 -233 -232 -230 -134 -133
Segment 12 eval: start=PORT-583 end=PORT-583 stations=53 (optimize)
  Segment 12 order: -132 -229 -228 155 156 157 158 -159 160 161 162 163 164 165 166 167 168 169 170 171 172 173 174 175 176 177 182 183 184 185 186 187 188 189 190 191 219 223 -221 236 239 240 243 244 250 -251 249 -248 -245 247 -246 -100 -99
Segment 13 eval: start=PORT-583 end=BOAT-END stations=26 (optimize)
  Segment 13 order: -181 -135 136 -137 -2 7 8 9 142 144 145 146 147 148 149 150 139 140 141 138 151 152 153 154 179 180
Set parameter Username
Set parameter LicenseID to value 2738882
Academic license - for non-commercial use only - expires 2026-11-14
Segment 1 eval: start=BOAT-0 end=PORT-581 stations=87 (optimize)
  Segment 1 order: 1 3 4 -25 -5 -6 10 11 143 15 16 17 -18 -13 14 12 -24 -23 -22 -21 19 20 -41 42 43 44 45 46 -396 -47 -40 39 48 49 50 -38 -37 51 -52 59 -57 56 55 -54 -53 66 67 69 -36 -35 -34 -33 -32 -31 -30 -29 -28 -27 -26 93 -92 94 -96 -95 90 91 -89 88 -87 86 -85 -84 -83 -82 -81 -80 79 -78 -77 -70 -76 75 72 73 -74 -71 -68
Segment 2 eval: start=PORT-581 end=PORT-591 stations=58 (optimize)
  Segment 2 order: 65 -63 64 -58 60 61 62 391 392 393 394 395 397 398 399 -400 -401 389 390 388 -387 -386 -385 -402 403 405 406 -407 -404 409 408 -410 411 412 -413 -415 416 -417 425 381 426 -368 -367 -366 -365 364 362 -361 -360 -359 -358 -357 -356 -355 354 -353 348 -363
Segment 3 eval: start=PORT-591 end=PORT-591 stations=111 (optimize)
  Segment 3 order: -346 276 277 278 279 280 281 -556 282 283 -284 555 558 559 -560 561 -562 -554 553 550 551 552 285 286 287 288 289 290 291 292 293 294 -295 296 297 306 -305 -298 299 300 301 302 304 -303 307 308 309 -310 311 312 -313 314 315 316 317 318 319 320 340 341 342 343 344 345 334 335 336 337 338 339 321 322 323 324 325 -327 328 330 -331 -329 -326 349 350 351 352 -373 372 -374 375 376 377 379 380 414 382 384 -383 419 420 421 -423 -422 424 -418 -378 -371 -370 369 332 -333 347
Segment 4 eval: start=PORT-591 end=PORT-593 stations=43 (optimize)
  Segment 4 order: 557 563 564 565 566 567 568 -542 543 540 541 549 548 -547 -546 -545 -544 -539 -538 -537 536 -535 -534 -572 569 570 571 573 574 576 533 -532 -531 -530 -529 -528 -527 577 575 578 -525 526 -524
Segment 5 eval: start=PORT-593 end=PORT-593 stations=19 (optimize)
  Segment 5 order: 430 -434 -433 -432 -431 -429 -428 427 517 518 519 520 521 -580 -579 -523 -522 -516 -515
Segment 6 eval: start=PORT-593 end=PORT-584 stations=31 (optimize)
  Segment 6 order: -512 513 -514 -511 -510 -509 -508 -507 -506 -505 -444 -443 -442 -441 440 -439 437 -436 435 438 445 446 447 448 449 450 451 452 453 -455 -454
Segment 7 eval: start=PORT-584 end=PORT-584 stations=33 (optimize)
  Segment 7 order: 500 502 -488 -487 -489 490 491 492 -493 482 483 463 464 465 -466 474 -473 -475 479 480 -481 -478 -477 -476 -114 494 -113 -112 495 496 497 498 499
Segment 8 eval: start=PORT-584 end=PORT-584 stations=12 (optimize)
  Segment 8 order: 486 -462 484 -460 -459 -458 -457 -456 461 485 -504 -503
Segment 9 eval: start=PORT-584 end=PORT-588 stations=18 (optimize)
  Segment 9 order: -501 467 468 469 470 -471 472 -122 -121 120 -119 -118 -117 -116 -115 -275 -111 -274
Segment 10 eval: start=PORT-588 end=PORT-588 stations=40 (optimize)
  Segment 10 order: -105 104 -103 -102 -101 108 271 272 -273 253 252 254 255 -257 256 -130 -129 -128 -258 259 260 261 262 263 -127 126 -125 -124 -123 -266 -267 -265 -264 268 269 270 -110 -109 -107 -106
Segment 11 eval: start=PORT-588 end=PORT-583 stations=49 (optimize)
  Segment 11 order: -98 97 -242 241 -238 237 -215 -214 -213 -212 -211 -210 -209 -208 -207 -206 -205 131 -204 -203 -202 199 -201 200 -198 -197 -196 -195 -194 -193 -192 -218 -217 -216 -220 222 -225 224 226 178 227 -231 235 -234 -233 -232 -230 -134 -133
Segment 12 eval: start=PORT-583 end=PORT-583 stations=53 (optimize)
  Segment 12 order: -132 -229 -228 155 156 157 158 -159 160 161 162 163 164 165 166 167 168 169 170 171 172 173 174 175 176 177 182 183 184 185 186 187 188 189 190 191 219 223 -221 236 239 240 243 244 250 -251 249 -248 -245 247 -246 -100 -99
Segment 13 eval: start=PORT-583 end=BOAT-END stations=26 (optimize)
  Segment 13 order: -181 -135 136 -137 -2 7 8 9 142 144 145 146 147 148 149 150 139 140 141 138 151 152 153 154 179 180
PROGRESS pass=1 changed=1 total=4925.097 best=4925.097 nseg=13 stall=0 mut=2/6 mut=STAT-457 src=7 dst=6 delta=-0.817
Capacity boundary sweep pass 2
Cap boundary debug: BOAT -> [1 3 4 5 6 10 11 12 14 13 18 17 16 15 143 31 32 36 35 34 33 30 29 27 26 28 80 79 78 77 70 76 75 71 72 73 74 68 69 67 66 55 56 54 53 51 52 49 50 37 38 48 39 40 47 396 44 45 46 43 42 41 20 19 21 22 23 24 25 93 92 94 96 95 90 91 89 88 81 82 83 87 84 85 86 59 57] -> PORT-581 -> [60 58 64 65 63 61 62 386 403 385 402 387 388 389 390 391 392 393 394 395 397 398 399 400 401 407 406 405 404 408 409 410 411 412 413 415 416 417 425 381 426 368 367 365 366 364 363 348 362 361 360 359 358 357 356 355 354 353] -> PORT-591 | load_left=43418 load_right=43833 cap=45000
Set parameter Username
Set parameter LicenseID to value 2738882
Academic license - for non-commercial use only - expires 2026-11-14
Set parameter TimeLimit to value 360
Set parameter Seed to value 807893405
Set parameter Threads to value 4
Set parameter OutputFlag to value 1
Set parameter LogToConsole to value 1
Set parameter LazyConstraints to value 1
Gurobi Optimizer version 13.0.0 build v13.0.0rc1 (linux64 - "Debian GNU/Linux 13 (trixie)")

CPU model: AMD Ryzen 9 5950X 16-Core Processor, instruction set [SSE2|AVX|AVX2]
Thread count: 16 physical cores, 32 logical processors, using up to 4 threads

Non-default parameters:
TimeLimit  360
Seed  807893405
Threads  4
LazyConstraints  1

Optimize a model with 89362 rows, 259308 columns and 518604 nonzeros (Min)
Model fingerprint: 0x22c1918e
Model has 85848 linear objective coefficients
Variable types: 172872 continuous, 86436 integer (86436 binary)
Coefficient statistics:
  Matrix range     [1e+00, 4e+04]
  Objective range  [1e+00, 1e+05]
  Bounds range     [1e+00, 4e+04]
  RHS range        [1e+00, 1e+04]
Presolve removed 3224 rows and 88343 columns
Presolve time: 0.58s
Presolved: 86138 rows, 170965 columns, 513314 nonzeros
Variable types: 84970 continuous, 85995 integer (85995 binary)
Root relaxation presolved: 86138 rows, 170965 columns, 513314 nonzeros

Deterministic concurrent LP optimizer: primal simplex, dual simplex, and barrier
Showing barrier log only...

Root barrier log...

Ordering time: 0.40s

Barrier statistics:
 AA' NZ     : 5.151e+05
 Factor NZ  : 9.968e+05 (roughly 110 MB of memory)
 Factor Ops : 3.447e+08 (less than 1 second per iteration)
 Threads    : 2

                  Objective                Residual
Iter       Primal          Dual         Primal    Dual     Compl     Time
   0   1.29112894e+10 -5.36889149e+13  2.63e+05 1.46e-11  2.11e+08     2s
   1   6.00028779e+09 -3.63236927e+13  1.22e+05 2.76e+04  1.22e+08     2s
   2   4.19003782e+09 -2.12791446e+12  8.58e+04 5.08e-10  2.71e+07     2s
   3   1.59761226e+09 -8.61322848e+11  3.28e+04 4.82e-10  1.02e+07     2s
   4   6.69987036e+08 -5.41556648e+11  1.37e+04 1.33e-08  4.64e+06     2s
   5   2.14192311e+08 -3.35332843e+11  4.36e+03 7.29e-09  1.83e+06     2s
   6   1.59022858e+07 -1.87079793e+11  2.75e+02 3.58e-09  5.00e+05     2s
   7   4.93693197e+06 -1.99061850e+10  4.83e+01 5.31e-10  5.38e+04     2s
   8   4.76805693e+06 -1.70842444e+10  4.38e+01 4.57e-10  4.62e+04     2s
   9   4.57327995e+06 -1.48814591e+10  3.89e+01 1.08e-09  4.00e+04     2s
  10   3.71460772e+06 -1.26664933e+10  2.29e+01 9.60e-10  3.25e+04     2s
  11   3.63740859e+06 -1.09568298e+10  2.14e+01 1.24e-09  2.81e+04     2s
  12   3.02656269e+06 -3.84588796e+09  9.99e+00 4.39e-09  9.49e+03     2s
  13   2.90515046e+06 -3.41910215e+08  7.77e+00 4.61e-09  8.63e+02     2s
  14   2.42216410e+06 -6.15194896e+07  7.58e-01 4.32e-09  1.52e+02     2s
  15   1.82640364e+06 -2.82894490e+07  8.16e-02 2.53e-09  7.07e+01     2s
  16   9.69766271e+05 -9.45383225e+06  6.09e-05 2.33e-09  2.44e+01     2s
  17   1.82271463e+05 -1.68880719e+06  1.25e-06 1.21e-09  4.38e+00     2s
  18   3.37269602e+04 -2.10638566e+05  1.61e-07 4.09e-10  5.72e-01     2s
  19   1.01105031e+04 -2.81692381e+04  7.88e-10 6.93e-10  8.97e-02     2s
  20   8.53077173e+03 -1.58722192e+04  3.77e-11 9.93e-10  5.72e-02     3s
  21   6.09050541e+03 -5.22000068e+03  8.30e-11 9.35e-10  2.65e-02     3s
  22   3.59614653e+03 -2.11793751e+03  9.21e-11 1.05e-09  1.34e-02     3s
  23   2.24152702e+03 -6.11611374e+02  1.69e-10 1.23e-09  6.68e-03     3s
  24   1.61258100e+03  1.43719128e+02  4.08e-11 1.41e-09  3.44e-03     3s
  25   1.25209853e+03  8.18170029e+02  4.24e-10 8.28e-10  1.02e-03     3s
  26   1.16486672e+03  1.02125543e+03  1.17e-10 7.68e-10  3.36e-04     3s
  27   1.13090027e+03  1.08700657e+03  3.07e-11 9.25e-10  1.03e-04     3s
  28   1.12393662e+03  1.10131630e+03  1.49e-11 8.93e-10  5.30e-05     3s
  29   1.11966984e+03  1.10785522e+03  7.36e-12 1.26e-09  2.77e-05     3s
  30   1.11767406e+03  1.11378463e+03  1.56e-09 9.67e-10  9.11e-06     3s
  31   1.11706131e+03  1.11645010e+03  4.05e-10 1.51e-09  1.43e-06     3s
  32   1.11681210e+03  1.11663374e+03  5.74e-11 7.29e-10  4.18e-07     3s
  33   1.11679588e+03  1.11669298e+03  4.73e-11 7.71e-10  2.41e-07     3s
  34   1.11677365e+03  1.11674786e+03  1.96e-11 9.75e-10  6.04e-08     3s
  35   1.11676016e+03  1.11675626e+03  4.28e-10 7.13e-10  9.15e-09     3s
  36   1.11675881e+03  1.11675877e+03  5.19e-09 4.95e-10  8.87e-11     4s
  37   1.11675879e+03  1.11675879e+03  1.10e-08 9.31e-10  1.17e-12     4s

Barrier solved model in 37 iterations and 3.59 seconds (5.83 work units)
Optimal objective 1.11675879e+03

Crossover time: 0.34 seconds (0.70 work units)
Concurrent spin time: 0.00s

Solved with barrier

Root relaxation: objective 1.116759e+03, 44863 iterations, 3.09 seconds (4.59 work units)

    Nodes    |    Current Node    |     Objective Bounds      |     Work
 Expl Unexpl |  Obj  Depth IntInf | Incumbent    BestBd   Gap | It/Node Time

     0     0 1116.75879    0  467          - 1116.75879      -     -    5s
H    0     0                    1757.2223332 1116.75879  36.4%     -    6s
H    0     0                    1751.4940555 1116.75879  36.2%     -    7s
H    0     0                    1711.5866476 1116.75879  34.8%     -    7s
H    0     0                    1704.4437071 1116.75879  34.5%     -    9s
     0     0 1116.75879    0  467 1704.44371 1116.75879  34.5%     -   10s
H    0     0                    1609.0879529 1116.75879  30.6%     -   14s
H    0     0                    1536.2095097 1116.75879  27.3%     -   15s
H    0     0                    1503.4752044 1116.75879  25.7%     -   16s
H    0     0                    1478.9059079 1116.75879  24.5%     -   17s
     0     0 1116.75879    0  466 1478.90591 1116.75879  24.5%     -   18s
     0     0 1119.09108    0  542 1478.90591 1119.09108  24.3%     -   29s
H    0     0                    1456.9535321 1119.13877  23.2%     -   32s
H    0     0                    1454.9813408 1119.13877  23.1%     -   33s
H    0     0                    1417.6010916 1119.13877  21.1%     -   36s
H    0     0                    1416.5337467 1119.13877  21.0%     -   38s
H    0     0                    1414.2345832 1119.13877  20.9%     -   39s
H    0     0                    1412.9997251 1119.13877  20.8%     -   41s
H    0     0                    1404.4789961 1119.13877  20.3%     -   45s
H    0     0                    1369.4438183 1119.13877  18.3%     -   45s
     0     0 1119.28775    0  532 1369.44382 1119.28775  18.3%     -   52s
     0     0 1121.23753    0  533 1369.44382 1121.23753  18.1%     -   55s
     0     0 1121.23753    0  533 1369.44382 1121.23753  18.1%     -   55s
     0     0 1127.56666    0  577 1369.44382 1127.56666  17.7%     -   67s
     0     0 1127.70885    0  571 1369.44382 1127.70885  17.7%     -   67s
     0     0 1127.70885    0  572 1369.44382 1127.70885  17.7%     -   68s
     0     0 1128.31250    0  606 1369.44382 1128.31250  17.6%     -   74s
     0     0 1128.31979    0  605 1369.44382 1128.31979  17.6%     -   75s
     0     0 1128.31979    0  608 1369.44382 1128.31979  17.6%     -   75s
     0     0 1130.52094    0  610 1369.44382 1130.52094  17.4%     -   83s
     0     0 1130.64785    0  603 1369.44382 1130.64785  17.4%     -   84s
     0     0 1130.64785    0  604 1369.44382 1130.64785  17.4%     -   84s
     0     0 1138.42598    0  618 1369.44382 1138.42598  16.9%     -   98s
     0     0 1138.42620    0  624 1369.44382 1138.42620  16.9%     -   99s
     0     0 1140.82571    0  634 1369.44382 1140.82571  16.7%     -  110s
H    0     0                    1367.9313690 1140.82571  16.6%     -  111s
H    0     0                    1366.7807726 1140.82571  16.5%     -  111s
     0     0 1140.82693    0  634 1366.78077 1140.82693  16.5%     -  111s
     0     0 1141.04618    0  620 1366.78077 1141.04618  16.5%     -  118s
     0     0 1141.04654    0  625 1366.78077 1141.04654  16.5%     -  118s
     0     0 1142.28025    0  587 1366.78077 1142.28025  16.4%     -  124s
     0     0 1142.28524    0  606 1366.78077 1142.28524  16.4%     -  125s
     0     0 1142.28525    0  614 1366.78077 1142.28525  16.4%     -  125s
     0     0 1142.29801    0  601 1366.78077 1142.29801  16.4%     -  130s
     0     0 1142.34562    0  598 1366.78077 1142.34562  16.4%     -  131s
     0     0 1142.41930    0  593 1366.78077 1142.41930  16.4%     -  136s
     0     0 1142.42028    0  594 1366.78077 1142.42028  16.4%     -  136s
     0     0 1142.99700    0  594 1366.78077 1142.99700  16.4%     -  144s
     0     0 1143.12560    0  590 1366.78077 1143.12560  16.4%     -  145s
     0     0 1143.12674    0  598 1366.78077 1143.12674  16.4%     -  145s
     0     0 1143.59085    0  604 1366.78077 1143.59085  16.3%     -  151s
H    0     0                    1365.3531336 1143.59085  16.2%     -  152s
H    0     0                    1353.6000331 1143.59085  15.5%     -  152s
H    0     0                    1353.5801519 1143.59085  15.5%     -  152s
H    0     0                    1349.6347835 1143.59085  15.3%     -  152s
H    0     0                    1345.8927078 1143.59085  15.0%     -  152s
H    0     0                    1341.3887024 1143.59085  14.7%     -  152s
     0     0 1143.59177    0  606 1341.38870 1143.59177  14.7%     -  153s
     0     0 1144.16252    0  623 1341.38870 1144.16252  14.7%     -  159s
     0     0 1144.29393    0  569 1341.38870 1144.29393  14.7%     -  161s
     0     0 1144.30924    0  604 1341.38870 1144.30924  14.7%     -  162s
     0     0 1144.31250    0  606 1341.38870 1144.31250  14.7%     -  162s
     0     0 1144.79558    0  607 1341.38870 1144.79558  14.7%     -  170s
     0     0 1144.84511    0  611 1341.38870 1144.84511  14.7%     -  171s
     0     0 1144.84529    0  616 1341.38870 1144.84529  14.7%     -  171s
     0     0 1145.18140    0  610 1341.38870 1145.18140  14.6%     -  176s
     0     0 1145.19284    0  613 1341.38870 1145.19284  14.6%     -  176s
     0     0 1145.19312    0  613 1341.38870 1145.19312  14.6%     -  177s
     0     0 1145.23389    0  620 1341.38870 1145.23389  14.6%     -  181s
H    0     0                    1324.3215402 1145.23389  13.5%     -  182s
H    0     0                    1322.7034282 1145.23389  13.4%     -  182s
H    0     0                    1322.7034139 1145.23389  13.4%     -  183s
     0     0 1145.23948    0  621 1322.70341 1145.23948  13.4%     -  183s
     0     0 1145.23997    0  617 1322.70341 1145.23997  13.4%     -  183s
     0     0 1145.45403    0  627 1322.70341 1145.45403  13.4%     -  192s
     0     0 1145.45405    0  637 1322.70341 1145.45405  13.4%     -  193s
     0     0 1145.65396    0  606 1322.70341 1145.65396  13.4%     -  200s
     0     0 1145.73924    0  618 1322.70341 1145.73924  13.4%     -  202s
     0     0 1145.73993    0  620 1322.70341 1145.73993  13.4%     -  203s
     0     0 1145.73993    0  621 1322.70341 1145.73993  13.4%     -  207s
     0     0 1145.74473    0  624 1322.70341 1145.74473  13.4%     -  208s
     0     0 1145.74473    0  621 1322.70341 1145.74473  13.4%     -  212s
     0     0 1145.74524    0  623 1322.70341 1145.74524  13.4%     -  213s
     0     0 1145.84175    0  619 1322.70341 1145.84175  13.4%     -  219s
     0     0 1145.84659    0  628 1322.70341 1145.84659  13.4%     -  220s
     0     0 1145.86068    0  631 1322.70341 1145.86068  13.4%     -  225s
     0     0 1145.86068    0  630 1322.70341 1145.86068  13.4%     -  226s
     0     0 1145.86068    0  632 1322.70341 1145.86068  13.4%     -  230s
     0     0 1145.86547    0  632 1322.70341 1145.86547  13.4%     -  230s
     0     0 1145.86547    0  605 1322.70341 1145.86547  13.4%     -  232s
H    0     0                    1318.6195968 1145.86547  13.1%     -  239s
H    0     0                    1305.7421021 1145.86547  12.2%     -  239s
H    0     0                    1305.2395458 1145.86547  12.2%     -  239s
H    0     0                    1296.3350942 1145.86547  11.6%     -  240s
H    0     0                    1295.0608596 1145.86547  11.5%     -  242s
     0     0 1145.86547    0  472 1295.06086 1145.86547  11.5%     -  271s
H    0     0                    1292.6736325 1145.86547  11.4%     -  272s
H    0     0                    1279.6620297 1145.86547  10.5%     -  272s
H    0     0                    1279.6620271 1145.86547  10.5%     -  273s
     0     0 1145.86547    0  541 1279.66203 1145.86547  10.5%     -  286s
H    0     0                    1272.8426839 1145.86547  10.0%     -  292s
H    0     0                    1272.7039677 1145.86547  10.0%     -  294s
H    0     0                    1270.0335968 1145.86547  9.78%     -  294s
H    0     0                    1269.6051548 1145.86547  9.75%     -  296s
H    0     0                    1266.6452615 1145.86547  9.54%     -  296s
H    0     0                    1264.2526496 1145.86547  9.36%     -  298s
H    0     0                    1257.3974668 1145.86547  8.87%     -  299s
H    0     0                    1255.2156139 1145.86547  8.71%     -  300s
     0     0 1146.51082    0  620 1255.21561 1146.51082  8.66%     -  314s
     0     0 1148.38108    0  623 1255.21561 1148.38108  8.51%     -  316s
     0     0 1148.41353    0  608 1255.21561 1148.41353  8.51%     -  317s
     0     0 1148.41829    0  609 1255.21561 1148.41829  8.51%     -  317s
     0     0 1148.41829    0  609 1255.21561 1148.41829  8.51%     -  317s
     0     0 1148.44688    0  617 1255.21561 1148.44688  8.51%     -  321s
     0     0 1148.65239    0  615 1255.21561 1148.65239  8.49%     -  322s
     0     0 1153.90122    0  623 1255.21561 1153.90122  8.07%     -  339s
     0     0 1154.18274    0  627 1255.21561 1154.18274  8.05%     -  342s
     0     0 1154.18278    0  627 1255.21561 1154.18278  8.05%     -  343s
     0     0 1159.10430    0  615 1255.21561 1159.10430  7.66%     -  355s
     0     0 1159.14904    0  620 1255.21561 1159.14904  7.65%     -  357s
     0     0 1159.15011    0  625 1255.21561 1159.15011  7.65%     -  357s
     0     0 1159.15115    0  628 1255.21561 1159.15115  7.65%     -  359s
     0     0 1159.15123    0  631 1255.21561 1159.15123  7.65%     -  359s

Cutting planes:
  Gomory: 7
  Cover: 5
  Implied bound: 186
  Clique: 13
  MIR: 37
  Flow cover: 109
  Zero half: 67
  RLT: 9
  Relax-and-lift: 238

Explored 1 nodes (381365 simplex iterations) in 360.01 seconds (749.79 work units)
Thread count was 4 (of 32 available processors)

Solution count 10: 1255.22 1257.4 1264.25 ... 1279.66

Time limit reached
Best objective 1.255215613937e+03, best bound 1.159151226480e+03, gap 7.6532%

User-callback calls 23436, time in user-callback 0.02 sec
Cap boundary reject: PORT-581 segment infeasible left=774.885 right=100660.584
Cap boundary reject: PORT-581 real=1000000000000000052504760255204420248704468581108159154915854115511802457988908195786371375080447864043704443832883878176942523235360430575644792184786706982848387200926575803737830233794788090059368953234970799945081119038967640880074652742780142494579258788820056842838115669472196386865459400540160.000 baseline=1265.657
Cap boundary debug: PORT-591 -> [352 351 350 349 326 332 331 329 330 328 327 325 324 323 321 339 338 337 336 335 334 333 347 369 370 371 372 373 374 375 376 377 379 378 380 414 382 384 383 419 420 421 423 422 424 418 301 302 303 304 305 299 300 298 306 297 296 295 294 293 292 291 290 289 310 309 311 308 307 322 341 281 280 279 278 277 276 346 345 344 343 342 340 320 319 318 317 316 315 314 313 312 288 287 286 285 552 551 550 553 554 562 561 560 559 558 555 284 283 282 556] -> PORT-591 -> [557 567 568 565 564 563 566 548 546 547 549 545 541 544 539 540 543 542 538 537 536 529 528 527 530 531 532 533 535 534 572 569 570 571 573 574 576 577 575 526 525 524 578] -> PORT-593 | load_left=43366 load_right=42365 cap=45000
Set parameter Username
Set parameter LicenseID to value 2738882
Academic license - for non-commercial use only - expires 2026-11-14
Set parameter TimeLimit to value 360
Set parameter Seed to value 1016156470
Set parameter Threads to value 4
Set parameter OutputFlag to value 1
Set parameter LogToConsole to value 1
Set parameter LazyConstraints to value 1
Gurobi Optimizer version 13.0.0 build v13.0.0rc1 (linux64 - "Debian GNU/Linux 13 (trixie)")

CPU model: AMD Ryzen 9 5950X 16-Core Processor, instruction set [SSE2|AVX|AVX2]
Thread count: 16 physical cores, 32 logical processors, using up to 4 threads

Non-default parameters:
TimeLimit  360
Seed  1016156470
Threads  4
LazyConstraints  1

Optimize a model with 100450 rows, 292032 columns and 584052 nonzeros (Min)
Model fingerprint: 0xee09bd74
Model has 96716 linear objective coefficients
Variable types: 194688 continuous, 97344 integer (97344 binary)
Coefficient statistics:
  Matrix range     [1e+00, 4e+04]
  Objective range  [4e-01, 1e+05]
  Bounds range     [1e+00, 4e+04]
  RHS range        [1e+00, 1e+04]
Presolve removed 3422 rows and 99368 columns
Presolve time: 0.65s
Presolved: 97028 rows, 192664 columns, 578360 nonzeros
Variable types: 95788 continuous, 96876 integer (96876 binary)
Root relaxation presolved: 97028 rows, 192664 columns, 578360 nonzeros

Deterministic concurrent LP optimizer: primal simplex, dual simplex, and barrier
Showing barrier log only...

Root barrier log...

Ordering time: 0.06s

Barrier statistics:
 AA' NZ     : 5.802e+05
 Factor NZ  : 1.248e+06 (roughly 130 MB of memory)
 Factor Ops : 6.291e+08 (less than 1 second per iteration)
 Threads    : 2

                  Objective                Residual
Iter       Primal          Dual         Primal    Dual     Compl     Time
   0   2.12444929e+10 -6.06040396e+13  2.75e+05 1.46e-11  2.10e+08     1s
   1   9.52423431e+09 -4.10425243e+13  1.23e+05 2.72e+04  1.21e+08     1s
   2   6.87733403e+09 -2.10025001e+12  8.92e+04 6.98e-10  2.65e+07     1s
   3   1.83243053e+09 -5.72736368e+11  2.38e+04 1.06e-09  6.88e+06     1s
   4   1.93607381e+08 -3.53470531e+11  2.48e+03 1.64e-09  1.32e+06     2s
   5   5.89946191e+07 -2.34497611e+11  7.36e+02 9.57e-10  6.56e+05     2s
   6   5.68984650e+06 -2.36578483e+10  4.32e+01 7.94e-10  5.61e+04     2s
   7   5.17216379e+06 -1.89273342e+10  3.50e+01 6.49e-10  4.46e+04     2s
   8   4.83906468e+06 -1.66765714e+10  3.02e+01 1.04e-09  3.89e+04     2s
   9   4.34380945e+06 -1.50561614e+10  2.39e+01 1.19e-09  3.44e+04     2s
  10   3.86394349e+06 -1.33011201e+10  1.80e+01 1.96e-09  2.98e+04     2s
  11   3.57688794e+06 -1.01268877e+10  1.48e+01 3.52e-09  2.25e+04     2s
  12   3.40491655e+06 -6.85744470e+09  1.29e+01 5.60e-09  1.51e+04     2s
  13   2.75368927e+06 -2.26324838e+09  5.92e+00 5.93e-09  4.91e+03     2s
  14   2.35642130e+06 -2.90074569e+08  1.21e+00 4.29e-09  6.15e+02     2s
  15   2.10557237e+06 -5.65621089e+07  1.54e-01 3.12e-09  1.22e+02     2s
  16   1.62711390e+06 -3.70684701e+07  7.23e-03 4.10e-09  8.04e+01     2s
  17   9.87269247e+05 -2.62547795e+07  3.08e-05 3.97e-09  5.66e+01     2s
  18   3.49638916e+05 -4.59764368e+06  8.40e-09 3.68e-09  1.03e+01     2s
  19   4.07878063e+04 -4.16786608e+05  5.83e-10 3.64e-09  9.51e-01     2s
  20   1.48658075e+04 -1.33524198e+05  5.54e-10 3.28e-09  3.08e-01     2s
  21   1.23718032e+04 -8.38959236e+04  4.44e-11 3.06e-09  2.00e-01     2s
  22   1.07432296e+04 -2.62777631e+04  5.83e-11 3.61e-09  7.69e-02     2s
  23   7.75339688e+03 -8.08922363e+03  7.98e-11 2.69e-09  3.29e-02     3s
  24   4.52720225e+03 -3.86389060e+03  2.94e-10 4.23e-09  1.74e-02     3s
  25   3.36166785e+03 -1.86526449e+03  2.98e-10 5.05e-09  1.09e-02     3s
  26   2.66824681e+03 -1.01542283e+03  1.86e-10 6.16e-09  7.66e-03     3s
  27   1.92349800e+03 -2.43985741e+02  7.30e-11 4.07e-09  4.51e-03     3s
  28   1.43365113e+03  2.99870744e+02  1.92e-09 3.95e-09  2.36e-03     3s
  29   1.13997361e+03  7.40222889e+02  9.04e-10 3.11e-09  8.31e-04     3s
  30   1.09788825e+03  8.64027553e+02  4.43e-10 3.09e-09  4.86e-04     3s
  31   1.08014665e+03  9.25682867e+02  2.01e-10 4.60e-09  3.21e-04     3s
  32   1.07406925e+03  1.01214474e+03  8.16e-10 2.33e-09  1.29e-04     3s
  33   1.06638543e+03  1.03445459e+03  3.50e-10 3.14e-09  6.64e-05     3s
  34   1.06125013e+03  1.04624061e+03  4.35e-10 2.97e-09  3.12e-05     3s
  35   1.05967188e+03  1.05487346e+03  1.11e-09 1.94e-09  9.97e-06     3s
  36   1.05929412e+03  1.05802396e+03  8.17e-10 2.26e-09  2.64e-06     3s
  37   1.05921219e+03  1.05869421e+03  1.15e-10 9.04e-10  1.08e-06     3s
  38   1.05919101e+03  1.05893359e+03  4.03e-11 3.30e-09  5.35e-07     4s
  39   1.05918615e+03  1.05907272e+03  5.76e-10 2.20e-09  2.36e-07     4s
  40   1.05918302e+03  1.05914514e+03  5.77e-10 2.22e-09  7.87e-08     4s
  41   1.05917732e+03  1.05917297e+03  2.29e-09 3.37e-09  9.05e-09     4s
  42   1.05917699e+03  1.05917526e+03  3.23e-08 3.26e-09  3.61e-09     4s
  43   1.05917694e+03  1.05917667e+03  4.91e-08 2.23e-09  5.67e-10     4s
  44   1.05917692e+03  1.05917689e+03  1.12e-08 3.51e-09  6.61e-11     4s
  45   1.05917692e+03  1.05917691e+03  1.58e-09 2.28e-09  4.10e-12     4s

Barrier solved model in 45 iterations and 4.01 seconds (6.03 work units)
Optimal objective 1.05917692e+03

Crossover time: 0.38 seconds (0.80 work units)
Concurrent spin time: 0.01s

Solved with barrier

Root relaxation: objective 1.059177e+03, 48535 iterations, 3.46 seconds (4.62 work units)

    Nodes    |    Current Node    |     Objective Bounds      |     Work
 Expl Unexpl |  Obj  Depth IntInf | Incumbent    BestBd   Gap | It/Node Time

     0     0 1059.17691    0  495          - 1059.17691      -     -    5s
     0     0 1059.17691    0  495          - 1059.17691      -     -   10s
     0     0 1059.17691    0  495          - 1059.17691      -     -   16s
     0     0 1059.17691    0  495          - 1059.17691      -     -   21s
H    0     0                    1827.8121714 1059.17691  42.1%     -   23s
H    0     0                    1743.1748238 1059.17691  39.2%     -   24s
     0     0 1059.17691    0  495 1743.17482 1059.17691  39.2%     -   27s
     0     0 1059.17691    0  495 1743.17482 1059.17691  39.2%     -   32s
     0     0 1059.17691    0  495 1743.17482 1059.17691  39.2%     -   38s
     0     0 1059.17691    0  495 1743.17482 1059.17691  39.2%     -   44s
     0     0 1059.17691    0  495 1743.17482 1059.17691  39.2%     -   50s
     0     0 1059.17691    0  495 1743.17482 1059.17691  39.2%     -   56s
     0     0 1059.17691    0  495 1743.17482 1059.17691  39.2%     -   62s
     0     0 1059.17691    0  486 1743.17482 1059.17691  39.2%     -   63s
     0     0 1061.57723    0  578 1743.17482 1061.57723  39.1%     -   72s
H    0     0                    1710.0785397 1061.63235  37.9%     -   75s
H    0     0                    1679.7969197 1061.63235  36.8%     -   76s
H    0     0                    1676.2395817 1061.63235  36.7%     -   78s
H    0     0                    1659.9442720 1061.63235  36.0%     -   81s
H    0     0                    1651.2272514 1061.63235  35.7%     -   90s
H    0     0                    1651.2272379 1061.63235  35.7%     -   94s
H    0     0                    1604.9595888 1061.63235  33.9%     -  104s
H    0     0                    1601.0984569 1061.63235  33.7%     -  108s
H    0     0                    1590.4552214 1061.63235  33.2%     -  111s
     0     0 1061.63235    0  578 1590.45522 1061.63235  33.2%     -  155s
H    0     0                    1587.0497273 1061.63235  33.1%     -  161s
     0     0 1061.63235    0  578 1587.04973 1061.63235  33.1%     -  202s
H    0     0                    1455.5928485 1061.63235  27.1%     -  230s
     0     0 1061.63235    0  578 1455.59285 1061.63235  27.1%     -  248s
H    0     0                    1449.2539904 1061.63235  26.7%     -  256s
H    0     0                    1449.2539840 1061.63235  26.7%     -  267s
     0     0 1061.63235    0  576 1449.25398 1061.63235  26.7%     -  293s
     0     0 1061.63235    0  577 1449.25398 1061.63235  26.7%     -  293s
     0     0 1065.76055    0  593 1449.25398 1065.76055  26.5%     -  305s
     0     0 1065.77220    0  598 1449.25398 1065.77220  26.5%     -  306s
     0     0 1065.77514    0  595 1449.25398 1065.77514  26.5%     -  307s
     0     0 1067.02115    0  611 1449.25398 1067.02115  26.4%     -  322s
     0     0 1067.02132    0  613 1449.25398 1067.02132  26.4%     -  322s
     0     0 1069.30712    0  635 1449.25398 1069.30712  26.2%     -  346s
     0     0 1069.45931    0  642 1449.25398 1069.45931  26.2%     -  348s
     0     0 1069.46012    0  639 1449.25398 1069.46012  26.2%     -  348s
     0     0          -    0      1449.25398 1069.46012  26.2%     -  360s

Cutting planes:
  Cover: 5
  Implied bound: 153
  MIR: 37
  StrongCG: 1
  Flow cover: 87
  Zero half: 61
  RLT: 4
  Relax-and-lift: 221
  BQP: 5
  Lazy constraints: 28

Explored 1 nodes (98854 simplex iterations) in 360.01 seconds (1018.23 work units)
Thread count was 4 (of 32 available processors)

Solution count 10: 1449.25 1455.59 1587.05 ... 1679.8

Time limit reached
Best objective 1.449253984022e+03, best bound 1.069460119001e+03, gap 26.2062%

User-callback calls 56025, time in user-callback 0.05 sec
Cap boundary reject: PORT-591 real=1431.850 baseline=1251.158
Cap boundary debug: PORT-591 -> [557 567 568 565 564 563 566 548 546 547 549 545 541 544 539 540 543 542 538 537 536 529 528 527 530 531 532 533 535 534 572 569 570 571 573 574 576 577 575 526 525 524 578] -> PORT-593 -> [579 580 521 522 523 520 519 518 517 516 515 427 428 429 430 431 432 433 434] -> PORT-593 | load_left=42365 load_right=44427 cap=45000
Set parameter Username
Set parameter LicenseID to value 2738882
Academic license - for non-commercial use only - expires 2026-11-14
Set parameter TimeLimit to value 360
Set parameter Seed to value 1228823022
Set parameter Threads to value 4
Set parameter OutputFlag to value 1
Set parameter LogToConsole to value 1
Set parameter LazyConstraints to value 1
Gurobi Optimizer version 13.0.0 build v13.0.0rc1 (linux64 - "Debian GNU/Linux 13 (trixie)")

CPU model: AMD Ryzen 9 5950X 16-Core Processor, instruction set [SSE2|AVX|AVX2]
Thread count: 16 physical cores, 32 logical processors, using up to 4 threads

Non-default parameters:
TimeLimit  360
Seed  1228823022
Threads  4
LazyConstraints  1

Optimize a model with 17650 rows, 49152 columns and 98292 nonzeros (Min)
Model fingerprint: 0x1556906e
Model has 16128 linear objective coefficients
Variable types: 32768 continuous, 16384 integer (16384 binary)
Coefficient statistics:
  Matrix range     [1e+00, 4e+04]
  Objective range  [5e-05, 1e+05]
  Bounds range     [1e+00, 4e+04]
  RHS range        [1e+00, 1e+04]
Presolve removed 1398 rows and 17212 columns
Presolve time: 0.16s
Presolved: 16252 rows, 31940 columns, 95624 nonzeros
Variable types: 15748 continuous, 16192 integer (16192 binary)

Root relaxation: objective 4.913067e+02, 40245 iterations, 3.38 seconds (10.32 work units)

    Nodes    |    Current Node    |     Objective Bounds      |     Work
 Expl Unexpl |  Obj  Depth IntInf | Incumbent    BestBd   Gap | It/Node Time

     0     0  491.30667    0  201          -  491.30667      -     -    3s
     0     0  491.30667    0  201          -  491.30667      -     -    7s
H    0     0                     813.7693824  491.30667  39.6%     -    8s
H    0     0                     726.1058229  491.30667  32.3%     -    8s
H    0     0                     709.2160542  491.30667  30.7%     -    8s
     0     0  491.30667    0  199  709.21605  491.30667  30.7%     -    8s
     0     0  497.95442    0  258  709.21605  497.95442  29.8%     -   10s
H    0     0                     708.7128439  498.48608  29.7%     -   10s
H    0     0                     707.4197474  498.48608  29.5%     -   10s
H    0     0                     680.5653550  498.48608  26.8%     -   10s
H    0     0                     629.9838095  498.48608  20.9%     -   10s
H    0     0                     620.8283199  498.48608  19.7%     -   11s
H    0     0                     619.4037058  498.48608  19.5%     -   11s
H    0     0                     619.2975797  498.48608  19.5%     -   11s
     0     0  500.88468    0  262  619.29758  500.88468  19.1%     -   11s
     0     0  508.56814    0  273  619.29758  508.56814  17.9%     -   12s
     0     0  508.56814    0  203  619.29758  508.56814  17.9%     -   15s
H    0     0                     619.2700068  508.56814  17.9%     -   15s
H    0     0                     617.5999511  508.56814  17.7%     -   15s
     0     0  508.56814    0  252  617.59995  508.56814  17.7%     -   17s
H    0     0                     615.5899128  508.56814  17.4%     -   18s
H    0     0                     614.5742369  508.56814  17.2%     -   18s
     0     0  508.56814    0  265  614.57424  508.56814  17.2%     -   18s
     0     0  509.11707    0  265  614.57424  509.11707  17.2%     -   18s
     0     0  509.13126    0  264  614.57424  509.13126  17.2%     -   18s
     0     0  509.13126    0  265  614.57424  509.13126  17.2%     -   18s
     0     0  515.65086    0  263  614.57424  515.65086  16.1%     -   19s
     0     0  515.72137    0  283  614.57424  515.72137  16.1%     -   19s
     0     0  515.72137    0  285  614.57424  515.72137  16.1%     -   19s
     0     0  515.72137    0  285  614.57424  515.72137  16.1%     -   19s
     0     0  521.99558    0  288  614.57424  521.99558  15.1%     -   21s
     0     0  522.11061    0  298  614.57424  522.11061  15.0%     -   21s
     0     0  522.28413    0  290  614.57424  522.28413  15.0%     -   21s
     0     0  522.30261    0  293  614.57424  522.30261  15.0%     -   21s
     0     0  522.30710    0  294  614.57424  522.30710  15.0%     -   21s
     0     0  524.86074    0  280  614.57424  524.86074  14.6%     -   22s
     0     0  524.91682    0  289  614.57424  524.91682  14.6%     -   23s
     0     0  524.92193    0  296  614.57424  524.92193  14.6%     -   23s
     0     0  525.52418    0  291  614.57424  525.52418  14.5%     -   23s
     0     0  525.53566    0  297  614.57424  525.53566  14.5%     -   23s
     0     0  525.53820    0  298  614.57424  525.53820  14.5%     -   23s
     0     0  525.97180    0  316  614.57424  525.97180  14.4%     -   24s
     0     0  525.98378    0  317  614.57424  525.98378  14.4%     -   24s
     0     0  525.99336    0  317  614.57424  525.99336  14.4%     -   24s
     0     0  527.18673    0  302  614.57424  527.18673  14.2%     -   25s
     0     0  527.19390    0  295  614.57424  527.19390  14.2%     -   25s
     0     0  527.19511    0  297  614.57424  527.19511  14.2%     -   25s
     0     0  527.75475    0  291  614.57424  527.75475  14.1%     -   25s
     0     0  527.84708    0  300  614.57424  527.84708  14.1%     -   25s
     0     0  527.86990    0  304  614.57424  527.86990  14.1%     -   25s
     0     0  527.87067    0  305  614.57424  527.87067  14.1%     -   25s
     0     0  528.90559    0  301  614.57424  528.90559  13.9%     -   26s
     0     0  529.58688    0  327  614.57424  529.58688  13.8%     -   26s
     0     0  529.59229    0  328  614.57424  529.59229  13.8%     -   26s
     0     0  530.53525    0  310  614.57424  530.53525  13.7%     -   27s
     0     0  530.55345    0  303  614.57424  530.55345  13.7%     -   27s
     0     0  530.55689    0  305  614.57424  530.55689  13.7%     -   27s
     0     0  530.72651    0  299  614.57424  530.72651  13.6%     -   27s
     0     0  530.80316    0  307  614.57424  530.80316  13.6%     -   28s
     0     0  530.80316    0  304  614.57424  530.80316  13.6%     -   28s
     0     0  530.80316    0  305  614.57424  530.80316  13.6%     -   28s
     0     0  530.80316    0  303  614.57424  530.80316  13.6%     -   28s
     0     0  530.81463    0  307  614.57424  530.81463  13.6%     -   28s
     0     0  530.81566    0  307  614.57424  530.81566  13.6%     -   28s
     0     0  530.81566    0  307  614.57424  530.81566  13.6%     -   28s
     0     0  530.81566    0  292  614.57424  530.81566  13.6%     -   29s
     0     0  530.81566    0  199  614.57424  530.81566  13.6%     -   32s
H    0     0                     614.5742340  530.81566  13.6%     -   33s
     0     0  530.81566    0  253  614.57423  530.81566  13.6%     -   34s
     0     0  530.81566    0  281  614.57423  530.81566  13.6%     -   34s
     0     0  530.81566    0  294  614.57423  530.81566  13.6%     -   35s
     0     0  530.81566    0  292  614.57423  530.81566  13.6%     -   35s
     0     0  530.81566    0  293  614.57423  530.81566  13.6%     -   35s
     0     0  530.81566    0  289  614.57423  530.81566  13.6%     -   35s
     0     0  530.81566    0  285  614.57423  530.81566  13.6%     -   35s
     0     0  530.81566    0  292  614.57423  530.81566  13.6%     -   35s
     0     0  530.81566    0  282  614.57423  530.81566  13.6%     -   35s
     0     0  530.81566    0  286  614.57423  530.81566  13.6%     -   35s
     0     0  530.81566    0  290  614.57423  530.81566  13.6%     -   35s
     0     0  530.81566    0  287  614.57423  530.81566  13.6%     -   35s
     0     0  530.81566    0  288  614.57423  530.81566  13.6%     -   35s
     0     0  530.81566    0  289  614.57423  530.81566  13.6%     -   35s
     0     0  531.30409    0  301  614.57423  531.30409  13.5%     -   36s
H    0     0                     614.5535074  531.30771  13.5%     -   36s
     0     0  531.33118    0  304  614.55351  531.33118  13.5%     -   37s
     0     0  531.33153    0  305  614.55351  531.33153  13.5%     -   37s
     0     0  531.98121    0  294  614.55351  531.98121  13.4%     -   38s
     0     0  532.02491    0  299  614.55351  532.02491  13.4%     -   38s
     0     0  532.15120    0  294  614.55351  532.15120  13.4%     -   38s
     0     0  532.17846    0  299  614.55351  532.17846  13.4%     -   38s
     0     0  532.18235    0  301  614.55351  532.18235  13.4%     -   38s
     0     0  532.39479    0  292  614.55351  532.39479  13.4%     -   39s
     0     0  532.53380    0  278  614.55351  532.53380  13.3%     -   39s
     0     0  532.54668    0  285  614.55351  532.54668  13.3%     -   39s
     0     0  532.56409    0  281  614.55351  532.56409  13.3%     -   39s
     0     0  532.56771    0  283  614.55351  532.56771  13.3%     -   39s
     0     0  533.30452    0  286  614.55351  533.30452  13.2%     -   40s
     0     0  533.40330    0  286  614.55351  533.40330  13.2%     -   40s
     0     0  533.41211    0  277  614.55351  533.41211  13.2%     -   40s
     0     0  533.72541    0  290  614.55351  533.72541  13.2%     -   40s
     0     0  533.72586    0  290  614.55351  533.72586  13.2%     -   40s
     0     0  534.59511    0  284  614.55351  534.59511  13.0%     -   40s
     0     0  534.83325    0  286  614.55351  534.83325  13.0%     -   41s
     0     0  534.83325    0  287  614.55351  534.83325  13.0%     -   41s
     0     0  535.78310    0  297  614.55351  535.78310  12.8%     -   41s
     0     0  535.81537    0  299  614.55351  535.81537  12.8%     -   42s
     0     0  535.81560    0  300  614.55351  535.81560  12.8%     -   42s
     0     0  536.06389    0  304  614.55351  536.06389  12.8%     -   42s
     0     0  536.14221    0  314  614.55351  536.14221  12.8%     -   42s
     0     0  536.14334    0  314  614.55351  536.14334  12.8%     -   42s
     0     0  536.36585    0  314  614.55351  536.36585  12.7%     -   42s
     0     0  536.39203    0  307  614.55351  536.39203  12.7%     -   42s
     0     0  536.39502    0  308  614.55351  536.39502  12.7%     -   42s
     0     0  536.44751    0  309  614.55351  536.44751  12.7%     -   43s
     0     0  536.45168    0  311  614.55351  536.45168  12.7%     -   43s
     0     0  536.50213    0  314  614.55351  536.50213  12.7%     -   43s
     0     0  536.52080    0  314  614.55351  536.52080  12.7%     -   43s
     0     0  536.52080    0  314  614.55351  536.52080  12.7%     -   43s
     0     2  536.52080    0  313  614.55351  536.52080  12.7%     -   45s
H   88    92                     611.9381232  537.45523  12.2%   490   49s
   142   158  556.41517   39  129  611.93812  537.45523  12.2%   381   50s
H  450   445                     611.8972433  537.45523  12.2%   244   52s
H  523   515                     611.8265264  537.47620  12.2%   236   53s
   633   615  548.04805   16  117  611.82653  537.62050  12.1%   244   55s
   978   934  586.87603  140  109  611.82653  537.62050  12.1%   266   60s
H  993   932                     607.5796933  537.62050  11.5%   264   61s
H 1058   990                     607.4992806  537.62050  11.5%   260   62s
  1162  1063  569.50199   77  273  607.49928  537.62050  11.5%   252   68s
  1164  1064  601.39330  102  199  607.49928  537.62050  11.5%   252   71s
  1178  1074  552.92131   31  317  607.49928  537.62050  11.5%   249   75s
  1203  1090  551.87316   23  324  607.49928  539.42856  11.2%   244   80s
  1229  1108  575.41726   85  348  607.49928  540.68701  11.0%   239   85s
  1256  1126  571.20747  105  352  607.49928  543.00918  10.6%   233   90s
  1291  1149  576.82035   52  349  607.49928  546.25748  10.1%   227   95s
  1327  1173  570.89914   87  364  607.49928  546.64575  10.0%   221  100s
  1352  1190  551.36961   29  372  607.49928  546.80436  10.0%   217  105s
  1381  1209  585.41225   64  385  607.49928  548.10324  9.78%   212  110s
  1408  1227  598.59754  170  399  607.49928  548.24140  9.75%   208  115s
  1434  1244  580.91427   98  389  607.49928  548.45900  9.72%   204  120s
  1463  1264  603.33189   90  379  607.49928  548.68630  9.68%   200  125s
  1495  1285  556.99716   32  362  607.49928  548.81789  9.66%   196  130s
  1529  1308  575.41726   85  371  607.49928  548.92432  9.64%   192  135s
  1546  1319  574.52227  150  399  607.49928  548.95334  9.64%   190  140s
  1572  1336  561.60861   46  397  607.49928  548.99621  9.63%   186  145s
H 1574  1264                     607.4992799  548.99810  9.63%   186  146s
  1597  1279  555.78226   37  405  607.49928  549.04102  9.62%   184  150s
  1640  1308  549.26722   12  400  607.49928  549.26722  9.59%   179  155s
  1680  1335  573.46324  147  199  607.49928  549.34494  9.57%   260  160s
  1698  1347  603.06486  113  415  607.49928  549.34494  9.57%   258  165s
  1714  1358  566.80987   51  408  607.49928  549.40797  9.56%   255  170s
  1722  1363  579.17130   95  395  607.49928  549.42959  9.56%   254  176s
  1726  1371  549.43256   28  386  607.49928  549.42959  9.56%   289  180s
  1738  1381  552.08673   31  341  607.49928  549.43245  9.56%   303  187s
H 1744  1315                     607.4992650  549.43245  9.56%   321  193s
  1749  1322  552.13855   32  315  607.49926  549.43245  9.56%   338  195s
  1781  1342  556.48718   38  245  607.49926  549.43245  9.56%   352  200s
  1818  1366  557.68824   45  185  607.49926  549.43245  9.56%   369  205s
  1843  1378  578.90599   48  178  607.49926  549.43245  9.56%   383  210s
  1871  1410  565.57972   53  189  607.49926  549.43245  9.56%   387  215s
  1950  1458  562.73303   63  195  607.49926  549.43245  9.56%   385  221s
  2021  1492  582.84281   70  163  607.49926  549.43245  9.56%   385  225s
  2194  1494  566.19930   81  175  607.49926  549.68756  9.52%   386  231s
  2312  1559  570.82539   93  167  607.49926  549.69330  9.52%   395  236s
  2565  1703  595.11270  124  156  607.49926  549.69330  9.52%   386  240s
  2859  1780  554.32823   39  221  607.49926  549.75984  9.50%   391  246s
  3002  1798  571.72333   84  157  607.49926  549.75984  9.50%   391  251s
  3266  1978  550.87348   32  278  607.49926  549.95225  9.47%   384  256s
  3464  2075  554.34570   37  250  607.49926  549.95225  9.47%   382  260s
  3893  2234  593.57497  102  165  607.49926  550.15987  9.44%   372  265s
  4157  2422  585.09900   74  181  607.49926  550.20786  9.43%   363  270s
  4663  2657  579.31052   59  192  607.49926  550.33911  9.41%   355  276s
  5050  2852  572.36665   78  200  607.49926  550.47467  9.39%   349  280s
  5566  3083  564.80427   53  210  607.49926  550.48427  9.39%   337  285s
  6143  3437  600.86801  184  155  607.49926  550.56711  9.37%   328  290s
  6448  3707  589.12880   79  169  607.49926  550.61381  9.36%   336  295s
  6814  3940  587.78394   85  169  607.49926  550.63079  9.36%   344  301s
  7311  4397  601.30309  123  151  607.49926  550.88486  9.32%   349  307s
  7707  4497  553.57578   33  249  607.49926  550.88486  9.32%   344  310s
  8052  4992  577.90449   64  183  607.49926  551.00797  9.30%   347  319s
  8494  5146  592.95166   55  172  607.49926  551.09676  9.28%   344  323s
  8751  5474  558.93837   35  229  607.49926  551.40421  9.23%   343  327s
  9118  5820  580.69373   58  205  607.49926  551.46079  9.22%   342  332s
  9655  6168  583.07564   42  200  607.49926  551.65526  9.19%   336  336s
 10116  6658  558.53629   43  170  607.49926  551.71848  9.18%   333  340s
 10744  7054  589.98463   95  183  607.49926  551.73929  9.18%   326  345s
 11343  7639     cutoff   49       607.49926  551.88372  9.15%   324  351s
 12088  8190  580.63767   50  192  607.49926  552.06965  9.12%   318  356s
 12765  8531  556.06908   34  305  607.49926  552.14196  9.11%   315  360s

Cutting planes:
  Gomory: 6
  Cover: 12
  Implied bound: 196
  Projected implied bound: 17
  Clique: 1
  MIR: 208
  Mixing: 2
  Flow cover: 215
  GUB cover: 2
  Inf proof: 3
  Zero half: 30
  Network: 1
  RLT: 5
  Relax-and-lift: 42
  BQP: 3

Explored 13154 nodes (4268453 simplex iterations) in 360.00 seconds (1044.48 work units)
Thread count was 4 (of 32 available processors)

Solution count 10: 607.499 607.58 611.827 ... 619.27

Time limit reached
Best objective 6.074992649857e+02, best bound 5.521419571643e+02, gap 9.1123%

User-callback calls 97683, time in user-callback 0.01 sec
Cap boundary reject: PORT-593 segment infeasible left=100249.323 right=494.938
Cap boundary reject: PORT-593 real=1000000000000000052504760255204420248704468581108159154915854115511802457988908195786371375080447864043704443832883878176942523235360430575644792184786706982848387200926575803737830233794788090059368953234970799945081119038967640880074652742780142494579258788820056842838115669472196386865459400540160.000 baseline=619.473
Cap boundary debug: PORT-593 -> [579 580 521 522 523 520 519 518 517 516 515 427 428 429 430 431 432 433 434] -> PORT-593 -> [512 513 514 511 510 509 508 507 506 444 443 442 441 440 439 437 436 435 438 445 446 447 448 449 452 453 455 454 451 450 505] -> PORT-584 | load_left=44427 load_right=40321 cap=45000
Set parameter Username
Set parameter LicenseID to value 2738882
Academic license - for non-commercial use only - expires 2026-11-14
Set parameter TimeLimit to value 360
Set parameter Seed to value 1650417076
Set parameter Threads to value 4
Set parameter OutputFlag to value 1
Set parameter LogToConsole to value 1
Set parameter LazyConstraints to value 1
Gurobi Optimizer version 13.0.0 build v13.0.0rc1 (linux64 - "Debian GNU/Linux 13 (trixie)")

CPU model: AMD Ryzen 9 5950X 16-Core Processor, instruction set [SSE2|AVX|AVX2]
Thread count: 16 physical cores, 32 logical processors, using up to 4 threads

Non-default parameters:
TimeLimit  360
Seed  1650417076
Threads  4
LazyConstraints  1

Optimize a model with 11842 rows, 32448 columns and 64884 nonzeros (Min)
Model fingerprint: 0x7bf17ea3
Model has 10608 linear objective coefficients
Variable types: 21632 continuous, 10816 integer (10816 binary)
Coefficient statistics:
  Matrix range     [1e+00, 4e+04]
  Objective range  [5e-05, 1e+05]
  Bounds range     [1e+00, 4e+04]
  RHS range        [1e+00, 1e+04]
Presolve removed 1134 rows and 11488 columns
Presolve time: 0.10s
Presolved: 10708 rows, 20960 columns, 62764 nonzeros
Variable types: 10300 continuous, 10660 integer (10660 binary)

Root relaxation: objective 3.581956e+02, 21274 iterations, 1.69 seconds (4.65 work units)

    Nodes    |    Current Node    |     Objective Bounds      |     Work
 Expl Unexpl |  Obj  Depth IntInf | Incumbent    BestBd   Gap | It/Node Time

     0     0  358.19564    0  195          -  358.19564      -     -    1s
H    0     0                    100613.03752  358.19564   100%     -    2s
H    0     0                     574.8473257  358.19564  37.7%     -    2s
H    0     0                     556.0843654  358.19564  35.6%     -    2s
H    0     0                     552.2242525  358.19564  35.1%     -    2s
H    0     0                     544.7420294  358.19564  34.2%     -    2s
H    0     0                     538.0127479  358.19564  33.4%     -    2s
H    0     0                     533.0588873  358.19564  32.8%     -    2s
H    0     0                     524.1460754  358.19564  31.7%     -    2s
H    0     0                     520.0432139  358.19564  31.1%     -    2s
H    0     0                     502.4824896  358.19564  28.7%     -    3s
H    0     0                     487.6324656  358.19564  26.5%     -    3s
     0     0  358.19564    0  195  487.63247  358.19564  26.5%     -    3s
     0     0  361.00997    0  232  487.63247  361.00997  26.0%     -    4s
H    0     0                     486.0502422  361.00997  25.7%     -    4s
H    0     0                     476.2834834  361.00997  24.2%     -    4s
H    0     0                     475.4765204  361.00997  24.1%     -    4s
H    0     0                     471.0069491  361.00997  23.4%     -    4s
     0     0  361.00997    0  232  471.00695  361.00997  23.4%     -    5s
H    0     0                     470.2163569  361.00997  23.2%     -    5s
     0     0  361.66558    0  232  470.21636  361.66558  23.1%     -    6s
     0     0  361.66558    0  232  470.21636  361.66558  23.1%     -    6s
     0     0  380.13298    0  232  470.21636  380.13298  19.2%     -    7s
     0     0  380.23668    0  241  470.21636  380.23668  19.1%     -    7s
     0     0  381.78442    0  236  470.21636  381.78442  18.8%     -    8s
     0     0  381.90758    0  238  470.21636  381.90758  18.8%     -    8s
     0     0  381.90950    0  236  470.21636  381.90950  18.8%     -    8s
     0     0  383.72328    0  241  470.21636  383.72328  18.4%     -    9s
     0     0  383.80676    0  249  470.21636  383.80676  18.4%     -    9s
     0     0  383.86956    0  251  470.21636  383.86956  18.4%     -    9s
     0     0  383.86956    0  251  470.21636  383.86956  18.4%     -    9s
     0     0  385.58317    0  241  470.21636  385.58317  18.0%     -   10s
     0     0  385.60374    0  250  470.21636  385.60374  18.0%     -   10s
     0     0  385.60481    0  249  470.21636  385.60481  18.0%     -   10s
     0     0  385.98639    0  239  470.21636  385.98639  17.9%     -   11s
     0     0  386.07957    0  241  470.21636  386.07957  17.9%     -   11s
     0     0  386.07957    0  243  470.21636  386.07957  17.9%     -   11s
     0     0  388.91777    0  231  470.21636  388.91777  17.3%     -   11s
     0     0  389.00616    0  230  470.21636  389.00616  17.3%     -   11s
     0     0  389.07547    0  228  470.21636  389.07547  17.3%     -   12s
     0     0  389.15010    0  234  470.21636  389.15010  17.2%     -   12s
     0     0  389.68497    0  235  470.21636  389.68497  17.1%     -   12s
     0     0  389.73873    0  238  470.21636  389.73873  17.1%     -   12s
     0     0  389.74047    0  235  470.21636  389.74047  17.1%     -   12s
     0     0  389.88006    0  241  470.21636  389.88006  17.1%     -   13s
     0     0  389.88274    0  242  470.21636  389.88274  17.1%     -   13s
     0     0  389.90587    0  240  470.21636  389.90587  17.1%     -   13s
     0     0  389.90765    0  242  470.21636  389.90765  17.1%     -   13s
     0     0  389.92828    0  245  470.21636  389.92828  17.1%     -   14s
     0     0  389.92828    0  245  470.21636  389.92828  17.1%     -   14s
     0     0  389.92828    0  234  470.21636  389.92828  17.1%     -   14s
     0     0  394.64187    0  201  470.21636  394.64187  16.1%     -   15s
H    0     0                     469.3635897  394.64187  15.9%     -   15s
H    0     0                     464.3052470  394.64187  15.0%     -   16s
H    0     0                     463.8397112  394.64187  14.9%     -   16s
     0     0  394.64187    0  217  463.83971  394.64187  14.9%     -   16s
H    0     0                     460.7784213  394.64187  14.4%     -   17s
H    0     0                     459.9326839  394.64187  14.2%     -   17s
     0     0  394.64187    0  228  459.93268  394.64187  14.2%     -   18s
     0     0  394.64187    0  240  459.93268  394.64187  14.2%     -   18s
     0     0  394.64187    0  243  459.93268  394.64187  14.2%     -   18s
     0     0  394.64187    0  236  459.93268  394.64187  14.2%     -   18s
     0     0  394.64187    0  237  459.93268  394.64187  14.2%     -   18s
     0     0  394.64187    0  238  459.93268  394.64187  14.2%     -   18s
     0     0  394.64187    0  239  459.93268  394.64187  14.2%     -   19s
     0     0  394.64187    0  237  459.93268  394.64187  14.2%     -   19s
     0     0  394.64187    0  248  459.93268  394.64187  14.2%     -   19s
     0     0  394.64187    0  249  459.93268  394.64187  14.2%     -   19s
     0     0  394.64187    0  248  459.93268  394.64187  14.2%     -   20s
     0     0  394.64187    0  250  459.93268  394.64187  14.2%     -   20s
     0     0  394.64187    0  251  459.93268  394.64187  14.2%     -   20s
     0     0  394.64187    0  251  459.93268  394.64187  14.2%     -   20s
     0     0  394.64187    0  251  459.93268  394.64187  14.2%     -   20s
     0     0  394.64187    0  245  459.93268  394.64187  14.2%     -   20s
     0     2  394.71916    0  245  459.93268  394.71916  14.2%     -   21s
   192   196  421.36059   39  202  459.93268  394.71916  14.2%   250   25s
H  410   383                     459.1098281  394.71916  14.0%   231   27s
   703   644  423.40490   54  179  459.10983  394.71916  14.0%   191   30s
H  809   726                     458.0546420  394.71916  13.8%   196   31s
  1069   970  430.03046   34  186  458.05464  394.71916  13.8%   200   35s
H 1077   974                     457.9741691  394.71916  13.8%   199   35s
  1080   976  436.46666   62  201  457.97417  394.71916  13.8%   198   41s
  1093   985  412.87889   26  243  457.97417  394.71916  13.8%   196   45s
  1104   992  451.09508   47  245  457.97417  397.46953  13.2%   194   50s
H 1104   941                     457.9216970  397.46953  13.2%   194   51s
  1139   972  411.02225   19  222  457.92170  400.36817  12.6%   270   55s
  1194   997  413.07101   25  159  457.92170  400.36817  12.6%   317   60s
  1328  1020  452.10505   47  148  457.92170  400.36817  12.6%   344   65s
  1426  1012  420.89280   19  192  457.92170  400.36817  12.6%   358   70s
  1679  1075  413.35126   22  211  457.92170  400.36817  12.6%   377   75s
  2017  1154  417.00809   20  171  457.92170  400.72899  12.5%   381   80s
  2441  1305  434.53339   23  173  457.92170  401.90619  12.2%   366   85s
  2878  1372  451.44456   24  149  457.92170  404.30444  11.7%   363   90s
  3301  1505  441.85803   43  154  457.92170  406.64874  11.2%   365   95s
  3790  1682  430.98345   31  167  457.92170  411.12699  10.2%   354  100s
  4359  1825  444.54485   39  148  457.92170  412.99658  9.81%   343  105s
H 4414  1825                     457.9216955  413.12969  9.78%   342  105s
H 4784  2042                     457.9216948  413.42594  9.72%   337  109s
  4823  2171  446.83463   24  200  457.92169  413.49285  9.70%   337  111s
  5302  2408  434.85703   26  182  457.92169  413.70632  9.66%   333  115s
  5859  2735  421.24244   30  222  457.92169  414.17123  9.55%   333  122s
H 6055  2790                     457.9216891  414.17123  9.55%   332  125s
  6427  3136  448.35363   46  146  457.92169  414.76674  9.42%   334  130s
  7136  3463  440.41937   35  162  457.92169  415.63875  9.23%   329  135s
  7590  3824     cutoff   43       457.92169  416.04862  9.14%   327  141s
  8344  4117  454.29073   22  200  457.92169  417.10676  8.91%   319  147s
  8657  4276  439.64006   26  185  457.92169  417.59006  8.81%   323  150s
  9485  4836  433.84366   23  200  457.92169  418.39713  8.63%   324  157s
 10007  5013     cutoff   37       457.92169  418.89775  8.52%   322  161s
 10323  5235  446.35174   51  116  457.92169  419.09661  8.48%   320  165s
 10812  5413     cutoff   32       457.92169  419.96219  8.29%   321  170s
 11936  6008  451.89223   32  184  457.92169  420.51732  8.17%   316  178s
 12554  6346  438.71047   35  197  457.92169  421.30704  8.00%   315  182s
 13211  6681  447.47712   47  101  457.92169  421.85497  7.88%   313  186s
 13768  6940  447.14619   41  119  457.92169  422.43069  7.75%   314  190s
 14867  7558  447.54094   47  147  457.92169  423.05676  7.61%   313  198s
 15630  7790  442.09732   28  169  457.92169  423.59949  7.50%   309  202s
 16064  8161  439.24932   34  169  457.92169  423.88087  7.43%   307  206s
 16782  8440  439.70924   28  212  457.92169  424.24842  7.35%   303  210s
 17817  8990  445.59375   30  168  457.92169  424.85231  7.22%   306  217s
 18413  9380  455.89469   47  154  457.92169  425.37370  7.11%   306  220s
 19132  9542  447.08532   40  102  457.92169  425.66553  7.04%   302  225s
 20111 10068  449.16624   32  171  457.92169  426.35935  6.89%   301  232s
 20658 10408  447.87221   43  158  457.92169  426.70382  6.82%   300  236s
 21916 10978  444.80326   49  162  457.92169  427.78041  6.58%   298  243s
 22505 11254  452.37471   41  119  457.92169  428.07488  6.52%   297  246s
 23079 11565  438.26963   26  163  457.92169  428.51091  6.42%   296  250s
 24356 12036  448.42770   37  152  457.92169  429.33525  6.24%   293  256s
 25309 12437     cutoff   38       457.92169  429.92208  6.11%   293  262s
 25761 12609     cutoff   28       457.92169  430.22354  6.05%   294  266s
 26746 12958     cutoff   32       457.92169  431.03605  5.87%   294  272s
 27237 13141     cutoff   29       457.92169  431.43578  5.78%   294  275s
 28258 13415  447.78339   29  186  457.92169  432.19087  5.62%   295  281s
 29159 13620     cutoff   36       457.92169  432.73756  5.50%   297  287s
 29521 13810  441.14721   30  173  457.92169  432.89216  5.47%   298  291s
 30441 14154  449.37996   53  159  457.92169  433.32408  5.37%   299  298s
 30867 14404     cutoff   35       457.92169  433.63555  5.30%   299  301s
 31431 14561  439.85785   28  195  457.92169  433.81005  5.27%   298  305s
 32407 14927  448.46139   30  184  457.92169  434.18509  5.18%   298  311s
 33514 15502  447.61252   40  176  457.92169  434.48923  5.12%   298  317s
 34213 15770  449.51735   47  144  457.92169  434.79827  5.05%   296  320s
 35475 16322  457.76467   33  109  457.92169  435.20860  4.96%   294  326s
 36677 16870  457.58906   45  118  457.92169  435.58833  4.88%   293  332s
 37269 17073  451.87170   36  204  457.92169  435.78547  4.83%   292  335s
 38423 17472  445.78388   29  212  457.92169  436.05257  4.78%   291  341s
 39478 17899  457.92104   31  178  457.92169  436.38427  4.70%   291  346s
 40085 18081  454.40754   35  149  457.92169  436.51645  4.67%   290  350s
 41095 18492     cutoff   48       457.92169  436.89044  4.59%   290  356s

Cutting planes:
  Gomory: 12
  Lift-and-project: 2
  Cover: 14
  Implied bound: 103
  Projected implied bound: 8
  MIR: 89
  Mixing: 2
  Flow cover: 90
  Inf proof: 32
  Zero half: 38
  Mod-K: 1
  RLT: 2
  Relax-and-lift: 45
  BQP: 2

Explored 42520 nodes (12329253 simplex iterations) in 360.00 seconds (1513.38 work units)
Thread count was 4 (of 32 available processors)

Solution count 10: 457.922 457.974 458.055 ... 470.216

Time limit reached
Best objective 4.579216891122e+02, best bound 4.373014312159e+02, gap 4.5030%

User-callback calls 122951, time in user-callback 0.00 sec
Cap boundary reject: PORT-593 real=525.235 baseline=475.228
Cap boundary debug: PORT-593 -> [512 513 514 511 510 509 508 507 506 444 443 442 441 440 439 437 436 435 438 445 446 447 448 449 452 453 455 454 451 450 505] -> PORT-584 -> [500 502 488 487 489 490 491 492 493 482 483 463 464 465 466 474 473 475 479 480 481 478 477 476 114 494 113 112 495 496 497 498 499] -> PORT-584 | load_left=40321 load_right=37048 cap=45000
Set parameter Username
Set parameter LicenseID to value 2738882
Academic license - for non-commercial use only - expires 2026-11-14
Set parameter TimeLimit to value 360
Set parameter Seed to value 549390678
Set parameter Threads to value 4
Set parameter OutputFlag to value 1
Set parameter LogToConsole to value 1
Set parameter LazyConstraints to value 1
Gurobi Optimizer version 13.0.0 build v13.0.0rc1 (linux64 - "Debian GNU/Linux 13 (trixie)")

CPU model: AMD Ryzen 9 5950X 16-Core Processor, instruction set [SSE2|AVX|AVX2]
Thread count: 16 physical cores, 32 logical processors, using up to 4 threads

Non-default parameters:
TimeLimit  360
Seed  549390678
Threads  4
LazyConstraints  1

Optimize a model with 18730 rows, 52272 columns and 104532 nonzeros (Min)
Model fingerprint: 0x456e6924
Model has 17156 linear objective coefficients
Variable types: 34848 continuous, 17424 integer (17424 binary)
Coefficient statistics:
  Matrix range     [1e+00, 4e+04]
  Objective range  [6e-01, 1e+02]
  Bounds range     [1e+00, 4e+04]
  RHS range        [1e+00, 1e+04]
Presolve removed 1442 rows and 18278 columns
Presolve time: 0.16s
Presolved: 17288 rows, 33994 columns, 101776 nonzeros
Variable types: 16768 continuous, 17226 integer (17226 binary)
Found heuristic solution: objective 5499.7482356
Root relaxation presolved: 17288 rows, 33994 columns, 101776 nonzeros

Deterministic concurrent LP optimizer: primal and dual simplex
Showing primal log only...

Concurrent spin time: 0.00s

Solved with primal simplex

Root relaxation: objective 4.521541e+02, 21818 iterations, 0.62 seconds (1.21 work units)

    Nodes    |    Current Node    |     Objective Bounds      |     Work
 Expl Unexpl |  Obj  Depth IntInf | Incumbent    BestBd   Gap | It/Node Time

     0     0  452.15411    0  237 5499.74824  452.15411  91.8%     -    1s
H    0     0                     826.2904634  452.15411  45.3%     -    3s
H    0     0                     819.4529802  452.15411  44.8%     -    4s
     0     0  452.15411    0  237  819.45298  452.15411  44.8%     -    5s
H    0     0                     815.7784617  452.15411  44.6%     -    5s
H    0     0                     805.5354806  452.15411  43.9%     -    6s
H    0     0                     791.5746851  452.15411  42.9%     -    8s
H    0     0                     760.3068168  452.15411  40.5%     -    8s
H    0     0                     748.7194490  452.15411  39.6%     -    8s
H    0     0                     747.7704681  452.15411  39.5%     -    8s
H    0     0                     736.1831004  452.15411  38.6%     -    8s
     0     0  452.15411    0  237  736.18310  452.15411  38.6%     -    9s
     0     0  455.90966    0  253  736.18310  455.90966  38.1%     -   10s
H    0     0                     724.7538013  455.90966  37.1%     -   10s
H    0     0                     720.8641308  455.90966  36.8%     -   11s
H    0     0                     718.8105759  455.90966  36.6%     -   11s
H    0     0                     699.2060186  455.90966  34.8%     -   12s
H    0     0                     697.7177633  455.90966  34.7%     -   12s
H    0     0                     650.4997801  455.90966  29.9%     -   12s
H    0     0                     645.9608387  455.90966  29.4%     -   12s
H    0     0                     632.5025117  455.90966  27.9%     -   12s
H    0     0                     623.4350096  455.90966  26.9%     -   14s
H    0     0                     595.7916281  455.90966  23.5%     -   14s
     0     0  455.90966    0  253  595.79163  455.90966  23.5%     -   16s
H    0     0                     591.1415916  455.90966  22.9%     -   16s
H    0     0                     590.3882072  455.90966  22.8%     -   17s
H    0     0                     588.7316826  455.90966  22.6%     -   17s
H    0     0                     588.0705487  455.90966  22.5%     -   17s
H    0     0                     588.0269633  455.90966  22.5%     -   17s
H    0     0                     577.2412617  455.90966  21.0%     -   17s
H    0     0                     576.2673678  455.90966  20.9%     -   18s
H    0     0                     576.1751164  455.90966  20.9%     -   18s
     0     0  457.95368    0  249  576.17512  457.95368  20.5%     -   18s
     0     0  457.95368    0  248  576.17512  457.95368  20.5%     -   19s
     0     0  458.48847    0  268  576.17512  458.48847  20.4%     -   20s
     0     0  458.48916    0  281  576.17512  458.48916  20.4%     -   20s
     0     0  463.08037    0  266  576.17512  463.08037  19.6%     -   23s
     0     0  463.14760    0  278  576.17512  463.14760  19.6%     -   23s
     0     0  463.14760    0  278  576.17512  463.14760  19.6%     -   23s
     0     0  464.17945    0  266  576.17512  464.17945  19.4%     -   24s
     0     0  465.48551    0  276  576.17512  465.48551  19.2%     -   25s
     0     0  465.54589    0  279  576.17512  465.54589  19.2%     -   25s
     0     0  465.55839    0  281  576.17512  465.55839  19.2%     -   25s
     0     0  465.55839    0  281  576.17512  465.55839  19.2%     -   25s
     0     0  465.76919    0  276  576.17512  465.76919  19.2%     -   27s
     0     0  465.87506    0  261  576.17512  465.87506  19.1%     -   27s
     0     0  465.87554    0  263  576.17512  465.87554  19.1%     -   27s
     0     0  467.08326    0  269  576.17512  467.08326  18.9%     -   28s
     0     0  467.19179    0  278  576.17512  467.19179  18.9%     -   29s
     0     0  467.63901    0  284  576.17512  467.63901  18.8%     -   30s
     0     0  467.70762    0  282  576.17512  467.70762  18.8%     -   30s
     0     0  467.70853    0  299  576.17512  467.70853  18.8%     -   30s
     0     0  468.01109    0  290  576.17512  468.01109  18.8%     -   32s
     0     0  468.04727    0  293  576.17512  468.04727  18.8%     -   32s
     0     0  468.04727    0  292  576.17512  468.04727  18.8%     -   32s
     0     0  468.07774    0  265  576.17512  468.07774  18.8%     -   34s
     0     0  468.07774    0  265  576.17512  468.07774  18.8%     -   34s
     0     0  468.07774    0  265  576.17512  468.07774  18.8%     -   34s
     0     0  468.07774    0  237  576.17512  468.07774  18.8%     -   34s
     0     2  473.51680    0  235  576.17512  473.51680  17.8%     -   36s
    11    20  473.51680    4  260  576.17512  473.51680  17.8%  2880   40s
    42    50  473.51680    8  227  576.17512  473.51680  17.8%  1942   47s
H   52    59                     552.4361762  473.51680  14.3%  1725   48s
    70    82  473.51680   17  209  552.43618  473.51680  14.3%  1541   50s
   154   173  478.33515   31  218  552.43618  473.51680  14.3%  1091   55s
   309   345  491.92007   51  201  552.43618  473.51680  14.3%   768   60s
H  395   424                     539.1003478  473.51680  12.2%   649   61s
   750   849  501.63671   74  173  539.10035  473.51680  12.2%   424   65s
  1322  1325  503.97944   84  145  539.10035  473.51680  12.2%   285   70s
  1393  1400  508.16524  114  130  539.10035  473.51680  12.2%   319   75s
H 1435  1418                     530.0590859  473.51680  10.7%   340   79s
  1440  1477  509.25094  120  115  530.05909  473.51680  10.7%   349   80s
  1596  1611  512.85566  148  140  530.05909  473.51680  10.7%   345   86s
  1682  1649  499.15876  289  237  530.05909  473.51680  10.7%   354   96s
H 1683  1567                     529.0120227  473.51680  10.5%   354   97s
  1685  1568  508.02985  358  258  529.01202  473.51680  10.5%   353  103s
  1688  1570  507.68111  352  286  529.01202  473.51680  10.5%   353  105s
  1694  1574  473.51680   14  255  529.01202  473.51680  10.5%   351  110s
  1699  1577  529.01202  392  279  529.01202  474.33019  10.3%   350  116s
H 1702  1500                     529.0120157  475.07667  10.2%   350  120s
  1708  1504  490.36596   47  264  529.01202  476.20541  10.0%   348  125s
  1712  1507  514.53145  187  274  529.01202  476.55955  9.92%   348  131s
  1716  1510  499.14057   38  294  529.01202  477.08626  9.82%   347  135s
  1720  1512  483.96525   46  298  529.01202  477.66382  9.71%   346  140s
  1724  1515  494.88184  115  250  529.01202  478.75749  9.50%   345  148s
  1726  1516  485.75099   21  306  529.01202  478.75749  9.50%   345  150s
  1731  1520  485.07996   15  285  529.01202  479.87780  9.29%   344  156s
  1734  1522  507.02704  277  280  529.01202  480.40935  9.19%   343  160s
  1738  1524  525.59312  327  274  529.01202  480.46650  9.18%   342  165s
  1740  1526  486.15706   13  273  529.01202  480.79195  9.12%   342  173s
  1743  1529  510.44328  302  241  529.01202  480.79195  9.12%   450  176s
  1744  1530  497.68405  236  254  529.01202  480.79195  9.12%   450  181s
  1752  1535  491.61271   33  270  529.01202  480.79195  9.12%   448  186s
  1757  1539  527.68320  376  281  529.01202  480.79623  9.11%   446  191s
  1760  1541  481.31571   22  276  529.01202  480.79623  9.11%   446  196s
  1761  1541  504.37102  167  276  529.01202  481.29545  9.02%   445  200s
  1764  1548  484.27850   28  257  529.01202  481.29545  9.02%   503  205s
  1795  1571  494.42503   33  212  529.01202  484.27850  8.46%   608  210s
  1859  1621  501.05144   41   89  529.01202  484.27850  8.46%   692  215s
  1933  1661  504.77881   50   68  529.01202  484.27850  8.46%   695  220s
  2065  1685  510.28016   79   61  529.01202  484.63784  8.39%   680  225s
  2172  1735  500.30129   37  195  529.01202  484.88633  8.34%   683  230s
  2300  1753  502.94338   49  230  529.01202  485.05426  8.31%   684  236s
  2409  1799  510.81490   66  148  529.01202  485.05426  8.31%   694  240s
  2615  1805  486.30048   31  237  529.01202  485.63466  8.20%   677  245s
  2656  1827  488.74454   37  225  529.01202  485.63466  8.20%   683  250s
  3032  1907  521.59237  155  123  529.01202  486.31892  8.07%   646  255s
  3186  1934  490.61979   35  283  529.01202  486.90941  7.96%   638  260s
  3476  2115  502.75829   83  122  529.01202  487.02221  7.94%   626  266s
  3756  2141  491.12250   37  254  529.01202  487.33247  7.88%   604  270s
  3957  2302  519.26558   86   99  529.01202  487.63538  7.82%   612  276s
  4299  2452  517.61946   44  132  529.01202  487.94189  7.76%   592  281s
  4626  2545  522.90663   49   83  529.01202  488.26467  7.70%   580  286s
  5023  2626  496.48592   38  240  529.01202  488.41353  7.67%   564  291s
  5283  2769  521.77004   89  149  529.01202  488.55729  7.65%   562  298s
  5420  2833  509.42026   43  186  529.01202  488.64077  7.63%   562  301s
  5744  3007  497.21717   45  216  529.01202  488.77204  7.61%   562  307s
  5943  3101  502.93111   59  222  529.01202  488.82246  7.60%   562  310s
  6461  3266  497.71852   48  144  529.01202  489.28684  7.51%   552  318s
  6657  3394  522.35314   63  236  529.01202  489.39405  7.49%   546  322s
  6850  3480  502.22823   39  237  529.01202  489.41928  7.48%   550  326s
  6968  3549  517.94282   78  172  529.01202  489.41928  7.48%   549  331s
  7097  3704  505.09599   42  207  529.01202  489.51116  7.47%   551  335s
  7821  4094  514.35481   85  189  529.01202  489.87863  7.40%   533  344s
  8033  4165  525.69809   73  144  529.01202  489.87863  7.40%   528  351s
  8171  4307  526.13952   77  125  529.01202  490.03388  7.37%   525  356s
  8364  4403  525.78201   60  129  529.01202  490.23247  7.33%   525  360s

Cutting planes:
  Gomory: 4
  Cover: 8
  Implied bound: 115
  Projected implied bound: 20
  Clique: 4
  MIR: 58
  Flow cover: 87
  GUB cover: 2
  Zero half: 50
  Mod-K: 1
  RLT: 14
  Relax-and-lift: 69
  BQP: 2
  Lazy constraints: 1

Explored 8489 nodes (4572286 simplex iterations) in 360.00 seconds (1172.51 work units)
Thread count was 4 (of 32 available processors)

Solution count 10: 529.012 530.059 539.1 ... 588.732

Time limit reached
Best objective 5.290120156509e+02, best bound 4.902502574720e+02, gap 7.3272%

User-callback calls 73606, time in user-callback 0.01 sec
Cap boundary reject: PORT-584 real=631.549 baseline=532.517
Cap boundary debug: PORT-584 -> [500 502 488 487 489 490 491 492 493 482 483 463 464 465 466 474 473 475 479 480 481 478 477 476 114 494 113 112 495 496 497 498 499] -> PORT-584 -> [486 462 484 460 459 458 457 456 461 485 504 503] -> PORT-584 | load_left=37048 load_right=43589 cap=45000
Set parameter Username
Set parameter LicenseID to value 2738882
Academic license - for non-commercial use only - expires 2026-11-14
Set parameter TimeLimit to value 360
Set parameter Seed to value 1917353082
Set parameter Threads to value 4
Set parameter OutputFlag to value 1
Set parameter LogToConsole to value 1
Set parameter LazyConstraints to value 1
Gurobi Optimizer version 13.0.0 build v13.0.0rc1 (linux64 - "Debian GNU/Linux 13 (trixie)")

CPU model: AMD Ryzen 9 5950X 16-Core Processor, instruction set [SSE2|AVX|AVX2]
Thread count: 16 physical cores, 32 logical processors, using up to 4 threads

Non-default parameters:
TimeLimit  360
Seed  1917353082
Threads  4
LazyConstraints  1

Optimize a model with 9762 rows, 26508 columns and 53004 nonzeros (Min)
Model fingerprint: 0xf2b5e113
Model has 8640 linear objective coefficients
Variable types: 17672 continuous, 8836 integer (8836 binary)
Coefficient statistics:
  Matrix range     [1e+00, 4e+04]
  Objective range  [4e-01, 1e+02]
  Bounds range     [1e+00, 4e+04]
  RHS range        [1e+00, 2e+04]
Presolve removed 1024 rows and 9443 columns
Presolve time: 0.08s
Presolved: 8738 rows, 17065 columns, 51112 nonzeros
Variable types: 8370 continuous, 8695 integer (8695 binary)

Root relaxation: objective 3.857441e+02, 17790 iterations, 1.12 seconds (3.45 work units)

    Nodes    |    Current Node    |     Objective Bounds      |     Work
 Expl Unexpl |  Obj  Depth IntInf | Incumbent    BestBd   Gap | It/Node Time

     0     0  385.74406    0  188          -  385.74406      -     -    1s
H    0     0                    1159.0906645  385.74406  66.7%     -    1s
H    0     0                     628.5668615  385.74406  38.6%     -    2s
H    0     0                     610.5842216  385.74406  36.8%     -    2s
H    0     0                     603.0955935  385.74406  36.0%     -    3s
H    0     0                     600.2286978  385.74406  35.7%     -    3s
H    0     0                     592.8340400  385.74406  34.9%     -    3s
H    0     0                     576.9367407  385.74406  33.1%     -    3s
H    0     0                     565.9721616  385.74406  31.8%     -    3s
H    0     0                     560.8364430  385.74406  31.2%     -    3s
H    0     0                     559.8086015  385.74406  31.1%     -    4s
     0     0  385.74406    0  183  559.80860  385.74406  31.1%     -    4s
     0     0  390.37025    0  203  559.80860  390.37025  30.3%     -    5s
H    0     0                     557.8009305  390.38728  30.0%     -    5s
H    0     0                     542.7608194  390.38728  28.1%     -    5s
H    0     0                     542.7608102  390.38728  28.1%     -    6s
H    0     0                     540.8663545  390.38728  27.8%     -    6s
H    0     0                     492.3988217  390.38728  20.7%     -    6s
H    0     0                     491.6538088  390.38728  20.6%     -    6s
H    0     0                     491.2706089  390.38728  20.5%     -    7s
H    0     0                     491.2706065  390.38728  20.5%     -    7s
     0     0  390.56948    0  214  491.27061  390.56948  20.5%     -    8s
     0     0  390.57091    0  209  491.27061  390.57091  20.5%     -    8s
     0     0  390.57116    0  209  491.27061  390.57116  20.5%     -    8s
     0     0  391.64572    0  216  491.27061  391.64572  20.3%     -    8s
     0     0  391.66156    0  227  491.27061  391.66156  20.3%     -    8s
     0     0  391.66180    0  229  491.27061  391.66180  20.3%     -    8s
     0     0  392.99759    0  223  491.27061  392.99759  20.0%     -    9s
     0     0  393.08333    0  226  491.27061  393.08333  20.0%     -    9s
     0     0  393.08341    0  227  491.27061  393.08341  20.0%     -    9s
     0     0  393.75266    0  240  491.27061  393.75266  19.9%     -   10s
     0     0  393.79735    0  246  491.27061  393.79735  19.8%     -   10s
     0     0  393.79951    0  249  491.27061  393.79951  19.8%     -   10s
     0     0  393.86607    0  247  491.27061  393.86607  19.8%     -   10s
     0     0  393.86815    0  248  491.27061  393.86815  19.8%     -   10s
     0     0  394.17088    0  240  491.27061  394.17088  19.8%     -   11s
     0     0  394.18169    0  253  491.27061  394.18169  19.8%     -   11s
     0     0  394.18517    0  244  491.27061  394.18517  19.8%     -   11s
     0     0  394.18527    0  245  491.27061  394.18527  19.8%     -   11s
     0     0  394.31187    0  240  491.27061  394.31187  19.7%     -   11s
     0     0  394.31887    0  253  491.27061  394.31887  19.7%     -   11s
     0     0  394.33012    0  250  491.27061  394.33012  19.7%     -   11s
     0     0  394.33055    0  253  491.27061  394.33055  19.7%     -   11s
     0     0  394.58484    0  252  491.27061  394.58484  19.7%     -   12s
     0     0  394.72919    0  259  491.27061  394.72919  19.7%     -   12s
     0     0  394.73220    0  263  491.27061  394.73220  19.7%     -   12s
     0     0  394.74908    0  265  491.27061  394.74908  19.6%     -   13s
     0     0  394.77392    0  255  491.27061  394.77392  19.6%     -   13s
     0     0  394.78600    0  269  491.27061  394.78600  19.6%     -   13s
     0     0  394.78679    0  271  491.27061  394.78679  19.6%     -   13s
     0     0  394.81884    0  262  491.27061  394.81884  19.6%     -   13s
     0     0  394.82980    0  269  491.27061  394.82980  19.6%     -   13s
     0     0  394.83042    0  271  491.27061  394.83042  19.6%     -   13s
     0     0  395.13539    0  262  491.27061  395.13539  19.6%     -   14s
     0     0  395.18721    0  270  491.27061  395.18721  19.6%     -   14s
     0     0  395.18721    0  268  491.27061  395.18721  19.6%     -   14s
     0     0  395.32596    0  262  491.27061  395.32596  19.5%     -   15s
     0     0  395.32929    0  266  491.27061  395.32929  19.5%     -   15s
     0     0  395.39784    0  267  491.27061  395.39784  19.5%     -   15s
     0     0  395.40028    0  272  491.27061  395.40028  19.5%     -   15s
     0     0  395.42633    0  267  491.27061  395.42633  19.5%     -   16s
     0     0  395.45383    0  267  491.27061  395.45383  19.5%     -   16s
     0     0  395.45383    0  267  491.27061  395.45383  19.5%     -   16s
     0     0  395.45383    0  267  491.27061  395.45383  19.5%     -   16s
     0     0  395.45383    0  267  491.27061  395.45383  19.5%     -   16s
     0     0  395.45383    0  266  491.27061  395.45383  19.5%     -   16s
     0     1  398.87699    0  263  491.27061  398.87699  18.8%     -   17s
   126   133  405.61207   29  189  491.27061  398.87699  18.8%   307   20s
  1400  1544  435.12580  271  144  491.27061  398.87699  18.8%   100   25s
H 1713  1707                     491.2706049  398.87699  18.8%  86.0   26s
  2515  2480  455.52202  350  266  491.27060  398.87699  18.8%  77.4   31s
  2518  2482  448.79457  619  205  491.27060  398.87699  18.8%  77.4   37s
  2528  2489  464.02183  747  274  491.27060  398.87699  18.8%  77.0   40s
  2536  2494  439.45513  502  248  491.27060  398.87699  18.8%  76.8   45s
  2539  2496  414.64078   33  250  491.27060  398.87699  18.8%  76.7   50s
  2581  2530  409.30567   19  197  491.27060  399.29993  18.7%  98.4   55s
H 2604  2416                     490.5453229  399.29993  18.6%   102   57s
H 2631  2318                     451.3313121  399.29993  11.5%   107   59s
  2658  2341  422.60761   28  142  451.33131  399.29993  11.5%   111   60s
  2819  2429  427.23471   59  135  451.33131  399.29993  11.5%   127   65s
  3236  2440  441.68025  160  104  451.33131  399.29993  11.5%   144   70s
H 3342  2264                     444.4440458  399.29993  10.2%   145   70s
  3835  2242  411.91908   27  174  444.44405  399.33603  10.1%   145   75s
  4100  2317  403.97308   22  211  444.44405  400.41606  9.91%   152   80s
  4585  2562  404.11102   23  187  444.44405  401.03246  9.77%   157   85s
  5397  2864  408.49117   33  163  444.44405  401.03246  9.77%   153   90s
  6201  3049  406.08782   21  208  444.44405  401.03246  9.77%   153   95s
  7300  3373  434.92619  110  113  444.44405  402.78665  9.37%   147  101s
H 7887  3362                     444.4440426  403.16191  9.29%   147  104s
  7965  3458  419.39382  114  143  444.44404  403.16191  9.29%   147  106s
  8527  3680  430.84138   83  162  444.44404  403.28531  9.26%   147  110s
  9786  4291  416.29622   58  152  444.44404  403.76099  9.15%   141  116s
 10291  5018  417.17994   34  129  444.44404  404.30292  9.03%   141  121s
 11381  5858  421.91321   56  165  444.44404  404.42528  9.00%   137  127s
 11928  6092  413.90026   22  181  444.44404  404.72495  8.94%   137  130s
 13017  7122  432.86379  100  127  444.44404  404.89601  8.90%   136  136s
 14023  7855  422.97902  202  143  444.44404  405.01120  8.87%   134  141s
 14364  8055  420.42129   28  183  444.44404  405.14640  8.84%   136  145s
 15138  8643  418.01111   21  167  444.44404  405.25383  8.82%   138  151s
 16014  9226  415.99865   33  161  444.44404  405.35075  8.80%   138  157s
 16298  9601  418.40942   54  184  444.44404  405.40326  8.78%   140  160s
 17179 10205  418.81339   40  165  444.44404  405.45640  8.77%   142  165s
 18291 10775  433.49927  161   83  444.44404  405.69971  8.72%   141  171s
 18633 10860  436.30987   37  164  444.44404  405.70282  8.72%   143  175s
 19340 11515  421.89463   29  174  444.44404  405.79676  8.70%   144  181s
 20681 12650  432.70595  152  142  444.44404  405.91554  8.67%   142  186s
 21158 12784  435.78117  108  146  444.44404  405.95774  8.66%   142  191s
H21237 12784                     444.4440406  405.95774  8.66%   142  191s
 21325 13142  438.60555  130  153  444.44404  406.01374  8.65%   142  195s
 22460 14026  415.61693   26  179  444.44404  406.19836  8.61%   141  201s
 22885 14462  415.77512   25  176  444.44404  406.19836  8.61%   141  205s
 23906 15390  421.26718   24  184  444.44404  406.36070  8.57%   140  210s
 25153 16034  414.69998   24  202  444.44404  406.38704  8.56%   139  216s
 26022 16834  409.35412   29  187  444.44404  406.54231  8.53%   139  221s
 26914 17565  425.59474   53  117  444.44404  406.67732  8.50%   139  227s
 27367 18050  437.27063   66  144  444.44404  406.73252  8.49%   139  230s
 28372 18805  419.44382   40  141  444.44404  406.83056  8.46%   139  236s
 29508 19714  423.73290   45  165  444.44404  406.99460  8.43%   138  241s
 30674 20500  435.11433   28  165  444.44404  407.10380  8.40%   136  247s
 31552 21279  425.78682   60  131  444.44404  407.27786  8.36%   137  252s
 32704 22121  413.13772   30  153  444.44404  407.28279  8.36%   136  257s
 33549 22755 infeasible   26       444.44404  407.38917  8.34%   137  262s
 34492 23639  428.39040   44  161  444.44404  407.44498  8.32%   137  267s
 35066 24208  427.97869  154  156  444.44404  407.48137  8.32%   137  271s
 36209 24857  417.85718   46  198  444.44404  407.60058  8.29%   136  276s
 37038 25450  437.66435  285  143  444.44404  407.63889  8.28%   137  282s
 38014 26023  434.98249   80  140  444.44404  407.69753  8.27%   138  287s
 38987 26582  421.83381   34  167  444.44404  407.83805  8.24%   138  292s
 39810 27424  428.10822   41  190  444.44404  407.93244  8.22%   138  297s
 40896 28136  439.79635   57  148  444.44404  407.97740  8.21%   137  302s
 41244 28330  417.86627   52  179  444.44404  407.98606  8.20%   138  305s
 42096 29257  417.58089   22  198  444.44404  408.05410  8.19%   137  310s
 43425 30206  417.63361   75  168  444.44404  408.11686  8.17%   137  317s
 44476 30949  435.96592  126   92  444.44404  408.17311  8.16%   137  322s
 45498 31808  427.27248   41  199  444.44404  408.29377  8.13%   137  327s
 46443 32399  415.67028   29  205  444.44404  408.35697  8.12%   137  332s
 46832 32802  427.59210   79  142  444.44404  408.37401  8.12%   137  335s
 47825 33633  412.38463   31  192  444.44404  408.37549  8.12%   137  340s
 48641 34232  433.85459  215  174  444.44404  408.47458  8.09%   138  345s
 49440 34708  417.34417   27  182  444.44404  408.60502  8.06%   138  350s
 50341 35544  425.36553  100  172  444.44404  408.62215  8.06%   138  355s
 51331 36307  423.22499   31  174  444.44404  408.66963  8.05%   138  360s

Cutting planes:
  Gomory: 4
  Lift-and-project: 1
  Cover: 24
  Implied bound: 160
  Projected implied bound: 10
  MIR: 121
  Flow cover: 147
  GUB cover: 2
  Inf proof: 7
  Zero half: 14
  RLT: 18
  Relax-and-lift: 76
  BQP: 16
  Lazy constraints: 1

Explored 51699 nodes (7143081 simplex iterations) in 360.00 seconds (1507.01 work units)
Thread count was 4 (of 32 available processors)

Solution count 10: 444.444 451.331 490.545 ... 559.809

Time limit reached
Best objective 4.444440405615e+02, best bound 4.086696329310e+02, gap 8.0492%

User-callback calls 149532, time in user-callback 0.01 sec
Cap boundary opt: PORT-584 stations=45 obj=444.444 real=444.444 baseline=448.991
Set parameter Username
Set parameter LicenseID to value 2738882
Academic license - for non-commercial use only - expires 2026-11-14
Segment 1 eval: start=BOAT-0 end=PORT-581 stations=87 (optimize)
  Segment 1 order: 1 3 4 -25 -5 -6 10 11 143 15 16 17 -18 -13 14 12 -24 -23 -22 -21 19 20 -41 42 43 44 45 46 -396 -47 -40 39 48 49 50 -38 -37 51 -52 59 -57 56 55 -54 -53 66 67 69 -36 -35 -34 -33 -32 -31 -30 -29 -28 -27 -26 93 -92 94 -96 -95 90 91 -89 88 -87 86 -85 -84 -83 -82 -81 -80 79 -78 -77 -70 -76 75 72 73 -74 -71 -68
Segment 2 eval: start=PORT-581 end=PORT-591 stations=58 (optimize)
  Segment 2 order: 65 -63 64 -58 60 61 62 391 392 393 394 395 397 398 399 -400 -401 389 390 388 -387 -386 -385 -402 403 405 406 -407 -404 409 408 -410 411 412 -413 -415 416 -417 425 381 426 -368 -367 -366 -365 364 362 -361 -360 -359 -358 -357 -356 -355 354 -353 348 -363
Segment 3 eval: start=PORT-591 end=PORT-591 stations=111 (optimize)
  Segment 3 order: -346 276 277 278 279 280 281 -556 282 283 -284 555 558 559 -560 561 -562 -554 553 550 551 552 285 286 287 288 289 290 291 292 293 294 -295 296 297 306 -305 -298 299 300 301 302 304 -303 307 308 309 -310 311 312 -313 314 315 316 317 318 319 320 340 341 342 343 344 345 334 335 336 337 338 339 321 322 323 324 325 -327 328 330 -331 -329 -326 349 350 351 352 -373 372 -374 375 376 377 379 380 414 382 384 -383 419 420 421 -423 -422 424 -418 -378 -371 -370 369 332 -333 347
Segment 4 eval: start=PORT-591 end=PORT-593 stations=43 (optimize)
  Segment 4 order: 557 563 564 565 566 567 568 -542 543 540 541 549 548 -547 -546 -545 -544 -539 -538 -537 536 -535 -534 -572 569 570 571 573 574 576 533 -532 -531 -530 -529 -528 -527 577 575 578 -525 526 -524
Segment 5 eval: start=PORT-593 end=PORT-593 stations=19 (optimize)
  Segment 5 order: 430 -434 -433 -432 -431 -429 -428 427 517 518 519 520 521 -580 -579 -523 -522 -516 -515
Segment 6 eval: start=PORT-593 end=PORT-584 stations=31 (optimize)
  Segment 6 order: -512 513 -514 -511 -510 -509 -508 -507 -506 -505 -444 -443 -442 -441 440 -439 437 -436 435 438 445 446 447 448 449 450 451 452 453 -455 -454
Segment 7 eval: start=PORT-584 end=PORT-584 stations=32 (optimize)
  Segment 7 order: 500 502 -488 489 490 491 492 -493 482 483 463 464 465 -466 474 -473 -475 479 480 -481 -478 -477 -476 -114 494 -113 -112 495 496 497 498 499
Segment 8 eval: start=PORT-584 end=PORT-584 stations=13 (optimize)
  Segment 8 order: -487 486 -462 484 -460 -459 -458 -457 -456 461 485 -504 -503
Segment 9 eval: start=PORT-584 end=PORT-588 stations=18 (optimize)
  Segment 9 order: -501 467 468 469 470 -471 472 -122 -121 120 -119 -118 -117 -116 -115 -275 -111 -274
Segment 10 eval: start=PORT-588 end=PORT-588 stations=40 (optimize)
  Segment 10 order: -105 104 -103 -102 -101 108 271 272 -273 253 252 254 255 -257 256 -130 -129 -128 -258 259 260 261 262 263 -127 126 -125 -124 -123 -266 -267 -265 -264 268 269 270 -110 -109 -107 -106
Segment 11 eval: start=PORT-588 end=PORT-583 stations=49 (optimize)
  Segment 11 order: -98 97 -242 241 -238 237 -215 -214 -213 -212 -211 -210 -209 -208 -207 -206 -205 131 -204 -203 -202 199 -201 200 -198 -197 -196 -195 -194 -193 -192 -218 -217 -216 -220 222 -225 224 226 178 227 -231 235 -234 -233 -232 -230 -134 -133
Segment 12 eval: start=PORT-583 end=PORT-583 stations=53 (optimize)
  Segment 12 order: -132 -229 -228 155 156 157 158 -159 160 161 162 163 164 165 166 167 168 169 170 171 172 173 174 175 176 177 182 183 184 185 186 187 188 189 190 191 219 223 -221 236 239 240 243 244 250 -251 249 -248 -245 247 -246 -100 -99
Segment 13 eval: start=PORT-583 end=BOAT-END stations=26 (optimize)
  Segment 13 order: -181 -135 136 -137 -2 7 8 9 142 144 145 146 147 148 149 150 139 140 141 138 151 152 153 154 179 180
Cap boundary debug: PORT-584 -> [503 504 485 461 456 457 458 459 460 484 462 486 487] -> PORT-584 -> [501 467 468 469 470 471 472 122 121 120 119 118 117 116 115 275 111 274] -> PORT-588 | load_left=44695 load_right=42427 cap=45000
Set parameter Username
Set parameter LicenseID to value 2738882
Academic license - for non-commercial use only - expires 2026-11-14
Set parameter TimeLimit to value 360
Set parameter Seed to value 88394156
Set parameter Threads to value 4
Set parameter OutputFlag to value 1
Set parameter LogToConsole to value 1
Set parameter LazyConstraints to value 1
Gurobi Optimizer version 13.0.0 build v13.0.0rc1 (linux64 - "Debian GNU/Linux 13 (trixie)")

CPU model: AMD Ryzen 9 5950X 16-Core Processor, instruction set [SSE2|AVX|AVX2]
Thread count: 16 physical cores, 32 logical processors, using up to 4 threads

Non-default parameters:
TimeLimit  360
Seed  88394156
Threads  4
LazyConstraints  1

Optimize a model with 5002 rows, 13068 columns and 26124 nonzeros (Min)
Model fingerprint: 0xfc744160
Model has 4220 linear objective coefficients
Variable types: 8712 continuous, 4356 integer (4356 binary)
Coefficient statistics:
  Matrix range     [1e+00, 4e+04]
  Objective range  [4e-01, 2e+02]
  Bounds range     [1e+00, 4e+04]
  RHS range        [1e+00, 2e+04]
Presolve removed 716 rows and 4781 columns
Presolve time: 0.04s
Presolved: 4286 rows, 8287 columns, 24862 nonzeros
Variable types: 4030 continuous, 4257 integer (4257 binary)

Root relaxation: objective 4.039653e+02, 7533 iterations, 0.22 seconds (0.63 work units)

    Nodes    |    Current Node    |     Objective Bounds      |     Work
 Expl Unexpl |  Obj  Depth IntInf | Incumbent    BestBd   Gap | It/Node Time

     0     0  403.96531    0  134          -  403.96531      -     -    0s
H    0     0                     473.1894737  403.96531  14.6%     -    0s
H    0     0                     457.2029244  403.96531  11.6%     -    0s
H    0     0                     446.9218965  403.96531  9.61%     -    0s
H    0     0                     443.6909932  403.96531  8.95%     -    0s
H    0     0                     441.9065990  403.96531  8.59%     -    0s
H    0     0                     439.0817877  403.96531  8.00%     -    0s
H    0     0                     435.7932123  403.96531  7.30%     -    0s
     0     0  403.96531    0  132  435.79321  403.96531  7.30%     -    0s
     0     0  407.03876    0  150  435.79321  407.03876  6.60%     -    0s
     0     0  407.03876    0  134  435.79321  407.03876  6.60%     -    0s
     0     0  407.05001    0  147  435.79321  407.05001  6.60%     -    0s
     0     0  407.05016    0  150  435.79321  407.05016  6.60%     -    0s
     0     0  408.29419    0  155  435.79321  408.29419  6.31%     -    0s
H    0     0                     426.0091877  408.29435  4.16%     -    0s
     0     0  408.31604    0  159  426.00919  408.31604  4.15%     -    0s
     0     0  408.31604    0  159  426.00919  408.31604  4.15%     -    0s
     0     0  408.85114    0  157  426.00919  408.85114  4.03%     -    1s
     0     0  408.85114    0  130  426.00919  408.85114  4.03%     -    1s
     0     0  408.97950    0  144  426.00919  408.97950  4.00%     -    1s
     0     0  409.81330    0  151  426.00919  409.81330  3.80%     -    1s
     0     0  409.84301    0  155  426.00919  409.84301  3.79%     -    1s
     0     0  409.84362    0  156  426.00919  409.84362  3.79%     -    1s
     0     0  409.85146    0  160  426.00919  409.85146  3.79%     -    1s
     0     0  409.85160    0  157  426.00919  409.85160  3.79%     -    1s
     0     0  409.90746    0  159  426.00919  409.90746  3.78%     -    1s
     0     0  409.95326    0  161  426.00919  409.95326  3.77%     -    1s
     0     0  410.04683    0  161  426.00919  410.04683  3.75%     -    1s
     0     0  410.04774    0  162  426.00919  410.04774  3.75%     -    1s
     0     0  410.04849    0  159  426.00919  410.04849  3.75%     -    1s
     0     0  410.04850    0  162  426.00919  410.04850  3.75%     -    1s
     0     0  410.04850    0  162  426.00919  410.04850  3.75%     -    1s
     0     0  410.05267    0  163  426.00919  410.05267  3.75%     -    1s
     0     0  410.06286    0  162  426.00919  410.06286  3.74%     -    1s
     0     0  410.06286    0  162  426.00919  410.06286  3.74%     -    1s
     0     0  410.06286    0  162  426.00919  410.06286  3.74%     -    1s
     0     0  410.06286    0  160  426.00919  410.06286  3.74%     -    1s
     0     2  410.06871    0  160  426.00919  410.06871  3.74%     -    1s
*   59    54              13     425.2547284  411.26459  3.29%  73.7    1s

Cutting planes:
  Gomory: 1
  Cover: 2
  Implied bound: 104
  MIR: 29
  Flow cover: 42
  Inf proof: 3
  Zero half: 1
  RLT: 8
  Relax-and-lift: 46
  BQP: 7
  Lazy constraints: 1

Explored 2458 nodes (143569 simplex iterations) in 3.58 seconds (8.04 work units)
Thread count was 4 (of 32 available processors)

Solution count 9: 425.255 426.009 435.793 ... 473.189

Optimal solution found (tolerance 1.00e-04)
Best objective 4.252547284012e+02, best bound 4.252547284012e+02, gap 0.0000%

User-callback calls 6160, time in user-callback 0.00 sec
Cap boundary opt: PORT-584 stations=31 obj=425.255 real=425.255 baseline=426.009
Set parameter Username
Set parameter LicenseID to value 2738882
Academic license - for non-commercial use only - expires 2026-11-14
Segment 1 eval: start=BOAT-0 end=PORT-581 stations=87 (optimize)
  Segment 1 order: 1 3 4 -25 -5 -6 10 11 143 15 16 17 -18 -13 14 12 -24 -23 -22 -21 19 20 -41 42 43 44 45 46 -396 -47 -40 39 48 49 50 -38 -37 51 -52 59 -57 56 55 -54 -53 66 67 69 -36 -35 -34 -33 -32 -31 -30 -29 -28 -27 -26 93 -92 94 -96 -95 90 91 -89 88 -87 86 -85 -84 -83 -82 -81 -80 79 -78 -77 -70 -76 75 72 73 -74 -71 -68
Segment 2 eval: start=PORT-581 end=PORT-591 stations=58 (optimize)
  Segment 2 order: 65 -63 64 -58 60 61 62 391 392 393 394 395 397 398 399 -400 -401 389 390 388 -387 -386 -385 -402 403 405 406 -407 -404 409 408 -410 411 412 -413 -415 416 -417 425 381 426 -368 -367 -366 -365 364 362 -361 -360 -359 -358 -357 -356 -355 354 -353 348 -363
Segment 3 eval: start=PORT-591 end=PORT-591 stations=111 (optimize)
  Segment 3 order: -346 276 277 278 279 280 281 -556 282 283 -284 555 558 559 -560 561 -562 -554 553 550 551 552 285 286 287 288 289 290 291 292 293 294 -295 296 297 306 -305 -298 299 300 301 302 304 -303 307 308 309 -310 311 312 -313 314 315 316 317 318 319 320 340 341 342 343 344 345 334 335 336 337 338 339 321 322 323 324 325 -327 328 330 -331 -329 -326 349 350 351 352 -373 372 -374 375 376 377 379 380 414 382 384 -383 419 420 421 -423 -422 424 -418 -378 -371 -370 369 332 -333 347
Segment 4 eval: start=PORT-591 end=PORT-593 stations=43 (optimize)
  Segment 4 order: 557 563 564 565 566 567 568 -542 543 540 541 549 548 -547 -546 -545 -544 -539 -538 -537 536 -535 -534 -572 569 570 571 573 574 576 533 -532 -531 -530 -529 -528 -527 577 575 578 -525 526 -524
Segment 5 eval: start=PORT-593 end=PORT-593 stations=19 (optimize)
  Segment 5 order: 430 -434 -433 -432 -431 -429 -428 427 517 518 519 520 521 -580 -579 -523 -522 -516 -515
Segment 6 eval: start=PORT-593 end=PORT-584 stations=31 (optimize)
  Segment 6 order: -512 513 -514 -511 -510 -509 -508 -507 -506 -505 -444 -443 -442 -441 440 -439 437 -436 435 438 445 446 447 448 449 450 451 452 453 -455 -454
Segment 7 eval: start=PORT-584 end=PORT-584 stations=32 (optimize)
  Segment 7 order: 500 502 -488 489 490 491 492 -493 482 483 463 464 465 -466 474 -473 -475 479 480 -481 -478 -477 -476 -114 494 -113 -112 495 496 497 498 499
Segment 8 eval: start=PORT-584 end=PORT-584 stations=11 (optimize)
  Segment 8 order: -487 -485 -461 -460 -459 -458 -457 -456 -504 -503 501
Segment 9 eval: start=PORT-584 end=PORT-588 stations=20 (optimize)
  Segment 9 order: 486 -462 484 467 468 469 470 -471 472 -122 -121 120 -119 -118 -117 -116 -115 -275 -111 -274
Segment 10 eval: start=PORT-588 end=PORT-588 stations=40 (optimize)
  Segment 10 order: -105 104 -103 -102 -101 108 271 272 -273 253 252 254 255 -257 256 -130 -129 -128 -258 259 260 261 262 263 -127 126 -125 -124 -123 -266 -267 -265 -264 268 269 270 -110 -109 -107 -106
Segment 11 eval: start=PORT-588 end=PORT-583 stations=49 (optimize)
  Segment 11 order: -98 97 -242 241 -238 237 -215 -214 -213 -212 -211 -210 -209 -208 -207 -206 -205 131 -204 -203 -202 199 -201 200 -198 -197 -196 -195 -194 -193 -192 -218 -217 -216 -220 222 -225 224 226 178 227 -231 235 -234 -233 -232 -230 -134 -133
Segment 12 eval: start=PORT-583 end=PORT-583 stations=53 (optimize)
  Segment 12 order: -132 -229 -228 155 156 157 158 -159 160 161 162 163 164 165 166 167 168 169 170 171 172 173 174 175 176 177 182 183 184 185 186 187 188 189 190 191 219 223 -221 236 239 240 243 244 250 -251 249 -248 -245 247 -246 -100 -99
Segment 13 eval: start=PORT-583 end=BOAT-END stations=26 (optimize)
  Segment 13 order: -181 -135 136 -137 -2 7 8 9 142 144 145 146 147 148 149 150 139 140 141 138 151 152 153 154 179 180
Cap boundary debug: PORT-584 -> [486 462 484 467 468 469 470 471 472 122 121 120 119 118 117 116 115 275 111 274] -> PORT-588 -> [106 107 109 110 270 269 268 264 265 267 266 123 124 125 126 127 263 262 261 260 259 258 128 129 130 256 257 255 254 252 253 273 272 271 108 101 102 103 104 105] -> PORT-588 | load_left=44055 load_right=43280 cap=45000
Set parameter Username
Set parameter LicenseID to value 2738882
Academic license - for non-commercial use only - expires 2026-11-14
Set parameter TimeLimit to value 360
Set parameter Seed to value 1393458400
Set parameter Threads to value 4
Set parameter OutputFlag to value 1
Set parameter LogToConsole to value 1
Set parameter LazyConstraints to value 1
Gurobi Optimizer version 13.0.0 build v13.0.0rc1 (linux64 - "Debian GNU/Linux 13 (trixie)")

CPU model: AMD Ryzen 9 5950X 16-Core Processor, instruction set [SSE2|AVX|AVX2]
Thread count: 16 physical cores, 32 logical processors, using up to 4 threads

Non-default parameters:
TimeLimit  360
Seed  1393458400
Threads  4
LazyConstraints  1

Optimize a model with 16602 rows, 46128 columns and 92244 nonzeros (Min)
Model fingerprint: 0xa5be9916
Model has 15124 linear objective coefficients
Variable types: 30752 continuous, 15376 integer (15376 binary)
Coefficient statistics:
  Matrix range     [1e+00, 4e+04]
  Objective range  [3e-01, 2e+02]
  Bounds range     [1e+00, 4e+04]
  RHS range        [1e+00, 1e+04]
Presolve removed 1354 rows and 16178 columns
Presolve time: 0.14s
Presolved: 15248 rows, 29950 columns, 89668 nonzeros
Variable types: 14760 continuous, 15190 integer (15190 binary)

Root relaxation: objective 4.992766e+02, 40293 iterations, 4.29 seconds (13.20 work units)

    Nodes    |    Current Node    |     Objective Bounds      |     Work
 Expl Unexpl |  Obj  Depth IntInf | Incumbent    BestBd   Gap | It/Node Time

     0     0  499.27657    0  258          -  499.27657      -     -    4s
H    0     0                     780.6968275  499.27657  36.0%     -    4s
H    0     0                     623.5445159  499.27657  19.9%     -    4s
H    0     0                     582.2618185  499.27657  14.3%     -    4s
H    0     0                     569.4287571  499.27657  12.3%     -    4s
H    0     0                     566.7224292  499.27657  11.9%     -    5s
     0     0  500.42669    0  270  566.72243  500.42669  11.7%     -    6s
H    0     0                     564.0201477  500.42669  11.3%     -    6s
H    0     0                     560.2776960  500.42669  10.7%     -    7s
H    0     0                     538.0911549  500.42669  7.00%     -    7s
H    0     0                     532.6295168  500.42669  6.05%     -    7s
H    0     0                     528.8080959  500.42669  5.37%     -    8s
H    0     0                     528.8080949  500.42669  5.37%     -    8s
     0     0  500.42671    0  270  528.80809  500.42671  5.37%     -    9s
     0     0  500.72790    0  261  528.80809  500.72790  5.31%     -    9s
     0     0  500.72790    0  254  528.80809  500.72790  5.31%     -   10s
     0     0  500.72790    0  269  528.80809  500.72790  5.31%     -   11s
     0     0  500.72790    0  268  528.80809  500.72790  5.31%     -   11s
     0     0  500.72790    0  269  528.80809  500.72790  5.31%     -   11s
     0     0  500.72790    0  270  528.80809  500.72790  5.31%     -   11s
     0     0  501.97468    0  278  528.80809  501.97468  5.07%     -   11s
     0     0  501.99487    0  272  528.80809  501.99487  5.07%     -   11s
     0     0  501.99488    0  272  528.80809  501.99488  5.07%     -   12s
     0     0  502.90948    0  282  528.80809  502.90948  4.90%     -   12s
     0     0  502.93219    0  281  528.80809  502.93219  4.89%     -   12s
     0     0  502.94135    0  283  528.80809  502.94135  4.89%     -   12s
     0     0  502.94136    0  283  528.80809  502.94136  4.89%     -   12s
     0     0  503.13872    0  268  528.80809  503.13872  4.85%     -   13s
     0     0  503.17469    0  280  528.80809  503.17469  4.85%     -   13s
     0     0  503.17469    0  280  528.80809  503.17469  4.85%     -   13s
     0     0  503.18480    0  279  528.80809  503.18480  4.85%     -   13s
     0     0  503.18742    0  274  528.80809  503.18742  4.84%     -   13s
     0     0  503.18743    0  277  528.80809  503.18743  4.84%     -   13s
     0     0  503.18808    0  278  528.80809  503.18808  4.84%     -   13s
     0     0  503.22216    0  278  528.80809  503.22216  4.84%     -   14s
     0     0  503.22216    0  277  528.80809  503.22216  4.84%     -   14s
     0     0  503.22216    0  277  528.80809  503.22216  4.84%     -   14s
     0     0  503.22216    0  276  528.80809  503.22216  4.84%     -   14s
     0     0  503.22216    0  286  528.80809  503.22216  4.84%     -   14s
     0     0  503.30793    0  286  528.80809  503.30793  4.82%     -   14s
     0     0  503.30793    0  286  528.80809  503.30793  4.82%     -   14s
     0     0  503.30793    0  274  528.80809  503.30793  4.82%     -   14s
     0     0  504.58166    0  259  528.80809  504.58166  4.58%     -   17s
     0     0  504.58166    0  270  528.80809  504.58166  4.58%     -   17s
     0     0  504.58166    0  278  528.80809  504.58166  4.58%     -   17s
     0     0  504.58166    0  271  528.80809  504.58166  4.58%     -   17s
     0     0  504.58166    0  279  528.80809  504.58166  4.58%     -   17s
     0     0  504.58166    0  277  528.80809  504.58166  4.58%     -   17s
     0     0  504.58166    0  273  528.80809  504.58166  4.58%     -   18s
     0     0  504.58166    0  279  528.80809  504.58166  4.58%     -   18s
     0     0  504.58166    0  270  528.80809  504.58166  4.58%     -   18s
     0     0  504.58166    0  271  528.80809  504.58166  4.58%     -   18s
     0     0  504.58166    0  289  528.80809  504.58166  4.58%     -   19s
     0     0  504.58166    0  281  528.80809  504.58166  4.58%     -   19s
     0     0  504.58166    0  281  528.80809  504.58166  4.58%     -   19s
     0     0  504.58166    0  281  528.80809  504.58166  4.58%     -   19s
     0     0  504.58166    0  285  528.80809  504.58166  4.58%     -   19s
     0     0  504.58166    0  287  528.80809  504.58166  4.58%     -   19s
     0     0  504.58166    0  288  528.80809  504.58166  4.58%     -   19s
     0     0  504.58166    0  279  528.80809  504.58166  4.58%     -   19s
     0     0  504.58166    0  282  528.80809  504.58166  4.58%     -   20s
     0     0  504.58166    0  285  528.80809  504.58166  4.58%     -   20s
     0     0  504.58166    0  292  528.80809  504.58166  4.58%     -   20s
     0     0  504.58166    0  288  528.80809  504.58166  4.58%     -   20s
     0     0  504.58166    0  287  528.80809  504.58166  4.58%     -   20s
     0     0  504.58166    0  289  528.80809  504.58166  4.58%     -   21s
     0     0  504.58166    0  285  528.80809  504.58166  4.58%     -   21s
H    0     0                     528.8080948  504.58166  4.58%     -   21s
     0     0  504.58166    0  294  528.80809  504.58166  4.58%     -   21s
     0     0  504.58166    0  280  528.80809  504.58166  4.58%     -   21s
     0     0  504.58166    0  281  528.80809  504.58166  4.58%     -   21s
     0     0  504.58166    0  276  528.80809  504.58166  4.58%     -   22s
     0     0  504.58166    0  279  528.80809  504.58166  4.58%     -   22s
     0     0  504.58166    0  279  528.80809  504.58166  4.58%     -   22s
     0     0  504.58166    0  289  528.80809  504.58166  4.58%     -   22s
     0     0  504.58166    0  287  528.80809  504.58166  4.58%     -   22s
     0     0  504.58166    0  286  528.80809  504.58166  4.58%     -   22s
     0     0  504.58166    0  286  528.80809  504.58166  4.58%     -   22s
     0     0  504.58166    0  286  528.80809  504.58166  4.58%     -   22s
     0     0  504.58166    0  286  528.80809  504.58166  4.58%     -   22s
     0     2  505.11359    0  286  528.80809  505.11359  4.48%     -   22s
   149   161  515.13178   43  188  528.80809  505.11359  4.48%   287   25s
   713   640  522.29067   32   65  528.80809  505.11359  4.48%   266   30s
  1205  1043  520.79521    8  296  528.80809  505.95919  4.32%   245   35s
  1235  1064  520.35178   84  255  528.80809  509.49442  3.65%   257   40s
  1279  1099  514.17570   32  235  528.80809  510.66744  3.43%   272   45s
H 1311  1063                     527.1281736  510.66744  3.12%   282   46s
  1545  1103  520.51571   35  177  527.12817  512.63163  2.75%   283   50s
  2399  1063  524.58489   37  248  527.12817  515.93115  2.12%   264   55s
  3884   823  520.72043   32  237  527.12817  518.62435  1.61%   237   60s
  5072   613 infeasible   42       527.12817  520.44036  1.27%   229   65s
  6057   206     cutoff   38       527.12817  522.98769  0.79%   229   70s

Cutting planes:
  Gomory: 1
  Cover: 11
  Implied bound: 77
  Projected implied bound: 12
  MIR: 59
  Flow cover: 96
  GUB cover: 1
  Inf proof: 6
  Zero half: 17
  RLT: 8
  Relax-and-lift: 43
  BQP: 3

Explored 6493 nodes (1564130 simplex iterations) in 70.80 seconds (193.42 work units)
Thread count was 4 (of 32 available processors)

Solution count 10: 527.128 528.808 532.63 ... 623.545

Optimal solution found (tolerance 1.00e-04)
Best objective 5.271281735569e+02, best bound 5.271281735569e+02, gap 0.0000%

User-callback calls 25028, time in user-callback 0.00 sec
Cap boundary reject: PORT-588 real=527.128 baseline=527.128
Cap boundary debug: PORT-588 -> [106 107 109 110 270 269 268 264 265 267 266 123 124 125 126 127 263 262 261 260 259 258 128 129 130 256 257 255 254 252 253 273 272 271 108 101 102 103 104 105] -> PORT-588 -> [133 134 230 232 234 235 231 227 178 226 224 225 222 220 216 217 218 192 193 194 195 196 197 198 200 201 199 202 203 204 131 205 206 207 208 209 210 211 212 213 214 215 237 238 241 242 98 97 233] -> PORT-583 | load_left=43280 load_right=44569 cap=45000
Set parameter Username
Set parameter LicenseID to value 2738882
Academic license - for non-commercial use only - expires 2026-11-14
Set parameter TimeLimit to value 360
Set parameter Seed to value 485607978
Set parameter Threads to value 4
Set parameter OutputFlag to value 1
Set parameter LogToConsole to value 1
Set parameter LazyConstraints to value 1
Gurobi Optimizer version 13.0.0 build v13.0.0rc1 (linux64 - "Debian GNU/Linux 13 (trixie)")

CPU model: AMD Ryzen 9 5950X 16-Core Processor, instruction set [SSE2|AVX|AVX2]
Thread count: 16 physical cores, 32 logical processors, using up to 4 threads

Non-default parameters:
TimeLimit  360
Seed  485607978
Threads  4
LazyConstraints  1

Optimize a model with 34930 rows, 99372 columns and 198732 nonzeros (Min)
Model fingerprint: 0xa1705305
Model has 32756 linear objective coefficients
Variable types: 66248 continuous, 33124 integer (33124 binary)
Coefficient statistics:
  Matrix range     [1e+00, 4e+04]
  Objective range  [3e-01, 1e+05]
  Bounds range     [1e+00, 4e+04]
  RHS range        [1e+00, 9e+03]
Presolve removed 1992 rows and 34303 columns
Presolve time: 0.30s
Presolved: 32938 rows, 65069 columns, 194788 nonzeros
Variable types: 32218 continuous, 32851 integer (32851 binary)
Root relaxation presolved: 32938 rows, 65069 columns, 194788 nonzeros

Deterministic concurrent LP optimizer: primal and dual simplex
Showing primal log only...

Concurrent spin time: 0.00s

Solved with primal simplex

Root relaxation: objective 5.502914e+02, 69372 iterations, 3.02 seconds (6.46 work units)

    Nodes    |    Current Node    |     Objective Bounds      |     Work
 Expl Unexpl |  Obj  Depth IntInf | Incumbent    BestBd   Gap | It/Node Time

     0     0  550.29136    0  332          -  550.29136      -     -    4s
     0     0  550.29136    0  332          -  550.29136      -     -    5s
H    0     0                    1077.7413287  550.29136  48.9%     -    5s
H    0     0                    1021.9655243  550.29136  46.2%     -    5s
H    0     0                     934.7707290  550.29136  41.1%     -    6s
H    0     0                     832.8979247  550.29136  33.9%     -    8s
H    0     0                     797.2010267  550.29136  31.0%     -    8s
H    0     0                     791.3745998  550.29136  30.5%     -    8s
H    0     0                     782.8252485  550.29136  29.7%     -    9s
H    0     0                     768.2488618  550.29136  28.4%     -   10s
     0     0  550.29136    0  332  768.24886  550.29136  28.4%     -   10s
     0     0  552.82565    0  356  768.24886  552.82565  28.0%     -   20s
     0     0  552.82580    0  356  768.24886  552.82580  28.0%     -   29s
     0     0  552.82580    0  356  768.24886  552.82580  28.0%     -   36s
     0     0  552.82580    0  356  768.24886  552.82580  28.0%     -   43s
     0     0  552.82580    0  356  768.24886  552.82580  28.0%     -   50s
H    0     0                     681.4762205  552.82580  18.9%     -   57s
H    0     0                     666.1214943  552.82580  17.0%     -   58s
H    0     0                     660.9300473  552.82580  16.4%     -   58s
H    0     0                     660.3806186  552.82580  16.3%     -   59s
H    0     0                     656.4006716  552.82580  15.8%     -   60s
H    0     0                     649.8027462  552.82580  14.9%     -   60s
H    0     0                     641.1881528  552.82580  13.8%     -   60s
H    0     0                     639.7341135  552.82580  13.6%     -   61s
H    0     0                     630.2403679  552.82580  12.3%     -   64s
     0     0  552.82580    0  356  630.24037  552.82580  12.3%     -   66s
H    0     0                     629.7782509  552.82580  12.2%     -   69s
H    0     0                     628.2627395  552.82580  12.0%     -   71s
H    0     0                     625.6391393  552.82580  11.6%     -   73s
     0     0  552.82763    0  357  625.63914  552.82763  11.6%     -   75s
     0     0  552.82788    0  357  625.63914  552.82788  11.6%     -   75s
     0     0  556.81052    0  371  625.63914  556.81052  11.0%     -   83s
     0     0  556.83114    0  372  625.63914  556.83114  11.0%     -   84s
     0     0  556.83271    0  374  625.63914  556.83271  11.0%     -   84s
     0     0  557.90188    0  401  625.63914  557.90188  10.8%     -   90s
     0     0  557.90426    0  403  625.63914  557.90426  10.8%     -   91s
     0     0  560.82645    0  390  625.63914  560.82645  10.4%     -  100s
     0     0  560.85899    0  379  625.63914  560.85899  10.4%     -  102s
     0     0  560.86487    0  383  625.63914  560.86487  10.4%     -  103s
     0     0  560.86487    0  385  625.63914  560.86487  10.4%     -  103s
     0     0  560.94199    0  412  625.63914  560.94199  10.3%     -  106s
     0     0  560.94264    0  409  625.63914  560.94264  10.3%     -  107s
     0     0  561.36929    0  414  625.63914  561.36929  10.3%     -  113s
     0     0  561.39836    0  425  625.63914  561.39836  10.3%     -  115s
     0     0  561.41067    0  424  625.63914  561.41067  10.3%     -  116s
     0     0  561.41067    0  422  625.63914  561.41067  10.3%     -  116s
     0     0  561.48370    0  429  625.63914  561.48370  10.3%     -  119s
     0     0  561.48537    0  413  625.63914  561.48537  10.3%     -  120s
     0     0  561.51511    0  417  625.63914  561.51511  10.2%     -  122s
     0     0  561.51519    0  421  625.63914  561.51519  10.2%     -  123s
     0     0  561.58414    0  434  625.63914  561.58414  10.2%     -  126s
     0     0  561.58428    0  442  625.63914  561.58428  10.2%     -  126s
     0     0  561.76096    0  433  625.63914  561.76096  10.2%     -  130s
     0     0  561.76341    0  434  625.63914  561.76341  10.2%     -  131s
     0     0  561.98497    0  434  625.63914  561.98497  10.2%     -  134s
     0     0  561.98778    0  436  625.63914  561.98778  10.2%     -  135s
     0     0  562.34656    0  420  625.63914  562.34656  10.1%     -  146s
H    0     0                     622.9436310  562.34656  9.73%     -  146s
     0     0  562.35713    0  428  622.94363  562.35713  9.73%     -  149s
     0     0  562.36845    0  428  622.94363  562.36845  9.72%     -  149s
     0     0  562.36845    0  429  622.94363  562.36845  9.72%     -  149s
     0     0  562.37896    0  417  622.94363  562.37896  9.72%     -  151s
     0     0  562.37896    0  319  622.94363  562.37896  9.72%     -  155s
     0     0  562.37896    0  367  622.94363  562.37896  9.72%     -  163s
H    0     0                     622.1651307  562.37896  9.61%     -  167s
H    0     0                     621.8899687  562.37896  9.57%     -  167s
H    0     0                     621.0865573  562.37896  9.45%     -  167s
H    0     0                     620.8113952  562.37896  9.41%     -  168s
     0     0  562.37896    0  421  620.81140  562.37896  9.41%     -  176s
     0     0  562.40841    0  434  620.81140  562.40841  9.41%     -  181s
     0     0  562.51954    0  431  620.81140  562.51954  9.39%     -  182s
     0     0  562.51957    0  428  620.81140  562.51957  9.39%     -  183s
     0     0  563.31267    0  423  620.81140  563.31267  9.26%     -  186s
     0     0  563.31938    0  428  620.81140  563.31938  9.26%     -  187s
     0     0  563.31942    0  429  620.81140  563.31942  9.26%     -  187s
     0     0  563.65930    0  411  620.81140  563.65930  9.21%     -  192s
     0     0  563.67304    0  443  620.81140  563.67304  9.20%     -  193s
     0     0  563.67372    0  452  620.81140  563.67372  9.20%     -  194s
     0     0  563.89817    0  400  620.81140  563.89817  9.17%     -  202s
     0     0  563.90332    0  407  620.81140  563.90332  9.17%     -  204s
     0     0  563.90524    0  421  620.81140  563.90524  9.17%     -  204s
     0     0  563.91499    0  409  620.81140  563.91499  9.16%     -  206s
     0     0  563.92374    0  411  620.81140  563.92374  9.16%     -  206s
     0     0  563.92374    0  411  620.81140  563.92374  9.16%     -  206s
     0     0  563.98745    0  417  620.81140  563.98745  9.15%     -  210s
H    0     0                     620.3866066  563.99220  9.09%     -  210s
     0     0  563.99220    0  424  620.38661  563.99220  9.09%     -  214s
     0     0  564.01973    0  406  620.38661  564.01973  9.09%     -  216s
     0     0  564.02390    0  409  620.38661  564.02390  9.09%     -  219s
     0     0  564.02513    0  415  620.38661  564.02513  9.08%     -  223s
     0     0  564.22401    0  419  620.38661  564.22401  9.05%     -  229s
     0     0  564.24708    0  428  620.38661  564.24708  9.05%     -  235s
     0     0  564.25033    0  428  620.38661  564.25033  9.05%     -  236s
     0     0  564.25518    0  430  620.38661  564.25518  9.05%     -  236s
     0     0  564.25518    0  433  620.38661  564.25518  9.05%     -  237s
     0     0  564.25518    0  448  620.38661  564.25518  9.05%     -  239s
H    0     0                     619.1222101  564.25518  8.86%     -  241s
     0     0  564.26290    0  438  619.12221  564.26290  8.86%     -  246s
     0     0  564.26311    0  442  619.12221  564.26311  8.86%     -  247s
     0     0  564.27865    0  434  619.12221  564.27865  8.86%     -  248s
     0     0  564.27969    0  435  619.12221  564.27969  8.86%     -  249s
     0     0  564.40244    0  437  619.12221  564.40244  8.84%     -  251s
     0     0  564.47573    0  433  619.12221  564.47573  8.83%     -  252s
     0     0  564.47573    0  427  619.12221  564.47573  8.83%     -  252s
     0     0  564.47573    0  426  619.12221  564.47573  8.83%     -  253s
     0     0  564.47573    0  413  619.12221  564.47573  8.83%     -  253s
     0     0  564.47573    0  415  619.12221  564.47573  8.83%     -  253s
     0     0  564.47573    0  413  619.12221  564.47573  8.83%     -  254s
     0     0  564.47573    0  413  619.12221  564.47573  8.83%     -  254s
     0     0  564.47573    0  400  619.12221  564.47573  8.83%     -  256s
H    0     0                     619.0816024  564.47573  8.82%     -  261s
     0     2  564.47573    0  400  619.08160  564.47573  8.82%     -  267s
     3     8  564.89095    2  389  619.08160  564.52084  8.81%   569  270s
    11    15  565.05983    4  392  619.08160  564.53113  8.81%  5417  279s
    14    17  565.14837    5  397  619.08160  564.53113  8.81%  4941  284s
    16    20  566.67225    6  382  619.08160  564.53113  8.81%  6851  289s
    19    22  567.15714    7  355  619.08160  564.53113  8.81%  9317  295s
    21    26  566.95960    7  370  619.08160  564.53113  8.81%  9151  301s
    25    29  568.66792    9  340  619.08160  564.53113  8.81%  9030  308s
    28    33  568.21551    8  385  619.08160  564.53113  8.81%  8533  312s
    32    37  568.26828    9  369  619.08160  564.53113  8.81%  8328  317s
    36    41  568.29310   10  367  619.08160  564.53113  8.81%  8046  321s
    40    46  568.33357   11  368  619.08160  564.53113  8.81%  7663  328s
    45    50  568.51412   12  355  619.08160  564.53113  8.81%  7026  333s
H   47    50                     615.6426889  564.53113  8.30%  6957  333s
    49    54  570.17871   12  368  615.64269  564.53113  8.30%  6902  341s
    53    69  568.68916   13  336  615.64269  564.53113  8.30%  6582  348s
    68    80  570.80631   16  326  615.64269  564.53113  8.30%  5973  353s
    79    86  570.41768   17  354  615.64269  564.53113  8.30%  5473  356s
H   83    86                     615.6426835  564.53113  8.30%  5236  356s

Cutting planes:
  Gomory: 2
  Cover: 5
  Implied bound: 192
  Clique: 2
  MIR: 57
  Flow cover: 107
  GUB cover: 1
  Zero half: 46
  RLT: 5
  Relax-and-lift: 200
  BQP: 6

Explored 89 nodes (1067404 simplex iterations) in 360.01 seconds (1012.25 work units)
Thread count was 4 (of 32 available processors)

Solution count 10: 615.643 619.082 619.122 ... 625.639

Time limit reached
Best objective 6.156426835366e+02, best bound 5.645311340168e+02, gap 8.3021%

User-callback calls 86545, time in user-callback 0.02 sec
Cap boundary reject: PORT-588 real=615.610 baseline=612.836
Cap boundary debug: PORT-588 -> [133 134 230 232 234 235 231 227 178 226 224 225 222 220 216 217 218 192 193 194 195 196 197 198 200 201 199 202 203 204 131 205 206 207 208 209 210 211 212 213 214 215 237 238 241 242 98 97 233] -> PORT-583 -> [99 100 246 247 245 248 249 251 250 244 243 240 239 236 221 223 219 191 190 189 188 187 186 185 184 183 182 177 176 175 174 173 172 171 170 169 168 167 166 165 164 163 162 161 160 159 158 157 156 155 228 229 132] -> PORT-583 | load_left=44569 load_right=26542 cap=45000
Set parameter Username
Set parameter LicenseID to value 2738882
Academic license - for non-commercial use only - expires 2026-11-14
Set parameter TimeLimit to value 360
Set parameter Seed to value 1977341652
Set parameter Threads to value 4
Set parameter OutputFlag to value 1
Set parameter LogToConsole to value 1
Set parameter LazyConstraints to value 1
Gurobi Optimizer version 13.0.0 build v13.0.0rc1 (linux64 - "Debian GNU/Linux 13 (trixie)")

CPU model: AMD Ryzen 9 5950X 16-Core Processor, instruction set [SSE2|AVX|AVX2]
Thread count: 16 physical cores, 32 logical processors, using up to 4 threads

Non-default parameters:
TimeLimit  360
Seed  1977341652
Threads  4
LazyConstraints  1

Optimize a model with 45330 rows, 129792 columns and 259572 nonzeros (Min)
Model fingerprint: 0x9abadfdd
Model has 42848 linear objective coefficients
Variable types: 86528 continuous, 43264 integer (43264 binary)
Coefficient statistics:
  Matrix range     [1e+00, 4e+04]
  Objective range  [5e-05, 1e+05]
  Bounds range     [1e+00, 4e+04]
  RHS range        [1e+00, 9e+03]
Presolve removed 2278 rows and 44612 columns
Presolve time: 0.27s
Presolved: 43052 rows, 85180 columns, 255016 nonzeros
Variable types: 42228 continuous, 42952 integer (42952 binary)
Root relaxation presolved: 43052 rows, 85180 columns, 255016 nonzeros

Deterministic concurrent LP optimizer: primal and dual simplex
Showing primal log only...


Root simplex log...

Iteration    Objective       Primal Inf.    Dual Inf.      Time
   90896    4.9356256e+02   0.000000e+00   5.359804e-01      5s
   98835    4.9382041e+02   0.000000e+00   0.000000e+00      5s
Concurrent spin time: 0.00s

Solved with primal simplex

Root relaxation: objective 4.938204e+02, 98835 iterations, 5.04 seconds (10.48 work units)

    Nodes    |    Current Node    |     Objective Bounds      |     Work
 Expl Unexpl |  Obj  Depth IntInf | Incumbent    BestBd   Gap | It/Node Time

     0     0  493.82041    0  326          -  493.82041      -     -    6s
H    0     0                     881.1610326  493.82041  44.0%     -    7s
H    0     0                     767.2995082  493.82041  35.6%     -   10s
H    0     0                     753.1521065  493.82041  34.4%     -   10s
     0     0  493.82041    0  325  753.15211  493.82041  34.4%     -   11s
     0     0  499.24524    0  369  753.15211  499.24524  33.7%     -   19s
H    0     0                     683.7144137  499.24524  27.0%     -   20s
H    0     0                     677.5147208  499.24524  26.3%     -   20s
H    0     0                     670.4904953  499.24524  25.5%     -   21s
H    0     0                     668.2620130  499.24524  25.3%     -   22s
H    0     0                     662.9188815  499.24524  24.7%     -   22s
H    0     0                     651.4002286  499.24524  23.4%     -   23s
H    0     0                     639.5186851  499.24524  21.9%     -   23s
H    0     0                     634.8130313  499.24524  21.4%     -   24s
H    0     0                     623.4156107  499.24524  19.9%     -   24s
H    0     0                     615.3998431  499.24524  18.9%     -   25s
H    0     0                     612.8127291  499.24524  18.5%     -   26s
H    0     0                     612.4021966  499.24524  18.5%     -   26s
H    0     0                     608.1643377  499.24524  17.9%     -   27s
H    0     0                     608.1586166  499.24524  17.9%     -   27s
     0     0  499.24524    0  364  608.15862  499.24524  17.9%     -   29s
     0     0  501.29548    0  397  608.15862  501.29548  17.6%     -   38s
     0     0  501.65481    0  400  608.15862  501.65481  17.5%     -   39s
     0     0  501.65524    0  398  608.15862  501.65524  17.5%     -   39s
     0     0  504.46509    0  413  608.15862  504.46509  17.1%     -   58s
     0     0  504.65619    0  412  608.15862  504.65619  17.0%     -   60s
     0     0  504.67233    0  416  608.15862  504.67233  17.0%     -   61s
     0     0  504.67233    0  412  608.15862  504.67233  17.0%     -   61s
     0     0  505.17668    0  414  608.15862  505.17668  16.9%     -   68s
     0     0  505.34067    0  441  608.15862  505.34067  16.9%     -   72s
     0     0  505.34382    0  437  608.15862  505.34382  16.9%     -   72s
     0     0  507.43786    0  439  608.15862  507.43786  16.6%     -   82s
     0     0  507.45333    0  439  608.15862  507.45333  16.6%     -   83s
     0     0  507.45663    0  437  608.15862  507.45663  16.6%     -   86s
     0     0  507.45666    0  437  608.15862  507.45666  16.6%     -   86s
     0     0  507.84619    0  436  608.15862  507.84619  16.5%     -   92s
     0     0  507.84965    0  443  608.15862  507.84965  16.5%     -   94s
     0     0  507.84967    0  441  608.15862  507.84967  16.5%     -   94s
     0     0  508.08120    0  423  608.15862  508.08120  16.5%     -  102s
     0     0  508.08124    0  428  608.15862  508.08124  16.5%     -  102s
     0     0  508.08746    0  446  608.15862  508.08746  16.5%     -  116s
     0     0  508.08759    0  447  608.15862  508.08759  16.5%     -  118s
     0     0  509.14251    0  436  608.15862  509.14251  16.3%     -  133s
H    0     0                     605.7016942  509.14251  15.9%     -  144s
H    0     0                     602.1100839  509.14251  15.4%     -  144s
H    0     0                     601.6643449  509.14251  15.4%     -  145s
H    0     0                     599.5262051  509.14251  15.1%     -  146s
H    0     0                     599.2642769  509.14251  15.0%     -  150s
H    0     0                     594.7930118  509.14251  14.4%     -  151s
     0     0  509.15048    0  433  594.79301  509.15048  14.4%     -  159s
     0     0  509.15125    0  424  594.79301  509.15125  14.4%     -  159s
     0     0  509.24322    0  432  594.79301  509.24322  14.4%     -  163s
H    0     0                     593.4618209  509.24322  14.2%     -  165s
     0     0  509.24328    0  439  593.46182  509.24328  14.2%     -  166s
     0     0  509.40967    0  440  593.46182  509.40967  14.2%     -  171s
     0     0  509.41082    0  435  593.46182  509.41082  14.2%     -  172s
     0     0  509.41085    0  426  593.46182  509.41085  14.2%     -  175s
H    0     0                     593.0310345  509.41085  14.1%     -  176s
     0     0  509.41085    0  428  593.03103  509.41085  14.1%     -  176s
     0     0  509.43074    0  433  593.03103  509.43074  14.1%     -  180s
     0     0  509.43074    0  433  593.03103  509.43074  14.1%     -  180s
     0     0  509.43074    0  413  593.03103  509.43074  14.1%     -  180s
H    0     0                     587.4703594  509.43074  13.3%     -  195s
H    0     0                     585.4628325  509.43074  13.0%     -  202s
     0     2  509.43074    0  413  585.46283  509.43074  13.0%     -  206s
     3     7  509.45241    2  424  585.46283  509.44286  13.0%  3023  218s
     6    11  510.04754    3  423  585.46283  509.45241  13.0%  5200  221s
    10    12  509.84019    4  414  585.46283  509.48297  13.0%  4180  227s
    11    15  510.25689    5  410  585.46283  509.48297  13.0%  3864  234s
    14    18  510.91110    6  412  585.46283  509.52069  13.0%  3138  241s
    17    19  510.49379    4  412  585.46283  509.52069  13.0%  3277  257s
H   18    21                     565.5400580  509.52069  9.91%  3095  265s
H   20    24                     564.9570974  509.52069  9.81%  2795  273s
    24    25  509.52069    2  413  564.95710  509.52069  9.81%  2685  319s
    26    26  511.51841    8  333  564.95710  509.52069  9.81%  2478  328s
H   26    24                     564.9570951  509.52069  9.81%  2478  345s
    27    25  509.70136    4  389  564.95710  509.52069  9.81%  2387  350s
    28    26  511.51841    8  404  564.95710  509.52069  9.81%  2301  355s

Cutting planes:
  Gomory: 9
  Cover: 8
  Implied bound: 94
  Projected implied bound: 1
  Clique: 1
  MIR: 32
  Flow cover: 41
  Zero half: 27
  RLT: 4
  Relax-and-lift: 106

Explored 28 nodes (554924 simplex iterations) in 360.00 seconds (1007.68 work units)
Thread count was 4 (of 32 available processors)

Solution count 10: 564.957 564.957 565.54 ... 599.526

Time limit reached
Best objective 5.649570951197e+02, best bound 5.095206855250e+02, gap 9.8125%

User-callback calls 56516, time in user-callback 0.01 sec
Cap boundary reject: PORT-583 real=615.763 baseline=609.525
Cap boundary debug: PORT-583 -> [99 100 246 247 245 248 249 251 250 244 243 240 239 236 221 223 219 191 190 189 188 187 186 185 184 183 182 177 176 175 174 173 172 171 170 169 168 167 166 165 164 163 162 161 160 159 158 157 156 155 228 229 132] -> PORT-583 -> [180 179 154 153 152 151 138 141 140 139 150 149 148 147 146 145 144 142 9 8 7 2 137 136 135 181] -> BOAT-END | load_left=26542 load_right=32880 cap=45000
Set parameter Username
Set parameter LicenseID to value 2738882
Academic license - for non-commercial use only - expires 2026-11-14
Set parameter TimeLimit to value 360
Set parameter Seed to value 1455623498
Set parameter Threads to value 4
Set parameter OutputFlag to value 1
Set parameter LogToConsole to value 1
Set parameter LazyConstraints to value 1
Gurobi Optimizer version 13.0.0 build v13.0.0rc1 (linux64 - "Debian GNU/Linux 13 (trixie)")

CPU model: AMD Ryzen 9 5950X 16-Core Processor, instruction set [SSE2|AVX|AVX2]
Thread count: 16 physical cores, 32 logical processors, using up to 4 threads

Non-default parameters:
TimeLimit  360
Seed  1455623498
Threads  4
LazyConstraints  1

Optimize a model with 27850 rows, 78732 columns and 157452 nonzeros (Min)
Model fingerprint: 0xe2872571
Model has 25920 linear objective coefficients
Variable types: 52488 continuous, 26244 integer (26244 binary)
Coefficient statistics:
  Matrix range     [1e+00, 4e+04]
  Objective range  [5e-05, 2e+02]
  Bounds range     [1e+00, 4e+04]
  RHS range        [1e+00, 9e+03]
Presolve removed 1772 rows and 27293 columns
Presolve time: 0.28s
Presolved: 26078 rows, 51439 columns, 153984 nonzeros
Variable types: 25438 continuous, 26001 integer (26001 binary)
Root relaxation presolved: 26078 rows, 51439 columns, 153984 nonzeros

Deterministic concurrent LP optimizer: primal and dual simplex
Showing primal log only...

Concurrent spin time: 0.00s

Solved with primal simplex

Root relaxation: objective 4.835973e+02, 51327 iterations, 2.12 seconds (4.34 work units)

    Nodes    |    Current Node    |     Objective Bounds      |     Work
 Expl Unexpl |  Obj  Depth IntInf | Incumbent    BestBd   Gap | It/Node Time

     0     0  483.59735    0  262          -  483.59735      -     -    3s
H    0     0                     882.5519179  483.59735  45.2%     -    3s
H    0     0                     872.1849151  483.59735  44.6%     -    3s
H    0     0                     869.8855158  483.59735  44.4%     -    5s
H    0     0                     866.9659604  483.59735  44.2%     -    6s
H    0     0                     864.7580700  483.59735  44.1%     -    8s
H    0     0                     862.2136693  483.59735  43.9%     -    9s
H    0     0                     648.6379472  483.59735  25.4%     -    9s
     0     0  483.59735    0  262  648.63795  483.59735  25.4%     -   11s
     0     0  488.05139    0  284  648.63795  488.05139  24.8%     -   16s
H    0     0                     611.3035160  488.05679  20.2%     -   16s
H    0     0                     610.1015341  488.05679  20.0%     -   16s
H    0     0                     585.2772170  488.05679  16.6%     -   17s
H    0     0                     585.1889802  488.05679  16.6%     -   17s
H    0     0                     584.0599722  488.05679  16.4%     -   17s
H    0     0                     579.9793262  488.05679  15.8%     -   17s
H    0     0                     574.7953073  488.05679  15.1%     -   18s
H    0     0                     559.6050899  488.05679  12.8%     -   18s
H    0     0                     559.5521777  488.05679  12.8%     -   18s
H    0     0                     555.4715317  488.05679  12.1%     -   18s
H    0     0                     553.9956685  488.05679  11.9%     -   18s
     0     0  488.05679    0  284  553.99567  488.05679  11.9%     -   21s
     0     0  489.68532    0  266  553.99567  489.68532  11.6%     -   26s
     0     0  489.68532    0  265  553.99567  489.68532  11.6%     -   26s
     0     0  489.88428    0  287  553.99567  489.88428  11.6%     -   28s
     0     0  490.49333    0  286  553.99567  490.49333  11.5%     -   28s
     0     0  490.49333    0  286  553.99567  490.49333  11.5%     -   28s
     0     0  492.21985    0  281  553.99567  492.21985  11.2%     -   33s
     0     0  492.21985    0  280  553.99567  492.21985  11.2%     -   34s
     0     0  492.25274    0  290  553.99567  492.25274  11.1%     -   37s
     0     0  492.25274    0  255  553.99567  492.25274  11.1%     -   39s
     0     0  503.59068    0  261  553.99567  503.59068  9.10%     -   44s
H    0     0                     553.9956521  503.60078  9.10%     -   46s
     0     0  505.74410    0  296  553.99565  505.74410  8.71%     -   51s
     0     0  505.74673    0  301  553.99565  505.74673  8.71%     -   52s
     0     0  505.74673    0  301  553.99565  505.74673  8.71%     -   52s
     0     0  505.79475    0  299  553.99565  505.79475  8.70%     -   53s
     0     0  505.79514    0  297  553.99565  505.79514  8.70%     -   54s
     0     0  505.98428    0  299  553.99565  505.98428  8.67%     -   56s
     0     0  506.00291    0  307  553.99565  506.00291  8.66%     -   56s
     0     0  506.00299    0  311  553.99565  506.00299  8.66%     -   56s
     0     0  506.20639    0  318  553.99565  506.20639  8.63%     -   59s
     0     0  506.20650    0  316  553.99565  506.20650  8.63%     -   60s
     0     0  512.44998    0  315  553.99565  512.44998  7.50%     -   64s
     0     0  512.45366    0  316  553.99565  512.45366  7.50%     -   64s
     0     0  512.76535    0  314  553.99565  512.76535  7.44%     -   66s
     0     0  512.76535    0  256  553.99565  512.76535  7.44%     -   67s
     0     0  512.76535    0  259  553.99565  512.76535  7.44%     -   71s
     0     0  512.76535    0  282  553.99565  512.76535  7.44%     -   76s
     0     0  512.76535    0  303  553.99565  512.76535  7.44%     -   78s
     0     0  512.76535    0  303  553.99565  512.76535  7.44%     -   80s
     0     0  512.76535    0  300  553.99565  512.76535  7.44%     -   80s
     0     0  512.76535    0  299  553.99565  512.76535  7.44%     -   81s
     0     0  512.76535    0  298  553.99565  512.76535  7.44%     -   81s
     0     0  513.15675    0  305  553.99565  513.15675  7.37%     -   82s
     0     0  513.16201    0  305  553.99565  513.16201  7.37%     -   83s
     0     0  513.20589    0  299  553.99565  513.20589  7.36%     -   84s
     0     0  513.21343    0  299  553.99565  513.21343  7.36%     -   84s
     0     0  513.29255    0  301  553.99565  513.29255  7.35%     -   85s
     0     0  513.29311    0  301  553.99565  513.29311  7.35%     -   85s
     0     0  513.71740    0  286  553.99565  513.71740  7.27%     -   85s
     0     0  513.73589    0  286  553.99565  513.73589  7.27%     -   88s
     0     0  513.73589    0  287  553.99565  513.73589  7.27%     -   88s
     0     0  513.73589    0  288  553.99565  513.73589  7.27%     -   88s
     0     0  513.73589    0  287  553.99565  513.73589  7.27%     -   89s
     0     0  513.73589    0  287  553.99565  513.73589  7.27%     -   90s
     0     0  513.73589    0  287  553.99565  513.73589  7.27%     -   90s
     0     0  513.73589    0  288  553.99565  513.73589  7.27%     -   91s
     0     0  513.73589    0  288  553.99565  513.73589  7.27%     -   91s
     0     0  513.73589    0  288  553.99565  513.73589  7.27%     -   91s
     0     0  513.73589    0  286  553.99565  513.73589  7.27%     -   91s
     0     2  513.73589    0  284  553.99565  513.73589  7.27%     -   97s
     3     8  514.69857    2  161  553.99565  514.13405  7.20%  3534  100s
    19    29  515.35237    5  159  553.99565  514.47176  7.13%  2919  106s
    28    40  515.54253    7  172  553.99565  514.47176  7.13%  3217  110s
    69    75  518.06098   17  101  553.99565  514.47176  7.13%  2038  116s
    80    89  518.93258   18  158  553.99565  514.47176  7.13%  2434  120s
   108   114  517.76463   26  149  553.99565  514.47176  7.13%  2102  125s
   128   133  517.95672   30  149  553.99565  514.47176  7.13%  2405  132s
   133   141  517.95672   31  151  553.99565  514.47176  7.13%  2462  137s
   146   152  518.39613   33  152  553.99565  514.47176  7.13%  2651  147s
   158   160  519.58650   35  155  553.99565  514.47176  7.13%  2713  153s
   162   165  519.58650   36  155  553.99565  514.47176  7.13%  2690  155s
   182   194  519.80409   39  144  553.99565  514.47176  7.13%  2557  161s
   222   235  520.18962   42  140  553.99565  514.47176  7.13%  2265  168s
   238   248  520.34529   44  158  553.99565  514.47176  7.13%  2234  170s
   292   289  521.40659   52  151  553.99565  514.47176  7.13%  2032  175s
   363   375  521.82465   68  155  553.99565  514.47176  7.13%  1891  180s
   391   392  523.12431   71  176  553.99565  514.47176  7.13%  1858  185s
   459   488  523.84551   83  175  553.99565  514.47176  7.13%  1777  192s
   509   526  523.97968   86  195  553.99565  514.47176  7.13%  1677  195s
   653   700  524.99374  104  144  553.99565  514.70978  7.09%  1476  201s
   806   799  526.19780  137   94  553.99565  514.70978  7.09%  1332  206s
   918   941  531.10401  179   90  553.99565  514.70978  7.09%  1294  211s
H  993  1042                     553.9955236  514.70978  7.09%  1240  213s
H 1096  1159                     552.9016605  514.70978  6.91%  1160  218s
  1227  1285  535.70870  235  107  552.90166  515.35375  6.79%  1074  222s
H 1355  1285                     552.5875715  515.35375  6.74%  1017  222s
  1356  1286  532.55477  119  290  552.58757  515.35375  6.74%  1016  233s
  1358  1287  535.37036  215  275  552.58757  515.35375  6.74%  1014  237s
  1359  1288  527.64199  149  303  552.58757  515.35375  6.74%  1014  242s
  1361  1289  543.21920  144  300  552.58757  515.35375  6.74%  1012  246s
  1369  1295  532.87483  254  292  552.58757  515.35375  6.74%  1006  250s
H 1373  1231                     552.5875713  515.35375  6.74%  1003  253s
  1377  1234  536.37521  253  308  552.58757  515.35375  6.74%  1000  255s
  1384  1239  537.29076   82  301  552.58757  515.35375  6.74%   995  261s
  1387  1241  523.44554   78  292  552.58757  515.35375  6.74%   993  266s
  1388  1241  534.58228  202  292  552.58757  515.87802  6.64%   992  273s
  1389  1245  515.87802   11  186  552.58757  515.87802  6.64%  1085  275s
  1399  1258  515.87802   14  209  552.58757  515.87802  6.64%  1116  281s
  1411  1263  517.37815   15  168  552.58757  515.87802  6.64%  1136  285s
  1429  1275  516.41951   17  111  552.58757  515.87802  6.64%  1161  292s
  1445  1284  518.14758   18  159  552.58757  515.87802  6.64%  1180  296s
  1476  1296  517.25969   21  127  552.58757  515.87802  6.64%  1206  301s
  1515  1305  544.20106   25   61  552.58757  515.87802  6.64%  1232  306s
  1562  1308  520.78879   30  110  552.58757  515.87802  6.64%  1238  310s
  1602  1305     cutoff   33       552.58757  515.87802  6.64%  1254  315s
  1645  1313  524.98460   35  153  552.58757  516.45256  6.54%  1269  321s
  1666  1321  527.99542   40  140  552.58757  516.45256  6.54%  1295  326s
  1688  1334  524.80696   41   63  552.58757  516.45256  6.54%  1320  330s
  1743  1341  525.22460   57   68  552.58757  516.45256  6.54%  1345  336s
  1781  1347  525.87870   62  107  552.58757  516.45256  6.54%  1371  340s
  1855  1355  526.14450   75   91  552.58757  516.45256  6.54%  1364  345s
  1956  1349  526.58207   84   88  552.58757  516.46749  6.54%  1348  350s
H 2031  1265                     552.5875675  516.46749  6.54%  1331  353s
  2047  1277     cutoff  100       552.58757  516.46749  6.54%  1324  356s

Cutting planes:
  Gomory: 24
  Cover: 5
  Implied bound: 53
  Projected implied bound: 2
  MIR: 26
  StrongCG: 1
  Flow cover: 38
  GUB cover: 1
  Zero half: 19
  Mod-K: 1
  RLT: 3
  Relax-and-lift: 40
  BQP: 1

Explored 2152 nodes (3182963 simplex iterations) in 360.00 seconds (1141.43 work units)
Thread count was 4 (of 32 available processors)

Solution count 10: 552.588 552.902 553.996 ... 584.06

Time limit reached
Best objective 5.525875675163e+02, best bound 5.166202042220e+02, gap 6.5089%

User-callback calls 74614, time in user-callback 0.01 sec
Set parameter Username
Set parameter LicenseID to value 2738882
Academic license - for non-commercial use only - expires 2026-11-14
Segment 1 eval: start=BOAT-0 end=PORT-581 stations=87 (optimize)
  Segment 1 order: 1 3 4 -25 -5 -6 10 11 143 15 16 17 -18 -13 14 12 -24 -23 -22 -21 19 20 -41 42 43 44 45 46 -396 -47 -40 39 48 49 50 -38 -37 51 -52 59 -57 56 55 -54 -53 66 67 69 -36 -35 -34 -33 -32 -31 -30 -29 -28 -27 -26 93 -92 94 -96 -95 90 91 -89 88 -87 86 -85 -84 -83 -82 -81 -80 79 -78 -77 -70 -76 75 72 73 -74 -71 -68
Segment 2 eval: start=PORT-581 end=PORT-591 stations=58 (optimize)
  Segment 2 order: 65 -63 64 -58 60 61 62 391 392 393 394 395 397 398 399 -400 -401 389 390 388 -387 -386 -385 -402 403 405 406 -407 -404 409 408 -410 411 412 -413 -415 416 -417 425 381 426 -368 -367 -366 -365 364 362 -361 -360 -359 -358 -357 -356 -355 354 -353 348 -363
Segment 3 eval: start=PORT-591 end=PORT-591 stations=111 (optimize)
  Segment 3 order: -346 276 277 278 279 280 281 -556 282 283 -284 555 558 559 -560 561 -562 -554 553 550 551 552 285 286 287 288 289 290 291 292 293 294 -295 296 297 306 -305 -298 299 300 301 302 304 -303 307 308 309 -310 311 312 -313 314 315 316 317 318 319 320 340 341 342 343 344 345 334 335 336 337 338 339 321 322 323 324 325 -327 328 330 -331 -329 -326 349 350 351 352 -373 372 -374 375 376 377 379 380 414 382 384 -383 419 420 421 -423 -422 424 -418 -378 -371 -370 369 332 -333 347
Segment 4 eval: start=PORT-591 end=PORT-593 stations=43 (optimize)
  Segment 4 order: 557 563 564 565 566 567 568 -542 543 540 541 549 548 -547 -546 -545 -544 -539 -538 -537 536 -535 -534 -572 569 570 571 573 574 576 533 -532 -531 -530 -529 -528 -527 577 575 578 -525 526 -524
Segment 5 eval: start=PORT-593 end=PORT-593 stations=19 (optimize)
  Segment 5 order: 430 -434 -433 -432 -431 -429 -428 427 517 518 519 520 521 -580 -579 -523 -522 -516 -515
Segment 6 eval: start=PORT-593 end=PORT-584 stations=31 (optimize)
  Segment 6 order: -512 513 -514 -511 -510 -509 -508 -507 -506 -505 -444 -443 -442 -441 440 -439 437 -436 435 438 445 446 447 448 449 450 451 452 453 -455 -454
Segment 7 eval: start=PORT-584 end=PORT-584 stations=32 (optimize)
  Segment 7 order: 500 502 -488 489 490 491 492 -493 482 483 463 464 465 -466 474 -473 -475 479 480 -481 -478 -477 -476 -114 494 -113 -112 495 496 497 498 499
Segment 8 eval: start=PORT-584 end=PORT-584 stations=11 (optimize)
  Segment 8 order: -487 -485 -461 -460 -459 -458 -457 -456 -504 -503 501
Segment 9 eval: start=PORT-584 end=PORT-588 stations=20 (optimize)
  Segment 9 order: 486 -462 484 467 468 469 470 -471 472 -122 -121 120 -119 -118 -117 -116 -115 -275 -111 -274
Segment 10 eval: start=PORT-588 end=PORT-588 stations=40 (optimize)
  Segment 10 order: -105 104 -103 -102 -101 108 271 272 -273 253 252 254 255 -257 256 -130 -129 -128 -258 259 260 261 262 263 -127 126 -125 -124 -123 -266 -267 -265 -264 268 269 270 -110 -109 -107 -106
Segment 11 eval: start=PORT-588 end=PORT-583 stations=49 (optimize)
  Segment 11 order: -98 97 -242 241 -238 237 -215 -214 -213 -212 -211 -210 -209 -208 -207 -206 -205 131 -204 -203 -202 199 -201 200 -198 -197 -196 -195 -194 -193 -192 -218 -217 -216 -220 222 -225 224 226 178 227 -231 235 -234 -233 -232 -230 -134 -133
Segment 12 eval: start=PORT-583 end=PORT-583 stations=53 (optimize)
  Segment 12 order: -132 -229 -228 155 156 157 158 -159 160 161 162 163 164 165 166 167 168 169 170 171 172 173 174 175 176 177 182 183 184 185 186 187 188 189 190 191 219 223 -221 236 239 240 243 244 250 -251 249 -248 -245 247 -246 -100 -99
Segment 13 eval: start=PORT-583 end=BOAT-END stations=26 (optimize)
  Segment 13 order: -181 -135 136 -137 -2 7 8 9 142 144 145 146 147 148 149 150 139 140 141 138 151 152 153 154 179 180
PROGRESS pass=2 changed=1 total=4919.796 best=4919.796 nseg=13 stall=0 mut=0/9
Capacity boundary sweep pass 3
Cap boundary debug: PORT-593 -> [512 513 514 511 510 509 508 507 506 444 443 442 441 440 439 437 436 435 438 445 446 447 448 449 452 453 455 454 451 450 505] -> PORT-584 -> [500 502 488 489 490 491 492 493 482 483 463 464 465 466 474 473 475 479 480 481 478 477 476 114 494 113 112 495 496 497 498 499] -> PORT-584 | load_left=40321 load_right=35942 cap=45000
Set parameter Username
Set parameter LicenseID to value 2738882
Academic license - for non-commercial use only - expires 2026-11-14
Set parameter TimeLimit to value 360
Set parameter Seed to value 702893759
Set parameter Threads to value 4
Set parameter OutputFlag to value 1
Set parameter LogToConsole to value 1
Set parameter LazyConstraints to value 1
Gurobi Optimizer version 13.0.0 build v13.0.0rc1 (linux64 - "Debian GNU/Linux 13 (trixie)")

CPU model: AMD Ryzen 9 5950X 16-Core Processor, instruction set [SSE2|AVX|AVX2]
Thread count: 16 physical cores, 32 logical processors, using up to 4 threads

Non-default parameters:
TimeLimit  360
Seed  702893759
Threads  4
LazyConstraints  1

Optimize a model with 18186 rows, 50700 columns and 101388 nonzeros (Min)
Model fingerprint: 0x724b8e6f
Model has 16636 linear objective coefficients
Variable types: 33800 continuous, 16900 integer (16900 binary)
Coefficient statistics:
  Matrix range     [1e+00, 4e+04]
  Objective range  [6e-01, 1e+02]
  Bounds range     [1e+00, 4e+04]
  RHS range        [1e+00, 1e+04]
Presolve removed 1420 rows and 17741 columns
Presolve time: 0.15s
Presolved: 16766 rows, 32959 columns, 98674 nonzeros
Variable types: 16254 continuous, 16705 integer (16705 binary)

Root relaxation: objective 4.500215e+02, 46773 iterations, 4.45 seconds (13.97 work units)

    Nodes    |    Current Node    |     Objective Bounds      |     Work
 Expl Unexpl |  Obj  Depth IntInf | Incumbent    BestBd   Gap | It/Node Time

     0     0  450.02146    0  230          -  450.02146      -     -    4s
H    0     0                     696.1993601  450.02146  35.4%     -    5s
H    0     0                     694.4887246  450.02146  35.2%     -    5s
H    0     0                     694.1425655  450.02146  35.2%     -    5s
H    0     0                     693.4562926  450.02146  35.1%     -    5s
H    0     0                     692.4864171  450.02146  35.0%     -    6s
H    0     0                     689.3832784  450.02146  34.7%     -    6s
H    0     0                     660.2110454  450.02146  31.8%     -    7s
H    0     0                     633.6471154  450.02146  29.0%     -    7s
     0     0  450.02146    0  228  633.64712  450.02146  29.0%     -    9s
     0     0  453.58435    0  249  633.64712  453.58435  28.4%     -   10s
H    0     0                     633.0349118  453.87584  28.3%     -   10s
H    0     0                     621.9443257  453.87584  27.0%     -   10s
H    0     0                     607.3593564  453.87584  25.3%     -   11s
H    0     0                     604.4239087  453.87584  24.9%     -   11s
H    0     0                     598.8872159  453.87584  24.2%     -   12s
H    0     0                     591.9869942  453.87584  23.3%     -   12s
H    0     0                     588.8672403  453.87584  22.9%     -   12s
H    0     0                     582.7120315  453.87584  22.1%     -   12s
H    0     0                     568.6096476  453.87584  20.2%     -   12s
H    0     0                     567.8843599  453.87584  20.1%     -   13s
     0     0  455.14783    0  246  567.88436  455.14783  19.9%     -   13s
     0     0  456.00434    0  247  567.88436  456.00434  19.7%     -   15s
     0     0  456.05539    0  247  567.88436  456.05539  19.7%     -   15s
     0     0  456.08113    0  249  567.88436  456.08113  19.7%     -   15s
     0     0  458.61528    0  256  567.88436  458.61528  19.2%     -   17s
     0     0  458.63387    0  255  567.88436  458.63387  19.2%     -   17s
     0     0  458.63387    0  256  567.88436  458.63387  19.2%     -   17s
     0     0  459.08975    0  248  567.88436  459.08975  19.2%     -   18s
     0     0  459.14243    0  255  567.88436  459.14243  19.1%     -   19s
     0     0  459.16176    0  272  567.88436  459.16176  19.1%     -   19s
     0     0  459.16176    0  273  567.88436  459.16176  19.1%     -   19s
     0     0  459.67682    0  263  567.88436  459.67682  19.1%     -   20s
     0     0  459.71300    0  259  567.88436  459.71300  19.0%     -   20s
     0     0  459.81146    0  258  567.88436  459.81146  19.0%     -   20s
     0     0  459.81298    0  259  567.88436  459.81298  19.0%     -   20s
     0     0  459.81304    0  263  567.88436  459.81304  19.0%     -   21s
     0     0  459.81304    0  263  567.88436  459.81304  19.0%     -   21s
     0     0  460.17386    0  268  567.88436  460.17386  19.0%     -   22s
     0     0  460.17386    0  264  567.88436  460.17386  19.0%     -   22s
     0     0  460.24469    0  277  567.88436  460.24469  19.0%     -   23s
     0     0  463.77258    0  267  567.88436  463.77258  18.3%     -   23s
     0     0  463.77276    0  268  567.88436  463.77276  18.3%     -   23s
     0     0  463.77276    0  267  567.88436  463.77276  18.3%     -   24s
     0     0  463.78851    0  268  567.88436  463.78851  18.3%     -   24s
     0     0  463.78851    0  265  567.88436  463.78851  18.3%     -   25s
     0     0  463.78851    0  265  567.88436  463.78851  18.3%     -   25s
     0     0  463.78851    0  265  567.88436  463.78851  18.3%     -   25s
     0     0  463.78851    0  249  567.88436  463.78851  18.3%     -   25s
     0     2  468.41433    0  249  567.88436  468.41433  17.5%     -   27s
    11    17  468.41433    4  255  567.88436  468.41433  17.5%  1457   30s
H   25    32                     553.4417490  468.41433  15.4%  2197   34s
    31    43  470.27466    8  227  553.44175  468.41433  15.4%  2370   35s
    89   103  473.64676   26  204  553.44175  468.41433  15.4%  1665   40s
   124   135  475.10016   35  192  553.44175  468.41433  15.4%  1698   45s
H  147   161                     533.3764436  468.41433  12.2%  1622   48s
H  164   165                     531.7379803  468.41433  11.9%  1584   49s
   166   193  478.10067   51  174  531.73798  468.41433  11.9%  1567   50s
   367   427  483.52228  106  167  531.73798  468.41433  11.9%   897   55s
H  428   461                     531.1206736  468.41433  11.8%   796   56s
   895   989  493.79033  183  137  531.12067  468.41433  11.8%   462   60s
H 1148  1240                     526.8152599  468.41433  11.1%   377   61s
  1844  1920  511.53224  598   98  526.81526  468.41433  11.1%   262   65s
H 1991  1918                     526.1541260  468.41433  11.0%   252   66s
  1996  1919  497.73726  240  249  526.15413  468.41433  11.0%   251   77s
  1998  1920  506.29598  270  229  526.15413  468.41433  11.0%   251   81s
H 1998  1823                     526.0618746  468.41433  11.0%   251   83s
  1999  1824  508.52406  267  248  526.06187  468.41433  11.0%   251   85s
  2005  1828  513.65315   90  275  526.06187  468.41433  11.0%   250   90s
  2010  1831  508.07307  529  284  526.06187  468.93480  10.9%   249   95s
  2014  1834  515.21969  377  276  526.06187  474.31664  9.84%   249  100s
  2019  1837  479.18976   17  283  526.06187  475.75127  9.56%   248  105s
  2024  1841  507.86280  297  270  526.06187  476.02974  9.51%   248  110s
  2029  1844  505.11399  431  273  526.06187  476.58968  9.40%   247  116s
  2033  1847  486.25352   14  284  526.06187  476.95061  9.34%   247  121s
  2037  1849  496.53695  230  323  526.06187  477.65113  9.20%   246  125s
  2043  1853  492.93669  170  324  526.06187  479.10828  8.93%   245  130s
  2048  1857  506.62001  476  327  526.06187  483.07547  8.17%   245  135s
  2053  1861  499.84967   44  246  526.06187  483.07547  8.17%   328  142s
  2060  1866  484.81288  116  294  526.06187  484.29903  7.94%   327  146s
  2065  1869  506.98149  468  331  526.06187  485.60120  7.69%   326  150s
  2071  1873  486.53768   94  328  526.06187  486.53768  7.51%   325  155s
  2076  1876  493.97261   32  342  526.06187  487.19520  7.39%   325  160s
  2078  1878  504.60706  107  335  526.06187  487.39053  7.35%   324  165s
  2083  1881  501.07340  348  348  526.06187  487.62180  7.31%   324  171s
  2085  1885  489.86947   24  317  526.06187  487.62180  7.31%   385  175s
  2121  1914  492.88480   30  321  526.06187  489.96886  6.86%   415  180s
  2180  1950  496.70638   36  263  526.06187  489.96886  6.86%   441  185s
  2294  1990  501.25128   47  283  526.06187  489.96886  6.86%   461  190s
  2518  2027  492.29425   27  265  526.06187  490.48616  6.76%   454  195s
  2664  2079  503.79028   41  197  526.06187  490.89871  6.68%   456  200s
  3018  2085  512.70717   76  179  526.06187  491.13754  6.64%   441  205s
  3231  2142  503.22622   38  206  526.06187  491.39708  6.59%   444  211s
  3402  2192  500.88710   28  282  526.06187  491.39708  6.59%   444  215s
  3640  2254  505.41219   31  237  526.06187  491.39708  6.59%   443  220s
  3905  2422  509.28218   42  222  526.06187  491.56302  6.56%   458  226s
  4228  2465  513.71869   44  170  526.06187  493.24066  6.24%   454  232s
  4289  2504  499.25119   37  256  526.06187  493.24066  6.24%   463  236s
  4459  2571  513.30815   52  203  526.06187  493.70020  6.15%   471  240s
  4752  2646  501.92661   41  308  526.06187  493.70020  6.15%   465  245s
  5011  2780  519.46413   92  250  526.06187  494.02785  6.09%   465  250s
  5286  2844  513.85485   39  179  526.06187  494.09936  6.08%   469  255s
  5628  2977  515.74387   78  254  526.06187  494.22462  6.05%   470  260s
H 5776  2833                     526.0618741  494.22462  6.05%   464  260s
  6021  2954  506.76603   42  212  526.06187  494.40928  6.02%   462  266s
  6476  3044  505.27534   31  267  526.06187  494.73188  5.96%   459  272s
  6608  3134  500.08959   41  312  526.06187  495.00858  5.90%   462  276s
  7154  3246  520.21880   74  275  526.06187  495.25675  5.86%   455  283s
  7282  3404  509.96157   40  245  526.06187  495.38951  5.83%   462  286s
  7539  3539  516.80823   88  225  526.06187  495.51997  5.81%   460  290s
  8018  3799  504.97371   38  243  526.06187  495.58003  5.79%   454  299s
  8158  3908  503.92374   35  224  526.06187  495.58003  5.79%   459  304s
  8309  4249  505.82760   47  256  526.06187  495.97840  5.72%   468  308s
  8738  4503  510.28895   42  293  526.06187  496.07907  5.70%   461  313s
  9119  4636  505.67910   38  274  526.06187  496.27987  5.66%   457  319s
  9299  4869  508.07017   58  279  526.06187  496.51705  5.62%   460  324s
  9648  5031  506.07140   50  180  526.06187  496.68598  5.58%   456  330s
  9855  5328  517.30877   93  202  526.06187  496.68598  5.58%   456  335s
 10333  5659  515.37810   49  242  526.06187  497.14387  5.50%   451  341s
 10862  6018  519.58601   42  159  526.06187  497.31729  5.46%   446  348s
 11393  6484  518.09058   41  233  526.06187  497.54562  5.42%   444  354s
 12029  6870  512.47128   46  275  526.06187  497.80732  5.37%   439  360s

Cutting planes:
  Gomory: 8
  Cover: 32
  Implied bound: 180
  Projected implied bound: 36
  Clique: 1
  MIR: 186
  Mixing: 2
  Flow cover: 322
  GUB cover: 6
  Inf proof: 2
  Zero half: 79
  RLT: 14
  Relax-and-lift: 99
  BQP: 1

Explored 12607 nodes (5547800 simplex iterations) in 360.01 seconds (1215.70 work units)
Thread count was 4 (of 32 available processors)

Solution count 10: 526.062 526.154 526.815 ... 582.712

Time limit reached
Best objective 5.260618741215e+02, best bound 4.978629629479e+02, gap 5.3604%

User-callback calls 71466, time in user-callback 0.01 sec
Cap boundary reject: PORT-584 real=633.260 baseline=530.860
Cap boundary debug: PORT-584 -> [500 502 488 489 490 491 492 493 482 483 463 464 465 466 474 473 475 479 480 481 478 477 476 114 494 113 112 495 496 497 498 499] -> PORT-584 -> [487 485 461 460 459 458 457 456 504 503 501] -> PORT-584 | load_left=35942 load_right=43067 cap=45000
Set parameter Username
Set parameter LicenseID to value 2738882
Academic license - for non-commercial use only - expires 2026-11-14
Set parameter TimeLimit to value 360
Set parameter Seed to value 842666822
Set parameter Threads to value 4
Set parameter OutputFlag to value 1
Set parameter LogToConsole to value 1
Set parameter LazyConstraints to value 1
Gurobi Optimizer version 13.0.0 build v13.0.0rc1 (linux64 - "Debian GNU/Linux 13 (trixie)")

CPU model: AMD Ryzen 9 5950X 16-Core Processor, instruction set [SSE2|AVX|AVX2]
Thread count: 16 physical cores, 32 logical processors, using up to 4 threads

Non-default parameters:
TimeLimit  360
Seed  842666822
Threads  4
LazyConstraints  1

Optimize a model with 8986 rows, 24300 columns and 48588 nonzeros (Min)
Model fingerprint: 0x1907015a
Model has 7912 linear objective coefficients
Variable types: 16200 continuous, 8100 integer (8100 binary)
Coefficient statistics:
  Matrix range     [1e+00, 4e+04]
  Objective range  [4e-01, 1e+02]
  Bounds range     [1e+00, 4e+04]
  RHS range        [1e+00, 2e+04]
Presolve removed 980 rows and 8681 columns
Presolve time: 0.07s
Presolved: 8006 rows, 15619 columns, 46787 nonzeros
Variable types: 7654 continuous, 7965 integer (7965 binary)

Root relaxation: objective 3.744625e+02, 18511 iterations, 1.08 seconds (3.23 work units)

    Nodes    |    Current Node    |     Objective Bounds      |     Work
 Expl Unexpl |  Obj  Depth IntInf | Incumbent    BestBd   Gap | It/Node Time

     0     0  374.46249    0  177          -  374.46249      -     -    1s
H    0     0                     770.2516538  374.46249  51.4%     -    1s
H    0     0                     530.2498842  374.46249  29.4%     -    1s
H    0     0                     529.8929326  374.46249  29.3%     -    1s
H    0     0                     524.0476518  374.46249  28.5%     -    1s
H    0     0                     510.0994668  374.46249  26.6%     -    2s
H    0     0                     507.1783975  374.46249  26.2%     -    2s
H    0     0                     505.2476703  374.46249  25.9%     -    2s
     0     0  374.46249    0  176  505.24767  374.46249  25.9%     -    3s
     0     0  377.62259    0  194  505.24767  377.62259  25.3%     -    4s
H    0     0                     499.5822591  377.63097  24.4%     -    4s
H    0     0                     494.3113135  377.63097  23.6%     -    4s
H    0     0                     482.6303687  377.63097  21.8%     -    5s
     0     0  377.63613    0  197  482.63037  377.63613  21.8%     -    5s
     0     0  378.76023    0  207  482.63037  378.76023  21.5%     -    5s
     0     0  378.77483    0  208  482.63037  378.77483  21.5%     -    5s
     0     0  379.36561    0  214  482.63037  379.36561  21.4%     -    6s
     0     0  379.39330    0  223  482.63037  379.39330  21.4%     -    6s
     0     0  379.39330    0  225  482.63037  379.39330  21.4%     -    6s
     0     0  380.14620    0  222  482.63037  380.14620  21.2%     -    6s
     0     0  380.17817    0  218  482.63037  380.17817  21.2%     -    6s
     0     0  380.21037    0  224  482.63037  380.21037  21.2%     -    6s
     0     0  380.21037    0  226  482.63037  380.21037  21.2%     -    6s
     0     0  381.84309    0  216  482.63037  381.84309  20.9%     -    7s
     0     0  381.85631    0  225  482.63037  381.85631  20.9%     -    7s
     0     0  381.85716    0  228  482.63037  381.85716  20.9%     -    7s
     0     0  383.33537    0  226  482.63037  383.33537  20.6%     -    8s
     0     0  383.37012    0  226  482.63037  383.37012  20.6%     -    8s
     0     0  383.37012    0  228  482.63037  383.37012  20.6%     -    8s
     0     0  383.48712    0  217  482.63037  383.48712  20.5%     -    8s
     0     0  383.70007    0  217  482.63037  383.70007  20.5%     -    8s
     0     0  383.71567    0  229  482.63037  383.71567  20.5%     -    8s
     0     0  383.94746    0  226  482.63037  383.94746  20.4%     -    8s
     0     0  383.95088    0  229  482.63037  383.95088  20.4%     -    8s
     0     0  383.95252    0  230  482.63037  383.95252  20.4%     -    8s
     0     0  384.77831    0  223  482.63037  384.77831  20.3%     -    9s
     0     0  384.79008    0  222  482.63037  384.79008  20.3%     -    9s
     0     0  384.79617    0  226  482.63037  384.79617  20.3%     -    9s
     0     0  384.79617    0  227  482.63037  384.79617  20.3%     -    9s
     0     0  384.81414    0  226  482.63037  384.81414  20.3%     -    9s
     0     0  384.84956    0  226  482.63037  384.84956  20.3%     -    9s
     0     0  384.84956    0  226  482.63037  384.84956  20.3%     -    9s
     0     0  384.84956    0  226  482.63037  384.84956  20.3%     -    9s
     0     0  384.84956    0  220  482.63037  384.84956  20.3%     -   10s
     0     1  384.84956    0  217  482.63037  384.84956  20.3%     -   10s
H   77    79                     480.1621204  385.00456  19.8%   366   14s
    80    89  387.24155   19  196  480.16212  385.00456  19.8%   356   15s
H  124   128                     480.1621110  385.00456  19.8%   393   17s
   597   640  397.39793  145  161  480.16211  385.00456  19.8%   194   20s
H 1131  1154                     476.9037990  385.00456  19.3%   174   23s
H 1263  1261                     471.7197781  385.00456  18.4%   187   24s
H 1331  1372                     462.2852108  385.00456  16.7%   185   25s
H 1338  1372                     462.0683183  385.00456  16.7%   185   25s
H 1644  1629                     459.5633017  385.00456  16.2%   176   27s
H 1844  1878                     458.8113693  385.00456  16.1%   181   29s
  1973  1954  419.91106  371  125  458.81137  385.00456  16.1%   181   30s
H 1981  1962                     457.5628673  385.00456  15.9%   181   32s
  2350  2443  440.93939  467   97  457.56287  385.00456  15.9%   179   35s
  2572  2528  398.33780  111  179  457.56287  385.00456  15.9%   177   41s
H 2572  2401                     456.0599662  385.48321  15.5%   177   42s
  2581  2407  413.95278  202  230  456.05997  388.17111  14.9%   177   45s
  2594  2416  394.49643   55  250  456.05997  389.27852  14.6%   176   50s
  2608  2425  392.34755   11  252  456.05997  392.34755  14.0%   175   55s
  2618  2432  425.35209  198  266  456.05997  392.80453  13.9%   174   60s
  2629  2439  419.44930  363  270  456.05997  393.04546  13.8%   173   65s
  2638  2445  421.91891  396  259  456.05997  393.19781  13.8%   173   70s
  2648  2452  393.31264   18  270  456.05997  393.31264  13.8%   172   75s
  2653  2455  402.72732  228  263  456.05997  393.32300  13.8%   172   80s
H 2657  2334                     454.3612946  393.32300  13.4%   171   82s
  2663  2338  399.09927  155  260  454.36129  393.32300  13.4%   171   85s
  2670  2343  403.88783  243  264  454.36129  393.32300  13.4%   171   90s
H 2675  2229                     450.0572824  393.32300  12.6%   194   94s
H 2675  2118                     442.5900508  393.32300  11.1%   194   95s
  2690  2128  409.81653  334  254  442.59005  393.41380  11.1%   193  100s
  2701  2136  416.24420  390  251  442.59005  393.47718  11.1%   192  105s
  2712  2143  404.06613   73  241  442.59005  393.78825  11.0%   191  110s
  2719  2148  403.95222  211  253  442.59005  393.78825  11.0%   191  115s
  2723  2150  396.50266   73  246  442.59005  396.50266  10.4%   190  124s
  2724  2154  396.50266   22  242  442.59005  396.50266  10.4%   206  127s
  2759  2182  396.50266   29  217  442.59005  396.50266  10.4%   214  130s
H 2832  2118                     441.8647630  396.50266  10.3%   229  133s
  2879  2156  403.18546   41  164  441.86476  396.50266  10.3%   233  135s
H 3048  2114                     441.8647627  396.50266  10.3%   242  140s
  3151  2154  420.59153   69  151  441.86476  396.50266  10.3%   248  145s
  3524  2187  421.84554   40   85  441.86476  396.50266  10.3%   247  150s
  4152  2230  401.38667   28  187  441.86476  396.50266  10.3%   247  155s
  4746  2411  401.21932   33  186  441.86476  396.50266  10.3%   238  160s
  5302  2699  434.85997   57   66  441.86476  396.74422  10.2%   236  165s
  6004  2915  405.44550   31  179  441.86476  397.40201  10.1%   231  171s
  6362  3135  425.60796  108  135  441.86476  398.13942  9.90%   230  175s
  7153  3536  417.99354   32  165  441.86476  398.13942  9.90%   220  180s
  7784  3877  404.27800   32  201  441.86476  399.17834  9.66%   216  186s
  8459  4166  403.77314   29  204  441.86476  399.35177  9.62%   208  190s
  9185  4633  440.49578   57  154  441.86476  399.61802  9.56%   207  196s
  9744  5391  428.76101  141  131  441.86476  399.86753  9.50%   205  202s
 10251  5664  432.51094   61  157  441.86476  400.03991  9.47%   200  205s
 11085  6458  409.43114   48  171  441.86476  400.35693  9.39%   200  211s
 12046  7418  418.64328   57  151  441.86476  400.91997  9.27%   197  217s
 12740  7751  423.18683  171  144  441.86476  401.14522  9.22%   194  221s
 13693  8416  433.22987   50  169  441.86476  401.24420  9.19%   194  227s
 14113  8881  425.48749   37  166  441.86476  401.53731  9.13%   196  230s
 15312  9849  429.15540   38  139  441.86476  401.80869  9.07%   194  237s
 15868 10417  416.59949   68  180  441.86476  401.98241  9.03%   194  240s
 16534 10608  424.57375   59  157  441.86476  402.01232  9.02%   191  245s
 17352 11498  411.34173   57  149  441.86476  402.09272  9.00%   189  251s
 17897 11906  425.63689  174   94  441.86476  402.15682  8.99%   188  255s
 18981 13157  407.26044   35  158  441.86476  402.26122  8.96%   186  261s
 20192 13507  428.48227   98   96  441.86476  402.30628  8.95%   183  267s
 20409 13832  418.18506   38  150  441.86476  402.35760  8.94%   186  270s
 21187 14451  409.33060   30  184  441.86476  402.40438  8.93%   188  276s
 22614 15082  408.97736   34  205  441.86476  402.40438  8.93%   184  282s
 22891 15336  425.04530   84  189  441.86476  402.40438  8.93%   185  285s
 23855 16245  422.74317   43  136  441.86476  402.58793  8.89%   186  291s
 25077 17214  407.94105   64  178  441.86476  402.70790  8.86%   184  297s
 25640 17612  421.32868  234  153  441.86476  402.70790  8.86%   183  300s
 26654 18541  421.99669   42  157  441.86476  402.84527  8.83%   183  305s
 27771 19177     cutoff   36       441.86476  402.93390  8.81%   182  311s
 28647 20113  413.72231  129  152  441.86476  403.03684  8.79%   182  316s
 29760 20942  409.83097   33  170  441.86476  403.14742  8.76%   179  322s
 30253 21571  411.51413   84  152  441.86476  403.17441  8.76%   179  326s
 31508 22428     cutoff  491       441.86476  403.20250  8.75%   176  332s
 32563 23321  412.21442   36  168  441.86476  403.29049  8.73%   175  337s
 33070 23939  419.27377   67  170  441.86476  403.32376  8.72%   175  340s
 34655 25540  429.66812  280  144  441.86476  403.42438  8.70%   171  345s
 36064 26025     cutoff   51       441.86476  403.48146  8.69%   169  350s
 36943 26711  431.63655   62  158  441.86476  403.54585  8.67%   169  355s
 37979 27195  414.59767   44  177  441.86476  403.62613  8.65%   168  360s

Cutting planes:
  Gomory: 1
  Cover: 26
  Implied bound: 173
  Projected implied bound: 12
  MIR: 220
  Mixing: 4
  Flow cover: 193
  GUB cover: 2
  Inf proof: 2
  Zero half: 23
  RLT: 9
  Relax-and-lift: 40
  BQP: 4

Explored 38112 nodes (6447762 simplex iterations) in 360.00 seconds (1332.45 work units)
Thread count was 4 (of 32 available processors)

Solution count 10: 441.865 441.865 442.59 ... 462.068

Time limit reached
Warning: max constraint violation (1.1474e-02) exceeds tolerance
         (model may be infeasible or unbounded - try turning presolve off)
Best objective 4.418647626846e+02, best bound 4.036565342032e+02, gap 8.6470%

User-callback calls 121217, time in user-callback 0.00 sec
Cap boundary opt: PORT-584 stations=43 obj=441.865 real=441.865 baseline=442.859
Set parameter Username
Set parameter LicenseID to value 2738882
Academic license - for non-commercial use only - expires 2026-11-14
Segment 1 eval: start=BOAT-0 end=PORT-581 stations=87 (optimize)
  Segment 1 order: 1 3 4 -25 -5 -6 10 11 143 15 16 17 -18 -13 14 12 -24 -23 -22 -21 19 20 -41 42 43 44 45 46 -396 -47 -40 39 48 49 50 -38 -37 51 -52 59 -57 56 55 -54 -53 66 67 69 -36 -35 -34 -33 -32 -31 -30 -29 -28 -27 -26 93 -92 94 -96 -95 90 91 -89 88 -87 86 -85 -84 -83 -82 -81 -80 79 -78 -77 -70 -76 75 72 73 -74 -71 -68
Segment 2 eval: start=PORT-581 end=PORT-591 stations=58 (optimize)
  Segment 2 order: 65 -63 64 -58 60 61 62 391 392 393 394 395 397 398 399 -400 -401 389 390 388 -387 -386 -385 -402 403 405 406 -407 -404 409 408 -410 411 412 -413 -415 416 -417 425 381 426 -368 -367 -366 -365 364 362 -361 -360 -359 -358 -357 -356 -355 354 -353 348 -363
Segment 3 eval: start=PORT-591 end=PORT-591 stations=111 (optimize)
  Segment 3 order: -346 276 277 278 279 280 281 -556 282 283 -284 555 558 559 -560 561 -562 -554 553 550 551 552 285 286 287 288 289 290 291 292 293 294 -295 296 297 306 -305 -298 299 300 301 302 304 -303 307 308 309 -310 311 312 -313 314 315 316 317 318 319 320 340 341 342 343 344 345 334 335 336 337 338 339 321 322 323 324 325 -327 328 330 -331 -329 -326 349 350 351 352 -373 372 -374 375 376 377 379 380 414 382 384 -383 419 420 421 -423 -422 424 -418 -378 -371 -370 369 332 -333 347
Segment 4 eval: start=PORT-591 end=PORT-593 stations=43 (optimize)
  Segment 4 order: 557 563 564 565 566 567 568 -542 543 540 541 549 548 -547 -546 -545 -544 -539 -538 -537 536 -535 -534 -572 569 570 571 573 574 576 533 -532 -531 -530 -529 -528 -527 577 575 578 -525 526 -524
Segment 5 eval: start=PORT-593 end=PORT-593 stations=19 (optimize)
  Segment 5 order: 430 -434 -433 -432 -431 -429 -428 427 517 518 519 520 521 -580 -579 -523 -522 -516 -515
Segment 6 eval: start=PORT-593 end=PORT-584 stations=31 (optimize)
  Segment 6 order: -512 513 -514 -511 -510 -509 -508 -507 -506 -505 -444 -443 -442 -441 440 -439 437 -436 435 438 445 446 447 448 449 450 451 452 453 -455 -454
Segment 7 eval: start=PORT-584 end=PORT-584 stations=13 (optimize)
  Segment 7 order: -488 -487 489 -460 -459 -458 -457 -456 461 485 -504 -503 501
Segment 8 eval: start=PORT-584 end=PORT-584 stations=30 (optimize)
  Segment 8 order: 500 502 490 491 492 -493 482 483 463 464 465 -466 474 -473 -475 479 480 -481 -478 -477 -476 -114 494 -113 -112 495 496 497 498 499
Segment 9 eval: start=PORT-584 end=PORT-588 stations=20 (optimize)
  Segment 9 order: 486 -462 484 467 468 469 470 -471 472 -122 -121 120 -119 -118 -117 -116 -115 -275 -111 -274
Segment 10 eval: start=PORT-588 end=PORT-588 stations=40 (optimize)
  Segment 10 order: -105 104 -103 -102 -101 108 271 272 -273 253 252 254 255 -257 256 -130 -129 -128 -258 259 260 261 262 263 -127 126 -125 -124 -123 -266 -267 -265 -264 268 269 270 -110 -109 -107 -106
Segment 11 eval: start=PORT-588 end=PORT-583 stations=49 (optimize)
  Segment 11 order: -98 97 -242 241 -238 237 -215 -214 -213 -212 -211 -210 -209 -208 -207 -206 -205 131 -204 -203 -202 199 -201 200 -198 -197 -196 -195 -194 -193 -192 -218 -217 -216 -220 222 -225 224 226 178 227 -231 235 -234 -233 -232 -230 -134 -133
Segment 12 eval: start=PORT-583 end=PORT-583 stations=53 (optimize)
  Segment 12 order: -132 -229 -228 155 156 157 158 -159 160 161 162 163 164 165 166 167 168 169 170 171 172 173 174 175 176 177 182 183 184 185 186 187 188 189 190 191 219 223 -221 236 239 240 243 244 250 -251 249 -248 -245 247 -246 -100 -99
Segment 13 eval: start=PORT-583 end=BOAT-END stations=26 (optimize)
  Segment 13 order: -181 -135 136 -137 -2 7 8 9 142 144 145 146 147 148 149 150 139 140 141 138 151 152 153 154 179 180
Cap boundary debug: PORT-584 -> [499 498 497 496 495 112 113 494 114 476 477 478 481 480 479 475 473 474 466 465 464 463 483 482 493 492 491 490 502 500] -> PORT-584 -> [486 462 484 467 468 469 470 471 472 122 121 120 119 118 117 116 115 275 111 274] -> PORT-588 | load_left=34163 load_right=44055 cap=45000
Set parameter Username
Set parameter LicenseID to value 2738882
Academic license - for non-commercial use only - expires 2026-11-14
Set parameter TimeLimit to value 360
Set parameter Seed to value 993365741
Set parameter Threads to value 4
Set parameter OutputFlag to value 1
Set parameter LogToConsole to value 1
Set parameter LazyConstraints to value 1
Gurobi Optimizer version 13.0.0 build v13.0.0rc1 (linux64 - "Debian GNU/Linux 13 (trixie)")

CPU model: AMD Ryzen 9 5950X 16-Core Processor, instruction set [SSE2|AVX|AVX2]
Thread count: 16 physical cores, 32 logical processors, using up to 4 threads

Non-default parameters:
TimeLimit  360
Seed  993365741
Threads  4
LazyConstraints  1

Optimize a model with 11842 rows, 32448 columns and 64884 nonzeros (Min)
Model fingerprint: 0x1817bf2e
Model has 10604 linear objective coefficients
Variable types: 21632 continuous, 10816 integer (10816 binary)
Coefficient statistics:
  Matrix range     [1e+00, 4e+04]
  Objective range  [6e-01, 2e+02]
  Bounds range     [1e+00, 4e+04]
  RHS range        [1e+00, 1e+04]
Presolve removed 1134 rows and 11488 columns
Presolve time: 0.10s
Presolved: 10708 rows, 20960 columns, 62764 nonzeros
Variable types: 10300 continuous, 10660 integer (10660 binary)

Root relaxation: objective 4.073868e+02, 22295 iterations, 1.60 seconds (4.85 work units)

    Nodes    |    Current Node    |     Objective Bounds      |     Work
 Expl Unexpl |  Obj  Depth IntInf | Incumbent    BestBd   Gap | It/Node Time

     0     0  407.38684    0  187          -  407.38684      -     -    1s
H    0     0                    1549.9885685  407.38684  73.7%     -    1s
H    0     0                     622.4609679  407.38684  34.6%     -    1s
H    0     0                     598.8480552  407.38684  32.0%     -    1s
H    0     0                     567.8091235  407.38684  28.3%     -    1s
H    0     0                     556.0990999  407.38684  26.7%     -    2s
H    0     0                     552.5092696  407.38684  26.3%     -    2s
H    0     0                     546.7701751  407.38684  25.5%     -    2s
H    0     0                     533.3265697  407.38684  23.6%     -    2s
H    0     0                     532.5705989  407.38684  23.5%     -    2s
     0     0  414.54979    0  200  532.57060  414.54979  22.2%     -    3s
H    0     0                     528.1185105  414.64225  21.5%     -    3s
H    0     0                     521.0443845  414.64225  20.4%     -    4s
H    0     0                     513.7459757  414.64225  19.3%     -    4s
H    0     0                     507.2385699  414.64225  18.3%     -    4s
H    0     0                     505.2088240  414.64225  17.9%     -    4s
H    0     0                     502.5218551  414.64225  17.5%     -    4s
H    0     0                     500.4921092  414.64225  17.2%     -    4s
H    0     0                     499.7470963  414.64225  17.0%     -    4s
H    0     0                     498.3021745  414.64225  16.8%     -    4s
H    0     0                     495.4796116  414.64225  16.3%     -    4s
H    0     0                     489.6463939  414.64225  15.3%     -    6s
H    0     0                     479.7276768  414.64225  13.6%     -    6s
     0     0  415.84727    0  199  479.72768  415.84727  13.3%     -    6s
     0     0  415.84727    0  199  479.72768  415.84727  13.3%     -    6s
     0     0  417.46572    0  206  479.72768  417.46572  13.0%     -    7s
     0     0  417.50724    0  205  479.72768  417.50724  13.0%     -    7s
     0     0  417.50765    0  217  479.72768  417.50765  13.0%     -    7s
     0     0  419.56616    0  242  479.72768  419.56616  12.5%     -    8s
     0     0  419.60506    0  237  479.72768  419.60506  12.5%     -    8s
     0     0  419.66754    0  233  479.72768  419.66754  12.5%     -    8s
     0     0  419.66755    0  237  479.72768  419.66755  12.5%     -    8s
     0     0  419.96051    0  234  479.72768  419.96051  12.5%     -    9s
     0     0  419.97673    0  236  479.72768  419.97673  12.5%     -    9s
     0     0  419.97673    0  238  479.72768  419.97673  12.5%     -    9s
     0     0  420.07993    0  244  479.72768  420.07993  12.4%     -   10s
     0     0  420.08426    0  249  479.72768  420.08426  12.4%     -   10s
     0     0  420.08426    0  252  479.72768  420.08426  12.4%     -   10s
     0     0  420.10696    0  253  479.72768  420.10696  12.4%     -   10s
     0     0  420.10876    0  255  479.72768  420.10876  12.4%     -   10s
     0     0  420.11699    0  247  479.72768  420.11699  12.4%     -   11s
     0     0  420.12113    0  243  479.72768  420.12113  12.4%     -   11s
     0     0  420.12222    0  234  479.72768  420.12222  12.4%     -   11s
     0     0  420.13026    0  244  479.72768  420.13026  12.4%     -   11s
     0     0  420.13027    0  244  479.72768  420.13027  12.4%     -   11s
     0     0  420.14046    0  248  479.72768  420.14046  12.4%     -   12s
     0     0  420.14046    0  248  479.72768  420.14046  12.4%     -   12s
     0     0  420.14046    0  248  479.72768  420.14046  12.4%     -   12s
     0     0  420.14046    0  245  479.72768  420.14046  12.4%     -   12s
     0     0  420.59914    0  197  479.72768  420.59914  12.3%     -   15s
H    0     0                     475.5419030  420.59914  11.6%     -   15s
     0     0  420.59914    0  211  475.54190  420.59914  11.6%     -   16s
     0     0  420.59914    0  208  475.54190  420.59914  11.6%     -   19s
     0     0  420.59914    0  237  475.54190  420.59914  11.6%     -   19s
     0     0  420.59914    0  242  475.54190  420.59914  11.6%     -   19s
     0     0  420.59914    0  223  475.54190  420.59914  11.6%     -   19s
     0     0  420.59914    0  233  475.54190  420.59914  11.6%     -   19s
     0     0  420.59914    0  238  475.54190  420.59914  11.6%     -   19s
     0     0  420.59914    0  241  475.54190  420.59914  11.6%     -   20s
     0     0  420.59914    0  253  475.54190  420.59914  11.6%     -   21s
     0     0  420.59914    0  253  475.54190  420.59914  11.6%     -   21s
     0     0  420.59914    0  254  475.54190  420.59914  11.6%     -   21s
     0     0  420.59914    0  248  475.54190  420.59914  11.6%     -   22s
     0     0  420.59914    0  250  475.54190  420.59914  11.6%     -   22s
     0     0  420.59914    0  248  475.54190  420.59914  11.6%     -   22s
     0     0  420.59914    0  248  475.54190  420.59914  11.6%     -   22s
     0     0  420.59914    0  248  475.54190  420.59914  11.6%     -   22s
     0     0  420.59914    0  246  475.54190  420.59914  11.6%     -   22s
     0     2  420.94271    0  245  475.54190  420.94271  11.5%     -   25s
H   19    25                     464.1753453  420.94271  9.31%   825   26s
    82    92  428.72291   19  146  464.17535  420.94271  9.31%   861   30s
H  292   296                     460.5444354  420.94271  8.60%   511   32s
   403   390  449.37244  135  113  460.54444  420.94271  8.60%   418   35s
H  409   390                     458.4483260  420.94271  8.18%   416   35s
   562   601  428.56161   21  144  458.44833  420.94271  8.18%   406   40s
   784   738  427.33442   20  191  458.44833  420.94271  8.18%   324   45s
   807   754  426.93399   27  255  458.44833  422.01372  7.95%   315   50s
   834   772  437.04581   39  307  458.44833  423.01523  7.73%   304   55s
   866   793  424.60090   12  291  458.44833  423.49391  7.62%   293   60s
   893   811  441.86276   74  297  458.44833  424.11206  7.49%   284   65s
   909   827  426.44339   16  273  458.44833  424.30692  7.45%   320   70s
   987   878  432.21364   26  149  458.44833  424.30692  7.45%   364   75s
  1100   933  438.09036   39  139  458.44833  424.30692  7.45%   388   80s
  1306   968  451.65222   62  144  458.44833  424.67999  7.37%   382   85s
  1988  1102  438.98377   20  115  458.44833  426.59037  6.95%   334   90s
  2547  1285  433.44954   32  238  458.44833  427.06461  6.85%   321   95s
  3196  1510  433.57355   21  152  458.44833  428.41198  6.55%   302  100s
  3779  1872  454.66330  113  188  458.44833  428.88457  6.45%   299  105s
  4208  2196  438.66261   26  178  458.44833  429.30916  6.36%   297  110s
  4961  2695  450.64412   58  141  458.44833  429.87344  6.23%   288  115s
  5601  3166  447.83438   61  152  458.44833  430.20250  6.16%   288  121s
  5865  3314  438.72611   27  199  458.44833  430.35893  6.13%   290  125s
  6519  3878  450.43234   39  121  458.44833  430.67784  6.06%   284  131s
  7139  4336  444.82532   19  149  458.44833  430.96388  6.00%   280  135s
  8200  5084  439.92348   45  203  458.44833  431.37254  5.91%   271  141s
  8785  5546  432.51909   22  249  458.44833  431.47245  5.88%   276  146s
  9603  6009  440.55203   27  182  458.44833  431.91535  5.79%   272  152s
  9923  6256  444.44569   27  145  458.44833  432.16445  5.73%   271  155s
 10920  6994  453.93801   35  146  458.44833  432.36625  5.69%   265  162s
 11327  7299  438.83934   50  176  458.44833  432.52522  5.65%   264  165s
 12367  7964  449.47929   41  166  458.44833  432.87289  5.58%   264  172s
 12915  8341  447.50498   35  180  458.44833  432.96820  5.56%   262  175s
 13859  9094 infeasible   61       458.44833  433.25726  5.49%   261  182s
 14480  9294  442.71802   42  174  458.44833  433.35538  5.47%   258  185s
 15334  9871  439.69252   22  178  458.44833  433.64302  5.41%   258  192s
 15939 10147  454.24902   39  163  458.44833  433.74912  5.39%   256  195s
 16945 10835  454.14967   51  141  458.44833  434.04912  5.32%   255  201s
 17980 11469  437.98562   31  190  458.44833  434.27639  5.27%   252  207s
 18526 11881  444.40146   28  179  458.44833  434.33801  5.26%   251  210s
 19617 12440  439.61429   28  188  458.44833  434.57767  5.21%   249  216s
 20626 13152  438.77817   28  216  458.44833  434.74665  5.17%   248  222s
 21187 13476  451.26522   47  151  458.44833  434.85338  5.15%   247  225s
 22107 14061  455.00725   49  185  458.44833  435.00734  5.11%   245  231s
 23189 14529  448.02387   35  191  458.44833  435.12126  5.09%   244  236s
 24070 14946  442.55187   26  208  458.44833  435.28551  5.05%   244  242s
 24474 15186  442.02164   37  136  458.44833  435.33387  5.04%   245  246s
 25163 15671  445.81383   30  155  458.44833  435.39668  5.03%   244  252s
 25656 15948  439.58734   20  187  458.44833  435.53131  5.00%   243  255s
 26772 16549  446.41159   21  160  458.44833  435.65945  4.97%   242  260s
 27580 17081  454.16325   35  179  458.44833  435.73546  4.95%   243  266s
 28619 17734  446.91178   46  200  458.44833  435.89328  4.92%   242  271s
 29584 18169  447.73306   25  182  458.44833  435.99489  4.90%   241  276s
 30559 18750  455.16748   47  160  458.44833  436.14811  4.86%   240  282s
 31078 18997  450.26763   42  200  458.44833  436.26918  4.84%   240  285s
 31918 19505  441.33667   36  169  458.44833  436.32412  4.83%   241  290s
 32995 19998  450.10414   28  193  458.44833  436.44283  4.80%   240  295s
 33935 20540  450.60527   36  195  458.44833  436.58156  4.77%   240  301s
 34717 20953  447.91266   31  148  458.44833  436.70256  4.74%   240  306s
 35617 21460  452.89184   29  161  458.44833  436.83324  4.71%   240  311s
 36583 21878  452.83431   34  171  458.44833  436.89981  4.70%   240  316s
 37502 22349  447.25021   43   81  458.44833  437.00151  4.68%   240  322s
 37933 22585     cutoff   43       458.44833  437.03602  4.67%   240  325s
 38775 23075     cutoff   39       458.44833  437.16502  4.64%   240  330s
 39653 23464  452.18101   56  181  458.44833  437.30929  4.61%   239  337s
 39899 23594  456.61483   57  146  458.44833  437.30929  4.61%   239  340s
 40639 24063  451.06622   29  216  458.44833  437.44137  4.58%   239  345s
 41588 24361  446.96317   28  202  458.44833  437.53622  4.56%   239  350s
 42327 24682  445.15252   25  178  458.44833  437.64356  4.54%   240  356s
 43204 24938  455.53006   45  166  458.44833  437.73836  4.52%   241  360s

Cutting planes:
  Gomory: 6
  Lift-and-project: 1
  Cover: 13
  Implied bound: 143
  Projected implied bound: 20
  MIR: 342
  Mixing: 6
  Flow cover: 307
  GUB cover: 2
  Inf proof: 14
  Zero half: 20
  RLT: 20
  Relax-and-lift: 44
  BQP: 5

Explored 43345 nodes (10503512 simplex iterations) in 360.00 seconds (1404.95 work units)
Thread count was 4 (of 32 available processors)

Solution count 10: 458.448 460.544 464.175 ... 500.492

Time limit reached
Best objective 4.584483260327e+02, best bound 4.377534043919e+02, gap 4.5141%

User-callback calls 133400, time in user-callback 0.00 sec
Cap boundary opt: PORT-584 stations=50 obj=458.448 real=458.448 baseline=475.832
Set parameter Username
Set parameter LicenseID to value 2738882
Academic license - for non-commercial use only - expires 2026-11-14
Segment 1 eval: start=BOAT-0 end=PORT-581 stations=87 (optimize)
  Segment 1 order: 1 3 4 -25 -5 -6 10 11 143 15 16 17 -18 -13 14 12 -24 -23 -22 -21 19 20 -41 42 43 44 45 46 -396 -47 -40 39 48 49 50 -38 -37 51 -52 59 -57 56 55 -54 -53 66 67 69 -36 -35 -34 -33 -32 -31 -30 -29 -28 -27 -26 93 -92 94 -96 -95 90 91 -89 88 -87 86 -85 -84 -83 -82 -81 -80 79 -78 -77 -70 -76 75 72 73 -74 -71 -68
Segment 2 eval: start=PORT-581 end=PORT-591 stations=58 (optimize)
  Segment 2 order: 65 -63 64 -58 60 61 62 391 392 393 394 395 397 398 399 -400 -401 389 390 388 -387 -386 -385 -402 403 405 406 -407 -404 409 408 -410 411 412 -413 -415 416 -417 425 381 426 -368 -367 -366 -365 364 362 -361 -360 -359 -358 -357 -356 -355 354 -353 348 -363
Segment 3 eval: start=PORT-591 end=PORT-591 stations=111 (optimize)
  Segment 3 order: -346 276 277 278 279 280 281 -556 282 283 -284 555 558 559 -560 561 -562 -554 553 550 551 552 285 286 287 288 289 290 291 292 293 294 -295 296 297 306 -305 -298 299 300 301 302 304 -303 307 308 309 -310 311 312 -313 314 315 316 317 318 319 320 340 341 342 343 344 345 334 335 336 337 338 339 321 322 323 324 325 -327 328 330 -331 -329 -326 349 350 351 352 -373 372 -374 375 376 377 379 380 414 382 384 -383 419 420 421 -423 -422 424 -418 -378 -371 -370 369 332 -333 347
Segment 4 eval: start=PORT-591 end=PORT-593 stations=43 (optimize)
  Segment 4 order: 557 563 564 565 566 567 568 -542 543 540 541 549 548 -547 -546 -545 -544 -539 -538 -537 536 -535 -534 -572 569 570 571 573 574 576 533 -532 -531 -530 -529 -528 -527 577 575 578 -525 526 -524
Segment 5 eval: start=PORT-593 end=PORT-593 stations=19 (optimize)
  Segment 5 order: 430 -434 -433 -432 -431 -429 -428 427 517 518 519 520 521 -580 -579 -523 -522 -516 -515
Segment 6 eval: start=PORT-593 end=PORT-584 stations=31 (optimize)
  Segment 6 order: -512 513 -514 -511 -510 -509 -508 -507 -506 -505 -444 -443 -442 -441 440 -439 437 -436 435 438 445 446 447 448 449 450 451 452 453 -455 -454
Segment 7 eval: start=PORT-584 end=PORT-584 stations=13 (optimize)
  Segment 7 order: -488 -487 489 -460 -459 -458 -457 -456 461 485 -504 -503 501
Segment 8 eval: start=PORT-584 end=PORT-584 stations=28 (optimize)
  Segment 8 order: 500 502 486 482 483 -462 484 463 464 465 474 -473 -475 -478 -476 -115 116 -117 275 -114 494 -113 -112 495 496 497 498 499
Segment 9 eval: start=PORT-584 end=PORT-588 stations=22 (optimize)
  Segment 9 order: 490 491 492 -493 477 -480 -481 479 466 467 468 469 470 -471 472 -122 -121 120 -119 -118 -111 -274
Segment 10 eval: start=PORT-588 end=PORT-588 stations=40 (optimize)
  Segment 10 order: -105 104 -103 -102 -101 108 271 272 -273 253 252 254 255 -257 256 -130 -129 -128 -258 259 260 261 262 263 -127 126 -125 -124 -123 -266 -267 -265 -264 268 269 270 -110 -109 -107 -106
Segment 11 eval: start=PORT-588 end=PORT-583 stations=49 (optimize)
  Segment 11 order: -98 97 -242 241 -238 237 -215 -214 -213 -212 -211 -210 -209 -208 -207 -206 -205 131 -204 -203 -202 199 -201 200 -198 -197 -196 -195 -194 -193 -192 -218 -217 -216 -220 222 -225 224 226 178 227 -231 235 -234 -233 -232 -230 -134 -133
Segment 12 eval: start=PORT-583 end=PORT-583 stations=53 (optimize)
  Segment 12 order: -132 -229 -228 155 156 157 158 -159 160 161 162 163 164 165 166 167 168 169 170 171 172 173 174 175 176 177 182 183 184 185 186 187 188 189 190 191 219 223 -221 236 239 240 243 244 250 -251 249 -248 -245 247 -246 -100 -99
Segment 13 eval: start=PORT-583 end=BOAT-END stations=26 (optimize)
  Segment 13 order: -181 -135 136 -137 -2 7 8 9 142 144 145 146 147 148 149 150 139 140 141 138 151 152 153 154 179 180
Cap boundary debug: PORT-584 -> [490 491 492 493 477 480 481 479 466 467 468 469 470 471 472 122 121 120 119 118 111 274] -> PORT-588 -> [106 107 109 110 270 269 268 264 265 267 266 123 124 125 126 127 263 262 261 260 259 258 128 129 130 256 257 255 254 252 253 273 272 271 108 101 102 103 104 105] -> PORT-588 | load_left=43554 load_right=43280 cap=45000
Set parameter Username
Set parameter LicenseID to value 2738882
Academic license - for non-commercial use only - expires 2026-11-14
Set parameter TimeLimit to value 360
Set parameter Seed to value 1564102668
Set parameter Threads to value 4
Set parameter OutputFlag to value 1
Set parameter LogToConsole to value 1
Set parameter LazyConstraints to value 1
Gurobi Optimizer version 13.0.0 build v13.0.0rc1 (linux64 - "Debian GNU/Linux 13 (trixie)")

CPU model: AMD Ryzen 9 5950X 16-Core Processor, instruction set [SSE2|AVX|AVX2]
Thread count: 16 physical cores, 32 logical processors, using up to 4 threads

Non-default parameters:
TimeLimit  360
Seed  1564102668
Threads  4
LazyConstraints  1

Optimize a model with 17650 rows, 49152 columns and 98292 nonzeros (Min)
Model fingerprint: 0xea2dabbf
Model has 16124 linear objective coefficients
Variable types: 32768 continuous, 16384 integer (16384 binary)
Coefficient statistics:
  Matrix range     [1e+00, 4e+04]
  Objective range  [3e-01, 2e+02]
  Bounds range     [1e+00, 4e+04]
  RHS range        [1e+00, 1e+04]
Presolve removed 1398 rows and 17212 columns
Presolve time: 0.16s
Presolved: 16252 rows, 31940 columns, 95625 nonzeros
Variable types: 15748 continuous, 16192 integer (16192 binary)

Root simplex log...

Iteration    Objective       Primal Inf.    Dual Inf.      Time
   45568    4.9044627e+02   5.465801e+03   0.000000e+00      5s
   47080    4.9144990e+02   0.000000e+00   0.000000e+00      5s

Root relaxation: objective 4.914499e+02, 47080 iterations, 5.14 seconds (15.64 work units)

    Nodes    |    Current Node    |     Objective Bounds      |     Work
 Expl Unexpl |  Obj  Depth IntInf | Incumbent    BestBd   Gap | It/Node Time

     0     0  491.44990    0  198          -  491.44990      -     -    5s
H    0     0                     599.1970039  491.44990  18.0%     -    6s
H    0     0                     597.1894544  491.44990  17.7%     -    6s
H    0     0                     567.1900964  491.44990  13.4%     -    6s
H    0     0                     555.4959425  491.44990  11.5%     -    6s
     0     0  493.76269    0  259  555.49594  493.76269  11.1%     -    8s
     0     0  493.77008    0  258  555.49594  493.77008  11.1%     -    9s
     0     0  494.12146    0  261  555.49594  494.12146  11.0%     -   10s
     0     0  494.12146    0  199  555.49594  494.12146  11.0%     -   13s
H    0     0                     553.0264270  494.12146  10.7%     -   14s
H    0     0                     548.5890656  494.12146  9.93%     -   14s
     0     0  494.12146    0  256  548.58907  494.12146  9.93%     -   15s
H    0     0                     543.6617252  494.12146  9.11%     -   15s
H    0     0                     539.9810997  494.12146  8.49%     -   15s
     0     0  494.12147    0  260  539.98110  494.12147  8.49%     -   16s
     0     0  494.12186    0  261  539.98110  494.12186  8.49%     -   16s
     0     0  494.12186    0  261  539.98110  494.12186  8.49%     -   16s
     0     0  494.72740    0  260  539.98110  494.72740  8.38%     -   17s
     0     0  494.72740    0  201  539.98110  494.72740  8.38%     -   19s
H    0     0                     537.9403639  494.72740  8.03%     -   19s
     0     0  494.72740    0  270  537.94036  494.72740  8.03%     -   20s
H    0     0                     534.8118061  494.72740  7.50%     -   21s
     0     0  494.74181    0  278  534.81181  494.74181  7.49%     -   21s
     0     0  494.74721    0  279  534.81181  494.74721  7.49%     -   21s
     0     0  494.74722    0  279  534.81181  494.74722  7.49%     -   21s
     0     0  494.98241    0  280  534.81181  494.98241  7.45%     -   22s
H    0     0                     528.3786263  494.98438  6.32%     -   22s
H    0     0                     526.4944657  494.98438  5.98%     -   22s
H    0     0                     521.8268360  494.98438  5.14%     -   22s
     0     0  494.98438    0  277  521.82684  494.98438  5.14%     -   22s
     0     0  494.98438    0  278  521.82684  494.98438  5.14%     -   22s
     0     0  496.43353    0  299  521.82684  496.43353  4.87%     -   23s
     0     0  496.43353    0  199  521.82684  496.43353  4.87%     -   24s
     0     0  496.43353    0  274  521.82684  496.43353  4.87%     -   24s
     0     0  496.45478    0  292  521.82684  496.45478  4.86%     -   24s
     0     0  496.46236    0  293  521.82684  496.46236  4.86%     -   25s
     0     0  496.46236    0  293  521.82684  496.46236  4.86%     -   25s
     0     0  497.24294    0  295  521.82684  497.24294  4.71%     -   25s
     0     0  497.25355    0  299  521.82684  497.25355  4.71%     -   25s
     0     0  497.25370    0  299  521.82684  497.25370  4.71%     -   25s
     0     0  497.56816    0  303  521.82684  497.56816  4.65%     -   26s
     0     0  497.57163    0  301  521.82684  497.57163  4.65%     -   26s
     0     0  497.60124    0  303  521.82684  497.60124  4.64%     -   26s
     0     0  497.60127    0  306  521.82684  497.60127  4.64%     -   26s
     0     0  497.65449    0  301  521.82684  497.65449  4.63%     -   26s
     0     0  497.67063    0  304  521.82684  497.67063  4.63%     -   27s
     0     0  497.67084    0  303  521.82684  497.67084  4.63%     -   27s
     0     0  497.89472    0  298  521.82684  497.89472  4.59%     -   27s
     0     0  497.89891    0  300  521.82684  497.89891  4.59%     -   27s
     0     0  497.89909    0  302  521.82684  497.89909  4.59%     -   27s
     0     0  498.03555    0  298  521.82684  498.03555  4.56%     -   27s
     0     0  498.03751    0  303  521.82684  498.03751  4.56%     -   27s
     0     0  498.03751    0  302  521.82684  498.03751  4.56%     -   27s
     0     0  498.11881    0  301  521.82684  498.11881  4.54%     -   27s
     0     0  498.14719    0  317  521.82684  498.14719  4.54%     -   28s
     0     0  498.14887    0  317  521.82684  498.14887  4.54%     -   28s
     0     0  500.98271    0  306  521.82684  500.98271  3.99%     -   28s
     0     0  500.98447    0  308  521.82684  500.98447  3.99%     -   28s
     0     0  501.16459    0  303  521.82684  501.16459  3.96%     -   28s
     0     0  501.16707    0  295  521.82684  501.16707  3.96%     -   28s
     0     0  501.36649    0  288  521.82684  501.36649  3.92%     -   28s
     0     0  501.36697    0  282  521.82684  501.36697  3.92%     -   28s
     0     0  502.03830    0  309  521.82684  502.03830  3.79%     -   29s
     0     0  502.03830    0  196  521.82684  502.03830  3.79%     -   29s
     0     0  502.03830    0  287  521.82684  502.03830  3.79%     -   29s
     0     0  502.03830    0  221  521.82684  502.03830  3.79%     -   30s
     0     0  502.05626    0  295  521.82684  502.05626  3.79%     -   30s
     0     0  502.11052    0  304  521.82684  502.11052  3.78%     -   30s
     0     0  502.11210    0  311  521.82684  502.11210  3.78%     -   30s
     0     0  502.11229    0  309  521.82684  502.11229  3.78%     -   30s
     0     0  502.12130    0  305  521.82684  502.12130  3.78%     -   30s
     0     0  502.12329    0  304  521.82684  502.12329  3.78%     -   30s
     0     0  502.51260    0  307  521.82684  502.51260  3.70%     -   31s
     0     0  502.51634    0  304  521.82684  502.51634  3.70%     -   31s
     0     0  502.52382    0  309  521.82684  502.52382  3.70%     -   31s
     0     0  502.53274    0  310  521.82684  502.53274  3.70%     -   31s
     0     0  502.59749    0  309  521.82684  502.59749  3.69%     -   31s
     0     0  502.60632    0  305  521.82684  502.60632  3.68%     -   31s
     0     0  502.60828    0  312  521.82684  502.60828  3.68%     -   31s
     0     0  502.61797    0  312  521.82684  502.61797  3.68%     -   31s
     0     0  502.61797    0  314  521.82684  502.61797  3.68%     -   31s
     0     0  502.61797    0  314  521.82684  502.61797  3.68%     -   31s
     0     0  502.61797    0  304  521.82684  502.61797  3.68%     -   32s
     0     2  502.61813    0  302  521.82684  502.61813  3.68%     -   32s
   268   245  517.49489   77   74  521.82684  502.80359  3.65%   218   35s
  1133   931  514.04941    9  189  521.82684  504.18251  3.38%   222   40s
  1321   994  515.15577  112  280  521.82684  509.73420  2.32%   220   45s
  1453  1052 infeasible   52       521.82684  510.25569  2.22%   253   50s
H 1458  1004                     518.6657946  510.25569  1.62%   254   50s
  2304   877  515.54193   38  236  518.66579  512.41222  1.21%   220   55s
  3945   317     cutoff   47       518.66579  514.92933  0.72%   193   60s

Cutting planes:
  Gomory: 2
  Cover: 16
  Implied bound: 82
  Projected implied bound: 6
  Clique: 2
  MIR: 160
  Mixing: 3
  Flow cover: 176
  GUB cover: 1
  Inf proof: 2
  Zero half: 33
  Network: 2
  RLT: 7
  Relax-and-lift: 21
  BQP: 6

Explored 4562 nodes (1051331 simplex iterations) in 61.91 seconds (159.73 work units)
Thread count was 4 (of 32 available processors)

Solution count 10: 518.666 521.827 526.494 ... 553.026

Optimal solution found (tolerance 1.00e-04)
Best objective 5.186657946114e+02, best bound 5.186657946114e+02, gap 0.0000%

User-callback calls 19649, time in user-callback 0.00 sec
Cap boundary reject: PORT-588 real=606.419 baseline=518.666
Set parameter Username
Set parameter LicenseID to value 2738882
Academic license - for non-commercial use only - expires 2026-11-14
Segment 1 eval: start=BOAT-0 end=PORT-581 stations=87 (optimize)
  Segment 1 order: 1 3 4 -25 -5 -6 10 11 143 15 16 17 -18 -13 14 12 -24 -23 -22 -21 19 20 -41 42 43 44 45 46 -396 -47 -40 39 48 49 50 -38 -37 51 -52 59 -57 56 55 -54 -53 66 67 69 -36 -35 -34 -33 -32 -31 -30 -29 -28 -27 -26 93 -92 94 -96 -95 90 91 -89 88 -87 86 -85 -84 -83 -82 -81 -80 79 -78 -77 -70 -76 75 72 73 -74 -71 -68
Segment 2 eval: start=PORT-581 end=PORT-591 stations=58 (optimize)
  Segment 2 order: 65 -63 64 -58 60 61 62 391 392 393 394 395 397 398 399 -400 -401 389 390 388 -387 -386 -385 -402 403 405 406 -407 -404 409 408 -410 411 412 -413 -415 416 -417 425 381 426 -368 -367 -366 -365 364 362 -361 -360 -359 -358 -357 -356 -355 354 -353 348 -363
Segment 3 eval: start=PORT-591 end=PORT-591 stations=111 (optimize)
  Segment 3 order: -346 276 277 278 279 280 281 -556 282 283 -284 555 558 559 -560 561 -562 -554 553 550 551 552 285 286 287 288 289 290 291 292 293 294 -295 296 297 306 -305 -298 299 300 301 302 304 -303 307 308 309 -310 311 312 -313 314 315 316 317 318 319 320 340 341 342 343 344 345 334 335 336 337 338 339 321 322 323 324 325 -327 328 330 -331 -329 -326 349 350 351 352 -373 372 -374 375 376 377 379 380 414 382 384 -383 419 420 421 -423 -422 424 -418 -378 -371 -370 369 332 -333 347
Segment 4 eval: start=PORT-591 end=PORT-593 stations=43 (optimize)
  Segment 4 order: 557 563 564 565 566 567 568 -542 543 540 541 549 548 -547 -546 -545 -544 -539 -538 -537 536 -535 -534 -572 569 570 571 573 574 576 533 -532 -531 -530 -529 -528 -527 577 575 578 -525 526 -524
Segment 5 eval: start=PORT-593 end=PORT-593 stations=19 (optimize)
  Segment 5 order: 430 -434 -433 -432 -431 -429 -428 427 517 518 519 520 521 -580 -579 -523 -522 -516 -515
Segment 6 eval: start=PORT-593 end=PORT-584 stations=31 (optimize)
  Segment 6 order: -512 513 -514 -511 -510 -509 -508 -507 -506 -505 -444 -443 -442 -441 440 -439 437 -436 435 438 445 446 447 448 449 450 451 452 453 -455 -454
Segment 7 eval: start=PORT-584 end=PORT-584 stations=13 (optimize)
  Segment 7 order: -488 -487 489 -460 -459 -458 -457 -456 461 485 -504 -503 501
Segment 8 eval: start=PORT-584 end=PORT-584 stations=28 (optimize)
  Segment 8 order: 500 502 486 482 483 -462 484 463 464 465 474 -473 -475 -478 -476 -115 116 -117 275 -114 494 -113 -112 495 496 497 498 499
Segment 9 eval: start=PORT-584 end=PORT-588 stations=22 (optimize)
  Segment 9 order: 490 491 492 -493 477 -480 -481 479 466 467 468 469 470 -471 472 -122 -121 120 -119 -118 -111 -274
Segment 10 eval: start=PORT-588 end=PORT-588 stations=40 (optimize)
  Segment 10 order: -105 104 -103 -102 -101 108 271 272 -273 253 252 254 255 -257 256 -130 -129 -128 -258 259 260 261 262 263 -127 126 -125 -124 -123 -266 -267 -265 -264 268 269 270 -110 -109 -107 -106
Segment 11 eval: start=PORT-588 end=PORT-583 stations=49 (optimize)
  Segment 11 order: -98 97 -242 241 -238 237 -215 -214 -213 -212 -211 -210 -209 -208 -207 -206 -205 131 -204 -203 -202 199 -201 200 -198 -197 -196 -195 -194 -193 -192 -218 -217 -216 -220 222 -225 224 226 178 227 -231 235 -234 -233 -232 -230 -134 -133
Segment 12 eval: start=PORT-583 end=PORT-583 stations=53 (optimize)
  Segment 12 order: -132 -229 -228 155 156 157 158 -159 160 161 162 163 164 165 166 167 168 169 170 171 172 173 174 175 176 177 182 183 184 185 186 187 188 189 190 191 219 223 -221 236 239 240 243 244 250 -251 249 -248 -245 247 -246 -100 -99
Segment 13 eval: start=PORT-583 end=BOAT-END stations=26 (optimize)
  Segment 13 order: -181 -135 136 -137 -2 7 8 9 142 144 145 146 147 148 149 150 139 140 141 138 151 152 153 154 179 180
PROGRESS pass=3 changed=1 total=4901.419 best=4901.419 nseg=13 stall=0 mut=0/2
Capacity boundary sweep pass 4
Cap boundary debug: PORT-593 -> [512 513 514 511 510 509 508 507 506 444 443 442 441 440 439 437 436 435 438 445 446 447 448 449 452 453 455 454 451 450 505] -> PORT-584 -> [503 504 485 461 456 457 458 459 460 489 487 488 501] -> PORT-584 | load_left=40321 load_right=44846 cap=45000
Set parameter Username
Set parameter LicenseID to value 2738882
Academic license - for non-commercial use only - expires 2026-11-14
Set parameter TimeLimit to value 360
Set parameter Seed to value 970985613
Set parameter Threads to value 4
Set parameter OutputFlag to value 1
Set parameter LogToConsole to value 1
Set parameter LazyConstraints to value 1
Gurobi Optimizer version 13.0.0 build v13.0.0rc1 (linux64 - "Debian GNU/Linux 13 (trixie)")

CPU model: AMD Ryzen 9 5950X 16-Core Processor, instruction set [SSE2|AVX|AVX2]
Thread count: 16 physical cores, 32 logical processors, using up to 4 threads

Non-default parameters:
TimeLimit  360
Seed  970985613
Threads  4
LazyConstraints  1

Optimize a model with 9370 rows, 25392 columns and 50772 nonzeros (Min)
Model fingerprint: 0xac5284f6
Model has 8276 linear objective coefficients
Variable types: 16928 continuous, 8464 integer (8464 binary)
Coefficient statistics:
  Matrix range     [1e+00, 4e+04]
  Objective range  [4e-01, 1e+02]
  Bounds range     [1e+00, 4e+04]
  RHS range        [1e+00, 2e+04]
Presolve removed 1002 rows and 9058 columns
Presolve time: 0.08s
Presolved: 8368 rows, 16334 columns, 48926 nonzeros
Variable types: 8008 continuous, 8326 integer (8326 binary)

Root relaxation: objective 3.789099e+02, 17604 iterations, 1.06 seconds (3.24 work units)

    Nodes    |    Current Node    |     Objective Bounds      |     Work
 Expl Unexpl |  Obj  Depth IntInf | Incumbent    BestBd   Gap | It/Node Time

     0     0  378.90989    0  161          -  378.90989      -     -    1s
H    0     0                     637.2819320  378.90989  40.5%     -    1s
H    0     0                     601.5920462  378.90989  37.0%     -    3s
H    0     0                     597.1365760  378.90989  36.5%     -    3s
H    0     0                     574.2463741  378.90989  34.0%     -    3s
H    0     0                     566.6348488  378.90989  33.1%     -    3s
H    0     0                     563.0654299  378.90989  32.7%     -    3s
     0     0  378.90989    0  159  563.06543  378.90989  32.7%     -    3s
     0     0  382.92972    0  196  563.06543  382.92972  32.0%     -    4s
H    0     0                     556.2393550  382.92972  31.2%     -    4s
H    0     0                     535.9078795  382.92972  28.5%     -    5s
H    0     0                     535.9078770  382.92972  28.5%     -    5s
H    0     0                     530.7193353  382.92972  27.8%     -    6s
H    0     0                     528.0043882  382.92972  27.5%     -    8s
H    0     0                     478.9521982  382.92972  20.0%     -    8s
H    0     0                     476.1145806  382.92972  19.6%     -    8s
H    0     0                     472.8836773  382.92972  19.0%     -    8s
     0     0  382.93163    0  196  472.88368  382.93163  19.0%     -    8s
     0     0  384.81191    0  208  472.88368  384.81191  18.6%     -    9s
     0     0  385.51914    0  210  472.88368  385.51914  18.5%     -    9s
     0     0  385.54407    0  215  472.88368  385.54407  18.5%     -    9s
     0     0  385.56926    0  213  472.88368  385.56926  18.5%     -    9s
     0     0  385.56937    0  215  472.88368  385.56937  18.5%     -    9s
     0     0  386.30503    0  211  472.88368  386.30503  18.3%     -   10s
     0     0  386.30689    0  211  472.88368  386.30689  18.3%     -   10s
     0     0  386.30693    0  207  472.88368  386.30693  18.3%     -   10s
     0     0  387.11957    0  209  472.88368  387.11957  18.1%     -   11s
     0     0  387.12994    0  211  472.88368  387.12994  18.1%     -   11s
     0     0  387.12994    0  212  472.88368  387.12994  18.1%     -   11s
     0     0  387.29532    0  213  472.88368  387.29532  18.1%     -   11s
     0     0  387.31071    0  217  472.88368  387.31071  18.1%     -   11s
     0     0  387.31073    0  219  472.88368  387.31073  18.1%     -   11s
     0     0  387.35996    0  222  472.88368  387.35996  18.1%     -   11s
     0     0  387.35996    0  216  472.88368  387.35996  18.1%     -   12s
     0     0  387.38333    0  219  472.88368  387.38333  18.1%     -   12s
     0     0  387.38368    0  223  472.88368  387.38368  18.1%     -   12s
     0     0  387.40756    0  221  472.88368  387.40756  18.1%     -   12s
     0     0  387.40759    0  222  472.88368  387.40759  18.1%     -   12s
     0     0  387.42099    0  224  472.88368  387.42099  18.1%     -   13s
     0     0  387.42619    0  218  472.88368  387.42619  18.1%     -   13s
     0     0  387.42619    0  219  472.88368  387.42619  18.1%     -   13s
     0     0  387.43845    0  221  472.88368  387.43845  18.1%     -   13s
     0     0  387.43963    0  221  472.88368  387.43963  18.1%     -   13s
     0     0  387.43963    0  221  472.88368  387.43963  18.1%     -   13s
     0     0  387.43963    0  216  472.88368  387.43963  18.1%     -   13s
     0     2  387.43963    0  215  472.88368  387.43963  18.1%     -   14s
    11    24  389.70447    4  184  472.88368  387.51738  18.1%   572   15s
H   36    38                     466.9531597  387.51738  17.0%   658   16s
   226   241  398.13426   36  153  466.95316  387.51738  17.0%   427   20s
H  418   421                     460.9558544  387.51738  15.9%   292   22s
   831   909  409.54277  158  143  460.95585  387.51738  15.9%   209   25s
  1974  1947     cutoff  383       460.95585  387.65923  15.9%   140   30s
  1992  1959  410.66478   88  159  460.95585  387.65923  15.9%   143   36s
  2005  1968  396.92223   40  238  460.95585  387.67181  15.9%   142   40s
  2013  1973  410.13940   31  221  460.95585  388.50383  15.7%   141   45s
  2027  1983  448.75118  486  230  460.95585  389.69840  15.5%   140   50s
  2038  1990  435.30185  135  252  460.95585  390.52025  15.3%   139   55s
  2050  1998  407.85467   61  242  460.95585  392.49271  14.9%   139   60s
  2062  2006  430.84545  445  256  460.95585  393.11166  14.7%   138   65s
  2068  2010  401.39448   74  263  460.95585  393.25681  14.7%   137   70s
  2075  2015  428.50394  294  279  460.95585  394.38717  14.4%   137   75s
  2088  2023  394.55823   25  281  460.95585  394.50383  14.4%   136   80s
  2095  2028  438.23346  394  275  460.95585  394.57068  14.4%   136   85s
  2102  2033  405.39125  197  275  460.95585  394.66802  14.4%   135   90s
  2113  2040  410.13940   31  280  460.95585  394.73484  14.4%   134   95s
  2130  2051  399.92214   72  293  460.95585  394.80897  14.3%   133  100s
  2141  2060  410.01676  164  264  460.95585  394.80897  14.3%   196  105s
  2148  2064  429.01931  252  285  460.95585  394.85805  14.3%   195  110s
  2155  2069  409.20249  252  271  460.95585  395.03572  14.3%   195  116s
  2163  2074  428.02322  207  276  460.95585  395.16600  14.3%   194  120s
  2172  2080  420.77296  244  264  460.95585  395.26505  14.3%   193  125s
  2182  2087  444.41629  481  277  460.95585  395.38445  14.2%   192  130s
  2189  2092  422.51789  303  276  460.95585  395.40176  14.2%   192  135s
  2194  2095  418.39080  259  287  460.95585  395.44641  14.2%   191  140s
  2203  2101  414.10608  344  285  460.95585  395.97158  14.1%   190  145s
H 2206  1996                     460.9558525  396.22981  14.0%   190  146s
H 2206  1895                     460.9558525  396.22981  14.0%   190  146s
  2228  1911  421.64852  158  156  460.95585  396.37458  14.0%   232  151s
  2229  1912  402.60867  118  223  460.95585  396.37458  14.0%   232  155s
  2242  1921  431.25710  450  287  460.95585  396.45015  14.0%   231  160s
  2250  1926  407.85467   61  282  460.95585  396.63905  14.0%   230  165s
  2256  1930  427.11612  270  296  460.95585  396.65497  13.9%   229  170s
  2262  1934  430.84545  445  285  460.95585  396.67689  13.9%   229  175s
  2271  1940  442.80206  344  294  460.95585  396.73468  13.9%   228  180s
  2279  1945  449.93170  482  294  460.95585  397.11999  13.8%   227  185s
  2292  1954  410.66478   88  286  460.95585  397.50298  13.8%   226  193s
H 2295  1857                     460.9558506  397.54701  13.8%   225  194s
  2298  1859  424.38307  200  296  460.95585  397.56448  13.8%   225  195s
  2318  1874  426.96415  224  206  460.95585  397.62311  13.7%   262  201s
  2329  1881  402.60867  118  287  460.95585  397.68554  13.7%   260  205s
  2335  1885  403.29413  116  286  460.95585  397.73704  13.7%   260  210s
  2340  1889  430.11543  422  285  460.95585  397.76382  13.7%   259  215s
  2346  1893  443.73057  517  293  460.95585  397.76382  13.7%   259  220s
H 2347  1797                     460.9558502  397.76382  13.7%   258  223s
  2349  1802  397.82646   48  280  460.95585  397.76382  13.7%   280  225s
  2390  1833  400.16344   56  251  460.95585  397.85472  13.7%   296  230s
  2441  1867  401.89671   61  232  460.95585  397.85472  13.7%   323  235s
  2484  1899  405.14603   68  187  460.95585  397.85472  13.7%   354  240s
  2536  1925  406.64202   74  204  460.95585  397.85472  13.7%   377  245s
  2591  1978  419.18407   76  200  460.95585  397.85472  13.7%   385  250s
  2683  2020  408.09984   83  191  460.95585  397.85472  13.7%   397  255s
  2894  2020  411.49266   96  159  460.95585  397.88990  13.7%   402  261s
  2968  2042  413.05556  103  161  460.95585  398.00779  13.7%   417  265s
H 3003  1946                     460.9558492  398.00779  13.7%   422  267s
  3027  1969  443.06750  108  126  460.95585  398.38286  13.6%   428  270s
  3067  1996  414.87456  114  147  460.95585  398.38286  13.6%   442  275s
  3148  2039  419.51449  126  131  460.95585  398.38286  13.6%   464  280s
  3217  2066     cutoff  133       460.95585  398.38286  13.6%   489  286s
  3325  2074  421.29028  140  125  460.95585  398.38286  13.6%   504  290s
  3478  2069  426.94030  152  101  460.95585  398.38286  13.6%   527  296s
  3676  2077  428.88441  163  116  460.95585  398.38411  13.6%   534  301s
  3931  2096  434.09682  197  121  460.95585  398.38411  13.6%   528  306s
  4193  2111     cutoff  247       460.95585  398.80231  13.5%   521  312s
  4503  2256  419.37804   60  172  460.95585  398.80231  13.5%   502  317s
  4939  2442  407.15442   56  167  460.95585  399.82661  13.3%   488  322s
  5571  2640  437.36885  200  122  460.95585  399.95033  13.2%   454  327s
  5815  2691  411.29604   57  193  460.95585  400.14747  13.2%   446  330s
  6157  2777  452.54892  137  132  460.95585  400.21414  13.2%   448  335s
  6355  2864  419.87738   77  166  460.95585  400.47609  13.1%   462  340s
  6664  2982  439.20944  119  111  460.95585  400.47609  13.1%   469  347s
  6826  3004  414.96999   58  191  460.95585  400.47609  13.1%   472  351s
  7140  3215  414.70462   65  209  460.95585  400.47609  13.1%   484  358s
  7388  3210  432.95146  187  130  460.95585  400.47609  13.1%   484  360s

Cutting planes:
  Gomory: 2
  Cover: 10
  Implied bound: 80
  Projected implied bound: 11
  MIR: 123
  Mixing: 1
  Flow cover: 146
  GUB cover: 1
  Inf proof: 2
  Zero half: 27
  RLT: 11
  Relax-and-lift: 29
  BQP: 7
  Lazy constraints: 2

Explored 7578 nodes (3669074 simplex iterations) in 360.00 seconds (1060.35 work units)
Thread count was 4 (of 32 available processors)

Solution count 10: 460.956 466.953 472.884 ... 563.065

Time limit reached
Best objective 4.609558492040e+02, best bound 4.004760870633e+02, gap 13.1205%

User-callback calls 69234, time in user-callback 0.00 sec
Cap boundary opt: PORT-584 stations=44 obj=460.956 real=460.956 baseline=479.288
Set parameter Username
Set parameter LicenseID to value 2738882
Academic license - for non-commercial use only - expires 2026-11-14
Segment 1 eval: start=BOAT-0 end=PORT-581 stations=87 (optimize)
  Segment 1 order: 1 3 4 -25 -5 -6 10 11 143 15 16 17 -18 -13 14 12 -24 -23 -22 -21 19 20 -41 42 43 44 45 46 -396 -47 -40 39 48 49 50 -38 -37 51 -52 59 -57 56 55 -54 -53 66 67 69 -36 -35 -34 -33 -32 -31 -30 -29 -28 -27 -26 93 -92 94 -96 -95 90 91 -89 88 -87 86 -85 -84 -83 -82 -81 -80 79 -78 -77 -70 -76 75 72 73 -74 -71 -68
Segment 2 eval: start=PORT-581 end=PORT-591 stations=58 (optimize)
  Segment 2 order: 65 -63 64 -58 60 61 62 391 392 393 394 395 397 398 399 -400 -401 389 390 388 -387 -386 -385 -402 403 405 406 -407 -404 409 408 -410 411 412 -413 -415 416 -417 425 381 426 -368 -367 -366 -365 364 362 -361 -360 -359 -358 -357 -356 -355 354 -353 348 -363
Segment 3 eval: start=PORT-591 end=PORT-591 stations=111 (optimize)
  Segment 3 order: -346 276 277 278 279 280 281 -556 282 283 -284 555 558 559 -560 561 -562 -554 553 550 551 552 285 286 287 288 289 290 291 292 293 294 -295 296 297 306 -305 -298 299 300 301 302 304 -303 307 308 309 -310 311 312 -313 314 315 316 317 318 319 320 340 341 342 343 344 345 334 335 336 337 338 339 321 322 323 324 325 -327 328 330 -331 -329 -326 349 350 351 352 -373 372 -374 375 376 377 379 380 414 382 384 -383 419 420 421 -423 -422 424 -418 -378 -371 -370 369 332 -333 347
Segment 4 eval: start=PORT-591 end=PORT-593 stations=43 (optimize)
  Segment 4 order: 557 563 564 565 566 567 568 -542 543 540 541 549 548 -547 -546 -545 -544 -539 -538 -537 536 -535 -534 -572 569 570 571 573 574 576 533 -532 -531 -530 -529 -528 -527 577 575 578 -525 526 -524
Segment 5 eval: start=PORT-593 end=PORT-593 stations=19 (optimize)
  Segment 5 order: 430 -434 -433 -432 -431 -429 -428 427 517 518 519 520 521 -580 -579 -523 -522 -516 -515
Segment 6 eval: start=PORT-593 end=PORT-584 stations=33 (optimize)
  Segment 6 order: -512 513 -514 -511 -510 -509 -508 -507 506 -444 -443 -442 -441 440 -439 437 -436 435 438 445 446 447 448 449 450 451 452 453 -454 461 485 487 488
Segment 7 eval: start=PORT-584 end=PORT-584 stations=11 (optimize)
  Segment 7 order: 489 -460 -459 -458 -457 -456 -455 505 -504 -503 501
Segment 8 eval: start=PORT-584 end=PORT-584 stations=28 (optimize)
  Segment 8 order: 500 502 486 482 483 -462 484 463 464 465 474 -473 -475 -478 -476 -115 116 -117 275 -114 494 -113 -112 495 496 497 498 499
Segment 9 eval: start=PORT-584 end=PORT-588 stations=22 (optimize)
  Segment 9 order: 490 491 492 -493 477 -480 -481 479 466 467 468 469 470 -471 472 -122 -121 120 -119 -118 -111 -274
Segment 10 eval: start=PORT-588 end=PORT-588 stations=40 (optimize)
  Segment 10 order: -105 104 -103 -102 -101 108 271 272 -273 253 252 254 255 -257 256 -130 -129 -128 -258 259 260 261 262 263 -127 126 -125 -124 -123 -266 -267 -265 -264 268 269 270 -110 -109 -107 -106
Segment 11 eval: start=PORT-588 end=PORT-583 stations=49 (optimize)
  Segment 11 order: -98 97 -242 241 -238 237 -215 -214 -213 -212 -211 -210 -209 -208 -207 -206 -205 131 -204 -203 -202 199 -201 200 -198 -197 -196 -195 -194 -193 -192 -218 -217 -216 -220 222 -225 224 226 178 227 -231 235 -234 -233 -232 -230 -134 -133
Segment 12 eval: start=PORT-583 end=PORT-583 stations=53 (optimize)
  Segment 12 order: -132 -229 -228 155 156 157 158 -159 160 161 162 163 164 165 166 167 168 169 170 171 172 173 174 175 176 177 182 183 184 185 186 187 188 189 190 191 219 223 -221 236 239 240 243 244 250 -251 249 -248 -245 247 -246 -100 -99
Segment 13 eval: start=PORT-583 end=BOAT-END stations=26 (optimize)
  Segment 13 order: -181 -135 136 -137 -2 7 8 9 142 144 145 146 147 148 149 150 139 140 141 138 151 152 153 154 179 180
Cap boundary debug: PORT-584 -> [489 460 459 458 457 456 455 505 504 503 501] -> PORT-584 -> [500 502 486 482 483 462 484 463 464 465 474 473 475 478 476 115 116 117 275 114 494 113 112 495 496 497 498 499] -> PORT-584 | load_left=44951 load_right=34664 cap=45000
Set parameter Username
Set parameter LicenseID to value 2738882
Academic license - for non-commercial use only - expires 2026-11-14
Set parameter TimeLimit to value 360
Set parameter Seed to value 2000000000
Set parameter Threads to value 4
Set parameter OutputFlag to value 1
Set parameter LogToConsole to value 1
Set parameter LazyConstraints to value 1
Gurobi Optimizer version 13.0.0 build v13.0.0rc1 (linux64 - "Debian GNU/Linux 13 (trixie)")

CPU model: AMD Ryzen 9 5950X 16-Core Processor, instruction set [SSE2|AVX|AVX2]
Thread count: 16 physical cores, 32 logical processors, using up to 4 threads

Non-default parameters:
TimeLimit  360
Seed  2000000000
Threads  4
LazyConstraints  1

Optimize a model with 7530 rows, 20172 columns and 40332 nonzeros (Min)
Model fingerprint: 0x30b0107d
Model has 6552 linear objective coefficients
Variable types: 13448 continuous, 6724 integer (6724 binary)
Coefficient statistics:
  Matrix range     [1e+00, 4e+04]
  Objective range  [4e-01, 1e+02]
  Bounds range     [1e+00, 4e+04]
  RHS range        [1e+00, 2e+04]
Presolve removed 892 rows and 7253 columns
Presolve time: 0.06s
Presolved: 6638 rows, 12919 columns, 38707 nonzeros
Variable types: 6318 continuous, 6601 integer (6601 binary)

Root relaxation: objective 3.704931e+02, 13202 iterations, 0.62 seconds (1.84 work units)

    Nodes    |    Current Node    |     Objective Bounds      |     Work
 Expl Unexpl |  Obj  Depth IntInf | Incumbent    BestBd   Gap | It/Node Time

     0     0  370.49308    0  169          -  370.49308      -     -    0s
H    0     0                     673.3640559  370.49308  45.0%     -    0s
H    0     0                     663.3571420  370.49308  44.1%     -    0s
H    0     0                     550.1165763  370.49308  32.7%     -    0s
H    0     0                     535.7979979  370.49308  30.9%     -    2s
H    0     0                     482.1121503  370.49308  23.2%     -    2s
H    0     0                     478.6902783  370.49308  22.6%     -    2s
H    0     0                     477.3393159  370.49308  22.4%     -    2s
H    0     0                     468.7482808  370.49308  21.0%     -    3s
H    0     0                     465.3264088  370.49308  20.4%     -    3s
     0     0  370.49308    0  169  465.32641  370.49308  20.4%     -    4s
     0     0  378.95531    0  185  465.32641  378.95531  18.6%     -    5s
     0     0  378.96644    0  186  465.32641  378.96644  18.6%     -    6s
     0     0  380.74851    0  184  465.32641  380.74851  18.2%     -    6s
     0     0  380.76189    0  189  465.32641  380.76189  18.2%     -    6s
     0     0  381.19296    0  195  465.32641  381.19296  18.1%     -    7s
     0     0  381.19427    0  195  465.32641  381.19427  18.1%     -    7s
     0     0  381.50454    0  197  465.32641  381.50454  18.0%     -    7s
     0     0  381.53373    0  197  465.32641  381.53373  18.0%     -    7s
     0     0  381.53496    0  202  465.32641  381.53496  18.0%     -    7s
     0     0  382.03431    0  190  465.32641  382.03431  17.9%     -    7s
     0     0  382.32717    0  204  465.32641  382.32717  17.8%     -    7s
     0     0  382.33022    0  205  465.32641  382.33022  17.8%     -    7s
     0     0  382.65485    0  213  465.32641  382.65485  17.8%     -    8s
     0     0  382.70422    0  211  465.32641  382.70422  17.8%     -    8s
     0     0  382.72699    0  213  465.32641  382.72699  17.8%     -    8s
     0     0  382.73649    0  217  465.32641  382.73649  17.7%     -    8s
     0     0  382.73822    0  218  465.32641  382.73822  17.7%     -    8s
     0     0  383.15289    0  208  465.32641  383.15289  17.7%     -    8s
     0     0  383.30326    0  211  465.32641  383.30326  17.6%     -    8s
     0     0  383.30521    0  212  465.32641  383.30521  17.6%     -    8s
     0     0  383.50640    0  217  465.32641  383.50640  17.6%     -    9s
     0     0  383.52658    0  218  465.32641  383.52658  17.6%     -    9s
     0     0  383.57109    0  215  465.32641  383.57109  17.6%     -    9s
     0     0  383.63136    0  213  465.32641  383.63136  17.6%     -    9s
     0     0  383.63136    0  221  465.32641  383.63136  17.6%     -    9s
     0     0  383.63136    0  226  465.32641  383.63136  17.6%     -    9s
     0     0  383.63160    0  226  465.32641  383.63160  17.6%     -    9s
     0     0  383.63160    0  226  465.32641  383.63160  17.6%     -    9s
     0     0  383.63160    0  220  465.32641  383.63160  17.6%     -    9s
H    0     0                     436.2342266  383.63160  12.1%     -   10s
H    0     0                     434.3817444  383.63160  11.7%     -   10s
H    0     0                     430.5366046  383.63160  10.9%     -   10s
     0     0  383.63160    0  168  430.53660  383.63160  10.9%     -   11s
H    0     0                     425.6625404  383.63160  9.87%     -   12s
     0     0  383.63160    0  184  425.66254  383.63160  9.87%     -   12s
     0     0  383.63160    0  205  425.66254  383.63160  9.87%     -   12s
H    0     0                     425.6625379  383.63160  9.87%     -   13s
     0     0  383.63160    0  205  425.66254  383.63160  9.87%     -   13s
     0     0  383.63160    0  213  425.66254  383.63160  9.87%     -   13s
     0     0  383.63160    0  211  425.66254  383.63160  9.87%     -   13s
     0     0  383.63160    0  212  425.66254  383.63160  9.87%     -   13s
     0     0  383.63160    0  218  425.66254  383.63160  9.87%     -   13s
     0     0  383.63160    0  218  425.66254  383.63160  9.87%     -   13s
     0     0  383.64011    0  218  425.66254  383.64011  9.87%     -   13s
     0     0  383.64011    0  218  425.66254  383.64011  9.87%     -   13s
     0     0  383.68802    0  217  425.66254  383.68802  9.86%     -   14s
     0     0  383.68802    0  217  425.66254  383.68802  9.86%     -   14s
     0     0  383.68802    0  217  425.66254  383.68802  9.86%     -   14s
     0     0  383.68802    0  218  425.66254  383.68802  9.86%     -   14s
     0     0  383.68802    0  217  425.66254  383.68802  9.86%     -   14s
     0     0  383.68802    0  218  425.66254  383.68802  9.86%     -   14s
     0     0  383.68802    0  220  425.66254  383.68802  9.86%     -   14s
     0     0  383.86153    0  216  425.66254  383.86153  9.82%     -   14s
     0     0  383.88924    0  219  425.66254  383.88924  9.81%     -   14s
     0     0  383.92317    0  211  425.66254  383.92317  9.81%     -   15s
     0     0  383.93368    0  216  425.66254  383.93368  9.80%     -   15s
     0     0  383.93368    0  218  425.66254  383.93368  9.80%     -   15s
     0     0  383.98781    0  216  425.66254  383.98781  9.79%     -   15s
     0     0  384.00859    0  218  425.66254  384.00859  9.79%     -   15s
     0     0  384.00859    0  219  425.66254  384.00859  9.79%     -   15s
     0     0  384.02091    0  222  425.66254  384.02091  9.78%     -   15s
     0     0  384.02322    0  221  425.66254  384.02322  9.78%     -   15s
     0     0  384.03809    0  221  425.66254  384.03809  9.78%     -   15s
     0     0  384.03809    0  221  425.66254  384.03809  9.78%     -   15s
     0     0  384.04513    0  219  425.66254  384.04513  9.78%     -   16s
     0     0  384.05571    0  222  425.66254  384.05571  9.77%     -   16s
     0     0  384.07662    0  221  425.66254  384.07662  9.77%     -   16s
     0     0  384.08653    0  221  425.66254  384.08653  9.77%     -   16s
     0     0  384.12912    0  212  425.66254  384.12912  9.76%     -   16s
     0     0  384.14032    0  220  425.66254  384.14032  9.75%     -   16s
     0     0  384.14106    0  221  425.66254  384.14106  9.75%     -   16s
     0     0  384.24725    0  214  425.66254  384.24725  9.73%     -   16s
     0     0  384.25877    0  217  425.66254  384.25877  9.73%     -   16s
     0     0  384.25877    0  217  425.66254  384.25877  9.73%     -   16s
     0     0  384.25878    0  217  425.66254  384.25878  9.73%     -   17s
     0     0  384.26385    0  214  425.66254  384.26385  9.73%     -   17s
     0     0  384.30842    0  219  425.66254  384.30842  9.72%     -   17s
     0     0  384.30842    0  220  425.66254  384.30842  9.72%     -   17s
     0     0  384.30842    0  221  425.66254  384.30842  9.72%     -   17s
     0     0  384.31425    0  221  425.66254  384.31425  9.71%     -   17s
     0     0  384.31425    0  222  425.66254  384.31425  9.71%     -   17s
     0     0  384.31425    0  231  425.66254  384.31425  9.71%     -   17s
     0     0  384.32428    0  229  425.66254  384.32428  9.71%     -   17s
     0     0  384.32428    0  230  425.66254  384.32428  9.71%     -   17s
     0     0  384.32428    0  226  425.66254  384.32428  9.71%     -   17s
     0     0  384.32428    0  227  425.66254  384.32428  9.71%     -   18s
     0     0  384.32428    0  227  425.66254  384.32428  9.71%     -   18s
     0     0  384.32428    0  227  425.66254  384.32428  9.71%     -   18s
     0     0  384.32428    0  226  425.66254  384.32428  9.71%     -   18s
     0     2  384.32428    0  225  425.66254  384.32428  9.71%     -   18s
H   83    85                     425.6625364  384.62416  9.64%   235   19s
   108   122  393.95299   22  124  425.66254  384.62416  9.64%   209   20s
H  132   133                     425.6625345  384.62416  9.64%   190   20s
  1093  1001  392.07701   20  166  425.66253  384.90702  9.57%  70.2   25s
  1104  1009  405.34470   56  236  425.66253  385.03884  9.54%  69.5   30s
  1121  1020  395.18625   22  243  425.66253  385.35614  9.47%  68.5   35s
  1150  1039  390.90753   21  254  425.66253  385.95323  9.33%  66.8   40s
  1185  1072  389.44709   17  236  425.66253  387.95899  8.86%  84.5   45s
  1361  1157  404.66021   33  174  425.66253  387.96060  8.86%   120   50s
  1820  1122  394.39330   17  215  425.66253  388.52534  8.72%   150   55s
  2604  1329  409.96883   40   86  425.66253  389.31070  8.54%   159   60s
  3648  1471  413.11993   22  175  425.66253  390.84052  8.18%   162   65s
  4135  1732  419.28398   94  124  425.66253  391.70431  7.98%   157   70s
  5253  2437  406.29774   42  159  425.66253  392.75900  7.73%   155   75s
  6136  3104     cutoff   39       425.66253  393.07863  7.65%   147   80s
  7088  3798  418.82719   51  137  425.66253  393.89582  7.46%   160   85s
  7794  4219  405.80226   30  152  425.66253  394.24863  7.38%   162   90s
  8793  4658  406.42975   45  151  425.66253  394.65890  7.28%   165   96s
  9755  5381  403.02555   25  144  425.66253  395.11591  7.18%   162  101s
 10715  5955  415.06747   47  127  425.66253  395.43319  7.10%   160  106s
 11786  6612  413.95218   52  126  425.66253  395.76246  7.02%   160  110s
 12892  7311  414.31457   27  165  425.66253  396.15382  6.93%   159  115s
 13599  7576  402.93013   24  175  425.66253  396.28832  6.90%   157  120s
 14630  8241  401.39896   26  184  425.66253  396.57458  6.83%   157  125s
 16038  8859  403.53788   26  146  425.66253  396.96883  6.74%   160  131s
 17030  9546  416.10634   29  187  425.66253  397.28309  6.67%   158  135s
 18008  9993  406.93143   30  190  425.66253  397.46967  6.62%   159  140s
 19448 10822  416.87695   43  133  425.66253  397.75341  6.56%   158  146s
 20256 11333  402.41474   65  118  425.66253  397.99521  6.50%   159  150s
 21872 12156  402.60191   28  165  425.66253  398.34115  6.42%   158  156s
 22858 12605  410.56574   27  137  425.66253  398.58376  6.36%   158  160s
 24058 13199 infeasible   40       425.66253  398.75525  6.32%   159  166s
 24762 13371     cutoff   43       425.66253  398.87808  6.29%   160  171s
 25401 13851  417.13206   48  137  425.66253  398.96424  6.27%   160  175s
 26816 14581  417.39172   43  182  425.66253  399.25281  6.20%   161  181s
 27681 14919  414.56636   29   92  425.66253  399.43824  6.16%   161  185s
 28943 15452  412.29502   30  169  425.66253  399.65727  6.11%   163  191s
 29772 15833  420.43936   32  176  425.66253  399.78570  6.08%   164  195s
 30964 16366  419.19523   37  125  425.66253  400.00604  6.03%   164  202s
 31834 16590     cutoff   32       425.66253  400.26436  5.97%   165  205s
 32868 16988  422.59776   45  140  425.66253  400.46745  5.92%   166  211s
 33631 17301  409.31465   31  186  425.66253  400.64285  5.88%   167  215s
 34647 17719     cutoff   31       425.66253  400.86770  5.82%   168  221s
 35471 18003     cutoff   37       425.66253  400.99887  5.79%   169  225s
 36575 18328  414.61700   30  126  425.66253  401.23120  5.74%   170  231s
 37278 18618  418.89873   51  162  425.66253  401.36993  5.71%   171  235s
 38192 18927  414.35460   27  176  425.66253  401.62121  5.65%   173  241s
 38931 19145  421.71861   29  108  425.66253  401.73463  5.62%   174  245s
 39534 19256  424.00738   27   55  425.66253  401.84518  5.60%   175  250s
 40491 19570  418.99063   49  189  425.66253  402.03286  5.55%   176  256s
 41126 19708  412.98220   26  127  425.66253  402.16784  5.52%   177  261s
 41796 19939  414.83467   29  185  425.66253  402.29870  5.49%   178  265s
 42905 20289  420.31213   30  198  425.66253  402.49423  5.44%   179  271s
 43548 20489  413.76853   35  186  425.66253  402.63292  5.41%   180  275s
 44657 20804  413.99854   24  163  425.66253  402.87102  5.35%   181  281s
 45356 20971 infeasible   39       425.66253  402.97487  5.33%   182  285s
 46329 21229     cutoff   32       425.66253  403.18277  5.28%   183  292s
 46890 21335  418.20655   38  173  425.66253  403.38189  5.23%   184  296s
 47630 21492     cutoff   36       425.66253  403.51642  5.20%   185  300s
 48651 21782  414.64205   33  210  425.66253  403.71741  5.16%   186  306s
 49409 21902  418.55367   33  149  425.66253  403.85184  5.12%   187  311s
 50075 22083  424.33668   32  143  425.66253  403.97750  5.09%   188  315s
 51049 22267  422.36601   35  173  425.66253  404.11866  5.06%   189  321s
H51304 22282                     425.6625328  404.21436  5.04%   189  324s
 51456 22357     cutoff   39       425.66253  404.25884  5.03%   190  326s
 52053 22402  415.37123   30  161  425.66253  404.37556  5.00%   190  331s
 52142 22484  414.36270   26  156  425.66253  404.38716  5.00%   190  336s
 52740 22686 infeasible   40       425.66253  404.49280  4.97%   191  341s
H53266 22732                     425.6625309  404.63840  4.94%   191  343s
 53304 22743  424.98456   29   84  425.66253  404.63840  4.94%   191  345s
 54213 22922  419.51379   40  178  425.66253  404.87220  4.88%   193  352s
 54815 22999  422.00247   30  189  425.66253  405.05500  4.84%   194  356s
 55364 23008     cutoff   36       425.66253  405.20934  4.81%   195  360s

Cutting planes:
  Gomory: 1
  Cover: 18
  Implied bound: 127
  Projected implied bound: 7
  MIR: 326
  Mixing: 8
  Flow cover: 232
  GUB cover: 2
  Inf proof: 18
  Zero half: 9
  Mod-K: 1
  RLT: 13
  Relax-and-lift: 34
  BQP: 6

Explored 55580 nodes (10903440 simplex iterations) in 360.00 seconds (1484.07 work units)
Thread count was 4 (of 32 available processors)

Solution count 10: 425.663 425.663 425.663 ... 478.69

Time limit reached
Best objective 4.256625309466e+02, best bound 4.052695793969e+02, gap 4.7909%

User-callback calls 154684, time in user-callback 0.01 sec
Cap boundary opt: PORT-584 stations=39 obj=425.663 real=425.663 baseline=434.093
Set parameter Username
Set parameter LicenseID to value 2738882
Academic license - for non-commercial use only - expires 2026-11-14
Segment 1 eval: start=BOAT-0 end=PORT-581 stations=87 (optimize)
  Segment 1 order: 1 3 4 -25 -5 -6 10 11 143 15 16 17 -18 -13 14 12 -24 -23 -22 -21 19 20 -41 42 43 44 45 46 -396 -47 -40 39 48 49 50 -38 -37 51 -52 59 -57 56 55 -54 -53 66 67 69 -36 -35 -34 -33 -32 -31 -30 -29 -28 -27 -26 93 -92 94 -96 -95 90 91 -89 88 -87 86 -85 -84 -83 -82 -81 -80 79 -78 -77 -70 -76 75 72 73 -74 -71 -68
Segment 2 eval: start=PORT-581 end=PORT-591 stations=58 (optimize)
  Segment 2 order: 65 -63 64 -58 60 61 62 391 392 393 394 395 397 398 399 -400 -401 389 390 388 -387 -386 -385 -402 403 405 406 -407 -404 409 408 -410 411 412 -413 -415 416 -417 425 381 426 -368 -367 -366 -365 364 362 -361 -360 -359 -358 -357 -356 -355 354 -353 348 -363
Segment 3 eval: start=PORT-591 end=PORT-591 stations=111 (optimize)
  Segment 3 order: -346 276 277 278 279 280 281 -556 282 283 -284 555 558 559 -560 561 -562 -554 553 550 551 552 285 286 287 288 289 290 291 292 293 294 -295 296 297 306 -305 -298 299 300 301 302 304 -303 307 308 309 -310 311 312 -313 314 315 316 317 318 319 320 340 341 342 343 344 345 334 335 336 337 338 339 321 322 323 324 325 -327 328 330 -331 -329 -326 349 350 351 352 -373 372 -374 375 376 377 379 380 414 382 384 -383 419 420 421 -423 -422 424 -418 -378 -371 -370 369 332 -333 347
Segment 4 eval: start=PORT-591 end=PORT-593 stations=43 (optimize)
  Segment 4 order: 557 563 564 565 566 567 568 -542 543 540 541 549 548 -547 -546 -545 -544 -539 -538 -537 536 -535 -534 -572 569 570 571 573 574 576 533 -532 -531 -530 -529 -528 -527 577 575 578 -525 526 -524
Segment 5 eval: start=PORT-593 end=PORT-593 stations=19 (optimize)
  Segment 5 order: 430 -434 -433 -432 -431 -429 -428 427 517 518 519 520 521 -580 -579 -523 -522 -516 -515
Segment 6 eval: start=PORT-593 end=PORT-584 stations=33 (optimize)
  Segment 6 order: -512 513 -514 -511 -510 -509 -508 -507 506 -444 -443 -442 -441 440 -439 437 -436 435 438 445 446 447 448 449 450 451 452 453 -454 461 485 487 488
Segment 7 eval: start=PORT-584 end=PORT-584 stations=28 (optimize)
  Segment 7 order: -499 -498 -497 -496 -495 112 113 -494 114 -275 117 -116 115 476 478 475 473 -474 -465 -464 -463 -484 462 -483 -482 -489 -502 -500
Segment 8 eval: start=PORT-584 end=PORT-584 stations=11 (optimize)
  Segment 8 order: 503 504 -505 455 456 457 458 459 460 -486 501
Segment 9 eval: start=PORT-584 end=PORT-588 stations=22 (optimize)
  Segment 9 order: 490 491 492 -493 477 -480 -481 479 466 467 468 469 470 -471 472 -122 -121 120 -119 -118 -111 -274
Segment 10 eval: start=PORT-588 end=PORT-588 stations=40 (optimize)
  Segment 10 order: -105 104 -103 -102 -101 108 271 272 -273 253 252 254 255 -257 256 -130 -129 -128 -258 259 260 261 262 263 -127 126 -125 -124 -123 -266 -267 -265 -264 268 269 270 -110 -109 -107 -106
Segment 11 eval: start=PORT-588 end=PORT-583 stations=49 (optimize)
  Segment 11 order: -98 97 -242 241 -238 237 -215 -214 -213 -212 -211 -210 -209 -208 -207 -206 -205 131 -204 -203 -202 199 -201 200 -198 -197 -196 -195 -194 -193 -192 -218 -217 -216 -220 222 -225 224 226 178 227 -231 235 -234 -233 -232 -230 -134 -133
Segment 12 eval: start=PORT-583 end=PORT-583 stations=53 (optimize)
  Segment 12 order: -132 -229 -228 155 156 157 158 -159 160 161 162 163 164 165 166 167 168 169 170 171 172 173 174 175 176 177 182 183 184 185 186 187 188 189 190 191 219 223 -221 236 239 240 243 244 250 -251 249 -248 -245 247 -246 -100 -99
Segment 13 eval: start=PORT-583 end=BOAT-END stations=26 (optimize)
  Segment 13 order: -181 -135 136 -137 -2 7 8 9 142 144 145 146 147 148 149 150 139 140 141 138 151 152 153 154 179 180
Cap boundary debug: PORT-584 -> [501 503 504 505 455 456 457 458 459 460 486] -> PORT-584 -> [490 491 492 493 477 480 481 479 466 467 468 469 470 471 472 122 121 120 119 118 111 274] -> PORT-588 | load_left=44338 load_right=43554 cap=45000
Set parameter Username
Set parameter LicenseID to value 2738882
Academic license - for non-commercial use only - expires 2026-11-14
Set parameter TimeLimit to value 360
Set parameter Seed to value 1699852412
Set parameter Threads to value 4
Set parameter OutputFlag to value 1
Set parameter LogToConsole to value 1
Set parameter LazyConstraints to value 1
Gurobi Optimizer version 13.0.0 build v13.0.0rc1 (linux64 - "Debian GNU/Linux 13 (trixie)")

CPU model: AMD Ryzen 9 5950X 16-Core Processor, instruction set [SSE2|AVX|AVX2]
Thread count: 16 physical cores, 32 logical processors, using up to 4 threads

Non-default parameters:
TimeLimit  360
Seed  1699852412
Threads  4
LazyConstraints  1

Optimize a model with 5586 rows, 14700 columns and 29388 nonzeros (Min)
Model fingerprint: 0x127a3f92
Model has 4756 linear objective coefficients
Variable types: 9800 continuous, 4900 integer (4900 binary)
Coefficient statistics:
  Matrix range     [1e+00, 4e+04]
  Objective range  [4e-01, 2e+02]
  Bounds range     [1e+00, 4e+04]
  RHS range        [1e+00, 2e+04]
Presolve removed 760 rows and 5351 columns
Presolve time: 0.04s
Presolved: 4826 rows, 9349 columns, 28035 nonzeros
Variable types: 4554 continuous, 4795 integer (4795 binary)

Root relaxation: objective 4.183179e+02, 10136 iterations, 0.42 seconds (1.28 work units)

    Nodes    |    Current Node    |     Objective Bounds      |     Work
 Expl Unexpl |  Obj  Depth IntInf | Incumbent    BestBd   Gap | It/Node Time

     0     0  418.31789    0  121          -  418.31789      -     -    0s
H    0     0                     461.7385783  418.31789  9.40%     -    0s
H    0     0                     425.7593004  418.31789  1.75%     -    0s
     0     0  419.19460    0  127  425.75930  419.19460  1.54%     -    0s
     0     0  421.05172    0   25  425.75930  421.05172  1.11%     -    0s
     0     0  421.15422    0   36  425.75930  421.15422  1.08%     -    0s
H    0     0                     425.6296803  421.15422  1.05%     -    0s
     0     0  422.20189    0   93  425.62968  422.20189  0.81%     -    0s
     0     0  422.53374    0    8  425.62968  422.53374  0.73%     -    0s
     0     0  423.80778    0   63  425.62968  423.80778  0.43%     -    0s
     0     0  424.61986    0   62  425.62968  424.61986  0.24%     -    0s
     0     0  424.65035    0   69  425.62968  424.65035  0.23%     -    0s
     0     0          -    0       425.62968  425.61555  0.00%     -    0s

Explored 1 nodes (13632 simplex iterations) in 0.79 seconds (1.89 work units)
Thread count was 4 (of 32 available processors)

Solution count 4: 425.63 425.759 428.69 461.739 

Optimal solution found (tolerance 1.00e-04)
Best objective 4.256296803100e+02, best bound 4.256155535838e+02, gap 0.0033%

User-callback calls 586, time in user-callback 0.00 sec
Cap boundary opt: PORT-584 stations=33 obj=425.630 real=425.630 baseline=425.759
Set parameter Username
Set parameter LicenseID to value 2738882
Academic license - for non-commercial use only - expires 2026-11-14
Segment 1 eval: start=BOAT-0 end=PORT-581 stations=87 (optimize)
  Segment 1 order: 1 3 4 -25 -5 -6 10 11 143 15 16 17 -18 -13 14 12 -24 -23 -22 -21 19 20 -41 42 43 44 45 46 -396 -47 -40 39 48 49 50 -38 -37 51 -52 59 -57 56 55 -54 -53 66 67 69 -36 -35 -34 -33 -32 -31 -30 -29 -28 -27 -26 93 -92 94 -96 -95 90 91 -89 88 -87 86 -85 -84 -83 -82 -81 -80 79 -78 -77 -70 -76 75 72 73 -74 -71 -68
Segment 2 eval: start=PORT-581 end=PORT-591 stations=58 (optimize)
  Segment 2 order: 65 -63 64 -58 60 61 62 391 392 393 394 395 397 398 399 -400 -401 389 390 388 -387 -386 -385 -402 403 405 406 -407 -404 409 408 -410 411 412 -413 -415 416 -417 425 381 426 -368 -367 -366 -365 364 362 -361 -360 -359 -358 -357 -356 -355 354 -353 348 -363
Segment 3 eval: start=PORT-591 end=PORT-591 stations=111 (optimize)
  Segment 3 order: -346 276 277 278 279 280 281 -556 282 283 -284 555 558 559 -560 561 -562 -554 553 550 551 552 285 286 287 288 289 290 291 292 293 294 -295 296 297 306 -305 -298 299 300 301 302 304 -303 307 308 309 -310 311 312 -313 314 315 316 317 318 319 320 340 341 342 343 344 345 334 335 336 337 338 339 321 322 323 324 325 -327 328 330 -331 -329 -326 349 350 351 352 -373 372 -374 375 376 377 379 380 414 382 384 -383 419 420 421 -423 -422 424 -418 -378 -371 -370 369 332 -333 347
Segment 4 eval: start=PORT-591 end=PORT-593 stations=43 (optimize)
  Segment 4 order: 557 563 564 565 566 567 568 -542 543 540 541 549 548 -547 -546 -545 -544 -539 -538 -537 536 -535 -534 -572 569 570 571 573 574 576 533 -532 -531 -530 -529 -528 -527 577 575 578 -525 526 -524
Segment 5 eval: start=PORT-593 end=PORT-593 stations=19 (optimize)
  Segment 5 order: 430 -434 -433 -432 -431 -429 -428 427 517 518 519 520 521 -580 -579 -523 -522 -516 -515
Segment 6 eval: start=PORT-593 end=PORT-584 stations=33 (optimize)
  Segment 6 order: -512 513 -514 -511 -510 -509 -508 -507 506 -444 -443 -442 -441 440 -439 437 -436 435 438 445 446 447 448 449 450 451 452 453 -454 461 485 487 488
Segment 7 eval: start=PORT-584 end=PORT-584 stations=28 (optimize)
  Segment 7 order: -499 -498 -497 -496 -495 112 113 -494 114 -275 117 -116 115 476 478 475 473 -474 -465 -464 -463 -484 462 -483 -482 -489 -502 -500
Segment 8 eval: start=PORT-584 end=PORT-584 stations=10 (optimize)
  Segment 8 order: 503 504 -505 455 456 457 458 459 460 -486
Segment 9 eval: start=PORT-584 end=PORT-588 stations=23 (optimize)
  Segment 9 order: -501 490 491 492 -493 477 -480 -481 479 466 467 468 469 470 -471 472 -122 -121 120 -119 -118 -111 -274
Segment 10 eval: start=PORT-588 end=PORT-588 stations=40 (optimize)
  Segment 10 order: -105 104 -103 -102 -101 108 271 272 -273 253 252 254 255 -257 256 -130 -129 -128 -258 259 260 261 262 263 -127 126 -125 -124 -123 -266 -267 -265 -264 268 269 270 -110 -109 -107 -106
Segment 11 eval: start=PORT-588 end=PORT-583 stations=49 (optimize)
  Segment 11 order: -98 97 -242 241 -238 237 -215 -214 -213 -212 -211 -210 -209 -208 -207 -206 -205 131 -204 -203 -202 199 -201 200 -198 -197 -196 -195 -194 -193 -192 -218 -217 -216 -220 222 -225 224 226 178 227 -231 235 -234 -233 -232 -230 -134 -133
Segment 12 eval: start=PORT-583 end=PORT-583 stations=53 (optimize)
  Segment 12 order: -132 -229 -228 155 156 157 158 -159 160 161 162 163 164 165 166 167 168 169 170 171 172 173 174 175 176 177 182 183 184 185 186 187 188 189 190 191 219 223 -221 236 239 240 243 244 250 -251 249 -248 -245 247 -246 -100 -99
Segment 13 eval: start=PORT-583 end=BOAT-END stations=26 (optimize)
  Segment 13 order: -181 -135 136 -137 -2 7 8 9 142 144 145 146 147 148 149 150 139 140 141 138 151 152 153 154 179 180
Cap boundary debug: PORT-584 -> [501 490 491 492 493 477 480 481 479 466 467 468 469 470 471 472 122 121 120 119 118 111 274] -> PORT-588 -> [106 107 109 110 270 269 268 264 265 267 266 123 124 125 126 127 263 262 261 260 259 258 128 129 130 256 257 255 254 252 253 273 272 271 108 101 102 103 104 105] -> PORT-588 | load_left=44485 load_right=43280 cap=45000
Set parameter Username
Set parameter LicenseID to value 2738882
Academic license - for non-commercial use only - expires 2026-11-14
Set parameter TimeLimit to value 360
Set parameter Seed to value 700998348
Set parameter Threads to value 4
Set parameter OutputFlag to value 1
Set parameter LogToConsole to value 1
Set parameter LazyConstraints to value 1
Gurobi Optimizer version 13.0.0 build v13.0.0rc1 (linux64 - "Debian GNU/Linux 13 (trixie)")

CPU model: AMD Ryzen 9 5950X 16-Core Processor, instruction set [SSE2|AVX|AVX2]
Thread count: 16 physical cores, 32 logical processors, using up to 4 threads

Non-default parameters:
TimeLimit  360
Seed  700998348
Threads  4
LazyConstraints  1

Optimize a model with 18186 rows, 50700 columns and 101388 nonzeros (Min)
Model fingerprint: 0xc144473a
Model has 16636 linear objective coefficients
Variable types: 33800 continuous, 16900 integer (16900 binary)
Coefficient statistics:
  Matrix range     [1e+00, 4e+04]
  Objective range  [3e-01, 2e+02]
  Bounds range     [1e+00, 4e+04]
  RHS range        [1e+00, 1e+04]
Presolve removed 1420 rows and 17741 columns
Presolve time: 0.16s
Presolved: 16766 rows, 32959 columns, 98674 nonzeros
Variable types: 16254 continuous, 16705 integer (16705 binary)

Root simplex log...

Iteration    Objective       Primal Inf.    Dual Inf.      Time
   41981    4.9184075e+02   6.691683e+03   0.000000e+00      5s
   45568    4.9245473e+02   0.000000e+00   0.000000e+00      6s

Root relaxation: objective 4.924547e+02, 45568 iterations, 5.43 seconds (16.71 work units)

    Nodes    |    Current Node    |     Objective Bounds      |     Work
 Expl Unexpl |  Obj  Depth IntInf | Incumbent    BestBd   Gap | It/Node Time

     0     0  492.45473    0  195          -  492.45473      -     -    5s
H    0     0                     828.6807469  492.45473  40.6%     -    6s
H    0     0                     663.9439019  492.45473  25.8%     -    6s
H    0     0                     663.3600417  492.45473  25.8%     -    6s
H    0     0                     619.4676090  492.45473  20.5%     -    9s
H    0     0                     610.2248217  492.45473  19.3%     -    9s
H    0     0                     604.4806213  492.45473  18.5%     -   10s
H    0     0                     598.3083154  492.45473  17.7%     -   10s
     0     0  492.45473    0  195  598.30832  492.45473  17.7%     -   10s
     0     0  494.31550    0  248  598.30832  494.31550  17.4%     -   12s
H    0     0                     596.8001172  494.31573  17.2%     -   12s
H    0     0                     521.8410235  494.31573  5.27%     -   12s
     0     0  494.32328    0  249  521.84102  494.32328  5.27%     -   13s
     0     0  494.51455    0  257  521.84102  494.51455  5.24%     -   13s
     0     0  494.51455    0  196  521.84102  494.51455  5.24%     -   14s
     0     0  494.51455    0  273  521.84102  494.51455  5.24%     -   15s
     0     0  494.60036    0  279  521.84102  494.60036  5.22%     -   15s
     0     0  494.60223    0  273  521.84102  494.60223  5.22%     -   15s
     0     0  494.67214    0  268  521.84102  494.67214  5.21%     -   15s
     0     0  494.67360    0  274  521.84102  494.67360  5.21%     -   15s
     0     0  495.70103    0  260  521.84102  495.70103  5.01%     -   16s
     0     0  495.73112    0  274  521.84102  495.73112  5.00%     -   16s
     0     0  495.73633    0  272  521.84102  495.73633  5.00%     -   16s
     0     0  495.73633    0  273  521.84102  495.73633  5.00%     -   16s
     0     0  496.41272    0  281  521.84102  496.41272  4.87%     -   17s
     0     0  496.49652    0  288  521.84102  496.49652  4.86%     -   17s
     0     0  496.49656    0  286  521.84102  496.49656  4.86%     -   17s
     0     0  496.79357    0  282  521.84102  496.79357  4.80%     -   17s
     0     0  496.81500    0  286  521.84102  496.81500  4.80%     -   17s
     0     0  496.81512    0  286  521.84102  496.81512  4.80%     -   17s
     0     0  496.88750    0  288  521.84102  496.88750  4.78%     -   17s
     0     0  496.90307    0  299  521.84102  496.90307  4.78%     -   17s
     0     0  496.90307    0  299  521.84102  496.90307  4.78%     -   17s
     0     0  496.97799    0  302  521.84102  496.97799  4.76%     -   18s
     0     0  496.99236    0  302  521.84102  496.99236  4.76%     -   18s
     0     0  496.99236    0  302  521.84102  496.99236  4.76%     -   18s
     0     0  497.00884    0  301  521.84102  497.00884  4.76%     -   18s
     0     0  497.01879    0  297  521.84102  497.01879  4.76%     -   18s
     0     0  497.02197    0  298  521.84102  497.02197  4.76%     -   18s
     0     0  497.04247    0  293  521.84102  497.04247  4.75%     -   18s
     0     0  497.04299    0  298  521.84102  497.04299  4.75%     -   18s
     0     0  497.04846    0  295  521.84102  497.04846  4.75%     -   19s
     0     0  497.06026    0  297  521.84102  497.06026  4.75%     -   19s
     0     0  497.06026    0  297  521.84102  497.06026  4.75%     -   19s
     0     0  497.06075    0  297  521.84102  497.06075  4.75%     -   19s
     0     0  497.06075    0  297  521.84102  497.06075  4.75%     -   19s
     0     0  497.06075    0  290  521.84102  497.06075  4.75%     -   19s
     0     0  498.22484    0  200  521.84102  498.22484  4.53%     -   20s
     0     0  498.22484    0  276  521.84102  498.22484  4.53%     -   20s
     0     0  498.22484    0  273  521.84102  498.22484  4.53%     -   20s
     0     0  498.22484    0  278  521.84102  498.22484  4.53%     -   20s
     0     0  498.22484    0  277  521.84102  498.22484  4.53%     -   20s
     0     0  498.22484    0  278  521.84102  498.22484  4.53%     -   20s
     0     0  498.37663    0  288  521.84102  498.37663  4.50%     -   21s
H    0     0                     521.6360782  498.37663  4.46%     -   21s
     0     0  498.40661    0  295  521.63608  498.40661  4.45%     -   21s
     0     0  498.40849    0  290  521.63608  498.40849  4.45%     -   21s
     0     0  498.40849    0  290  521.63608  498.40849  4.45%     -   21s
     0     0  498.62380    0  294  521.63608  498.62380  4.41%     -   21s
     0     0  498.67139    0  299  521.63608  498.67139  4.40%     -   21s
     0     0  498.67954    0  298  521.63608  498.67954  4.40%     -   21s
     0     0  498.68031    0  298  521.63608  498.68031  4.40%     -   22s
     0     0  498.72565    0  306  521.63608  498.72565  4.39%     -   22s
     0     0  498.74794    0  309  521.63608  498.74794  4.39%     -   22s
     0     0  498.74811    0  311  521.63608  498.74811  4.39%     -   22s
     0     0  498.75205    0  307  521.63608  498.75205  4.39%     -   22s
     0     0  498.75205    0  305  521.63608  498.75205  4.39%     -   22s
     0     0  498.75480    0  307  521.63608  498.75480  4.39%     -   22s
     0     0  498.75480    0  307  521.63608  498.75480  4.39%     -   23s
     0     0  498.75480    0  307  521.63608  498.75480  4.39%     -   23s
     0     0  498.76970    0  307  521.63608  498.76970  4.38%     -   23s
     0     0  498.76970    0  307  521.63608  498.76970  4.38%     -   23s
     0     0  498.76970    0  296  521.63608  498.76970  4.38%     -   23s
     0     2  499.21178    0  296  521.63608  499.21178  4.30%     -   23s
    44    52  503.80265    9  184  521.63608  499.21178  4.30%   514   25s
H  159   163                     519.8237272  499.21178  3.97%   368   26s
   589   552  516.11679   86   82  519.82373  499.52469  3.90%   299   30s
  1193  1022  510.67696   56  257  519.82373  499.64331  3.88%   261   35s
  1221  1042  514.07459   69  257  519.82373  504.27932  2.99%   279   40s
  1265  1072  511.56803   32  318  519.82373  511.56803  1.59%   286   45s
H 1274  1023                     518.4750368  512.19030  1.21%   284   46s
  1363  1066  513.85818   51  239  518.47504  512.27182  1.20%   302   50s
  2306   832  516.74863   47  204  518.47504  514.50306  0.77%   248   55s

Cutting planes:
  Gomory: 3
  Cover: 14
  Implied bound: 71
  Projected implied bound: 13
  MIR: 84
  Mixing: 1
  Flow cover: 151
  GUB cover: 1
  Zero half: 27
  Network: 1
  RLT: 7
  Relax-and-lift: 11
  BQP: 3

Explored 2988 nodes (782165 simplex iterations) in 57.20 seconds (137.55 work units)
Thread count was 4 (of 32 available processors)

Solution count 10: 518.475 519.824 521.636 ... 663.36

Optimal solution found (tolerance 1.00e-04)
Best objective 5.184750367921e+02, best bound 5.184750367921e+02, gap 0.0000%

User-callback calls 18592, time in user-callback 0.00 sec
Set parameter Username
Set parameter LicenseID to value 2738882
Academic license - for non-commercial use only - expires 2026-11-14
Segment 1 eval: start=BOAT-0 end=PORT-581 stations=87 (optimize)
  Segment 1 order: 1 3 4 -25 -5 -6 10 11 143 15 16 17 -18 -13 14 12 -24 -23 -22 -21 19 20 -41 42 43 44 45 46 -396 -47 -40 39 48 49 50 -38 -37 51 -52 59 -57 56 55 -54 -53 66 67 69 -36 -35 -34 -33 -32 -31 -30 -29 -28 -27 -26 93 -92 94 -96 -95 90 91 -89 88 -87 86 -85 -84 -83 -82 -81 -80 79 -78 -77 -70 -76 75 72 73 -74 -71 -68
Segment 2 eval: start=PORT-581 end=PORT-591 stations=58 (optimize)
  Segment 2 order: 65 -63 64 -58 60 61 62 391 392 393 394 395 397 398 399 -400 -401 389 390 388 -387 -386 -385 -402 403 405 406 -407 -404 409 408 -410 411 412 -413 -415 416 -417 425 381 426 -368 -367 -366 -365 364 362 -361 -360 -359 -358 -357 -356 -355 354 -353 348 -363
Segment 3 eval: start=PORT-591 end=PORT-591 stations=111 (optimize)
  Segment 3 order: -346 276 277 278 279 280 281 -556 282 283 -284 555 558 559 -560 561 -562 -554 553 550 551 552 285 286 287 288 289 290 291 292 293 294 -295 296 297 306 -305 -298 299 300 301 302 304 -303 307 308 309 -310 311 312 -313 314 315 316 317 318 319 320 340 341 342 343 344 345 334 335 336 337 338 339 321 322 323 324 325 -327 328 330 -331 -329 -326 349 350 351 352 -373 372 -374 375 376 377 379 380 414 382 384 -383 419 420 421 -423 -422 424 -418 -378 -371 -370 369 332 -333 347
Segment 4 eval: start=PORT-591 end=PORT-593 stations=43 (optimize)
  Segment 4 order: 557 563 564 565 566 567 568 -542 543 540 541 549 548 -547 -546 -545 -544 -539 -538 -537 536 -535 -534 -572 569 570 571 573 574 576 533 -532 -531 -530 -529 -528 -527 577 575 578 -525 526 -524
Segment 5 eval: start=PORT-593 end=PORT-593 stations=19 (optimize)
  Segment 5 order: 430 -434 -433 -432 -431 -429 -428 427 517 518 519 520 521 -580 -579 -523 -522 -516 -515
Segment 6 eval: start=PORT-593 end=PORT-584 stations=33 (optimize)
  Segment 6 order: -512 513 -514 -511 -510 -509 -508 -507 506 -444 -443 -442 -441 440 -439 437 -436 435 438 445 446 447 448 449 450 451 452 453 -454 461 485 487 488
Segment 7 eval: start=PORT-584 end=PORT-584 stations=28 (optimize)
  Segment 7 order: -499 -498 -497 -496 -495 112 113 -494 114 -275 117 -116 115 476 478 475 473 -474 -465 -464 -463 -484 462 -483 -482 -489 -502 -500
Segment 8 eval: start=PORT-584 end=PORT-584 stations=10 (optimize)
  Segment 8 order: 503 504 -505 455 456 457 458 459 460 -486
Segment 9 eval: start=PORT-584 end=PORT-588 stations=23 (optimize)
  Segment 9 order: -501 490 491 492 -493 477 -480 -481 479 466 467 468 469 470 -471 472 -122 -121 120 -119 -118 -111 -274
Segment 10 eval: start=PORT-588 end=PORT-588 stations=40 (optimize)
  Segment 10 order: -105 104 -103 -102 -101 108 271 272 -273 253 252 254 255 -257 256 -130 -129 -128 -258 259 260 261 262 263 -127 126 -125 -124 -123 -266 -267 -265 -264 268 269 270 -110 -109 -107 -106
Segment 11 eval: start=PORT-588 end=PORT-583 stations=49 (optimize)
  Segment 11 order: -98 97 -242 241 -238 237 -215 -214 -213 -212 -211 -210 -209 -208 -207 -206 -205 131 -204 -203 -202 199 -201 200 -198 -197 -196 -195 -194 -193 -192 -218 -217 -216 -220 222 -225 224 226 178 227 -231 235 -234 -233 -232 -230 -134 -133
Segment 12 eval: start=PORT-583 end=PORT-583 stations=53 (optimize)
  Segment 12 order: -132 -229 -228 155 156 157 158 -159 160 161 162 163 164 165 166 167 168 169 170 171 172 173 174 175 176 177 182 183 184 185 186 187 188 189 190 191 219 223 -221 236 239 240 243 244 250 -251 249 -248 -245 247 -246 -100 -99
Segment 13 eval: start=PORT-583 end=BOAT-END stations=26 (optimize)
  Segment 13 order: -181 -135 136 -137 -2 7 8 9 142 144 145 146 147 148 149 150 139 140 141 138 151 152 153 154 179 180
PROGRESS pass=4 changed=1 total=4874.527 best=4874.527 nseg=13 stall=0 mut=0/1
Capacity boundary sweep pass 5
Cap boundary debug: PORT-593 -> [579 580 521 522 523 520 519 518 517 516 515 427 428 429 430 431 432 433 434] -> PORT-593 -> [512 513 514 511 510 509 508 507 506 444 443 442 441 440 439 437 436 435 438 445 446 447 448 449 450 451 452 453 454 461 485 487 488] -> PORT-584 | load_left=44427 load_right=40216 cap=45000
Set parameter Username
Set parameter LicenseID to value 2738882
Academic license - for non-commercial use only - expires 2026-11-14
Set parameter TimeLimit to value 360
Set parameter Seed to value 325718684
Set parameter Threads to value 4
Set parameter OutputFlag to value 1
Set parameter LogToConsole to value 1
Set parameter LazyConstraints to value 1
Gurobi Optimizer version 13.0.0 build v13.0.0rc1 (linux64 - "Debian GNU/Linux 13 (trixie)")

CPU model: AMD Ryzen 9 5950X 16-Core Processor, instruction set [SSE2|AVX|AVX2]
Thread count: 16 physical cores, 32 logical processors, using up to 4 threads

Non-default parameters:
TimeLimit  360
Seed  325718684
Threads  4
LazyConstraints  1

Optimize a model with 12730 rows, 34992 columns and 69972 nonzeros (Min)
Model fingerprint: 0xb2a790f0
Model has 11448 linear objective coefficients
Variable types: 23328 continuous, 11664 integer (11664 binary)
Coefficient statistics:
  Matrix range     [1e+00, 4e+04]
  Objective range  [5e-05, 1e+05]
  Bounds range     [1e+00, 4e+04]
  RHS range        [1e+00, 1e+04]
Presolve removed 1178 rows and 12362 columns
Presolve time: 0.11s
Presolved: 11552 rows, 22630 columns, 67761 nonzeros
Variable types: 11128 continuous, 11502 integer (11502 binary)

Root relaxation: objective 3.698482e+02, 28588 iterations, 2.59 seconds (7.32 work units)

    Nodes    |    Current Node    |     Objective Bounds      |     Work
 Expl Unexpl |  Obj  Depth IntInf | Incumbent    BestBd   Gap | It/Node Time

     0     0  369.84815    0  208          -  369.84815      -     -    2s
H    0     0                     652.6924272  369.84815  43.3%     -    2s
H    0     0                     648.4424081  369.84815  43.0%     -    2s
H    0     0                     641.6253444  369.84815  42.4%     -    2s
H    0     0                     606.5784253  369.84815  39.0%     -    2s
H    0     0                     601.1365156  369.84815  38.5%     -    3s
H    0     0                     496.4481895  369.84815  25.5%     -    3s
H    0     0                     496.4329885  369.84815  25.5%     -    3s
     0     0  372.54726    0  229  496.43299  372.54726  25.0%     -    3s
H    0     0                     486.3286869  372.55090  23.4%     -    3s
H    0     0                     484.1865985  372.55090  23.1%     -    4s
H    0     0                     483.4767406  372.55090  22.9%     -    4s
H    0     0                     483.0690583  372.55090  22.9%     -    4s
H    0     0                     480.7558233  372.55090  22.5%     -    4s
H    0     0                     468.4718829  372.55090  20.5%     -    4s
H    0     0                     466.9292113  372.55090  20.2%     -    4s
H    0     0                     449.0121781  372.55090  17.0%     -    4s
H    0     0                     448.3465808  372.55090  16.9%     -    5s
H    0     0                     447.6393056  372.55090  16.8%     -    6s
     0     0  373.28548    0  232  447.63931  373.28548  16.6%     -    6s
     0     0  373.28548    0  232  447.63931  373.28548  16.6%     -    6s
     0     0  389.28468    0  228  447.63931  389.28468  13.0%     -    7s
     0     0  389.28468    0  204  447.63931  389.28468  13.0%     -    8s
H    0     0                     440.8399519  389.28468  11.7%     -    8s
     0     0  389.63577    0  216  440.83995  389.63577  11.6%     -    9s
     0     0  390.75382    0  225  440.83995  390.75382  11.4%     -   10s
     0     0  390.78576    0  227  440.83995  390.78576  11.4%     -   10s
     0     0  390.78750    0  226  440.83995  390.78750  11.4%     -   10s
     0     0  391.18387    0  224  440.83995  391.18387  11.3%     -   10s
     0     0  391.42224    0  247  440.83995  391.42224  11.2%     -   10s
     0     0  391.42329    0  246  440.83995  391.42329  11.2%     -   10s
     0     0  392.57164    0  234  440.83995  392.57164  10.9%     -   10s
     0     0  392.60085    0  229  440.83995  392.60085  10.9%     -   10s
     0     0  392.60910    0  228  440.83995  392.60910  10.9%     -   10s
     0     0  393.33463    0  227  440.83995  393.33463  10.8%     -   11s
     0     0  393.33652    0  228  440.83995  393.33652  10.8%     -   11s
     0     0  393.95906    0  242  440.83995  393.95906  10.6%     -   11s
     0     0  394.08462    0  244  440.83995  394.08462  10.6%     -   11s
     0     0  394.08489    0  244  440.83995  394.08489  10.6%     -   11s
     0     0  394.41152    0  242  440.83995  394.41152  10.5%     -   11s
     0     0  394.43866    0  250  440.83995  394.43866  10.5%     -   12s
     0     0  394.43866    0  250  440.83995  394.43866  10.5%     -   12s
     0     0  394.57172    0  248  440.83995  394.57172  10.5%     -   12s
     0     0  394.68361    0  253  440.83995  394.68361  10.5%     -   12s
     0     0  394.68361    0  254  440.83995  394.68361  10.5%     -   12s
     0     0  394.68361    0  256  440.83995  394.68361  10.5%     -   12s
     0     0  394.70195    0  252  440.83995  394.70195  10.5%     -   12s
     0     0  394.70195    0  249  440.83995  394.70195  10.5%     -   12s
     0     0  394.76168    0  253  440.83995  394.76168  10.5%     -   13s
     0     0  394.77712    0  255  440.83995  394.77712  10.4%     -   13s
     0     0  394.77712    0  255  440.83995  394.77712  10.4%     -   13s
     0     0  394.95404    0  241  440.83995  394.95404  10.4%     -   13s
     0     0  394.98630    0  242  440.83995  394.98630  10.4%     -   13s
     0     0  394.98630    0  246  440.83995  394.98630  10.4%     -   13s
     0     0  395.03882    0  248  440.83995  395.03882  10.4%     -   13s
     0     0  395.46159    0  254  440.83995  395.46159  10.3%     -   14s
     0     0  395.48471    0  252  440.83995  395.48471  10.3%     -   14s
     0     0  395.48494    0  252  440.83995  395.48494  10.3%     -   14s
     0     0  395.50436    0  253  440.83995  395.50436  10.3%     -   14s
     0     0  395.52569    0  254  440.83995  395.52569  10.3%     -   14s
     0     0  395.81416    0  257  440.83995  395.81416  10.2%     -   14s
     0     0  395.82333    0  264  440.83995  395.82333  10.2%     -   14s
     0     0  395.82688    0  260  440.83995  395.82688  10.2%     -   14s
     0     0  395.90627    0  248  440.83995  395.90627  10.2%     -   14s
     0     0  396.06065    0  254  440.83995  396.06065  10.2%     -   14s
     0     0  396.11505    0  253  440.83995  396.11505  10.1%     -   14s
     0     0  396.11719    0  252  440.83995  396.11719  10.1%     -   14s
     0     0  396.16145    0  256  440.83995  396.16145  10.1%     -   14s
H    0     0                     438.5730787  396.16228  9.67%     -   15s
     0     0  396.16875    0  257  438.57308  396.16875  9.67%     -   16s
     0     0  396.38360    0  259  438.57308  396.38360  9.62%     -   16s
     0     0  396.38988    0  261  438.57308  396.38988  9.62%     -   16s
     0     0  396.50240    0  266  438.57308  396.50240  9.59%     -   16s
     0     0  396.51578    0  258  438.57308  396.51578  9.59%     -   17s
     0     0  396.51597    0  258  438.57308  396.51597  9.59%     -   17s
     0     0  396.60947    0  268  438.57308  396.60947  9.57%     -   17s
     0     0  396.60947    0  210  438.57308  396.60947  9.57%     -   18s
     0     0  396.60947    0  240  438.57308  396.60947  9.57%     -   18s
     0     0  396.60947    0  254  438.57308  396.60947  9.57%     -   19s
     0     0  396.60947    0  256  438.57308  396.60947  9.57%     -   19s
     0     0  396.60947    0  257  438.57308  396.60947  9.57%     -   19s
     0     0  396.60947    0  266  438.57308  396.60947  9.57%     -   19s
     0     0  396.61076    0  265  438.57308  396.61076  9.57%     -   19s
     0     0  396.64761    0  266  438.57308  396.64761  9.56%     -   19s
     0     0  396.66181    0  265  438.57308  396.66181  9.56%     -   20s
     0     0  396.83263    0  253  438.57308  396.83263  9.52%     -   20s
     0     0  396.83890    0  246  438.57308  396.83890  9.52%     -   20s
     0     0  396.85755    0  251  438.57308  396.85755  9.51%     -   20s
     0     0  396.91289    0  248  438.57308  396.91289  9.50%     -   21s
     0     0  396.91289    0  250  438.57308  396.91289  9.50%     -   21s
     0     0  396.91289    0  249  438.57308  396.91289  9.50%     -   21s
     0     0  396.91289    0  249  438.57308  396.91289  9.50%     -   21s
     0     0  396.91289    0  249  438.57308  396.91289  9.50%     -   21s
     0     2  400.16238    0  249  438.57308  400.16238  8.76%     -   22s
   466   357  407.01877    9  218  438.57308  400.16238  8.76%   129   25s
H  528   382                     438.4401336  400.16238  8.73%   145   25s
  1608   918  424.54106   10  228  438.44013  406.00992  7.40%   108   30s
  1630   933  423.07725   10  261  438.44013  406.00992  7.40%   106   35s
  1654   949  424.76860   19  244  438.44013  406.69749  7.24%   105   41s
  1669   960  416.95485   25  251  438.44013  407.11593  7.14%   120   45s
  1700   986  411.45505   27  241  438.44013  408.05890  6.93%   138   50s
  1859  1015  416.05870   26  226  438.44013  410.23300  6.43%   164   55s
H 2026   965                     438.4401269  411.68967  6.10%   187   58s
  2150   980  427.48563   44  202  438.44013  411.86395  6.06%   189   60s
  2676  1080  417.85788   31  197  438.44013  414.98533  5.35%   215   65s
  3415  1145  431.41748   43   89  438.44013  416.36670  5.03%   228   70s
  4147  1172  427.36858   32  223  438.44013  418.61131  4.52%   224   75s
  5170  1424  423.25095   31  204  438.44013  420.06576  4.19%   227   80s
  6189  1730  435.96478   35  135  438.44013  421.24028  3.92%   225   86s
  6959  2043  430.58375   33  183  438.44013  422.14685  3.72%   224   90s
  7862  2258  430.98089   42   64  438.44013  423.29745  3.45%   242   96s
  8511  2354  437.90464   42   93  438.44013  424.15153  3.26%   259  101s
  9181  2474  428.14177   32  122  438.44013  425.54776  2.94%   274  106s
  9879  2617  430.40556   38  163  438.44013  426.48693  2.73%   279  110s
 10836  2769  431.19990   35  141  438.44013  427.57707  2.48%   282  115s
 12129  3291  434.57270   44  119  438.44013  428.31127  2.31%   275  120s
 14079  4001     cutoff   37       438.44013  429.24102  2.10%   262  125s
 16120  4496  433.91683   44  124  438.44013  429.75604  1.98%   250  131s
 17364  5265  430.70361   39  106  438.44013  429.93717  1.94%   244  135s
 20429  6245     cutoff   43       438.44013  430.36394  1.84%   228  142s
 22416  6905  435.14470   87  105  438.44013  430.61686  1.78%   219  146s
 25161  7815  436.63033   40  165  438.44013  430.84143  1.73%   209  151s
 27293  8235  433.37591   40  189  438.44013  431.03964  1.69%   202  155s
 29986  9039  438.20075   50   41  438.44013  431.28452  1.63%   195  160s
 32488  9714  432.17663   46  111  438.44013  431.52159  1.58%   190  165s
 35700 10509  433.72316   46   28  438.44013  431.76606  1.52%   184  171s
 38096 11082  435.66825   47   97  438.44013  431.95224  1.48%   180  175s
 40265 11447     cutoff   48       438.44013  432.09714  1.45%   177  180s
 42679 11789  436.93145   56   40  438.44013  432.25129  1.41%   175  185s
 45725 12125  436.42172   44   81  438.44013  432.44040  1.37%   172  191s
 47764 12143  437.44918   82   81  438.44013  432.57334  1.34%   171  195s
 50579 12326     cutoff   43       438.44013  432.72046  1.30%   168  200s
 53657 12340  436.44198   52   77  438.44013  432.90701  1.26%   166  205s
 56429 12307     cutoff   32       438.44013  433.08051  1.22%   164  210s
 59427 12398  437.14088   71   95  438.44013  433.26076  1.18%   162  215s
 62005 12362     cutoff   47       438.44013  433.40428  1.15%   161  220s
 64401 12362  437.94897   44   98  438.44013  433.53022  1.12%   159  225s
 66737 12179  435.93259   30  192  438.44013  433.65005  1.09%   159  230s
 68378 11714 infeasible   66       438.44013  433.79559  1.06%   160  235s
 70462 11122  436.46886   49  132  438.44013  433.98577  1.02%   161  240s
 72614 10512 infeasible   41       438.44013  434.18393  0.97%   162  245s
 74774  9851     cutoff   40       438.44013  434.39254  0.92%   163  250s
 76936  9149     cutoff   73       438.44013  434.58023  0.88%   163  255s
 78982  8367 infeasible   57       438.44013  434.80020  0.83%   164  260s
 80875  7562  436.62443   45   72  438.44013  434.99576  0.79%   165  265s
 82732  6634     cutoff   42       438.44013  435.23888  0.73%   166  270s
 84223  5858  436.18640   40  115  438.44013  435.45749  0.68%   166  275s
 86282  4661     cutoff   45       438.44013  435.76852  0.61%   167  280s
 88495  3191     cutoff   35       438.44013  436.16297  0.52%   168  285s
 90669  1352     cutoff   38       438.44013  436.73517  0.39%   169  290s

Cutting planes:
  Gomory: 26
  Lift-and-project: 1
  Cover: 44
  Implied bound: 171
  Projected implied bound: 6
  MIR: 164
  Mixing: 1
  Flow cover: 269
  Inf proof: 48
  Zero half: 19
  Mod-K: 1
  RLT: 3
  Relax-and-lift: 43
  BQP: 2

Explored 92586 nodes (15649476 simplex iterations) in 293.97 seconds (1052.27 work units)
Thread count was 4 (of 32 available processors)

Solution count 10: 438.44 438.573 440.84 ... 483.069

Optimal solution found (tolerance 1.00e-04)
Best objective 4.384401268964e+02, best bound 4.384401268964e+02, gap 0.0000%

User-callback calls 226144, time in user-callback 0.01 sec
Cap boundary opt: PORT-593 stations=52 obj=438.440 real=438.440 baseline=455.746
Set parameter Username
Set parameter LicenseID to value 2738882
Academic license - for non-commercial use only - expires 2026-11-14
Segment 1 eval: start=BOAT-0 end=PORT-581 stations=87 (optimize)
  Segment 1 order: 1 3 4 -25 -5 -6 10 11 143 15 16 17 -18 -13 14 12 -24 -23 -22 -21 19 20 -41 42 43 44 45 46 -396 -47 -40 39 48 49 50 -38 -37 51 -52 59 -57 56 55 -54 -53 66 67 69 -36 -35 -34 -33 -32 -31 -30 -29 -28 -27 -26 93 -92 94 -96 -95 90 91 -89 88 -87 86 -85 -84 -83 -82 -81 -80 79 -78 -77 -70 -76 75 72 73 -74 -71 -68
Segment 2 eval: start=PORT-581 end=PORT-591 stations=58 (optimize)
  Segment 2 order: 65 -63 64 -58 60 61 62 391 392 393 394 395 397 398 399 -400 -401 389 390 388 -387 -386 -385 -402 403 405 406 -407 -404 409 408 -410 411 412 -413 -415 416 -417 425 381 426 -368 -367 -366 -365 364 362 -361 -360 -359 -358 -357 -356 -355 354 -353 348 -363
Segment 3 eval: start=PORT-591 end=PORT-591 stations=111 (optimize)
  Segment 3 order: -346 276 277 278 279 280 281 -556 282 283 -284 555 558 559 -560 561 -562 -554 553 550 551 552 285 286 287 288 289 290 291 292 293 294 -295 296 297 306 -305 -298 299 300 301 302 304 -303 307 308 309 -310 311 312 -313 314 315 316 317 318 319 320 340 341 342 343 344 345 334 335 336 337 338 339 321 322 323 324 325 -327 328 330 -331 -329 -326 349 350 351 352 -373 372 -374 375 376 377 379 380 414 382 384 -383 419 420 421 -423 -422 424 -418 -378 -371 -370 369 332 -333 347
Segment 4 eval: start=PORT-591 end=PORT-593 stations=43 (optimize)
  Segment 4 order: 557 563 564 565 566 567 568 -542 543 540 541 549 548 -547 -546 -545 -544 -539 -538 -537 536 -535 -534 -572 569 570 571 573 574 576 533 -532 -531 -530 -529 -528 -527 577 575 578 -525 526 -524
Segment 5 eval: start=PORT-593 end=PORT-593 stations=21 (optimize)
  Segment 5 order: -513 -512 -436 -435 -432 -431 -430 -429 -428 427 517 518 519 520 521 -580 -579 -523 -522 -516 -515
Segment 6 eval: start=PORT-593 end=PORT-584 stations=31 (optimize)
  Segment 6 order: -514 -511 -510 -509 -508 -507 506 -444 -443 -442 -441 440 -439 437 438 -433 -434 445 446 447 448 449 450 451 452 453 -454 461 485 487 488
Segment 7 eval: start=PORT-584 end=PORT-584 stations=28 (optimize)
  Segment 7 order: -499 -498 -497 -496 -495 112 113 -494 114 -275 117 -116 115 476 478 475 473 -474 -465 -464 -463 -484 462 -483 -482 -489 -502 -500
Segment 8 eval: start=PORT-584 end=PORT-584 stations=10 (optimize)
  Segment 8 order: 503 504 -505 455 456 457 458 459 460 -486
Segment 9 eval: start=PORT-584 end=PORT-588 stations=23 (optimize)
  Segment 9 order: -501 490 491 492 -493 477 -480 -481 479 466 467 468 469 470 -471 472 -122 -121 120 -119 -118 -111 -274
Segment 10 eval: start=PORT-588 end=PORT-588 stations=40 (optimize)
  Segment 10 order: -105 104 -103 -102 -101 108 271 272 -273 253 252 254 255 -257 256 -130 -129 -128 -258 259 260 261 262 263 -127 126 -125 -124 -123 -266 -267 -265 -264 268 269 270 -110 -109 -107 -106
Segment 11 eval: start=PORT-588 end=PORT-583 stations=49 (optimize)
  Segment 11 order: -98 97 -242 241 -238 237 -215 -214 -213 -212 -211 -210 -209 -208 -207 -206 -205 131 -204 -203 -202 199 -201 200 -198 -197 -196 -195 -194 -193 -192 -218 -217 -216 -220 222 -225 224 226 178 227 -231 235 -234 -233 -232 -230 -134 -133
Segment 12 eval: start=PORT-583 end=PORT-583 stations=53 (optimize)
  Segment 12 order: -132 -229 -228 155 156 157 158 -159 160 161 162 163 164 165 166 167 168 169 170 171 172 173 174 175 176 177 182 183 184 185 186 187 188 189 190 191 219 223 -221 236 239 240 243 244 250 -251 249 -248 -245 247 -246 -100 -99
Segment 13 eval: start=PORT-583 end=BOAT-END stations=26 (optimize)
  Segment 13 order: -181 -135 136 -137 -2 7 8 9 142 144 145 146 147 148 149 150 139 140 141 138 151 152 153 154 179 180
Cap boundary debug: PORT-593 -> [514 511 510 509 508 507 506 444 443 442 441 440 439 437 438 433 434 445 446 447 448 449 450 451 452 453 454 461 485 487 488] -> PORT-584 -> [500 502 489 482 483 462 484 463 464 465 474 473 475 478 476 115 116 117 275 114 494 113 112 495 496 497 498 499] -> PORT-584 | load_left=39793 load_right=35277 cap=45000
Set parameter Username
Set parameter LicenseID to value 2738882
Academic license - for non-commercial use only - expires 2026-11-14
Set parameter TimeLimit to value 360
Set parameter Seed to value 28956039
Set parameter Threads to value 4
Set parameter OutputFlag to value 1
Set parameter LogToConsole to value 1
Set parameter LazyConstraints to value 1
Gurobi Optimizer version 13.0.0 build v13.0.0rc1 (linux64 - "Debian GNU/Linux 13 (trixie)")

CPU model: AMD Ryzen 9 5950X 16-Core Processor, instruction set [SSE2|AVX|AVX2]
Thread count: 16 physical cores, 32 logical processors, using up to 4 threads

Non-default parameters:
TimeLimit  360
Seed  28956039
Threads  4
LazyConstraints  1

Optimize a model with 16090 rows, 44652 columns and 89292 nonzeros (Min)
Model fingerprint: 0xaec60f78
Model has 14636 linear objective coefficients
Variable types: 29768 continuous, 14884 integer (14884 binary)
Coefficient statistics:
  Matrix range     [1e+00, 4e+04]
  Objective range  [6e-01, 1e+02]
  Bounds range     [1e+00, 4e+04]
  RHS range        [1e+00, 1e+04]
Presolve removed 1332 rows and 15673 columns
Presolve time: 0.13s
Presolved: 14758 rows, 28979 columns, 86761 nonzeros
Variable types: 14278 continuous, 14701 integer (14701 binary)

Root relaxation: objective 4.227257e+02, 42118 iterations, 3.98 seconds (12.02 work units)

    Nodes    |    Current Node    |     Objective Bounds      |     Work
 Expl Unexpl |  Obj  Depth IntInf | Incumbent    BestBd   Gap | It/Node Time

     0     0  422.72569    0  230          -  422.72569      -     -    4s
H    0     0                     512.6500083  422.72569  17.5%     -    4s
H    0     0                     493.6848114  422.72569  14.4%     -    4s
H    0     0                     489.7175835  422.72569  13.7%     -    4s
     0     0  427.92782    0  232  489.71758  427.92782  12.6%     -    6s
     0     0  427.92782    0  226  489.71758  427.92782  12.6%     -    8s
H    0     0                     486.2614479  427.92782  12.0%     -    8s
H    0     0                     484.6686110  427.92782  11.7%     -    8s
     0     0  427.92789    0  235  484.66861  427.92789  11.7%     -    9s
     0     0  428.13909    0  235  484.66861  428.13909  11.7%     -   10s
H    0     0                     482.8696155  428.13909  11.3%     -   10s
H    0     0                     469.5214435  428.13909  8.81%     -   10s
     0     0  428.13909    0  237  469.52144  428.13909  8.81%     -   11s
     0     0  428.98443    0  253  469.52144  428.98443  8.63%     -   12s
     0     0  428.98443    0  230  469.52144  428.98443  8.63%     -   12s
     0     0  432.69313    0  239  469.52144  432.69313  7.84%     -   13s
     0     0  435.62650    0  250  469.52144  435.62650  7.22%     -   13s
     0     0  435.70671    0  254  469.52144  435.70671  7.20%     -   13s
     0     0  435.70679    0  258  469.52144  435.70679  7.20%     -   13s
     0     0  435.83505    0  258  469.52144  435.83505  7.17%     -   14s
     0     0  435.85230    0  259  469.52144  435.85230  7.17%     -   14s
     0     0  439.39426    0  261  469.52144  439.39426  6.42%     -   14s
     0     0  439.51172    0  251  469.52144  439.51172  6.39%     -   14s
     0     0  439.51623    0  250  469.52144  439.51623  6.39%     -   14s
     0     0  439.51735    0  251  469.52144  439.51735  6.39%     -   14s
     0     0  439.77668    0  250  469.52144  439.77668  6.34%     -   15s
     0     0  439.77668    0  232  469.52144  439.77668  6.34%     -   15s
     0     0  439.77668    0  249  469.52144  439.77668  6.34%     -   16s
     0     0  439.77668    0  241  469.52144  439.77668  6.34%     -   16s
     0     0  440.01134    0  243  469.52144  440.01134  6.29%     -   16s
     0     0  440.04455    0  249  469.52144  440.04455  6.28%     -   16s
     0     0  440.05383    0  246  469.52144  440.05383  6.28%     -   16s
     0     0  440.05383    0  245  469.52144  440.05383  6.28%     -   16s
     0     0  440.85410    0  234  469.52144  440.85410  6.11%     -   16s
     0     0  440.85603    0  240  469.52144  440.85603  6.11%     -   16s
     0     0  441.49954    0  248  469.52144  441.49954  5.97%     -   17s
     0     0  441.51416    0  242  469.52144  441.51416  5.97%     -   17s
     0     0  441.52911    0  246  469.52144  441.52911  5.96%     -   17s
     0     0  441.52976    0  245  469.52144  441.52976  5.96%     -   17s
     0     0  441.60678    0  257  469.52144  441.60678  5.95%     -   17s
     0     0  441.61678    0  256  469.52144  441.61678  5.94%     -   17s
     0     0  441.93259    0  242  469.52144  441.93259  5.88%     -   17s
H    0     0                     469.5214091  441.93259  5.88%     -   18s
     0     0  441.93695    0  249  469.52141  441.93695  5.88%     -   18s
     0     0  441.95300    0  252  469.52141  441.95300  5.87%     -   18s
     0     0  441.95388    0  253  469.52141  441.95388  5.87%     -   18s
     0     0  442.03115    0  245  469.52141  442.03115  5.85%     -   18s
     0     0  442.03226    0  246  469.52141  442.03226  5.85%     -   18s
     0     0  442.08816    0  263  469.52141  442.08816  5.84%     -   18s
     0     0  442.22202    0  260  469.52141  442.22202  5.81%     -   18s
     0     0  442.25005    0  263  469.52141  442.25005  5.81%     -   18s
     0     0  442.25052    0  262  469.52141  442.25052  5.81%     -   18s
     0     0  442.25691    0  262  469.52141  442.25691  5.81%     -   18s
     0     0  442.25857    0  261  469.52141  442.25857  5.81%     -   18s
     0     0  442.25857    0  262  469.52141  442.25857  5.81%     -   18s
     0     0  442.25857    0  262  469.52141  442.25857  5.81%     -   18s
     0     0  442.25857    0  260  469.52141  442.25857  5.81%     -   19s
     0     0  442.25857    0  260  469.52141  442.25857  5.81%     -   19s
     0     0  442.25857    0  257  469.52141  442.25857  5.81%     -   19s
     0     0  442.59679    0  220  469.52141  442.59679  5.73%     -   19s
     0     0  442.59679    0  233  469.52141  442.59679  5.73%     -   20s
     0     0  442.59679    0  242  469.52141  442.59679  5.73%     -   20s
     0     0  442.59679    0  256  469.52141  442.59679  5.73%     -   20s
     0     0  442.59679    0  268  469.52141  442.59679  5.73%     -   20s
     0     0  442.59679    0  257  469.52141  442.59679  5.73%     -   20s
     0     0  442.59679    0  259  469.52141  442.59679  5.73%     -   20s
     0     0  442.59679    0  261  469.52141  442.59679  5.73%     -   20s
     0     0  442.59679    0  267  469.52141  442.59679  5.73%     -   20s
     0     0  442.59679    0  266  469.52141  442.59679  5.73%     -   20s
     0     0  442.59679    0  266  469.52141  442.59679  5.73%     -   20s
     0     0  442.79052    0  269  469.52141  442.79052  5.69%     -   20s
     0     0  442.79067    0  267  469.52141  442.79067  5.69%     -   20s
     0     0  442.91055    0  262  469.52141  442.91055  5.67%     -   21s
     0     0  442.91167    0  249  469.52141  442.91167  5.67%     -   21s
     0     0  442.91167    0  249  469.52141  442.91167  5.67%     -   21s
     0     0  442.91364    0  249  469.52141  442.91364  5.67%     -   21s
     0     0  442.91786    0  249  469.52141  442.91786  5.67%     -   21s
     0     0  442.91786    0  249  469.52141  442.91786  5.67%     -   21s
     0     0  442.91786    0  246  469.52141  442.91786  5.67%     -   21s
     0     2  443.19982    0  246  469.52141  443.19982  5.61%     -   21s
   507   382  467.16917   20   46  469.52141  445.59643  5.10%   239   25s
  1728   925  461.04109   14  232  469.52141  450.01288  4.15%   214   30s
  1774   963  462.26295   21  130  469.52141  450.01288  4.15%   224   35s
  2514   942     cutoff   35       469.52141  455.49125  2.99%   204   40s

Cutting planes:
  Gomory: 14
  Cover: 6
  Implied bound: 71
  Projected implied bound: 3
  Clique: 2
  MIR: 30
  Flow cover: 49
  Inf proof: 8
  Zero half: 23
  Network: 4
  RLT: 10
  Relax-and-lift: 40
  BQP: 3

Explored 4682 nodes (960749 simplex iterations) in 44.35 seconds (112.89 work units)
Thread count was 4 (of 32 available processors)

Solution count 8: 469.521 469.521 482.87 ... 512.65

Optimal solution found (tolerance 1.00e-04)
Best objective 4.695214091490e+02, best bound 4.695214091490e+02, gap 0.0000%

User-callback calls 18109, time in user-callback 0.00 sec
Cap boundary opt: PORT-584 stations=59 obj=469.521 real=469.521 baseline=470.569
Set parameter Username
Set parameter LicenseID to value 2738882
Academic license - for non-commercial use only - expires 2026-11-14
Segment 1 eval: start=BOAT-0 end=PORT-581 stations=87 (optimize)
  Segment 1 order: 1 3 4 -25 -5 -6 10 11 143 15 16 17 -18 -13 14 12 -24 -23 -22 -21 19 20 -41 42 43 44 45 46 -396 -47 -40 39 48 49 50 -38 -37 51 -52 59 -57 56 55 -54 -53 66 67 69 -36 -35 -34 -33 -32 -31 -30 -29 -28 -27 -26 93 -92 94 -96 -95 90 91 -89 88 -87 86 -85 -84 -83 -82 -81 -80 79 -78 -77 -70 -76 75 72 73 -74 -71 -68
Segment 2 eval: start=PORT-581 end=PORT-591 stations=58 (optimize)
  Segment 2 order: 65 -63 64 -58 60 61 62 391 392 393 394 395 397 398 399 -400 -401 389 390 388 -387 -386 -385 -402 403 405 406 -407 -404 409 408 -410 411 412 -413 -415 416 -417 425 381 426 -368 -367 -366 -365 364 362 -361 -360 -359 -358 -357 -356 -355 354 -353 348 -363
Segment 3 eval: start=PORT-591 end=PORT-591 stations=111 (optimize)
  Segment 3 order: -346 276 277 278 279 280 281 -556 282 283 -284 555 558 559 -560 561 -562 -554 553 550 551 552 285 286 287 288 289 290 291 292 293 294 -295 296 297 306 -305 -298 299 300 301 302 304 -303 307 308 309 -310 311 312 -313 314 315 316 317 318 319 320 340 341 342 343 344 345 334 335 336 337 338 339 321 322 323 324 325 -327 328 330 -331 -329 -326 349 350 351 352 -373 372 -374 375 376 377 379 380 414 382 384 -383 419 420 421 -423 -422 424 -418 -378 -371 -370 369 332 -333 347
Segment 4 eval: start=PORT-591 end=PORT-593 stations=43 (optimize)
  Segment 4 order: 557 563 564 565 566 567 568 -542 543 540 541 549 548 -547 -546 -545 -544 -539 -538 -537 536 -535 -534 -572 569 570 571 573 574 576 533 -532 -531 -530 -529 -528 -527 577 575 578 -525 526 -524
Segment 5 eval: start=PORT-593 end=PORT-593 stations=21 (optimize)
  Segment 5 order: -513 -512 -436 -435 -432 -431 -430 -429 -428 427 517 518 519 520 521 -580 -579 -523 -522 -516 -515
Segment 6 eval: start=PORT-593 end=PORT-584 stations=32 (optimize)
  Segment 6 order: -514 -511 -510 -509 -508 -507 506 -444 -443 -442 -441 440 -439 437 438 -433 -434 445 446 447 448 449 450 451 452 453 -454 461 485 487 488 -502
Segment 7 eval: start=PORT-584 end=PORT-584 stations=27 (optimize)
  Segment 7 order: -499 -498 -497 -496 -495 112 113 -494 114 -275 117 -116 115 476 478 475 473 -474 -465 -464 -463 -484 462 -483 -482 -489 -500
Segment 8 eval: start=PORT-584 end=PORT-584 stations=10 (optimize)
  Segment 8 order: 503 504 -505 455 456 457 458 459 460 -486
Segment 9 eval: start=PORT-584 end=PORT-588 stations=23 (optimize)
  Segment 9 order: -501 490 491 492 -493 477 -480 -481 479 466 467 468 469 470 -471 472 -122 -121 120 -119 -118 -111 -274
Segment 10 eval: start=PORT-588 end=PORT-588 stations=40 (optimize)
  Segment 10 order: -105 104 -103 -102 -101 108 271 272 -273 253 252 254 255 -257 256 -130 -129 -128 -258 259 260 261 262 263 -127 126 -125 -124 -123 -266 -267 -265 -264 268 269 270 -110 -109 -107 -106
Segment 11 eval: start=PORT-588 end=PORT-583 stations=49 (optimize)
  Segment 11 order: -98 97 -242 241 -238 237 -215 -214 -213 -212 -211 -210 -209 -208 -207 -206 -205 131 -204 -203 -202 199 -201 200 -198 -197 -196 -195 -194 -193 -192 -218 -217 -216 -220 222 -225 224 226 178 227 -231 235 -234 -233 -232 -230 -134 -133
Segment 12 eval: start=PORT-583 end=PORT-583 stations=53 (optimize)
  Segment 12 order: -132 -229 -228 155 156 157 158 -159 160 161 162 163 164 165 166 167 168 169 170 171 172 173 174 175 176 177 182 183 184 185 186 187 188 189 190 191 219 223 -221 236 239 240 243 244 250 -251 249 -248 -245 247 -246 -100 -99
Segment 13 eval: start=PORT-583 end=BOAT-END stations=26 (optimize)
  Segment 13 order: -181 -135 136 -137 -2 7 8 9 142 144 145 146 147 148 149 150 139 140 141 138 151 152 153 154 179 180
Cap boundary debug: PORT-584 -> [500 489 482 483 462 484 463 464 465 474 473 475 478 476 115 116 117 275 114 494 113 112 495 496 497 498 499] -> PORT-584 -> [486 460 459 458 457 456 455 505 504 503] -> PORT-584 | load_left=33951 load_right=43407 cap=45000
Set parameter Username
Set parameter LicenseID to value 2738882
Academic license - for non-commercial use only - expires 2026-11-14
Set parameter TimeLimit to value 360
Set parameter Seed to value 761407377
Set parameter Threads to value 4
Set parameter OutputFlag to value 1
Set parameter LogToConsole to value 1
Set parameter LazyConstraints to value 1
Gurobi Optimizer version 13.0.0 build v13.0.0rc1 (linux64 - "Debian GNU/Linux 13 (trixie)")

CPU model: AMD Ryzen 9 5950X 16-Core Processor, instruction set [SSE2|AVX|AVX2]
Thread count: 16 physical cores, 32 logical processors, using up to 4 threads

Non-default parameters:
TimeLimit  360
Seed  761407377
Threads  4
LazyConstraints  1

Optimize a model with 6850 rows, 18252 columns and 36492 nonzeros (Min)
Model fingerprint: 0xdea85ea9
Model has 5920 linear objective coefficients
Variable types: 12168 continuous, 6084 integer (6084 binary)
Coefficient statistics:
  Matrix range     [1e+00, 4e+04]
  Objective range  [4e-01, 1e+02]
  Bounds range     [1e+00, 4e+04]
  RHS range        [1e+00, 2e+04]
Presolve removed 848 rows and 6587 columns
Presolve time: 0.05s
Presolved: 6002 rows, 11665 columns, 34957 nonzeros
Variable types: 5698 continuous, 5967 integer (5967 binary)

Root relaxation: objective 3.688067e+02, 10765 iterations, 0.47 seconds (1.39 work units)

    Nodes    |    Current Node    |     Objective Bounds      |     Work
 Expl Unexpl |  Obj  Depth IntInf | Incumbent    BestBd   Gap | It/Node Time

     0     0  368.80667    0  163          -  368.80667      -     -    0s
H    0     0                     601.6534151  368.80667  38.7%     -    0s
H    0     0                     536.3630051  368.80667  31.2%     -    0s
H    0     0                     519.7959724  368.80667  29.0%     -    0s
H    0     0                     518.8945937  368.80667  28.9%     -    1s
     0     0  368.80667    0  156  518.89459  368.80667  28.9%     -    1s
     0     0  375.18371    0  172  518.89459  375.18371  27.7%     -    2s
H    0     0                     465.0530329  375.19299  19.3%     -    2s
H    0     0                     462.4988393  375.19299  18.9%     -    2s
H    0     0                     433.1222443  375.19299  13.4%     -    2s
H    0     0                     431.5294074  375.19299  13.1%     -    2s
H    0     0                     431.2753660  375.19299  13.0%     -    2s
H    0     0                     428.8528318  375.19299  12.5%     -    3s
H    0     0                     426.3490942  375.19299  12.0%     -    4s
     0     0  375.24714    0  171  426.34909  375.24714  12.0%     -    4s
     0     0  375.26005    0  170  426.34909  375.26005  12.0%     -    4s
     0     0  375.26247    0  171  426.34909  375.26247  12.0%     -    4s
     0     0  375.51489    0  174  426.34909  375.51489  11.9%     -    4s
     0     0  375.51753    0  175  426.34909  375.51753  11.9%     -    4s
     0     0  375.51914    0  175  426.34909  375.51914  11.9%     -    4s
     0     0  375.51916    0  175  426.34909  375.51916  11.9%     -    4s
     0     0  376.54133    0  180  426.34909  376.54133  11.7%     -    5s
     0     0  376.55561    0  183  426.34909  376.55561  11.7%     -    5s
     0     0  376.56297    0  182  426.34909  376.56297  11.7%     -    5s
     0     0  376.56297    0  183  426.34909  376.56297  11.7%     -    5s
     0     0  377.59600    0  184  426.34909  377.59600  11.4%     -    5s
     0     0  377.96176    0  193  426.34909  377.96176  11.3%     -    5s
     0     0  377.96226    0  194  426.34909  377.96226  11.3%     -    5s
     0     0  378.47057    0  198  426.34909  378.47057  11.2%     -    5s
     0     0  378.59955    0  199  426.34909  378.59955  11.2%     -    5s
     0     0  378.62688    0  202  426.34909  378.62688  11.2%     -    6s
     0     0  378.62749    0  203  426.34909  378.62749  11.2%     -    6s
     0     0  379.05844    0  196  426.34909  379.05844  11.1%     -    6s
     0     0  379.06882    0  204  426.34909  379.06882  11.1%     -    6s
     0     0  379.06928    0  204  426.34909  379.06928  11.1%     -    6s
     0     0  379.19250    0  206  426.34909  379.19250  11.1%     -    6s
     0     0  379.23923    0  206  426.34909  379.23923  11.0%     -    6s
     0     0  379.23928    0  209  426.34909  379.23928  11.0%     -    6s
     0     0  379.33377    0  203  426.34909  379.33377  11.0%     -    6s
     0     0  379.34322    0  208  426.34909  379.34322  11.0%     -    6s
     0     0  379.34697    0  209  426.34909  379.34697  11.0%     -    6s
     0     0  379.34698    0  210  426.34909  379.34698  11.0%     -    6s
     0     0  379.42472    0  204  426.34909  379.42472  11.0%     -    7s
     0     0  379.42472    0  204  426.34909  379.42472  11.0%     -    7s
     0     0  379.43144    0  203  426.34909  379.43144  11.0%     -    7s
     0     0  379.43404    0  204  426.34909  379.43404  11.0%     -    7s
     0     0  379.57765    0  203  426.34909  379.57765  11.0%     -    7s
     0     0  379.58561    0  208  426.34909  379.58561  11.0%     -    7s
     0     0  379.58874    0  209  426.34909  379.58874  11.0%     -    7s
     0     0  379.76974    0  205  426.34909  379.76974  10.9%     -    7s
     0     0  379.77502    0  208  426.34909  379.77502  10.9%     -    7s
     0     0  379.84146    0  204  426.34909  379.84146  10.9%     -    8s
     0     0  379.85631    0  206  426.34909  379.85631  10.9%     -    8s
     0     0  379.85722    0  206  426.34909  379.85722  10.9%     -    8s
     0     0  379.87951    0  201  426.34909  379.87951  10.9%     -    8s
     0     0  379.88500    0  203  426.34909  379.88500  10.9%     -    8s
     0     0  379.88643    0  205  426.34909  379.88643  10.9%     -    8s
     0     0  379.91592    0  214  426.34909  379.91592  10.9%     -    8s
     0     0  379.95427    0  217  426.34909  379.95427  10.9%     -    8s
     0     0  379.99099    0  203  426.34909  379.99099  10.9%     -    8s
     0     0  379.99422    0  209  426.34909  379.99422  10.9%     -    8s
     0     0  380.00511    0  210  426.34909  380.00511  10.9%     -    8s
     0     0  380.01383    0  213  426.34909  380.01383  10.9%     -    8s
     0     0  380.01859    0  216  426.34909  380.01859  10.9%     -    8s
     0     0  380.01862    0  218  426.34909  380.01862  10.9%     -    8s
     0     0  380.05174    0  212  426.34909  380.05174  10.9%     -    9s
     0     0  380.06237    0  208  426.34909  380.06237  10.9%     -    9s
     0     0  380.06240    0  209  426.34909  380.06240  10.9%     -    9s
     0     0  380.06376    0  210  426.34909  380.06376  10.9%     -    9s
     0     0  380.15085    0  210  426.34909  380.15085  10.8%     -    9s
     0     0  380.15085    0  212  426.34909  380.15085  10.8%     -    9s
     0     0  380.15085    0  212  426.34909  380.15085  10.8%     -    9s
     0     0  380.15085    0  212  426.34909  380.15085  10.8%     -    9s
     0     0  380.15085    0  209  426.34909  380.15085  10.8%     -    9s
     0     0  380.15085    0  158  426.34909  380.15085  10.8%     -   10s
H    0     0                     423.7954315  380.15085  10.3%     -   10s
     0     0  380.15085    0  185  423.79543  380.15085  10.3%     -   11s
     0     0  380.96301    0  193  423.79543  380.96301  10.1%     -   11s
     0     0  381.87747    0  189  423.79543  381.87747  9.89%     -   11s
     0     0  382.44523    0  195  423.79543  382.44523  9.76%     -   11s
     0     0  382.74553    0  193  423.79543  382.74553  9.69%     -   11s
     0     0  382.77394    0  195  423.79543  382.77394  9.68%     -   11s
     0     0  382.77439    0  196  423.79543  382.77439  9.68%     -   11s
     0     0  382.78781    0  193  423.79543  382.78781  9.68%     -   11s
     0     0  382.80607    0  198  423.79543  382.80607  9.67%     -   11s
     0     0  382.80698    0  198  423.79543  382.80698  9.67%     -   11s
     0     0  383.24801    0  190  423.79543  383.24801  9.57%     -   11s
     0     0  383.37954    0  189  423.79543  383.37954  9.54%     -   12s
     0     0  383.37992    0  192  423.79543  383.37992  9.54%     -   12s
     0     0  383.44483    0  193  423.79543  383.44483  9.52%     -   12s
     0     0  383.44612    0  195  423.79543  383.44612  9.52%     -   12s
     0     0  383.46886    0  204  423.79543  383.46886  9.52%     -   12s
     0     0  383.48029    0  201  423.79543  383.48029  9.51%     -   12s
     0     0  383.48032    0  202  423.79543  383.48032  9.51%     -   12s
     0     0  383.49531    0  206  423.79543  383.49531  9.51%     -   13s
     0     0  383.50178    0  209  423.79543  383.50178  9.51%     -   13s
     0     0  383.50178    0  209  423.79543  383.50178  9.51%     -   13s
     0     0  383.56116    0  199  423.79543  383.56116  9.49%     -   13s
     0     0  383.57230    0  201  423.79543  383.57230  9.49%     -   13s
     0     0  383.57432    0  202  423.79543  383.57432  9.49%     -   13s
     0     0  383.58559    0  205  423.79543  383.58559  9.49%     -   13s
     0     0  383.62472    0  205  423.79543  383.62472  9.48%     -   13s
     0     0  383.62472    0  206  423.79543  383.62472  9.48%     -   13s
     0     0  383.68426    0  197  423.79543  383.68426  9.46%     -   13s
     0     0  383.71534    0  201  423.79543  383.71534  9.46%     -   13s
     0     0  383.71534    0  202  423.79543  383.71534  9.46%     -   13s
     0     0  383.79206    0  202  423.79543  383.79206  9.44%     -   13s
     0     0  383.79290    0  202  423.79543  383.79290  9.44%     -   13s
     0     0  383.79663    0  204  423.79543  383.79663  9.44%     -   14s
     0     0  383.80699    0  194  423.79543  383.80699  9.44%     -   14s
     0     0  383.80709    0  192  423.79543  383.80709  9.44%     -   14s
     0     0  383.80714    0  193  423.79543  383.80714  9.44%     -   14s
     0     0  383.80714    0  193  423.79543  383.80714  9.44%     -   14s
     0     0  383.80714    0  193  423.79543  383.80714  9.44%     -   14s
     0     0  383.80714    0  188  423.79543  383.80714  9.44%     -   14s
     0     0  383.80783    0  156  423.79543  383.80783  9.44%     -   15s
     0     0  383.80783    0  183  423.79543  383.80783  9.44%     -   15s
     0     0  383.80783    0  186  423.79543  383.80783  9.44%     -   15s
     0     0  383.80783    0  186  423.79543  383.80783  9.44%     -   15s
     0     0  383.80783    0  183  423.79543  383.80783  9.44%     -   15s
     0     0  383.81515    0  184  423.79543  383.81515  9.43%     -   15s
     0     0  383.81739    0  188  423.79543  383.81739  9.43%     -   15s
     0     0  383.81973    0  189  423.79543  383.81973  9.43%     -   15s
     0     0  383.83164    0  189  423.79543  383.83164  9.43%     -   15s
     0     0  383.85051    0  193  423.79543  383.85051  9.43%     -   15s
     0     0  383.87601    0  194  423.79543  383.87601  9.42%     -   15s
     0     0  384.09684    0  196  423.79543  384.09684  9.37%     -   16s
     0     0  384.11670    0  194  423.79543  384.11670  9.36%     -   16s
     0     0  384.11720    0  198  423.79543  384.11720  9.36%     -   16s
     0     0  384.21578    0  196  423.79543  384.21578  9.34%     -   16s
     0     0  384.22855    0  200  423.79543  384.22855  9.34%     -   16s
     0     0  384.22927    0  202  423.79543  384.22927  9.34%     -   16s
     0     0  384.26031    0  200  423.79543  384.26031  9.33%     -   16s
     0     0  384.29090    0  209  423.79543  384.29090  9.32%     -   16s
     0     0  384.30033    0  205  423.79543  384.30033  9.32%     -   16s
     0     0  384.30077    0  208  423.79543  384.30077  9.32%     -   16s
     0     0  384.31750    0  207  423.79543  384.31750  9.32%     -   16s
     0     0  384.31873    0  209  423.79543  384.31873  9.32%     -   16s
     0     0  384.34263    0  205  423.79543  384.34263  9.31%     -   16s
     0     0  384.34527    0  206  423.79543  384.34527  9.31%     -   16s
     0     0  384.37051    0  206  423.79543  384.37051  9.30%     -   17s
     0     0  384.37492    0  206  423.79543  384.37492  9.30%     -   17s
     0     0  384.37492    0  206  423.79543  384.37492  9.30%     -   17s
     0     0  384.37492    0  199  423.79543  384.37492  9.30%     -   17s
     0     2  386.27304    0  199  423.79543  386.27304  8.85%     -   17s
   726   745  405.14794  180   96  423.79543  386.27304  8.85%  63.1   20s
  1206  1149  397.03714   80  220  423.79543  386.27304  8.85%  57.1   25s
  1261  1185  417.69968  172  209  423.79543  386.27304  8.85%  54.6   30s
  1297  1209  411.83007  180  226  423.79543  386.27304  8.85%  53.1   35s
  1476  1312  403.80157   41   77  423.79543  386.56000  8.79%   102   40s
  1876  1347  393.17828   44  136  423.79543  386.56783  8.78%   133   45s
  2934  1277  402.24931   21  110  423.79543  387.54478  8.55%   141   50s
  4434  1699  416.80442   26  136  423.79543  391.28843  7.67%   129   55s
  6059  2711  404.98896   96  121  423.79543  392.37442  7.41%   124   60s
  7623  3886  420.67006  159  116  423.79543  392.89722  7.29%   116   65s
  9084  5007  410.51747   87  143  423.79543  393.50144  7.15%   115   70s
 10106  5554  420.67204   93  113  423.79543  393.83196  7.07%   116   75s
 11980  6891  413.73738  136  114  423.79543  394.56742  6.90%   117   81s
 13352  7782  415.42008   35  113  423.79543  394.99812  6.80%   115   86s
 14724  8516  401.52039   35  158  423.79543  395.68921  6.63%   115   90s
 16690  9761  405.23901   28  126  423.79543  396.41834  6.46%   116   96s
 18167 10491  415.66828   28  148  423.79543  396.80870  6.37%   116  100s
 19651 11410  418.86121   81  109  423.79543  397.04610  6.31%   116  105s
 21524 12463  400.87812   29  174  423.79543  397.45522  6.22%   116  110s
 23105 13310  416.82861   42   97  423.79543  397.86235  6.12%   118  116s
 24176 13831  409.29142   29  186  423.79543  398.31814  6.01%   119  120s
 25757 14497  405.76485   25  169  423.79543  398.67953  5.93%   121  126s
 26844 15005  414.52806   56  138  423.79543  398.90576  5.87%   123  130s
 28314 15683  415.92726   28  149  423.79543  399.22963  5.80%   125  135s
 29615 16253  405.11329   26  113  423.79543  399.52365  5.73%   127  140s
 30729 16579  411.45789   36  120  423.79543  399.71376  5.68%   128  145s
 31488 17092     cutoff   37       423.79543  399.84774  5.65%   129  150s
 32981 17646  403.89674   26  181  423.79543  400.12893  5.58%   131  156s
 33819 18061  410.43958   29  124  423.79543  400.30257  5.54%   132  160s
 35233 18579  413.71766   31  132  423.79543  400.56247  5.48%   134  166s
 36276 18876  419.80465   38  135  423.79543  400.72363  5.44%   135  170s
 37885 19400 infeasible   36       423.79543  401.01743  5.37%   136  176s
 38993 19857     cutoff  128       423.79543  401.21613  5.33%   137  180s
 40436 20336     cutoff   50       423.79543  401.46701  5.27%   139  186s
 41472 20753  410.97108   64  126  423.79543  401.63851  5.23%   140  190s
 42482 21045  419.51662   40  125  423.79543  401.74449  5.20%   141  195s
 43808 21481     cutoff  131       423.79543  401.93459  5.16%   142  200s
 44704 21836  416.17936   34  149  423.79543  402.08143  5.12%   144  205s
 46198 22199     cutoff   41       423.79543  402.32545  5.07%   145  211s
 47062 22459  409.53432   27  138  423.79543  402.45688  5.04%   146  216s
 48196 22920  419.75850   31  191  423.79543  402.62812  4.99%   146  221s
 49096 23261  418.60206   27  117  423.79543  402.76007  4.96%   147  225s
 50055 23530  419.27204   52  115  423.79543  402.90047  4.93%   148  230s
 51283 23778  414.76822   27  159  423.79543  403.12857  4.88%   150  236s
 52247 24023  419.95859   50  184  423.79543  403.33270  4.83%   151  240s
 53265 24277     cutoff   40       423.79543  403.49584  4.79%   152  245s
 54019 24390  421.48426   41  144  423.79543  403.63637  4.76%   153  251s
 55011 24592     cutoff   56       423.79543  403.78105  4.72%   154  255s
 55394 24694  418.17247   26   98  423.79543  403.82898  4.71%   154  260s
 56006 24772  409.22922   38   73  423.79543  403.96727  4.68%   155  265s
 56686 24876  413.81729   46  142  423.79543  404.09210  4.65%   156  270s
 57579 24948     cutoff   50       423.79543  404.27832  4.61%   158  275s
 58420 24980     cutoff   82       423.79543  404.45362  4.56%   159  280s
 59281 25067  414.44267   33  143  423.79543  404.65322  4.52%   161  285s
 60537 25320  415.12366   29  158  423.79543  404.83459  4.47%   162  291s
H60640 25320                     423.7954280  404.83459  4.47%   162  291s
H60833 25338                     423.7954280  404.88206  4.46%   162  293s
 60973 25329  418.64774   32   74  423.79543  404.92264  4.45%   163  295s
H60977 25329                     423.7954261  404.92264  4.45%   163  295s
 61821 25464     cutoff   39       423.79543  405.10450  4.41%   164  300s
H62163 25517                     423.7954183  405.17089  4.39%   164  302s
 62471 25512     cutoff   43       423.79542  405.23174  4.38%   164  305s
 62897 25561 infeasible   46       423.79542  405.30828  4.36%   165  310s
 63840 25649  420.89131   38  141  423.79542  405.49147  4.32%   166  315s
 65088 25669     cutoff   39       423.79542  405.74600  4.26%   168  321s
 65856 25725     cutoff   26       423.79542  405.86909  4.23%   169  325s
 66849 25787     cutoff   31       423.79542  406.05128  4.19%   170  330s
 67807 25822     cutoff   74       423.79542  406.23889  4.14%   172  335s
 68657 25841     cutoff   32       423.79542  406.37725  4.11%   173  340s
 69379 25911     cutoff   26       423.79542  406.56044  4.07%   174  345s
 70281 25899  421.88607   33  151  423.79542  406.73368  4.03%   176  350s
 71194 25862  422.56889   33  152  423.79542  406.91136  3.98%   177  357s
 71623 25905  417.85859   25  142  423.79542  407.00872  3.96%   178  360s

Cutting planes:
  Gomory: 5
  Cover: 16
  Implied bound: 130
  Projected implied bound: 9
  MIR: 267
  Mixing: 3
  Flow cover: 225
  Inf proof: 29
  Zero half: 10
  RLT: 7
  Relax-and-lift: 33
  BQP: 11

Explored 72108 nodes (12941964 simplex iterations) in 360.00 seconds (1539.19 work units)
Thread count was 4 (of 32 available processors)

Solution count 10: 423.795 423.795 426.349 ... 518.895

Time limit reached
Best objective 4.237954183468e+02, best bound 4.070895487729e+02, gap 3.9420%

User-callback calls 190008, time in user-callback 0.01 sec
Cap boundary opt: PORT-584 stations=37 obj=423.795 real=423.795 baseline=426.349
Set parameter Username
Set parameter LicenseID to value 2738882
Academic license - for non-commercial use only - expires 2026-11-14
Segment 1 eval: start=BOAT-0 end=PORT-581 stations=87 (optimize)
  Segment 1 order: 1 3 4 -25 -5 -6 10 11 143 15 16 17 -18 -13 14 12 -24 -23 -22 -21 19 20 -41 42 43 44 45 46 -396 -47 -40 39 48 49 50 -38 -37 51 -52 59 -57 56 55 -54 -53 66 67 69 -36 -35 -34 -33 -32 -31 -30 -29 -28 -27 -26 93 -92 94 -96 -95 90 91 -89 88 -87 86 -85 -84 -83 -82 -81 -80 79 -78 -77 -70 -76 75 72 73 -74 -71 -68
Segment 2 eval: start=PORT-581 end=PORT-591 stations=58 (optimize)
  Segment 2 order: 65 -63 64 -58 60 61 62 391 392 393 394 395 397 398 399 -400 -401 389 390 388 -387 -386 -385 -402 403 405 406 -407 -404 409 408 -410 411 412 -413 -415 416 -417 425 381 426 -368 -367 -366 -365 364 362 -361 -360 -359 -358 -357 -356 -355 354 -353 348 -363
Segment 3 eval: start=PORT-591 end=PORT-591 stations=111 (optimize)
  Segment 3 order: -346 276 277 278 279 280 281 -556 282 283 -284 555 558 559 -560 561 -562 -554 553 550 551 552 285 286 287 288 289 290 291 292 293 294 -295 296 297 306 -305 -298 299 300 301 302 304 -303 307 308 309 -310 311 312 -313 314 315 316 317 318 319 320 340 341 342 343 344 345 334 335 336 337 338 339 321 322 323 324 325 -327 328 330 -331 -329 -326 349 350 351 352 -373 372 -374 375 376 377 379 380 414 382 384 -383 419 420 421 -423 -422 424 -418 -378 -371 -370 369 332 -333 347
Segment 4 eval: start=PORT-591 end=PORT-593 stations=43 (optimize)
  Segment 4 order: 557 563 564 565 566 567 568 -542 543 540 541 549 548 -547 -546 -545 -544 -539 -538 -537 536 -535 -534 -572 569 570 571 573 574 576 533 -532 -531 -530 -529 -528 -527 577 575 578 -525 526 -524
Segment 5 eval: start=PORT-593 end=PORT-593 stations=21 (optimize)
  Segment 5 order: -513 -512 -436 -435 -432 -431 -430 -429 -428 427 517 518 519 520 521 -580 -579 -523 -522 -516 -515
Segment 6 eval: start=PORT-593 end=PORT-584 stations=32 (optimize)
  Segment 6 order: -514 -511 -510 -509 -508 -507 506 -444 -443 -442 -441 440 -439 437 438 -433 -434 445 446 447 448 449 450 451 452 453 -454 461 485 487 488 -502
Segment 7 eval: start=PORT-584 end=PORT-584 stations=26 (optimize)
  Segment 7 order: -499 -498 -497 -496 -495 112 113 -494 114 -275 117 -116 115 476 478 475 473 -474 -465 -464 -463 462 -483 -482 -489 -500
Segment 8 eval: start=PORT-584 end=PORT-584 stations=11 (optimize)
  Segment 8 order: 503 504 -505 455 456 457 458 459 460 -484 -486
Segment 9 eval: start=PORT-584 end=PORT-588 stations=23 (optimize)
  Segment 9 order: -501 490 491 492 -493 477 -480 -481 479 466 467 468 469 470 -471 472 -122 -121 120 -119 -118 -111 -274
Segment 10 eval: start=PORT-588 end=PORT-588 stations=40 (optimize)
  Segment 10 order: -105 104 -103 -102 -101 108 271 272 -273 253 252 254 255 -257 256 -130 -129 -128 -258 259 260 261 262 263 -127 126 -125 -124 -123 -266 -267 -265 -264 268 269 270 -110 -109 -107 -106
Segment 11 eval: start=PORT-588 end=PORT-583 stations=49 (optimize)
  Segment 11 order: -98 97 -242 241 -238 237 -215 -214 -213 -212 -211 -210 -209 -208 -207 -206 -205 131 -204 -203 -202 199 -201 200 -198 -197 -196 -195 -194 -193 -192 -218 -217 -216 -220 222 -225 224 226 178 227 -231 235 -234 -233 -232 -230 -134 -133
Segment 12 eval: start=PORT-583 end=PORT-583 stations=53 (optimize)
  Segment 12 order: -132 -229 -228 155 156 157 158 -159 160 161 162 163 164 165 166 167 168 169 170 171 172 173 174 175 176 177 182 183 184 185 186 187 188 189 190 191 219 223 -221 236 239 240 243 244 250 -251 249 -248 -245 247 -246 -100 -99
Segment 13 eval: start=PORT-583 end=BOAT-END stations=26 (optimize)
  Segment 13 order: -181 -135 136 -137 -2 7 8 9 142 144 145 146 147 148 149 150 139 140 141 138 151 152 153 154 179 180
Cap boundary debug: PORT-584 -> [486 484 460 459 458 457 456 455 505 504 503] -> PORT-584 -> [501 490 491 492 493 477 480 481 479 466 467 468 469 470 471 472 122 121 120 119 118 111 274] -> PORT-588 | load_left=44734 load_right=44485 cap=45000
Set parameter Username
Set parameter LicenseID to value 2738882
Academic license - for non-commercial use only - expires 2026-11-14
Set parameter TimeLimit to value 360
Set parameter Seed to value 93700035
Set parameter Threads to value 4
Set parameter OutputFlag to value 1
Set parameter LogToConsole to value 1
Set parameter LazyConstraints to value 1
Gurobi Optimizer version 13.0.0 build v13.0.0rc1 (linux64 - "Debian GNU/Linux 13 (trixie)")

CPU model: AMD Ryzen 9 5950X 16-Core Processor, instruction set [SSE2|AVX|AVX2]
Thread count: 16 physical cores, 32 logical processors, using up to 4 threads

Non-default parameters:
TimeLimit  360
Seed  93700035
Threads  4
LazyConstraints  1

Optimize a model with 5890 rows, 15552 columns and 31092 nonzeros (Min)
Model fingerprint: 0x2e333c5f
Model has 5036 linear objective coefficients
Variable types: 10368 continuous, 5184 integer (5184 binary)
Coefficient statistics:
  Matrix range     [1e+00, 4e+04]
  Objective range  [4e-01, 2e+02]
  Bounds range     [1e+00, 4e+04]
  RHS range        [1e+00, 2e+04]
Presolve removed 782 rows and 5648 columns
Presolve time: 0.05s
Presolved: 5108 rows, 9904 columns, 29694 nonzeros
Variable types: 4828 continuous, 5076 integer (5076 binary)

Root relaxation: objective 4.202454e+02, 10628 iterations, 0.45 seconds (1.37 work units)

    Nodes    |    Current Node    |     Objective Bounds      |     Work
 Expl Unexpl |  Obj  Depth IntInf | Incumbent    BestBd   Gap | It/Node Time

     0     0  420.24543    0  127          -  420.24543      -     -    0s
H    0     0                     594.7060687  420.24543  29.3%     -    0s
H    0     0                     591.4751655  420.24543  28.9%     -    0s
H    0     0                     585.5380427  420.24543  28.2%     -    1s
H    0     0                     565.5166383  420.24543  25.7%     -    1s
H    0     0                     564.0232168  420.24543  25.5%     -    1s
H    0     0                     561.2801463  420.24543  25.1%     -    1s
H    0     0                     560.3592888  420.24543  25.0%     -    1s
H    0     0                     546.4709108  420.24543  23.1%     -    1s
     0     0  420.24543    0  127  546.47091  420.24543  23.1%     -    1s
     0     0  421.06047    0  144  546.47091  421.06047  22.9%     -    1s
H    0     0                     427.7848034  421.06070  1.57%     -    1s
H    0     0                     424.4080758  421.06070  0.79%     -    1s
     0     0  421.06735    0  147  424.40808  421.06735  0.79%     -    1s
     0     0  421.86893    0  148  424.40808  421.86893  0.60%     -    1s
     0     0          -    0       424.40808  424.40175  0.00%     -    2s

Explored 1 nodes (12790 simplex iterations) in 2.01 seconds (3.67 work units)
Thread count was 4 (of 32 available processors)

Solution count 10: 424.408 427.785 546.471 ... 594.706

Optimal solution found (tolerance 1.00e-04)
Best objective 4.244080758365e+02, best bound 4.244017476322e+02, gap 0.0015%

User-callback calls 1232, time in user-callback 0.00 sec
Set parameter Username
Set parameter LicenseID to value 2738882
Academic license - for non-commercial use only - expires 2026-11-14
Segment 1 eval: start=BOAT-0 end=PORT-581 stations=87 (optimize)
  Segment 1 order: 1 3 4 -25 -5 -6 10 11 143 15 16 17 -18 -13 14 12 -24 -23 -22 -21 19 20 -41 42 43 44 45 46 -396 -47 -40 39 48 49 50 -38 -37 51 -52 59 -57 56 55 -54 -53 66 67 69 -36 -35 -34 -33 -32 -31 -30 -29 -28 -27 -26 93 -92 94 -96 -95 90 91 -89 88 -87 86 -85 -84 -83 -82 -81 -80 79 -78 -77 -70 -76 75 72 73 -74 -71 -68
Segment 2 eval: start=PORT-581 end=PORT-591 stations=58 (optimize)
  Segment 2 order: 65 -63 64 -58 60 61 62 391 392 393 394 395 397 398 399 -400 -401 389 390 388 -387 -386 -385 -402 403 405 406 -407 -404 409 408 -410 411 412 -413 -415 416 -417 425 381 426 -368 -367 -366 -365 364 362 -361 -360 -359 -358 -357 -356 -355 354 -353 348 -363
Segment 3 eval: start=PORT-591 end=PORT-591 stations=111 (optimize)
  Segment 3 order: -346 276 277 278 279 280 281 -556 282 283 -284 555 558 559 -560 561 -562 -554 553 550 551 552 285 286 287 288 289 290 291 292 293 294 -295 296 297 306 -305 -298 299 300 301 302 304 -303 307 308 309 -310 311 312 -313 314 315 316 317 318 319 320 340 341 342 343 344 345 334 335 336 337 338 339 321 322 323 324 325 -327 328 330 -331 -329 -326 349 350 351 352 -373 372 -374 375 376 377 379 380 414 382 384 -383 419 420 421 -423 -422 424 -418 -378 -371 -370 369 332 -333 347
Segment 4 eval: start=PORT-591 end=PORT-593 stations=43 (optimize)
  Segment 4 order: 557 563 564 565 566 567 568 -542 543 540 541 549 548 -547 -546 -545 -544 -539 -538 -537 536 -535 -534 -572 569 570 571 573 574 576 533 -532 -531 -530 -529 -528 -527 577 575 578 -525 526 -524
Segment 5 eval: start=PORT-593 end=PORT-593 stations=21 (optimize)
  Segment 5 order: -513 -512 -436 -435 -432 -431 -430 -429 -428 427 517 518 519 520 521 -580 -579 -523 -522 -516 -515
Segment 6 eval: start=PORT-593 end=PORT-584 stations=32 (optimize)
  Segment 6 order: -514 -511 -510 -509 -508 -507 506 -444 -443 -442 -441 440 -439 437 438 -433 -434 445 446 447 448 449 450 451 452 453 -454 461 485 487 488 -502
Segment 7 eval: start=PORT-584 end=PORT-584 stations=26 (optimize)
  Segment 7 order: -499 -498 -497 -496 -495 112 113 -494 114 -275 117 -116 115 476 478 475 473 -474 -465 -464 -463 462 -483 -482 -489 -500
Segment 8 eval: start=PORT-584 end=PORT-584 stations=11 (optimize)
  Segment 8 order: 503 504 -505 455 456 457 458 459 460 -484 -486
Segment 9 eval: start=PORT-584 end=PORT-588 stations=23 (optimize)
  Segment 9 order: -501 490 491 492 -493 477 -480 -481 479 466 467 468 469 470 -471 472 -122 -121 120 -119 -118 -111 -274
Segment 10 eval: start=PORT-588 end=PORT-588 stations=40 (optimize)
  Segment 10 order: -105 104 -103 -102 -101 108 271 272 -273 253 252 254 255 -257 256 -130 -129 -128 -258 259 260 261 262 263 -127 126 -125 -124 -123 -266 -267 -265 -264 268 269 270 -110 -109 -107 -106
Segment 11 eval: start=PORT-588 end=PORT-583 stations=49 (optimize)
  Segment 11 order: -98 97 -242 241 -238 237 -215 -214 -213 -212 -211 -210 -209 -208 -207 -206 -205 131 -204 -203 -202 199 -201 200 -198 -197 -196 -195 -194 -193 -192 -218 -217 -216 -220 222 -225 224 226 178 227 -231 235 -234 -233 -232 -230 -134 -133
Segment 12 eval: start=PORT-583 end=PORT-583 stations=53 (optimize)
  Segment 12 order: -132 -229 -228 155 156 157 158 -159 160 161 162 163 164 165 166 167 168 169 170 171 172 173 174 175 176 177 182 183 184 185 186 187 188 189 190 191 219 223 -221 236 239 240 243 244 250 -251 249 -248 -245 247 -246 -100 -99
Segment 13 eval: start=PORT-583 end=BOAT-END stations=26 (optimize)
  Segment 13 order: -181 -135 136 -137 -2 7 8 9 142 144 145 146 147 148 149 150 139 140 141 138 151 152 153 154 179 180
PROGRESS pass=5 changed=1 total=4853.620 best=4853.620 nseg=13 stall=0 mut=0/1
Capacity boundary sweep pass 6
Cap boundary debug: PORT-591 -> [557 567 568 565 564 563 566 548 546 547 549 545 541 544 539 540 543 542 538 537 536 529 528 527 530 531 532 533 535 534 572 569 570 571 573 574 576 577 575 526 525 524 578] -> PORT-593 -> [513 512 436 435 432 431 430 429 428 427 517 518 519 520 521 580 579 523 522 516 515] -> PORT-593 | load_left=42365 load_right=44850 cap=45000
Set parameter Username
Set parameter LicenseID to value 2738882
Academic license - for non-commercial use only - expires 2026-11-14
Set parameter TimeLimit to value 360
Set parameter Seed to value 1752660998
Set parameter Threads to value 4
Set parameter OutputFlag to value 1
Set parameter LogToConsole to value 1
Set parameter LazyConstraints to value 1
Gurobi Optimizer version 13.0.0 build v13.0.0rc1 (linux64 - "Debian GNU/Linux 13 (trixie)")

CPU model: AMD Ryzen 9 5950X 16-Core Processor, instruction set [SSE2|AVX|AVX2]
Thread count: 16 physical cores, 32 logical processors, using up to 4 threads

Non-default parameters:
TimeLimit  360
Seed  1752660998
Threads  4
LazyConstraints  1

Optimize a model with 18730 rows, 52272 columns and 104532 nonzeros (Min)
Model fingerprint: 0x0c0aff4b
Model has 17160 linear objective coefficients
Variable types: 34848 continuous, 17424 integer (17424 binary)
Coefficient statistics:
  Matrix range     [1e+00, 4e+04]
  Objective range  [5e-05, 1e+05]
  Bounds range     [1e+00, 4e+04]
  RHS range        [1e+00, 1e+04]
Presolve removed 1442 rows and 18278 columns
Presolve time: 0.16s
Presolved: 17288 rows, 33994 columns, 101776 nonzeros
Variable types: 16768 continuous, 17226 integer (17226 binary)
Root relaxation presolved: 17288 rows, 33994 columns, 101776 nonzeros

Deterministic concurrent LP optimizer: primal and dual simplex
Showing primal log only...

Concurrent spin time: 0.00s

Solved with primal simplex

Root relaxation: objective 5.033382e+02, 26992 iterations, 0.78 seconds (1.51 work units)

    Nodes    |    Current Node    |     Objective Bounds      |     Work
 Expl Unexpl |  Obj  Depth IntInf | Incumbent    BestBd   Gap | It/Node Time

     0     0  503.33823    0  211          -  503.33823      -     -    1s
H    0     0                     909.7956287  503.33823  44.7%     -    1s
H    0     0                     740.4967573  503.33823  32.0%     -    1s
H    0     0                     730.3460127  503.33823  31.1%     -    2s
H    0     0                     729.5413754  503.33823  31.0%     -    3s
H    0     0                     703.9208890  503.33823  28.5%     -    3s
     0     0  503.33823    0  207  703.92089  503.33823  28.5%     -    4s
     0     0  508.47490    0  269  703.92089  508.47490  27.8%     -    5s
H    0     0                     700.2749404  508.48492  27.4%     -    5s
H    0     0                     695.6689037  508.48492  26.9%     -    5s
H    0     0                     686.7945354  508.48492  26.0%     -    5s
H    0     0                     639.8123791  508.48492  20.5%     -    5s
H    0     0                     635.7177179  508.48492  20.0%     -    5s
H    0     0                     631.9726197  508.48492  19.5%     -    5s
     0     0  510.00394    0  265  631.97262  510.00394  19.3%     -    6s
     0     0  512.69621    0  257  631.97262  512.69621  18.9%     -    7s
     0     0  512.69621    0  209  631.97262  512.69621  18.9%     -   10s
H    0     0                     629.0249464  512.69621  18.5%     -   10s
     0     0  512.69621    0  272  629.02495  512.69621  18.5%     -   12s
H    0     0                     628.7121777  512.69621  18.5%     -   12s
H    0     0                     626.4472428  512.69621  18.2%     -   12s
H    0     0                     612.7465517  512.69621  16.3%     -   13s
H    0     0                     612.1624205  512.69621  16.2%     -   13s
H    0     0                     611.7232853  512.69621  16.2%     -   13s
     0     0  513.19353    0  271  611.72329  513.19353  16.1%     -   13s
     0     0  513.54389    0  277  611.72329  513.54389  16.0%     -   13s
     0     0  513.55046    0  279  611.72329  513.55046  16.0%     -   13s
     0     0  516.34688    0  282  611.72329  516.34688  15.6%     -   14s
     0     0  516.35887    0  284  611.72329  516.35887  15.6%     -   14s
     0     0  516.36452    0  285  611.72329  516.36452  15.6%     -   14s
     0     0  516.36453    0  286  611.72329  516.36453  15.6%     -   14s
     0     0  519.01502    0  291  611.72329  519.01502  15.2%     -   16s
     0     0  519.16095    0  302  611.72329  519.16095  15.1%     -   16s
     0     0  519.16474    0  304  611.72329  519.16474  15.1%     -   16s
     0     0  519.16493    0  306  611.72329  519.16493  15.1%     -   16s
     0     0  521.50327    0  288  611.72329  521.50327  14.7%     -   17s
     0     0  521.52252    0  265  611.72329  521.52252  14.7%     -   17s
     0     0  521.55214    0  271  611.72329  521.55214  14.7%     -   17s
     0     0  521.55994    0  268  611.72329  521.55994  14.7%     -   17s
     0     0  521.55994    0  269  611.72329  521.55994  14.7%     -   17s
     0     0  521.96704    0  297  611.72329  521.96704  14.7%     -   18s
     0     0  522.01379    0  272  611.72329  522.01379  14.7%     -   18s
     0     0  522.02743    0  298  611.72329  522.02743  14.7%     -   18s
     0     0  522.02896    0  299  611.72329  522.02896  14.7%     -   18s
     0     0  522.42715    0  293  611.72329  522.42715  14.6%     -   18s
     0     0  522.55463    0  305  611.72329  522.55463  14.6%     -   18s
     0     0  522.55463    0  305  611.72329  522.55463  14.6%     -   18s
     0     0  523.01029    0  312  611.72329  523.01029  14.5%     -   19s
     0     0  523.03506    0  312  611.72329  523.03506  14.5%     -   19s
     0     0  523.03609    0  313  611.72329  523.03609  14.5%     -   19s
     0     0  526.07652    0  301  611.72329  526.07652  14.0%     -   20s
     0     0  526.54450    0  314  611.72329  526.54450  13.9%     -   21s
     0     0  526.60473    0  324  611.72329  526.60473  13.9%     -   21s
     0     0  526.60482    0  324  611.72329  526.60482  13.9%     -   21s
     0     0  526.91578    0  310  611.72329  526.91578  13.9%     -   21s
     0     0  526.93301    0  321  611.72329  526.93301  13.9%     -   21s
     0     0  526.93632    0  324  611.72329  526.93632  13.9%     -   21s
     0     0  526.96093    0  319  611.72329  526.96093  13.9%     -   22s
     0     0  526.97200    0  317  611.72329  526.97200  13.9%     -   22s
     0     0  527.00898    0  318  611.72329  527.00898  13.8%     -   22s
     0     0  527.01155    0  318  611.72329  527.01155  13.8%     -   22s
     0     0  527.09620    0  311  611.72329  527.09620  13.8%     -   23s
     0     0  527.11271    0  323  611.72329  527.11271  13.8%     -   23s
     0     0  527.11386    0  331  611.72329  527.11386  13.8%     -   23s
     0     0  527.13837    0  297  611.72329  527.13837  13.8%     -   24s
     0     0  527.14332    0  296  611.72329  527.14332  13.8%     -   24s
     0     0  527.14482    0  326  611.72329  527.14482  13.8%     -   24s
     0     0  527.17004    0  323  611.72329  527.17004  13.8%     -   24s
     0     0  527.17269    0  323  611.72329  527.17269  13.8%     -   24s
     0     0  527.17269    0  323  611.72329  527.17269  13.8%     -   24s
     0     0  527.17269    0  296  611.72329  527.17269  13.8%     -   25s
     0     0  530.72277    0  218  611.72329  530.72277  13.2%     -   30s
     0     0  530.72277    0  283  611.72329  530.72277  13.2%     -   32s
     0     0  530.72277    0  298  611.72329  530.72277  13.2%     -   32s
     0     0  530.72277    0  289  611.72329  530.72277  13.2%     -   32s
     0     0  530.72277    0  312  611.72329  530.72277  13.2%     -   33s
     0     0  530.72277    0  321  611.72329  530.72277  13.2%     -   33s
     0     0  530.72277    0  296  611.72329  530.72277  13.2%     -   33s
     0     0  530.72277    0  315  611.72329  530.72277  13.2%     -   33s
     0     0  530.72277    0  324  611.72329  530.72277  13.2%     -   33s
     0     0  530.72277    0  324  611.72329  530.72277  13.2%     -   33s
     0     0  530.72277    0  328  611.72329  530.72277  13.2%     -   33s
     0     0  530.72277    0  326  611.72329  530.72277  13.2%     -   33s
     0     0  530.72277    0  317  611.72329  530.72277  13.2%     -   33s
     0     0  530.72277    0  322  611.72329  530.72277  13.2%     -   34s
H    0     0                     609.2204348  530.72277  12.9%     -   34s
     0     0  530.72277    0  325  609.22043  530.72277  12.9%     -   34s
     0     0  530.72277    0  322  609.22043  530.72277  12.9%     -   35s
H    0     0                     609.1400221  530.72277  12.9%     -   35s
     0     0  530.72277    0  315  609.14002  530.72277  12.9%     -   36s
     0     0  530.72277    0  318  609.14002  530.72277  12.9%     -   36s
     0     0  530.72277    0  328  609.14002  530.72277  12.9%     -   38s
     0     0  530.72277    0  335  609.14002  530.72277  12.9%     -   38s
     0     0  530.72277    0  340  609.14002  530.72277  12.9%     -   38s
     0     0  530.72277    0  340  609.14002  530.72277  12.9%     -   38s
     0     0  530.76129    0  300  609.14002  530.76129  12.9%     -   39s
     0     0  530.82710    0  280  609.14002  530.82710  12.9%     -   41s
     0     0  530.83961    0  281  609.14002  530.83961  12.9%     -   41s
     0     0  530.84029    0  284  609.14002  530.84029  12.9%     -   41s
     0     0  530.91988    0  272  609.14002  530.91988  12.8%     -   41s
     0     0  530.93851    0  306  609.14002  530.93851  12.8%     -   41s
     0     0  530.94210    0  279  609.14002  530.94210  12.8%     -   42s
     0     0  531.24925    0  312  609.14002  531.24925  12.8%     -   42s
H    0     0                     608.1243462  531.24925  12.6%     -   42s
     0     0  531.25536    0  279  608.12435  531.25536  12.6%     -   42s
     0     0  531.25540    0  279  608.12435  531.25540  12.6%     -   42s
     0     0  531.31032    0  278  608.12435  531.31032  12.6%     -   43s
     0     0  531.33121    0  277  608.12435  531.33121  12.6%     -   43s
     0     0  531.39915    0  306  608.12435  531.39915  12.6%     -   43s
     0     0  531.39915    0  306  608.12435  531.39915  12.6%     -   45s
H    0     0                     606.9422590  531.39915  12.4%     -   46s
H    0     0                     606.3917376  531.39915  12.4%     -   46s
H    0     0                     605.2266296  531.39915  12.2%     -   46s
     0     0  531.40784    0  309  605.22663  531.40784  12.2%     -   47s
     0     0  531.40784    0  312  605.22663  531.40784  12.2%     -   47s
     0     0  531.46899    0  332  605.22663  531.46899  12.2%     -   47s
     0     0  531.47916    0  325  605.22663  531.47916  12.2%     -   48s
     0     0  531.48289    0  327  605.22663  531.48289  12.2%     -   48s
     0     0  531.50594    0  327  605.22663  531.50594  12.2%     -   48s
     0     0  531.50811    0  326  605.22663  531.50811  12.2%     -   48s
     0     0  531.60057    0  328  605.22663  531.60057  12.2%     -   50s
     0     0  531.61444    0  335  605.22663  531.61444  12.2%     -   50s
     0     0  531.61505    0  339  605.22663  531.61505  12.2%     -   50s
     0     0  531.65425    0  328  605.22663  531.65425  12.2%     -   51s
     0     0  531.65661    0  334  605.22663  531.65661  12.2%     -   51s
     0     0  531.69194    0  330  605.22663  531.69194  12.1%     -   51s
     0     0  531.69194    0  330  605.22663  531.69194  12.1%     -   51s
     0     0  531.69194    0  329  605.22663  531.69194  12.1%     -   52s
H    0     0                     605.1544976  531.69194  12.1%     -   53s
     0     2  534.28494    0  329  605.15450  534.28494  11.7%     -   55s
   146   150  549.86483   31  144  605.15450  534.28494  11.7%   497   60s
   868   921  534.73933    4  214  605.15450  534.28494  11.7%   202   65s
H 1050   989                     604.9200061  534.28494  11.7%   186   66s
  1085  1014  594.75356  303  257  604.92001  534.28494  11.7%   190   73s
  1087  1015  586.26799  188  209  604.92001  534.28494  11.7%   189   75s
H 1087   964                     604.8622295  534.28494  11.7%   189   76s
  1104   976  536.68988   11  347  604.86223  534.28494  11.7%   186   80s
H 1116   934                     604.8622284  534.55462  11.6%   184   85s
H 1126   892                     604.8395934  539.46078  10.8%   183   89s
  1131   896  575.29076   36  323  604.83959  539.55204  10.8%   182   90s
  1153   910  592.52795  221  364  604.83959  542.09823  10.4%   178   95s
  1167   920  560.12254  116  361  604.83959  543.12051  10.2%   176  100s
  1185   932  594.75356  303  379  604.83959  544.46668  10.0%   174  105s
  1203   944  590.97192  270  381  604.83959  544.94313  9.90%   171  110s
  1211   949  576.86721   55  366  604.83959  545.11396  9.87%   170  115s
  1216   954  576.12915  155  255  604.83959  545.11396  9.87%   243  121s
  1231   964  575.29076   36  373  604.83959  545.11396  9.87%   240  125s
  1237   968  558.05023   85  354  604.83959  545.23203  9.86%   239  130s
  1290  1010  547.26634   32  212  604.83959  547.26634  9.52%   288  135s
  1426  1098  559.65418   48  190  604.83959  547.26634  9.52%   292  140s
  1604  1162     cutoff   79       604.83959  547.26634  9.52%   280  145s
  1917  1272     cutoff   65       604.83959  547.26634  9.52%   275  150s
  2279  1356  553.81316   40  222  604.83959  547.26634  9.52%   272  155s
  2724  1640  584.76180  105  150  604.83959  547.26634  9.52%   264  160s
  3386  1890  575.79272   85  129  604.83959  547.26634  9.52%   247  165s
  3972  2123  561.65921   40  168  604.83959  547.34563  9.51%   237  170s
  4381  2312  574.95314   40  151  604.83959  547.39609  9.50%   231  175s
H 4382  2312                     604.8395908  547.39609  9.50%   231  175s
  5050  2936  567.15580   63  161  604.83959  548.11993  9.38%   227  180s
  5817  3568  561.42225   37  201  604.83959  548.42694  9.33%   221  186s
  6176  3730  558.03724   49  164  604.83959  548.66063  9.29%   217  191s
  6682  4300  554.30349   38  218  604.83959  548.72535  9.28%   212  195s
  7693  5021  560.97975   56  191  604.83959  549.02626  9.23%   205  201s
  8493  5699  566.21400   45  153  604.83959  549.41854  9.16%   199  206s
  9381  6421  583.15636   81  146  604.83959  549.63533  9.13%   193  210s
 10480  7274  574.94397   46  201  604.83959  549.86030  9.09%   187  216s
 11660  8317  589.76863  122  154  604.83959  550.21164  9.03%   183  223s
 12338  8733  587.17962   78  145  604.83959  550.30901  9.02%   179  226s
 13286  9505  571.33378   74  165  604.83959  550.48320  8.99%   179  232s
 13868  9887  596.62213   52  184  604.83959  550.51551  8.98%   178  235s
 15016 10815  553.30320   32  207  604.83959  550.73856  8.94%   175  241s
 16140 11546  575.28058   49  161  604.83959  550.89742  8.92%   172  247s
 16572 11964  579.29094   77  145  604.83959  550.99302  8.90%   171  250s
 17562 12403  580.60860   79  166  604.83959  551.05601  8.89%   169  258s
 17638 12765  588.26502  102  160  604.83959  551.10856  8.88%   169  261s
 18640 13490  569.63762   72  166  604.83959  551.20894  8.87%   169  266s
 19647 14188  580.17667   63  178  604.83959  551.28535  8.85%   168  272s
 20158 14550  559.03310   37  206  604.83959  551.39594  8.84%   167  275s
 21325 15444  560.87628   39  193  604.83959  551.46043  8.83%   166  280s
 22536 16395  553.72837   40  190  604.83959  551.71364  8.78%   165  286s
 23737 17055  584.73193   50  171  604.83959  551.77628  8.77%   163  291s
 24504 17665  568.99640   63  217  604.83959  551.84470  8.76%   165  296s
 25419 18418  586.32342   77  177  604.83959  551.92420  8.75%   166  301s
 26444 19197  581.69412   73  152  604.83959  551.95229  8.74%   166  306s
 27160 19551  561.18678   44  199  604.83959  552.01948  8.73%   167  311s
 28049 20432  572.75429   47  171  604.83959  552.09962  8.72%   167  316s
 28990 20995  574.30072   45  184  604.83959  552.17278  8.71%   167  321s
 29997 21583  564.25954   44  161  604.83959  552.24639  8.70%   167  326s
 31073 22446  572.17433   54  154  604.83959  552.30261  8.69%   167  331s
 31991 23203  575.72294   50  205  604.83959  552.31720  8.68%   167  336s
 33019 24076  563.55395   38  188  604.83959  552.45711  8.66%   167  341s
 34051 24650  568.68415   59  186  604.83959  552.53641  8.65%   166  346s
 34956 25446  564.19558   60  168  604.83959  552.64667  8.63%   167  351s
 36061 26187  578.30551   68  180  604.83959  552.73598  8.61%   166  356s
 36946 26714  578.48596   49  175  604.83959  552.82066  8.60%   166  360s

Cutting planes:
  Gomory: 6
  Cover: 28
  Implied bound: 236
  Projected implied bound: 12
  Clique: 3
  MIR: 260
  Mixing: 1
  Flow cover: 246
  GUB cover: 1
  Inf proof: 3
  Zero half: 14
  Network: 4
  RLT: 15
  Relax-and-lift: 38
  BQP: 5

Explored 37183 nodes (6366656 simplex iterations) in 360.01 seconds (1227.96 work units)
Thread count was 4 (of 32 available processors)

Solution count 10: 604.84 604.862 604.862 ... 609.14

Time limit reached
Best objective 6.048395908457e+02, best bound 5.528418225517e+02, gap 8.5970%

User-callback calls 126182, time in user-callback 0.01 sec
Cap boundary reject: PORT-593 segment infeasible left=100246.663 right=494.938
Cap boundary reject: PORT-593 real=1000000000000000052504760255204420248704468581108159154915854115511802457988908195786371375080447864043704443832883878176942523235360430575644792184786706982848387200926575803737830233794788090059368953234970799945081119038967640880074652742780142494579258788820056842838115669472196386865459400540160.000 baseline=616.813
Cap boundary debug: PORT-593 -> [513 512 436 435 432 431 430 429 428 427 517 518 519 520 521 580 579 523 522 516 515] -> PORT-593 -> [514 511 510 509 508 507 506 444 443 442 441 440 439 437 438 433 434 445 446 447 448 449 450 451 452 453 454 461 485 487 488 502] -> PORT-584 | load_left=44850 load_right=41119 cap=45000
Set parameter Username
Set parameter LicenseID to value 2738882
Academic license - for non-commercial use only - expires 2026-11-14
Set parameter TimeLimit to value 360
Set parameter Seed to value 2000000000
Set parameter Threads to value 4
Set parameter OutputFlag to value 1
Set parameter LogToConsole to value 1
Set parameter LazyConstraints to value 1
Gurobi Optimizer version 13.0.0 build v13.0.0rc1 (linux64 - "Debian GNU/Linux 13 (trixie)")

CPU model: AMD Ryzen 9 5950X 16-Core Processor, instruction set [SSE2|AVX|AVX2]
Thread count: 16 physical cores, 32 logical processors, using up to 4 threads

Non-default parameters:
TimeLimit  360
Seed  2000000000
Threads  4
LazyConstraints  1

Optimize a model with 13186 rows, 36300 columns and 72588 nonzeros (Min)
Model fingerprint: 0x944b8d88
Model has 11880 linear objective coefficients
Variable types: 24200 continuous, 12100 integer (12100 binary)
Coefficient statistics:
  Matrix range     [1e+00, 4e+04]
  Objective range  [5e-05, 1e+05]
  Bounds range     [1e+00, 4e+04]
  RHS range        [1e+00, 1e+04]
Presolve removed 1200 rows and 12811 columns
Presolve time: 0.11s
Presolved: 11986 rows, 23489 columns, 70332 nonzeros
Variable types: 11554 continuous, 11935 integer (11935 binary)

Root relaxation: objective 3.681731e+02, 23628 iterations, 2.09 seconds (6.15 work units)

    Nodes    |    Current Node    |     Objective Bounds      |     Work
 Expl Unexpl |  Obj  Depth IntInf | Incumbent    BestBd   Gap | It/Node Time

     0     0  368.17311    0  207          -  368.17311      -     -    2s
H    0     0                     537.6964821  368.17311  31.5%     -    2s
H    0     0                     536.6442675  368.17311  31.4%     -    2s
H    0     0                     463.2453185  368.17311  20.5%     -    2s
     0     0  370.83898    0  230  463.24532  370.83898  19.9%     -    3s
H    0     0                     460.1840287  371.21874  19.3%     -    3s
H    0     0                     438.4907788  371.21874  15.3%     -    4s
H    0     0                     437.7657994  371.21874  15.2%     -    4s
H    0     0                     437.6658639  371.21874  15.2%     -    5s
H    0     0                     436.9200620  371.21874  15.0%     -    5s
H    0     0                     436.8201265  371.21874  15.0%     -    5s
     0     0  371.48795    0  232  436.82013  371.48795  15.0%     -    6s
     0     0  373.26745    0  230  436.82013  373.26745  14.5%     -    6s
     0     0  373.27142    0  230  436.82013  373.27142  14.5%     -    6s
     0     0  374.12403    0  229  436.82013  374.12403  14.4%     -    6s
     0     0  374.12403    0  229  436.82013  374.12403  14.4%     -    6s
     0     0  375.97797    0  229  436.82013  375.97797  13.9%     -    6s
     0     0  375.97797    0  215  436.82013  375.97797  13.9%     -    8s
     0     0  375.97797    0  214  436.82013  375.97797  13.9%     -    9s
     0     0  375.97797    0  215  436.82013  375.97797  13.9%     -    9s
     0     0  375.97797    0  211  436.82013  375.97797  13.9%     -    9s
     0     0  375.97797    0  213  436.82013  375.97797  13.9%     -    9s
     0     0  375.97797    0  231  436.82013  375.97797  13.9%     -   10s
     0     0  375.97797    0  231  436.82013  375.97797  13.9%     -   10s
     0     0  375.97797    0  231  436.82013  375.97797  13.9%     -   10s
     0     0  385.16450    0  233  436.82013  385.16450  11.8%     -   11s
     0     0  385.95927    0  237  436.82013  385.95927  11.6%     -   11s
     0     0  385.95927    0  236  436.82013  385.95927  11.6%     -   11s
     0     0  388.80564    0  229  436.82013  388.80564  11.0%     -   12s
     0     0  391.35437    0  232  436.82013  391.35437  10.4%     -   12s
     0     0  391.36234    0  234  436.82013  391.36234  10.4%     -   12s
     0     0  391.52385    0  236  436.82013  391.52385  10.4%     -   12s
     0     0  391.58597    0  246  436.82013  391.58597  10.4%     -   12s
     0     0  391.58915    0  245  436.82013  391.58915  10.4%     -   12s
     0     0  391.87617    0  249  436.82013  391.87617  10.3%     -   12s
     0     0  391.96207    0  254  436.82013  391.96207  10.3%     -   12s
     0     0  391.96207    0  252  436.82013  391.96207  10.3%     -   12s
     0     0  392.52771    0  244  436.82013  392.52771  10.1%     -   13s
H    0     0                     436.8201260  392.56533  10.1%     -   14s
     0     0  392.56533    0  248  436.82013  392.56533  10.1%     -   14s
     0     0  392.56533    0  249  436.82013  392.56533  10.1%     -   14s
     0     0  392.80662    0  249  436.82013  392.80662  10.1%     -   14s
     0     0  392.80662    0  205  436.82013  392.80662  10.1%     -   15s
     0     0  392.80662    0  217  436.82013  392.80662  10.1%     -   16s
     0     0  392.80662    0  244  436.82013  392.80662  10.1%     -   16s
     0     0  392.80662    0  233  436.82013  392.80662  10.1%     -   16s
     0     0  392.80662    0  248  436.82013  392.80662  10.1%     -   16s
     0     0  392.80662    0  236  436.82013  392.80662  10.1%     -   17s
     0     0  392.80662    0  236  436.82013  392.80662  10.1%     -   17s
     0     0  393.06394    0  239  436.82013  393.06394  10.0%     -   17s
     0     0  393.07355    0  239  436.82013  393.07355  10.0%     -   17s
     0     0  393.07357    0  239  436.82013  393.07357  10.0%     -   17s
     0     0  393.44620    0  241  436.82013  393.44620  9.93%     -   17s
     0     0  393.55178    0  239  436.82013  393.55178  9.91%     -   17s
     0     0  393.55178    0  239  436.82013  393.55178  9.91%     -   17s
     0     0  394.24773    0  231  436.82013  394.24773  9.75%     -   17s
     0     0  394.26259    0  232  436.82013  394.26259  9.74%     -   17s
     0     0  394.79606    0  230  436.82013  394.79606  9.62%     -   17s
     0     0  394.79606    0  230  436.82013  394.79606  9.62%     -   17s
     0     0  394.96059    0  237  436.82013  394.96059  9.58%     -   18s
     0     0  394.99596    0  236  436.82013  394.99596  9.57%     -   18s
     0     0  394.99848    0  240  436.82013  394.99848  9.57%     -   18s
     0     0  395.10643    0  233  436.82013  395.10643  9.55%     -   18s
     0     0  395.17899    0  234  436.82013  395.17899  9.53%     -   18s
     0     0  395.17899    0  245  436.82013  395.17899  9.53%     -   18s
     0     0  395.17899    0  246  436.82013  395.17899  9.53%     -   19s
     0     0  395.17899    0  247  436.82013  395.17899  9.53%     -   19s
     0     0  395.17899    0  247  436.82013  395.17899  9.53%     -   19s
     0     0  395.17899    0  247  436.82013  395.17899  9.53%     -   19s
     0     0  395.17899    0  243  436.82013  395.17899  9.53%     -   19s
     0     2  395.17899    0  242  436.82013  395.17899  9.53%     -   19s
    39    48  398.72961    7  217  436.82013  395.56764  9.44%   185   20s
H  208   165                     436.8201108  396.30019  9.28%   167   21s
   605   438  435.70894   22  134  436.82011  397.09337  9.09%   162   25s
  1533   836  409.50470    9  209  436.82011  401.55389  8.07%   187   30s
  1758   900  409.01459   16  203  436.82011  402.50624  7.86%   197   35s
  1772   909  432.38684   24  252  436.82011  402.50624  7.86%   195   40s
  1868   942     cutoff   32       436.82011  402.50624  7.86%   207   45s
H 2033   913                     436.8200887  402.50624  7.86%   202   49s
  2070   914  432.66761   47   36  436.82009  402.50624  7.86%   200   50s
  3348  1013     cutoff   34       436.82009  410.89063  5.94%   156   55s
  5223  1619  420.00726   32  211  436.82009  414.03851  5.22%   131   60s
  6508  2119  434.10214   24  198  436.82009  415.64105  4.85%   120   65s
  8510  2856  435.21269   40  149  436.82009  417.88119  4.34%   113   70s
H10235  3423                     436.7676544  419.49338  3.96%   112   74s
 10452  3548  436.53789   24  188  436.76765  419.91430  3.86%   113   75s
 12046  3851  434.03110   35  113  436.76765  422.04510  3.37%   115   80s
 13791  3991  434.25989   44  143  436.76765  424.81745  2.74%   117   85s
 15614  4874     cutoff   45       436.76765  426.26205  2.41%   119   91s
 17887  6127  432.43724   48  121  436.76765  426.79018  2.28%   118   96s
 20320  7395  427.87348   37  169  436.76765  427.04732  2.23%   115  101s
 22260  8110  435.70335   33   36  436.76765  427.22848  2.18%   117  105s
 23834  8793  428.81208   60  161  436.76765  427.41894  2.14%   117  111s
 25941  9544  435.88369   52   44  436.76765  427.58559  2.10%   117  116s
 27446 10097  434.98767   41  105  436.76765  427.73100  2.07%   118  120s
 29244 10823  432.97062   46  147  436.76765  427.85527  2.04%   119  125s
 31679 11689     cutoff   32       436.76765  428.04140  2.00%   121  130s
 33594 12281  436.60150   49   58  436.76765  428.16579  1.97%   121  135s
 35891 12880     cutoff   45       436.76765  428.31717  1.93%   123  140s
 38268 13731     cutoff   90       436.76765  428.47548  1.90%   123  146s
 40008 14276     cutoff   47       436.76765  428.58805  1.87%   124  150s
 42387 14986  436.16851   45   49  436.76765  428.69601  1.85%   124  155s
 43695 15307 infeasible   42       436.76765  428.77954  1.83%   125  160s
 45215 15811  430.58772   53   34  436.76765  428.84511  1.81%   126  165s
 47569 16458  430.98769   37  128  436.76765  428.95744  1.79%   126  170s
 49438 16920  436.21456   36   42  436.76765  429.04824  1.77%   126  175s
 51793 17548     cutoff   73       436.76765  429.15082  1.74%   127  180s
 53410 17788  430.04298   54   98  436.76765  429.21445  1.73%   127  185s
 55352 18311  430.56438   33   64  436.76765  429.29245  1.71%   127  190s
 57603 18874     cutoff   35       436.76765  429.39107  1.69%   128  195s
 59575 19320     cutoff   45       436.76765  429.47172  1.67%   128  200s
 61698 19797     cutoff   48       436.76765  429.54814  1.65%   129  205s
 64060 20380  431.66964   59  165  436.76765  429.62350  1.64%   129  210s
 66078 20779  436.02868   80   13  436.76765  429.70517  1.62%   129  215s
 68213 21182     cutoff   68       436.76765  429.78489  1.60%   130  220s
 69880 21601  432.95310   45   67  436.76765  429.83555  1.59%   130  225s
 72015 21793  432.59888   58   80  436.76765  429.91273  1.57%   131  230s
 73263 22057  430.95254   59   48  436.76765  429.95371  1.56%   131  235s
 75442 22401  430.15972   55  136  436.76765  430.02566  1.54%   131  240s
 77562 22598  436.24748   79  181  436.76765  430.10993  1.52%   132  245s
 79083 22655 infeasible   95       436.76765  430.15253  1.51%   132  250s
 81239 22933     cutoff   62       436.76765  430.23213  1.50%   133  255s
 83436 22904  431.68150   30  176  436.76765  430.31382  1.48%   133  260s
 85146 22841     cutoff   57       436.76765  430.38098  1.46%   134  265s
 87063 22892     cutoff   52       436.76765  430.45734  1.44%   135  271s
 88826 23125     cutoff   43       436.76765  430.51149  1.43%   135  275s
 90254 23181  432.67680   34   66  436.76765  430.56815  1.42%   135  282s
 92014 23131  430.86960   46  160  436.76765  430.62635  1.41%   136  286s
 94052 23163     cutoff   69       436.76765  430.70414  1.39%   136  290s
 96142 23170     cutoff   39       436.76765  430.78540  1.37%   137  296s
 97483 23188  431.58973   53  140  436.76765  430.83559  1.36%   137  300s
 99836 23103     cutoff   41       436.76765  430.92066  1.34%   137  305s
 101769 23078     cutoff   93       436.76765  430.98898  1.32%   138  310s
 103961 22822  435.48874   38   26  436.76765  431.08106  1.30%   138  315s
 105621 22422  435.49422   47   37  436.76765  431.16355  1.28%   139  320s
 107060 21930     cutoff   40       436.76765  431.24207  1.27%   140  325s
 108927 21352  435.47016   47   42  436.76765  431.34508  1.24%   142  330s
 110580 20965 infeasible   50       436.76765  431.42238  1.22%   142  335s
 111729 20676  436.00116   59   97  436.76765  431.46272  1.21%   143  340s
 112632 20332     cutoff   45       436.76765  431.52715  1.20%   143  345s
 114832 19629     cutoff   35       436.76765  431.64786  1.17%   144  350s
 116562 19104 infeasible   46       436.76765  431.73867  1.15%   145  355s
 118310 18557  434.06640   37   75  436.76765  431.84157  1.13%   146  360s

Cutting planes:
  Gomory: 14
  Cover: 48
  Implied bound: 165
  Projected implied bound: 8
  Clique: 3
  MIR: 42
  Flow cover: 84
  GUB cover: 3
  Inf proof: 52
  Zero half: 9
  Mod-K: 1
  Network: 5
  RLT: 7
  Relax-and-lift: 62
  BQP: 3

Explored 118538 nodes (17336287 simplex iterations) in 360.00 seconds (1404.89 work units)
Thread count was 4 (of 32 available processors)

Solution count 10: 436.768 436.82 436.82 ... 536.644

Time limit reached
Best objective 4.367676544192e+02, best bound 4.318513935709e+02, gap 1.1256%

User-callback calls 282063, time in user-callback 0.01 sec
Cap boundary reject: PORT-593 real=561.299 baseline=436.768
Cap boundary debug: PORT-593 -> [514 511 510 509 508 507 506 444 443 442 441 440 439 437 438 433 434 445 446 447 448 449 450 451 452 453 454 461 485 487 488 502] -> PORT-584 -> [499 498 497 496 495 112 113 494 114 275 117 116 115 476 478 475 473 474 465 464 463 462 483 482 489 500] -> PORT-584 | load_left=41119 load_right=32624 cap=45000
Set parameter Username
Set parameter LicenseID to value 2738882
Academic license - for non-commercial use only - expires 2026-11-14
Set parameter TimeLimit to value 360
Set parameter Seed to value 849154756
Set parameter Threads to value 4
Set parameter OutputFlag to value 1
Set parameter LogToConsole to value 1
Set parameter LazyConstraints to value 1
Gurobi Optimizer version 13.0.0 build v13.0.0rc1 (linux64 - "Debian GNU/Linux 13 (trixie)")

CPU model: AMD Ryzen 9 5950X 16-Core Processor, instruction set [SSE2|AVX|AVX2]
Thread count: 16 physical cores, 32 logical processors, using up to 4 threads

Non-default parameters:
TimeLimit  360
Seed  849154756
Threads  4
LazyConstraints  1

Optimize a model with 15586 rows, 43200 columns and 86388 nonzeros (Min)
Model fingerprint: 0xf9406af4
Model has 14156 linear objective coefficients
Variable types: 28800 continuous, 14400 integer (14400 binary)
Coefficient statistics:
  Matrix range     [1e+00, 4e+04]
  Objective range  [6e-01, 1e+02]
  Bounds range     [1e+00, 4e+04]
  RHS range        [1e+00, 1e+04]
Presolve removed 1310 rows and 15176 columns
Presolve time: 0.13s
Presolved: 14276 rows, 28024 columns, 83903 nonzeros
Variable types: 13804 continuous, 14220 integer (14220 binary)

Root relaxation: objective 4.211775e+02, 31315 iterations, 2.46 seconds (7.65 work units)

    Nodes    |    Current Node    |     Objective Bounds      |     Work
 Expl Unexpl |  Obj  Depth IntInf | Incumbent    BestBd   Gap | It/Node Time

     0     0  421.17751    0  223          -  421.17751      -     -    3s
H    0     0                    1504.9048618  421.17751  72.0%     -    3s
H    0     0                     588.6005271  421.17751  28.4%     -    4s
H    0     0                     582.2124309  421.17751  27.7%     -    4s
H    0     0                     581.7807099  421.17751  27.6%     -    5s
H    0     0                     581.3666185  421.17751  27.6%     -    5s
H    0     0                     578.3969631  421.17751  27.2%     -    5s
H    0     0                     519.1627854  421.17751  18.9%     -    5s
H    0     0                     508.2513202  421.17751  17.1%     -    5s
H    0     0                     506.5765507  421.17751  16.9%     -    7s
     0     0  421.17751    0  223  506.57655  421.17751  16.9%     -    8s
     0     0  425.43039    0  234  506.57655  425.43039  16.0%     -    9s
H    0     0                     495.8710765  425.44927  14.2%     -    9s
H    0     0                     491.9814059  425.44927  13.5%     -    9s
H    0     0                     481.3339822  425.44927  11.6%     -   10s
     0     0  425.44927    0  234  481.33398  425.44927  11.6%     -   11s
     0     0  427.89160    0  245  481.33398  427.89160  11.1%     -   11s
     0     0  427.89160    0  221  481.33398  427.89160  11.1%     -   13s
H    0     0                     481.1243244  427.89160  11.1%     -   13s
H    0     0                     473.8400805  427.89160  9.70%     -   13s
     0     0  427.89160    0  229  473.84008  427.89160  9.70%     -   14s
     0     0  427.91092    0  235  473.84008  427.91092  9.69%     -   14s
     0     0  427.91332    0  240  473.84008  427.91332  9.69%     -   14s
     0     0  427.91415    0  241  473.84008  427.91415  9.69%     -   14s
     0     0  429.65247    0  237  473.84008  429.65247  9.33%     -   15s
     0     0  429.67315    0  238  473.84008  429.67315  9.32%     -   15s
     0     0  429.67348    0  238  473.84008  429.67348  9.32%     -   15s
     0     0  430.95901    0  234  473.84008  430.95901  9.05%     -   15s
     0     0  430.95901    0  216  473.84008  430.95901  9.05%     -   16s
H    0     0                     469.8728526  430.95901  8.28%     -   16s
     0     0  430.95901    0  238  469.87285  430.95901  8.28%     -   17s
H    0     0                     469.8728425  430.95901  8.28%     -   17s
     0     0  430.95901    0  248  469.87284  430.95901  8.28%     -   17s
     0     0  430.95901    0  236  469.87284  430.95901  8.28%     -   17s
     0     0  430.95901    0  240  469.87284  430.95901  8.28%     -   17s
     0     0  430.95901    0  242  469.87284  430.95901  8.28%     -   17s
     0     0  430.95901    0  245  469.87284  430.95901  8.28%     -   17s
     0     0  430.95901    0  246  469.87284  430.95901  8.28%     -   17s
     0     0  432.82571    0  246  469.87284  432.82571  7.88%     -   18s
     0     0  432.88849    0  247  469.87284  432.88849  7.87%     -   19s
     0     0  433.21660    0  246  469.87284  433.21660  7.80%     -   19s
     0     0  433.23398    0  247  469.87284  433.23398  7.80%     -   19s
     0     0  433.23398    0  247  469.87284  433.23398  7.80%     -   19s
     0     0  433.47301    0  252  469.87284  433.47301  7.75%     -   19s
     0     0  433.48719    0  256  469.87284  433.48719  7.74%     -   19s
     0     0  433.48719    0  253  469.87284  433.48719  7.74%     -   19s
     0     0  433.88131    0  251  469.87284  433.88131  7.66%     -   20s
     0     0  433.89373    0  252  469.87284  433.89373  7.66%     -   20s
     0     0  433.89373    0  253  469.87284  433.89373  7.66%     -   20s
     0     0  434.10520    0  241  469.87284  434.10520  7.61%     -   20s
     0     0  434.11902    0  236  469.87284  434.11902  7.61%     -   20s
     0     0  434.11902    0  237  469.87284  434.11902  7.61%     -   20s
     0     0  434.36632    0  238  469.87284  434.36632  7.56%     -   20s
     0     0  434.36935    0  244  469.87284  434.36935  7.56%     -   20s
     0     0  434.44014    0  246  469.87284  434.44014  7.54%     -   20s
H    0     0                     468.1893854  434.44014  7.21%     -   21s
     0     0  434.44104    0  249  468.18939  434.44104  7.21%     -   21s
     0     0  434.72931    0  259  468.18939  434.72931  7.15%     -   21s
     0     0  434.72931    0  216  468.18939  434.72931  7.15%     -   22s
     0     0  434.72931    0  244  468.18939  434.72931  7.15%     -   22s
     0     0  434.72931    0  219  468.18939  434.72931  7.15%     -   22s
     0     0  434.72931    0  233  468.18939  434.72931  7.15%     -   23s
     0     0  434.72931    0  224  468.18939  434.72931  7.15%     -   23s
     0     0  434.72931    0  225  468.18939  434.72931  7.15%     -   23s
     0     0  434.72931    0  242  468.18939  434.72931  7.15%     -   23s
     0     0  434.72931    0  238  468.18939  434.72931  7.15%     -   23s
     0     0  437.37021    0  250  468.18939  437.37021  6.58%     -   23s
     0     0  437.37345    0  247  468.18939  437.37345  6.58%     -   23s
     0     0  437.75774    0  253  468.18939  437.75774  6.50%     -   24s
     0     0  438.42844    0  255  468.18939  438.42844  6.36%     -   24s
     0     0  438.42844    0  258  468.18939  438.42844  6.36%     -   24s
     0     0  438.42844    0  261  468.18939  438.42844  6.36%     -   24s
     0     0  438.42844    0  260  468.18939  438.42844  6.36%     -   24s
     0     0  438.53487    0  265  468.18939  438.53487  6.33%     -   24s
     0     0  438.53549    0  260  468.18939  438.53549  6.33%     -   24s
     0     0  438.53736    0  261  468.18939  438.53736  6.33%     -   24s
     0     0  438.55065    0  262  468.18939  438.55065  6.33%     -   24s
     0     0  438.55612    0  262  468.18939  438.55612  6.33%     -   24s
     0     0  438.55818    0  263  468.18939  438.55818  6.33%     -   24s
     0     0  438.56105    0  261  468.18939  438.56105  6.33%     -   24s
     0     0  438.56475    0  264  468.18939  438.56475  6.33%     -   24s
     0     0  438.56607    0  264  468.18939  438.56607  6.33%     -   24s
     0     0  438.56607    0  264  468.18939  438.56607  6.33%     -   24s
     0     0  438.56607    0  261  468.18939  438.56607  6.33%     -   25s
     0     0  439.10596    0  215  468.18939  439.10596  6.21%     -   25s
     0     0  439.10596    0  248  468.18939  439.10596  6.21%     -   26s
     0     0  439.10596    0  244  468.18939  439.10596  6.21%     -   26s
     0     0  439.10596    0  252  468.18939  439.10596  6.21%     -   26s
     0     0  439.10596    0  252  468.18939  439.10596  6.21%     -   26s
     0     0  439.10596    0  263  468.18939  439.10596  6.21%     -   26s
     0     0  439.10596    0  266  468.18939  439.10596  6.21%     -   26s
     0     0  439.10596    0  266  468.18939  439.10596  6.21%     -   26s
     0     0  439.10596    0  265  468.18939  439.10596  6.21%     -   26s
     0     0  439.10596    0  264  468.18939  439.10596  6.21%     -   26s
     0     0  439.10596    0  265  468.18939  439.10596  6.21%     -   26s
     0     0  443.40329    0  243  468.18939  443.40329  5.29%     -   26s
     0     0  443.46778    0  234  468.18939  443.46778  5.28%     -   26s
     0     0  443.46778    0  235  468.18939  443.46778  5.28%     -   26s
     0     0  445.13772    0  249  468.18939  445.13772  4.92%     -   26s
     0     0  445.17137    0  248  468.18939  445.17137  4.92%     -   27s
     0     0  445.17363    0  248  468.18939  445.17363  4.92%     -   27s
     0     0  445.18434    0  250  468.18939  445.18434  4.91%     -   27s
     0     0  445.18434    0  224  468.18939  445.18434  4.91%     -   27s
     0     0  445.18434    0  236  468.18939  445.18434  4.91%     -   27s
     0     0  445.18434    0  248  468.18939  445.18434  4.91%     -   27s
     0     0  445.18434    0  245  468.18939  445.18434  4.91%     -   27s
     0     0  445.18552    0  252  468.18939  445.18552  4.91%     -   28s
     0     0  445.19665    0  251  468.18939  445.19665  4.91%     -   28s
     0     0  445.19818    0  254  468.18939  445.19818  4.91%     -   28s
     0     0  445.21719    0  251  468.18939  445.21719  4.91%     -   28s
     0     0  445.22273    0  249  468.18939  445.22273  4.91%     -   28s
     0     0  445.22273    0  254  468.18939  445.22273  4.91%     -   28s
     0     0  445.23175    0  257  468.18939  445.23175  4.90%     -   28s
     0     0  445.23175    0  259  468.18939  445.23175  4.90%     -   28s
     0     0  445.23175    0  259  468.18939  445.23175  4.90%     -   28s
     0     0  445.23175    0  259  468.18939  445.23175  4.90%     -   28s
     0     0  445.23175    0  256  468.18939  445.23175  4.90%     -   28s
     0     2  445.33072    0  255  468.18939  445.33072  4.88%     -   28s
   219   209  463.90729   42   28  468.18939  447.80583  4.35%   199   30s
  2227   709     cutoff   24       468.18939  455.68120  2.67%   154   35s

Cutting planes:
  Gomory: 7
  Cover: 3
  Implied bound: 81
  Clique: 3
  MIR: 29
  Flow cover: 38
  Inf proof: 14
  Zero half: 16
  RLT: 7
  Relax-and-lift: 64
  BQP: 1
  Lazy constraints: 1

Explored 3210 nodes (701225 simplex iterations) in 37.26 seconds (85.46 work units)
Thread count was 4 (of 32 available processors)

Solution count 10: 468.189 469.873 473.84 ... 519.163

Optimal solution found (tolerance 1.00e-04)
Best objective 4.681893853614e+02, best bound 4.681893853614e+02, gap 0.0000%

User-callback calls 15712, time in user-callback 0.01 sec
Cap boundary reject: PORT-584 real=606.231 baseline=468.189
Cap boundary debug: PORT-584 -> [499 498 497 496 495 112 113 494 114 275 117 116 115 476 478 475 473 474 465 464 463 462 483 482 489 500] -> PORT-584 -> [486 484 460 459 458 457 456 455 505 504 503] -> PORT-584 | load_left=32624 load_right=44734 cap=45000
Set parameter Username
Set parameter LicenseID to value 2738882
Academic license - for non-commercial use only - expires 2026-11-14
Set parameter TimeLimit to value 360
Set parameter Seed to value 612956593
Set parameter Threads to value 4
Set parameter OutputFlag to value 1
Set parameter LogToConsole to value 1
Set parameter LazyConstraints to value 1
Gurobi Optimizer version 13.0.0 build v13.0.0rc1 (linux64 - "Debian GNU/Linux 13 (trixie)")

CPU model: AMD Ryzen 9 5950X 16-Core Processor, instruction set [SSE2|AVX|AVX2]
Thread count: 16 physical cores, 32 logical processors, using up to 4 threads

Non-default parameters:
TimeLimit  360
Seed  612956593
Threads  4
LazyConstraints  1

Optimize a model with 6850 rows, 18252 columns and 36492 nonzeros (Min)
Model fingerprint: 0x88dfbdbd
Model has 5920 linear objective coefficients
Variable types: 12168 continuous, 6084 integer (6084 binary)
Coefficient statistics:
  Matrix range     [1e+00, 4e+04]
  Objective range  [4e-01, 1e+02]
  Bounds range     [1e+00, 4e+04]
  RHS range        [1e+00, 2e+04]
Presolve removed 848 rows and 6587 columns
Presolve time: 0.05s
Presolved: 6002 rows, 11665 columns, 34957 nonzeros
Variable types: 5698 continuous, 5967 integer (5967 binary)
Found heuristic solution: objective 2502.9426923

Root relaxation: objective 3.688067e+02, 9719 iterations, 0.39 seconds (1.17 work units)

    Nodes    |    Current Node    |     Objective Bounds      |     Work
 Expl Unexpl |  Obj  Depth IntInf | Incumbent    BestBd   Gap | It/Node Time

     0     0  368.80667    0  157 2502.94269  368.80667  85.3%     -    0s
H    0     0                    1442.9435998  368.80667  74.4%     -    2s
H    0     0                    1439.9018005  368.80667  74.4%     -    2s
H    0     0                    1427.2025218  368.80667  74.2%     -    2s
H    0     0                    1425.2029866  368.80667  74.1%     -    2s
     0     0  368.80667    0  157 1425.20299  368.80667  74.1%     -    2s
     0     0  378.33184    0  173 1425.20299  378.33184  73.5%     -    3s
H    0     0                     496.3010128  378.33184  23.8%     -    3s
H    0     0                     496.1325913  378.33184  23.7%     -    3s
H    0     0                     467.1530513  378.33184  19.0%     -    4s
     0     0  378.46831    0  167  467.15305  378.46831  19.0%     -    5s
     0     0  378.83344    0  172  467.15305  378.83344  18.9%     -    5s
     0     0  378.83519    0  172  467.15305  378.83519  18.9%     -    5s
     0     0  379.52781    0  175  467.15305  379.52781  18.8%     -    5s
     0     0  379.55429    0  178  467.15305  379.55429  18.8%     -    5s
     0     0  379.58427    0  175  467.15305  379.58427  18.7%     -    5s
     0     0  379.58496    0  175  467.15305  379.58496  18.7%     -    5s
     0     0  381.48434    0  176  467.15305  381.48434  18.3%     -    5s
     0     0  381.50619    0  178  467.15305  381.50619  18.3%     -    5s
     0     0  382.07573    0  197  467.15305  382.07573  18.2%     -    6s
     0     0  382.10435    0  198  467.15305  382.10435  18.2%     -    6s
     0     0  382.36911    0  195  467.15305  382.36911  18.1%     -    6s
     0     0  382.47458    0  196  467.15305  382.47458  18.1%     -    6s
     0     0  382.47458    0  196  467.15305  382.47458  18.1%     -    6s
     0     0  382.47495    0  196  467.15305  382.47495  18.1%     -    6s
     0     0  383.36712    0  199  467.15305  383.36712  17.9%     -    6s
     0     0  383.40308    0  199  467.15305  383.40308  17.9%     -    6s
     0     0  383.58888    0  187  467.15305  383.58888  17.9%     -    7s
     0     0  383.61672    0  193  467.15305  383.61672  17.9%     -    7s
     0     0  383.62320    0  191  467.15305  383.62320  17.9%     -    7s
     0     0  384.26132    0  196  467.15305  384.26132  17.7%     -    7s
     0     0  384.26630    0  203  467.15305  384.26630  17.7%     -    7s
     0     0  384.40224    0  200  467.15305  384.40224  17.7%     -    7s
     0     0  384.40712    0  199  467.15305  384.40712  17.7%     -    7s
     0     0  384.50583    0  199  467.15305  384.50583  17.7%     -    8s
     0     0  384.51745    0  200  467.15305  384.51745  17.7%     -    8s
     0     0  384.78776    0  197  467.15305  384.78776  17.6%     -    8s
     0     0  384.82222    0  195  467.15305  384.82222  17.6%     -    8s
     0     0  384.82379    0  197  467.15305  384.82379  17.6%     -    8s
     0     0  384.82434    0  199  467.15305  384.82434  17.6%     -    8s
     0     0  384.83767    0  199  467.15305  384.83767  17.6%     -    8s
     0     0  384.83767    0  199  467.15305  384.83767  17.6%     -    8s
     0     0  384.83767    0  192  467.15305  384.83767  17.6%     -    8s
     0     2  386.28877    0  192  467.15305  386.28877  17.3%     -    9s
    41    50  387.76496   15  164  467.15305  386.28877  17.3%   281   10s
H  464   479                     449.9885025  386.28877  14.2%   126   12s
H  465   479                     449.8525555  386.28877  14.1%   126   12s
  2535  2497  412.81547  319  192  449.85256  386.28877  14.1%  49.2   15s
H 2537  2373                     448.2246490  386.28877  13.8%  49.2   17s
H 2537  2254                     440.1867010  386.28877  12.2%  49.2   17s
H 2537  2141                     438.7832924  386.28877  12.0%  49.2   17s
H 2537  2034                     438.2187551  386.28877  11.9%  49.2   18s
H 2537  1932                     432.0101421  386.28877  10.6%  49.2   18s
H 2537  1835                     432.0101421  386.28877  10.6%  49.2   18s
  2550  1844  424.12474  533  214  432.01014  386.28877  10.6%  48.9   20s
  2562  1852  399.06709   94  211  432.01014  386.28877  10.6%  48.7   25s
  2571  1858  396.54852   46  210  432.01014  386.28877  10.6%  48.5   30s
H 2571  1765                     430.2858442  386.28877  10.2%  48.5   30s
H 2575  1680                     430.2858400  386.28877  10.2%  54.4   33s
  2587  1688  428.25259  119  220  430.28584  386.28877  10.2%  54.1   35s
  2596  1694  413.43466  292  234  430.28584  386.47803  10.2%  53.9   40s
  2706  1771  399.75294   35  161  430.28584  387.92185  9.85%  70.5   45s
H 2722  1687                     427.9402584  387.92185  9.35%  71.6   45s
H 3237  1605                     426.9191462  387.92185  9.13%  87.2   49s
H 3238  1516                     423.7954315  387.92185  8.46%  87.2   49s
  3302  1523  388.41576   24  189  423.79543  387.92185  8.46%  87.5   50s
  4279  1797  401.81898  134  139  423.79543  390.23829  7.92%  97.0   55s
  5726  2193  397.04949   30  153  423.79543  392.24189  7.45%  98.8   60s
  6941  2577  397.88639   36  157  423.79543  393.23603  7.21%   104   65s
  8101  3348  416.98840   81   96  423.79543  394.35847  6.95%   108   70s
  9010  3817  420.31288   35  118  423.79543  394.69249  6.87%   111   75s
 10190  4570  413.69461   38  140  423.79543  395.20764  6.75%   113   80s
 11418  5376  419.58551   54  159  423.79543  395.59886  6.65%   116   85s
 12840  6081  407.33087   50  144  423.79543  396.17973  6.52%   119   90s
 14097  6649  411.30090   51   86  423.79543  396.62196  6.41%   124   95s
 15250  7338  410.22780   43  112  423.79543  396.96693  6.33%   126  100s
 15989  7570  417.52440   56  127  423.79543  397.17416  6.28%   129  105s
 16947  8226  414.74497   46  154  423.79543  397.63756  6.17%   132  110s
 18328  9044  417.88155   31   91  423.79543  398.00736  6.09%   135  115s
 19822  9747  407.26657   33  160  423.79543  398.34995  6.00%   136  120s
 20825 10306  412.82365   32  170  423.79543  398.58621  5.95%   139  125s
 22209 10999     cutoff   33       423.79543  398.83913  5.89%   140  130s
 23688 11744  409.09893   33  170  423.79543  399.06161  5.84%   141  135s
 25230 12484 infeasible   32       423.79543  399.39256  5.76%   141  140s
 26600 13075  415.34523   40  111  423.79543  399.64438  5.70%   143  145s
 27813 13686  417.74135   72   91  423.79543  399.83498  5.65%   144  150s
 29274 14367  419.34115   47  178  423.79543  400.11744  5.59%   144  155s
 31141 15088  402.39575   33  145  423.79543  400.37806  5.53%   145  161s
 32380 15568  404.87306   36  148  423.79543  400.57187  5.48%   146  166s
 33427 16050  418.76080   40  138  423.79543  400.72426  5.44%   147  171s
 34758 16521  409.77403   31  149  423.79543  400.90023  5.40%   148  176s
 35910 16966  413.36716   32  132  423.79543  401.04495  5.37%   148  180s
 37015 17368  415.66944   38  169  423.79543  401.25830  5.32%   150  185s
 38227 17860  413.19342   34  194  423.79543  401.44549  5.27%   150  190s
 39307 18242  408.70077   32  165  423.79543  401.59353  5.24%   151  195s
 40400 18727  414.88609   41  160  423.79543  401.77224  5.20%   152  200s
 41561 19119     cutoff   41       423.79543  401.93331  5.16%   153  205s
 42652 19444  408.44867   41  164  423.79543  402.08287  5.12%   155  210s
 43539 19867  419.31021   43  145  423.79543  402.18861  5.10%   155  215s
 44692 20177  416.26810   35  145  423.79543  402.34837  5.06%   156  220s
 45886 20547  407.09123   43  142  423.79543  402.46827  5.03%   157  225s
 46866 20925  410.30656   28  157  423.79543  402.65596  4.99%   158  230s
 48020 21236     cutoff   48       423.79543  402.77883  4.96%   158  235s
 49040 21516  413.43623   52  141  423.79543  402.91902  4.93%   160  240s
 50064 21697  413.13982   35  154  423.79543  403.13202  4.88%   161  245s
 50957 21858  415.63478   46  157  423.79543  403.31294  4.83%   162  250s
 52300 22152  416.52716   37  156  423.79543  403.49024  4.79%   164  256s
 53194 22303  421.58538   41  145  423.79543  403.65095  4.75%   165  261s
 53772 22442  422.53315   37  138  423.79543  403.75411  4.73%   166  265s
 54700 22591  420.44386   36  128  423.79543  403.93845  4.69%   167  270s
 55709 22763  422.58194   42   47  423.79543  404.09639  4.65%   169  275s
 56613 22937  414.23451   32  195  423.79543  404.29091  4.60%   170  280s
 57541 23069  419.38371   32  166  423.79543  404.46717  4.56%   171  285s
 58487 23169  417.26471   38  168  423.79543  404.64272  4.52%   172  291s
 59421 23268  417.36286   29  182  423.79543  404.82539  4.48%   174  295s
 60177 23331 infeasible   45       423.79543  405.02498  4.43%   175  301s
 60901 23386     cutoff  104       423.79543  405.13747  4.40%   176  305s
 61794 23444  416.03846   41  112  423.79543  405.34790  4.35%   177  310s
 62714 23495     cutoff   40       423.79543  405.54343  4.31%   179  315s
 63748 23599  416.34633   34  181  423.79543  405.72896  4.26%   180  321s
 64360 23648  419.10273   32  157  423.79543  405.85444  4.23%   181  325s
 65427 23707     cutoff   45       423.79543  406.05169  4.19%   182  330s
 66382 23763  419.30300   86  131  423.79543  406.22072  4.15%   183  335s
 67280 23765     cutoff   33       423.79543  406.42130  4.10%   185  341s
 67826 23790     cutoff   54       423.79543  406.53075  4.07%   186  345s
 68647 23763     cutoff   37       423.79543  406.73772  4.02%   187  351s
 69455 23770  419.86907   48  140  423.79543  406.89607  3.99%   189  355s
 70133 23746     cutoff   41       423.79543  407.06912  3.95%   190  360s

Cutting planes:
  Gomory: 4
  Cover: 20
  Implied bound: 133
  Projected implied bound: 8
  MIR: 235
  Mixing: 2
  Flow cover: 201
  Inf proof: 30
  Zero half: 6
  RLT: 8
  Relax-and-lift: 22
  BQP: 10
  Lazy constraints: 2

Explored 70449 nodes (13413951 simplex iterations) in 360.00 seconds (1532.71 work units)
Thread count was 4 (of 32 available processors)

Solution count 10: 423.795 426.919 427.94 ... 448.225

Time limit reached
Best objective 4.237954315073e+02, best bound 4.071226613956e+02, gap 3.9342%

User-callback calls 181926, time in user-callback 0.01 sec
Cap boundary reject: PORT-584 real=423.795 baseline=423.795
Set parameter Username
Set parameter LicenseID to value 2738882
Academic license - for non-commercial use only - expires 2026-11-14
Segment 1 eval: start=BOAT-0 end=PORT-581 stations=87 (optimize)
  Segment 1 order: 1 3 4 -25 -5 -6 10 11 143 15 16 17 -18 -13 14 12 -24 -23 -22 -21 19 20 -41 42 43 44 45 46 -396 -47 -40 39 48 49 50 -38 -37 51 -52 59 -57 56 55 -54 -53 66 67 69 -36 -35 -34 -33 -32 -31 -30 -29 -28 -27 -26 93 -92 94 -96 -95 90 91 -89 88 -87 86 -85 -84 -83 -82 -81 -80 79 -78 -77 -70 -76 75 72 73 -74 -71 -68
Segment 2 eval: start=PORT-581 end=PORT-591 stations=58 (optimize)
  Segment 2 order: 65 -63 64 -58 60 61 62 391 392 393 394 395 397 398 399 -400 -401 389 390 388 -387 -386 -385 -402 403 405 406 -407 -404 409 408 -410 411 412 -413 -415 416 -417 425 381 426 -368 -367 -366 -365 364 362 -361 -360 -359 -358 -357 -356 -355 354 -353 348 -363
Segment 3 eval: start=PORT-591 end=PORT-591 stations=111 (optimize)
  Segment 3 order: -346 276 277 278 279 280 281 -556 282 283 -284 555 558 559 -560 561 -562 -554 553 550 551 552 285 286 287 288 289 290 291 292 293 294 -295 296 297 306 -305 -298 299 300 301 302 304 -303 307 308 309 -310 311 312 -313 314 315 316 317 318 319 320 340 341 342 343 344 345 334 335 336 337 338 339 321 322 323 324 325 -327 328 330 -331 -329 -326 349 350 351 352 -373 372 -374 375 376 377 379 380 414 382 384 -383 419 420 421 -423 -422 424 -418 -378 -371 -370 369 332 -333 347
Segment 4 eval: start=PORT-591 end=PORT-593 stations=43 (optimize)
  Segment 4 order: 557 563 564 565 566 567 568 -542 543 540 541 549 548 -547 -546 -545 -544 -539 -538 -537 536 -535 -534 -572 569 570 571 573 574 576 533 -532 -531 -530 -529 -528 -527 577 575 578 -525 526 -524
Segment 5 eval: start=PORT-593 end=PORT-593 stations=21 (optimize)
  Segment 5 order: -513 -512 -436 -435 -432 -431 -430 -429 -428 427 517 518 519 520 521 -580 -579 -523 -522 -516 -515
Segment 6 eval: start=PORT-593 end=PORT-584 stations=32 (optimize)
  Segment 6 order: -514 -511 -510 -509 -508 -507 506 -444 -443 -442 -441 440 -439 437 438 -433 -434 445 446 447 448 449 450 451 452 453 -454 461 485 487 488 -502
Segment 7 eval: start=PORT-584 end=PORT-584 stations=26 (optimize)
  Segment 7 order: -499 -498 -497 -496 -495 112 113 -494 114 -275 117 -116 115 476 478 475 473 -474 -465 -464 -463 462 -483 -482 -489 -500
Segment 8 eval: start=PORT-584 end=PORT-584 stations=11 (optimize)
  Segment 8 order: 503 504 -505 455 456 457 458 459 460 -484 -486
Segment 9 eval: start=PORT-584 end=PORT-588 stations=23 (optimize)
  Segment 9 order: -501 490 491 492 -493 477 -480 -481 479 466 467 468 469 470 -471 472 -122 -121 120 -119 -118 -111 -274
Segment 10 eval: start=PORT-588 end=PORT-588 stations=40 (optimize)
  Segment 10 order: -105 104 -103 -102 -101 108 271 272 -273 253 252 254 255 -257 256 -130 -129 -128 -258 259 260 261 262 263 -127 126 -125 -124 -123 -266 -267 -265 -264 268 269 270 -110 -109 -107 -106
Segment 11 eval: start=PORT-588 end=PORT-583 stations=49 (optimize)
  Segment 11 order: -98 97 -242 241 -238 237 -215 -214 -213 -212 -211 -210 -209 -208 -207 -206 -205 131 -204 -203 -202 199 -201 200 -198 -197 -196 -195 -194 -193 -192 -218 -217 -216 -220 222 -225 224 226 178 227 -231 235 -234 -233 -232 -230 -134 -133
Segment 12 eval: start=PORT-583 end=PORT-583 stations=53 (optimize)
  Segment 12 order: -132 -229 -228 155 156 157 158 -159 160 161 162 163 164 165 166 167 168 169 170 171 172 173 174 175 176 177 182 183 184 185 186 187 188 189 190 191 219 223 -221 236 239 240 243 244 250 -251 249 -248 -245 247 -246 -100 -99
Segment 13 eval: start=PORT-583 end=BOAT-END stations=26 (optimize)
  Segment 13 order: -181 -135 136 -137 -2 7 8 9 142 144 145 146 147 148 149 150 139 140 141 138 151 152 153 154 179 180
PROGRESS pass=6 changed=0 total=4853.620 best=4853.620 nseg=13 stall=1 mut=0/4
Capacity boundary sweep completed with changes.
Best pass 5 total distance: 4853.620
Updated segment plan:
Segment plan:
  Segment 1 -> START
    stations: 1 3 4 5 6 10 11 12 14 13 18 17 16 15 143 31 32 36 35 34 33 30 29 27 26 28 80 79 78 77 70 76 75 71 72 73 74 68 69 67 66 55 56 54 53 51 52 49 50 37 38 48 39 40 47 396 44 45 46 43 42 41 20 19 21 22 23 24 25 93 92 94 96 95 90 91 89 88 81 82 83 87 84 85 86 59 57
    end: PORT-581("Siglufjörður")
  Segment 2 -> PORT-581
    stations: 60 58 64 65 63 61 62 386 403 385 402 387 388 389 390 391 392 393 394 395 397 398 399 400 401 407 406 405 404 408 409 410 411 412 413 415 416 417 425 381 426 368 367 365 366 364 363 348 362 361 360 359 358 357 356 355 354 353
    end: PORT-591("Seyðisfjörður")
  Segment 3 -> PORT-591
    stations: 352 351 350 349 326 332 331 329 330 328 327 325 324 323 321 339 338 337 336 335 334 333 347 369 370 371 372 373 374 375 376 377 379 378 380 414 382 384 383 419 420 421 423 422 424 418 301 302 303 304 305 299 300 298 306 297 296 295 294 293 292 291 290 289 310 309 311 308 307 322 341 281 280 279 278 277 276 346 345 344 343 342 340 320 319 318 317 316 315 314 313 312 288 287 286 285 552 551 550 553 554 562 561 560 559 558 555 284 283 282 556
    end: PORT-591("Seyðisfjörður")
  Segment 4 -> PORT-591
    stations: 557 567 568 565 564 563 566 548 546 547 549 545 541 544 539 540 543 542 538 537 536 529 528 527 530 531 532 533 535 534 572 569 570 571 573 574 576 577 575 526 525 524 578
    end: PORT-593("Vestmannaeyjar")
  Segment 5 -> PORT-593
    stations: 513 512 436 435 432 431 430 429 428 427 517 518 519 520 521 580 579 523 522 516 515
    end: PORT-593("Vestmannaeyjar")
  Segment 6 -> PORT-593
    stations: 514 511 510 509 508 507 506 444 443 442 441 440 439 437 438 433 434 445 446 447 448 449 450 451 452 453 454 461 485 487 488 502
    end: PORT-584("Hafnarfjörður")
  Segment 7 -> PORT-584
    stations: 499 498 497 496 495 112 113 494 114 275 117 116 115 476 478 475 473 474 465 464 463 462 483 482 489 500
    end: PORT-584("Hafnarfjörður")
  Segment 8 -> PORT-584
    stations: 486 484 460 459 458 457 456 455 505 504 503
    end: PORT-584("Hafnarfjörður")
  Segment 9 -> PORT-584
    stations: 501 490 491 492 493 477 480 481 479 466 467 468 469 470 471 472 122 121 120 119 118 111 274
    end: PORT-588("Ólafsvík")
  Segment 10 -> PORT-588
    stations: 106 107 109 110 270 269 268 264 265 267 266 123 124 125 126 127 263 262 261 260 259 258 128 129 130 256 257 255 254 252 253 273 272 271 108 101 102 103 104 105
    end: PORT-588("Ólafsvík")
  Segment 11 -> PORT-588
    stations: 133 134 230 232 234 235 231 227 178 226 224 225 222 220 216 217 218 192 193 194 195 196 197 198 200 201 199 202 203 204 131 205 206 207 208 209 210 211 212 213 214 215 237 238 241 242 98 97 233
    end: PORT-583("Ísafjörður")
  Segment 12 -> PORT-583
    stations: 99 100 246 247 245 248 249 251 250 244 243 240 239 236 221 223 219 191 190 189 188 187 186 185 184 183 182 177 176 175 174 173 172 171 170 169 168 167 166 165 164 163 162 161 160 159 158 157 156 155 228 229 132
    end: PORT-583("Ísafjörður")
  Segment 13 -> PORT-583
    stations: 180 179 154 153 152 151 138 141 140 139 150 149 148 147 146 145 144 142 9 8 7 2 137 136 135 181
    end: BOAT-END
Segment 1: "Árni Friðriksson" -> "Siglufjörður" | stations=87 distance=813.785 amount=43418
Segment 2: "Siglufjörður" -> "Seyðisfjörður" | stations=58 distance=451.872 amount=43833
Segment 3: "Seyðisfjörður" -> "Seyðisfjörður" | stations=111 distance=826.787 amount=43366
Segment 4: "Seyðisfjörður" -> "Vestmannaeyjar" | stations=43 distance=424.370 amount=42365
Segment 5: "Vestmannaeyjar" -> "Vestmannaeyjar" | stations=21 distance=192.443 amount=44850
Segment 6: "Vestmannaeyjar" -> "Hafnarfjörður" | stations=32 distance=244.325 amount=41119
Segment 7: "Hafnarfjörður" -> "Hafnarfjörður" | stations=26 distance=223.865 amount=32624
Segment 8: "Hafnarfjörður" -> "Hafnarfjörður" | stations=11 distance=199.931 amount=44734
Segment 9: "Hafnarfjörður" -> "Ólafsvík" | stations=23 distance=224.477 amount=44485
Segment 10: "Ólafsvík" -> "Ólafsvík" | stations=40 distance=293.998 amount=43280
Segment 11: "Ólafsvík" -> "Ísafjörður" | stations=49 distance=318.838 amount=44569
Segment 12: "Ísafjörður" -> "Ísafjörður" | stations=53 distance=290.688 amount=26542
Segment 13: "Ísafjörður" -> "Árni Friðriksson"-END | stations=26 distance=348.241 amount=32880
Segmented total distance: 4853.620
SelectedSize=622  Size=595
