PLOT_TRACE_V1
Size 595
SelectedSize 622
Type 1 2 2 2 2 2 2 2 2 2 2 2 2 2 2 2 2 2 2 2 2 2 2 2 2 2 2 2 2 2 2 2 2 2 2 2 2 2 2 2 2 2 2 2 2 2 2 2 2 2 2 2 2 2 2 2 2 2 2 2 2 2 2 2 2 2 2 2 2 2 2 2 2 2 2 2 2 2 2 2 2 2 2 2 2 2 2 2 2 2 2 2 2 2 2 2 2 2 2 2 2 2 2 2 2 2 2 2 2 2 2 2 2 2 2 2 2 2 2 2 2 2 2 2 2 2 2 2 2 2 2 2 2 2 2 2 2 2 2 2 2 2 2 2 2 2 2 2 2 2 2 2 2 2 2 2 2 2 2 2 2 2 2 2 2 2 2 2 2 2 2 2 2 2 2 2 2 2 2 2 2 2 2 2 2 2 2 2 2 2 2 2 2 2 2 2 2 2 2 2 2 2 2 2 2 2 2 2 2 2 2 2 2 2 2 2 2 2 2 2 2 2 2 2 2 2 2 2 2 2 2 2 2 2 2 2 2 2 2 2 2 2 2 2 2 2 2 2 2 2 2 2 2 2 2 2 2 2 2 2 2 2 2 2 2 2 2 2 2 2 2 2 2 2 2 2 2 2 2 2 2 2 2 2 2 2 2 2 2 2 2 2 2 2 2 2 2 2 2 2 2 2 2 2 2 2 2 2 2 2 2 2 2 2 2 2 2 2 2 2 2 2 2 2 2 2 2 2 2 2 2 2 2 2 2 2 2 2 2 2 2 2 2 2 2 2 2 2 2 2 2 2 2 2 2 2 2 2 2 2 2 2 2 2 2 2 2 2 2 2 2 2 2 2 2 2 2 2 2 2 2 2 2 2 2 2 2 2 2 2 2 2 2 2 2 2 2 2 2 2 2 2 2 2 2 2 2 2 2 2 2 2 2 2 2 2 2 2 2 2 2 2 2 2 2 2 2 2 2 2 2 2 2 2 2 2 2 2 2 2 2 2 2 2 2 2 2 2 2 2 2 2 2 2 2 2 2 2 2 2 2 2 2 2 2 2 2 2 2 2 2 2 2 2 2 2 2 2 2 2 2 2 2 2 2 2 2 2 2 2 2 2 2 2 2 2 2 2 2 2 2 2 2 2 2 2 2 2 2 2 2 2 2 2 2 2 2 2 2 2 2 2 2 2 2 2 2 2 2 2 2 2 2 2 2 2 2 2 2 2 2 2 2 2 2 2 2 2 2 2 2 2 2 2 2 2 2 2 2 2 2 2 2 2 2 2 2 2 2 2 2 2 2 2 2 2 2 2 2 2 2 5 5 5 5 5 5 5 5 5 5 5 5 5 5 3 3 3 3 3 3 3 3 3 3 3 3 3 3 3 3 3 3 3 3 3 3 3 3 3 3 3
Amount 0 1643 47 2352 1523 1005 616 2251 1281 2356 1876 380 263 109 528 230 305 136 254 149 64 67 52 96 76 502 1409 250 960 1493 524 386 269 376 117 99 132 266 161 356 165 1396 1251 184 241 977 86 2481 204 826 262 345 347 617 579 657 47 320 220 66 583 217 754 398 165 664 35 1397 432 1369 1786 50 336 71 125 75 135 387 647 459 189 221 134 92 57 38 13 287 413 486 164 368 84 532 198 548 677 1699 319 86 191 1612 1322 336 709 1342 693 265 711 1200 624 1956 86 1247 540 2400 648 341 451 440 829 1540 2519 4963 2554 444 3559 583 957 1662 2163 8647 130 42 27 15 632 453 1851 1089 398 1338 220 1414 152 491 55 577 520 507 646 1555 353 2475 9482 181 226 286 523 492 178 41 128 104 188 1022 381 68 93 60 49 52 57 249 198 203 1526 296 1929 1139 1102 1895 325 227 201 2195 373 150 707 301 296 855 1680 3341 268 899 92 251 1177 450 218 240 457 4430 1744 984 318 405 1915 709 1073 342 399 310 763 1098 479 200 403 224 176 648 419 242 186 864 203 342 639 1440 906 491 856 402 700 413 785 124 930 614 367 102 147 157 382 1471 390 1409 1302 1923 567 1344 330 450 1756 967 313 273 231 325 572 276 689 4258 1939 1366 636 348 322 190 188 138 1470 544 287 1146 807 701 366 499 453 714 189 572 1704 977 200 1967 45 122 97 286 306 55 113 770 170 216 152 54 50 39 68 198 241 91 51 18 78 133 216 427 63 73 343 229 139 70 202 204 52 228 389 248 77 51 25 66 17 115 123 140 99 54 1658 268 22 55 151 212 252 94 276 102 72 234 492 756 52 20 38 499 2044 133 117 553 1477 292 383 757 618 1085 87 139 1419 108 112 67 864 74 192 291 67 46 157 986 259 775 331 177 44 271 243 1696 308 4420 12572 922 408 678 113 105 555 310 560 327 124 245 1926 63 191 1203 1155 1566 59 207 306 774 32 292 70 773 187 640 247 510 115 770 192 896 226 780 80 78 257 44 200 1905 2726 305 1329 1350 549 407 2014 769 855 355 840 365 395 487 1050 781 436 1020 2733 1408 2542 648 2027 724 1492 378 1186 2450 825 1513 7996 11568 16859 772 713 2659 380 560 2167 14375 9565 1214 3138 369 278 1235 1614 1336 911 902 1311 704 469 174 1205 1106 1327 331 519 1106 647 1132 416 610 748 403 256 1292 1186 756 930 1966 5668 931 1326 407 759 511 1118 496 429 441 503 695 478 742 11967 3117 1605 843 717 6833 4919 1553 1467 1405 410 624 1703 146 1625 1224 507 1741 721 309 467 1816 460 515 232 266 176 636 394 339 1252 831 418 590 1679 700 513 615 1273 2726 761 420 766 1295 868 661 929 1537 498 460 210 320 109 33 421 664 346 589 660 325 347 1885 609 2338 11973 10461 922 0 0 0 0 0 0 0 0 0 0 0 0 0 0 0 0 0 0 0 0 0 0 0 0 0 0 0 0 0 0 0 0 0 0 0 0 0 0 0 0 0
Name
"Árni Friðriksson"
"671 5"
"621 3"
"671 11"
"671 1"
"671 3"
"671 4"
"671 13"
"671 14"
"671 12"
"671 2"
"670 11"
"670 4"
"720 14"
"720 3"
"720 2"
"720 1"
"720 11"
"720 13"
"719 1"
"719 11"
"719 2"
"720 12"
"670 5"
"670 3"
"671 15"
"670 12"
"670 1"
"670 14"
"670 2"
"669 13"
"669 3"
"669 2"
"669 1"
"669 12"
"669 4"
"669 11"
"668 11"
"668 5"
"668 4"
"668 13"
"668 15"
"718 2"
"718 1"
"718 11"
"718 12"
"668 2"
"668 1"
"668 12"
"668 3"
"668 14"
"618 3"
"618 12"
"618 11"
"618 2"
"568 1"
"618 13"
"617 11"
"617 1"
"617 36"
"617 13"
"616 11"
"616 1"
"617 3"
"617 12"
"617 2"
"618 14"
"619 4"
"619 12"
"619 14"
"619 2"
"619 11"
"619 13"
"569 11"
"569 35"
"619 15"
"619 3"
"619 1"
"620 11"
"620 12"
"620 1"
"570 11"
"570 2"
"570 1"
"571 11"
"521 36"
"521 35"
"571 35"
"571 1"
"621 13"
"621 12"
"621 11"
"620 2"
"670 15"
"621 1"
"621 4"
"621 2"
"624 5"
"573 11"
"574 36"
"574 15"
"523 35"
"523 36"
"523 37"
"523 31"
"523 1"
"523 12"
"473 2"
"523 38"
"524 2"
"474 2"
"474 12"
"472 11"
"473 1"
"473 11"
"474 1"
"474 13"
"474 11"
"475 13"
"475 2"
"475 11"
"475 1"
"475 12"
"476 1"
"476 12"
"477 11"
"527 11"
"526 12"
"527 1"
"576 13"
"576 2"
"576 12"
"623 12"
"622 11"
"622 1"
"672 35"
"672 14"
"672 15"
"672 6"
"672 3"
"672 2"
"672 1"
"721 1"
"721 11"
"721 12"
"722 4"
"722 14"
"722 5"
"722 13"
"722 12"
"672 5"
"672 12"
"672 11"
"672 16"
"673 13"
"673 5"
"673 4"
"673 7"
"672 4"
"722 1"
"722 3"
"722 16"
"722 2"
"723 12"
"723 1"
"723 13"
"723 2"
"723 3"
"723 4"
"723 11"
"673 1"
"673 17"
"673 2"
"673 3"
"673 12"
"673 11"
"673 14"
"673 6"
"673 31"
"673 35"
"623 5"
"623 14"
"674 4"
"674 3"
"674 15"
"674 1"
"674 5"
"674 2"
"674 11"
"675 1"
"675 2"
"625 3"
"625 7"
"625 14"
"625 13"
"625 11"
"626 2"
"626 12"
"626 11"
"576 5"
"626 1"
"576 4"
"576 15"
"576 11"
"576 14"
"576 3"
"575 1"
"575 2"
"575 11"
"575 12"
"575 6"
"625 2"
"625 5"
"625 15"
"625 17"
"625 12"
"625 16"
"625 1"
"625 4"
"625 6"
"624 15"
"624 12"
"624 2"
"624 1"
"674 13"
"674 14"
"674 16"
"673 16"
"673 15"
"623 2"
"623 13"
"623 3"
"623 4"
"623 1"
"624 4"
"624 3"
"624 16"
"624 6"
"624 17"
"624 13"
"624 14"
"624 11"
"574 4"
"574 3"
"575 7"
"574 2"
"574 14"
"574 13"
"574 5"
"575 5"
"575 4"
"575 3"
"525 14"
"525 12"
"575 13"
"575 16"
"576 16"
"576 6"
"526 1"
"526 3"
"525 11"
"525 13"
"526 13"
"526 11"
"526 2"
"476 2"
"476 11"
"476 3"
"525 1"
"525 3"
"475 3"
"524 1"
"524 11"
"524 12"
"474 31"
"474 4"
"512 7"
"512 11"
"512 13"
"513 2"
"512 3"
"462 18"
"462 13"
"462 8"
"462 2"
"412 6"
"412 16"
"462 1"
"461 11"
"411 12"
"411 11"
"411 13"
"411 1"
"411 14"
"361 1"
"361 2"
"361 12"
"362 11"
"312 1"
"311 11"
"311 12"
"310 11"
"310 1"
"311 1"
"311 31"
"311 2"
"361 11"
"360 1"
"410 11"
"411 4"
"411 2"
"411 3"
"460 1"
"461 12"
"461 2"
"461 1"
"461 15"
"511 13"
"511 12"
"511 2"
"511 11"
"511 1"
"561 1"
"561 2"
"561 11"
"561 12"
"562 12"
"562 1"
"562 16"
"562 13"
"562 2"
"562 3"
"562 15"
"563 11"
"562 4"
"562 5"
"562 11"
"562 6"
"512 16"
"512 1"
"512 15"
"512 14"
"512 2"
"512 12"
"512 6"
"512 5"
"513 11"
"563 2"
"563 12"
"612 13"
"611 1"
"611 11"
"612 1"
"612 11"
"612 2"
"612 3"
"612 4"
"613 3"
"613 12"
"613 2"
"613 1"
"613 11"
"563 1"
"563 13"
"564 1"
"614 12"
"614 4"
"614 11"
"614 13"
"613 13"
"613 14"
"663 2"
"663 3"
"663 4"
"663 1"
"662 1"
"663 13"
"663 12"
"663 14"
"663 11"
"664 4"
"664 3"
"665 13"
"665 4"
"665 3"
"666 12"
"666 15"
"666 3"
"666 14"
"666 11"
"666 1"
"666 13"
"667 1"
"667 13"
"667 14"
"667 12"
"667 11"
"667 35"
"717 1"
"716 11"
"666 5"
"666 2"
"666 4"
"665 5"
"665 15"
"715 11"
"715 1"
"715 35"
"715 2"
"665 2"
"714 11"
"714 1"
"664 13"
"664 11"
"665 1"
"664 12"
"664 1"
"664 2"
"665 11"
"665 12"
"665 14"
"615 1"
"615 12"
"615 2"
"615 11"
"614 2"
"614 1"
"319 12"
"319 35"
"319 36"
"320 13"
"320 3"
"320 4"
"321 2"
"321 1"
"320 11"
"320 12"
"321 3"
"321 11"
"321 4"
"321 31"
"371 12"
"371 11"
"322 1"
"322 2"
"321 13"
"322 3"
"322 11"
"322 12"
"322 13"
"323 2"
"323 1"
"323 13"
"323 11"
"323 12"
"324 3"
"324 13"
"324 2"
"324 12"
"324 11"
"324 1"
"373 13"
"374 11"
"374 1"
"374 13"
"375 1"
"425 12"
"375 11"
"376 1"
"426 1"
"426 2"
"426 12"
"426 11"
"425 2"
"425 11"
"425 1"
"424 2"
"424 13"
"424 1"
"424 11"
"424 3"
"424 12"
"374 3"
"374 2"
"374 12"
"373 11"
"373 12"
"373 1"
"373 3"
"423 11"
"423 1"
"423 2"
"423 12"
"423 13"
"423 3"
"422 11"
"422 1"
"422 35"
"421 35"
"422 32"
"422 31"
"422 36"
"422 12"
"372 2"
"372 31"
"372 11"
"372 1"
"371 32"
"371 31"
"371 2"
"371 1"
"370 31"
"320 1"
"370 11"
"370 1"
"319 32"
"319 31"
"319 1"
"319 11"
"318 11"
"318 2"
"317 11"
"317 1"
"317 12"
"367 11"
"367 12"
"366 11"
"366 12"
"316 11"
"316 1"
"315 1"
"365 2"
"365 1"
"365 11"
"364 11"
"364 2"
"364 1"
"364 12"
"363 11"
"413 17"
"413 11"
"413 3"
"413 4"
"413 18"
"413 2"
"413 1"
"412 1"
"412 3"
"412 13"
"413 16"
"412 11"
"412 5"
"412 12"
"412 4"
"412 2"
"462 3"
"462 7"
"462 6"
"462 4"
"462 5"
"462 17"
"463 1"
"413 12"
"413 6"
"413 13"
"413 5"
"413 7"
"413 14"
"413 15"
"414 1"
"414 3"
"414 31"
"414 11"
"415 1"
"415 31"
"366 2"
"365 35"
"366 1"
"367 35"
"367 1"
"367 31"
"Siglufjörður"
"Akureyri"
"Ísafjörður"
"Hafnarfjörður"
"Ísafjörður"
"Ísafjörður"
"Ísafjörður"
"Ólafsvík"
"Hafnarfjörður"
"Hafnarfjörður"
"Seyðisfjörður"
"Seyðisfjörður"
"Vestmannaeyjar"
"Vestmannaeyjar"
Wayp
Wayp
Wayp
Wayp
Wayp
Wayp
Wayp
Wayp
Wayp
Wayp
Wayp
Wayp
Wayp
Wayp
Wayp
Wayp
Wayp
Wayp
Wayp
Wayp
Wayp
Wayp
Wayp
Wayp
Wayp
Wayp
Wayp
LatLonRad
1.1178193904964617 0.3863984430990246 1.1178193904964617 0.3863984430990246
1.1624329150595234 0.38237545917317772 1.162726712150276 0.37949857478947369
1.1606526792224892 0.37720055794101442 1.1606992213358753 0.38009198673515171
1.1621740245538108 0.37599337187505177 1.1631601355811876 0.37445457325121012
1.1635382902524531 0.37445166436912347 1.163555743544973 0.37153114675411952
1.1647425674363292 0.37037632056571673 1.1657432228741391 0.36892769728656144
1.1661679196587913 0.37135370494683351 1.1658857580963855 0.37419277386341093
1.1649694602390883 0.37870444997981628 1.1655774165951995 0.38117990863556156
1.1672820214979809 0.38273906943400993 1.1678463446227925 0.38016761766940488
1.1679307022033054 0.37814303573709146 1.1681750482985847 0.37525742470712742
1.1673634701964075 0.36950365593971951 1.1675729097066467 0.36660350049932233
1.1678957956182654 0.36514905945599363 1.1688819066456422 0.36666749590522879
1.1690506218066685 0.36454982974614225 1.1690680750991882 0.36159731442818516
1.169934921961012 0.35898804719645366 1.170804677704923 0.35703036955213335
1.1709850283942955 0.36098063142581382 1.1702636256368044 0.36330773709513964
1.1715086271698938 0.3645207409252757 1.1723260230362447 0.36238562147366932
1.1736146578006337 0.36092536266616737 1.1745862244175771 0.36256306328095539
1.1746763997622636 0.36121915975691982 1.1751999985378618 0.35855462376554176
1.1720409525917523 0.35714672483559967 1.1722969342153782 0.35426111380563563
1.1739288170659927 0.34612206172716881 1.1748887481545895 0.34443491011690758
1.1714359051177274 0.34088316508909916 1.1722271210452979 0.33872477458079947
1.1719565950112392 0.34594461991988268 1.1711072014419353 0.34790811532837634
1.1707232290064964 0.35187583049457682 1.1699203775505789 0.35401385882826986
1.1687393714233962 0.35556429298045811 1.168128506185198 0.35807465822124329
1.166676974023956 0.36089627384530082 1.1658915758605586 0.36305175547151386
1.1644109548784503 0.36645805639498941 1.163512110313673 0.3682731988170635
1.1621420268508573 0.35668130370173451 1.1626598078622825 0.35407203647000302
1.1617580544154189 0.35298411456959317 1.162502728229603 0.35075009312704042
1.163555743544973 0.35418257398929587 1.1641433377264778 0.35166639098433744
1.1631863155199673 0.34912111915851235 1.1643411417083704 0.34914148133311901
1.1650450911733414 0.34808555713566242 1.1655890521235464 0.34548501655019087
1.1642160597786442 0.34425455942753486 1.1631979510483141 0.34565373171121699
1.1621478446150308 0.34323645069720482 1.1631746799916209 0.341869276116476
1.1646960253229426 0.34066499893259983 1.1655541455385066 0.34260522328440024
1.1661621018946178 0.33801791623374178 1.165202170806021 0.33775029908176935
1.1637244587059992 0.3355599108705164 1.163020509241028 0.33613877840576123
1.1617435100049855 0.33798882741287528 1.1606148637553622 0.33861132817941986
1.1607486723313489 0.32454688329043219 1.1618453208780184 0.32365094760774182
1.1620925758553844 0.32118130671616985 1.1632386753975272 0.32142565281144903
1.1641986064861241 0.32302844684119714 1.1650509089375147 0.32105622478644352
1.1654959678967733 0.32407564439239372 1.1666449763210029 0.32393020028806085
1.1686317427861899 0.3287967600190384 1.1697720245641594 0.32927963444542352
1.1694084143033274 0.32813644378536722 1.1705545138454703 0.32775538023201517
1.1694927718838406 0.32368294531069502 1.1706039648409434 0.32305462677997704
1.172584913541957 0.32255139017898538 1.1734517604037811 0.32055007930336515
1.1705079717320837 0.32045117731241884 1.1693909610108073 0.32032318650060593
1.1690302596320621 0.32224304867779968 1.1678725245615724 0.32229249967327289
1.1661911907154845 0.32251066582977217 1.1664588078674567 0.31964832585650149
1.1649840046495217 0.31856331283817835 1.1640764334384845 0.32038718190651239
1.1633143063317806 0.31727467807378917 1.1630030559485081 0.3144763335064249
1.1621274824404242 0.31607330977199977 1.1626801700368889 0.31863603489034475
1.1606206815195357 0.32048026613328545 1.1594629464490462 0.32063734576596492
1.1597276547189321 0.31632347363145225 1.1588782611496282 0.31828406015785926
1.1589160766167548 0.3220423358138203 1.1577467060179187 0.3220248825213004
1.1572260161244068 0.32106786031479023 1.1562864472104164 0.31941561528956891
1.1513704364839659 0.31888328986771064 1.152405998506816 0.32013410916497326
1.1546022044822419 0.32129184423546275 1.1534997381713989 0.32043372401989895
1.1559053836570643 0.30976976229021358 1.1547767374074418 0.3091443526415823
1.1552072519562668 0.30433597055233791 1.1542589563960164 0.30595912675669262
1.1524961738515023 0.30710522629883558 1.1526067113707952 0.30572350730767339
1.1550501723235875 0.30316950883558835 1.1561700919269504 0.30231720638419779
1.1565075222490027 0.29328803638721379 1.1572987381765734 0.29119655016690726
1.1582470337368238 0.29148162061139965 1.1594018599252265 0.29170269564998563
1.1597654701860585 0.304292337321038 1.1597654701860585 0.30718085723308869
1.1574965421584662 0.3053977125139678 1.1563358982058896 0.30541807468857435
1.157836881362605 0.30905999506106918 1.1588782611496282 0.31030208771207185
1.1584128400157629 0.32828770565387344 1.1593436822834933 0.33003012602378107
1.1589073499704947 0.33304372786555797 1.1577728859566985 0.33251722020787294
1.1563126271491964 0.33417819187935421 1.15516070984288 0.33450980443723322
1.1577234349612253 0.33572862603154258 1.1577467060179187 0.33862296370776651
1.1570747542559008 0.34240451042042086 1.1582266715622171 0.34261394993066019
1.1540873323529037 0.34264012986944009 1.1534444694117527 0.3450050510058924
1.1528394219377278 0.34544720108306431 1.1519434862550373 0.34726525238722505
1.1518620375566111 0.34615987719429536 1.1507595712457681 0.34530175697873144
1.1510766393932135 0.34136603951548433 1.1503145122865093 0.34034211302098089
1.1545702067792889 0.34636931670453469 1.1534648315863592 0.34723907244844521
1.1558850214824581 0.34486542466573289 1.1562719027999833 0.34217179985348828
1.1585960995872224 0.34508940858640552 1.1574441822809061 0.3452872125682982
1.1569118568590477 0.34897276617209289 1.1557512129064718 0.34905712375260595
1.1589917075510077 0.35499706097355999 1.1578572435372116 0.3543832868532753
1.1563039005029365 0.36034649513092259 1.1551461654324471 0.36015160003111651
1.1516845957493249 0.36205982667996361 1.1505821294384819 0.36294994459848079
1.1515624227016852 0.35947964826909867 1.1504919540937955 0.35839463525077558
1.1485779096807753 0.35874079221908789 1.1474521723132385 0.3581415625092364
1.1452065153423392 0.36692929529302781 1.144665463274221 0.36744416742236619
1.1421492802692628 0.36686239100503476 1.1415878660265375 0.36653659621132917
1.1413406110491719 0.36904405257002765 1.1420096539291029 0.36893642393282133
1.1460617266758166 0.37304958320335463 1.1460733622041632 0.37254634660236297
1.1511173637424268 0.36618171259675703 1.1503581455178093 0.36831974093045
1.1533135697178529 0.37064975548186241 1.1544654870241693 0.37083592393540854
1.1568420436889681 0.37145260693777976 1.1563795314371894 0.37021633205095056
1.1577263438433121 0.36738017201645973 1.156571517654909 0.36741507860149963
1.1591109717165606 0.36305466435360051 1.1602657979049638 0.36305175547151386
1.1618075054108918 0.36151877461184545 1.1606730413970958 0.36128606404491281
1.1607632167417821 0.36678094230660835 1.1597654701860585 0.36824120111411035
1.1578281547163449 0.37249398672480316 1.1588695345033682 0.37374480602206572
1.1590818828956944 0.37112972102616087 1.160143624857324 0.37229909162499703
1.15427350080645 0.42255002967200045 1.1531419456747403 0.42314344161767853
1.1487495337238878 0.41727331756680436 1.1496920115199647 0.41891683594576568
1.1462449862472759 0.42383866443638962 1.1458988292789638 0.42191298449502251
1.1458231983447107 0.42209624406648194 1.1467191340274008 0.42096178005268564
1.1391647672483523 0.41601377162328168 1.1395574663300512 0.41457387499038634
1.1399937986430497 0.41182498141849533 1.1404184954277015 0.41041999137063995
1.1386149885339742 0.40965204649976245 1.1381350229896756 0.41094068126415151
1.138062300937509 0.40607993929734731 1.137631786388684 0.40863393776943235
1.1354094004744777 0.41037054037516674 1.1351388744404185 0.41301762307402479
1.1346036401364736 0.41391064987462856 1.1344669226784005 0.41663045462565307
1.1345483713768272 0.41600504497702168 1.1341324012384351 0.41761365677094314
1.1370761899101323 0.41773582981858282 1.13676493952686 0.42038873028161416
1.1348741661705328 0.42647702048898772 1.1351214211478986 0.42914155648036578
1.1333557297212977 0.43273693473947411 1.1329572128754255 0.43530547762199234
1.1319565574376158 0.42221841711412156 1.1310169885236254 0.42378630455882982
1.1270463644753383 0.39813287343659975 1.1281779196070483 0.39698386501237021
1.1270492733574249 0.40213258630575355 1.1259758958674484 0.40312160621521692
1.1276863185344028 0.41165044849329591 1.1272470773393175 0.41406482062522137
1.1260922511509148 0.42525819889467836 1.1255686523753166 0.42756785127148422
1.1267496585024994 0.42745440487010455 1.1273954303257372 0.42951680226954453
1.1278201271103894 0.42819616980220215 1.1273983392078235 0.43063963075499417
1.1290156776480051 0.4376267655271448 1.1285938897454397 0.44008477089037018
1.1304235765779473 0.44411648146247706 1.129975608736602 0.44658321347196234
1.1304206676958606 0.44934956033637341 1.1315085895962704 0.45020768055193733
1.1292542059791111 0.44979461929563203 1.1288411447228059 0.45229334900807056
1.1276834096523163 0.45374779005139915 1.1265314923459999 0.4537390634051392
1.1298941600381756 0.46152614075112053 1.1309209954147657 0.46276241563794984
1.1341469456488686 0.46479281533443662 1.1336757067508301 0.46725954734392183
1.1320874571315152 0.47499717369443001 1.1332161033811383 0.47556440570132824
1.1352523208417982 0.47239954199104522 1.1346269111931671 0.47466556113655123
1.1374921600485244 0.47175958793198058 1.1386382595906674 0.47148033525166144
1.1406802948155006 0.47132616450106862 1.141832212121817 0.47124180692055567
1.1445840145757948 0.4665352357043443 1.145648665419511 0.4654531315681078
1.1457475674104576 0.46426339879466494 1.1467947649616541 0.46298058179444912
1.1476383407667847 0.46620653202855195 1.1487844403089276 0.46574401977677349
1.156359169262583 0.40328450361206974 1.1554254181127659 0.40498329075067757
1.1533455674208062 0.39698968277654356 1.1536888155070317 0.39815032672911971
1.1544044005003493 0.40013709319430663 1.1546080222464155 0.4010853887545569
1.1614148063291934 0.39917425322362315 1.1618045965288055 0.40025053959568624
1.1619791294540047 0.39058723330381107 1.1631281378782345 0.39090430145125665
1.1634393882615066 0.3856799492236202 1.1645709433932163 0.38625009011260514
1.1667351516656894 0.38814086346893234 1.167020222110182 0.39099738567802966
1.1676107251737731 0.39380445689165383 1.1684310299222105 0.391698426260914
1.1690680750991882 0.39146280681189488 1.1690768017454483 0.38850156484767778
1.1682448614686645 0.38786742855278644 1.1673401991397141 0.3860435594844524
1.1699087420222323 0.3770143894874684 1.170673778011023 0.37477745916282895
1.1698592910267593 0.37038795609406333 1.1709675751017756 0.36951529146806611
1.1722998430974643 0.37777360771208596 1.1711973767866213 0.37890516284379561
1.1710402971539418 0.38452221415313076 1.1722503921019916 0.38452221415313076
1.1737193775557533 0.38577303345039332 1.1737310130841001 0.38876336423547692
1.1716860689771798 0.38713729914903555 1.1711275636165417 0.38974656638076699
1.1705981470767703 0.39212894080973937 1.1695189518226203 0.39109628766897603
1.1696673048090398 0.39184968812942023 1.1693996876570676 0.39473820804147092
1.1690855283917085 0.39412734280327283 1.1681808660627582 0.39596284739995352
1.1673954678993608 0.39404007634067306 1.16653443880171 0.39601811615959998
1.1649200092436152 0.39428151355386565 1.1657897649875257 0.39622173790566606
1.166135921955838 0.39942732596516234 1.1650625444658613 0.40048615904470553
1.1650305467629081 0.40462549825401878 1.1647512940825893 0.4074645671705962
1.1667496960761228 0.40739184511842969 1.1670027688176616 0.40449459856011916
1.1675845452349933 0.40445969197507925 1.1681255973031113 0.40186206027169435
1.1679830620808653 0.40135882367070269 1.1668835046521089 0.40219658171166001
1.167636905112553 0.40082649824884442 1.168375761162564 0.39854593469290517
1.1693705988362006 0.39804269809191345 1.1693705988362006 0.40099521340987054
1.1701269081787316 0.39854011692873181 1.1712759166029612 0.39849939257951866
1.1725645513673504 0.39749582825962188 1.172846712929756 0.40035816823289266
1.1711159280881951 0.40137918584530924 1.1699698285460522 0.4014373634870424
1.1693735077182872 0.40249328768449905 1.1693618721899408 0.40544580300245603
1.1711799234941016 0.40535562765776978 1.1705777849021635 0.40788344619107481
1.1710606593285486 0.410486895658633 1.1718896907232459 0.41253474864763973
1.1706272358976366 0.41083305262694531 1.1696498515165199 0.40929134512101684
1.169385143246634 0.40985857712791501 1.1693705988362006 0.41282563685630547
1.1692746057273411 0.41492294084078529 1.1703392565710575 0.41377975018072893
1.1703247121606242 0.41601086274119503 1.1695160429405338 0.41815179995697482
1.1694113231854142 0.41638319964828718 1.1686113806115834 0.41853286351032687
1.1679219755570454 0.41843105263729391 1.1686259250220163 0.41608649367544814
1.1687888224188694 0.41329396687225728 1.1687830046546959 0.41030945385134693
1.1686753760174897 0.41025127620961382 1.1676310873483797 0.40898882138400455
1.1670551286952215 0.40991384588756147 1.1666449763210029 0.41266273945945264
1.1664209924003304 0.41352667743918975 1.167325654729281 0.41534472874335054
1.1663889946973771 0.41629302430360082 1.1673285636113673 0.41799762920638195
1.1673663790784941 0.41902737346505864 1.1662260973005241 0.41853868127450022
1.1636342833613127 0.41773292093649617 1.1635586524270596 0.41482112996775222
1.1628459763158285 0.40796198600741457 1.1623311041864903 0.41057125323914606
1.1601203538006308 0.40926516518223699 1.1590818828956944 0.41053925553619286
1.1572754671198799 0.40706605032472409 1.1566704196458555 0.40464586042862533
1.1660544732574116 0.423300521250358 1.1650974510509013 0.42493531298305948
1.1661591930125312 0.42581088649114324 1.1668835046521089 0.42350123411433732
1.1675467297678668 0.42665737117836045 1.1669765888788819 0.42925791176383199
1.1667438783119493 0.4293277249339118 1.1658159449263057 0.43108178083216608
1.1659613890306384 0.42942371804277146 1.1648589227197954 0.43040401130597494
1.1643411417083704 0.43129994698866536 1.1632357665154407 0.43213188726544932
1.1630670513544146 0.43381903887571055 1.1621798423179839 0.43571853887829765
1.1622118400209374 0.43815909094900313 1.161519526084313 0.44049492326458878
1.161519526084313 0.43687627394878725 1.1606992213358753 0.43893285358405393
1.1606177726374494 0.44036984133486262 1.1599109142903914 0.44266204041914847
1.1589335299092747 0.44524512771210006 1.1579823254669377 0.44688573720897484
1.1571125697230271 0.44894813460841471 1.1562835383283299 0.45096689877655483
1.1570223943783411 0.45076036814840215 1.1565889709474289 0.45171739035491237
1.1556930352647385 0.45080691026178865 1.1548640038700415 0.45282567442992883
1.1553643315889464 0.45468154120121612 1.1547156508836218 0.45705809786601503
1.154119330055857 0.45477753431007578 1.1536975421532918 0.45577528086579921
1.1529034173436341 0.45663630996344973 1.1521645612936233 0.45883251593887603
1.1520627504205905 0.45896923339694889 1.1515682404658587 0.45649086585911697
1.1524350873276823 0.45488225406519545 1.1521151102981502 0.45605162466403165
1.1522343744637029 0.45445464839845684 1.1510882749215601 0.45443719510593689
1.151600238168812 0.46183157337021952 1.1505734027922219 0.46314929695547524
1.1518940352595641 0.46708501441872247 1.1508526554725409 0.46831256265929178
1.1506519426085615 0.46658759558190405 1.1495000253022454 0.4666632265161571
1.1489909709370802 0.45659558561423658 1.1486157251479012 0.45393395850494517
1.1493778522546059 0.44979752817771862 1.1482637504154161 0.45060037963363597
1.1475510743041852 0.44998369663126464 1.1483946501093159 0.44804638116155093
1.1492411347965328 0.44594035053081116 1.150401778749109 0.4459112617099445
1.1506054004951751 0.44958808866747935 1.1508119311233278 0.45237479770649697
1.1515827848762921 0.45231952894685046 1.1515595138195986 0.44947464226609968
1.1521005658877168 0.45005932756551781 1.1531652167314335 0.44893068131589475
1.1533717473595861 0.45147595314171979 1.1540495168857772 0.44916339188282739
1.1556697642080453 0.44614979004105049 1.156487160074396 0.44411066369830371
1.1551316210220137 0.4428656621652145 1.1547970995820482 0.44013422188584339
1.1539622504231775 0.44054146537797528 1.1547301952940547 0.4383830748696757
1.1562835383283299 0.43865650978582144 1.1574325467525595 0.43834816828463585
1.1582034005055237 0.4394709967700855 1.1577525237820918 0.44213262387937691
1.1579270567072915 0.4447360733469351 1.1588317190362418 0.4428772976935611
1.1600796294514177 0.43972116062953803 1.1597654701860585 0.4369053627696538
1.1589800720226611 0.43548873719345177 1.1578746968297313 0.43634976629110234
1.1578979678864247 0.43264385051270104 1.1590091608435278 0.43183518129261034
1.1593873155147931 0.43322271804794582 1.1601756225602773 0.43108759859633944
1.1601727136781907 0.43543346843380532 1.1611762779980874 0.43395575633378353
1.1623572841252703 0.43066290181168748 1.1621187557941646 0.4277976529563301
1.1615544326693528 0.42840270043035478 1.1608010322089086 0.42620358557284188
1.1637564564089524 0.42547927393326423 1.1635586524270596 0.42259657178538707
1.1620198538032178 0.41927753732451106 1.1611646424697408 0.41733149520853741
1.162112938029991 0.41448079076361338 1.16136535533372 0.41225840484940723
1.1609522940774148 0.41143810010096993 1.1598469188844851 0.41062361311670592
1.1577845214850448 0.41222058938228073 1.158665912757302 0.41414626932364784
1.1590091608435278 0.41590614298607548 1.1601116271543708 0.41480949443940562
1.1587124548706886 0.41534763762543725 1.1578223369521716 0.41720932216089779
1.1576448951448854 0.41606031373666819 1.1569234923873946 0.41829142629713439
1.1577234349612253 0.42195079996214907 1.1585844640588758 0.42003093778495526
1.1594047688073132 0.41967605417038312 1.1585291952992292 0.42154064758793047
1.1565569732444758 0.4278092884846767 1.1562515406253764 0.43035456031050179
1.1533455674208062 0.43642248834326869 1.1539215260739644 0.43644285051787535
1.1530604969763136 0.43518912233852614 1.153322296364113 0.43239659553533516
1.1544131271466094 0.43179445694339708 1.1546283844210219 0.42904265448941942
1.1545498446046822 0.42790819047562306 1.1536248201011254 0.4296418841992708
1.1523769096859495 0.42926663841009194 1.1528016064706013 0.42831543396775507
1.1523245498083894 0.42886230380004664 1.1512977144317995 0.42756785127148422
1.1516962312776715 0.43378413229067064 1.151047550572347 0.436131600134603
1.1511028193319934 0.43728060855883266 1.1500207151957569 0.43828999064290269
1.1499509020256771 0.43596579385566359 1.148781531426841 0.43618105113007616
1.1488717067715275 0.4305058221790079 1.1481473951319499 0.43270493703652085
1.1494476654246857 0.4345462593973749 1.1483917412272289 0.43569526782160445
1.148223026066203 0.43619268665842287 1.1470681998777998 0.43621595771511606
1.1469256646555537 0.43899684898996039 1.1480455842589168 0.43821726859073629
1.1489880620549937 0.44068109171813491 1.1478739602158039 0.44146648988153236
1.1472543683313459 0.44167302050968504 1.146931482419727 0.4443753719681896
1.1431470268249859 0.44008477089037018 1.1437317121244042 0.44012258635749679
1.1416082282011444 0.44151012311283222 1.1420009272828433 0.4425427762535955
1.1428037787387604 0.44874742174443533 1.14396151380925 0.44891322802337486
1.1445781968116213 0.45035894242044344 1.145488676904745 0.45206936508739792
1.1461140865533763 0.45647050368451031 1.1458726493401838 0.45921939725640132
1.1448254517889871 0.45778531838767933 1.1436764433647575 0.45746243247606039
1.1420591049245761 0.46335582758362792 1.1414133331013383 0.46565966219626048
1.1418525742964234 0.46137487888261441 1.1406919303438474 0.46141560323182756
1.1393974778152847 0.45284312772244878 1.1401072450444292 0.45064983062910918
1.1388069747516936 0.45164175942065932 1.1381379318717622 0.45391650521242521
1.1372536317174184 0.45646468592033695 1.1363780582093348 0.45830019051701776
1.1372216340144652 0.46140396770348091 1.136858023753633 0.46405395928442572
1.1347781730616731 0.45807911547843172 1.1347519931228931 0.46083091793240938
1.1346356378394269 0.46060402512965026 1.1335011738256304 0.46006879082570523
1.1331317458006251 0.45812565759181828 1.1321136370702953 0.45814892864851153
1.1334429961838974 0.45995243554223897 1.1340742235967021 0.45764569204751981
1.1353715850073514 0.45423939112404421 1.1351388744404185 0.45155158407597296
1.1346210934289935 0.45034439801001019 1.1346152756648205 0.44761004884855243
1.1333091876079113 0.4481161943316308 1.133149199093145 0.44541384287312619
1.1383299180894817 0.43123304270067225 1.1389116945068132 0.43110214300677274
1.1387197082890939 0.43367650365346427 1.1375823353932106 0.43414192478732949
1.1375008866947844 0.43633522188066909 1.1363460605063813 0.43634976629110234
1.1324277963356542 0.42050217668299383 1.1319071064421424 0.42012402201172838
1.1292920214462376 0.42327143242949145 1.1282477327771276 0.42200606872179558
1.1394643821032782 0.22690443828760948 1.1394556554570181 0.22417008912615166
1.1388273369263 0.22393156079504578 1.1388302458083865 0.22136592679461412
1.1380710275837691 0.22282036783794273 1.1370820076743058 0.22485658529860281
1.1363838759735079 0.22773637856439344 1.1352494119597116 0.22770728974352683
1.1355984778101105 0.2236610347609867 1.1353075896014446 0.22095868330248211
1.1340247726012291 0.217089870127228 1.1328641286486527 0.21742439156719359
1.1281517396682681 0.21639173842643031 1.1285706186887468 0.21386101101103852
1.1284717166978002 0.2126101917137759 1.1273750681511305 0.21372720243505228
1.1269271003097852 0.21663899340379614 1.1262987817790675 0.21423043903604397
1.1240443981619082 0.21496638620396824 1.1245738147016797 0.21256655848247605
1.1247192588060124 0.21101612433028774 1.1257664563572094 0.21030344821905672
1.1267642029129326 0.21080959370213512 1.1277648583507425 0.20933188160211325
1.1269271003097852 0.20084667255533412 1.1272645306318376 0.19819668097438942
1.1231019203658312 0.19806578128048985 1.1228284854496855 0.20013108756201645
1.1223921531366867 0.20309814729040682 1.12134495558549 0.20420352248333654
1.1199196033630279 0.2074905592412592 1.1199137855988548 0.20476493672606141
1.1198236102541683 0.20121610058033959 1.1201523139299607 0.19863883105156127
1.1179822878933143 0.19838575831002214 1.1170369012151506 0.19697204161590673
1.1165831156096322 0.19671605999228092 1.1156522733419019 0.19792906382241696
1.1155591891151291 0.20214403396598324 1.1167751018273515 0.20162334407247159
1.1157482664507614 0.20674006766290162 1.1145963491444455 0.20710367792373377
1.1141018391897137 0.21250547195865621 1.1129382863550508 0.21315124378189418
1.1031760780722288 0.21569069784354589 1.1037025857299141 0.21339268099508668
1.1033477021153419 0.20417443366247001 1.103909116358067 0.2018618724035775
1.1009856898609762 0.19792324605824366 1.1016518238588209 0.19559323150683119
1.1040022005848398 0.18857119014964066 1.1045490704171315 0.18630226212204806
1.1062274953811326 0.18600264726712237 1.1058580673561271 0.18829484635140825
1.1091451041140499 0.19197167330894299 1.1079437358122604 0.19236437239064166
1.1068616316760238 0.19616337239581599 1.1069576247848836 0.19876973074546084
1.1069139915535837 0.2046776702634617 1.1079931868077335 0.20382536781207111
1.1120016263231471 0.20344430425871901 1.1124583208107526 0.20191714116322398
1.114683615607045 0.19050268785518104 1.1158035352104083 0.1896620209321371
1.1188433169909651 0.18541796196770427 1.1198905145421616 0.18421077590174154
1.1213740444063567 0.19257381190088102 1.1222030758010542 0.19451985401685468
1.1225346883589331 0.19549723839797148 1.1213565911138366 0.19603247270191645
1.1222583445607004 0.19426678127531549 1.1231542802433909 0.19251272537706118
1.129833073514356 0.18880099183448659 1.1309471753535456 0.18795741602935603
1.1314649563649704 0.19785925065233714 1.1308511822446861 0.19583175983793705
1.1317674801019828 0.2019927720974771 1.1307697335462596 0.20351120854671209
1.1307930046029528 0.20444495969652909 1.1316278537618234 0.20361592830183178
1.1330735681588919 0.20995729125074453 1.1341556722951285 0.20891009369954794
1.1347839908258464 0.20594303397115757 1.1359213637217294 0.20603030043375731
1.1362209785766553 0.20100375218801364 1.1373728958829712 0.20098920777758036
1.1386586217652739 0.20267345050575483 1.1394265666361514 0.20481147883944789
1.1391240428991389 0.20659171467648213 1.1396738216135174 0.20896827134128107
1.1423819908361952 0.20616701789183017 1.1432924709293188 0.20444205081444242
1.1448894471948938 0.20251637087307539 1.1458813759864437 0.20102120548053351
1.144665463274221 0.20653644591683565 1.1458551960476637 0.20662953014360869
1.1461519020205029 0.20555615265363214 1.1473067282089058 0.20549797501189901
1.1476674295876512 0.2076825454589786 1.1488455268327473 0.20775235862905836
1.1504628652729287 0.20920679967238695 1.1504657741550157 0.21208077517400431
1.1490346041683803 0.2106612407157156 1.1483073836467157 0.20843885480150945
1.1476237963563516 0.21089686016473483 1.1471554663403996 0.21349740075020635
1.1489938798191668 0.213712658024619 1.1489967887012538 0.21654300029493645
1.1478855957441507 0.21674080427682915 1.1477110628189513 0.21956241990088665
1.1487000827284144 0.21832614501405731 1.1483917412272289 0.2210430408829952
1.149020059757947 0.22253238851136367 1.148374287934709 0.22496130505372242
1.1460762710862498 0.2295078877551677 1.145209424224426 0.22757639004962726
1.1434873660291249 0.22490894517616264 1.1433884640381786 0.22209314731627844
1.1440662335643697 0.2191988096400545 1.1438189785870039 0.21634810519513042
1.144665463274221 0.21833778054240396 1.1446596455100475 0.21550743827208649
1.1443193063059089 0.21289235327618164 1.1435193637320782 0.21073105388579533
1.1432255666413256 0.21039944132791644 1.1429404961968335 0.21318615036693403
1.1417943966546904 0.21274109140767547 1.1417507634233905 0.20994856460448455
1.1388360635725598 0.21040816797417641 1.1382862848581816 0.21286035557322841
1.1359446347784228 0.21295925756417478 1.135601386692197 0.2155888869705129
1.1372681761278518 0.21809343444712476 1.1383241003253086 0.21688043061698867
1.1392491248288652 0.21603103704768481 1.1400956095160826 0.21792471928609866
1.141186440298579 0.2197311350619128 1.1412358912940521 0.2225498418038836
1.1412504357044855 0.22350686401039382 1.1412504357044855 0.22634011516279798
1.1404243131918748 0.2291530041405955 1.140517397418648 0.23182044901406015
1.145113431115566 0.2342464566743323 1.1454857680226584 0.23690808378362366
1.1489967887012538 0.23260002941328431 1.148528458685302 0.23525292987631569
1.1518649464386976 0.2120778662919176 1.1529586861032806 0.21113247961375403
1.1523303675725625 0.20825559523005005 1.1533659295954126 0.20684769630010796
1.1539477060127441 0.20550961054024564 1.1548029173462215 0.20747019706665262
1.15623990509703 0.21146118328954633 1.1564406179610094 0.21431479661655703
1.1548349150491746 0.21731094516581398 1.1557250329676916 0.21911736094162812
1.1582324893263904 0.21916099417292795 1.1577001639045321 0.21856758222724987
1.1588782611496282 0.22158991071528675 1.1585815551767893 0.22440861745725757
1.1580579564011908 0.22364358146846672 1.1568944035665281 0.22465296355253675
1.1586455505826956 0.22917045743311543 1.1580172320519777 0.2316400983246874
1.1566355130608155 0.23185535559910006 1.1562486317432903 0.23474096662906399
1.1559548346525379 0.23823744289722598 1.1548058262283081 0.2376440309515479
1.1548610949879545 0.23618377214404601 1.154823279520828 0.23329816111408203
1.1533135697178529 0.23328652558573543 1.1522634632845696 0.23432790537275869
1.151352983191446 0.24063727061871817 1.1508293844158475 0.23808327214663313
1.1476528851772179 0.23974715270020105 1.1487291715492813 0.24074489925592449
1.1492178637398398 0.24830217491705994 1.1488949778282205 0.24557946128394878
1.1524321784455958 0.25013477063165401 1.1533310230103728 0.25199936404920126
1.1536655444503385 0.25657212668942642 1.1539884303619574 0.25931229361505748
1.1549047282192546 0.25213899038936083 1.1560799165822639 0.25187719100156164
1.1574296378704729 0.24993114888558798 1.1577350704895721 0.24698154244971754
1.1576158063240189 0.24163501717444161 1.1577437971358318 0.2387639505549109
1.1591924204149873 0.23997404550296031 1.1603210666646102 0.23913628746200305
1.1618191409392387 0.23876976831908425 1.162962331599295 0.2382403517793126
1.1626743522727159 0.2347816909782772 1.162962331599295 0.2319164421229199
1.161577703726046 0.2320066174676062 1.1619325873406186 0.23113686172369571
1.1637739097014723 0.22834142603841812 1.1626219923951562 0.22866722083212376
1.1632328576333539 0.22574379433503325 1.1643964104680171 0.22590378284979937
1.1651003599329879 0.22832397274589822 1.1650043668241283 0.23124449036090206
1.1663162726452108 0.2346129758172511 1.1671511218040813 0.23671318868381755
1.1653505237924409 0.23936899802893563 1.1662784571780842 0.24117541380474974
1.1678027113914926 0.23907229205609656 1.1687888224188694 0.24063436173663152
1.1675961807633397 0.24811891534560052 1.1664791700420634 0.24895667338655783
1.1629536049530347 0.24834871703044648 1.1617929610004587 0.24864251412119881
1.164940371418222 0.26848981659846105 1.1644807680485298 0.27145978520893804
1.1629245161321682 0.27159650266701091 1.1638931738670251 0.27320220557884572
1.1647134786154625 0.27348436714125146 1.1646814809125094 0.27645433575172851
1.1650072757062149 0.27979082350512424 1.1638437228715521 0.27984609226477075
1.1635499257807995 0.28365963668037841 1.1634044816764666 0.28655688323868905
1.1650567267016883 0.28501226685067399 1.165024728998735 0.28794441999402454
1.165175990867241 0.29074276456138876 1.1662959104706043 0.28976828906235857
1.1663773591690305 0.29258990468641605 1.1652196240985406 0.2929767860039415
1.1647716562571957 0.29382908845533201 1.1641869709577777 0.29344511601989326
1.1626685345085426 0.29393380821045167 1.1635586524270596 0.29583039933095218
1.1626947144473225 0.30194196059501899 1.1638466317536387 0.30164525462218
1.1650072757062149 0.30330331741157457 1.1650043668241283 0.30037698203239738
1.1650130934703882 0.29758736411129316 1.1659206646814253 0.29940250653336725
1.1664617167495437 0.30194196059501899 1.1676252695842064 0.30195650500545229
1.1668835046521089 0.31415926535897931 1.1680441486046851 0.31430761834539889
1.1681983193552781 0.3061569307385853 1.1692891501377745 0.30515627530077527
1.1693793254824607 0.3042690662643448 1.1704934273216503 0.30399563134819901
1.1711101103240216 0.29505663669590138 1.1711188369702816 0.29206921479290443
1.1693822343645472 0.29070785797634885 1.1693822343645472 0.2937534575210789
1.1679365199674787 0.2937185509360391 1.1679597910241719 0.2907282201509554
1.1665024410987568 0.28364218338785846 1.1657810383412659 0.28130925995435935
1.1658828492142987 0.27787677909210384 1.1670231309922685 0.27734154478815892
1.1679452466137388 0.26988608000005648 1.1681779571806712 0.27180594217725029
1.1692978767840345 0.27485445060406699 1.170455611854524 0.27488063054284689
1.1717035222696999 0.27483408842946044 1.1718896907232459 0.27186121093689675
1.1728990728073159 0.27463337556548101 1.1729281616281824 0.27162559148787752
1.169385143246634 0.26531040847774467 1.1699669196639655 0.26531622624191797
1.1681779571806712 0.26523768642557821 1.1688237290039092 0.26273895671313974
1.1698680176730192 0.25938792454931059 1.1708570375824827 0.2609994452253187
1.170455611854524 0.25488788396125184 1.1699058331401457 0.25225534567282709
1.1678812512078323 0.25559183342622294 1.1679045222645255 0.25858216421130653
1.1664878966883234 0.25907958304812495 1.1670085865818352 0.26172957462906965
1.1659061202709922 0.26491480051395933 1.1647425674363292 0.26504279132577224
1.1638437228715521 0.2594228311343505 1.1649374625361351 0.25840181352193381
1.1632823086288273 0.25471335103605247 1.1629972381843348 0.25755532883471655
1.1615049816738798 0.25598744139000834 1.1614846194992732 0.25891086788709877
1.1621071202658178 0.2635708969899237 1.1617871432362854 0.26639542149606782
1.1630437802977214 0.26791385794530292 1.1621274824404242 0.26971736483903036
1.1612373645219074 0.27139869868511823 1.1607079479821354 0.26879815809964669
1.1600621761588978 0.27024969026088863 1.158948074319708 0.26941484110201802
1.1578077925417385 0.26875161598626018 1.1571736562468471 0.27117180588235895
1.1572027450677138 0.27222191231564224 1.1583430268456831 0.27160813819535756
1.1595007619161728 0.26404213588796216 1.1603152489004367 0.26193610525722233
1.1600330873380311 0.25475989314943898 1.1602134380274038 0.25316873464803746
1.1597480168935388 0.24749059681488256 1.1586048262334825 0.24699026909597752
1.1053024708775756 0.34663984273859377 1.1061634999752263 0.34466762068384021
1.1053519218730488 0.34502832206258566 1.104365810845672 0.346459492049221
1.1042058223309057 0.34706744840533243 1.1036502258523542 0.34934801196127163
1.1048166875691039 0.35626533356334256 1.1038800275372 0.3578070410692708
1.1018874433078401 0.35827246220313602 1.1016983659722073 0.36080318961852781
1.1017769057885469 0.36207146220831032 1.1017070926184673 0.36465164061917527
1.1013842067068482 0.3667605801320018 1.1018118123735867 0.36918658779227387
1.1023470466775318 0.37054212684465609 1.1021317894031193 0.36795613066961791
1.1036676791448743 0.36429675700460307 1.1039818384102333 0.36683330218416821
1.1043861730202786 0.36627479682352998 1.1056137212608479 0.36623698135640348
1.1059715137575066 0.369448387180073 1.1048108698049306 0.36941348059503309
1.1038916630655466 0.3694425694158997 1.1040283805236197 0.37194711689251153
1.1061518644468795 0.37506252960732145 1.1072281508189428 0.37410550740081117
1.1077750206512345 0.37539123328311369 1.1077808384154078 0.37259579759783606
1.1083102549551791 0.37519342930122096 1.1083335260118723 0.37780560541503916
1.1083189816014392 0.37831175089811747 1.1083131638372661 0.38092974477610902
1.1082055352000595 0.38415569501021191 1.10703907348331 0.3844116766338378
1.1079931868077335 0.38640426086319796 1.1079990045719068 0.38895535045319629
1.1038974808297202 0.3792455020479345 1.1039207518864134 0.38177913834541299
1.1027571990517506 0.38659042931674392 1.10187871666158 0.3882950342195251
1.1012794869517286 0.38698894616261598 1.100715163826917 0.38940622717662815
1.1029637296799031 0.39663479916197131 1.1039905650564932 0.39793506945470719
1.1050057649047365 0.39550615291234836 1.1059656959933333 0.39708858476748987
1.1065969234061381 0.40374992474593491 1.1054595505102551 0.40374119809967496
1.1053781018118287 0.4063126498642799 1.1053781018118287 0.40887246610053823
1.1042407289159457 0.41288381449803857 1.1036531347344409 0.41512074482267791
1.1027571990517506 0.41599340944867513 1.1018845344257535 0.41770964987980286
1.1042378200338592 0.41773873870066941 1.1036531347344409 0.41996985126113556
1.1038422120700737 0.42166572951765674 1.1029200964486034 0.42329470348618475
1.1023848621446584 0.42276237806432648 1.1015005619903147 0.4244262586178944
1.1003282825093916 0.42473750900116669 1.0997785037950134 0.42692207944824628
1.1020968828180793 0.43369104806389769 1.1023994065550917 0.43628577088519588
1.105258837646276 0.43135230686622522 1.1063409417825123 0.43040401130597494
1.1062274953811326 0.43037201360302174 1.1073910482157956 0.43049709553274795
1.1096745206538212 0.41887902047863906 1.1108438912526575 0.41887902047863906
1.1126939402597715 0.42231441022298122 1.1138516753302612 0.42248603426609399
1.1135084272440356 0.42536873641397133 1.1126793958493382 0.42721296765691197
1.111766006874128 0.43367068588929103 1.1126212182076052 0.43543055955171861
1.1155708246434755 0.44118141943703998 1.1166645643080588 0.4402854837543495
1.1175372289340559 0.44440155190696939 1.1171212587956638 0.44685083062393488
1.1144683583326325 0.4469904569640944 1.1140931125434539 0.44953863767200614
1.1152043055005569 0.45990007566467911 1.1147214310741718 0.46220100139522496
1.1170456278614107 0.46590691717362631 1.1180957342946942 0.46708210553663582
1.1216649326150225 0.46947029772978138 1.1226917679916126 0.47083165454633702
1.1234073529849302 0.4598651690796392 1.1244341883615203 0.46131088347670796
1.124393464012307 0.4594172012382941 1.124757074273139 0.45747988576858034
1.1234829839191831 0.44422701898177003 1.1223107044382601 0.44397976400440414
1.1203472090297666 0.44129195695633294 1.1214584019868699 0.4405298298496288
1.1231077381300045 0.43671337655193443 1.1242945620213605 0.43663192785350807
1.122703403519959 0.42636648296969476 1.1222438001502673 0.42879539951205359
1.1214700375152165 0.42655846918741414 1.1209289854470983 0.42917064530123233
1.121813285601442 0.43188754117017009 1.1213478644675769 0.43438627088260873
1.1201057718165743 0.43583780304385061 1.1189625811565178 0.43621595771511606
1.1187822304671451 0.43326344239715903 1.1190382120907707 0.43193990104773
1.1199196033630279 0.43392084974874351 1.1194163667620363 0.43303945847648639
1.116382402745653 0.42201188648596893 1.1153730206615828 0.42338487883087111
1.1149948659903175 0.42340524100547772 1.1139680306137274 0.42433608327320804
1.1126183093255184 0.42352450517103063 1.1121034371961802 0.42588360854330964
1.1126154004434321 0.41331432904686383 1.1123565099377193 0.41074869504643219
1.1133455298471828 0.41212750515550761 1.1141658345956202 0.41400373410140157
1.1152013966184702 0.40992839029799483 1.1161176944757671 0.40838959167415317
1.1161816898816734 0.40891900821392485 1.1168041906482182 0.40678679764440506
1.1170107212763709 0.41108321648639773 1.1167431041243983 0.41367793930769603
1.1186396952448989 0.41021927850666051 1.1192825581860502 0.41033272490804018
1.1201464961657874 0.4108417792732052 1.1212082381274171 0.41025418509170042
1.1209958897350913 0.412752914804139 1.1199399655376345 0.41398046304470826
1.1196781661498356 0.41847759475068042 1.1206962748801654 0.41704642476404508
1.1250014203684182 0.40480003117921814 1.1248734295566054 0.40211513301323354
1.1242567465542339 0.39796124939348704 1.1230961026016575 0.39796997603974699
1.1232764532910304 0.39784198522793407 1.1231397358329576 0.39517744923655607
1.1217871056626618 0.38949931140340122 1.1212489624766304 0.38710530144608229
1.1208998966262318 0.38483055565431629 1.1205857373608727 0.38227073941805806
1.1202948491522069 0.3867387823031635 1.1197421615557419 0.38922296760516872
1.1189189479252182 0.39079085504987698 1.1187560505283651 0.39345539104125504
1.1182819027482402 0.39227438491407218 1.1171067143852307 0.39196022564871313
1.1190294854445111 0.40109411540081691 1.1178630237277614 0.40127446609018963
1.1162776829905332 0.40011963990178673 1.115117039037957 0.3999247448019807
1.115178125561777 0.39776635429368101 1.1139622128495543 0.39715258017339633
1.1094476278510621 0.39669879456787782 1.1097239716492946 0.39414479609579273
1.1103697434725326 0.39010726775951254 1.1095698008987016 0.3881990411106655
1.1104860987559986 0.3819158558034858 1.1111056906404566 0.37970801429971307
1.1116292894160549 0.3761969936211178 1.1116932848219616 0.3735819086252129
1.1133426209650961 0.37510034507444795 1.1134880650694292 0.3724678067860232
1.1138167687452214 0.36995453266315137 1.1133106232621428 0.36759252040878565
1.111562385128062 0.36048612147108217 1.1108060757855311 0.35854589711928175
1.1067278231000375 0.36236816818114936 1.1073532327486688 0.36019814214450308
1.1089211201933771 0.35956982361378509 1.1083044371910058 0.35709436495803981
1.1095698008987016 0.35562247062219121 1.1088483981412105 0.35363861303909105
1.1080513644494667 0.347198348099232 1.1080542733315535 0.3445570831645472
1.1066667365762177 0.33924837335639779 1.1063147618437321 0.33687472557368553
1.1058813384128205 0.3393414575831708 1.1053170152880087 0.33711034502270476
1.1055729969116348 0.33557445528094976 1.1054944570952949 0.33295937028504496
1.1055468169728546 0.33144675159998316 1.1056573544921477 0.32885202877868491
1.1065271102360583 0.32259793229237188 1.1068150895626374 0.32007884040532675
1.107719751891588 0.31216086336544585 1.1068470872655909 0.31040971634927816
1.1038276676596406 0.30609584421476554 1.1041650979816926 0.30359711450232696
1.1039556584714534 0.3028117163389295 1.1044879838933117 0.30038570867865738
1.1084964234087251 0.30101984497354861 1.1092585505154295 0.29907671173966166
1.1093545436242891 0.29886727222942233 1.1103144747128857 0.30042352414578399
1.1091043797648366 0.29613583195005122 1.108793129381564 0.2936661910584793
1.1082869838984859 0.2835636435715187 1.1082608039597059 0.28107945826951342
1.1068441783835039 0.2820888403535835 1.1068209073268105 0.28475919410913486
1.1062798552586923 0.2835578258073454 1.1062449486736523 0.28100673621734706
1.1075364923201283 0.27546822472435167 1.1079990045719068 0.27308585029537941
1.1103522901800125 0.27052021629494777 1.1093981768555889 0.26899887096362607
1.1094505367331489 0.26678812057776657 1.1094301745585422 0.26418176222812167
1.1111987748672298 0.26674448734646672 1.1111435061075834 0.26412649346847522
1.1156871799269419 0.25927447814793098 1.1145090826818456 0.25891086788709877
1.1125543139196121 0.25686883266226546 1.1113878522028626 0.25570527982760261
1.1132146301532833 0.24696118027511096 1.1129353774729642 0.24824690615741346
1.1167896462377851 0.24527111978276317 1.1158122618566682 0.24394466955124744
1.115541735822609 0.2398227836344542 1.1161816898816734 0.23761203324859465
1.1170107212763709 0.23711170552968963 1.1175837710474426 0.23478750874245052
1.1179241102515813 0.23471187780819744 1.1184622534376127 0.2323556833180051
1.1178688414919347 0.23064526065105065 1.1190265765624243 0.23095941991640964
1.119012032151991 0.2338828464135001 1.1201348606374408 0.23474969327532397
1.1193494624740434 0.23561654013714783 1.1182382695169402 0.23644266264975847
1.1173306983059033 0.23421736785346572 1.1173132450133834 0.23148301869200794
1.1176477664533488 0.23003439541285262 1.1184826156122194 0.22796327136715269
1.1188025926417517 0.22720405314253511 1.1195850819230624 0.22534236860707454
1.1194105489978632 0.22531618866829461 1.1202861225059468 0.22358249494464694
1.1210860650797778 0.22423117564997147 1.119971963240588 0.22509802251179528
1.119852699075035 0.22805926447601238 1.1210278874380446 0.22778873844195324
1.1213682266421836 0.2218226212822193 1.1218278300118751 0.22052816875365686
1.1223019777920005 0.22004820320935842 1.1229157519122852 0.21772109754003266
1.1231688246538243 0.21752911132231326 1.1242596554363209 0.21642373612938354
1.1231920957105173 0.22074633491015613 1.1222234379756606 0.22225895359521791
1.1231164647762644 0.22366685252515997 1.1239251339963552 0.2255808969381804
1.1261009777971749 0.21948678896663354 1.1273052549810507 0.21968750183061292
1.1284019035277204 0.21814288544259794 1.1295829096549035 0.21817488314555117
1.130723191432873 0.21994930121841208 1.1296119984757698 0.22117103169480809
1.1274856056704237 0.21957114654714663 1.1272761661601842 0.22233749341155765
1.1274536079674702 0.2222007759534847 1.1269707335410852 0.2246238747316702
1.1267467496204127 0.2254005462488077 1.1259119004615421 0.22376284563401971
1.1266565742757262 0.22647392373878419 1.1263482327745404 0.22903373997504251
1.1242887442571872 0.22918500184354873 1.1237156944861157 0.23151792527704781
1.1234597128624899 0.23466824457689756 1.1225637771797994 0.23296945743828981
1.122796487746732 0.23397302175818646 1.1222670712069605 0.23635539618715873
1.1221827136264475 0.23690517490153698 1.1229972006107116 0.23882794596081741
1.1233317220506771 0.23678881961807066 1.1239164073500949 0.23693717260449018
1.1238873185292286 0.24009912743268663 1.1236720612548157 0.24137903555081577
1.1228139410392519 0.24065472391123813 1.1216678414971091 0.24086998118565078
1.1197828859049552 0.25154557844368275 1.1203443001476801 0.25284584873641852
1.1205362863653994 0.25368942454154908 1.1217143836104955 0.25370687783406909
1.1215340329211227 0.25857052868295988 1.1204984708982728 0.2599144322069955
1.1184971600226528 0.25659830662820632 1.1178950214307146 0.25897195441091858
1.1201523139299607 0.26417885334603503 1.1194163667620363 0.26629942838720816
1.1177088529771686 0.28053840620139525 1.1165947511379788 0.28136161983191921
1.1126212182076052 0.28726665046783334 1.1130400972280836 0.28974792688775192
1.1136975045796682 0.2779087767950571 1.1127201201985515 0.27650378674720166
1.1126561247926452 0.28554750115461897 1.1137847710422679 0.28658015429538225
1.1127201201985515 0.29810514512271813 1.1126764869672519 0.30077549887826943
1.1114954808400688 0.3083967699453114 1.1104860987559986 0.30993847745123965
1.1098606891073675 0.30924907239670196 1.1086796829801846 0.30848985417208441
1.1550181746206341 0.32951525389444275 1.1550181746206341 0.32951525389444275
1.1460908154966831 0.3152210073206092 1.1460908154966831 0.3152210073206092
1.1533397496566329 0.40338340560301611 1.1533397496566329 0.40338340560301611
1.1178193904964617 0.3863984430990246 1.1178193904964617 0.3863984430990246
1.1533397496566329 0.40338340560301611 1.1533397496566329 0.40338340560301611
1.1533397496566329 0.40338340560301611 1.1533397496566329 0.40338340560301611
1.1533397496566329 0.40338340560301611 1.1533397496566329 0.40338340560301611
1.1330095727529854 0.41306125630532464 1.1330095727529854 0.41306125630532464
1.1178193904964617 0.3863984430990246 1.1178193904964617 0.3863984430990246
1.1178193904964617 0.3863984430990246 1.1178193904964617 0.3863984430990246
1.139412022225718 0.24284220324040437 1.139412022225718 0.24284220324040437
1.139412022225718 0.24284220324040437 1.139412022225718 0.24284220324040437
1.107411410390402 0.35372006173751741 1.107411410390402 0.35372006173751741
1.107411410390402 0.35372006173751741 1.107411410390402 0.35372006173751741
1.1606439525762291 0.40125119503349632 1.1606439525762291 0.40125119503349632
1.1605712305240627 0.39200094999792645 1.1605712305240627 0.39200094999792645
1.1576361684986254 0.40969277084897571 1.1576361684986254 0.40969277084897571
1.1542298675751499 0.40261546073213861 1.1542298675751499 0.40261546073213861
1.1558908392466312 0.32974796446137533 1.1558908392466312 0.32974796446137533
1.1533746562416727 0.33881494992548589 1.1533746562416727 0.33881494992548589
1.1546342021851952 0.35119806096838563 1.1546342021851952 0.35119806096838563
1.1533746562416727 0.35761214596946483 1.1533746562416727 0.35761214596946483
1.1464689701679485 0.36225763066185634 1.1464689701679485 0.36225763066185634
1.1477488782860779 0.31637001574483875 1.1477488782860779 0.31637001574483875
1.1494796631276389 0.31681216582201072 1.1494796631276389 0.31681216582201072
1.1519289418446041 0.3209020540358507 1.1519289418446041 0.3209020540358507
1.154677835416495 0.3209020540358507 1.154677835416495 0.3209020540358507
1.1555766799812721 0.31769646597635454 1.1555766799812721 0.31769646597635454
1.1522896432233496 0.37054794460882945 1.1522896432233496 0.37054794460882945
1.1557104885572587 0.30111002031823503 1.1557104885572587 0.30111002031823503
1.1461373576100695 0.42724787424195199 1.1461373576100695 0.42724787424195199
1.1430975758295128 0.43090143014279331 1.1430975758295128 0.43090143014279331
1.1429375873147467 0.36808121259934418 1.1429375873147467 0.36808121259934418
1.1334953560614573 0.41692716059849205 1.1334953560614573 0.41692716059849205
1.1435455436708581 0.2358987016995536 1.1435455436708581 0.2358987016995536
1.1400403407564361 0.23697207918953009 1.1400403407564361 0.23697207918953009
1.1055148192699014 0.32619912831565351 1.1055148192699014 0.32619912831565351
1.1305457496255866 0.42224168817081476 1.1305457496255866 0.42224168817081476
1.1128888353595778 0.39774890100116111 1.1128888353595778 0.39774890100116111
1.1192331071905772 0.39852266363621186 1.1192331071905772 0.39852266363621186
1.1191371140817175 0.39586976317318051 1.1191371140817175 0.39586976317318051
Frame 0 pass=0 total=5027.031331 note=init
Tour 593 0 1 3 4 -25 -5 -6 10 11 143 15 16 17 -18 -13 14 12 -24 -23 -22 -21 19 20 -41 42 43 44 45 46 -396 -47 -40 39 48 49 50 -38 -37 51 -52 59 -57 56 55 -54 -53 66 67 69 -36 -35 -34 -33 -32 -31 -30 -29 -28 -27 -26 93 -92 94 -96 -95 90 91 -89 88 -87 86 -85 -84 -83 -82 -81 -80 79 -78 -77 -70 -76 75 72 73 -74 -71 -68 581 65 -63 64 -58 60 61 62 391 392 393 394 395 397 398 399 -400 -401 389 390 388 -387 -386 -385 -402 403 405 406 -407 -404 409 408 -410 411 412 -413 -415 416 -417 425 381 426 -368 -367 -366 -365 364 362 -361 -360 -359 -358 -357 -356 -355 354 -353 348 -363 591 -346 276 277 278 279 280 281 -556 282 283 -284 555 558 559 -560 561 -562 -554 553 550 551 552 285 286 287 288 289 290 291 292 293 294 -295 296 297 306 -305 -298 299 300 301 302 304 -303 307 308 309 -310 311 312 -313 314 315 316 317 318 319 320 340 341 342 343 344 345 334 335 336 337 338 339 321 322 323 324 325 -327 328 330 -331 -329 -326 349 350 351 352 -373 372 -374 375 376 377 379 380 414 382 384 -383 419 420 421 -423 -422 424 -418 -378 -371 -370 369 332 -333 347 591 557 563 564 565 566 567 568 -542 543 540 541 549 548 -547 -546 -545 -544 -539 -538 -537 536 -535 -534 -572 569 570 571 573 574 576 533 -532 -531 -530 -529 -528 -527 577 575 578 -525 526 -524 593 515 516 522 523 579 580 -521 -520 -519 -518 -517 -427 428 429 431 432 433 -430 593 -512 513 -514 -511 -510 -509 -508 -507 -506 -505 -444 -443 -442 -441 440 -439 437 -436 -435 -434 438 445 446 447 448 449 450 451 452 453 -456 -455 -454 584 482 483 463 -464 -460 -459 -458 -457 584 -501 500 502 503 -504 -488 -487 -486 -485 -461 -484 462 -489 490 491 492 -493 477 -480 -481 479 -465 -466 474 -473 -475 -478 -476 -114 494 -113 -112 495 496 497 498 499 584 467 468 469 470 -471 472 -122 -121 120 -119 -118 -117 -116 -115 -275 -111 -274 -107 -106 -105 588 109 110 -270 -269 -268 264 265 267 266 123 124 125 -126 127 -263 -262 -261 -260 -259 258 128 129 130 -256 257 -255 -254 -252 -253 273 -272 -271 -108 101 102 103 -104 588 -248 -247 243 244 245 -249 251 -250 -208 -207 -206 -205 131 -204 -203 -202 -199 -198 -200 201 -209 -210 211 -212 197 -196 -195 -194 -193 -192 218 217 -213 214 215 -237 238 239 240 -241 242 583 133 134 230 232 233 234 -235 231 -227 -178 -226 -224 225 -222 -221 -236 97 98 99 100 246 216 -220 -219 -191 -189 190 223 -188 -187 -186 -185 -184 -183 -182 -177 171 -170 -169 -168 155 156 157 158 -150 -149 148 -140 -139 151 152 153 154 179 228 229 180 181 132 583 -135 136 -137 -2 7 138 141 8 9 142 144 145 146 147 161 -160 159 163 -162 164 165 166 167 172 173 174 175 -176
Frame 1 pass=1 total=5020.662282 note=mut_stat434
Tour 593 0 1 3 4 -25 -5 -6 10 11 143 15 16 17 -18 -13 14 12 -24 -23 -22 -21 19 20 -41 42 43 44 45 46 -396 -47 -40 39 48 49 50 -38 -37 51 -52 59 -57 56 55 -54 -53 66 67 69 -36 -35 -34 -33 -32 -31 -30 -29 -28 -27 -26 93 -92 94 -96 -95 90 91 -89 88 -87 86 -85 -84 -83 -82 -81 -80 79 -78 -77 -70 -76 75 72 73 -74 -71 -68 581 65 -63 64 -58 60 61 62 391 392 393 394 395 397 398 399 -400 -401 389 390 388 -387 -386 -385 -402 403 405 406 -407 -404 409 408 -410 411 412 -413 -415 416 -417 425 381 426 -368 -367 -366 -365 364 362 -361 -360 -359 -358 -357 -356 -355 354 -353 348 -363 591 -346 276 277 278 279 280 281 -556 282 283 -284 555 558 559 -560 561 -562 -554 553 550 551 552 285 286 287 288 289 290 291 292 293 294 -295 296 297 306 -305 -298 299 300 301 302 304 -303 307 308 309 -310 311 312 -313 314 315 316 317 318 319 320 340 341 342 343 344 345 334 335 336 337 338 339 321 322 323 324 325 -327 328 330 -331 -329 -326 349 350 351 352 -373 372 -374 375 376 377 379 380 414 382 384 -383 419 420 421 -423 -422 424 -418 -378 -371 -370 369 332 -333 347 591 557 563 564 565 566 567 568 -542 543 540 541 549 548 -547 -546 -545 -544 -539 -538 -537 536 -535 -534 -572 569 570 571 573 574 576 533 -532 -531 -530 -529 -528 -527 577 575 578 -525 526 -524 593 430 -434 -433 -432 -431 -429 -428 427 517 518 519 520 521 -580 -579 -523 -522 -516 -515 593 -512 513 -514 -511 -510 -509 -508 -507 -506 -505 -444 -443 -442 -441 440 -439 437 -436 435 438 445 446 447 448 449 450 451 452 453 -456 -455 -454 584 482 483 463 -464 -460 -459 -458 -457 584 -501 500 502 503 -504 -488 -487 -486 -485 -461 -484 462 -489 490 491 492 -493 477 -480 -481 479 -465 -466 474 -473 -475 -478 -476 -114 494 -113 -112 495 496 497 498 499 584 467 468 469 470 -471 472 -122 -121 120 -119 -118 -117 -116 -115 -275 -111 -274 -107 -106 -105 588 109 110 -270 -269 -268 264 265 267 266 123 124 125 -126 127 -263 -262 -261 -260 -259 258 128 129 130 -256 257 -255 -254 -252 -253 273 -272 -271 -108 101 102 103 -104 588 -248 -247 243 244 245 -249 251 -250 -208 -207 -206 -205 131 -204 -203 -202 -199 -198 -200 201 -209 -210 211 -212 197 -196 -195 -194 -193 -192 218 217 -213 214 215 -237 238 239 240 -241 242 583 133 134 230 232 233 234 -235 231 -227 -178 -226 -224 225 -222 -221 -236 97 98 99 100 246 216 -220 -219 -191 -189 190 223 -188 -187 -186 -185 -184 -183 -182 -177 171 -170 -169 -168 155 156 157 158 -150 -149 148 -140 -139 151 152 153 154 179 228 229 180 181 132 583 -135 136 -137 -2 7 138 141 8 9 142 144 145 146 147 161 -160 159 163 -162 164 165 166 167 172 173 174 175 -176
Frame 2 pass=1 total=5019.845468 note=mut_stat457
Tour 593 0 1 3 4 -25 -5 -6 10 11 143 15 16 17 -18 -13 14 12 -24 -23 -22 -21 19 20 -41 42 43 44 45 46 -396 -47 -40 39 48 49 50 -38 -37 51 -52 59 -57 56 55 -54 -53 66 67 69 -36 -35 -34 -33 -32 -31 -30 -29 -28 -27 -26 93 -92 94 -96 -95 90 91 -89 88 -87 86 -85 -84 -83 -82 -81 -80 79 -78 -77 -70 -76 75 72 73 -74 -71 -68 581 65 -63 64 -58 60 61 62 391 392 393 394 395 397 398 399 -400 -401 389 390 388 -387 -386 -385 -402 403 405 406 -407 -404 409 408 -410 411 412 -413 -415 416 -417 425 381 426 -368 -367 -366 -365 364 362 -361 -360 -359 -358 -357 -356 -355 354 -353 348 -363 591 -346 276 277 278 279 280 281 -556 282 283 -284 555 558 559 -560 561 -562 -554 553 550 551 552 285 286 287 288 289 290 291 292 293 294 -295 296 297 306 -305 -298 299 300 301 302 304 -303 307 308 309 -310 311 312 -313 314 315 316 317 318 319 320 340 341 342 343 344 345 334 335 336 337 338 339 321 322 323 324 325 -327 328 330 -331 -329 -326 349 350 351 352 -373 372 -374 375 376 377 379 380 414 382 384 -383 419 420 421 -423 -422 424 -418 -378 -371 -370 369 332 -333 347 591 557 563 564 565 566 567 568 -542 543 540 541 549 548 -547 -546 -545 -544 -539 -538 -537 536 -535 -534 -572 569 570 571 573 574 576 533 -532 -531 -530 -529 -528 -527 577 575 578 -525 526 -524 593 430 -434 -433 -432 -431 -429 -428 427 517 518 519 520 521 -580 -579 -523 -522 -516 -515 593 -512 513 -514 -511 -510 -509 -508 -507 -506 -505 -444 -443 -442 -441 440 -439 437 -436 435 438 445 446 447 448 449 450 451 452 453 457 -456 -455 -454 584 482 483 463 -464 -458 459 460 584 -501 500 502 503 -504 -488 -487 -486 -485 -461 -484 462 -489 490 491 492 -493 477 -480 -481 479 -465 -466 474 -473 -475 -478 -476 -114 494 -113 -112 495 496 497 498 499 584 467 468 469 470 -471 472 -122 -121 120 -119 -118 -117 -116 -115 -275 -111 -274 -107 -106 -105 588 109 110 -270 -269 -268 264 265 267 266 123 124 125 -126 127 -263 -262 -261 -260 -259 258 128 129 130 -256 257 -255 -254 -252 -253 273 -272 -271 -108 101 102 103 -104 588 -248 -247 243 244 245 -249 251 -250 -208 -207 -206 -205 131 -204 -203 -202 -199 -198 -200 201 -209 -210 211 -212 197 -196 -195 -194 -193 -192 218 217 -213 214 215 -237 238 239 240 -241 242 583 133 134 230 232 233 234 -235 231 -227 -178 -226 -224 225 -222 -221 -236 97 98 99 100 246 216 -220 -219 -191 -189 190 223 -188 -187 -186 -185 -184 -183 -182 -177 171 -170 -169 -168 155 156 157 158 -150 -149 148 -140 -139 151 152 153 154 179 228 229 180 181 132 583 -135 136 -137 -2 7 138 141 8 9 142 144 145 146 147 161 -160 159 163 -162 164 165 166 167 172 173 174 175 -176
Frame 3 pass=1 total=5013.978250 note=cap_b6
Tour 593 0 1 3 4 -25 -5 -6 10 11 143 15 16 17 -18 -13 14 12 -24 -23 -22 -21 19 20 -41 42 43 44 45 46 -396 -47 -40 39 48 49 50 -38 -37 51 -52 59 -57 56 55 -54 -53 66 67 69 -36 -35 -34 -33 -32 -31 -30 -29 -28 -27 -26 93 -92 94 -96 -95 90 91 -89 88 -87 86 -85 -84 -83 -82 -81 -80 79 -78 -77 -70 -76 75 72 73 -74 -71 -68 581 65 -63 64 -58 60 61 62 391 392 393 394 395 397 398 399 -400 -401 389 390 388 -387 -386 -385 -402 403 405 406 -407 -404 409 408 -410 411 412 -413 -415 416 -417 425 381 426 -368 -367 -366 -365 364 362 -361 -360 -359 -358 -357 -356 -355 354 -353 348 -363 591 -346 276 277 278 279 280 281 -556 282 283 -284 555 558 559 -560 561 -562 -554 553 550 551 552 285 286 287 288 289 290 291 292 293 294 -295 296 297 306 -305 -298 299 300 301 302 304 -303 307 308 309 -310 311 312 -313 314 315 316 317 318 319 320 340 341 342 343 344 345 334 335 336 337 338 339 321 322 323 324 325 -327 328 330 -331 -329 -326 349 350 351 352 -373 372 -374 375 376 377 379 380 414 382 384 -383 419 420 421 -423 -422 424 -418 -378 -371 -370 369 332 -333 347 591 557 563 564 565 566 567 568 -542 543 540 541 549 548 -547 -546 -545 -544 -539 -538 -537 536 -535 -534 -572 569 570 571 573 574 576 533 -532 -531 -530 -529 -528 -527 577 575 578 -525 526 -524 593 430 -434 -433 -432 -431 -429 -428 427 517 518 519 520 521 -580 -579 -523 -522 -516 -515 593 -512 513 -514 -511 -510 -509 -508 -507 -506 -505 -444 -443 -442 -441 440 -439 437 -436 435 438 445 446 447 448 449 450 451 452 453 -455 -454 584 482 483 463 -464 -460 -459 -458 -457 -456 584 -501 500 502 503 -504 -488 -487 -486 -485 -461 -484 462 -489 490 491 492 -493 477 -480 -481 479 -465 -466 474 -473 -475 -478 -476 -114 494 -113 -112 495 496 497 498 499 584 467 468 469 470 -471 472 -122 -121 120 -119 -118 -117 -116 -115 -275 -111 -274 -107 -106 -105 588 109 110 -270 -269 -268 264 265 267 266 123 124 125 -126 127 -263 -262 -261 -260 -259 258 128 129 130 -256 257 -255 -254 -252 -253 273 -272 -271 -108 101 102 103 -104 588 -248 -247 243 244 245 -249 251 -250 -208 -207 -206 -205 131 -204 -203 -202 -199 -198 -200 201 -209 -210 211 -212 197 -196 -195 -194 -193 -192 218 217 -213 214 215 -237 238 239 240 -241 242 583 133 134 230 232 233 234 -235 231 -227 -178 -226 -224 225 -222 -221 -236 97 98 99 100 246 216 -220 -219 -191 -189 190 223 -188 -187 -186 -185 -184 -183 -182 -177 171 -170 -169 -168 155 156 157 158 -150 -149 148 -140 -139 151 152 153 154 179 228 229 180 181 132 583 -135 136 -137 -2 7 138 141 8 9 142 144 145 146 147 161 -160 159 163 -162 164 165 166 167 172 173 174 175 -176
Frame 4 pass=1 total=4965.108286 note=cap_b7
Tour 593 0 1 3 4 -25 -5 -6 10 11 143 15 16 17 -18 -13 14 12 -24 -23 -22 -21 19 20 -41 42 43 44 45 46 -396 -47 -40 39 48 49 50 -38 -37 51 -52 59 -57 56 55 -54 -53 66 67 69 -36 -35 -34 -33 -32 -31 -30 -29 -28 -27 -26 93 -92 94 -96 -95 90 91 -89 88 -87 86 -85 -84 -83 -82 -81 -80 79 -78 -77 -70 -76 75 72 73 -74 -71 -68 581 65 -63 64 -58 60 61 62 391 392 393 394 395 397 398 399 -400 -401 389 390 388 -387 -386 -385 -402 403 405 406 -407 -404 409 408 -410 411 412 -413 -415 416 -417 425 381 426 -368 -367 -366 -365 364 362 -361 -360 -359 -358 -357 -356 -355 354 -353 348 -363 591 -346 276 277 278 279 280 281 -556 282 283 -284 555 558 559 -560 561 -562 -554 553 550 551 552 285 286 287 288 289 290 291 292 293 294 -295 296 297 306 -305 -298 299 300 301 302 304 -303 307 308 309 -310 311 312 -313 314 315 316 317 318 319 320 340 341 342 343 344 345 334 335 336 337 338 339 321 322 323 324 325 -327 328 330 -331 -329 -326 349 350 351 352 -373 372 -374 375 376 377 379 380 414 382 384 -383 419 420 421 -423 -422 424 -418 -378 -371 -370 369 332 -333 347 591 557 563 564 565 566 567 568 -542 543 540 541 549 548 -547 -546 -545 -544 -539 -538 -537 536 -535 -534 -572 569 570 571 573 574 576 533 -532 -531 -530 -529 -528 -527 577 575 578 -525 526 -524 593 430 -434 -433 -432 -431 -429 -428 427 517 518 519 520 521 -580 -579 -523 -522 -516 -515 593 -512 513 -514 -511 -510 -509 -508 -507 -506 -505 -444 -443 -442 -441 440 -439 437 -436 435 438 445 446 447 448 449 450 451 452 453 -455 -454 584 500 502 -488 489 490 491 492 -493 482 483 -462 463 464 465 -466 474 -473 -475 479 480 -481 -478 -477 -476 -114 494 -113 -112 495 496 497 498 499 584 -487 486 484 -460 -459 -458 -457 -456 461 485 -504 -503 501 584 467 468 469 470 -471 472 -122 -121 120 -119 -118 -117 -116 -115 -275 -111 -274 -107 -106 -105 588 109 110 -270 -269 -268 264 265 267 266 123 124 125 -126 127 -263 -262 -261 -260 -259 258 128 129 130 -256 257 -255 -254 -252 -253 273 -272 -271 -108 101 102 103 -104 588 -248 -247 243 244 245 -249 251 -250 -208 -207 -206 -205 131 -204 -203 -202 -199 -198 -200 201 -209 -210 211 -212 197 -196 -195 -194 -193 -192 218 217 -213 214 215 -237 238 239 240 -241 242 583 133 134 230 232 233 234 -235 231 -227 -178 -226 -224 225 -222 -221 -236 97 98 99 100 246 216 -220 -219 -191 -189 190 223 -188 -187 -186 -185 -184 -183 -182 -177 171 -170 -169 -168 155 156 157 158 -150 -149 148 -140 -139 151 152 153 154 179 228 229 180 181 132 583 -135 136 -137 -2 7 138 141 8 9 142 144 145 146 147 161 -160 159 163 -162 164 165 166 167 172 173 174 175 -176
Frame 5 pass=1 total=4965.050613 note=cap_b8
Tour 593 0 1 3 4 -25 -5 -6 10 11 143 15 16 17 -18 -13 14 12 -24 -23 -22 -21 19 20 -41 42 43 44 45 46 -396 -47 -40 39 48 49 50 -38 -37 51 -52 59 -57 56 55 -54 -53 66 67 69 -36 -35 -34 -33 -32 -31 -30 -29 -28 -27 -26 93 -92 94 -96 -95 90 91 -89 88 -87 86 -85 -84 -83 -82 -81 -80 79 -78 -77 -70 -76 75 72 73 -74 -71 -68 581 65 -63 64 -58 60 61 62 391 392 393 394 395 397 398 399 -400 -401 389 390 388 -387 -386 -385 -402 403 405 406 -407 -404 409 408 -410 411 412 -413 -415 416 -417 425 381 426 -368 -367 -366 -365 364 362 -361 -360 -359 -358 -357 -356 -355 354 -353 348 -363 591 -346 276 277 278 279 280 281 -556 282 283 -284 555 558 559 -560 561 -562 -554 553 550 551 552 285 286 287 288 289 290 291 292 293 294 -295 296 297 306 -305 -298 299 300 301 302 304 -303 307 308 309 -310 311 312 -313 314 315 316 317 318 319 320 340 341 342 343 344 345 334 335 336 337 338 339 321 322 323 324 325 -327 328 330 -331 -329 -326 349 350 351 352 -373 372 -374 375 376 377 379 380 414 382 384 -383 419 420 421 -423 -422 424 -418 -378 -371 -370 369 332 -333 347 591 557 563 564 565 566 567 568 -542 543 540 541 549 548 -547 -546 -545 -544 -539 -538 -537 536 -535 -534 -572 569 570 571 573 574 576 533 -532 -531 -530 -529 -528 -527 577 575 578 -525 526 -524 593 430 -434 -433 -432 -431 -429 -428 427 517 518 519 520 521 -580 -579 -523 -522 -516 -515 593 -512 513 -514 -511 -510 -509 -508 -507 -506 -505 -444 -443 -442 -441 440 -439 437 -436 435 438 445 446 447 448 449 450 451 452 453 -455 -454 584 500 502 -488 489 490 491 492 -493 482 483 -462 463 464 465 -466 474 -473 -475 479 480 -481 -478 -477 -476 -114 494 -113 -112 495 496 497 498 499 584 503 504 -485 -461 456 457 458 459 460 -484 -486 487 584 -501 467 468 469 470 -471 472 -122 -121 120 -119 -118 -117 -116 -115 -275 -111 -274 -107 -106 -105 588 109 110 -270 -269 -268 264 265 267 266 123 124 125 -126 127 -263 -262 -261 -260 -259 258 128 129 130 -256 257 -255 -254 -252 -253 273 -272 -271 -108 101 102 103 -104 588 -248 -247 243 244 245 -249 251 -250 -208 -207 -206 -205 131 -204 -203 -202 -199 -198 -200 201 -209 -210 211 -212 197 -196 -195 -194 -193 -192 218 217 -213 214 215 -237 238 239 240 -241 242 583 133 134 230 232 233 234 -235 231 -227 -178 -226 -224 225 -222 -221 -236 97 98 99 100 246 216 -220 -219 -191 -189 190 223 -188 -187 -186 -185 -184 -183 -182 -177 171 -170 -169 -168 155 156 157 158 -150 -149 148 -140 -139 151 152 153 154 179 228 229 180 181 132 583 -135 136 -137 -2 7 138 141 8 9 142 144 145 146 147 161 -160 159 163 -162 164 165 166 167 172 173 174 175 -176
Frame 6 pass=1 total=4955.029351 note=cap_b10
Tour 593 0 1 3 4 -25 -5 -6 10 11 143 15 16 17 -18 -13 14 12 -24 -23 -22 -21 19 20 -41 42 43 44 45 46 -396 -47 -40 39 48 49 50 -38 -37 51 -52 59 -57 56 55 -54 -53 66 67 69 -36 -35 -34 -33 -32 -31 -30 -29 -28 -27 -26 93 -92 94 -96 -95 90 91 -89 88 -87 86 -85 -84 -83 -82 -81 -80 79 -78 -77 -70 -76 75 72 73 -74 -71 -68 581 65 -63 64 -58 60 61 62 391 392 393 394 395 397 398 399 -400 -401 389 390 388 -387 -386 -385 -402 403 405 406 -407 -404 409 408 -410 411 412 -413 -415 416 -417 425 381 426 -368 -367 -366 -365 364 362 -361 -360 -359 -358 -357 -356 -355 354 -353 348 -363 591 -346 276 277 278 279 280 281 -556 282 283 -284 555 558 559 -560 561 -562 -554 553 550 551 552 285 286 287 288 289 290 291 292 293 294 -295 296 297 306 -305 -298 299 300 301 302 304 -303 307 308 309 -310 311 312 -313 314 315 316 317 318 319 320 340 341 342 343 344 345 334 335 336 337 338 339 321 322 323 324 325 -327 328 330 -331 -329 -326 349 350 351 352 -373 372 -374 375 376 377 379 380 414 382 384 -383 419 420 421 -423 -422 424 -418 -378 -371 -370 369 332 -333 347 591 557 563 564 565 566 567 568 -542 543 540 541 549 548 -547 -546 -545 -544 -539 -538 -537 536 -535 -534 -572 569 570 571 573 574 576 533 -532 -531 -530 -529 -528 -527 577 575 578 -525 526 -524 593 430 -434 -433 -432 -431 -429 -428 427 517 518 519 520 521 -580 -579 -523 -522 -516 -515 593 -512 513 -514 -511 -510 -509 -508 -507 -506 -505 -444 -443 -442 -441 440 -439 437 -436 435 438 445 446 447 448 449 450 451 452 453 -455 -454 584 500 502 -488 489 490 491 492 -493 482 483 -462 463 464 465 -466 474 -473 -475 479 480 -481 -478 -477 -476 -114 494 -113 -112 495 496 497 498 499 584 503 504 -485 -461 456 457 458 459 460 -484 -486 487 584 -501 467 468 469 470 -471 472 -122 -121 120 -119 -118 -117 -116 -115 -275 -111 -274 -107 -106 -105 588 109 110 -270 -269 -268 264 265 267 266 123 124 125 -126 127 128 -258 -257 -256 205 -206 209 210 211 -212 -208 -250 -244 -243 245 247 248 -249 251 -207 -255 -254 -253 252 101 102 103 -104 588 108 271 272 273 -260 261 262 263 -259 129 130 131 -204 -203 -202 199 -201 200 -198 -197 -196 -195 -194 -193 -192 218 217 -213 214 215 -237 238 239 240 -241 242 583 133 134 230 232 233 234 -235 231 -227 -178 -226 -224 225 -222 -221 -236 97 98 99 100 246 216 -220 -219 -191 -189 190 223 -188 -187 -186 -185 -184 -183 -182 -177 171 -170 -169 -168 155 156 157 158 -150 -149 148 -140 -139 151 152 153 154 179 228 229 180 181 132 583 -135 136 -137 -2 7 138 141 8 9 142 144 145 146 147 161 -160 159 163 -162 164 165 166 167 172 173 174 175 -176
Frame 7 pass=1 total=4916.372915 note=cap_b11
Tour 593 0 1 3 4 -25 -5 -6 10 11 143 15 16 17 -18 -13 14 12 -24 -23 -22 -21 19 20 -41 42 43 44 45 46 -396 -47 -40 39 48 49 50 -38 -37 51 -52 59 -57 56 55 -54 -53 66 67 69 -36 -35 -34 -33 -32 -31 -30 -29 -28 -27 -26 93 -92 94 -96 -95 90 91 -89 88 -87 86 -85 -84 -83 -82 -81 -80 79 -78 -77 -70 -76 75 72 73 -74 -71 -68 581 65 -63 64 -58 60 61 62 391 392 393 394 395 397 398 399 -400 -401 389 390 388 -387 -386 -385 -402 403 405 406 -407 -404 409 408 -410 411 412 -413 -415 416 -417 425 381 426 -368 -367 -366 -365 364 362 -361 -360 -359 -358 -357 -356 -355 354 -353 348 -363 591 -346 276 277 278 279 280 281 -556 282 283 -284 555 558 559 -560 561 -562 -554 553 550 551 552 285 286 287 288 289 290 291 292 293 294 -295 296 297 306 -305 -298 299 300 301 302 304 -303 307 308 309 -310 311 312 -313 314 315 316 317 318 319 320 340 341 342 343 344 345 334 335 336 337 338 339 321 322 323 324 325 -327 328 330 -331 -329 -326 349 350 351 352 -373 372 -374 375 376 377 379 380 414 382 384 -383 419 420 421 -423 -422 424 -418 -378 -371 -370 369 332 -333 347 591 557 563 564 565 566 567 568 -542 543 540 541 549 548 -547 -546 -545 -544 -539 -538 -537 536 -535 -534 -572 569 570 571 573 574 576 533 -532 -531 -530 -529 -528 -527 577 575 578 -525 526 -524 593 430 -434 -433 -432 -431 -429 -428 427 517 518 519 520 521 -580 -579 -523 -522 -516 -515 593 -512 513 -514 -511 -510 -509 -508 -507 -506 -505 -444 -443 -442 -441 440 -439 437 -436 435 438 445 446 447 448 449 450 451 452 453 -455 -454 584 500 502 -488 489 490 491 492 -493 482 483 -462 463 464 465 -466 474 -473 -475 479 480 -481 -478 -477 -476 -114 494 -113 -112 495 496 497 498 499 584 503 504 -485 -461 456 457 458 459 460 -484 -486 487 584 -501 467 468 469 470 -471 472 -122 -121 120 -119 -118 -117 -116 -115 -275 -111 -274 -107 -106 -105 588 109 110 -270 -269 -268 264 265 267 266 123 124 125 -126 127 128 -258 -257 -256 205 -206 209 210 211 -212 -208 -250 -244 -243 245 247 248 -249 251 -207 -255 -254 -253 252 101 102 103 -104 588 108 271 272 273 -260 261 262 263 -259 129 130 131 -204 -203 -202 199 -201 200 -198 -197 -196 -195 -194 -193 213 214 215 -237 238 239 240 -241 242 246 -100 -99 -98 -97 -233 -232 -230 583 -132 -229 -228 -178 227 -231 235 -234 236 221 222 -225 -224 -223 190 219 220 216 217 -218 -192 -191 -189 -188 -187 -186 -185 -184 183 182 226 -177 171 -170 -169 -168 155 156 157 158 -150 -149 148 -140 -139 151 152 153 154 179 180 181 -134 -133 583 -135 136 -137 -2 7 138 141 8 9 142 144 145 146 147 161 -160 159 163 -162 164 165 166 167 172 173 174 175 -176
Frame 8 pass=1 total=4878.074161 note=cap_b12
Tour 593 0 1 3 4 -25 -5 -6 10 11 143 15 16 17 -18 -13 14 12 -24 -23 -22 -21 19 20 -41 42 43 44 45 46 -396 -47 -40 39 48 49 50 -38 -37 51 -52 59 -57 56 55 -54 -53 66 67 69 -36 -35 -34 -33 -32 -31 -30 -29 -28 -27 -26 93 -92 94 -96 -95 90 91 -89 88 -87 86 -85 -84 -83 -82 -81 -80 79 -78 -77 -70 -76 75 72 73 -74 -71 -68 581 65 -63 64 -58 60 61 62 391 392 393 394 395 397 398 399 -400 -401 389 390 388 -387 -386 -385 -402 403 405 406 -407 -404 409 408 -410 411 412 -413 -415 416 -417 425 381 426 -368 -367 -366 -365 364 362 -361 -360 -359 -358 -357 -356 -355 354 -353 348 -363 591 -346 276 277 278 279 280 281 -556 282 283 -284 555 558 559 -560 561 -562 -554 553 550 551 552 285 286 287 288 289 290 291 292 293 294 -295 296 297 306 -305 -298 299 300 301 302 304 -303 307 308 309 -310 311 312 -313 314 315 316 317 318 319 320 340 341 342 343 344 345 334 335 336 337 338 339 321 322 323 324 325 -327 328 330 -331 -329 -326 349 350 351 352 -373 372 -374 375 376 377 379 380 414 382 384 -383 419 420 421 -423 -422 424 -418 -378 -371 -370 369 332 -333 347 591 557 563 564 565 566 567 568 -542 543 540 541 549 548 -547 -546 -545 -544 -539 -538 -537 536 -535 -534 -572 569 570 571 573 574 576 533 -532 -531 -530 -529 -528 -527 577 575 578 -525 526 -524 593 430 -434 -433 -432 -431 -429 -428 427 517 518 519 520 521 -580 -579 -523 -522 -516 -515 593 -512 513 -514 -511 -510 -509 -508 -507 -506 -505 -444 -443 -442 -441 440 -439 437 -436 435 438 445 446 447 448 449 450 451 452 453 -455 -454 584 500 502 -488 489 490 491 492 -493 482 483 -462 463 464 465 -466 474 -473 -475 479 480 -481 -478 -477 -476 -114 494 -113 -112 495 496 497 498 499 584 503 504 -485 -461 456 457 458 459 460 -484 -486 487 584 -501 467 468 469 470 -471 472 -122 -121 120 -119 -118 -117 -116 -115 -275 -111 -274 -107 -106 -105 588 109 110 -270 -269 -268 264 265 267 266 123 124 125 -126 127 128 -258 -257 -256 205 -206 209 210 211 -212 -208 -250 -244 -243 245 247 248 -249 251 -207 -255 -254 -253 252 101 102 103 -104 588 108 271 272 273 -260 261 262 263 -259 129 130 131 -204 -203 -202 199 -201 200 -198 -197 -196 -195 -194 -193 213 214 215 -237 238 239 240 -241 242 246 -100 -99 -98 -97 -233 -232 -230 583 235 -234 236 221 222 -225 -224 -223 190 219 220 216 217 -218 -192 -191 -189 -188 -187 -186 -185 -184 183 182 226 227 -231 583 133 134 -132 -181 -229 -228 -178 -177 -176 -175 -174 -173 -172 -171 -170 -169 -168 -167 -166 -165 -164 -163 -162 -161 -160 159 -158 -157 -156 -155 -154 -153 -152 -151 -138 -141 -140 -139 -150 -149 -148 -147 -146 -145 -144 -142 -9 -8 -7 2 137 -136 135 179 180
Frame 9 pass=2 total=4864.328218 note=cap_b3
Tour 593 0 1 3 4 -25 -5 -6 10 11 143 15 16 17 -18 -13 14 12 -24 -23 -22 -21 19 20 -41 42 43 44 45 46 -396 -47 -40 39 48 49 50 -38 -37 51 -52 59 -57 56 55 -54 -53 66 67 69 -36 -35 -34 -33 -32 -31 -30 -29 -28 -27 -26 93 -92 94 -96 -95 90 91 -89 88 -87 86 -85 -84 -83 -82 -81 -80 79 -78 -77 -70 -76 75 72 73 -74 -71 -68 581 65 -63 64 -58 60 61 62 391 392 393 394 395 397 398 399 -400 -401 389 390 388 -387 -386 -385 -402 403 405 406 -407 -404 409 408 -410 411 412 -413 -415 416 -417 425 381 426 -368 -367 -366 -365 364 362 -361 -360 -359 -358 -357 -356 -355 354 -353 348 -363 591 -346 276 277 278 279 280 281 557 -556 282 283 -284 555 558 559 -554 553 550 551 552 285 286 287 288 289 290 291 292 293 294 -295 296 297 306 -305 -298 299 300 301 302 304 -303 307 308 309 -310 311 312 -313 314 315 316 317 318 319 320 340 341 342 343 344 345 334 335 336 337 338 339 321 322 323 324 325 -327 328 330 -331 -329 -326 349 350 351 352 -373 372 -374 375 376 377 379 380 414 382 384 -383 419 420 421 -423 -422 424 -418 -378 -371 -370 369 332 -333 347 591 -561 560 562 563 564 565 566 567 568 -542 543 540 541 549 548 -547 -546 -545 -544 -539 -538 -537 536 -535 -534 -572 569 570 571 573 574 576 533 -532 -531 -530 -529 -528 -527 577 575 578 -525 526 -524 593 430 -434 -433 -432 -431 -429 -428 427 517 518 519 520 521 -580 -579 -523 -522 -516 -515 593 -512 513 -514 -511 -510 -509 -508 -507 -506 -505 -444 -443 -442 -441 440 -439 437 -436 435 438 445 446 447 448 449 450 451 452 453 -455 -454 584 500 502 -488 489 490 491 492 -493 482 483 -462 463 464 465 -466 474 -473 -475 479 480 -481 -478 -477 -476 -114 494 -113 -112 495 496 497 498 499 584 503 504 -485 -461 456 457 458 459 460 -484 -486 487 584 -501 467 468 469 470 -471 472 -122 -121 120 -119 -118 -117 -116 -115 -275 -111 -274 -107 -106 -105 588 109 110 -270 -269 -268 264 265 267 266 123 124 125 -126 127 128 -258 -257 -256 205 -206 209 210 211 -212 -208 -250 -244 -243 245 247 248 -249 251 -207 -255 -254 -253 252 101 102 103 -104 588 108 271 272 273 -260 261 262 263 -259 129 130 131 -204 -203 -202 199 -201 200 -198 -197 -196 -195 -194 -193 213 214 215 -237 238 239 240 -241 242 246 -100 -99 -98 -97 -233 -232 -230 583 235 -234 236 221 222 -225 -224 -223 190 219 220 216 217 -218 -192 -191 -189 -188 -187 -186 -185 -184 183 182 226 227 -231 583 133 134 -132 -181 -229 -228 -178 -177 -176 -175 -174 -173 -172 -171 -170 -169 -168 -167 -166 -165 -164 -163 -162 -161 -160 159 -158 -157 -156 -155 -154 -153 -152 -151 -138 -141 -140 -139 -150 -149 -148 -147 -146 -145 -144 -142 -9 -8 -7 2 137 -136 135 179 180
Frame 10 pass=2 total=4852.669314 note=cap_b4
Tour 593 0 1 3 4 -25 -5 -6 10 11 143 15 16 17 -18 -13 14 12 -24 -23 -22 -21 19 20 -41 42 43 44 45 46 -396 -47 -40 39 48 49 50 -38 -37 51 -52 59 -57 56 55 -54 -53 66 67 69 -36 -35 -34 -33 -32 -31 -30 -29 -28 -27 -26 93 -92 94 -96 -95 90 91 -89 88 -87 86 -85 -84 -83 -82 -81 -80 79 -78 -77 -70 -76 75 72 73 -74 -71 -68 581 65 -63 64 -58 60 61 62 391 392 393 394 395 397 398 399 -400 -401 389 390 388 -387 -386 -385 -402 403 405 406 -407 -404 409 408 -410 411 412 -413 -415 416 -417 425 381 426 -368 -367 -366 -365 364 362 -361 -360 -359 -358 -357 -356 -355 354 -353 348 -363 591 -346 276 277 278 279 280 281 557 -556 282 283 -284 555 558 559 -554 553 550 551 552 285 286 287 288 289 290 291 292 293 294 -295 296 297 306 -305 -298 299 300 301 302 304 -303 307 308 309 -310 311 312 -313 314 315 316 317 318 319 320 340 341 342 343 344 345 334 335 336 337 338 339 321 322 323 324 325 -327 328 330 -331 -329 -326 349 350 351 352 -373 372 -374 375 376 377 379 380 414 382 384 -383 419 420 421 -423 -422 424 -418 -378 -371 -370 369 332 -333 347 591 -561 560 562 563 564 565 566 567 568 -542 543 540 541 549 548 -547 -546 -545 -544 -539 -538 -537 536 -535 -534 -572 569 570 571 573 574 576 533 -532 -531 -530 -529 -528 -527 577 575 -526 -523 -522 -519 -518 -517 -427 593 515 516 521 524 525 578 579 580 -520 428 429 431 432 433 434 -430 593 -512 513 -514 -511 -510 -509 -508 -507 -506 -505 -444 -443 -442 -441 440 -439 437 -436 435 438 445 446 447 448 449 450 451 452 453 -455 -454 584 500 502 -488 489 490 491 492 -493 482 483 -462 463 464 465 -466 474 -473 -475 479 480 -481 -478 -477 -476 -114 494 -113 -112 495 496 497 498 499 584 503 504 -485 -461 456 457 458 459 460 -484 -486 487 584 -501 467 468 469 470 -471 472 -122 -121 120 -119 -118 -117 -116 -115 -275 -111 -274 -107 -106 -105 588 109 110 -270 -269 -268 264 265 267 266 123 124 125 -126 127 128 -258 -257 -256 205 -206 209 210 211 -212 -208 -250 -244 -243 245 247 248 -249 251 -207 -255 -254 -253 252 101 102 103 -104 588 108 271 272 273 -260 261 262 263 -259 129 130 131 -204 -203 -202 199 -201 200 -198 -197 -196 -195 -194 -193 213 214 215 -237 238 239 240 -241 242 246 -100 -99 -98 -97 -233 -232 -230 583 235 -234 236 221 222 -225 -224 -223 190 219 220 216 217 -218 -192 -191 -189 -188 -187 -186 -185 -184 183 182 226 227 -231 583 133 134 -132 -181 -229 -228 -178 -177 -176 -175 -174 -173 -172 -171 -170 -169 -168 -167 -166 -165 -164 -163 -162 -161 -160 159 -158 -157 -156 -155 -154 -153 -152 -151 -138 -141 -140 -139 -150 -149 -148 -147 -146 -145 -144 -142 -9 -8 -7 2 137 -136 135 179 180
Frame 11 pass=2 total=4835.363234 note=cap_b5
Tour 593 0 1 3 4 -25 -5 -6 10 11 143 15 16 17 -18 -13 14 12 -24 -23 -22 -21 19 20 -41 42 43 44 45 46 -396 -47 -40 39 48 49 50 -38 -37 51 -52 59 -57 56 55 -54 -53 66 67 69 -36 -35 -34 -33 -32 -31 -30 -29 -28 -27 -26 93 -92 94 -96 -95 90 91 -89 88 -87 86 -85 -84 -83 -82 -81 -80 79 -78 -77 -70 -76 75 72 73 -74 -71 -68 581 65 -63 64 -58 60 61 62 391 392 393 394 395 397 398 399 -400 -401 389 390 388 -387 -386 -385 -402 403 405 406 -407 -404 409 408 -410 411 412 -413 -415 416 -417 425 381 426 -368 -367 -366 -365 364 362 -361 -360 -359 -358 -357 -356 -355 354 -353 348 -363 591 -346 276 277 278 279 280 281 557 -556 282 283 -284 555 558 559 -554 553 550 551 552 285 286 287 288 289 290 291 292 293 294 -295 296 297 306 -305 -298 299 300 301 302 304 -303 307 308 309 -310 311 312 -313 314 315 316 317 318 319 320 340 341 342 343 344 345 334 335 336 337 338 339 321 322 323 324 325 -327 328 330 -331 -329 -326 349 350 351 352 -373 372 -374 375 376 377 379 380 414 382 384 -383 419 420 421 -423 -422 424 -418 -378 -371 -370 369 332 -333 347 591 -561 560 562 563 564 565 566 567 568 -542 543 540 541 549 548 -547 -546 -545 -544 -539 -538 -537 536 -535 -534 -572 569 570 571 573 574 576 533 -532 -531 -530 -529 -528 -527 577 575 -526 -523 -522 -519 -518 -517 -427 593 515 516 521 524 525 578 579 580 -520 428 429 430 431 432 435 436 512 513 593 -514 -511 -510 -509 -508 -507 -506 -505 -444 -443 -442 -441 440 -439 437 438 -433 -434 445 446 447 448 449 450 451 452 453 -455 -454 584 500 502 -488 489 490 491 492 -493 482 483 -462 463 464 465 -466 474 -473 -475 479 480 -481 -478 -477 -476 -114 494 -113 -112 495 496 497 498 499 584 503 504 -485 -461 456 457 458 459 460 -484 -486 487 584 -501 467 468 469 470 -471 472 -122 -121 120 -119 -118 -117 -116 -115 -275 -111 -274 -107 -106 -105 588 109 110 -270 -269 -268 264 265 267 266 123 124 125 -126 127 128 -258 -257 -256 205 -206 209 210 211 -212 -208 -250 -244 -243 245 247 248 -249 251 -207 -255 -254 -253 252 101 102 103 -104 588 108 271 272 273 -260 261 262 263 -259 129 130 131 -204 -203 -202 199 -201 200 -198 -197 -196 -195 -194 -193 213 214 215 -237 238 239 240 -241 242 246 -100 -99 -98 -97 -233 -232 -230 583 235 -234 236 221 222 -225 -224 -223 190 219 220 216 217 -218 -192 -191 -189 -188 -187 -186 -185 -184 183 182 226 227 -231 583 133 134 -132 -181 -229 -228 -178 -177 -176 -175 -174 -173 -172 -171 -170 -169 -168 -167 -166 -165 -164 -163 -162 -161 -160 159 -158 -157 -156 -155 -154 -153 -152 -151 -138 -141 -140 -139 -150 -149 -148 -147 -146 -145 -144 -142 -9 -8 -7 2 137 -136 135 179 180
Frame 12 pass=2 total=4828.697470 note=cap_b7
Tour 593 0 1 3 4 -25 -5 -6 10 11 143 15 16 17 -18 -13 14 12 -24 -23 -22 -21 19 20 -41 42 43 44 45 46 -396 -47 -40 39 48 49 50 -38 -37 51 -52 59 -57 56 55 -54 -53 66 67 69 -36 -35 -34 -33 -32 -31 -30 -29 -28 -27 -26 93 -92 94 -96 -95 90 91 -89 88 -87 86 -85 -84 -83 -82 -81 -80 79 -78 -77 -70 -76 75 72 73 -74 -71 -68 581 65 -63 64 -58 60 61 62 391 392 393 394 395 397 398 399 -400 -401 389 390 388 -387 -386 -385 -402 403 405 406 -407 -404 409 408 -410 411 412 -413 -415 416 -417 425 381 426 -368 -367 -366 -365 364 362 -361 -360 -359 -358 -357 -356 -355 354 -353 348 -363 591 -346 276 277 278 279 280 281 557 -556 282 283 -284 555 558 559 -554 553 550 551 552 285 286 287 288 289 290 291 292 293 294 -295 296 297 306 -305 -298 299 300 301 302 304 -303 307 308 309 -310 311 312 -313 314 315 316 317 318 319 320 340 341 342 343 344 345 334 335 336 337 338 339 321 322 323 324 325 -327 328 330 -331 -329 -326 349 350 351 352 -373 372 -374 375 376 377 379 380 414 382 384 -383 419 420 421 -423 -422 424 -418 -378 -371 -370 369 332 -333 347 591 -561 560 562 563 564 565 566 567 568 -542 543 540 541 549 548 -547 -546 -545 -544 -539 -538 -537 536 -535 -534 -572 569 570 571 573 574 576 533 -532 -531 -530 -529 -528 -527 577 575 -526 -523 -522 -519 -518 -517 -427 593 515 516 521 524 525 578 579 580 -520 428 429 430 431 432 435 436 512 513 593 -514 -511 -510 -509 -508 -507 -506 -505 -444 -443 -442 -441 440 -439 437 438 -433 -434 445 446 447 448 449 450 451 452 453 -455 -454 584 -499 -498 -497 -496 -495 112 113 -494 114 476 477 478 481 -480 -479 475 473 -474 466 -465 -464 -463 -483 -482 493 -492 -491 -490 -489 488 -502 -500 584 -487 486 -462 484 -460 -459 -458 -457 -456 461 485 -504 -503 584 -501 467 468 469 470 -471 472 -122 -121 120 -119 -118 -117 -116 -115 -275 -111 -274 -107 -106 -105 588 109 110 -270 -269 -268 264 265 267 266 123 124 125 -126 127 128 -258 -257 -256 205 -206 209 210 211 -212 -208 -250 -244 -243 245 247 248 -249 251 -207 -255 -254 -253 252 101 102 103 -104 588 108 271 272 273 -260 261 262 263 -259 129 130 131 -204 -203 -202 199 -201 200 -198 -197 -196 -195 -194 -193 213 214 215 -237 238 239 240 -241 242 246 -100 -99 -98 -97 -233 -232 -230 583 235 -234 236 221 222 -225 -224 -223 190 219 220 216 217 -218 -192 -191 -189 -188 -187 -186 -185 -184 183 182 226 227 -231 583 133 134 -132 -181 -229 -228 -178 -177 -176 -175 -174 -173 -172 -171 -170 -169 -168 -167 -166 -165 -164 -163 -162 -161 -160 159 -158 -157 -156 -155 -154 -153 -152 -151 -138 -141 -140 -139 -150 -149 -148 -147 -146 -145 -144 -142 -9 -8 -7 2 137 -136 135 179 180
Frame 13 pass=2 total=4820.865793 note=cap_b9
Tour 593 0 1 3 4 -25 -5 -6 10 11 143 15 16 17 -18 -13 14 12 -24 -23 -22 -21 19 20 -41 42 43 44 45 46 -396 -47 -40 39 48 49 50 -38 -37 51 -52 59 -57 56 55 -54 -53 66 67 69 -36 -35 -34 -33 -32 -31 -30 -29 -28 -27 -26 93 -92 94 -96 -95 90 91 -89 88 -87 86 -85 -84 -83 -82 -81 -80 79 -78 -77 -70 -76 75 72 73 -74 -71 -68 581 65 -63 64 -58 60 61 62 391 392 393 394 395 397 398 399 -400 -401 389 390 388 -387 -386 -385 -402 403 405 406 -407 -404 409 408 -410 411 412 -413 -415 416 -417 425 381 426 -368 -367 -366 -365 364 362 -361 -360 -359 -358 -357 -356 -355 354 -353 348 -363 591 -346 276 277 278 279 280 281 557 -556 282 283 -284 555 558 559 -554 553 550 551 552 285 286 287 288 289 290 291 292 293 294 -295 296 297 306 -305 -298 299 300 301 302 304 -303 307 308 309 -310 311 312 -313 314 315 316 317 318 319 320 340 341 342 343 344 345 334 335 336 337 338 339 321 322 323 324 325 -327 328 330 -331 -329 -326 349 350 351 352 -373 372 -374 375 376 377 379 380 414 382 384 -383 419 420 421 -423 -422 424 -418 -378 -371 -370 369 332 -333 347 591 -561 560 562 563 564 565 566 567 568 -542 543 540 541 549 548 -547 -546 -545 -544 -539 -538 -537 536 -535 -534 -572 569 570 571 573 574 576 533 -532 -531 -530 -529 -528 -527 577 575 -526 -523 -522 -519 -518 -517 -427 593 515 516 521 524 525 578 579 580 -520 428 429 430 431 432 435 436 512 513 593 -514 -511 -510 -509 -508 -507 -506 -505 -444 -443 -442 -441 440 -439 437 438 -433 -434 445 446 447 448 449 450 451 452 453 -455 -454 584 -499 -498 -497 -496 -495 112 113 -494 114 476 477 478 481 -480 -479 475 473 -474 466 -465 -464 -463 -483 -482 493 -492 -491 -490 -489 488 -502 -500 584 -487 486 -462 484 -460 -459 -458 -457 -456 461 485 -504 -503 584 -501 467 468 469 470 -471 472 -122 -121 120 -119 -118 -117 -116 -115 -275 -111 -274 -107 588 106 109 110 -270 -269 -268 264 265 267 266 123 124 125 -126 127 128 -258 -257 -256 205 -206 209 210 211 -212 -208 -250 -244 -243 245 247 248 -249 251 -207 -255 -254 -253 252 101 102 103 -104 105 588 108 271 272 273 -260 261 262 263 -259 129 130 131 -204 -203 -202 199 -201 200 -198 -197 -196 -195 -194 -193 213 214 215 -237 238 239 240 -241 242 246 -100 -99 -98 -97 -233 -232 -230 583 235 -234 236 221 222 -225 -224 -223 190 219 220 216 217 -218 -192 -191 -189 -188 -187 -186 -185 -184 183 182 226 227 -231 583 133 134 -132 -181 -229 -228 -178 -177 -176 -175 -174 -173 -172 -171 -170 -169 -168 -167 -166 -165 -164 -163 -162 -161 -160 159 -158 -157 -156 -155 -154 -153 -152 -151 -138 -141 -140 -139 -150 -149 -148 -147 -146 -145 -144 -142 -9 -8 -7 2 137 -136 135 179 180
Frame 14 pass=2 total=4816.299810 note=cap_b11
Tour 593 0 1 3 4 -25 -5 -6 10 11 143 15 16 17 -18 -13 14 12 -24 -23 -22 -21 19 20 -41 42 43 44 45 46 -396 -47 -40 39 48 49 50 -38 -37 51 -52 59 -57 56 55 -54 -53 66 67 69 -36 -35 -34 -33 -32 -31 -30 -29 -28 -27 -26 93 -92 94 -96 -95 90 91 -89 88 -87 86 -85 -84 -83 -82 -81 -80 79 -78 -77 -70 -76 75 72 73 -74 -71 -68 581 65 -63 64 -58 60 61 62 391 392 393 394 395 397 398 399 -400 -401 389 390 388 -387 -386 -385 -402 403 405 406 -407 -404 409 408 -410 411 412 -413 -415 416 -417 425 381 426 -368 -367 -366 -365 364 362 -361 -360 -359 -358 -357 -356 -355 354 -353 348 -363 591 -346 276 277 278 279 280 281 557 -556 282 283 -284 555 558 559 -554 553 550 551 552 285 286 287 288 289 290 291 292 293 294 -295 296 297 306 -305 -298 299 300 301 302 304 -303 307 308 309 -310 311 312 -313 314 315 316 317 318 319 320 340 341 342 343 344 345 334 335 336 337 338 339 321 322 323 324 325 -327 328 330 -331 -329 -326 349 350 351 352 -373 372 -374 375 376 377 379 380 414 382 384 -383 419 420 421 -423 -422 424 -418 -378 -371 -370 369 332 -333 347 591 -561 560 562 563 564 565 566 567 568 -542 543 540 541 549 548 -547 -546 -545 -544 -539 -538 -537 536 -535 -534 -572 569 570 571 573 574 576 533 -532 -531 -530 -529 -528 -527 577 575 -526 -523 -522 -519 -518 -517 -427 593 515 516 521 524 525 578 579 580 -520 428 429 430 431 432 435 436 512 513 593 -514 -511 -510 -509 -508 -507 -506 -505 -444 -443 -442 -441 440 -439 437 438 -433 -434 445 446 447 448 449 450 451 452 453 -455 -454 584 -499 -498 -497 -496 -495 112 113 -494 114 476 477 478 481 -480 -479 475 473 -474 466 -465 -464 -463 -483 -482 493 -492 -491 -490 -489 488 -502 -500 584 -487 486 -462 484 -460 -459 -458 -457 -456 461 485 -504 -503 584 -501 467 468 469 470 -471 472 -122 -121 120 -119 -118 -117 -116 -115 -275 -111 -274 -107 588 106 109 110 -270 -269 -268 264 265 267 266 123 124 125 -126 127 128 -258 -257 -256 205 -206 209 210 211 -212 -208 -250 -244 -243 245 247 248 -249 251 -207 -255 -254 -253 252 101 102 103 -104 105 588 108 271 272 273 -260 261 262 263 -259 129 130 131 -204 -203 -202 199 -201 200 -198 -197 -196 -195 -194 -193 -192 218 -191 -189 -188 -187 -186 -185 -184 183 182 226 227 -231 -230 583 232 235 -234 236 221 222 -225 -224 -223 190 219 220 216 217 -213 214 215 -237 238 239 240 -241 242 246 -100 -99 -98 -97 -233 583 133 134 -132 -181 -229 -228 -178 -177 -176 -175 -174 -173 -172 -171 -170 -169 -168 -167 -166 -165 -164 -163 -162 -161 -160 159 -158 -157 -156 -155 -154 -153 -152 -151 -138 -141 -140 -139 -150 -149 -148 -147 -146 -145 -144 -142 -9 -8 -7 2 137 -136 135 179 180
Frame 15 pass=3 total=4810.156806 note=mut_stat560
Tour 593 0 1 3 4 -25 -5 -6 10 11 143 15 16 17 -18 -13 14 12 -24 -23 -22 -21 19 20 -41 42 43 44 45 46 -396 -47 -40 39 48 49 50 -38 -37 51 -52 59 -57 56 55 -54 -53 66 67 69 -36 -35 -34 -33 -32 -31 -30 -29 -28 -27 -26 93 -92 94 -96 -95 90 91 -89 88 -87 86 -85 -84 -83 -82 -81 -80 79 -78 -77 -70 -76 75 72 73 -74 -71 -68 581 65 -63 64 -58 60 61 62 391 392 393 394 395 397 398 399 -400 -401 389 390 388 -387 -386 -385 -402 403 405 406 -407 -404 409 408 -410 411 412 -413 -415 416 -417 425 381 426 -368 -367 -366 -365 364 362 -361 -360 -359 -358 -357 -356 -355 354 -353 348 -363 591 -346 276 277 278 279 280 281 557 -556 282 283 -284 555 558 559 560 -554 553 550 551 552 285 286 287 288 289 290 291 292 293 294 -295 296 297 306 -305 -298 299 300 301 302 304 -303 307 308 309 -310 311 312 -313 314 315 316 317 318 319 320 340 341 342 343 344 345 334 335 336 337 338 339 321 322 323 324 325 -327 328 330 -331 -329 -326 349 350 351 352 -373 372 -374 375 376 377 379 380 414 382 384 -383 419 420 421 -423 -422 424 -418 -378 -371 -370 369 332 -333 347 591 561 562 563 564 565 566 567 568 -542 543 540 541 549 548 -547 -546 -545 -544 -539 -538 -537 536 -535 -534 -572 569 570 571 573 574 576 533 -532 -531 -530 -529 -528 -527 577 575 -526 -523 -522 -519 -518 -517 -427 593 515 516 521 524 525 578 579 580 -520 428 429 430 431 432 435 436 512 513 593 -514 -511 -510 -509 -508 -507 -506 -505 -444 -443 -442 -441 440 -439 437 438 -433 -434 445 446 447 448 449 450 451 452 453 -455 -454 584 -499 -498 -497 -496 -495 112 113 -494 114 476 477 478 481 -480 -479 475 473 -474 466 -465 -464 -463 -483 -482 493 -492 -491 -490 -489 488 -502 -500 584 -487 486 -462 484 -460 -459 -458 -457 -456 461 485 -504 -503 584 -501 467 468 469 470 -471 472 -122 -121 120 -119 -118 -117 -116 -115 -275 -111 -274 -107 588 106 109 110 -270 -269 -268 264 265 267 266 123 124 125 -126 127 128 -258 -257 -256 205 -206 209 210 211 -212 -208 -250 -244 -243 245 247 248 -249 251 -207 -255 -254 -253 252 101 102 103 -104 105 588 108 271 272 273 -260 261 262 263 -259 129 130 131 -204 -203 -202 199 -201 200 -198 -197 -196 -195 -194 -193 -192 218 -191 -189 -188 -187 -186 -185 -184 183 182 226 227 -231 -230 583 232 235 -234 236 221 222 -225 -224 -223 190 219 220 216 217 -213 214 215 -237 238 239 240 -241 242 246 -100 -99 -98 -97 -233 583 133 134 -132 -181 -229 -228 -178 -177 -176 -175 -174 -173 -172 -171 -170 -169 -168 -167 -166 -165 -164 -163 -162 -161 -160 159 -158 -157 -156 -155 -154 -153 -152 -151 -138 -141 -140 -139 -150 -149 -148 -147 -146 -145 -144 -142 -9 -8 -7 2 137 -136 135 179 180
Frame 16 pass=3 total=4809.402347 note=cap_b8
Tour 593 0 1 3 4 -25 -5 -6 10 11 143 15 16 17 -18 -13 14 12 -24 -23 -22 -21 19 20 -41 42 43 44 45 46 -396 -47 -40 39 48 49 50 -38 -37 51 -52 59 -57 56 55 -54 -53 66 67 69 -36 -35 -34 -33 -32 -31 -30 -29 -28 -27 -26 93 -92 94 -96 -95 90 91 -89 88 -87 86 -85 -84 -83 -82 -81 -80 79 -78 -77 -70 -76 75 72 73 -74 -71 -68 581 65 -63 64 -58 60 61 62 391 392 393 394 395 397 398 399 -400 -401 389 390 388 -387 -386 -385 -402 403 405 406 -407 -404 409 408 -410 411 412 -413 -415 416 -417 425 381 426 -368 -367 -366 -365 364 362 -361 -360 -359 -358 -357 -356 -355 354 -353 348 -363 591 -346 276 277 278 279 280 281 557 -556 282 283 -284 555 558 559 560 -554 553 550 551 552 285 286 287 288 289 290 291 292 293 294 -295 296 297 306 -305 -298 299 300 301 302 304 -303 307 308 309 -310 311 312 -313 314 315 316 317 318 319 320 340 341 342 343 344 345 334 335 336 337 338 339 321 322 323 324 325 -327 328 330 -331 -329 -326 349 350 351 352 -373 372 -374 375 376 377 379 380 414 382 384 -383 419 420 421 -423 -422 424 -418 -378 -371 -370 369 332 -333 347 591 561 562 563 564 565 566 567 568 -542 543 540 541 549 548 -547 -546 -545 -544 -539 -538 -537 536 -535 -534 -572 569 570 571 573 574 576 533 -532 -531 -530 -529 -528 -527 577 575 -526 -523 -522 -519 -518 -517 -427 593 515 516 521 524 525 578 579 580 -520 428 429 430 431 432 435 436 512 513 593 -514 -511 -510 -509 -508 -507 -506 -505 -444 -443 -442 -441 440 -439 437 438 -433 -434 445 446 447 448 449 450 451 452 453 -455 -454 584 -499 -498 -497 -496 -495 112 113 -494 114 476 477 478 481 -480 -479 475 473 -474 466 -465 -464 -463 -483 -482 493 -492 -491 -490 -489 488 -502 -500 584 -487 -485 -461 -460 -459 -458 -457 -456 -504 -503 501 584 486 -462 484 467 468 469 470 -471 472 -122 -121 120 -119 -118 -117 -116 -115 -275 -111 -274 -107 588 106 109 110 -270 -269 -268 264 265 267 266 123 124 125 -126 127 128 -258 -257 -256 205 -206 209 210 211 -212 -208 -250 -244 -243 245 247 248 -249 251 -207 -255 -254 -253 252 101 102 103 -104 105 588 108 271 272 273 -260 261 262 263 -259 129 130 131 -204 -203 -202 199 -201 200 -198 -197 -196 -195 -194 -193 -192 218 -191 -189 -188 -187 -186 -185 -184 183 182 226 227 -231 -230 583 232 235 -234 236 221 222 -225 -224 -223 190 219 220 216 217 -213 214 215 -237 238 239 240 -241 242 246 -100 -99 -98 -97 -233 583 133 134 -132 -181 -229 -228 -178 -177 -176 -175 -174 -173 -172 -171 -170 -169 -168 -167 -166 -165 -164 -163 -162 -161 -160 159 -158 -157 -156 -155 -154 -153 -152 -151 -138 -141 -140 -139 -150 -149 -148 -147 -146 -145 -144 -142 -9 -8 -7 2 137 -136 135 179 180
Frame 17 pass=4 total=4808.650415 note=cap_b7
Tour 593 0 1 3 4 -25 -5 -6 10 11 143 15 16 17 -18 -13 14 12 -24 -23 -22 -21 19 20 -41 42 43 44 45 46 -396 -47 -40 39 48 49 50 -38 -37 51 -52 59 -57 56 55 -54 -53 66 67 69 -36 -35 -34 -33 -32 -31 -30 -29 -28 -27 -26 93 -92 94 -96 -95 90 91 -89 88 -87 86 -85 -84 -83 -82 -81 -80 79 -78 -77 -70 -76 75 72 73 -74 -71 -68 581 65 -63 64 -58 60 61 62 391 392 393 394 395 397 398 399 -400 -401 389 390 388 -387 -386 -385 -402 403 405 406 -407 -404 409 408 -410 411 412 -413 -415 416 -417 425 381 426 -368 -367 -366 -365 364 362 -361 -360 -359 -358 -357 -356 -355 354 -353 348 -363 591 -346 276 277 278 279 280 281 557 -556 282 283 -284 555 558 559 560 -554 553 550 551 552 285 286 287 288 289 290 291 292 293 294 -295 296 297 306 -305 -298 299 300 301 302 304 -303 307 308 309 -310 311 312 -313 314 315 316 317 318 319 320 340 341 342 343 344 345 334 335 336 337 338 339 321 322 323 324 325 -327 328 330 -331 -329 -326 349 350 351 352 -373 372 -374 375 376 377 379 380 414 382 384 -383 419 420 421 -423 -422 424 -418 -378 -371 -370 369 332 -333 347 591 561 562 563 564 565 566 567 568 -542 543 540 541 549 548 -547 -546 -545 -544 -539 -538 -537 536 -535 -534 -572 569 570 571 573 574 576 533 -532 -531 -530 -529 -528 -527 577 575 -526 -523 -522 -519 -518 -517 -427 593 515 516 521 524 525 578 579 580 -520 428 429 430 431 432 435 436 512 513 593 -514 -511 -510 -509 -508 -507 -506 -505 -444 -443 -442 -441 440 -439 437 438 -433 -434 445 446 447 448 449 450 451 452 453 -455 -454 584 503 504 456 457 458 459 460 461 485 487 488 501 584 500 502 489 490 491 492 -493 482 483 463 464 465 -466 474 -473 -475 479 480 -481 -478 -477 -476 -114 494 -113 -112 495 496 497 498 499 584 486 -462 484 467 468 469 470 -471 472 -122 -121 120 -119 -118 -117 -116 -115 -275 -111 -274 -107 588 106 109 110 -270 -269 -268 264 265 267 266 123 124 125 -126 127 128 -258 -257 -256 205 -206 209 210 211 -212 -208 -250 -244 -243 245 247 248 -249 251 -207 -255 -254 -253 252 101 102 103 -104 105 588 108 271 272 273 -260 261 262 263 -259 129 130 131 -204 -203 -202 199 -201 200 -198 -197 -196 -195 -194 -193 -192 218 -191 -189 -188 -187 -186 -185 -184 183 182 226 227 -231 -230 583 232 235 -234 236 221 222 -225 -224 -223 190 219 220 216 217 -213 214 215 -237 238 239 240 -241 242 246 -100 -99 -98 -97 -233 583 133 134 -132 -181 -229 -228 -178 -177 -176 -175 -174 -173 -172 -171 -170 -169 -168 -167 -166 -165 -164 -163 -162 -161 -160 159 -158 -157 -156 -155 -154 -153 -152 -151 -138 -141 -140 -139 -150 -149 -148 -147 -146 -145 -144 -142 -9 -8 -7 2 137 -136 135 179 180
Frame 18 pass=4 total=4785.957042 note=cap_b8
Tour 593 0 1 3 4 -25 -5 -6 10 11 143 15 16 17 -18 -13 14 12 -24 -23 -22 -21 19 20 -41 42 43 44 45 46 -396 -47 -40 39 48 49 50 -38 -37 51 -52 59 -57 56 55 -54 -53 66 67 69 -36 -35 -34 -33 -32 -31 -30 -29 -28 -27 -26 93 -92 94 -96 -95 90 91 -89 88 -87 86 -85 -84 -83 -82 -81 -80 79 -78 -77 -70 -76 75 72 73 -74 -71 -68 581 65 -63 64 -58 60 61 62 391 392 393 394 395 397 398 399 -400 -401 389 390 388 -387 -386 -385 -402 403 405 406 -407 -404 409 408 -410 411 412 -413 -415 416 -417 425 381 426 -368 -367 -366 -365 364 362 -361 -360 -359 -358 -357 -356 -355 354 -353 348 -363 591 -346 276 277 278 279 280 281 557 -556 282 283 -284 555 558 559 560 -554 553 550 551 552 285 286 287 288 289 290 291 292 293 294 -295 296 297 306 -305 -298 299 300 301 302 304 -303 307 308 309 -310 311 312 -313 314 315 316 317 318 319 320 340 341 342 343 344 345 334 335 336 337 338 339 321 322 323 324 325 -327 328 330 -331 -329 -326 349 350 351 352 -373 372 -374 375 376 377 379 380 414 382 384 -383 419 420 421 -423 -422 424 -418 -378 -371 -370 369 332 -333 347 591 561 562 563 564 565 566 567 568 -542 543 540 541 549 548 -547 -546 -545 -544 -539 -538 -537 536 -535 -534 -572 569 570 571 573 574 576 533 -532 -531 -530 -529 -528 -527 577 575 -526 -523 -522 -519 -518 -517 -427 593 515 516 521 524 525 578 579 580 -520 428 429 430 431 432 435 436 512 513 593 -514 -511 -510 -509 -508 -507 -506 -505 -444 -443 -442 -441 440 -439 437 438 -433 -434 445 446 447 448 449 450 451 452 453 -455 -454 584 503 504 456 457 458 459 460 461 485 487 488 501 584 -499 -498 -497 -496 -495 112 113 -494 114 -275 117 -116 115 476 478 475 473 -474 -465 -464 -463 -484 462 -483 -482 -486 -489 -502 -500 584 490 491 492 -493 477 -480 -481 479 466 467 468 469 470 -471 472 -122 -121 120 -119 -118 -111 -274 -107 588 106 109 110 -270 -269 -268 264 265 267 266 123 124 125 -126 127 128 -258 -257 -256 205 -206 209 210 211 -212 -208 -250 -244 -243 245 247 248 -249 251 -207 -255 -254 -253 252 101 102 103 -104 105 588 108 271 272 273 -260 261 262 263 -259 129 130 131 -204 -203 -202 199 -201 200 -198 -197 -196 -195 -194 -193 -192 218 -191 -189 -188 -187 -186 -185 -184 183 182 226 227 -231 -230 583 232 235 -234 236 221 222 -225 -224 -223 190 219 220 216 217 -213 214 215 -237 238 239 240 -241 242 246 -100 -99 -98 -97 -233 583 133 134 -132 -181 -229 -228 -178 -177 -176 -175 -174 -173 -172 -171 -170 -169 -168 -167 -166 -165 -164 -163 -162 -161 -160 159 -158 -157 -156 -155 -154 -153 -152 -151 -138 -141 -140 -139 -150 -149 -148 -147 -146 -145 -144 -142 -9 -8 -7 2 137 -136 135 179 180
Frame 19 pass=5 total=4773.625288 note=mut_stat486
Tour 593 0 1 3 4 -25 -5 -6 10 11 143 15 16 17 -18 -13 14 12 -24 -23 -22 -21 19 20 -41 42 43 44 45 46 -396 -47 -40 39 48 49 50 -38 -37 51 -52 59 -57 56 55 -54 -53 66 67 69 -36 -35 -34 -33 -32 -31 -30 -29 -28 -27 -26 93 -92 94 -96 -95 90 91 -89 88 -87 86 -85 -84 -83 -82 -81 -80 79 -78 -77 -70 -76 75 72 73 -74 -71 -68 581 65 -63 64 -58 60 61 62 391 392 393 394 395 397 398 399 -400 -401 389 390 388 -387 -386 -385 -402 403 405 406 -407 -404 409 408 -410 411 412 -413 -415 416 -417 425 381 426 -368 -367 -366 -365 364 362 -361 -360 -359 -358 -357 -356 -355 354 -353 348 -363 591 -346 276 277 278 279 280 281 557 -556 282 283 -284 555 558 559 560 -554 553 550 551 552 285 286 287 288 289 290 291 292 293 294 -295 296 297 306 -305 -298 299 300 301 302 304 -303 307 308 309 -310 311 312 -313 314 315 316 317 318 319 320 340 341 342 343 344 345 334 335 336 337 338 339 321 322 323 324 325 -327 328 330 -331 -329 -326 349 350 351 352 -373 372 -374 375 376 377 379 380 414 382 384 -383 419 420 421 -423 -422 424 -418 -378 -371 -370 369 332 -333 347 591 561 562 563 564 565 566 567 568 -542 543 540 541 549 548 -547 -546 -545 -544 -539 -538 -537 536 -535 -534 -572 569 570 571 573 574 576 533 -532 -531 -530 -529 -528 -527 577 575 -526 -523 -522 -519 -518 -517 -427 593 515 516 521 524 525 578 579 580 -520 428 429 430 431 432 435 436 512 513 593 -514 -511 -510 -509 -508 -507 -506 -505 -444 -443 -442 -441 440 -439 437 438 -433 -434 445 446 447 448 449 450 451 452 453 -455 -454 584 503 504 456 457 458 459 460 461 485 486 487 488 501 584 -499 -498 -497 -496 -495 112 113 -494 114 -275 117 -116 115 476 478 475 473 -474 -465 -464 -463 -484 462 -483 -482 -489 -502 -500 584 490 491 492 -493 477 -480 -481 479 466 467 468 469 470 -471 472 -122 -121 120 -119 -118 -111 -274 -107 588 106 109 110 -270 -269 -268 264 265 267 266 123 124 125 -126 127 128 -258 -257 -256 205 -206 209 210 211 -212 -208 -250 -244 -243 245 247 248 -249 251 -207 -255 -254 -253 252 101 102 103 -104 105 588 108 271 272 273 -260 261 262 263 -259 129 130 131 -204 -203 -202 199 -201 200 -198 -197 -196 -195 -194 -193 -192 218 -191 -189 -188 -187 -186 -185 -184 183 182 226 227 -231 -230 583 232 235 -234 236 221 222 -225 -224 -223 190 219 220 216 217 -213 214 215 -237 238 239 240 -241 242 246 -100 -99 -98 -97 -233 583 133 134 -132 -181 -229 -228 -178 -177 -176 -175 -174 -173 -172 -171 -170 -169 -168 -167 -166 -165 -164 -163 -162 -161 -160 159 -158 -157 -156 -155 -154 -153 -152 -151 -138 -141 -140 -139 -150 -149 -148 -147 -146 -145 -144 -142 -9 -8 -7 2 137 -136 135 179 180
Frame 20 pass=5 total=4771.585607 note=cap_b7
Tour 593 0 1 3 4 -25 -5 -6 10 11 143 15 16 17 -18 -13 14 12 -24 -23 -22 -21 19 20 -41 42 43 44 45 46 -396 -47 -40 39 48 49 50 -38 -37 51 -52 59 -57 56 55 -54 -53 66 67 69 -36 -35 -34 -33 -32 -31 -30 -29 -28 -27 -26 93 -92 94 -96 -95 90 91 -89 88 -87 86 -85 -84 -83 -82 -81 -80 79 -78 -77 -70 -76 75 72 73 -74 -71 -68 581 65 -63 64 -58 60 61 62 391 392 393 394 395 397 398 399 -400 -401 389 390 388 -387 -386 -385 -402 403 405 406 -407 -404 409 408 -410 411 412 -413 -415 416 -417 425 381 426 -368 -367 -366 -365 364 362 -361 -360 -359 -358 -357 -356 -355 354 -353 348 -363 591 -346 276 277 278 279 280 281 557 -556 282 283 -284 555 558 559 560 -554 553 550 551 552 285 286 287 288 289 290 291 292 293 294 -295 296 297 306 -305 -298 299 300 301 302 304 -303 307 308 309 -310 311 312 -313 314 315 316 317 318 319 320 340 341 342 343 344 345 334 335 336 337 338 339 321 322 323 324 325 -327 328 330 -331 -329 -326 349 350 351 352 -373 372 -374 375 376 377 379 380 414 382 384 -383 419 420 421 -423 -422 424 -418 -378 -371 -370 369 332 -333 347 591 561 562 563 564 565 566 567 568 -542 543 540 541 549 548 -547 -546 -545 -544 -539 -538 -537 536 -535 -534 -572 569 570 571 573 574 576 533 -532 -531 -530 -529 -528 -527 577 575 -526 -523 -522 -519 -518 -517 -427 593 515 516 521 524 525 578 579 580 -520 428 429 430 431 432 435 436 512 513 593 -514 -511 -510 -509 -508 -507 -506 -505 -444 -443 -442 -441 440 -439 437 438 -433 -434 445 446 447 448 449 450 451 452 453 -455 -454 584 -501 500 502 -488 489 482 483 463 464 465 474 -473 -475 -478 -476 -115 116 -117 275 -114 494 -113 -112 495 496 497 498 499 584 -487 486 -462 484 -460 -459 -458 -457 -456 461 485 -504 -503 584 490 491 492 -493 477 -480 -481 479 466 467 468 469 470 -471 472 -122 -121 120 -119 -118 -111 -274 -107 588 106 109 110 -270 -269 -268 264 265 267 266 123 124 125 -126 127 128 -258 -257 -256 205 -206 209 210 211 -212 -208 -250 -244 -243 245 247 248 -249 251 -207 -255 -254 -253 252 101 102 103 -104 105 588 108 271 272 273 -260 261 262 263 -259 129 130 131 -204 -203 -202 199 -201 200 -198 -197 -196 -195 -194 -193 -192 218 -191 -189 -188 -187 -186 -185 -184 183 182 226 227 -231 -230 583 232 235 -234 236 221 222 -225 -224 -223 190 219 220 216 217 -213 214 215 -237 238 239 240 -241 242 246 -100 -99 -98 -97 -233 583 133 134 -132 -181 -229 -228 -178 -177 -176 -175 -174 -173 -172 -171 -170 -169 -168 -167 -166 -165 -164 -163 -162 -161 -160 159 -158 -157 -156 -155 -154 -153 -152 -151 -138 -141 -140 -139 -150 -149 -148 -147 -146 -145 -144 -142 -9 -8 -7 2 137 -136 135 179 180
